2016.08.23 13:00:00.228,9.28694,9.28929,1.00,1.37
2016.08.23 13:00:00.279,9.28667,9.28929,1.37,1.37
2016.08.23 13:00:01.258,9.28667,9.28916,1.37,1.00
2016.08.23 13:00:04.907,9.28667,9.28916,1.37,1.50
2016.08.23 13:00:06.612,9.28667,9.28906,1.37,1.00
2016.08.23 13:00:08.299,9.28679,9.28906,1.37,1.00
2016.08.23 13:00:08.350,9.28699,9.28906,1.00,1.00
2016.08.23 13:00:08.600,9.28704,9.28906,1.00,1.00
2016.08.23 13:00:08.948,9.28724,9.28896,1.00,1.00
2016.08.23 13:00:12.131,9.28724,9.28906,1.00,1.00
2016.08.23 13:00:12.342,9.28724,9.28897,1.00,1.00
2016.08.23 13:00:12.956,9.28724,9.28906,1.00,1.00
2016.08.23 13:00:13.034,9.28724,9.28898,1.00,1.00
2016.08.23 13:00:14.239,9.28724,9.28906,1.00,1.00
2016.08.23 13:00:18.399,9.28724,9.28897,1.00,1.00
2016.08.23 13:00:20.461,9.28724,9.28886,1.00,1.00
2016.08.23 13:00:20.563,9.28724,9.28897,1.00,1.00
2016.08.23 13:00:20.762,9.28724,9.28886,1.00,1.00
2016.08.23 13:00:21.753,9.28722,9.28886,1.00,1.00
2016.08.23 13:00:21.879,9.28722,9.28877,1.00,1.00
2016.08.23 13:00:23.377,9.28722,9.28866,1.00,1.00
2016.08.23 13:00:23.539,9.28722,9.28866,1.00,1.00
2016.08.23 13:00:24.699,9.28722,9.28846,1.00,1.00
2016.08.23 13:00:25.183,9.28722,9.28836,1.00,1.00
2016.08.23 13:00:25.501,9.28702,9.28846,1.00,1.00
2016.08.23 13:00:25.552,9.28702,9.28846,1.00,1.50
2016.08.23 13:00:25.705,9.28682,9.28786,1.00,1.00
2016.08.23 13:00:25.756,9.28673,9.28786,1.00,1.00
2016.08.23 13:00:25.807,9.28661,9.28776,1.00,1.00
2016.08.23 13:00:25.859,9.28641,9.28776,1.00,1.00
2016.08.23 13:00:25.910,9.28641,9.28756,1.00,1.00
2016.08.23 13:00:25.961,9.28612,9.28756,1.00,1.00
2016.08.23 13:00:26.012,9.28612,9.28726,1.00,1.00
2016.08.23 13:00:26.063,9.2855,9.28712,1.00,2.10
2016.08.23 13:00:26.113,9.2855,9.28696,1.00,1.60
2016.08.23 13:00:26.164,9.28503,9.28696,1.00,1.60
2016.08.23 13:00:26.243,9.28503,9.28676,1.00,1.00
2016.08.23 13:00:26.296,9.28503,9.28631,1.00,2.10
2016.08.23 13:00:26.399,9.28484,9.28631,1.00,2.10
2016.08.23 13:00:26.450,9.28476,9.28631,1.00,2.10
2016.08.23 13:00:26.501,9.28464,9.28631,1.00,2.10
2016.08.23 13:00:26.552,9.28464,9.28666,1.00,2.10
2016.08.23 13:00:26.705,9.2848,9.28666,1.00,2.10
2016.08.23 13:00:27.068,9.2848,9.28676,1.00,1.60
2016.08.23 13:00:27.119,9.2848,9.28686,1.00,2.85
2016.08.23 13:00:27.309,9.2848,9.28663,1.00,2.10
2016.08.23 13:00:28.795,9.2848,9.28614,1.00,2.10
2016.08.23 13:00:28.897,9.2846,9.28614,1.00,2.10
2016.08.23 13:00:28.947,9.28457,9.28614,1.00,2.10
2016.08.23 13:00:29.057,9.28457,9.2861,1.00,2.10
2016.08.23 13:00:29.327,9.28457,9.28623,1.00,2.10
2016.08.23 13:00:30.066,9.28457,9.28594,1.00,2.10
2016.08.23 13:00:30.371,9.28437,9.28508,1.00,2.10
2016.08.23 13:00:30.467,9.28394,9.28508,1.00,2.10
2016.08.23 13:00:30.568,9.28394,9.28527,1.00,2.47
2016.08.23 13:00:30.619,9.28394,9.28527,1.00,2.47
2016.08.23 13:00:30.671,9.2838,9.28527,1.00,2.47
2016.08.23 13:00:30.772,9.2836,9.28527,1.00,2.47
2016.08.23 13:00:30.823,9.2836,9.28497,1.00,2.10
2016.08.23 13:00:30.925,9.28335,9.28497,1.00,2.10
2016.08.23 13:00:30.976,9.28309,9.28497,1.00,2.10
2016.08.23 13:00:31.027,9.28309,9.2848,1.00,2.10
2016.08.23 13:00:31.129,9.28309,9.2848,1.00,2.10
2016.08.23 13:00:31.519,9.28309,9.28486,1.00,2.10
2016.08.23 13:00:31.671,9.28327,9.28486,1.00,2.10
2016.08.23 13:00:31.875,9.28306,9.28462,1.00,2.10
2016.08.23 13:00:31.926,9.28306,9.28462,1.00,2.10
2016.08.23 13:00:32.036,9.28291,9.28466,1.00,2.10
2016.08.23 13:00:32.293,9.28291,9.28477,1.00,2.10
2016.08.23 13:00:32.548,9.28291,9.28486,1.00,2.10
2016.08.23 13:00:33.019,9.28291,9.28489,1.00,2.10
2016.08.23 13:00:33.568,9.28291,9.28485,1.00,2.10
2016.08.23 13:00:34.788,9.28291,9.28483,1.00,2.10
2016.08.23 13:00:36.793,9.28291,9.28485,1.00,2.10
2016.08.23 13:00:38.312,9.28311,9.28511,1.00,1.37
2016.08.23 13:00:38.413,9.28334,9.28511,1.00,1.00
2016.08.23 13:00:38.464,9.28334,9.28543,1.00,1.60
2016.08.23 13:00:38.515,9.28354,9.28546,1.00,1.60
2016.08.23 13:00:38.566,9.28354,9.28556,1.00,1.60
2016.08.23 13:00:38.668,9.28354,9.28558,1.00,2.10
2016.08.23 13:00:38.821,9.28354,9.28566,1.00,2.10
2016.08.23 13:00:38.872,9.28354,9.28566,1.00,2.85
2016.08.23 13:00:39.140,9.28354,9.28566,1.00,3.60
2016.08.23 13:00:39.242,9.28373,9.28566,1.00,2.85
2016.08.23 13:00:39.293,9.28373,9.28566,1.00,1.60
2016.08.23 13:00:39.400,9.28373,9.2855,1.00,1.00
2016.08.23 13:00:39.604,9.28373,9.28576,1.00,1.60
2016.08.23 13:00:40.403,9.28373,9.28566,1.00,1.00
2016.08.23 13:00:40.505,9.28373,9.28554,1.00,1.00
2016.08.23 13:00:41.806,9.28379,9.28554,1.00,1.00
2016.08.23 13:00:43.060,9.28379,9.28521,1.00,2.10
2016.08.23 13:00:43.111,9.28359,9.28511,1.00,1.60
2016.08.23 13:00:43.213,9.28335,9.28511,1.00,1.60
2016.08.23 13:00:43.352,9.2832,9.28494,1.00,2.10
2016.08.23 13:00:43.403,9.28304,9.28494,1.00,2.10
2016.08.23 13:00:44.638,9.28304,9.28488,1.00,2.10
2016.08.23 13:00:44.739,9.28304,9.28492,1.00,2.10
2016.08.23 13:00:44.790,9.28304,9.28485,1.00,2.10
2016.08.23 13:00:44.948,9.28285,9.28485,1.00,2.10
2016.08.23 13:00:45.215,9.28284,9.28485,1.00,2.10
2016.08.23 13:00:45.576,9.28284,9.28479,1.00,2.10
2016.08.23 13:00:46.318,9.28268,9.28479,1.00,2.10
2016.08.23 13:00:46.638,9.28281,9.28479,1.00,2.10
2016.08.23 13:00:47.120,9.28281,9.28476,1.00,1.60
2016.08.23 13:00:48.572,9.28281,9.28457,1.00,2.10
2016.08.23 13:00:48.623,9.28266,9.28457,1.00,2.10
2016.08.23 13:00:48.726,9.28252,9.28457,1.00,2.10
2016.08.23 13:00:49.000,9.28252,9.28455,1.00,2.10
2016.08.23 13:00:49.068,9.28252,9.28442,1.00,1.60
2016.08.23 13:00:50.934,9.28252,9.28453,1.00,2.85
2016.08.23 13:00:51.047,9.28252,9.28425,1.00,1.00
2016.08.23 13:00:51.377,9.28252,9.28446,1.00,1.60
2016.08.23 13:00:51.537,9.28252,9.28423,1.00,1.00
2016.08.23 13:00:56.879,9.28252,9.28464,1.00,1.00
2016.08.23 13:00:56.981,9.28268,9.2848,1.00,1.60
2016.08.23 13:00:57.032,9.28268,9.2848,1.00,1.00
2016.08.23 13:00:57.082,9.28268,9.2848,1.00,1.00
2016.08.23 13:00:57.133,9.28281,9.28493,1.00,1.60
2016.08.23 13:00:57.957,9.28296,9.28501,1.00,2.10
2016.08.23 13:00:58.500,9.28296,9.28502,1.00,2.10
2016.08.23 13:00:58.901,9.28296,9.28497,1.00,2.10
2016.08.23 13:01:00.292,9.28381,9.28508,1.60,1.00
2016.08.23 13:01:00.343,9.28381,9.28517,1.60,1.00
2016.08.23 13:01:00.394,9.28381,9.28517,1.60,1.00
2016.08.23 13:01:00.445,9.28386,9.286,1.60,1.00
2016.08.23 13:01:00.496,9.28386,9.286,1.97,1.00
2016.08.23 13:01:00.548,9.28431,9.28619,1.00,1.00
2016.08.23 13:01:00.599,9.28431,9.28619,1.00,1.00
2016.08.23 13:01:00.650,9.28467,9.28664,1.00,1.60
2016.08.23 13:01:00.700,9.28467,9.28664,1.00,1.60
2016.08.23 13:01:00.751,9.28467,9.28665,1.00,2.10
2016.08.23 13:01:00.868,9.28483,9.28673,1.00,2.10
2016.08.23 13:01:01.419,9.28483,9.28672,1.00,2.10
2016.08.23 13:01:01.798,9.28483,9.28679,1.00,1.00
2016.08.23 13:01:01.849,9.28483,9.28679,1.00,1.00
2016.08.23 13:01:02.168,9.28496,9.28679,1.00,1.00
2016.08.23 13:01:03.391,9.28496,9.28679,1.00,1.50
2016.08.23 13:01:04.571,9.28496,9.28679,1.00,1.50
2016.08.23 13:01:05.172,9.28496,9.28679,1.00,1.50
2016.08.23 13:01:05.273,9.28496,9.28679,1.00,1.50
2016.08.23 13:01:05.573,9.28496,9.28679,1.00,1.50
2016.08.23 13:01:06.439,9.28496,9.28679,1.00,1.50
2016.08.23 13:01:08.982,9.28496,9.28676,1.00,1.00
2016.08.23 13:01:09.897,9.28496,9.28666,1.00,1.00
2016.08.23 13:01:10.341,9.28496,9.28656,1.00,1.00
2016.08.23 13:01:10.493,9.28483,9.28656,1.00,1.00
2016.08.23 13:01:11.287,9.28483,9.28629,1.00,2.10
2016.08.23 13:01:11.338,9.28483,9.28593,1.00,1.00
2016.08.23 13:01:11.440,9.28459,9.28593,1.00,1.00
2016.08.23 13:01:11.491,9.28439,9.28593,1.00,1.00
2016.08.23 13:01:11.542,9.28431,9.28593,1.00,1.60
2016.08.23 13:01:11.593,9.28417,9.28593,1.00,1.60
2016.08.23 13:01:11.694,9.28397,9.28593,1.00,1.60
2016.08.23 13:01:11.746,9.28385,9.28593,1.00,1.60
2016.08.23 13:01:11.797,9.28385,9.28591,1.00,2.10
2016.08.23 13:01:11.978,9.28385,9.28591,1.00,2.10
2016.08.23 13:01:12.029,9.28385,9.28561,1.00,2.10
2016.08.23 13:01:12.131,9.28385,9.28554,1.00,1.60
2016.08.23 13:01:12.233,9.28369,9.28554,1.00,1.60
2016.08.23 13:01:12.390,9.28355,9.28554,1.00,1.60
2016.08.23 13:01:12.985,9.28342,9.28554,1.00,2.10
2016.08.23 13:01:13.298,9.28342,9.28554,1.00,1.60
2016.08.23 13:01:14.738,9.28342,9.2855,1.00,1.60
2016.08.23 13:01:15.067,9.28342,9.28547,1.00,1.60
2016.08.23 13:01:16.852,9.28342,9.2855,1.00,1.60
2016.08.23 13:01:20.919,9.28355,9.2855,1.00,1.60
2016.08.23 13:01:22.625,9.28355,9.28545,1.00,1.00
2016.08.23 13:01:23.832,9.28355,9.28555,1.00,1.60
2016.08.23 13:01:24.164,9.28367,9.28555,1.00,1.60
2016.08.23 13:01:27.436,9.28382,9.28555,1.00,1.60
2016.08.23 13:01:28.227,9.28382,9.28554,1.00,1.60
2016.08.23 13:01:29.656,9.28369,9.28554,1.00,1.60
2016.08.23 13:01:30.071,9.28369,9.28543,1.00,1.00
2016.08.23 13:01:32.062,9.28369,9.28553,1.00,1.60
2016.08.23 13:01:33.845,9.28369,9.28542,1.00,1.00
2016.08.23 13:01:36.571,9.28369,9.28552,1.00,1.60
2016.08.23 13:01:36.623,9.28369,9.28552,1.00,1.60
2016.08.23 13:01:36.674,9.28382,9.28552,1.00,1.60
2016.08.23 13:01:36.775,9.28382,9.28552,1.00,1.00
2016.08.23 13:01:37.204,9.28395,9.28552,1.00,1.00
2016.08.23 13:01:38.042,9.28395,9.28585,1.00,1.00
2016.08.23 13:01:38.345,9.28407,9.28585,1.00,1.00
2016.08.23 13:01:38.678,9.28423,9.28585,1.00,1.00
2016.08.23 13:01:40.209,9.28423,9.28584,1.00,1.00
2016.08.23 13:01:44.840,9.28423,9.28583,1.00,1.00
2016.08.23 13:01:52.120,9.28423,9.28582,1.00,1.00
2016.08.23 13:01:59.051,9.28423,9.28581,1.00,1.00
2016.08.23 13:02:00.046,9.28423,9.28611,1.00,1.11
2016.08.23 13:02:00.267,9.28423,9.28635,1.00,1.86
2016.08.23 13:02:00.521,9.28423,9.28635,1.00,1.86
2016.08.23 13:02:00.572,9.28436,9.28635,1.00,1.11
2016.08.23 13:02:01.749,9.28426,9.28635,1.00,1.11
2016.08.23 13:02:03.277,9.28426,9.2864,1.00,1.51
2016.08.23 13:02:07.870,9.28426,9.2864,1.00,1.37
2016.08.23 13:02:11.561,9.2844,9.28654,1.00,1.97
2016.08.23 13:02:13.910,9.28461,9.28668,1.00,2.47
2016.08.23 13:02:14.869,9.28461,9.28668,1.00,2.47
2016.08.23 13:02:14.920,9.28481,9.28668,1.00,2.47
2016.08.23 13:02:15.192,9.28481,9.28671,1.00,2.47
2016.08.23 13:02:15.294,9.28481,9.28693,1.00,1.37
2016.08.23 13:02:15.396,9.28502,9.28716,1.00,1.75
2016.08.23 13:02:15.498,9.28516,9.28728,1.00,1.75
2016.08.23 13:02:15.549,9.28516,9.28728,1.00,1.37
2016.08.23 13:02:15.600,9.28516,9.28728,1.00,1.00
2016.08.23 13:02:15.687,9.28516,9.28728,1.00,1.00
2016.08.23 13:02:15.738,9.28538,9.2875,1.00,1.00
2016.08.23 13:02:15.790,9.2856,9.2877,1.00,1.37
2016.08.23 13:02:15.841,9.2856,9.28772,1.00,1.37
2016.08.23 13:02:15.892,9.28577,9.28789,1.00,1.37
2016.08.23 13:02:15.943,9.28577,9.28789,1.00,1.37
2016.08.23 13:02:15.994,9.28608,9.2882,1.00,1.37
2016.08.23 13:02:16.096,9.28621,9.28833,1.00,1.37
2016.08.23 13:02:16.443,9.28653,9.28865,1.00,1.37
2016.08.23 13:02:17.126,9.28681,9.28893,1.00,1.37
2016.08.23 13:02:18.174,9.28681,9.28893,1.00,1.37
2016.08.23 13:02:18.227,9.28681,9.28893,1.00,1.37
2016.08.23 13:02:21.797,9.28674,9.28886,1.00,1.37
2016.08.23 13:02:26.118,9.28674,9.28886,1.00,1.87
2016.08.23 13:02:28.025,9.28674,9.28886,1.00,1.87
2016.08.23 13:02:28.076,9.28674,9.28886,1.00,1.87
2016.08.23 13:02:28.127,9.28674,9.28876,1.00,1.37
2016.08.23 13:02:28.229,9.28661,9.28873,1.00,1.37
2016.08.23 13:02:28.280,9.28661,9.28873,1.00,1.37
2016.08.23 13:02:28.331,9.28648,9.2886,1.00,1.37
2016.08.23 13:02:28.483,9.28648,9.2886,1.00,1.37
2016.08.23 13:02:28.660,9.28648,9.2886,1.00,1.37
2016.08.23 13:02:28.711,9.28632,9.28844,1.00,1.37
2016.08.23 13:02:28.812,9.28616,9.2883,1.00,1.37
2016.08.23 13:02:28.863,9.28616,9.2883,1.00,1.37
2016.08.23 13:02:28.914,9.28603,9.28815,1.00,1.37
2016.08.23 13:02:29.219,9.28586,9.28798,1.00,1.37
2016.08.23 13:02:29.892,9.28586,9.28798,1.00,1.37
2016.08.23 13:02:30.095,9.28586,9.28798,1.00,1.37
2016.08.23 13:02:30.146,9.28601,9.28813,1.00,1.37
2016.08.23 13:02:30.197,9.28601,9.28813,1.00,1.37
2016.08.23 13:02:30.717,9.28585,9.28797,1.00,1.37
2016.08.23 13:02:30.980,9.28585,9.28797,1.00,1.37
2016.08.23 13:02:32.894,9.28585,9.28797,1.00,1.37
2016.08.23 13:02:33.056,9.28556,9.28706,1.00,1.00
2016.08.23 13:02:33.158,9.28543,9.28706,1.00,1.00
2016.08.23 13:02:33.361,9.28543,9.28649,1.00,1.00
2016.08.23 13:02:33.463,9.28528,9.28649,1.00,1.00
2016.08.23 13:02:33.566,9.28508,9.28649,1.00,1.00
2016.08.23 13:02:33.668,9.28487,9.28649,1.00,1.00
2016.08.23 13:02:33.719,9.28506,9.28649,1.00,1.00
2016.08.23 13:02:34.603,9.28506,9.28641,1.00,1.00
2016.08.23 13:02:34.654,9.28493,9.28641,1.00,1.00
2016.08.23 13:02:35.861,9.28493,9.28645,1.00,1.00
2016.08.23 13:02:35.962,9.28507,9.28645,1.00,1.00
2016.08.23 13:02:37.562,9.28507,9.28644,1.00,1.00
2016.08.23 13:02:37.664,9.28494,9.28644,1.00,1.00
2016.08.23 13:02:38.169,9.28507,9.28644,1.00,1.00
2016.08.23 13:02:40.956,9.28493,9.28644,1.00,1.00
2016.08.23 13:02:45.956,9.28506,9.28644,1.00,1.00
2016.08.23 13:02:47.098,9.28506,9.28643,1.00,1.00
2016.08.23 13:02:50.485,9.28493,9.28643,1.00,1.00
2016.08.23 13:02:54.259,9.28507,9.28643,1.00,1.00
2016.08.23 13:02:56.279,9.28507,9.28659,1.00,1.00
2016.08.23 13:02:59.807,9.28507,9.28664,1.00,1.00
2016.08.23 13:03:00.440,9.28493,9.28664,1.00,1.00
2016.08.23 13:03:00.609,9.28506,9.28664,1.00,1.00
2016.08.23 13:03:00.910,9.28493,9.28664,1.00,1.00
2016.08.23 13:03:01.110,9.28493,9.28653,1.00,1.00
2016.08.23 13:03:01.812,9.2849,9.28653,1.00,1.00
2016.08.23 13:03:02.382,9.2849,9.28638,1.00,1.00
2016.08.23 13:03:02.484,9.28473,9.28638,1.00,1.00
2016.08.23 13:03:04.087,9.28473,9.28637,1.00,1.00
2016.08.23 13:03:05.523,9.28473,9.28685,1.00,1.00
2016.08.23 13:03:05.574,9.28488,9.28686,1.00,1.00
2016.08.23 13:03:05.777,9.28488,9.28686,1.00,1.00
2016.08.23 13:03:05.837,9.28488,9.287,1.00,1.12
2016.08.23 13:03:06.339,9.28488,9.287,1.00,1.00
2016.08.23 13:03:06.492,9.28501,9.28713,1.00,1.00
2016.08.23 13:03:06.542,9.28501,9.28713,1.00,1.00
2016.08.23 13:03:07.328,9.28501,9.28713,1.00,1.00
2016.08.23 13:03:07.599,9.28501,9.28713,1.00,1.37
2016.08.23 13:03:07.829,9.28501,9.28713,1.00,1.37
2016.08.23 13:03:09.132,9.28501,9.28713,1.00,1.37
2016.08.23 13:03:09.481,9.28501,9.28713,1.00,1.37
2016.08.23 13:03:12.257,9.28471,9.28683,1.00,1.00
2016.08.23 13:03:12.308,9.28471,9.28683,1.00,1.37
2016.08.23 13:03:12.511,9.28457,9.28671,1.00,1.37
2016.08.23 13:03:12.612,9.28445,9.28657,1.00,1.00
2016.08.23 13:03:21.853,9.28441,9.28653,1.00,1.00
2016.08.23 13:03:28.255,9.28441,9.28653,1.00,1.00
2016.08.23 13:03:28.356,9.28441,9.28653,1.00,1.00
2016.08.23 13:03:34.471,9.28428,9.2864,1.00,1.00
2016.08.23 13:03:41.857,9.28425,9.28637,1.00,1.00
2016.08.23 13:03:42.543,9.28425,9.28637,1.00,1.00
2016.08.23 13:03:42.746,9.28438,9.2865,1.00,1.00
2016.08.23 13:03:47.387,9.28421,9.28633,1.00,1.00
2016.08.23 13:03:52.549,9.28435,9.28647,1.00,1.00
2016.08.23 13:03:54.639,9.28422,9.28634,1.00,1.00
2016.08.23 13:03:55.195,9.28422,9.28634,1.00,1.00
2016.08.23 13:03:55.569,9.28435,9.28647,1.00,1.00
2016.08.23 13:03:55.772,9.28422,9.28634,1.00,1.00
2016.08.23 13:03:55.874,9.28422,9.28634,1.00,1.00
2016.08.23 13:03:56.423,9.28422,9.28634,1.00,1.00
2016.08.23 13:03:57.656,9.28422,9.28634,1.00,1.00
2016.08.23 13:03:57.860,9.28422,9.28634,1.00,1.00
2016.08.23 13:03:58.317,9.28435,9.28647,1.00,1.00
2016.08.23 13:03:59.422,9.28421,9.28633,1.00,1.00
2016.08.23 13:04:01.807,9.28425,9.28637,1.00,1.00
2016.08.23 13:04:03.073,9.28425,9.28637,1.00,1.00
2016.08.23 13:04:03.385,9.28425,9.28637,1.00,1.00
2016.08.23 13:04:04.212,9.2844,9.28652,1.00,1.00
2016.08.23 13:04:04.662,9.28426,9.28638,1.00,1.00
2016.08.23 13:04:05.359,9.28426,9.28638,1.00,1.00
2016.08.23 13:04:05.597,9.28426,9.28638,1.00,1.00
2016.08.23 13:04:07.644,9.28439,9.28651,1.00,1.00
2016.08.23 13:04:10.053,9.28422,9.28634,1.00,1.00
2016.08.23 13:04:10.505,9.28424,9.28634,1.00,1.00
2016.08.23 13:04:10.601,9.28422,9.28634,1.00,1.00
2016.08.23 13:04:10.958,9.28437,9.28649,1.00,1.00
2016.08.23 13:04:11.167,9.28438,9.28649,1.00,1.00
2016.08.23 13:04:11.219,9.28451,9.28663,1.00,1.00
2016.08.23 13:04:11.320,9.28451,9.28663,1.60,1.00
2016.08.23 13:04:11.816,9.28437,9.28649,1.60,1.00
2016.08.23 13:04:12.644,9.2845,9.28662,1.60,1.00
2016.08.23 13:04:12.811,9.2845,9.28662,1.00,1.00
2016.08.23 13:04:13.037,9.28437,9.28649,1.60,1.00
2016.08.23 13:04:13.820,9.28437,9.28649,1.00,1.00
2016.08.23 13:04:13.972,9.28437,9.28649,1.00,1.00
2016.08.23 13:04:14.074,9.28437,9.28649,1.00,1.37
2016.08.23 13:04:14.396,9.28424,9.28636,1.00,1.37
2016.08.23 13:04:14.567,9.28409,9.28621,1.00,1.00
2016.08.23 13:04:14.633,9.28409,9.28621,1.00,1.00
2016.08.23 13:04:15.510,9.28396,9.28608,1.00,1.00
2016.08.23 13:04:15.772,9.28396,9.28608,1.00,1.00
2016.08.23 13:04:17.539,9.28409,9.28621,1.00,1.00
2016.08.23 13:04:19.928,9.28409,9.28619,1.00,1.00
2016.08.23 13:04:19.979,9.28393,9.28599,1.00,1.00
2016.08.23 13:04:20.112,9.28387,9.28599,1.00,1.00
2016.08.23 13:04:20.228,9.28387,9.28599,1.00,1.00
2016.08.23 13:04:20.781,9.28387,9.28599,1.00,1.00
2016.08.23 13:04:21.842,9.28383,9.28595,1.00,1.00
2016.08.23 13:04:24.326,9.28383,9.28595,1.00,1.00
2016.08.23 13:04:24.377,9.28383,9.28595,1.00,1.00
2016.08.23 13:04:24.630,9.28383,9.28595,1.00,1.00
2016.08.23 13:04:26.285,9.28384,9.28595,1.00,1.00
2016.08.23 13:04:27.085,9.28383,9.28595,1.00,1.00
2016.08.23 13:04:27.632,9.28384,9.28595,1.00,1.00
2016.08.23 13:04:28.619,9.28383,9.28595,1.00,1.00
2016.08.23 13:04:29.138,9.28384,9.28595,1.00,1.00
2016.08.23 13:04:30.095,9.28383,9.28595,1.00,1.00
2016.08.23 13:04:30.662,9.28384,9.28595,1.00,1.00
2016.08.23 13:04:31.466,9.28394,9.28595,1.00,1.00
2016.08.23 13:04:31.643,9.28384,9.28595,1.00,1.00
2016.08.23 13:04:32.080,9.28394,9.28595,1.00,1.00
2016.08.23 13:04:33.285,9.28384,9.28595,1.00,1.00
2016.08.23 13:04:33.791,9.28383,9.28595,1.00,1.00
2016.08.23 13:04:34.386,9.28384,9.28595,1.00,1.00
2016.08.23 13:04:34.739,9.28384,9.28595,1.00,1.00
2016.08.23 13:04:34.789,9.28384,9.28581,1.00,1.00
2016.08.23 13:04:34.892,9.2838,9.28581,1.00,1.00
2016.08.23 13:04:35.008,9.28374,9.28581,1.00,1.00
2016.08.23 13:04:35.110,9.28374,9.28567,1.00,1.00
2016.08.23 13:04:38.623,9.28374,9.2858,1.00,1.00
2016.08.23 13:04:38.802,9.28383,9.2858,1.00,1.00
2016.08.23 13:04:39.105,9.28394,9.2858,1.00,1.00
2016.08.23 13:04:39.431,9.28394,9.28593,1.00,1.00
2016.08.23 13:04:39.585,9.28392,9.28593,1.00,1.00
2016.08.23 13:04:39.636,9.28392,9.28593,1.00,1.00
2016.08.23 13:04:39.789,9.28395,9.28607,1.60,1.00
2016.08.23 13:04:40.224,9.28395,9.28607,1.60,1.00
2016.08.23 13:04:40.777,9.28414,9.28607,1.00,1.00
2016.08.23 13:04:41.112,9.28394,9.28588,1.60,1.00
2016.08.23 13:04:41.608,9.28403,9.28588,1.00,1.00
2016.08.23 13:04:41.822,9.28403,9.2859,1.00,1.00
2016.08.23 13:04:41.873,9.28389,9.2859,1.60,1.00
2016.08.23 13:04:44.391,9.28378,9.2859,1.60,1.00
2016.08.23 13:04:44.545,9.28374,9.28577,1.60,1.00
2016.08.23 13:04:45.064,9.28374,9.28542,1.00,2.10
2016.08.23 13:04:45.115,9.28343,9.28532,1.10,1.97
2016.08.23 13:04:45.166,9.2832,9.28532,1.37,1.97
2016.08.23 13:04:45.217,9.28307,9.28519,1.37,1.60
2016.08.23 13:04:45.319,9.28305,9.28467,1.00,1.00
2016.08.23 13:04:45.421,9.28305,9.28486,1.00,1.00
2016.08.23 13:04:45.472,9.28305,9.28488,1.00,1.00
2016.08.23 13:04:45.523,9.28305,9.28508,1.60,1.00
2016.08.23 13:04:45.574,9.28305,9.2851,1.60,1.00
2016.08.23 13:04:45.726,9.28311,9.28523,1.00,1.00
2016.08.23 13:04:46.227,9.28326,9.28538,1.00,1.00
2016.08.23 13:04:46.643,9.28326,9.28538,1.00,1.00
2016.08.23 13:04:46.817,9.28326,9.28538,1.00,1.00
2016.08.23 13:04:47.131,9.28344,9.28552,1.00,1.00
2016.08.23 13:04:47.840,9.28344,9.28552,1.00,1.00
2016.08.23 13:04:47.942,9.28344,9.28552,1.00,1.00
2016.08.23 13:04:48.342,9.28344,9.28552,1.00,1.00
2016.08.23 13:04:48.444,9.28344,9.28552,1.00,1.00
2016.08.23 13:04:49.796,9.28353,9.28552,1.00,1.00
2016.08.23 13:04:49.847,9.28353,9.28552,1.50,1.00
2016.08.23 13:04:49.949,9.28353,9.28567,2.25,1.00
2016.08.23 13:04:50.101,9.28364,9.28567,1.00,1.00
2016.08.23 13:04:50.152,9.28364,9.28567,1.50,1.00
2016.08.23 13:04:50.254,9.28368,9.2858,1.00,1.00
2016.08.23 13:04:50.305,9.28368,9.2858,1.00,1.00
2016.08.23 13:04:50.356,9.2839,9.28602,1.00,1.00
2016.08.23 13:04:50.470,9.2839,9.28602,1.00,1.00
2016.08.23 13:04:51.776,9.2839,9.28602,1.60,1.00
2016.08.23 13:04:51.827,9.2839,9.28602,1.60,1.00
2016.08.23 13:04:52.477,9.28403,9.28615,1.00,1.00
2016.08.23 13:04:52.783,9.28406,9.28615,1.00,1.00
2016.08.23 13:04:53.256,9.28406,9.28615,1.00,1.00
2016.08.23 13:04:53.456,9.28416,9.28628,1.00,1.00
2016.08.23 13:04:53.807,9.28419,9.28628,1.00,1.00
2016.08.23 13:04:56.115,9.28416,9.28628,1.00,1.00
2016.08.23 13:04:56.217,9.28416,9.28628,1.00,1.00
2016.08.23 13:04:56.434,9.28419,9.28628,1.00,1.00
2016.08.23 13:04:56.767,9.28419,9.28628,1.00,1.00
2016.08.23 13:04:57.632,9.28428,9.28642,1.00,1.00
2016.08.23 13:04:58.192,9.28419,9.28628,1.00,1.00
2016.08.23 13:05:01.886,9.28408,9.2862,1.00,1.00
2016.08.23 13:05:01.973,9.28395,9.28607,1.70,1.00
2016.08.23 13:05:02.024,9.28395,9.28607,1.60,1.00
2016.08.23 13:05:02.075,9.28378,9.2859,1.10,1.00
2016.08.23 13:05:02.279,9.28378,9.2859,1.00,1.00
2016.08.23 13:05:02.381,9.28365,9.28577,1.00,1.00
2016.08.23 13:05:02.680,9.28365,9.28577,1.00,1.00
2016.08.23 13:05:02.804,9.28365,9.28577,1.00,1.00
2016.08.23 13:05:03.042,9.28365,9.28577,1.00,1.00
2016.08.23 13:05:03.093,9.28351,9.28563,1.00,1.00
2016.08.23 13:05:04.381,9.28351,9.28563,1.00,1.00
2016.08.23 13:05:04.484,9.28337,9.28549,1.37,1.00
2016.08.23 13:05:04.587,9.28337,9.28549,1.00,1.00
2016.08.23 13:05:05.193,9.28359,9.28571,1.00,1.00
2016.08.23 13:05:05.296,9.28343,9.28555,1.00,1.00
2016.08.23 13:05:05.399,9.28343,9.28555,1.00,1.00
2016.08.23 13:05:05.614,9.28335,9.28542,1.00,1.00
2016.08.23 13:05:06.118,9.28344,9.28556,1.00,1.00
2016.08.23 13:05:06.219,9.28335,9.28542,1.00,1.00
2016.08.23 13:05:06.524,9.28346,9.28558,1.00,1.00
2016.08.23 13:05:06.627,9.28335,9.28545,1.00,1.00
2016.08.23 13:05:06.921,9.28348,9.2856,1.00,1.00
2016.08.23 13:05:07.124,9.28335,9.28545,1.00,1.00
2016.08.23 13:05:09.854,9.28335,9.28545,1.00,1.00
2016.08.23 13:05:10.930,9.28335,9.28545,1.00,1.00
2016.08.23 13:05:10.984,9.28335,9.28532,1.00,1.00
2016.08.23 13:05:11.331,9.28335,9.28532,1.00,1.00
2016.08.23 13:05:12.541,9.28335,9.28532,1.00,1.00
2016.08.23 13:05:12.834,9.28337,9.28549,1.00,1.00
2016.08.23 13:05:12.936,9.28335,9.28531,1.00,1.00
2016.08.23 13:05:13.622,9.28344,9.28531,1.00,1.00
2016.08.23 13:05:14.534,9.28353,9.28531,1.00,1.00
2016.08.23 13:05:14.636,9.28343,9.28531,1.00,1.00
2016.08.23 13:05:14.929,9.28343,9.28547,1.00,1.00
2016.08.23 13:05:15.332,9.28343,9.28547,1.00,1.00
2016.08.23 13:05:15.444,9.28348,9.2856,1.00,1.00
2016.08.23 13:05:15.996,9.28366,9.2856,1.00,1.00
2016.08.23 13:05:21.806,9.28366,9.28568,1.00,1.00
2016.08.23 13:05:24.875,9.28366,9.28568,1.00,1.00
2016.08.23 13:05:25.077,9.28366,9.28568,1.00,1.00
2016.08.23 13:05:25.482,9.28354,9.28568,1.00,1.00
2016.08.23 13:05:26.762,9.28354,9.28568,1.00,1.60
2016.08.23 13:05:26.864,9.28354,9.28552,1.00,1.00
2016.08.23 13:05:26.915,9.28354,9.28552,1.00,1.60
2016.08.23 13:05:26.967,9.2832,9.28532,1.00,1.00
2016.08.23 13:05:27.081,9.28305,9.28517,1.00,1.00
2016.08.23 13:05:27.132,9.28292,9.28504,1.00,1.00
2016.08.23 13:05:30.941,9.28292,9.28504,1.00,1.00
2016.08.23 13:05:31.043,9.28279,9.28491,1.00,1.00
2016.08.23 13:05:31.094,9.28279,9.28491,1.00,1.00
2016.08.23 13:05:35.051,9.28279,9.28491,1.00,1.00
2016.08.23 13:05:35.457,9.28266,9.28478,1.00,1.00
2016.08.23 13:05:35.790,9.28236,9.28426,1.00,1.60
2016.08.23 13:05:35.897,9.28236,9.28406,1.00,1.00
2016.08.23 13:05:35.948,9.28218,9.28406,1.00,1.00
2016.08.23 13:05:36.053,9.28196,9.28406,1.00,1.60
2016.08.23 13:05:36.155,9.28196,9.28396,1.00,1.00
2016.08.23 13:05:36.257,9.28196,9.28408,1.00,1.60
2016.08.23 13:05:36.359,9.28182,9.28386,1.00,1.00
2016.08.23 13:05:36.409,9.28182,9.28396,1.00,2.10
2016.08.23 13:05:36.460,9.28182,9.28396,1.00,2.47
2016.08.23 13:05:36.562,9.28182,9.28396,1.00,2.47
2016.08.23 13:05:36.613,9.28182,9.28386,1.00,1.00
2016.08.23 13:05:36.715,9.28166,9.28376,1.00,1.00
2016.08.23 13:05:36.834,9.28151,9.28363,1.00,1.00
2016.08.23 13:05:36.885,9.28151,9.28363,1.00,1.00
2016.08.23 13:05:37.241,9.28151,9.28363,1.00,1.37
2016.08.23 13:05:37.597,9.28151,9.28363,1.00,1.00
2016.08.23 13:05:37.665,9.28136,9.28348,1.00,1.00
2016.08.23 13:05:37.970,9.28123,9.28335,1.00,1.00
2016.08.23 13:05:38.174,9.28123,9.28335,1.00,1.00
2016.08.23 13:05:38.476,9.28105,9.28319,1.00,1.00
2016.08.23 13:05:38.578,9.28105,9.28319,1.00,1.00
2016.08.23 13:05:38.819,9.28109,9.28319,2.10,1.00
2016.08.23 13:05:38.870,9.28144,9.28319,1.60,1.00
2016.08.23 13:05:38.972,9.28144,9.2834,1.60,1.00
2016.08.23 13:05:39.074,9.28156,9.28357,1.00,1.00
2016.08.23 13:05:39.125,9.28156,9.28357,1.00,1.00
2016.08.23 13:05:39.175,9.28176,9.28388,1.00,1.00
2016.08.23 13:05:39.533,9.28176,9.28388,1.60,1.00
2016.08.23 13:05:39.585,9.28182,9.28388,1.60,1.00
2016.08.23 13:05:39.686,9.28193,9.28405,1.60,1.00
2016.08.23 13:05:40.511,9.28193,9.28405,2.10,1.00
2016.08.23 13:05:40.562,9.28213,9.28425,1.00,1.00
2016.08.23 13:05:40.827,9.28213,9.28425,1.00,1.00
2016.08.23 13:05:41.428,9.28213,9.28425,1.00,1.00
2016.08.23 13:05:41.934,9.28213,9.28425,1.00,1.00
2016.08.23 13:05:42.471,9.28226,9.28438,1.00,1.00
2016.08.23 13:05:42.877,9.28242,9.28446,1.00,1.50
2016.08.23 13:05:43.467,9.28242,9.28446,1.00,1.00
2016.08.23 13:05:43.932,9.28242,9.28454,1.00,1.00
2016.08.23 13:05:44.165,9.28255,9.28456,1.00,1.00
2016.08.23 13:05:44.482,9.28255,9.28446,1.00,1.00
2016.08.23 13:05:44.533,9.28255,9.28456,1.00,1.00
2016.08.23 13:05:44.636,9.28255,9.28466,1.00,1.00
2016.08.23 13:05:45.136,9.28255,9.28466,1.00,1.50
2016.08.23 13:05:45.438,9.28255,9.28466,1.00,1.00
2016.08.23 13:05:45.939,9.28255,9.28456,1.00,1.00
2016.08.23 13:05:46.341,9.28255,9.28446,1.00,1.00
2016.08.23 13:05:47.165,9.28255,9.28446,1.00,1.50
2016.08.23 13:05:47.747,9.28255,9.28446,1.00,1.00
2016.08.23 13:05:48.090,9.28255,9.28456,1.00,1.00
2016.08.23 13:05:48.691,9.28255,9.28466,1.00,1.50
2016.08.23 13:05:48.848,9.28255,9.28456,1.00,1.00
2016.08.23 13:05:49.853,9.28255,9.28466,1.00,1.50
2016.08.23 13:05:50.153,9.28255,9.28457,1.00,1.50
2016.08.23 13:05:50.853,9.28255,9.28446,1.00,1.00
2016.08.23 13:05:51.639,9.28255,9.28446,1.00,1.50
2016.08.23 13:05:51.866,9.28255,9.28446,1.00,1.00
2016.08.23 13:05:52.117,9.28241,9.28446,1.00,1.00
2016.08.23 13:05:54.345,9.28241,9.28446,1.00,1.00
2016.08.23 13:05:54.396,9.28241,9.28455,1.00,1.00
2016.08.23 13:05:54.653,9.28241,9.28455,1.00,1.00
2016.08.23 13:05:54.856,9.28241,9.28455,1.00,1.00
2016.08.23 13:05:56.069,9.28241,9.28455,1.00,1.00
2016.08.23 13:05:59.068,9.28241,9.28455,1.00,1.00
2016.08.23 13:06:00.378,9.28241,9.28455,1.00,1.00
2016.08.23 13:06:01.820,9.28247,9.28459,1.00,1.00
2016.08.23 13:06:04.876,9.28247,9.28459,1.00,1.00
2016.08.23 13:06:06.573,9.28247,9.28459,1.00,1.00
2016.08.23 13:06:07.413,9.28234,9.28446,1.00,1.00
2016.08.23 13:06:12.759,9.28249,9.28461,1.00,1.00
2016.08.23 13:06:12.931,9.28249,9.28461,1.00,1.00
2016.08.23 13:06:13.033,9.28236,9.28448,1.00,1.00
2016.08.23 13:06:17.858,9.28248,9.28462,1.00,1.00
2016.08.23 13:06:18.068,9.28234,9.28446,1.00,1.00
2016.08.23 13:06:20.794,9.28234,9.28446,1.00,1.60
2016.08.23 13:06:20.845,9.28219,9.28414,1.00,1.00
2016.08.23 13:06:20.946,9.28219,9.2839,1.00,1.00
2016.08.23 13:06:20.997,9.28178,9.2839,1.37,1.00
2016.08.23 13:06:21.048,9.28165,9.28377,1.60,1.00
2016.08.23 13:06:21.150,9.28179,9.28391,1.60,1.00
2016.08.23 13:06:21.252,9.2821,9.28422,1.00,1.00
2016.08.23 13:06:21.455,9.28234,9.28448,1.00,1.00
2016.08.23 13:06:21.666,9.28222,9.28434,1.00,1.00
2016.08.23 13:06:24.599,9.28208,9.2842,1.00,1.00
2016.08.23 13:06:25.037,9.28208,9.2842,1.60,1.00
2016.08.23 13:06:25.140,9.28218,9.2842,1.00,1.00
2016.08.23 13:06:25.212,9.28221,9.28433,1.00,1.00
2016.08.23 13:06:25.263,9.28242,9.28454,1.00,1.00
2016.08.23 13:06:25.315,9.28242,9.28454,1.60,1.00
2016.08.23 13:06:25.467,9.2829,9.28502,1.00,1.00
2016.08.23 13:06:25.596,9.28318,9.2853,1.00,1.00
2016.08.23 13:06:25.698,9.28331,9.28543,1.00,1.00
2016.08.23 13:06:25.976,9.28331,9.28543,1.00,1.00
2016.08.23 13:06:26.027,9.28331,9.28543,1.00,1.00
2016.08.23 13:06:26.130,9.28344,9.28556,1.00,1.00
2016.08.23 13:06:33.392,9.28363,9.28575,1.00,1.00
2016.08.23 13:06:34.382,9.28381,9.28593,1.00,1.00
2016.08.23 13:06:37.073,9.28405,9.28613,1.00,1.00
2016.08.23 13:06:37.125,9.28405,9.28617,1.00,1.00
2016.08.23 13:06:41.826,9.2841,9.28622,1.00,1.00
2016.08.23 13:06:44.290,9.28395,9.28607,1.00,1.00
2016.08.23 13:06:44.931,9.28409,9.28621,1.00,1.00
2016.08.23 13:06:54.523,9.28396,9.28608,1.00,1.00
2016.08.23 13:06:55.124,9.28382,9.28594,1.00,1.00
2016.08.23 13:06:55.524,9.28401,9.28613,1.00,1.00
2016.08.23 13:06:55.871,9.28385,9.28597,1.00,1.00
2016.08.23 13:07:01.869,9.28388,9.286,1.00,1.00
2016.08.23 13:07:03.550,9.28373,9.28585,1.00,1.00
2016.08.23 13:07:04.548,9.28386,9.28598,1.00,1.00
2016.08.23 13:07:13.773,9.2837,9.28584,1.00,1.00
2016.08.23 13:07:14.073,9.2837,9.28584,1.00,1.00
2016.08.23 13:07:14.684,9.28388,9.286,1.00,1.00
2016.08.23 13:07:41.982,9.28388,9.286,1.00,1.00
2016.08.23 13:07:42.395,9.28368,9.2858,1.57,1.00
2016.08.23 13:07:42.483,9.28368,9.2858,1.10,1.00
2016.08.23 13:07:42.535,9.28368,9.2858,1.00,1.00
2016.08.23 13:07:43.579,9.28368,9.2858,1.00,1.00
2016.08.23 13:07:47.643,9.28355,9.28567,1.60,1.00
2016.08.23 13:07:47.810,9.28367,9.28581,1.00,1.00
2016.08.23 13:07:48.045,9.28351,9.28563,1.60,1.00
2016.08.23 13:07:49.326,9.28364,9.28576,1.00,1.00
2016.08.23 13:07:59.256,9.28349,9.28561,1.60,1.00
2016.08.23 13:08:00.085,9.28338,9.28548,1.60,1.00
2016.08.23 13:08:00.611,9.28338,9.28548,1.60,1.00
2016.08.23 13:08:00.763,9.28349,9.28561,1.60,1.00
2016.08.23 13:08:01.763,9.28347,9.28559,1.60,1.00
2016.08.23 13:08:15.194,9.28338,9.28546,1.60,1.00
2016.08.23 13:08:16.513,9.28346,9.2856,1.60,1.00
2016.08.23 13:08:21.922,9.28343,9.28555,1.60,1.00
2016.08.23 13:08:30.034,9.28338,9.28543,1.60,1.00
2016.08.23 13:08:30.656,9.28346,9.28558,1.60,1.00
2016.08.23 13:08:37.355,9.28346,9.28556,1.60,1.00
2016.08.23 13:08:39.410,9.28346,9.28546,1.60,1.00
2016.08.23 13:08:41.869,9.28343,9.28546,1.60,1.00
2016.08.23 13:08:43.170,9.28343,9.28546,1.60,1.00
2016.08.23 13:08:43.373,9.28343,9.28536,1.60,1.00
2016.08.23 13:08:43.642,9.28343,9.28546,1.60,1.00
2016.08.23 13:08:43.694,9.28343,9.28536,1.60,1.00
2016.08.23 13:08:43.796,9.28343,9.28536,1.00,1.00
2016.08.23 13:08:44.426,9.28343,9.28546,1.00,1.00
2016.08.23 13:08:47.127,9.28343,9.28537,1.00,1.00
2016.08.23 13:08:47.428,9.28343,9.28546,1.00,1.00
2016.08.23 13:08:48.135,9.28343,9.28536,1.00,1.00
2016.08.23 13:08:48.590,9.28343,9.28546,1.00,1.00
2016.08.23 13:08:51.945,9.28343,9.28536,1.00,1.00
2016.08.23 13:08:55.610,9.28343,9.28526,1.00,1.00
2016.08.23 13:08:58.965,9.28343,9.28516,1.00,1.00
2016.08.23 13:09:00.471,9.28343,9.28526,1.00,1.00
2016.08.23 13:09:01.829,9.28335,9.28526,1.00,1.00
2016.08.23 13:09:02.479,9.28335,9.28526,1.00,1.00
2016.08.23 13:09:02.530,9.28318,9.28526,1.60,1.00
2016.08.23 13:09:02.632,9.28314,9.28513,1.60,1.00
2016.08.23 13:09:03.053,9.28314,9.28513,1.00,1.00
2016.08.23 13:09:04.289,9.28314,9.28513,1.00,1.00
2016.08.23 13:09:04.391,9.28301,9.28513,1.60,1.00
2016.08.23 13:09:04.984,9.28301,9.28513,1.60,1.00
2016.08.23 13:09:05.182,9.28301,9.28513,1.60,1.00
2016.08.23 13:09:05.284,9.28301,9.28513,1.00,1.00
2016.08.23 13:09:05.444,9.28289,9.28499,1.60,1.00
2016.08.23 13:09:06.342,9.28289,9.28499,1.60,1.00
2016.08.23 13:09:06.590,9.28287,9.28499,1.00,1.00
2016.08.23 13:09:06.941,9.28287,9.28496,1.00,1.00
2016.08.23 13:09:07.269,9.28287,9.28496,1.60,1.00
2016.08.23 13:09:07.371,9.28287,9.28486,1.60,1.00
2016.08.23 13:09:07.472,9.28303,9.28486,1.00,1.00
2016.08.23 13:09:07.574,9.28303,9.28496,1.00,1.00
2016.08.23 13:09:07.625,9.28303,9.28515,1.00,1.00
2016.08.23 13:09:07.676,9.28303,9.28515,1.00,1.00
2016.08.23 13:09:07.727,9.28291,9.28501,1.60,1.00
2016.08.23 13:09:08.798,9.28289,9.28501,1.00,1.37
2016.08.23 13:09:08.849,9.28289,9.28501,1.00,1.72
2016.08.23 13:09:08.951,9.28258,9.2847,1.00,1.00
2016.08.23 13:09:09.052,9.2824,9.28452,1.00,1.60
2016.08.23 13:09:09.103,9.2824,9.28436,1.00,1.37
2016.08.23 13:09:09.154,9.28204,9.28416,1.00,1.00
2016.08.23 13:09:09.463,9.2819,9.28402,1.00,1.00
2016.08.23 13:09:09.565,9.28178,9.28389,1.12,1.00
2016.08.23 13:09:09.796,9.28191,9.28389,1.27,1.00
2016.08.23 13:09:09.949,9.28193,9.28407,1.60,1.00
2016.08.23 13:09:10.000,9.28203,9.28407,1.60,1.00
2016.08.23 13:09:10.051,9.28208,9.2842,1.60,1.00
2016.08.23 13:09:10.607,9.28218,9.2842,1.00,1.00
2016.08.23 13:09:11.378,9.28208,9.2842,2.10,1.00
2016.08.23 13:09:12.683,9.28219,9.2842,1.60,1.00
2016.08.23 13:09:12.844,9.28221,9.28433,1.00,1.00
2016.08.23 13:09:13.051,9.28221,9.28433,1.60,1.00
2016.08.23 13:09:13.962,9.28234,9.28446,1.00,1.00
2016.08.23 13:09:15.764,9.28221,9.28433,2.02,1.00
2016.08.23 13:09:16.817,9.28221,9.28433,1.60,1.00
2016.08.23 13:09:17.530,9.28221,9.28433,1.35,1.00
2016.08.23 13:09:17.816,9.28221,9.28433,1.00,1.00
2016.08.23 13:09:19.609,9.28219,9.28421,1.00,1.00
2016.08.23 13:09:21.691,9.28221,9.28433,1.00,1.00
2016.08.23 13:09:21.910,9.28219,9.28423,1.00,1.00
2016.08.23 13:09:26.429,9.28211,9.28423,1.00,1.00
2016.08.23 13:09:37.434,9.28223,9.28437,1.00,1.00
2016.08.23 13:09:39.213,9.28211,9.28423,1.00,1.00
2016.08.23 13:09:41.815,9.28224,9.28438,1.00,1.00
2016.08.23 13:09:41.866,9.28227,9.28438,1.00,1.00
2016.08.23 13:09:42.242,9.28227,9.28435,1.00,1.00
2016.08.23 13:09:47.834,9.28223,9.28435,1.00,1.00
2016.08.23 13:09:48.051,9.28231,9.28435,1.60,1.00
2016.08.23 13:09:48.464,9.2825,9.28435,1.60,1.00
2016.08.23 13:09:48.831,9.2825,9.28448,1.60,1.00
2016.08.23 13:09:49.365,9.28236,9.28448,1.60,1.00
2016.08.23 13:09:51.328,9.28236,9.28448,1.00,1.00
2016.08.23 13:09:51.480,9.28231,9.28435,1.00,1.00
2016.08.23 13:09:51.582,9.28223,9.28435,1.00,1.00
2016.08.23 13:09:52.943,9.28223,9.28435,1.00,1.00
2016.08.23 13:09:53.044,9.2821,9.28422,1.00,1.00
2016.08.23 13:10:01.801,9.28222,9.28434,1.00,1.00
2016.08.23 13:10:01.954,9.28231,9.28434,1.00,1.00
2016.08.23 13:10:08.417,9.28231,9.28421,1.00,1.00
2016.08.23 13:10:10.977,9.28231,9.28435,1.00,1.00
2016.08.23 13:10:16.775,9.28231,9.28435,1.00,1.00
2016.08.23 13:10:18.313,9.28223,9.28435,1.00,1.00
2016.08.23 13:10:18.364,9.28223,9.28435,1.00,1.37
2016.08.23 13:10:21.833,9.28216,9.28428,1.00,1.00
2016.08.23 13:10:23.751,9.28232,9.28428,1.00,1.00
2016.08.23 13:10:24.023,9.28232,9.28428,1.00,1.00
2016.08.23 13:10:24.125,9.28232,9.28443,1.00,1.00
2016.08.23 13:10:25.518,9.28229,9.28443,1.00,1.00
2016.08.23 13:10:26.108,9.28232,9.28443,1.00,1.00
2016.08.23 13:10:26.658,9.28231,9.28443,1.00,1.00
2016.08.23 13:10:27.018,9.28231,9.28443,1.37,1.00
2016.08.23 13:10:27.120,9.28259,9.28462,1.00,1.00
2016.08.23 13:10:27.171,9.28259,9.28471,1.00,1.00
2016.08.23 13:10:28.422,9.28239,9.28452,1.00,1.00
2016.08.23 13:10:28.933,9.28238,9.28452,1.00,1.00
2016.08.23 13:10:28.984,9.28238,9.28452,1.00,1.00
2016.08.23 13:10:29.356,9.28238,9.28452,1.00,1.12
2016.08.23 13:10:29.524,9.28222,9.28434,1.00,1.00
2016.08.23 13:10:30.738,9.28214,9.28421,1.00,1.00
2016.08.23 13:10:31.042,9.28224,9.28421,1.00,1.00
2016.08.23 13:10:31.632,9.28219,9.28421,1.00,1.00
2016.08.23 13:10:34.098,9.28224,9.28421,1.00,1.00
2016.08.23 13:10:36.618,9.28219,9.28421,1.60,1.00
2016.08.23 13:10:37.254,9.28219,9.28421,1.35,1.00
2016.08.23 13:10:37.306,9.28219,9.28421,1.60,1.00
2016.08.23 13:10:39.961,9.28219,9.28421,1.60,1.00
2016.08.23 13:10:40.147,9.28219,9.28421,1.60,1.00
2016.08.23 13:10:41.755,9.28219,9.28417,1.60,1.00
2016.08.23 13:10:42.580,9.28219,9.28417,1.60,1.00
2016.08.23 13:10:42.631,9.28205,9.28417,1.60,1.00
2016.08.23 13:10:42.682,9.28197,9.28402,2.10,1.00
2016.08.23 13:10:42.733,9.28202,9.28402,1.60,1.00
2016.08.23 13:10:42.784,9.28213,9.28423,1.60,1.00
2016.08.23 13:10:42.906,9.28227,9.28439,1.60,1.00
2016.08.23 13:10:42.957,9.28227,9.28439,1.60,1.00
2016.08.23 13:10:43.859,9.28244,9.28439,1.00,1.00
2016.08.23 13:10:44.111,9.28227,9.28439,1.60,1.00
2016.08.23 13:10:44.460,9.28256,9.28439,1.00,1.00
2016.08.23 13:10:45.463,9.28256,9.28452,1.00,1.00
2016.08.23 13:10:56.918,9.2826,9.28472,1.00,1.00
2016.08.23 13:10:57.342,9.2826,9.28472,1.00,1.00
2016.08.23 13:11:01.805,9.28258,9.2847,1.00,1.00
2016.08.23 13:11:06.278,9.28282,9.2847,1.00,1.00
2016.08.23 13:11:07.755,9.28258,9.2847,1.00,1.00
2016.08.23 13:11:18.356,9.28275,9.28487,1.00,1.37
2016.08.23 13:11:18.407,9.28281,9.28487,1.00,1.37
2016.08.23 13:11:18.794,9.28318,9.28487,1.00,1.00
2016.08.23 13:11:18.845,9.28318,9.28507,1.00,1.00
2016.08.23 13:11:18.896,9.28318,9.28521,1.00,1.00
2016.08.23 13:11:18.947,9.28322,9.28534,1.00,1.00
2016.08.23 13:11:19.089,9.28342,9.28534,1.00,1.00
2016.08.23 13:11:19.140,9.28349,9.28561,1.00,1.00
2016.08.23 13:11:19.191,9.28365,9.28561,1.00,1.00
2016.08.23 13:11:19.242,9.28375,9.28581,1.00,1.00
2016.08.23 13:11:19.293,9.28375,9.28587,1.00,1.37
2016.08.23 13:11:19.344,9.28393,9.28605,1.00,1.37
2016.08.23 13:11:19.396,9.28393,9.28605,1.00,1.37
2016.08.23 13:11:19.447,9.28379,9.28591,1.00,1.37
2016.08.23 13:11:19.772,9.28379,9.28591,1.00,1.00
2016.08.23 13:11:19.854,9.28379,9.28591,1.60,1.00
2016.08.23 13:11:20.362,9.28396,9.28608,1.00,1.00
2016.08.23 13:11:20.645,9.28396,9.28608,1.00,1.00
2016.08.23 13:11:21.054,9.28396,9.28608,1.60,1.00
2016.08.23 13:11:21.282,9.28396,9.28608,1.00,1.00
2016.08.23 13:11:21.486,9.28382,9.28594,1.00,1.00
2016.08.23 13:11:21.587,9.28382,9.28594,1.00,1.37
2016.08.23 13:11:21.908,9.28376,9.28588,1.00,1.37
2016.08.23 13:11:22.186,9.28362,9.28574,1.00,1.37
2016.08.23 13:11:22.311,9.28362,9.28574,1.00,1.37
2016.08.23 13:11:22.565,9.28349,9.28561,1.00,1.37
2016.08.23 13:11:23.172,9.28334,9.28546,1.00,1.00
2016.08.23 13:11:23.283,9.28334,9.28546,1.00,1.37
2016.08.23 13:11:23.387,9.28318,9.2853,1.00,1.37
2016.08.23 13:11:25.594,9.28305,9.28517,1.00,1.37
2016.08.23 13:11:25.828,9.28305,9.28517,1.00,1.00
2016.08.23 13:11:26.132,9.28318,9.2853,1.00,1.00
2016.08.23 13:11:27.127,9.28318,9.2853,1.00,1.37
2016.08.23 13:11:33.044,9.28318,9.2853,1.00,1.37
2016.08.23 13:11:33.147,9.28303,9.28515,1.00,1.75
2016.08.23 13:11:33.198,9.2829,9.28502,1.60,1.00
2016.08.23 13:11:33.986,9.2829,9.28502,1.60,1.00
2016.08.23 13:11:39.297,9.28274,9.28488,1.00,1.37
2016.08.23 13:11:39.399,9.28274,9.28488,1.00,1.37
2016.08.23 13:11:39.501,9.28295,9.28507,1.00,1.50
2016.08.23 13:11:39.560,9.28295,9.28509,1.00,1.75
2016.08.23 13:11:41.790,9.2829,9.28502,1.00,1.37
2016.08.23 13:11:43.116,9.2829,9.28502,1.00,1.37
2016.08.23 13:11:43.219,9.2829,9.28502,1.00,1.37
2016.08.23 13:11:46.643,9.2829,9.28502,1.00,1.37
2016.08.23 13:11:46.948,9.28289,9.28501,1.00,1.37
2016.08.23 13:11:47.153,9.28289,9.28501,1.00,1.37
2016.08.23 13:11:49.642,9.28289,9.28501,1.00,1.00
2016.08.23 13:11:49.744,9.28303,9.28515,1.00,1.00
2016.08.23 13:11:49.845,9.28321,9.28533,1.00,1.00
2016.08.23 13:11:50.117,9.28321,9.28533,1.00,1.00
2016.08.23 13:11:50.595,9.28321,9.28533,1.00,1.00
2016.08.23 13:11:50.645,9.28321,9.28533,1.00,1.37
2016.08.23 13:11:50.848,9.28321,9.28533,1.00,1.75
2016.08.23 13:11:50.989,9.28308,9.2852,1.00,1.37
2016.08.23 13:11:51.334,9.28294,9.28508,1.00,1.37
2016.08.23 13:11:51.435,9.28309,9.28521,1.00,1.37
2016.08.23 13:11:51.750,9.28296,9.28508,1.00,1.37
2016.08.23 13:11:52.437,9.28283,9.28495,1.00,1.00
2016.08.23 13:11:53.355,9.28283,9.28495,1.00,1.37
2016.08.23 13:11:53.561,9.28283,9.28495,1.00,1.37
2016.08.23 13:11:58.882,9.28283,9.28495,1.00,1.37
2016.08.23 13:11:58.984,9.2827,9.28482,1.00,1.37
2016.08.23 13:12:01.275,9.28319,9.28502,2.10,1.75
2016.08.23 13:12:01.326,9.28319,9.28528,2.10,1.75
2016.08.23 13:12:01.383,9.28349,9.28548,1.60,1.37
2016.08.23 13:12:01.433,9.28349,9.28561,1.60,1.37
2016.08.23 13:12:01.484,9.28371,9.28576,1.00,1.37
2016.08.23 13:12:01.536,9.28371,9.28533,1.00,2.10
2016.08.23 13:12:01.587,9.28352,9.2853,1.00,2.10
2016.08.23 13:12:01.639,9.28352,9.28523,1.00,1.19
2016.08.23 13:12:01.690,9.28284,9.28498,1.50,1.81
2016.08.23 13:12:01.802,9.28274,9.28478,1.00,1.00
2016.08.23 13:12:01.917,9.28274,9.28478,1.00,1.00
2016.08.23 13:12:02.019,9.28274,9.28478,1.00,1.60
2016.08.23 13:12:02.585,9.28274,9.28478,1.00,1.00
2016.08.23 13:12:02.687,9.2828,9.28492,1.00,1.00
2016.08.23 13:12:02.840,9.2828,9.28492,1.00,1.00
2016.08.23 13:12:03.899,9.2828,9.28492,1.00,1.00
2016.08.23 13:12:05.585,9.2828,9.28492,1.60,1.00
2016.08.23 13:12:05.688,9.28295,9.28507,1.00,1.00
2016.08.23 13:12:05.893,9.28295,9.28507,1.00,1.00
2016.08.23 13:12:06.047,9.28295,9.28507,1.60,1.00
2016.08.23 13:12:06.200,9.28295,9.28507,1.60,1.00
2016.08.23 13:12:06.251,9.28295,9.28507,1.60,1.00
2016.08.23 13:12:06.302,9.28294,9.28494,1.60,1.00
2016.08.23 13:12:07.392,9.28295,9.28507,1.60,1.00
2016.08.23 13:12:08.494,9.28327,9.28527,1.00,1.37
2016.08.23 13:12:08.545,9.28328,9.28539,2.10,1.75
2016.08.23 13:12:08.596,9.28327,9.28539,1.60,1.75
2016.08.23 13:12:08.647,9.28327,9.28539,1.60,1.00
2016.08.23 13:12:08.698,9.28347,9.28561,1.60,1.37
2016.08.23 13:12:08.749,9.28347,9.28561,1.60,1.00
2016.08.23 13:12:08.825,9.28366,9.28578,1.00,1.37
2016.08.23 13:12:08.877,9.28382,9.28569,1.00,1.00
2016.08.23 13:12:08.928,9.28382,9.28594,1.00,1.60
2016.08.23 13:12:08.979,9.28367,9.28579,1.00,1.60
2016.08.23 13:12:09.030,9.28367,9.28579,1.00,1.00
2016.08.23 13:12:09.081,9.28367,9.28579,1.00,1.00
2016.08.23 13:12:09.284,9.28367,9.28579,1.00,1.00
2016.08.23 13:12:09.589,9.28367,9.28579,1.00,1.00
2016.08.23 13:12:09.640,9.28367,9.28579,1.00,1.00
2016.08.23 13:12:09.911,9.28351,9.28563,1.00,1.00
2016.08.23 13:12:10.403,9.28351,9.28563,1.00,1.00
2016.08.23 13:12:11.443,9.28351,9.28563,1.00,1.00
2016.08.23 13:12:11.495,9.28366,9.28578,1.00,1.00
2016.08.23 13:12:14.412,9.28375,9.28578,1.00,1.00
2016.08.23 13:12:14.506,9.28395,9.28607,1.00,1.37
2016.08.23 13:12:14.558,9.28395,9.28607,1.60,1.37
2016.08.23 13:12:14.630,9.28395,9.28607,1.60,1.00
2016.08.23 13:12:14.681,9.2841,9.28622,1.00,1.00
2016.08.23 13:12:14.783,9.2841,9.28622,1.60,1.00
2016.08.23 13:12:15.043,9.2841,9.28622,1.00,1.00
2016.08.23 13:12:15.527,9.2841,9.28622,1.60,1.00
2016.08.23 13:12:15.782,9.2841,9.28622,1.00,1.00
2016.08.23 13:12:16.254,9.2841,9.28622,1.00,1.12
2016.08.23 13:12:16.305,9.28397,9.28609,1.00,1.00
2016.08.23 13:12:16.407,9.28397,9.28609,1.00,1.00
2016.08.23 13:12:16.509,9.2841,9.28622,1.00,1.12
2016.08.23 13:12:16.721,9.2841,9.28622,1.00,1.12
2016.08.23 13:12:16.886,9.28397,9.28609,1.00,1.00
2016.08.23 13:12:20.317,9.28397,9.28609,1.00,1.00
2016.08.23 13:12:20.669,9.28397,9.28609,1.00,1.00
2016.08.23 13:12:21.549,9.28397,9.28609,1.60,1.00
2016.08.23 13:12:21.875,9.28409,9.28621,1.60,1.00
2016.08.23 13:12:23.368,9.28409,9.28621,1.60,1.00
2016.08.23 13:12:23.501,9.28422,9.28634,1.00,1.00
2016.08.23 13:12:23.706,9.28437,9.28649,1.00,1.00
2016.08.23 13:12:23.807,9.28437,9.28649,1.60,1.00
2016.08.23 13:12:24.061,9.28437,9.28649,1.60,1.00
2016.08.23 13:12:24.367,9.28437,9.28646,1.60,1.00
2016.08.23 13:12:24.541,9.28424,9.28636,1.60,1.00
2016.08.23 13:12:24.848,9.28424,9.28636,1.60,1.00
2016.08.23 13:12:25.051,9.28424,9.28636,1.60,1.50
2016.08.23 13:12:25.102,9.28438,9.28636,1.60,1.00
2016.08.23 13:12:25.316,9.28425,9.28636,1.60,1.00
2016.08.23 13:12:26.094,9.28425,9.28626,1.60,1.00
2016.08.23 13:12:26.325,9.28425,9.28626,1.00,1.00
2016.08.23 13:12:26.376,9.28425,9.28637,1.00,1.00
2016.08.23 13:12:27.415,9.28438,9.28647,1.00,1.00
2016.08.23 13:12:28.350,9.28438,9.2865,1.00,1.10
2016.08.23 13:12:29.020,9.28425,9.28637,1.00,1.00
2016.08.23 13:12:31.643,9.28425,9.28637,1.00,1.00
2016.08.23 13:12:33.730,9.28438,9.28646,1.00,1.00
2016.08.23 13:12:33.934,9.28425,9.28637,1.00,1.00
2016.08.23 13:12:34.632,9.28444,9.28646,1.00,1.00
2016.08.23 13:12:35.372,9.28444,9.28656,1.00,1.87
2016.08.23 13:12:35.474,9.28461,9.28656,1.00,1.00
2016.08.23 13:12:36.547,9.28446,9.28656,1.00,1.00
2016.08.23 13:12:37.539,9.28446,9.28656,1.60,1.00
2016.08.23 13:12:37.640,9.28461,9.28656,1.60,1.00
2016.08.23 13:12:37.691,9.28461,9.28675,1.60,1.00
2016.08.23 13:12:37.743,9.28475,9.28689,1.00,1.00
2016.08.23 13:12:38.152,9.28494,9.28706,1.00,1.00
2016.08.23 13:12:38.559,9.28478,9.2869,1.00,1.00
2016.08.23 13:12:39.415,9.28478,9.2869,1.00,1.00
2016.08.23 13:12:39.748,9.28464,9.28676,1.00,1.00
2016.08.23 13:12:40.415,9.28447,9.28661,1.60,1.00
2016.08.23 13:12:40.466,9.28447,9.28661,1.60,1.00
2016.08.23 13:12:43.610,9.28447,9.28661,1.60,1.00
2016.08.23 13:12:43.809,9.28447,9.28661,1.60,1.00
2016.08.23 13:12:44.063,9.28447,9.28661,1.00,1.00
2016.08.23 13:12:45.253,9.28469,9.2868,1.00,1.00
2016.08.23 13:12:45.763,9.28469,9.28681,1.00,1.00
2016.08.23 13:12:46.215,9.28469,9.28676,1.00,1.00
2016.08.23 13:12:46.317,9.28469,9.28681,1.00,1.00
2016.08.23 13:12:46.418,9.28469,9.28677,1.00,1.00
2016.08.23 13:12:46.916,9.28469,9.28681,1.00,1.00
2016.08.23 13:12:48.121,9.28469,9.28676,1.00,1.00
2016.08.23 13:12:48.222,9.28469,9.28681,1.00,1.00
2016.08.23 13:12:48.675,9.28469,9.28681,1.00,1.50
2016.08.23 13:12:49.225,9.28469,9.28676,1.00,1.00
2016.08.23 13:12:49.354,9.28455,9.28667,1.00,1.00
2016.08.23 13:12:51.422,9.28455,9.28666,1.00,1.00
2016.08.23 13:12:51.480,9.28469,9.28666,1.00,1.00
2016.08.23 13:12:51.923,9.28469,9.28676,1.00,1.00
2016.08.23 13:12:51.974,9.28456,9.28668,1.00,1.00
2016.08.23 13:12:52.129,9.28456,9.28666,1.00,1.00
2016.08.23 13:12:54.423,9.28456,9.28668,1.00,1.00
2016.08.23 13:12:54.474,9.28469,9.28676,1.00,1.00
2016.08.23 13:12:54.627,9.28469,9.28681,1.00,1.50
2016.08.23 13:12:54.734,9.28469,9.28681,1.00,1.00
2016.08.23 13:12:56.376,9.28469,9.28681,1.00,1.00
2016.08.23 13:12:56.694,9.28487,9.28699,1.00,1.00
2016.08.23 13:12:57.196,9.28501,9.28713,1.00,1.00
2016.08.23 13:12:57.400,9.28501,9.28713,1.00,1.00
2016.08.23 13:12:57.450,9.28501,9.28713,1.00,1.00
2016.08.23 13:12:57.794,9.28527,9.28733,1.00,1.00
2016.08.23 13:12:57.888,9.28513,9.28725,1.00,1.00
2016.08.23 13:12:58.200,9.28526,9.28738,1.00,1.00
2016.08.23 13:12:58.556,9.28526,9.28738,1.00,1.00
2016.08.23 13:12:58.657,9.28526,9.28738,1.00,1.00
2016.08.23 13:12:58.759,9.28526,9.28738,1.00,1.00
2016.08.23 13:12:59.063,9.28526,9.28738,1.00,1.37
2016.08.23 13:12:59.223,9.28512,9.28726,1.00,1.37
2016.08.23 13:12:59.704,9.285,9.28712,1.00,1.37
2016.08.23 13:12:59.857,9.285,9.28712,1.00,1.75
2016.08.23 13:12:59.908,9.28487,9.28699,1.00,1.37
2016.08.23 13:13:00.276,9.28474,9.28686,1.00,1.37
2016.08.23 13:13:01.206,9.28474,9.28686,1.00,1.37
2016.08.23 13:13:01.780,9.28475,9.28687,1.00,1.37
2016.08.23 13:13:05.529,9.28475,9.28687,1.00,1.37
2016.08.23 13:13:06.074,9.28475,9.28682,1.00,1.37
2016.08.23 13:13:06.569,9.28475,9.28682,1.00,1.00
2016.08.23 13:13:06.722,9.28475,9.28687,1.00,1.00
2016.08.23 13:13:06.833,9.28475,9.28676,1.00,1.00
2016.08.23 13:13:07.826,9.28475,9.28681,1.00,1.00
2016.08.23 13:13:08.000,9.28475,9.28686,1.00,1.00
2016.08.23 13:13:08.846,9.28475,9.28686,1.00,1.50
2016.08.23 13:13:08.952,9.28475,9.28687,1.00,1.00
2016.08.23 13:13:10.604,9.28475,9.28687,1.00,1.00
2016.08.23 13:13:13.081,9.28475,9.28687,1.00,1.37
2016.08.23 13:13:15.064,9.28489,9.28701,1.00,1.37
2016.08.23 13:13:16.065,9.28489,9.28701,1.00,1.75
2016.08.23 13:13:16.116,9.28489,9.28701,1.00,1.75
2016.08.23 13:13:16.167,9.28475,9.28687,1.00,1.37
2016.08.23 13:13:16.440,9.28475,9.28682,1.00,1.37
2016.08.23 13:13:19.798,9.28475,9.28682,1.00,1.37
2016.08.23 13:13:21.778,9.28467,9.28679,1.00,1.37
2016.08.23 13:13:22.549,9.28467,9.28679,1.00,1.37
2016.08.23 13:13:22.821,9.28467,9.28679,1.00,1.37
2016.08.23 13:13:23.226,9.28467,9.28679,1.00,1.37
2016.08.23 13:13:28.630,9.28467,9.28679,1.00,1.75
2016.08.23 13:13:32.906,9.28454,9.28666,1.00,1.37
2016.08.23 13:13:37.094,9.28454,9.28657,1.00,1.37
2016.08.23 13:13:38.066,9.28454,9.28657,1.00,1.37
2016.08.23 13:13:38.117,9.28454,9.28657,1.00,1.00
2016.08.23 13:13:38.168,9.28454,9.28666,1.00,1.50
2016.08.23 13:13:38.327,9.28454,9.28666,1.00,1.87
2016.08.23 13:13:38.378,9.28454,9.28666,1.00,1.37
2016.08.23 13:13:38.719,9.28454,9.28657,1.00,1.37
2016.08.23 13:13:40.124,9.28439,9.28651,1.00,1.37
2016.08.23 13:13:40.226,9.28452,9.28657,1.00,1.37
2016.08.23 13:13:40.711,9.28452,9.28664,1.00,1.37
2016.08.23 13:13:41.372,9.28452,9.28657,1.00,1.37
2016.08.23 13:13:41.727,9.28452,9.28657,1.00,1.37
2016.08.23 13:13:43.332,9.28452,9.28657,1.00,1.00
2016.08.23 13:13:43.383,9.28452,9.28664,1.00,1.00
2016.08.23 13:13:43.647,9.28452,9.28664,1.00,1.00
2016.08.23 13:13:43.748,9.28464,9.28676,1.00,1.37
2016.08.23 13:13:43.799,9.28464,9.28676,1.00,1.00
2016.08.23 13:13:43.901,9.28464,9.28676,1.00,1.00
2016.08.23 13:13:44.105,9.28477,9.28686,1.00,1.37
2016.08.23 13:13:44.385,9.28477,9.28689,1.00,1.47
2016.08.23 13:13:44.852,9.28459,9.28671,1.00,1.37
2016.08.23 13:13:45.626,9.28459,9.28671,1.00,1.00
2016.08.23 13:13:45.778,9.28459,9.28671,1.00,1.00
2016.08.23 13:13:45.988,9.28459,9.28671,1.00,1.00
2016.08.23 13:13:46.089,9.28459,9.28671,1.00,1.00
2016.08.23 13:13:46.140,9.28459,9.28671,1.00,1.75
2016.08.23 13:13:47.341,9.28459,9.28671,1.00,1.00
2016.08.23 13:13:47.392,9.28459,9.28671,1.00,1.00
2016.08.23 13:13:47.443,9.28442,9.28654,1.00,1.00
2016.08.23 13:13:47.545,9.28461,9.28673,1.00,1.00
2016.08.23 13:13:47.757,9.28474,9.28686,1.00,1.75
2016.08.23 13:13:47.858,9.2846,9.28674,1.00,1.00
2016.08.23 13:13:48.344,9.2846,9.28674,1.00,1.75
2016.08.23 13:13:48.395,9.2846,9.28674,1.00,1.75
2016.08.23 13:13:48.614,9.28475,9.28687,1.00,1.37
2016.08.23 13:13:48.716,9.28461,9.28673,1.00,1.37
2016.08.23 13:13:49.026,9.28475,9.28687,1.00,1.75
2016.08.23 13:13:49.596,9.28475,9.28686,1.00,1.12
2016.08.23 13:13:49.749,9.28462,9.28674,1.00,1.75
2016.08.23 13:13:50.100,9.28462,9.28674,1.00,1.00
2016.08.23 13:13:50.398,9.28462,9.28674,1.00,1.00
2016.08.23 13:13:50.569,9.28462,9.28674,1.00,1.00
2016.08.23 13:13:50.874,9.28475,9.28686,1.00,1.00
2016.08.23 13:13:51.388,9.28475,9.28687,1.00,1.00
2016.08.23 13:13:56.269,9.2846,9.28674,1.00,1.00
2016.08.23 13:14:00.072,9.2846,9.28674,1.00,1.00
2016.08.23 13:14:00.625,9.2846,9.28666,1.00,1.00
2016.08.23 13:14:00.929,9.2846,9.28656,1.00,1.00
2016.08.23 13:14:01.013,9.28445,9.28656,1.00,1.00
2016.08.23 13:14:01.065,9.28445,9.28656,1.60,1.00
2016.08.23 13:14:01.116,9.28445,9.28646,1.60,1.00
2016.08.23 13:14:01.531,9.28445,9.28656,1.60,1.00
2016.08.23 13:14:02.329,9.28445,9.28637,1.60,1.00
2016.08.23 13:14:02.531,9.28445,9.28637,1.00,1.00
2016.08.23 13:14:02.633,9.28445,9.28657,1.00,1.00
2016.08.23 13:14:02.761,9.28445,9.28656,1.00,1.50
2016.08.23 13:14:03.950,9.28445,9.28656,1.00,1.50
2016.08.23 13:14:04.153,9.28445,9.28656,1.00,1.50
2016.08.23 13:14:05.183,9.28445,9.28646,1.00,1.00
2016.08.23 13:14:07.793,9.28429,9.28641,1.00,1.00
2016.08.23 13:14:08.479,9.28442,9.28646,1.00,1.00
2016.08.23 13:14:08.815,9.28442,9.28636,1.00,1.00
2016.08.23 13:14:10.387,9.28429,9.28641,1.00,1.00
2016.08.23 13:14:10.684,9.28429,9.28637,1.00,1.00
2016.08.23 13:14:10.785,9.28429,9.28641,1.60,1.00
2016.08.23 13:14:11.363,9.28442,9.28654,1.00,1.00
2016.08.23 13:14:11.713,9.28442,9.28646,1.00,1.00
2016.08.23 13:14:12.681,9.28429,9.28641,1.60,1.00
2016.08.23 13:14:12.966,9.28441,9.28646,1.00,1.00
2016.08.23 13:14:16.998,9.28441,9.28636,1.00,1.00
2016.08.23 13:14:17.201,9.28441,9.28646,1.00,1.00
2016.08.23 13:14:17.419,9.28441,9.28655,1.00,1.00
2016.08.23 13:14:17.894,9.28455,9.28656,1.00,1.00
2016.08.23 13:14:18.074,9.2844,9.28652,1.00,1.00
2016.08.23 13:14:18.199,9.28422,9.28634,1.60,1.00
2016.08.23 13:14:20.877,9.28422,9.28634,1.60,1.00
2016.08.23 13:14:21.529,9.28441,9.28653,1.00,1.00
2016.08.23 13:14:21.580,9.28426,9.28638,1.60,1.00
2016.08.23 13:14:21.912,9.28422,9.28634,1.60,1.00
2016.08.23 13:14:22.080,9.28422,9.28634,2.10,1.00
2016.08.23 13:14:23.283,9.28422,9.28634,2.10,1.00
2016.08.23 13:14:23.571,9.28422,9.28634,1.60,1.00
2016.08.23 13:14:23.673,9.28422,9.28634,1.60,1.00
2016.08.23 13:14:27.048,9.28422,9.28634,1.00,1.00
2016.08.23 13:14:27.795,9.28422,9.28634,1.60,1.00
2016.08.23 13:14:28.299,9.28445,9.28644,1.00,1.00
2016.08.23 13:14:28.350,9.28429,9.28641,1.00,1.00
2016.08.23 13:14:28.548,9.28443,9.28644,1.00,1.00
2016.08.23 13:14:28.605,9.28423,9.28632,1.60,1.00
2016.08.23 13:14:28.656,9.2842,9.28632,1.60,1.00
2016.08.23 13:14:29.137,9.28427,9.28632,1.60,1.00
2016.08.23 13:14:29.342,9.28427,9.28634,1.60,1.00
2016.08.23 13:14:29.801,9.28427,9.28634,1.00,1.00
2016.08.23 13:14:29.852,9.28436,9.28648,1.00,1.00
2016.08.23 13:14:30.212,9.28453,9.28667,1.00,1.00
2016.08.23 13:14:30.342,9.28427,9.28639,2.10,1.00
2016.08.23 13:14:31.210,9.2845,9.28659,1.00,1.00
2016.08.23 13:14:31.312,9.28435,9.28647,1.00,1.00
2016.08.23 13:14:31.936,9.28454,9.28666,1.00,1.50
2016.08.23 13:14:31.987,9.28454,9.28666,1.00,1.50
2016.08.23 13:14:32.193,9.28454,9.28666,1.00,1.00
2016.08.23 13:14:33.392,9.28454,9.28666,1.00,1.50
2016.08.23 13:14:34.024,9.28454,9.28666,1.00,1.50
2016.08.23 13:14:34.263,9.28441,9.28653,1.00,1.00
2016.08.23 13:14:40.366,9.28454,9.28666,1.00,1.00
2016.08.23 13:14:41.857,9.28458,9.2867,1.00,1.00
2016.08.23 13:14:42.378,9.28442,9.28654,1.60,1.00
2016.08.23 13:14:42.581,9.28463,9.2867,1.00,1.00
2016.08.23 13:14:42.785,9.28472,9.28684,1.00,1.00
2016.08.23 13:14:43.422,9.28472,9.28684,1.00,1.00
2016.08.23 13:14:43.628,9.28472,9.28684,1.00,1.00
2016.08.23 13:14:43.917,9.28459,9.28671,1.00,1.00
2016.08.23 13:14:44.070,9.28459,9.28671,1.00,1.00
2016.08.23 13:14:44.172,9.28441,9.28653,1.00,1.00
2016.08.23 13:14:44.463,9.2846,9.28672,1.00,1.00
2016.08.23 13:14:44.856,9.28446,9.28658,1.00,1.00
2016.08.23 13:14:45.167,9.28431,9.28643,1.00,1.00
2016.08.23 13:14:45.482,9.28446,9.28658,1.00,1.00
2016.08.23 13:14:45.648,9.28433,9.28645,1.00,1.00
2016.08.23 13:14:45.699,9.28433,9.28645,1.00,1.50
2016.08.23 13:14:45.750,9.28413,9.28625,1.00,1.00
2016.08.23 13:14:46.284,9.28413,9.28625,1.00,1.00
2016.08.23 13:14:46.487,9.284,9.28612,1.00,1.00
2016.08.23 13:14:46.792,9.28414,9.28626,1.00,1.00
2016.08.23 13:14:47.779,9.28401,9.28613,1.00,1.00
2016.08.23 13:14:47.931,9.28401,9.28613,1.00,1.00
2016.08.23 13:14:48.548,9.28386,9.28598,1.00,1.00
2016.08.23 13:14:48.599,9.28369,9.28583,1.00,1.00
2016.08.23 13:14:48.803,9.28393,9.28605,1.00,1.00
2016.08.23 13:14:48.904,9.28393,9.28605,1.00,1.00
2016.08.23 13:14:50.798,9.28375,9.28587,1.00,1.00
2016.08.23 13:14:52.291,9.28362,9.28574,1.00,1.00
2016.08.23 13:14:55.731,9.28376,9.28588,1.00,1.00
2016.08.23 13:14:58.710,9.2839,9.28602,1.00,1.00
2016.08.23 13:15:00.042,9.28413,9.28619,1.00,1.00
2016.08.23 13:15:01.029,9.28424,9.28636,1.00,1.00
2016.08.23 13:15:01.131,9.28445,9.28657,1.00,1.00
2016.08.23 13:15:01.234,9.28445,9.28657,1.00,1.00
2016.08.23 13:15:01.336,9.28461,9.28673,1.00,1.00
2016.08.23 13:15:01.863,9.28452,9.28664,1.00,1.00
2016.08.23 13:15:02.121,9.28452,9.28664,1.00,1.00
2016.08.23 13:15:03.123,9.28452,9.28664,1.00,1.00
2016.08.23 13:15:03.311,9.28465,9.28677,1.00,1.00
2016.08.23 13:15:03.768,9.2845,9.28662,1.00,1.00
2016.08.23 13:15:03.829,9.2845,9.28662,1.00,1.00
2016.08.23 13:15:08.450,9.28434,9.28646,1.00,1.00
2016.08.23 13:15:09.453,9.2842,9.28632,1.00,1.00
2016.08.23 13:15:09.775,9.28435,9.28647,1.00,1.00
2016.08.23 13:15:09.826,9.28435,9.28647,1.00,1.00
2016.08.23 13:15:10.451,9.28448,9.2866,1.00,1.00
2016.08.23 13:15:10.876,9.28435,9.28647,1.00,1.00
2016.08.23 13:15:15.445,9.28435,9.28647,1.00,1.00
2016.08.23 13:15:17.341,9.28448,9.2866,1.00,1.00
2016.08.23 13:15:18.973,9.2843,9.28642,1.00,1.00
2016.08.23 13:15:21.605,9.28445,9.28657,1.00,1.00
2016.08.23 13:15:27.449,9.28445,9.28657,1.00,1.00
2016.08.23 13:15:27.500,9.28431,9.28645,1.00,1.00
2016.08.23 13:15:27.805,9.28445,9.28657,1.00,1.00
2016.08.23 13:15:27.998,9.28426,9.28638,1.00,1.00
2016.08.23 13:15:28.049,9.28426,9.28638,1.00,1.00
2016.08.23 13:15:28.217,9.28426,9.28638,1.00,1.00
2016.08.23 13:15:29.153,9.28426,9.28638,1.00,1.00
2016.08.23 13:15:30.284,9.28445,9.28657,1.00,1.00
2016.08.23 13:15:30.386,9.28445,9.28657,1.37,1.00
2016.08.23 13:15:30.437,9.28445,9.28657,1.37,1.00
2016.08.23 13:15:30.488,9.28463,9.28675,1.00,1.00
2016.08.23 13:15:31.005,9.28463,9.28675,1.00,1.00
2016.08.23 13:15:31.959,9.28463,9.28675,1.00,1.00
2016.08.23 13:15:32.061,9.28463,9.28675,1.00,1.00
2016.08.23 13:15:32.468,9.28463,9.28675,1.37,1.00
2016.08.23 13:15:32.794,9.28463,9.28675,1.72,1.00
2016.08.23 13:15:32.947,9.28463,9.28675,1.35,1.00
2016.08.23 13:15:33.061,9.28463,9.28675,1.60,1.00
2016.08.23 13:15:33.413,9.28463,9.28675,1.60,1.00
2016.08.23 13:15:33.515,9.28477,9.28689,1.00,1.00
2016.08.23 13:15:33.618,9.28477,9.28689,1.00,1.00
2016.08.23 13:15:33.822,9.28462,9.28674,1.00,1.00
2016.08.23 13:15:38.538,9.28462,9.28674,1.60,1.00
2016.08.23 13:15:38.640,9.28462,9.28674,1.00,1.00
2016.08.23 13:15:38.741,9.28476,9.28688,1.00,1.00
2016.08.23 13:15:39.122,9.28476,9.28688,1.00,1.00
2016.08.23 13:15:39.510,9.28476,9.28688,1.00,1.00
2016.08.23 13:15:39.931,9.28476,9.28688,1.00,1.00
2016.08.23 13:15:40.827,9.28476,9.28688,1.00,1.00
2016.08.23 13:15:40.929,9.28463,9.28675,1.37,1.00
2016.08.23 13:15:40.979,9.28463,9.28675,1.00,1.00
2016.08.23 13:15:41.730,9.28457,9.28662,1.37,1.00
2016.08.23 13:15:44.415,9.2845,9.28662,1.37,1.00
2016.08.23 13:15:45.183,9.2845,9.28662,1.37,1.00
2016.08.23 13:15:45.234,9.2845,9.28662,1.00,1.00
2016.08.23 13:15:49.013,9.28437,9.28649,1.97,1.00
2016.08.23 13:15:49.654,9.28437,9.28649,1.97,1.00
2016.08.23 13:15:50.344,9.28437,9.28649,1.97,1.00
2016.08.23 13:15:53.028,9.28437,9.28649,1.97,1.00
2016.08.23 13:15:53.079,9.28437,9.28649,1.97,1.00
2016.08.23 13:15:53.130,9.28451,9.28663,1.00,1.00
2016.08.23 13:15:53.181,9.28451,9.28663,1.00,1.00
2016.08.23 13:15:53.448,9.2847,9.28682,1.00,1.00
2016.08.23 13:15:53.499,9.2847,9.28682,1.00,1.00
2016.08.23 13:15:53.549,9.2847,9.28682,1.00,1.00
2016.08.23 13:15:53.812,9.28489,9.28696,1.10,1.00
2016.08.23 13:15:54.571,9.28497,9.28709,1.00,1.00
2016.08.23 13:15:55.800,9.28534,9.28709,1.60,1.00
2016.08.23 13:15:55.852,9.28534,9.28729,1.60,1.00
2016.08.23 13:15:55.902,9.28534,9.28729,1.60,1.00
2016.08.23 13:15:56.004,9.28535,9.28747,1.60,1.00
2016.08.23 13:15:56.565,9.28543,9.28747,2.10,1.00
2016.08.23 13:15:56.810,9.28543,9.28747,2.10,1.00
2016.08.23 13:15:57.065,9.28547,9.28747,2.10,1.00
2016.08.23 13:15:57.116,9.28549,9.28747,1.60,1.00
2016.08.23 13:15:58.082,9.28549,9.28747,1.60,1.00
2016.08.23 13:15:58.235,9.2855,9.28762,1.70,1.00
2016.08.23 13:15:58.286,9.28566,9.28762,1.60,1.00
2016.08.23 13:15:58.337,9.28566,9.28779,1.60,1.00
2016.08.23 13:15:59.807,9.28566,9.28779,1.60,1.00
2016.08.23 13:16:00.815,9.28565,9.28779,1.70,1.00
2016.08.23 13:16:01.867,9.28558,9.2877,1.97,1.00
2016.08.23 13:16:03.837,9.28558,9.2877,1.97,1.00
2016.08.23 13:16:04.092,9.28571,9.28783,1.60,1.00
2016.08.23 13:16:04.143,9.28575,9.28783,1.60,1.00
2016.08.23 13:16:04.295,9.28603,9.28797,1.00,1.00
2016.08.23 13:16:04.360,9.28603,9.28803,1.00,1.00
2016.08.23 13:16:04.411,9.28603,9.28809,1.00,1.00
2016.08.23 13:16:04.513,9.28609,9.28809,1.37,1.00
2016.08.23 13:16:05.457,9.28622,9.28829,1.00,1.00
2016.08.23 13:16:05.559,9.28622,9.28834,1.00,1.00
2016.08.23 13:16:05.661,9.28635,9.28847,1.00,1.00
2016.08.23 13:16:05.813,9.28635,9.28847,1.00,1.00
2016.08.23 13:16:06.055,9.28635,9.28847,1.00,1.00
2016.08.23 13:16:07.057,9.28635,9.28847,1.00,1.00
2016.08.23 13:16:07.558,9.28635,9.28847,1.00,1.00
2016.08.23 13:16:07.609,9.28635,9.28847,1.00,1.00
2016.08.23 13:16:07.711,9.28622,9.28834,1.37,1.00
2016.08.23 13:16:08.362,9.28622,9.28834,1.37,1.00
2016.08.23 13:16:08.567,9.28622,9.28834,1.37,1.00
2016.08.23 13:16:08.668,9.28622,9.28834,1.00,1.00
2016.08.23 13:16:09.062,9.28622,9.28834,1.00,1.00
2016.08.23 13:16:09.113,9.28622,9.28834,1.00,1.00
2016.08.23 13:16:09.716,9.28609,9.28821,1.00,1.00
2016.08.23 13:16:10.066,9.28609,9.28821,1.00,1.00
2016.08.23 13:16:10.168,9.28622,9.28834,1.00,1.00
2016.08.23 13:16:10.219,9.28622,9.28834,1.00,1.00
2016.08.23 13:16:11.342,9.28622,9.28834,1.00,1.00
2016.08.23 13:16:11.465,9.28622,9.28834,1.00,1.00
2016.08.23 13:16:11.903,9.28635,9.28847,1.00,1.00
2016.08.23 13:16:12.070,9.28635,9.28847,1.00,1.00
2016.08.23 13:16:12.770,9.28635,9.28847,1.00,1.00
2016.08.23 13:16:13.383,9.28635,9.28847,1.00,1.00
2016.08.23 13:16:13.575,9.28635,9.28847,1.00,1.00
2016.08.23 13:16:13.677,9.28622,9.28834,1.37,1.00
2016.08.23 13:16:13.728,9.28622,9.28834,1.00,1.00
2016.08.23 13:16:14.125,9.28609,9.28821,1.00,1.00
2016.08.23 13:16:14.925,9.28609,9.28821,1.37,1.00
2016.08.23 13:16:15.695,9.28609,9.28821,1.00,1.00
2016.08.23 13:16:16.338,9.28609,9.28821,1.00,1.00
2016.08.23 13:16:16.440,9.28609,9.28821,1.00,1.00
2016.08.23 13:16:17.286,9.28593,9.28807,1.00,1.00
2016.08.23 13:16:17.566,9.28593,9.28807,1.00,1.00
2016.08.23 13:16:18.235,9.28577,9.28789,1.37,1.00
2016.08.23 13:16:18.692,9.28597,9.28806,1.00,1.00
2016.08.23 13:16:20.442,9.28577,9.28781,1.37,1.00
2016.08.23 13:16:20.493,9.28569,9.28781,1.97,1.00
2016.08.23 13:16:20.929,9.28569,9.28781,1.97,1.00
2016.08.23 13:16:20.980,9.28569,9.28781,2.47,1.00
2016.08.23 13:16:21.396,9.28582,9.28794,1.00,1.00
2016.08.23 13:16:21.903,9.28583,9.28795,1.00,1.00
2016.08.23 13:16:22.222,9.28583,9.28795,1.00,1.00
2016.08.23 13:16:22.800,9.28569,9.2878,1.97,1.00
2016.08.23 13:16:22.933,9.28581,9.28793,1.00,1.00
2016.08.23 13:16:25.006,9.28569,9.2878,1.97,1.00
2016.08.23 13:16:29.335,9.28569,9.2878,1.97,1.00
2016.08.23 13:16:29.437,9.28569,9.2878,1.97,1.00
2016.08.23 13:16:30.140,9.28569,9.2878,1.97,1.00
2016.08.23 13:16:30.242,9.28569,9.2878,1.97,1.00
2016.08.23 13:16:31.166,9.28581,9.28793,1.00,1.00
2016.08.23 13:16:31.867,9.28581,9.28793,1.00,1.00
2016.08.23 13:16:31.929,9.28569,9.2878,1.60,1.00
2016.08.23 13:16:33.069,9.28569,9.2878,1.35,1.00
2016.08.23 13:16:33.449,9.28569,9.2878,1.35,1.00
2016.08.23 13:16:33.554,9.28569,9.2878,1.35,1.00
2016.08.23 13:16:33.782,9.28569,9.2878,1.00,1.00
2016.08.23 13:16:34.951,9.28569,9.2878,1.00,1.00
2016.08.23 13:16:35.062,9.28569,9.2878,1.00,1.00
2016.08.23 13:16:36.171,9.28569,9.2878,1.00,1.00
2016.08.23 13:16:36.354,9.28569,9.2878,1.00,1.00
2016.08.23 13:16:39.548,9.28582,9.28794,1.00,1.00
2016.08.23 13:16:39.802,9.28582,9.28794,1.00,1.00
2016.08.23 13:16:39.910,9.28582,9.28794,1.00,1.00
2016.08.23 13:16:40.404,9.28582,9.28793,1.00,1.00
2016.08.23 13:16:40.455,9.28569,9.28774,1.00,1.00
2016.08.23 13:16:40.506,9.28569,9.28774,1.00,1.00
2016.08.23 13:16:40.607,9.28569,9.28774,1.00,1.00
2016.08.23 13:16:40.709,9.28574,9.28786,1.00,1.00
2016.08.23 13:16:40.760,9.28569,9.28773,1.00,1.00
2016.08.23 13:16:40.912,9.28569,9.28773,1.00,1.00
2016.08.23 13:16:41.014,9.28569,9.2876,1.00,1.00
2016.08.23 13:16:41.140,9.2855,9.2876,1.60,1.00
2016.08.23 13:16:41.191,9.2855,9.2876,1.60,1.00
2016.08.23 13:16:41.293,9.2855,9.2876,1.60,1.00
2016.08.23 13:16:41.445,9.28561,9.28773,1.35,1.00
2016.08.23 13:16:41.852,9.28558,9.2877,1.60,1.00
2016.08.23 13:16:41.903,9.28558,9.2877,1.60,1.00
2016.08.23 13:16:42.287,9.28576,9.28788,1.00,1.00
2016.08.23 13:16:44.827,9.28576,9.28786,1.00,1.00
2016.08.23 13:16:45.175,9.28569,9.28774,1.00,1.00
2016.08.23 13:16:45.799,9.28576,9.28786,1.00,1.00
2016.08.23 13:16:46.615,9.28576,9.28776,1.00,1.00
2016.08.23 13:16:46.717,9.28576,9.28786,1.00,1.00
2016.08.23 13:16:46.818,9.28576,9.28786,1.00,1.00
2016.08.23 13:16:46.971,9.28569,9.28775,1.00,1.00
2016.08.23 13:16:57.205,9.28569,9.28775,1.00,1.00
2016.08.23 13:17:01.439,9.28569,9.28766,1.00,1.00
2016.08.23 13:17:03.229,9.28569,9.28776,1.00,1.00
2016.08.23 13:17:04.031,9.28569,9.28778,1.00,1.00
2016.08.23 13:17:07.443,9.28587,9.28799,1.75,1.00
2016.08.23 13:17:07.545,9.28599,9.28807,1.37,1.00
2016.08.23 13:17:07.647,9.28599,9.28813,1.37,1.00
2016.08.23 13:17:07.958,9.28599,9.28806,1.37,1.00
2016.08.23 13:17:08.625,9.28599,9.28813,1.37,1.60
2016.08.23 13:17:08.727,9.28584,9.28796,1.00,1.00
2016.08.23 13:17:09.032,9.28568,9.28782,1.00,1.00
2016.08.23 13:17:14.838,9.28568,9.28782,4.50,1.00
2016.08.23 13:17:14.889,9.28571,9.28782,1.75,1.00
2016.08.23 13:17:14.940,9.2859,9.28804,1.37,1.00
2016.08.23 13:17:14.991,9.2859,9.28804,1.37,1.00
2016.08.23 13:17:16.113,9.2859,9.28804,1.37,1.00
2016.08.23 13:17:16.163,9.2859,9.28804,1.00,1.00
2016.08.23 13:17:16.316,9.28577,9.28789,1.00,1.00
2016.08.23 13:17:21.073,9.28577,9.28789,1.75,1.00
2016.08.23 13:17:21.276,9.28592,9.28804,1.37,1.00
2016.08.23 13:17:21.845,9.28596,9.28808,1.37,1.00
2016.08.23 13:17:22.072,9.28596,9.28808,1.00,1.00
2016.08.23 13:17:22.123,9.28596,9.28808,1.00,1.00
2016.08.23 13:17:22.174,9.28596,9.28808,1.00,1.00
2016.08.23 13:17:22.777,9.28582,9.28794,1.00,1.00
2016.08.23 13:17:23.179,9.28582,9.28794,1.00,1.00
2016.08.23 13:17:25.839,9.28582,9.28794,1.37,1.00
2016.08.23 13:17:26.067,9.28596,9.28808,1.00,1.00
2016.08.23 13:17:33.532,9.28596,9.28808,1.00,1.60
2016.08.23 13:17:33.634,9.28596,9.28808,1.00,1.60
2016.08.23 13:17:33.787,9.28582,9.28794,1.00,1.00
2016.08.23 13:17:33.838,9.28582,9.28794,1.00,1.75
2016.08.23 13:17:33.889,9.28582,9.28794,1.00,1.75
2016.08.23 13:17:33.993,9.28568,9.28782,1.00,1.75
2016.08.23 13:17:34.128,9.28555,9.28767,1.00,1.00
2016.08.23 13:17:34.294,9.28555,9.28767,1.60,1.00
2016.08.23 13:17:34.415,9.28555,9.28767,1.97,1.00
2016.08.23 13:17:34.466,9.28555,9.28767,1.97,1.00
2016.08.23 13:17:35.389,9.28555,9.28766,1.60,1.00
2016.08.23 13:17:35.958,9.28555,9.28767,1.60,1.00
2016.08.23 13:17:39.137,9.28555,9.28766,1.60,1.00
2016.08.23 13:17:40.283,9.28555,9.28766,1.00,1.00
2016.08.23 13:17:40.385,9.28541,9.28753,1.00,1.00
2016.08.23 13:17:40.538,9.28541,9.28676,1.00,2.10
2016.08.23 13:17:40.589,9.28528,9.28641,1.00,1.35
2016.08.23 13:17:40.690,9.28508,9.28639,1.00,1.35
2016.08.23 13:17:40.820,9.28467,9.28645,1.00,1.35
2016.08.23 13:17:40.871,9.28445,9.28643,1.00,1.35
2016.08.23 13:17:40.922,9.28425,9.28618,1.00,1.00
2016.08.23 13:17:40.973,9.28404,9.28618,1.00,1.00
2016.08.23 13:17:41.024,9.28394,9.28604,1.00,1.00
2016.08.23 13:17:41.435,9.28394,9.28604,1.50,1.00
2016.08.23 13:17:41.588,9.28394,9.28604,1.00,1.00
2016.08.23 13:17:41.639,9.28392,9.28604,1.00,1.00
2016.08.23 13:17:41.760,9.28377,9.28589,1.00,1.00
2016.08.23 13:17:41.811,9.28373,9.28585,1.00,1.00
2016.08.23 13:17:42.185,9.28359,9.28571,1.00,1.00
2016.08.23 13:17:44.895,9.28344,9.28556,1.00,1.00
2016.08.23 13:17:54.440,9.28331,9.28543,1.00,1.00
2016.08.23 13:17:55.431,9.28317,9.28531,1.00,1.00
2016.08.23 13:17:55.483,9.28317,9.28531,1.00,1.00
2016.08.23 13:17:55.534,9.28302,9.28514,1.00,1.00
2016.08.23 13:17:55.636,9.28288,9.28502,1.00,1.00
2016.08.23 13:17:55.686,9.28288,9.28502,1.00,1.00
2016.08.23 13:17:55.737,9.28269,9.28477,1.00,1.00
2016.08.23 13:17:55.788,9.28265,9.28477,1.37,1.00
2016.08.23 13:17:59.426,9.28251,9.28463,1.37,1.00
2016.08.23 13:18:01.754,9.28265,9.28477,1.00,1.00
2016.08.23 13:18:02.058,9.28265,9.28477,1.00,1.00
2016.08.23 13:18:03.537,9.28265,9.28477,1.00,1.00
2016.08.23 13:18:07.894,9.28265,9.28477,1.00,1.00
2016.08.23 13:18:07.946,9.28251,9.28463,1.37,1.00
2016.08.23 13:18:08.404,9.28251,9.28463,1.00,1.00
2016.08.23 13:18:10.641,9.2825,9.2845,1.00,1.00
2016.08.23 13:18:10.776,9.28238,9.2845,1.12,1.00
2016.08.23 13:18:14.897,9.28238,9.2845,1.12,1.00
2016.08.23 13:18:15.049,9.28225,9.28437,1.37,1.00
2016.08.23 13:18:15.210,9.28225,9.28437,1.00,1.00
2016.08.23 13:18:16.863,9.28225,9.28437,1.00,1.00
2016.08.23 13:18:16.965,9.28225,9.28437,1.00,1.00
2016.08.23 13:18:17.066,9.28225,9.28437,1.00,1.00
2016.08.23 13:18:17.192,9.28225,9.28437,1.00,1.00
2016.08.23 13:18:17.410,9.28225,9.28437,1.00,1.00
2016.08.23 13:18:18.196,9.28225,9.28437,1.00,1.00
2016.08.23 13:18:18.669,9.2824,9.28452,1.00,1.00
2016.08.23 13:18:21.870,9.28229,9.28441,1.00,1.00
2016.08.23 13:18:22.198,9.28242,9.28454,1.00,1.00
2016.08.23 13:18:27.628,9.28242,9.28454,1.00,1.00
2016.08.23 13:18:28.230,9.28242,9.28454,1.00,1.00
2016.08.23 13:18:28.281,9.28242,9.28454,1.00,1.00
2016.08.23 13:18:28.383,9.28255,9.28467,1.00,1.00
2016.08.23 13:18:28.611,9.28272,9.28484,1.00,1.00
2016.08.23 13:18:29.083,9.28255,9.28467,1.00,1.00
2016.08.23 13:18:29.891,9.28271,9.28483,1.00,1.00
2016.08.23 13:18:29.941,9.28271,9.28483,1.00,1.00
2016.08.23 13:18:30.050,9.28271,9.28483,1.00,1.00
2016.08.23 13:18:30.503,9.28285,9.28497,1.00,1.00
2016.08.23 13:18:30.554,9.28285,9.28497,1.00,1.00
2016.08.23 13:18:30.909,9.28298,9.2851,1.00,1.00
2016.08.23 13:18:30.961,9.28298,9.2851,1.00,1.00
2016.08.23 13:18:37.655,9.28298,9.2851,1.00,1.00
2016.08.23 13:18:37.706,9.28283,9.28495,1.12,1.00
2016.08.23 13:18:37.756,9.28283,9.28495,1.00,1.00
2016.08.23 13:18:37.909,9.28283,9.28495,1.00,1.00
2016.08.23 13:18:38.106,9.28283,9.28495,1.00,1.00
2016.08.23 13:18:38.207,9.2827,9.28482,1.37,1.00
2016.08.23 13:18:38.512,9.28283,9.28495,1.00,1.00
2016.08.23 13:18:39.308,9.28283,9.28495,1.00,1.00
2016.08.23 13:18:41.814,9.28286,9.28498,1.00,1.00
2016.08.23 13:18:52.064,9.28286,9.28498,1.00,1.00
2016.08.23 13:18:52.224,9.28303,9.28515,1.00,1.00
2016.08.23 13:18:52.478,9.28303,9.28515,1.00,1.00
2016.08.23 13:18:52.931,9.28316,9.28528,1.00,1.00
2016.08.23 13:18:57.587,9.28303,9.28515,1.00,1.00
2016.08.23 13:18:58.339,9.28303,9.28515,1.00,1.00
2016.08.23 13:18:58.389,9.28284,9.28496,1.00,1.00
2016.08.23 13:18:58.558,9.28284,9.28496,1.00,1.00
2016.08.23 13:18:58.998,9.28284,9.28496,1.00,1.00
2016.08.23 13:19:00.310,9.28284,9.28496,1.00,1.00
2016.08.23 13:19:00.674,9.28271,9.28483,1.00,1.00
2016.08.23 13:19:01.081,9.28271,9.28483,1.00,1.00
2016.08.23 13:19:01.381,9.28271,9.28483,1.00,1.00
2016.08.23 13:19:01.483,9.28284,9.28496,1.00,1.00
2016.08.23 13:19:01.864,9.28278,9.28492,1.00,1.00
2016.08.23 13:19:14.403,9.28278,9.28492,1.00,1.00
2016.08.23 13:19:17.537,9.28278,9.28492,1.00,1.00
2016.08.23 13:19:21.472,9.28264,9.28472,1.00,1.00
2016.08.23 13:19:21.859,9.28292,9.28489,1.00,1.00
2016.08.23 13:19:21.961,9.28292,9.28493,1.00,1.00
2016.08.23 13:19:22.063,9.28295,9.28507,1.00,1.00
2016.08.23 13:19:22.114,9.28295,9.28507,1.00,1.00
2016.08.23 13:19:22.287,9.28295,9.28507,1.00,1.00
2016.08.23 13:19:22.513,9.28295,9.28507,1.00,1.00
2016.08.23 13:19:23.034,9.28295,9.28507,1.00,1.00
2016.08.23 13:19:25.263,9.28304,9.28507,1.00,1.00
2016.08.23 13:19:25.315,9.28295,9.28507,1.00,1.00
2016.08.23 13:19:28.298,9.28304,9.28507,1.00,1.00
2016.08.23 13:19:28.410,9.28314,9.28521,1.00,1.00
2016.08.23 13:19:28.513,9.28324,9.28536,1.00,1.00
2016.08.23 13:19:28.616,9.28339,9.28551,1.00,1.00
2016.08.23 13:19:28.718,9.28354,9.28566,1.00,1.00
2016.08.23 13:19:29.100,9.28354,9.28566,1.00,1.00
2016.08.23 13:19:29.191,9.28372,9.28584,1.00,1.00
2016.08.23 13:19:29.242,9.28372,9.28584,1.00,1.00
2016.08.23 13:19:29.293,9.28398,9.2861,1.00,1.00
2016.08.23 13:19:29.983,9.28398,9.2861,1.00,1.00
2016.08.23 13:19:30.085,9.28421,9.2863,1.00,1.00
2016.08.23 13:19:30.136,9.28421,9.28633,1.00,1.00
2016.08.23 13:19:30.305,9.28444,9.28656,1.00,1.00
2016.08.23 13:19:30.406,9.28458,9.2867,1.00,1.00
2016.08.23 13:19:30.457,9.28458,9.2867,1.00,1.00
2016.08.23 13:19:30.978,9.28471,9.28683,1.00,1.00
2016.08.23 13:19:32.826,9.28471,9.28683,1.00,1.00
2016.08.23 13:19:32.878,9.28471,9.28683,1.00,1.00
2016.08.23 13:19:32.929,9.28455,9.28667,1.00,1.00
2016.08.23 13:19:39.845,9.28469,9.28681,1.00,1.00
2016.08.23 13:19:41.914,9.28475,9.28689,1.00,1.00
2016.08.23 13:19:50.695,9.28463,9.28675,1.00,1.00
2016.08.23 13:19:51.412,9.28463,9.28675,1.00,1.00
2016.08.23 13:19:51.522,9.28448,9.2866,1.00,1.00
2016.08.23 13:19:52.324,9.28462,9.28674,1.00,1.00
2016.08.23 13:19:54.134,9.28448,9.2866,1.00,1.00
2016.08.23 13:19:54.297,9.28448,9.2866,1.35,1.00
2016.08.23 13:19:55.031,9.28448,9.2866,1.00,1.00
2016.08.23 13:19:59.037,9.28461,9.28673,1.00,1.00
2016.08.23 13:20:00.576,9.28446,9.28658,1.00,1.00
2016.08.23 13:20:03.602,9.28446,9.28658,1.00,1.00
2016.08.23 13:20:05.654,9.28461,9.28673,1.00,1.00
2016.08.23 13:20:06.199,9.28475,9.28687,1.00,1.00
2016.08.23 13:20:06.518,9.28489,9.28701,1.00,1.00
2016.08.23 13:20:06.671,9.28489,9.28701,1.00,1.00
2016.08.23 13:20:09.659,9.28489,9.28701,1.00,1.00
2016.08.23 13:20:09.735,9.28476,9.28688,1.00,1.00
2016.08.23 13:20:09.938,9.28476,9.28688,1.00,1.00
2016.08.23 13:20:10.150,9.28476,9.28688,1.00,1.00
2016.08.23 13:20:10.672,9.28489,9.28701,1.00,1.00
2016.08.23 13:20:11.132,9.28489,9.28701,1.00,1.00
2016.08.23 13:20:11.256,9.28475,9.28687,1.00,1.00
2016.08.23 13:20:12.173,9.28489,9.28701,1.00,1.00
2016.08.23 13:20:12.656,9.28489,9.28701,1.00,1.00
2016.08.23 13:20:12.707,9.28467,9.28679,1.00,1.00
2016.08.23 13:20:13.325,9.28467,9.28679,1.00,1.00
2016.08.23 13:20:13.968,9.2848,9.28692,1.00,1.00
2016.08.23 13:20:14.708,9.2848,9.28692,1.00,1.00
2016.08.23 13:20:16.280,9.28467,9.28679,1.00,1.00
2016.08.23 13:20:16.886,9.28467,9.28679,1.00,1.00
2016.08.23 13:20:17.290,9.2848,9.28692,1.00,1.00
2016.08.23 13:20:17.782,9.2848,9.28692,1.00,1.00
2016.08.23 13:20:19.461,9.2848,9.28692,1.00,1.00
2016.08.23 13:20:19.692,9.2848,9.28692,1.00,1.00
2016.08.23 13:20:21.164,9.2848,9.28692,1.00,1.00
2016.08.23 13:20:21.797,9.28473,9.28685,1.00,1.00
2016.08.23 13:20:22.161,9.28473,9.28685,1.00,1.00
2016.08.23 13:20:23.085,9.28456,9.28668,1.00,1.00
2016.08.23 13:20:23.534,9.28456,9.28668,1.60,1.00
2016.08.23 13:20:23.687,9.28456,9.28668,1.60,1.00
2016.08.23 13:20:23.788,9.28442,9.28654,2.47,1.00
2016.08.23 13:20:24.471,9.28442,9.28654,2.10,1.00
2016.08.23 13:20:24.905,9.28442,9.28654,2.10,1.00
2016.08.23 13:20:24.994,9.28442,9.28639,1.35,1.00
2016.08.23 13:20:25.045,9.28442,9.28639,1.00,1.00
2016.08.23 13:20:25.306,9.28442,9.28639,1.60,1.00
2016.08.23 13:20:25.408,9.28442,9.28655,1.60,1.00
2016.08.23 13:20:25.510,9.28442,9.28641,1.60,1.00
2016.08.23 13:20:25.663,9.28429,9.28641,1.60,1.00
2016.08.23 13:20:25.866,9.28429,9.28641,1.60,1.00
2016.08.23 13:20:26.147,9.28443,9.28641,1.00,1.00
2016.08.23 13:20:27.122,9.28443,9.28654,1.00,1.00
2016.08.23 13:20:27.325,9.28443,9.28654,1.60,1.00
2016.08.23 13:20:27.399,9.28476,9.28672,1.00,1.00
2016.08.23 13:20:28.190,9.28476,9.28672,1.00,1.00
2016.08.23 13:20:28.849,9.2846,9.28672,1.00,1.00
2016.08.23 13:20:28.900,9.2846,9.28672,1.00,1.00
2016.08.23 13:20:29.207,9.2846,9.28672,1.00,1.00
2016.08.23 13:20:36.771,9.2846,9.28672,1.60,1.00
2016.08.23 13:20:36.872,9.28466,9.28672,1.60,1.00
2016.08.23 13:20:36.923,9.28473,9.28685,1.60,1.00
2016.08.23 13:20:41.297,9.28473,9.28685,1.00,1.00
2016.08.23 13:20:41.601,9.28473,9.28685,1.00,1.00
2016.08.23 13:20:41.906,9.28455,9.28666,1.00,1.00
2016.08.23 13:20:43.592,9.28455,9.28666,1.00,1.00
2016.08.23 13:20:45.355,9.28455,9.28654,1.00,1.00
2016.08.23 13:20:45.457,9.2844,9.28654,1.60,1.00
2016.08.23 13:20:50.442,9.2844,9.28654,1.60,1.00
2016.08.23 13:20:52.917,9.2844,9.28654,1.60,1.00
2016.08.23 13:21:00.445,9.2844,9.28654,1.60,1.00
2016.08.23 13:21:01.181,9.2843,9.28637,1.60,1.00
2016.08.23 13:21:01.368,9.2843,9.28637,1.60,1.00
2016.08.23 13:21:01.511,9.2843,9.28637,1.60,1.00
2016.08.23 13:21:01.756,9.2843,9.28641,1.60,1.00
2016.08.23 13:21:02.132,9.2843,9.28641,1.60,1.00
2016.08.23 13:21:03.434,9.2843,9.28641,1.60,1.00
2016.08.23 13:21:03.586,9.28443,9.28655,1.60,1.00
2016.08.23 13:21:11.988,9.28456,9.28668,1.00,1.00
2016.08.23 13:21:13.615,9.28443,9.28655,1.60,1.00
2016.08.23 13:21:14.000,9.28456,9.28668,1.00,1.00
2016.08.23 13:21:18.386,9.2844,9.28652,1.60,1.00
2016.08.23 13:21:18.602,9.28498,9.28673,1.60,1.50
2016.08.23 13:21:18.653,9.28491,9.28673,2.10,1.00
2016.08.23 13:21:18.704,9.28506,9.28694,1.60,1.00
2016.08.23 13:21:18.755,9.28506,9.28718,1.60,1.00
2016.08.23 13:21:18.806,9.28567,9.28726,1.00,1.50
2016.08.23 13:21:18.857,9.28567,9.28726,1.00,1.75
2016.08.23 13:21:18.908,9.28551,9.28734,1.00,1.35
2016.08.23 13:21:19.009,9.2852,9.28732,1.00,1.75
2016.08.23 13:21:19.060,9.2852,9.28724,1.00,1.35
2016.08.23 13:21:19.111,9.28506,9.2872,1.00,1.37
2016.08.23 13:21:19.213,9.28493,9.28705,1.00,1.00
2016.08.23 13:21:19.535,9.28493,9.28705,1.00,1.00
2016.08.23 13:21:20.122,9.28493,9.28705,1.00,1.00
2016.08.23 13:21:20.432,9.28493,9.28705,1.00,1.00
2016.08.23 13:21:20.549,9.28493,9.28705,1.00,1.00
2016.08.23 13:21:20.600,9.28512,9.28724,1.00,1.37
2016.08.23 13:21:21.825,9.28517,9.28729,1.00,1.37
2016.08.23 13:21:22.025,9.28517,9.28729,1.00,1.00
2016.08.23 13:21:26.887,9.28517,9.28729,1.00,1.00
2016.08.23 13:21:41.828,9.2852,9.28732,1.00,1.00
2016.08.23 13:22:01.802,9.28515,9.28727,1.00,1.00
2016.08.23 13:22:13.388,9.28531,9.28727,1.00,1.00
2016.08.23 13:22:13.438,9.28531,9.2874,1.00,1.00
2016.08.23 13:22:13.540,9.28545,9.28757,1.00,1.00
2016.08.23 13:22:15.520,9.28545,9.28757,1.60,1.00
2016.08.23 13:22:15.571,9.28545,9.28757,1.60,1.00
2016.08.23 13:22:15.622,9.2856,9.28757,1.60,1.00
2016.08.23 13:22:15.786,9.28561,9.28769,1.00,1.00
2016.08.23 13:22:15.939,9.28542,9.28754,1.00,1.00
2016.08.23 13:22:20.124,9.28542,9.2874,1.00,1.00
2016.08.23 13:22:21.903,9.2853,9.2872,1.00,1.00
2016.08.23 13:22:21.954,9.28518,9.2872,1.00,1.00
2016.08.23 13:22:22.535,9.28518,9.2871,1.00,1.00
2016.08.23 13:22:22.615,9.28518,9.2871,1.00,1.00
2016.08.23 13:22:22.738,9.28498,9.28686,1.00,1.00
2016.08.23 13:22:22.790,9.28488,9.2868,1.00,1.00
2016.08.23 13:22:23.098,9.28488,9.28663,1.00,1.00
2016.08.23 13:22:23.149,9.28476,9.28663,1.00,1.00
2016.08.23 13:22:23.201,9.28476,9.28636,1.00,1.00
2016.08.23 13:22:23.252,9.28444,9.28636,1.60,1.00
2016.08.23 13:22:23.737,9.28431,9.28636,1.60,1.00
2016.08.23 13:22:24.287,9.28431,9.28637,1.60,1.00
2016.08.23 13:22:30.795,9.28431,9.28626,1.60,1.00
2016.08.23 13:22:30.897,9.28431,9.28626,1.35,1.00
2016.08.23 13:22:30.948,9.28411,9.28617,1.60,1.00
2016.08.23 13:22:30.999,9.28403,9.28617,1.60,1.00
2016.08.23 13:22:31.050,9.28403,9.28614,1.00,1.00
2016.08.23 13:22:31.152,9.28389,9.28603,1.00,1.00
2016.08.23 13:22:31.203,9.28389,9.28596,1.00,1.00
2016.08.23 13:22:31.311,9.28377,9.28589,1.00,1.00
2016.08.23 13:22:31.367,9.28362,9.28573,1.00,1.00
2016.08.23 13:22:31.571,9.28324,9.28536,1.00,1.00
2016.08.23 13:22:31.672,9.28311,9.28523,1.00,1.00
2016.08.23 13:22:37.863,9.28295,9.28507,1.00,1.00
2016.08.23 13:22:40.618,9.28295,9.28507,1.00,1.00
2016.08.23 13:22:41.023,9.28295,9.28507,1.00,1.00
2016.08.23 13:22:41.074,9.28295,9.28507,1.00,1.00
2016.08.23 13:22:45.078,9.28284,9.28493,1.00,1.00
2016.08.23 13:22:45.282,9.28263,9.28475,1.00,1.00
2016.08.23 13:22:45.385,9.28243,9.28437,1.00,1.00
2016.08.23 13:22:45.436,9.28241,9.28437,1.00,1.00
2016.08.23 13:22:45.487,9.2822,9.28432,1.00,1.00
2016.08.23 13:22:45.589,9.28204,9.28416,1.60,1.00
2016.08.23 13:22:45.640,9.28204,9.28416,1.60,1.00
2016.08.23 13:22:45.691,9.28204,9.28416,1.60,1.00
2016.08.23 13:22:45.793,9.28204,9.28416,1.60,1.00
2016.08.23 13:22:45.895,9.28188,9.28402,1.60,1.00
2016.08.23 13:22:47.208,9.28199,9.28402,1.60,1.00
2016.08.23 13:22:50.717,9.28199,9.28402,1.60,1.00
2016.08.23 13:22:51.081,9.28199,9.28402,1.60,1.00
2016.08.23 13:22:52.286,9.28199,9.28402,1.60,1.00
2016.08.23 13:22:52.609,9.28199,9.28402,1.60,1.00
2016.08.23 13:22:57.931,9.28199,9.28402,1.60,1.00
2016.08.23 13:22:58.322,9.28199,9.28402,1.00,1.00
2016.08.23 13:22:58.475,9.28188,9.28402,1.00,1.00
2016.08.23 13:22:58.931,9.28207,9.28402,1.00,1.00
2016.08.23 13:22:59.040,9.28207,9.28402,1.00,1.37
2016.08.23 13:23:01.026,9.28207,9.28402,1.00,1.00
2016.08.23 13:23:01.813,9.28207,9.28395,1.00,1.00
2016.08.23 13:23:21.800,9.28207,9.28394,1.00,1.00
2016.08.23 13:23:31.317,9.28207,9.28382,1.00,1.00
2016.08.23 13:23:38.748,9.28207,9.28398,1.00,1.00
2016.08.23 13:23:59.156,9.28184,9.28398,1.00,1.00
2016.08.23 13:23:59.808,9.28184,9.28398,1.00,1.37
2016.08.23 13:24:01.761,9.28183,9.28395,1.00,1.37
2016.08.23 13:24:05.967,9.28183,9.28395,1.00,1.37
2016.08.23 13:24:17.180,9.28183,9.28395,1.00,1.37
2016.08.23 13:24:21.824,9.28184,9.28398,1.00,1.37
2016.08.23 13:24:30.175,9.28184,9.28398,1.50,1.37
2016.08.23 13:24:38.022,9.28184,9.28398,1.50,1.00
2016.08.23 13:24:41.882,9.28185,9.28397,1.00,1.00
2016.08.23 13:24:46.491,9.28185,9.28397,1.00,1.00
2016.08.23 13:24:47.598,9.28185,9.28397,1.00,1.00
2016.08.23 13:24:49.996,9.28185,9.28397,1.00,1.00
2016.08.23 13:24:53.099,9.28185,9.28397,1.00,1.00
2016.08.23 13:25:01.795,9.28186,9.28398,1.00,1.00
2016.08.23 13:25:04.761,9.28186,9.28398,1.00,1.00
2016.08.23 13:25:07.216,9.28172,9.28384,1.97,1.00
2016.08.23 13:25:13.429,9.28172,9.28384,1.60,1.00
2016.08.23 13:25:21.744,9.28171,9.28383,1.60,1.00
2016.08.23 13:25:30.081,9.28157,9.28369,1.60,1.00
2016.08.23 13:25:33.087,9.28157,9.28369,1.60,1.00
2016.08.23 13:25:33.789,9.28157,9.28369,1.60,1.00
2016.08.23 13:25:33.891,9.28157,9.28369,1.60,1.00
2016.08.23 13:25:35.795,9.28157,9.28369,1.60,1.00
2016.08.23 13:25:37.266,9.28157,9.28369,1.60,1.00
2016.08.23 13:25:38.002,9.28144,9.28356,1.72,1.00
2016.08.23 13:25:41.873,9.28152,9.28364,1.60,1.00
2016.08.23 13:25:45.919,9.28152,9.28364,1.60,1.00
2016.08.23 13:25:50.851,9.28152,9.28356,1.60,1.00
2016.08.23 13:25:55.662,9.28152,9.28346,1.60,1.00
2016.08.23 13:25:56.459,9.28152,9.28346,1.60,1.00
2016.08.23 13:25:56.510,9.28152,9.28357,1.60,1.00
2016.08.23 13:25:59.553,9.28144,9.2835,2.47,1.00
2016.08.23 13:26:00.707,9.28144,9.28346,2.47,1.00
2016.08.23 13:26:01.375,9.28144,9.2835,2.47,1.00
2016.08.23 13:26:01.426,9.28144,9.2835,2.47,1.00
2016.08.23 13:26:01.845,9.28144,9.28356,3.22,1.00
2016.08.23 13:26:03.815,9.28144,9.28343,2.47,1.00
2016.08.23 13:26:03.917,9.28144,9.28343,2.47,1.00
2016.08.23 13:26:04.349,9.28144,9.28343,2.47,1.00
2016.08.23 13:26:04.510,9.28144,9.28343,2.47,1.00
2016.08.23 13:26:04.612,9.28144,9.28343,2.47,1.00
2016.08.23 13:26:04.730,9.28144,9.28343,2.47,1.00
2016.08.23 13:26:04.780,9.28131,9.28343,1.97,1.00
2016.08.23 13:26:04.831,9.28131,9.28343,1.60,1.00
2016.08.23 13:26:04.933,9.28131,9.28343,1.60,1.00
2016.08.23 13:26:05.212,9.28131,9.28343,1.60,1.00
2016.08.23 13:26:05.613,9.28131,9.28343,1.60,1.00
2016.08.23 13:26:06.616,9.28131,9.28343,1.60,1.00
2016.08.23 13:26:07.417,9.28131,9.28343,1.60,1.00
2016.08.23 13:26:08.729,9.28131,9.28343,1.60,1.00
2016.08.23 13:26:09.744,9.28131,9.28343,1.60,1.00
2016.08.23 13:26:15.039,9.28131,9.28343,1.60,1.00
2016.08.23 13:26:15.143,9.28118,9.28329,2.47,1.00
2016.08.23 13:26:15.331,9.28118,9.28329,2.47,1.00
2016.08.23 13:26:15.433,9.2812,9.28329,2.47,1.00
2016.08.23 13:26:15.535,9.2812,9.28329,2.47,1.00
2016.08.23 13:26:15.586,9.2813,9.28342,1.60,1.00
2016.08.23 13:26:16.147,9.2813,9.28342,1.60,1.00
2016.08.23 13:26:16.350,9.2813,9.28342,1.60,1.00
2016.08.23 13:26:21.856,9.28131,9.28345,1.60,1.00
2016.08.23 13:26:22.864,9.28131,9.28345,1.35,1.00
2016.08.23 13:26:23.020,9.28131,9.2834,1.35,1.00
2016.08.23 13:26:26.556,9.28131,9.2834,1.35,1.00
2016.08.23 13:26:30.668,9.28131,9.2834,1.60,1.00
2016.08.23 13:26:30.769,9.28131,9.2834,1.00,1.00
2016.08.23 13:26:31.085,9.28131,9.28345,1.00,1.00
2016.08.23 13:26:31.136,9.28131,9.28345,1.60,1.00
2016.08.23 13:26:31.187,9.28131,9.28345,1.00,1.00
2016.08.23 13:26:31.238,9.28131,9.28345,1.37,1.00
2016.08.23 13:26:31.359,9.28152,9.28345,2.10,1.00
2016.08.23 13:26:31.410,9.28155,9.28361,2.10,1.00
2016.08.23 13:26:31.461,9.28155,9.28361,2.47,1.00
2016.08.23 13:26:31.512,9.28164,9.28376,1.97,1.00
2016.08.23 13:26:31.614,9.28177,9.28389,1.60,1.00
2016.08.23 13:26:32.088,9.2819,9.28402,1.60,1.00
2016.08.23 13:26:32.190,9.2819,9.28402,1.60,1.00
2016.08.23 13:26:32.777,9.2819,9.28402,1.60,1.50
2016.08.23 13:26:32.879,9.2819,9.28402,1.60,1.50
2016.08.23 13:26:32.930,9.2819,9.28402,1.60,1.00
2016.08.23 13:26:32.981,9.28205,9.28417,1.00,1.00
2016.08.23 13:26:33.925,9.28205,9.28417,1.00,1.00
2016.08.23 13:26:36.097,9.28205,9.28415,1.00,1.00
2016.08.23 13:26:36.277,9.28205,9.28415,1.00,1.00
2016.08.23 13:26:36.675,9.28205,9.28415,1.00,1.00
2016.08.23 13:26:37.638,9.28205,9.28417,1.00,1.00
2016.08.23 13:26:38.007,9.28205,9.28415,1.00,1.00
2016.08.23 13:26:38.790,9.28192,9.28404,1.60,1.00
2016.08.23 13:26:41.797,9.28193,9.28407,1.60,1.00
2016.08.23 13:26:43.474,9.28193,9.28407,1.60,1.00
2016.08.23 13:26:44.204,9.2821,9.28422,1.00,1.00
2016.08.23 13:26:44.418,9.2821,9.28422,1.00,1.00
2016.08.23 13:26:49.100,9.2821,9.28422,1.00,1.00
2016.08.23 13:26:49.211,9.28223,9.28435,1.00,1.00
2016.08.23 13:26:50.914,9.28209,9.28421,1.00,1.00
2016.08.23 13:26:54.572,9.28225,9.28437,1.00,1.37
2016.08.23 13:26:56.620,9.28225,9.28437,1.00,1.37
2016.08.23 13:26:56.722,9.28225,9.28437,1.00,1.37
2016.08.23 13:26:57.148,9.28211,9.28425,1.00,1.12
2016.08.23 13:26:57.402,9.28211,9.28425,1.00,1.12
2016.08.23 13:26:57.621,9.28199,9.28411,1.60,1.00
2016.08.23 13:26:57.811,9.28199,9.28411,1.60,1.00
2016.08.23 13:26:58.330,9.28199,9.28411,1.60,1.00
2016.08.23 13:26:58.431,9.28199,9.28411,1.60,1.00
2016.08.23 13:26:58.514,9.28199,9.28411,1.00,1.00
2016.08.23 13:26:58.565,9.28186,9.28398,1.60,1.00
2016.08.23 13:26:58.667,9.2817,9.28382,1.70,1.00
2016.08.23 13:26:58.718,9.2817,9.28382,1.60,1.00
2016.08.23 13:26:58.769,9.28157,9.28369,1.60,1.00
2016.08.23 13:26:59.023,9.28164,9.28369,1.60,1.00
2016.08.23 13:26:59.352,9.28164,9.28356,1.60,1.00
2016.08.23 13:26:59.656,9.28174,9.28339,1.60,1.00
2016.08.23 13:26:59.758,9.28174,9.28352,1.60,1.00
2016.08.23 13:26:59.873,9.28184,9.2838,1.00,1.00
2016.08.23 13:26:59.975,9.28184,9.28393,1.00,1.00
2016.08.23 13:27:00.028,9.28184,9.28393,1.60,1.00
2016.08.23 13:27:00.079,9.28184,9.28393,1.60,1.00
2016.08.23 13:27:00.130,9.28184,9.28393,1.70,1.00
2016.08.23 13:27:00.181,9.28198,9.28393,1.35,1.00
2016.08.23 13:27:00.238,9.28198,9.28393,1.72,1.00
2016.08.23 13:27:00.289,9.28217,9.28406,1.60,1.00
2016.08.23 13:27:00.343,9.28217,9.28423,1.60,1.00
2016.08.23 13:27:00.526,9.28233,9.28445,1.00,1.00
2016.08.23 13:27:00.577,9.28214,9.28426,1.60,1.00
2016.08.23 13:27:00.627,9.28214,9.28426,1.60,1.00
2016.08.23 13:27:00.780,9.28203,9.28413,1.60,1.00
2016.08.23 13:27:00.882,9.28201,9.28413,1.60,1.00
2016.08.23 13:27:00.984,9.28189,9.284,2.10,1.00
2016.08.23 13:27:01.035,9.282,9.284,1.60,1.00
2016.08.23 13:27:01.086,9.28204,9.28416,1.60,1.00
2016.08.23 13:27:01.297,9.28204,9.28416,1.00,1.00
2016.08.23 13:27:01.348,9.28204,9.28402,1.00,1.00
2016.08.23 13:27:01.450,9.28184,9.28396,1.10,1.00
2016.08.23 13:27:01.808,9.28184,9.28389,1.10,1.00
2016.08.23 13:27:01.859,9.28181,9.28389,1.37,1.00
2016.08.23 13:27:01.910,9.28181,9.28389,1.00,1.00
2016.08.23 13:27:21.933,9.28177,9.28389,1.00,1.50
2016.08.23 13:27:23.776,9.28177,9.28389,1.00,1.87
2016.08.23 13:27:25.280,9.28177,9.28389,1.00,1.87
2016.08.23 13:27:31.215,9.28177,9.28389,1.00,1.87
2016.08.23 13:27:31.599,9.28177,9.28389,1.00,1.87
2016.08.23 13:27:31.703,9.28177,9.28389,1.00,1.87
2016.08.23 13:27:32.499,9.28177,9.28389,1.00,1.87
2016.08.23 13:27:35.017,9.28177,9.28389,1.60,1.87
2016.08.23 13:27:35.153,9.28177,9.28389,1.60,1.50
2016.08.23 13:27:35.255,9.28189,9.28389,1.60,1.00
2016.08.23 13:27:35.306,9.28189,9.28403,1.60,1.00
2016.08.23 13:27:35.459,9.28208,9.28415,1.60,1.00
2016.08.23 13:27:35.560,9.28223,9.28435,1.00,1.00
2016.08.23 13:27:35.867,9.2825,9.28462,1.00,1.37
2016.08.23 13:27:35.918,9.2825,9.28462,1.00,1.37
2016.08.23 13:27:36.626,9.2825,9.28462,1.00,1.00
2016.08.23 13:27:37.541,9.2825,9.28462,1.00,1.00
2016.08.23 13:27:37.748,9.28265,9.28477,1.00,1.37
2016.08.23 13:27:37.800,9.28265,9.28477,1.00,1.00
2016.08.23 13:27:38.230,9.28265,9.28477,1.00,1.00
2016.08.23 13:27:39.115,9.28265,9.28477,1.00,1.00
2016.08.23 13:27:39.217,9.28265,9.28477,1.00,1.00
2016.08.23 13:27:41.889,9.28267,9.28479,1.00,1.00
2016.08.23 13:27:48.895,9.28267,9.28479,1.12,1.00
2016.08.23 13:27:49.044,9.28267,9.28479,1.72,1.00
2016.08.23 13:27:49.094,9.28267,9.28479,1.97,1.00
2016.08.23 13:27:49.197,9.28283,9.28495,1.60,1.00
2016.08.23 13:27:49.248,9.28283,9.28495,2.47,1.00
2016.08.23 13:27:49.299,9.28304,9.28515,2.10,1.00
2016.08.23 13:27:49.350,9.28304,9.28515,2.47,1.00
2016.08.23 13:27:49.401,9.28316,9.28528,1.97,1.00
2016.08.23 13:27:49.467,9.2833,9.28544,1.60,1.00
2016.08.23 13:27:49.518,9.2833,9.28544,1.60,1.00
2016.08.23 13:27:49.569,9.28351,9.28563,1.60,1.00
2016.08.23 13:27:49.671,9.28366,9.28578,1.00,1.00
2016.08.23 13:27:50.281,9.28366,9.28578,1.00,1.00
2016.08.23 13:27:52.054,9.28366,9.28578,1.00,1.00
2016.08.23 13:27:53.859,9.28374,9.28578,1.00,1.00
2016.08.23 13:27:55.363,9.28366,9.28578,1.00,1.00
2016.08.23 13:28:00.979,9.28374,9.28578,1.00,1.00
2016.08.23 13:28:01.329,9.28384,9.28578,1.00,1.00
2016.08.23 13:28:01.580,9.28374,9.28578,1.00,1.00
2016.08.23 13:28:01.831,9.28374,9.28573,1.00,1.00
2016.08.23 13:28:02.070,9.28361,9.28573,1.00,1.00
2016.08.23 13:28:02.383,9.28361,9.28573,1.00,1.00
2016.08.23 13:28:02.854,9.28361,9.28573,1.00,1.00
2016.08.23 13:28:03.330,9.28361,9.28573,1.00,1.37
2016.08.23 13:28:05.256,9.28364,9.28573,1.00,1.37
2016.08.23 13:28:05.367,9.28361,9.28573,1.00,1.37
2016.08.23 13:28:06.558,9.28364,9.28573,1.00,1.37
2016.08.23 13:28:08.098,9.28374,9.28573,1.00,1.37
2016.08.23 13:28:13.801,9.28361,9.28573,1.00,1.37
2016.08.23 13:28:14.430,9.28361,9.28573,1.00,1.00
2016.08.23 13:28:20.695,9.28364,9.28573,1.00,1.00
2016.08.23 13:28:21.294,9.28361,9.28573,1.00,1.00
2016.08.23 13:28:21.846,9.28368,9.28577,1.00,1.00
2016.08.23 13:28:27.482,9.28368,9.28577,1.00,1.00
2016.08.23 13:28:27.533,9.28368,9.28577,1.60,1.00
2016.08.23 13:28:28.567,9.28368,9.2858,1.60,1.00
2016.08.23 13:28:28.618,9.28368,9.2858,1.60,1.00
2016.08.23 13:28:28.896,9.28385,9.28597,1.60,1.00
2016.08.23 13:28:28.947,9.28385,9.28597,1.60,1.00
2016.08.23 13:28:29.151,9.28385,9.28597,1.60,1.00
2016.08.23 13:28:29.664,9.28372,9.28584,1.60,1.00
2016.08.23 13:28:32.582,9.28385,9.2859,1.60,1.00
2016.08.23 13:28:32.684,9.28385,9.28597,1.60,1.00
2016.08.23 13:28:32.791,9.28385,9.28597,1.60,1.00
2016.08.23 13:28:32.893,9.28402,9.28614,1.00,1.00
2016.08.23 13:28:34.718,9.28402,9.28614,1.00,1.00
2016.08.23 13:28:36.195,9.28402,9.28614,1.00,1.00
2016.08.23 13:28:40.413,9.28402,9.28614,1.00,1.37
2016.08.23 13:28:40.514,9.28389,9.28601,1.60,1.00
2016.08.23 13:28:41.816,9.28385,9.28597,1.60,1.00
2016.08.23 13:28:46.144,9.28385,9.28597,1.60,1.00
2016.08.23 13:28:46.410,9.28394,9.28597,1.60,1.00
2016.08.23 13:28:46.927,9.28404,9.28597,1.00,1.00
2016.08.23 13:28:47.124,9.28393,9.28597,1.60,1.00
2016.08.23 13:28:47.607,9.284,9.28602,1.60,1.00
2016.08.23 13:28:47.659,9.28403,9.28602,1.00,1.00
2016.08.23 13:28:47.812,9.28414,9.28602,1.60,1.00
2016.08.23 13:28:47.914,9.28414,9.28626,1.60,1.00
2016.08.23 13:28:48.130,9.28464,9.28646,1.60,1.00
2016.08.23 13:28:48.183,9.28464,9.28654,1.60,1.00
2016.08.23 13:28:48.235,9.28458,9.2867,1.60,1.00
2016.08.23 13:28:48.287,9.28458,9.2867,1.00,1.00
2016.08.23 13:28:48.389,9.28458,9.28639,1.00,1.00
2016.08.23 13:28:48.440,9.28454,9.28639,1.08,1.00
2016.08.23 13:28:48.506,9.28454,9.28614,1.08,1.00
2016.08.23 13:28:48.811,9.28454,9.28614,1.68,1.00
2016.08.23 13:28:49.142,9.28454,9.28614,1.68,1.00
2016.08.23 13:28:49.193,9.28454,9.28621,1.68,1.00
2016.08.23 13:28:50.396,9.28443,9.28621,1.21,1.00
2016.08.23 13:28:50.497,9.28444,9.28621,1.70,1.00
2016.08.23 13:28:53.440,9.28444,9.28621,1.76,1.00
2016.08.23 13:28:54.143,9.28444,9.28614,1.76,1.00
2016.08.23 13:28:58.127,9.28434,9.28614,1.00,1.00
2016.08.23 13:28:58.280,9.28434,9.28614,1.60,1.00
2016.08.23 13:28:58.330,9.28425,9.28614,1.60,1.00
2016.08.23 13:28:58.404,9.28425,9.28637,1.60,1.00
2016.08.23 13:28:58.506,9.28425,9.28637,2.10,1.00
2016.08.23 13:28:58.585,9.28442,9.28653,1.60,1.00
2016.08.23 13:28:58.636,9.28456,9.28653,1.60,1.00
2016.08.23 13:28:58.738,9.28456,9.28668,1.60,1.00
2016.08.23 13:28:58.789,9.28456,9.28668,1.00,1.00
2016.08.23 13:28:59.357,9.28456,9.28665,1.00,1.00
2016.08.23 13:28:59.610,9.28456,9.28665,1.60,1.00
2016.08.23 13:29:00.060,9.28456,9.28665,1.00,1.00
2016.08.23 13:29:00.112,9.28456,9.28655,1.00,1.00
2016.08.23 13:29:00.214,9.28456,9.28655,1.00,1.00
2016.08.23 13:29:00.266,9.2844,9.28627,1.00,1.00
2016.08.23 13:29:00.418,9.2844,9.28652,1.00,1.00
2016.08.23 13:29:00.745,9.28426,9.28638,1.00,1.00
2016.08.23 13:29:01.869,9.28417,9.28629,1.00,1.00
2016.08.23 13:29:02.022,9.28417,9.28629,1.00,1.00
2016.08.23 13:29:03.275,9.28403,9.28615,1.00,1.00
2016.08.23 13:29:03.380,9.28389,9.28601,1.00,1.00
2016.08.23 13:29:03.748,9.28376,9.28588,1.00,1.00
2016.08.23 13:29:04.378,9.28363,9.28575,1.00,1.00
2016.08.23 13:29:08.968,9.28376,9.28588,1.00,1.00
2016.08.23 13:29:09.547,9.28428,9.28588,2.10,1.00
2016.08.23 13:29:09.649,9.28454,9.28643,1.60,1.00
2016.08.23 13:29:09.750,9.28464,9.28678,1.60,1.00
2016.08.23 13:29:09.801,9.28493,9.28678,1.00,1.00
2016.08.23 13:29:09.853,9.28513,9.28696,1.00,1.00
2016.08.23 13:29:10.209,9.28513,9.28696,1.00,1.50
2016.08.23 13:29:10.352,9.28513,9.28686,1.00,1.00
2016.08.23 13:29:10.899,9.28513,9.28686,1.00,1.50
2016.08.23 13:29:11.069,9.28513,9.28686,1.00,1.00
2016.08.23 13:29:11.177,9.2854,9.28696,3.75,1.37
2016.08.23 13:29:11.399,9.28539,9.28706,3.75,1.37
2016.08.23 13:29:11.700,9.28539,9.28696,3.75,1.37
2016.08.23 13:29:12.078,9.28539,9.28696,3.75,1.75
2016.08.23 13:29:12.128,9.28539,9.28696,3.75,1.75
2016.08.23 13:29:12.180,9.28526,9.28712,1.00,1.75
2016.08.23 13:29:12.384,9.2847,9.28682,1.00,1.75
2016.08.23 13:29:12.435,9.2847,9.28676,1.00,1.75
2016.08.23 13:29:12.486,9.28453,9.28665,1.00,1.00
2016.08.23 13:29:12.537,9.28453,9.28665,1.00,1.00
2016.08.23 13:29:12.740,9.28464,9.28662,1.00,1.00
2016.08.23 13:29:12.791,9.28484,9.28696,1.00,1.00
2016.08.23 13:29:13.097,9.28471,9.28683,1.00,1.00
2016.08.23 13:29:14.736,9.28471,9.28669,1.00,1.00
2016.08.23 13:29:14.889,9.28456,9.28668,1.00,1.00
2016.08.23 13:29:16.815,9.28456,9.28668,1.00,1.00
2016.08.23 13:29:21.389,9.2847,9.28669,1.00,1.00
2016.08.23 13:29:21.892,9.28458,9.28669,1.00,1.00
2016.08.23 13:29:24.190,9.28445,9.28657,1.00,1.00
2016.08.23 13:29:28.295,9.28457,9.28669,1.00,1.00
2016.08.23 13:29:28.602,9.28444,9.28656,1.00,1.00
2016.08.23 13:29:29.578,9.28444,9.28656,1.00,1.00
2016.08.23 13:29:29.820,9.28458,9.28659,1.00,1.00
2016.08.23 13:29:30.411,9.28458,9.28663,1.00,1.00
2016.08.23 13:29:30.462,9.28458,9.28663,1.00,1.00
2016.08.23 13:29:30.666,9.28458,9.28663,1.00,1.00
2016.08.23 13:29:31.608,9.28458,9.28651,1.00,1.00
2016.08.23 13:29:31.720,9.28444,9.28644,1.00,1.00
2016.08.23 13:29:31.823,9.28428,9.2864,1.00,1.00
2016.08.23 13:29:32.326,9.28445,9.28644,1.00,1.00
2016.08.23 13:29:32.377,9.28445,9.28644,1.00,1.00
2016.08.23 13:29:32.500,9.28432,9.28644,1.00,1.50
2016.08.23 13:29:32.552,9.28432,9.28644,1.00,1.50
2016.08.23 13:29:32.603,9.28432,9.28639,1.00,1.00
2016.08.23 13:29:32.655,9.28432,9.28639,1.00,1.00
2016.08.23 13:29:32.706,9.28414,9.28628,1.60,1.00
2016.08.23 13:29:32.911,9.28434,9.28639,1.00,1.00
2016.08.23 13:29:33.064,9.28434,9.28639,1.00,1.00
2016.08.23 13:29:33.115,9.28418,9.2863,1.00,1.00
2016.08.23 13:29:33.235,9.28418,9.28628,1.00,1.00
2016.08.23 13:29:34.389,9.28418,9.28615,1.00,1.00
2016.08.23 13:29:34.441,9.28397,9.28609,1.60,1.00
2016.08.23 13:29:34.492,9.28397,9.28609,1.60,1.00
2016.08.23 13:29:34.801,9.28397,9.28603,1.60,1.00
2016.08.23 13:29:35.419,9.28383,9.28595,1.97,1.00
2016.08.23 13:29:35.470,9.28383,9.28595,1.60,1.00
2016.08.23 13:29:35.778,9.28397,9.28603,1.60,1.00
2016.08.23 13:29:35.879,9.28397,9.28609,1.60,1.00
2016.08.23 13:29:41.844,9.28403,9.28613,1.60,1.00
2016.08.23 13:29:42.004,9.28389,9.28601,1.60,1.00
2016.08.23 13:29:42.055,9.28403,9.28613,1.60,1.00
2016.08.23 13:29:42.245,9.2839,9.28602,1.60,1.00
2016.08.23 13:29:42.346,9.28403,9.28613,1.60,1.00
2016.08.23 13:29:42.448,9.28389,9.28601,1.60,1.00
2016.08.23 13:29:42.499,9.28389,9.28601,1.60,1.00
2016.08.23 13:29:42.626,9.28376,9.28588,1.60,1.00
2016.08.23 13:29:43.349,9.28376,9.28586,1.60,1.00
2016.08.23 13:29:45.536,9.28376,9.28586,1.00,1.00
2016.08.23 13:29:45.708,9.28376,9.28574,1.00,1.00
2016.08.23 13:29:45.759,9.28355,9.28567,1.00,1.00
2016.08.23 13:29:45.811,9.28355,9.28564,1.00,1.00
2016.08.23 13:29:49.246,9.28371,9.28564,1.00,1.00
2016.08.23 13:29:50.159,9.28358,9.28564,1.00,1.00
2016.08.23 13:29:54.712,9.28358,9.2857,1.00,1.00
2016.08.23 13:30:00.125,9.28358,9.28553,1.00,1.00
2016.08.23 13:30:00.448,9.28358,9.28533,1.00,1.00
2016.08.23 13:30:00.498,9.28342,9.28533,1.00,1.00
2016.08.23 13:30:01.792,9.28339,9.28533,1.00,1.00
2016.08.23 13:30:06.121,9.28352,9.28533,1.00,1.00
2016.08.23 13:30:07.688,9.28338,9.28533,1.00,1.00
2016.08.23 13:30:09.141,9.28338,9.2852,1.00,1.00
2016.08.23 13:30:09.192,9.28338,9.2852,1.00,1.00
2016.08.23 13:30:09.833,9.28325,9.2852,1.00,1.00
2016.08.23 13:30:10.762,9.28325,9.28507,1.00,1.00
2016.08.23 13:30:10.863,9.28325,9.28507,1.00,1.00
2016.08.23 13:30:11.016,9.28325,9.28537,1.00,1.50
2016.08.23 13:30:12.136,9.28338,9.28537,1.00,1.00
2016.08.23 13:30:12.452,9.28324,9.28537,1.00,1.00
2016.08.23 13:30:12.966,9.28324,9.28538,1.00,1.00
2016.08.23 13:30:14.126,9.28339,9.28551,1.00,1.00
2016.08.23 13:30:17.981,9.28353,9.28565,1.00,1.00
2016.08.23 13:30:21.769,9.28345,9.28559,1.00,1.00
2016.08.23 13:30:23.675,9.28364,9.28576,1.00,1.00
2016.08.23 13:30:24.953,9.28378,9.28586,1.00,1.00
2016.08.23 13:30:25.983,9.28378,9.28586,1.00,1.50
2016.08.23 13:30:26.170,9.28359,9.28571,1.10,1.00
2016.08.23 13:30:27.183,9.28359,9.28566,1.10,1.00
2016.08.23 13:30:27.838,9.28359,9.28566,1.10,1.00
2016.08.23 13:30:27.889,9.28359,9.28566,1.10,1.00
2016.08.23 13:30:30.141,9.28359,9.28566,1.00,1.00
2016.08.23 13:30:31.440,9.28359,9.28566,1.00,1.00
2016.08.23 13:30:31.491,9.28372,9.28566,1.00,1.00
2016.08.23 13:30:33.104,9.28372,9.28576,1.00,1.00
2016.08.23 13:30:33.691,9.28372,9.28584,1.00,1.00
2016.08.23 13:30:35.903,9.28372,9.28576,1.00,1.00
2016.08.23 13:30:36.107,9.28372,9.28584,1.00,1.00
2016.08.23 13:30:41.913,9.28369,9.28581,1.00,1.00
2016.08.23 13:30:43.305,9.28369,9.28576,1.00,1.00
2016.08.23 13:30:43.356,9.28369,9.28576,1.00,1.50
2016.08.23 13:30:43.407,9.28355,9.28567,1.37,1.00
2016.08.23 13:30:43.540,9.28355,9.28567,1.37,1.00
2016.08.23 13:30:43.610,9.28373,9.28576,1.00,1.50
2016.08.23 13:30:43.884,9.28373,9.28576,1.00,1.00
2016.08.23 13:30:44.191,9.28373,9.28566,1.00,1.00
2016.08.23 13:30:44.924,9.28373,9.28556,1.00,1.00
2016.08.23 13:30:44.975,9.28373,9.28556,1.00,1.00
2016.08.23 13:30:45.646,9.28373,9.28546,1.00,1.00
2016.08.23 13:30:46.549,9.28373,9.28546,1.00,1.00
2016.08.23 13:30:46.850,9.28373,9.28546,1.00,1.00
2016.08.23 13:30:47.051,9.28373,9.28546,1.00,1.00
2016.08.23 13:30:47.401,9.28373,9.28536,1.00,1.00
2016.08.23 13:30:47.452,9.28373,9.28536,1.00,1.00
2016.08.23 13:30:47.503,9.28359,9.28536,1.00,1.00
2016.08.23 13:30:47.554,9.28359,9.28536,1.10,1.00
2016.08.23 13:30:47.605,9.28344,9.28536,1.87,1.00
2016.08.23 13:30:47.772,9.28344,9.28536,1.87,1.00
2016.08.23 13:30:47.823,9.28362,9.28536,1.00,1.00
2016.08.23 13:30:47.925,9.28349,9.28536,1.37,1.00
2016.08.23 13:30:48.095,9.28349,9.28536,1.37,1.00
2016.08.23 13:30:48.196,9.28349,9.28536,1.00,1.00
2016.08.23 13:30:48.298,9.28335,9.28536,1.37,1.00
2016.08.23 13:30:48.349,9.28335,9.28536,1.37,1.00
2016.08.23 13:30:48.608,9.28348,9.28536,1.00,1.00
2016.08.23 13:30:48.724,9.28348,9.28536,1.00,1.00
2016.08.23 13:30:49.161,9.28348,9.28526,1.00,1.00
2016.08.23 13:30:49.860,9.28348,9.28526,1.00,1.00
2016.08.23 13:30:50.165,9.28348,9.28526,1.00,1.00
2016.08.23 13:30:50.238,9.28348,9.28526,1.00,1.00
2016.08.23 13:30:50.443,9.28348,9.28526,1.00,1.00
2016.08.23 13:30:50.777,9.28348,9.28526,1.00,1.00
2016.08.23 13:30:50.828,9.28334,9.28526,1.00,1.00
2016.08.23 13:30:50.980,9.28334,9.28536,1.00,1.00
2016.08.23 13:30:51.148,9.28334,9.28526,1.00,1.00
2016.08.23 13:30:51.464,9.28334,9.28526,1.00,1.00
2016.08.23 13:30:51.565,9.28334,9.28526,1.00,1.00
2016.08.23 13:30:51.616,9.28321,9.28526,1.00,1.00
2016.08.23 13:30:51.728,9.28333,9.28526,1.00,1.00
2016.08.23 13:30:51.779,9.28333,9.28526,1.00,1.00
2016.08.23 13:30:52.129,9.2832,9.28526,1.00,1.00
2016.08.23 13:30:52.332,9.2832,9.28526,1.00,1.00
2016.08.23 13:30:53.337,9.2832,9.28516,1.00,1.00
2016.08.23 13:30:55.374,9.2832,9.28506,1.00,1.00
2016.08.23 13:30:56.376,9.2832,9.28516,1.00,1.00
2016.08.23 13:30:56.478,9.2832,9.28516,1.00,1.00
2016.08.23 13:30:56.580,9.2832,9.28516,1.00,1.00
2016.08.23 13:30:56.699,9.2832,9.28516,1.00,1.00
2016.08.23 13:30:57.078,9.2832,9.28526,1.00,1.00
2016.08.23 13:30:59.189,9.2832,9.28516,1.00,1.00
2016.08.23 13:31:01.193,9.2832,9.28526,1.00,1.00
2016.08.23 13:31:01.860,9.28317,9.28526,1.00,1.00
2016.08.23 13:31:01.913,9.28317,9.28516,1.00,1.00
2016.08.23 13:31:02.223,9.28317,9.28516,1.00,1.00
2016.08.23 13:31:02.397,9.28317,9.28496,1.00,1.00
2016.08.23 13:31:02.499,9.28317,9.28486,1.00,1.00
2016.08.23 13:31:02.550,9.28303,9.28486,1.00,1.00
2016.08.23 13:31:02.601,9.28303,9.28506,1.00,1.50
2016.08.23 13:31:02.841,9.28286,9.28498,1.37,1.00
2016.08.23 13:31:03.149,9.28286,9.28496,1.37,1.00
2016.08.23 13:31:03.263,9.28299,9.28496,1.00,1.00
2016.08.23 13:31:03.314,9.28299,9.28496,1.00,1.50
2016.08.23 13:31:03.365,9.28299,9.28496,1.00,1.00
2016.08.23 13:31:03.640,9.28299,9.28486,1.00,1.00
2016.08.23 13:31:03.710,9.28299,9.28477,1.00,1.00
2016.08.23 13:31:04.066,9.28283,9.28477,1.00,1.00
2016.08.23 13:31:04.403,9.28283,9.28466,1.00,1.00
2016.08.23 13:31:04.533,9.28283,9.28466,1.00,1.00
2016.08.23 13:31:04.804,9.28283,9.28466,1.00,1.00
2016.08.23 13:31:05.337,9.28297,9.28466,1.00,1.00
2016.08.23 13:31:06.410,9.28297,9.28456,1.00,1.00
2016.08.23 13:31:07.614,9.28297,9.28446,1.00,1.00
2016.08.23 13:31:08.117,9.28297,9.28437,1.00,1.00
2016.08.23 13:31:08.774,9.28282,9.28437,1.00,1.00
2016.08.23 13:31:09.093,9.28282,9.28426,1.00,1.00
2016.08.23 13:31:09.319,9.28282,9.28426,1.00,1.00
2016.08.23 13:31:09.659,9.28293,9.28426,1.00,1.00
2016.08.23 13:31:12.934,9.28293,9.28416,1.00,1.00
2016.08.23 13:31:13.508,9.28293,9.28426,1.00,1.00
2016.08.23 13:31:14.436,9.28293,9.28416,1.00,1.00
2016.08.23 13:31:16.029,9.28293,9.28426,1.00,1.00
2016.08.23 13:31:19.933,9.28293,9.28436,1.00,1.00
2016.08.23 13:31:21.792,9.28298,9.28436,1.00,1.00
2016.08.23 13:31:23.076,9.28285,9.28436,1.00,1.00
2016.08.23 13:31:23.771,9.28285,9.28426,1.00,1.00
2016.08.23 13:31:24.164,9.28285,9.28436,1.00,1.00
2016.08.23 13:31:24.932,9.28285,9.28447,1.00,1.00
2016.08.23 13:31:25.720,9.28285,9.28446,1.00,1.00
2016.08.23 13:31:28.177,9.28285,9.28456,1.00,1.00
2016.08.23 13:31:28.227,9.28301,9.28456,1.00,1.00
2016.08.23 13:31:28.380,9.28301,9.28466,1.00,1.00
2016.08.23 13:31:29.465,9.28301,9.28466,1.00,1.00
2016.08.23 13:31:29.691,9.28301,9.28476,1.00,1.00
2016.08.23 13:31:29.846,9.28301,9.28496,1.00,1.00
2016.08.23 13:31:29.948,9.28301,9.28497,1.00,1.00
2016.08.23 13:31:29.998,9.28316,9.28497,1.00,1.00
2016.08.23 13:31:30.049,9.28316,9.28497,1.60,1.00
2016.08.23 13:31:30.152,9.28316,9.28526,1.60,1.00
2016.08.23 13:31:30.295,9.2833,9.28526,1.10,1.00
2016.08.23 13:31:30.347,9.2833,9.28526,1.37,1.00
2016.08.23 13:31:30.398,9.2833,9.28516,1.37,1.00
2016.08.23 13:31:30.684,9.2833,9.28526,1.37,1.00
2016.08.23 13:31:30.888,9.2833,9.28516,1.37,1.00
2016.08.23 13:31:31.339,9.28343,9.28516,1.12,1.00
2016.08.23 13:31:32.338,9.28356,9.28516,1.00,1.00
2016.08.23 13:31:32.389,9.28356,9.28526,1.00,1.00
2016.08.23 13:31:34.340,9.28342,9.28526,1.37,1.00
2016.08.23 13:31:34.391,9.28342,9.28516,1.37,1.00
2016.08.23 13:31:34.494,9.28342,9.28526,1.37,1.00
2016.08.23 13:31:35.035,9.28359,9.28536,1.00,1.00
2016.08.23 13:31:35.307,9.28373,9.28536,1.00,1.00
2016.08.23 13:31:35.408,9.28356,9.28536,1.00,1.00
2016.08.23 13:31:36.353,9.28371,9.28536,1.00,1.00
2016.08.23 13:31:37.295,9.28371,9.28546,1.00,1.00
2016.08.23 13:31:37.397,9.28371,9.28556,1.00,1.00
2016.08.23 13:31:37.499,9.28371,9.28556,1.00,1.00
2016.08.23 13:31:37.855,9.28386,9.28556,1.00,1.00
2016.08.23 13:31:40.121,9.28373,9.28567,1.00,1.00
2016.08.23 13:31:40.224,9.28388,9.28566,1.00,1.00
2016.08.23 13:31:40.325,9.28388,9.28566,1.00,1.50
2016.08.23 13:31:40.427,9.28375,9.28566,1.00,1.50
2016.08.23 13:31:41.253,9.28375,9.28556,1.00,1.00
2016.08.23 13:31:41.355,9.28375,9.28556,1.00,1.50
2016.08.23 13:31:41.512,9.28375,9.28547,1.00,1.00
2016.08.23 13:31:41.665,9.28362,9.28546,1.00,1.00
2016.08.23 13:31:41.821,9.28373,9.28546,1.00,1.00
2016.08.23 13:31:42.053,9.28361,9.28546,1.00,1.00
2016.08.23 13:31:42.918,9.28361,9.28526,1.00,1.00
2016.08.23 13:31:44.152,9.28361,9.28526,1.00,1.00
2016.08.23 13:31:45.152,9.28361,9.28516,1.00,1.00
2016.08.23 13:31:47.132,9.28361,9.28506,1.00,1.00
2016.08.23 13:31:49.439,9.28361,9.28516,1.00,1.00
2016.08.23 13:31:49.541,9.28361,9.28516,1.00,1.00
2016.08.23 13:31:50.719,9.28361,9.28526,1.00,1.00
2016.08.23 13:31:51.037,9.28361,9.28526,1.00,1.00
2016.08.23 13:31:52.968,9.28361,9.28536,1.00,1.00
2016.08.23 13:31:53.070,9.28361,9.28536,1.00,1.00
2016.08.23 13:31:53.394,9.28361,9.28526,1.00,1.00
2016.08.23 13:31:54.167,9.28361,9.28536,1.00,1.00
2016.08.23 13:31:55.172,9.28361,9.28526,1.00,1.00
2016.08.23 13:31:55.273,9.28361,9.28536,1.00,1.00
2016.08.23 13:31:56.274,9.28361,9.28526,1.00,1.00
2016.08.23 13:31:58.030,9.28361,9.28526,1.00,1.00
2016.08.23 13:32:00.833,9.28361,9.28526,1.00,1.00
2016.08.23 13:32:01.779,9.28364,9.28526,1.00,1.00
2016.08.23 13:32:03.538,9.28364,9.28526,1.00,1.00
2016.08.23 13:32:03.589,9.28356,9.28526,1.37,1.00
2016.08.23 13:32:03.921,9.28356,9.28516,1.37,1.00
2016.08.23 13:32:04.074,9.28356,9.28516,1.37,1.00
2016.08.23 13:32:04.224,9.28365,9.28516,1.00,1.00
2016.08.23 13:32:04.950,9.28365,9.28516,1.00,1.00
2016.08.23 13:32:05.190,9.28365,9.28527,1.00,1.00
2016.08.23 13:32:05.292,9.28365,9.28536,1.60,1.00
2016.08.23 13:32:05.343,9.28365,9.28536,1.60,1.00
2016.08.23 13:32:05.445,9.28386,9.28536,1.00,1.00
2016.08.23 13:32:05.547,9.28399,9.28546,1.00,1.00
2016.08.23 13:32:05.598,9.28399,9.28556,1.00,1.00
2016.08.23 13:32:05.857,9.28399,9.28546,1.00,1.00
2016.08.23 13:32:05.965,9.28399,9.28546,1.00,1.00
2016.08.23 13:32:06.079,9.28399,9.28546,1.00,1.00
2016.08.23 13:32:06.530,9.28399,9.28546,1.00,1.00
2016.08.23 13:32:06.683,9.28399,9.28566,1.00,1.00
2016.08.23 13:32:07.533,9.28413,9.28566,1.00,1.00
2016.08.23 13:32:08.537,9.28397,9.28566,1.00,1.00
2016.08.23 13:32:08.588,9.28397,9.28556,1.00,1.00
2016.08.23 13:32:08.804,9.28397,9.28566,1.00,1.00
2016.08.23 13:32:09.425,9.28397,9.28566,1.00,1.00
2016.08.23 13:32:09.527,9.28409,9.28566,1.00,1.00
2016.08.23 13:32:10.189,9.28409,9.28557,1.00,1.00
2016.08.23 13:32:10.731,9.28409,9.28556,1.00,1.00
2016.08.23 13:32:12.976,9.28409,9.28547,1.00,1.00
2016.08.23 13:32:15.031,9.28409,9.28556,1.00,1.00
2016.08.23 13:32:16.112,9.28409,9.28566,1.00,1.00
2016.08.23 13:32:16.606,9.28409,9.28556,1.00,1.00
2016.08.23 13:32:18.620,9.28409,9.28546,1.00,1.00
2016.08.23 13:32:19.160,9.28409,9.28566,1.00,1.00
2016.08.23 13:32:20.229,9.28409,9.28556,1.00,1.00
2016.08.23 13:32:20.938,9.28409,9.28566,1.00,1.00
2016.08.23 13:32:21.950,9.28405,9.28566,1.00,1.00
2016.08.23 13:32:22.636,9.28405,9.28557,1.00,1.00
2016.08.23 13:32:23.237,9.28405,9.28566,1.00,1.00
2016.08.23 13:32:28.201,9.28405,9.28576,1.00,1.00
2016.08.23 13:32:31.269,9.28405,9.28576,1.00,1.60
2016.08.23 13:32:31.378,9.28405,9.28576,1.00,1.60
2016.08.23 13:32:31.429,9.28367,9.28542,1.00,1.00
2016.08.23 13:32:31.480,9.28337,9.28542,1.00,1.00
2016.08.23 13:32:31.531,9.28337,9.28549,1.60,1.00
2016.08.23 13:32:31.582,9.28342,9.28518,1.60,1.00
2016.08.23 13:32:31.633,9.28342,9.28518,1.60,1.00
2016.08.23 13:32:31.685,9.28342,9.28542,1.60,1.00
2016.08.23 13:32:31.786,9.28361,9.28573,1.60,1.00
2016.08.23 13:32:31.888,9.28379,9.28576,1.00,1.00
2016.08.23 13:32:32.322,9.28379,9.28576,1.00,1.00
2016.08.23 13:32:32.920,9.28393,9.28576,1.00,1.00
2016.08.23 13:32:33.123,9.28393,9.28576,1.00,1.00
2016.08.23 13:32:34.722,9.28368,9.28566,1.00,1.00
2016.08.23 13:32:34.838,9.28349,9.28563,1.00,1.00
2016.08.23 13:32:34.889,9.28334,9.28546,1.00,1.00
2016.08.23 13:32:35.969,9.28334,9.28546,1.00,1.50
2016.08.23 13:32:36.284,9.28334,9.28536,1.00,1.00
2016.08.23 13:32:36.386,9.28334,9.28546,1.00,1.50
2016.08.23 13:32:36.911,9.28334,9.28536,1.00,1.00
2016.08.23 13:32:37.116,9.28334,9.28526,1.00,1.00
2016.08.23 13:32:37.943,9.28334,9.28516,1.00,1.00
2016.08.23 13:32:38.943,9.28334,9.28506,1.00,1.00
2016.08.23 13:32:40.947,9.28334,9.28516,1.00,1.00
2016.08.23 13:32:41.819,9.28336,9.28507,1.00,1.00
2016.08.23 13:32:43.727,9.28336,9.28496,1.00,1.00
2016.08.23 13:32:44.442,9.28336,9.28506,1.00,1.00
2016.08.23 13:32:44.631,9.28336,9.28496,1.00,1.00
2016.08.23 13:32:49.355,9.28336,9.28486,1.00,1.00
2016.08.23 13:32:50.369,9.28336,9.28477,1.00,1.00
2016.08.23 13:32:50.712,9.28336,9.28487,1.00,1.00
2016.08.23 13:32:51.871,9.28336,9.28477,1.00,1.00
2016.08.23 13:32:52.261,9.28321,9.28477,1.00,1.00
2016.08.23 13:32:52.312,9.28321,9.28477,1.00,1.00
2016.08.23 13:32:52.413,9.28321,9.28466,1.00,1.00
2016.08.23 13:32:52.464,9.28294,9.28466,1.00,1.00
2016.08.23 13:32:52.515,9.28294,9.28466,1.00,1.00
2016.08.23 13:32:52.566,9.28271,9.28466,1.00,1.60
2016.08.23 13:32:52.617,9.28257,9.28466,1.00,1.60
2016.08.23 13:32:52.719,9.2824,9.28452,1.00,1.00
2016.08.23 13:32:52.770,9.2824,9.28452,1.00,1.60
2016.08.23 13:32:53.107,9.2824,9.2845,1.00,1.60
2016.08.23 13:32:53.158,9.28227,9.28439,1.00,1.00
2016.08.23 13:32:53.209,9.28227,9.28439,1.00,1.00
2016.08.23 13:32:53.259,9.28204,9.28416,1.00,1.00
2016.08.23 13:32:53.310,9.28204,9.28416,1.60,1.00
2016.08.23 13:32:53.412,9.28226,9.28416,1.00,1.00
2016.08.23 13:32:53.463,9.28226,9.28433,1.00,1.00
2016.08.23 13:32:56.431,9.28226,9.28426,1.00,1.00
2016.08.23 13:32:57.099,9.28226,9.28416,1.00,1.00
2016.08.23 13:32:57.528,9.28226,9.28416,1.00,1.00
2016.08.23 13:32:58.096,9.28226,9.28406,1.00,1.00
2016.08.23 13:32:58.147,9.28226,9.28416,1.00,1.00
2016.08.23 13:32:58.748,9.28226,9.28416,1.00,1.00
2016.08.23 13:32:58.850,9.28226,9.28406,1.00,1.00
2016.08.23 13:32:59.351,9.28225,9.28406,1.00,1.00
2016.08.23 13:32:59.845,9.28225,9.28406,1.00,1.00
2016.08.23 13:33:00.202,9.28225,9.28396,1.00,1.00
2016.08.23 13:33:00.253,9.28225,9.28406,1.00,1.00
2016.08.23 13:33:00.355,9.28225,9.28406,1.00,1.00
2016.08.23 13:33:01.456,9.28225,9.28396,1.00,1.00
2016.08.23 13:33:01.534,9.28225,9.28396,1.00,1.00
2016.08.23 13:33:01.637,9.28231,9.28406,1.00,1.00
2016.08.23 13:33:01.943,9.28231,9.28406,1.00,1.00
2016.08.23 13:33:02.569,9.28231,9.28406,1.00,1.00
2016.08.23 13:33:02.771,9.28209,9.28406,1.00,1.00
2016.08.23 13:33:03.461,9.28209,9.28416,1.00,1.00
2016.08.23 13:33:04.013,9.28209,9.28417,1.00,1.00
2016.08.23 13:33:04.570,9.28209,9.28417,1.00,1.00
2016.08.23 13:33:04.621,9.28205,9.28417,1.00,1.00
2016.08.23 13:33:05.777,9.28192,9.28404,1.00,1.00
2016.08.23 13:33:07.120,9.28192,9.28404,1.37,1.00
2016.08.23 13:33:07.413,9.28206,9.28404,1.00,1.00
2016.08.23 13:33:14.268,9.28206,9.28404,1.00,1.00
2016.08.23 13:33:14.731,9.28206,9.28396,1.00,1.00
2016.08.23 13:33:15.290,9.28206,9.28386,1.00,1.00
2016.08.23 13:33:16.137,9.28206,9.28376,1.00,1.00
2016.08.23 13:33:16.596,9.28206,9.28366,1.00,1.00
2016.08.23 13:33:16.697,9.2818,9.28366,1.37,1.00
2016.08.23 13:33:17.301,9.2818,9.28356,1.37,1.00
2016.08.23 13:33:17.611,9.28178,9.28346,1.72,1.00
2016.08.23 13:33:17.663,9.28178,9.28346,1.72,1.00
2016.08.23 13:33:17.815,9.28165,9.28346,1.97,1.00
2016.08.23 13:33:18.602,9.28177,9.28346,1.97,1.00
2016.08.23 13:33:18.950,9.28177,9.28336,1.97,1.00
2016.08.23 13:33:21.057,9.28177,9.28346,1.97,1.00
2016.08.23 13:33:21.918,9.28173,9.28346,1.97,1.00
2016.08.23 13:33:22.260,9.28173,9.28356,1.97,1.00
2016.08.23 13:33:22.361,9.28173,9.28346,1.97,1.00
2016.08.23 13:33:25.445,9.28173,9.28356,1.97,1.00
2016.08.23 13:33:25.496,9.28186,9.28356,1.00,1.00
2016.08.23 13:33:27.049,9.28186,9.28346,1.00,1.00
2016.08.23 13:33:27.100,9.28186,9.28346,1.37,1.00
2016.08.23 13:33:27.151,9.28186,9.28357,1.37,1.00
2016.08.23 13:33:27.561,9.28194,9.28357,1.37,1.00
2016.08.23 13:33:29.674,9.28194,9.28366,1.37,1.00
2016.08.23 13:33:30.089,9.282,9.28366,1.12,1.00
2016.08.23 13:33:30.193,9.282,9.28376,1.12,1.00
2016.08.23 13:33:30.415,9.282,9.28386,1.50,1.00
2016.08.23 13:33:30.670,9.282,9.28376,1.50,1.00
2016.08.23 13:33:30.807,9.282,9.28386,1.50,1.00
2016.08.23 13:33:33.335,9.282,9.28386,1.00,1.00
2016.08.23 13:33:33.541,9.28194,9.28386,1.50,1.00
2016.08.23 13:33:35.544,9.28199,9.28386,1.00,1.00
2016.08.23 13:33:35.646,9.28199,9.28397,1.50,1.00
2016.08.23 13:33:35.799,9.28199,9.28397,2.10,1.00
2016.08.23 13:33:35.850,9.28199,9.28397,1.60,1.00
2016.08.23 13:33:35.951,9.28212,9.28424,1.60,1.00
2016.08.23 13:33:36.002,9.28212,9.28424,1.60,1.00
2016.08.23 13:33:36.053,9.28212,9.28424,1.00,1.00
2016.08.23 13:33:36.104,9.28212,9.28424,1.00,1.00
2016.08.23 13:33:36.257,9.28226,9.28436,1.00,1.00
2016.08.23 13:33:36.424,9.28196,9.28409,1.97,1.00
2016.08.23 13:33:36.526,9.28213,9.28425,1.00,1.00
2016.08.23 13:33:36.628,9.28228,9.28436,1.00,1.00
2016.08.23 13:33:36.949,9.28214,9.28426,1.00,1.00
2016.08.23 13:33:37.050,9.28214,9.28426,1.00,1.00
2016.08.23 13:33:37.152,9.28214,9.28426,1.00,1.50
2016.08.23 13:33:37.948,9.28214,9.28426,1.00,1.00
2016.08.23 13:33:39.826,9.28214,9.28426,1.00,1.37
2016.08.23 13:33:41.906,9.28209,9.28421,1.00,1.37
2016.08.23 13:33:45.219,9.28209,9.28421,1.00,1.37
2016.08.23 13:33:45.270,9.28196,9.28408,1.97,1.37
2016.08.23 13:33:45.320,9.28196,9.28408,1.60,1.37
2016.08.23 13:33:45.870,9.28196,9.28392,1.60,1.00
2016.08.23 13:33:46.105,9.28196,9.28392,1.60,1.00
2016.08.23 13:33:46.258,9.28228,9.28392,1.00,1.00
2016.08.23 13:33:52.663,9.28214,9.28392,1.00,1.00
2016.08.23 13:33:52.842,9.28214,9.28392,1.00,1.00
2016.08.23 13:33:52.943,9.28201,9.28392,1.60,1.00
2016.08.23 13:33:55.339,9.28204,9.28392,1.00,1.00
2016.08.23 13:33:55.740,9.28214,9.28392,1.00,1.00
2016.08.23 13:33:55.842,9.28204,9.28392,1.00,1.00
2016.08.23 13:33:57.543,9.28201,9.28392,1.60,1.00
2016.08.23 13:33:58.562,9.28201,9.28392,1.60,1.00
2016.08.23 13:33:58.951,9.28188,9.28392,1.60,1.00
2016.08.23 13:34:01.757,9.28192,9.28392,1.60,1.00
2016.08.23 13:34:02.070,9.28194,9.28392,1.60,1.00
2016.08.23 13:34:04.052,9.28204,9.28392,1.00,1.00
2016.08.23 13:34:04.154,9.28193,9.28392,1.60,1.00
2016.08.23 13:34:04.660,9.28204,9.28392,1.00,1.00
2016.08.23 13:34:04.761,9.28194,9.28392,1.60,1.00
2016.08.23 13:34:05.602,9.28214,9.28392,1.00,1.00
2016.08.23 13:34:05.654,9.28203,9.28392,1.00,1.00
2016.08.23 13:34:05.755,9.28194,9.28392,1.60,1.00
2016.08.23 13:34:05.857,9.28204,9.28392,1.00,1.00
2016.08.23 13:34:05.960,9.28194,9.28392,1.60,1.00
2016.08.23 13:34:06.301,9.28206,9.28392,1.00,1.00
2016.08.23 13:34:06.474,9.28214,9.28392,1.00,1.00
2016.08.23 13:34:08.161,9.28223,9.28392,1.00,1.00
2016.08.23 13:34:10.150,9.28224,9.28392,1.00,1.00
2016.08.23 13:34:10.893,9.28214,9.28392,1.00,1.00
2016.08.23 13:34:11.167,9.28224,9.28392,1.00,1.00
2016.08.23 13:34:13.550,9.28214,9.28392,1.00,1.00
2016.08.23 13:34:16.360,9.28224,9.28392,1.00,1.00
2016.08.23 13:34:22.082,9.28234,9.28392,1.00,1.00
2016.08.23 13:34:37.454,9.28234,9.28393,1.00,1.00
2016.08.23 13:34:37.955,9.28234,9.28431,1.00,1.00
2016.08.23 13:34:38.056,9.28234,9.28431,1.00,1.00
2016.08.23 13:34:38.159,9.28234,9.28441,1.50,1.00
2016.08.23 13:34:38.284,9.28234,9.28434,1.00,1.00
2016.08.23 13:34:38.488,9.28224,9.28434,1.00,1.00
2016.08.23 13:34:38.591,9.28234,9.28434,1.00,1.00
2016.08.23 13:34:39.342,9.28234,9.28417,1.00,1.00
2016.08.23 13:34:39.393,9.28224,9.28417,1.00,1.00
2016.08.23 13:34:39.637,9.28224,9.28431,1.00,1.00
2016.08.23 13:34:40.037,9.28224,9.28429,1.00,1.00
2016.08.23 13:34:40.139,9.28224,9.28416,1.00,1.00
2016.08.23 13:34:41.058,9.28223,9.28416,1.00,1.00
2016.08.23 13:34:41.726,9.28223,9.2842,1.00,1.00
2016.08.23 13:34:41.880,9.28214,9.2842,1.00,1.00
2016.08.23 13:34:42.359,9.28224,9.2842,1.00,1.00
2016.08.23 13:34:43.761,9.28214,9.2842,1.00,1.00
2016.08.23 13:34:48.809,9.28208,9.2842,1.00,1.00
2016.08.23 13:34:49.268,9.28208,9.2842,1.00,1.00
2016.08.23 13:34:49.471,9.28222,9.28434,1.00,1.00
2016.08.23 13:35:01.442,9.28222,9.28416,1.00,1.00
2016.08.23 13:35:01.876,9.28212,9.28416,1.00,1.00
2016.08.23 13:35:02.967,9.28212,9.28416,1.00,1.00
2016.08.23 13:35:03.087,9.28212,9.28392,1.00,1.00
2016.08.23 13:35:03.291,9.28199,9.28392,1.60,1.00
2016.08.23 13:35:03.527,9.28199,9.28392,1.60,1.00
2016.08.23 13:35:10.718,9.28183,9.28392,1.72,1.00
2016.08.23 13:35:11.788,9.28183,9.28382,1.72,1.00
2016.08.23 13:35:11.940,9.28201,9.28382,1.60,1.00
2016.08.23 13:35:12.534,9.28201,9.28382,1.60,1.00
2016.08.23 13:35:12.636,9.28187,9.28382,1.60,1.00
2016.08.23 13:35:14.225,9.282,9.28382,1.60,1.00
2016.08.23 13:35:16.835,9.282,9.28376,1.60,1.00
2016.08.23 13:35:17.056,9.282,9.28376,1.00,1.00
2016.08.23 13:35:18.031,9.28187,9.28376,1.00,1.00
2016.08.23 13:35:19.195,9.28187,9.28369,1.00,1.00
2016.08.23 13:35:21.549,9.28172,9.28369,1.60,1.00
2016.08.23 13:35:21.600,9.28172,9.28374,1.60,1.00
2016.08.23 13:35:21.833,9.28161,9.28373,1.60,1.00
2016.08.23 13:35:22.559,9.28175,9.28374,1.60,1.00
2016.08.23 13:35:22.762,9.28162,9.28374,1.60,1.50
2016.08.23 13:35:24.559,9.28176,9.28374,1.60,1.00
2016.08.23 13:35:24.914,9.28176,9.28374,1.60,1.00
2016.08.23 13:35:25.562,9.28189,9.28374,1.00,1.00
2016.08.23 13:35:25.718,9.28189,9.28369,1.00,1.00
2016.08.23 13:35:26.062,9.28174,9.28369,2.10,1.00
2016.08.23 13:35:26.566,9.28163,9.28369,1.60,1.00
2016.08.23 13:35:26.912,9.28163,9.28365,1.60,1.00
2016.08.23 13:35:27.912,9.28176,9.28365,1.60,1.00
2016.08.23 13:35:28.116,9.28176,9.28369,1.60,1.00
2016.08.23 13:35:30.240,9.28184,9.28369,1.00,1.00
2016.08.23 13:35:34.863,9.28193,9.28369,1.00,1.00
2016.08.23 13:35:36.060,9.28194,9.28369,1.00,1.00
2016.08.23 13:35:38.045,9.28184,9.28369,1.00,1.00
2016.08.23 13:35:42.312,9.28184,9.28369,1.00,1.50
2016.08.23 13:35:42.540,9.28174,9.28369,1.35,1.50
2016.08.23 13:35:42.642,9.28174,9.28369,1.60,1.50
2016.08.23 13:35:42.844,9.28164,9.28369,1.60,1.50
2016.08.23 13:35:43.527,9.28164,9.28363,1.60,1.00
2016.08.23 13:35:44.484,9.28157,9.28363,1.60,1.00
2016.08.23 13:35:45.500,9.28157,9.28363,1.60,1.00
2016.08.23 13:35:45.602,9.28144,9.28355,1.97,1.00
2016.08.23 13:35:45.672,9.28144,9.28355,1.97,1.00
2016.08.23 13:35:45.725,9.28144,9.2834,1.60,1.00
2016.08.23 13:35:45.879,9.28141,9.2834,2.10,1.00
2016.08.23 13:35:46.032,9.28141,9.28353,2.85,1.00
2016.08.23 13:35:46.241,9.28141,9.28353,1.60,1.00
2016.08.23 13:35:46.291,9.28141,9.28353,1.60,1.00
2016.08.23 13:35:47.809,9.28141,9.28353,1.60,1.00
2016.08.23 13:35:48.462,9.28144,9.28353,1.60,1.00
2016.08.23 13:35:48.513,9.28144,9.28353,1.60,1.00
2016.08.23 13:35:48.748,9.28141,9.28353,1.60,1.00
2016.08.23 13:35:49.003,9.28141,9.28353,1.60,1.00
2016.08.23 13:35:49.291,9.28141,9.28353,1.60,1.00
2016.08.23 13:35:49.366,9.28141,9.28353,1.60,1.00
2016.08.23 13:35:49.417,9.28141,9.28353,2.85,1.00
2016.08.23 13:35:49.628,9.28141,9.28353,1.60,1.00
2016.08.23 13:35:49.688,9.28141,9.28353,1.60,1.00
2016.08.23 13:35:49.887,9.28144,9.28353,1.60,1.00
2016.08.23 13:35:50.078,9.28144,9.28353,1.60,1.00
2016.08.23 13:35:50.180,9.28144,9.28339,1.60,1.00
2016.08.23 13:35:50.232,9.28144,9.28353,1.60,1.00
2016.08.23 13:35:50.283,9.28141,9.28353,1.60,1.00
2016.08.23 13:35:50.488,9.28141,9.28353,1.60,1.00
2016.08.23 13:35:50.908,9.28141,9.28353,1.60,1.00
2016.08.23 13:35:52.516,9.28141,9.28353,2.85,1.00
2016.08.23 13:35:52.567,9.28141,9.28353,1.60,1.00
2016.08.23 13:35:52.618,9.28141,9.28353,1.60,1.00
2016.08.23 13:35:52.821,9.28137,9.28339,2.10,1.00
2016.08.23 13:36:01.871,9.28137,9.28341,2.10,1.00
2016.08.23 13:36:02.057,9.2814,9.28341,2.10,1.00
2016.08.23 13:36:02.683,9.28143,9.28355,1.60,1.00
2016.08.23 13:36:02.968,9.28143,9.28355,1.60,1.00
2016.08.23 13:36:03.121,9.28143,9.28355,1.60,1.00
2016.08.23 13:36:03.172,9.28139,9.2834,2.10,1.00
2016.08.23 13:36:03.223,9.28139,9.2834,2.10,1.00
2016.08.23 13:36:03.653,9.28141,9.2834,2.10,1.00
2016.08.23 13:36:03.704,9.28141,9.2834,2.10,1.00
2016.08.23 13:36:04.214,9.28141,9.2834,2.10,1.00
2016.08.23 13:36:04.395,9.28141,9.2834,2.10,1.00
2016.08.23 13:36:04.497,9.28142,9.28354,1.60,1.00
2016.08.23 13:36:04.700,9.28142,9.28354,1.60,1.00
2016.08.23 13:36:05.171,9.28142,9.28354,1.60,1.00
2016.08.23 13:36:06.199,9.28142,9.28354,1.60,1.00
2016.08.23 13:36:06.300,9.28142,9.28354,1.60,1.00
2016.08.23 13:36:06.599,9.28142,9.28354,1.60,1.00
2016.08.23 13:36:07.860,9.28142,9.28354,1.60,1.00
2016.08.23 13:36:07.993,9.28127,9.28339,1.60,1.00
2016.08.23 13:36:08.146,9.28127,9.28339,1.60,1.00
2016.08.23 13:36:09.044,9.28127,9.28339,1.60,1.00
2016.08.23 13:36:10.810,9.28127,9.28339,1.60,1.00
2016.08.23 13:36:10.912,9.28143,9.28355,1.60,1.00
2016.08.23 13:36:10.963,9.28143,9.28355,1.60,1.00
2016.08.23 13:36:11.014,9.28158,9.28366,1.00,1.00
2016.08.23 13:36:11.065,9.28158,9.28324,1.00,1.60
2016.08.23 13:36:11.116,9.2811,9.28322,1.37,1.60
2016.08.23 13:36:11.167,9.2811,9.28304,1.00,1.00
2016.08.23 13:36:11.218,9.28086,9.28298,1.37,1.00
2016.08.23 13:36:11.270,9.28086,9.28281,1.00,1.00
2016.08.23 13:36:11.321,9.28049,9.28261,1.97,1.00
2016.08.23 13:36:11.423,9.28049,9.28261,1.60,1.00
2016.08.23 13:36:11.525,9.28064,9.28278,1.00,1.00
2016.08.23 13:36:12.047,9.28064,9.28278,1.00,1.00
2016.08.23 13:36:19.360,9.28064,9.28181,1.00,2.10
2016.08.23 13:36:19.411,9.28013,9.28175,1.00,2.10
2016.08.23 13:36:19.463,9.28013,9.28175,1.00,2.10
2016.08.23 13:36:19.514,9.27994,9.28175,1.00,2.10
2016.08.23 13:36:19.616,9.27954,9.2815,1.00,2.10
2016.08.23 13:36:19.790,9.27954,9.28147,1.00,2.10
2016.08.23 13:36:19.840,9.27954,9.2815,1.00,2.10
2016.08.23 13:36:19.892,9.27954,9.28136,1.00,1.60
2016.08.23 13:36:19.943,9.2794,9.28136,1.00,1.60
2016.08.23 13:36:20.008,9.27927,9.28136,1.00,1.60
2016.08.23 13:36:20.060,9.27927,9.28126,1.00,1.60
2016.08.23 13:36:20.112,9.27927,9.28106,1.00,1.00
2016.08.23 13:36:20.164,9.27927,9.28106,1.00,1.00
2016.08.23 13:36:20.215,9.27912,9.28126,1.00,1.60
2016.08.23 13:36:20.266,9.27912,9.28122,1.00,1.60
2016.08.23 13:36:20.318,9.27912,9.28016,1.00,1.00
2016.08.23 13:36:20.420,9.27897,9.28006,1.00,1.00
2016.08.23 13:36:20.591,9.27864,9.28016,1.00,1.00
2016.08.23 13:36:20.642,9.27851,9.28016,1.00,1.00
2016.08.23 13:36:20.694,9.27851,9.27996,1.00,1.00
2016.08.23 13:36:20.899,9.27851,9.28006,1.00,1.00
2016.08.23 13:36:20.950,9.27835,9.28006,1.00,1.00
2016.08.23 13:36:21.052,9.27821,9.28006,1.00,1.00
2016.08.23 13:36:21.152,9.27807,9.28006,1.00,1.00
2016.08.23 13:36:21.406,9.27807,9.28016,1.00,1.00
2016.08.23 13:36:21.509,9.27807,9.28006,1.00,1.00
2016.08.23 13:36:21.661,9.27807,9.28006,1.00,1.00
2016.08.23 13:36:21.787,9.27807,9.27997,1.00,1.00
2016.08.23 13:36:21.839,9.27803,9.27997,1.00,1.00
2016.08.23 13:36:21.941,9.27786,9.27996,1.60,1.00
2016.08.23 13:36:22.094,9.27786,9.27986,1.60,1.00
2016.08.23 13:36:22.145,9.27786,9.27986,1.35,1.00
2016.08.23 13:36:22.317,9.27786,9.27986,1.00,1.00
2016.08.23 13:36:22.520,9.27786,9.27976,1.00,1.00
2016.08.23 13:36:22.607,9.27786,9.27998,1.00,1.00
2016.08.23 13:36:22.912,9.27786,9.27996,1.00,1.00
2016.08.23 13:36:23.115,9.27786,9.27986,1.00,1.00
2016.08.23 13:36:23.524,9.27786,9.27986,1.60,1.00
2016.08.23 13:36:23.575,9.27786,9.27986,1.60,1.00
2016.08.23 13:36:23.626,9.278,9.27986,1.00,1.00
2016.08.23 13:36:23.932,9.27814,9.27986,1.00,1.50
2016.08.23 13:36:24.335,9.27814,9.27976,1.00,1.00
2016.08.23 13:36:24.437,9.27814,9.27976,1.00,1.50
2016.08.23 13:36:24.540,9.27814,9.27966,1.00,1.00
2016.08.23 13:36:24.642,9.278,9.27966,1.00,1.00
2016.08.23 13:36:24.747,9.278,9.27976,1.00,1.50
2016.08.23 13:36:24.798,9.278,9.27966,1.00,1.00
2016.08.23 13:36:25.333,9.278,9.27966,1.00,1.50
2016.08.23 13:36:25.456,9.278,9.27966,1.00,1.00
2016.08.23 13:36:25.610,9.278,9.27957,1.00,1.00
2016.08.23 13:36:25.997,9.27813,9.27957,1.00,1.00
2016.08.23 13:36:26.048,9.27798,9.27956,1.00,1.00
2016.08.23 13:36:26.581,9.27798,9.27957,1.00,1.00
2016.08.23 13:36:27.558,9.27812,9.27957,1.00,1.00
2016.08.23 13:36:28.035,9.27812,9.27946,1.00,1.00
2016.08.23 13:36:28.240,9.27799,9.27946,1.00,1.00
2016.08.23 13:36:28.465,9.27799,9.27946,1.00,1.00
2016.08.23 13:36:28.625,9.27812,9.27946,1.00,1.00
2016.08.23 13:36:28.677,9.27812,9.27946,1.00,1.50
2016.08.23 13:36:28.730,9.27812,9.27946,1.00,1.00
2016.08.23 13:36:28.832,9.27798,9.27936,1.00,1.00
2016.08.23 13:36:28.883,9.27798,9.27936,1.00,1.00
2016.08.23 13:36:30.440,9.27785,9.27926,1.60,1.00
2016.08.23 13:36:30.542,9.27785,9.27926,1.00,1.00
2016.08.23 13:36:30.593,9.27785,9.27926,1.00,1.00
2016.08.23 13:36:30.644,9.27857,9.28026,2.85,1.00
2016.08.23 13:36:30.746,9.27871,9.28026,1.35,1.00
2016.08.23 13:36:30.797,9.27852,9.28026,3.75,1.00
2016.08.23 13:36:30.848,9.27892,9.28066,1.00,1.00
2016.08.23 13:36:30.967,9.27868,9.28006,1.00,1.42
2016.08.23 13:36:31.069,9.27868,9.27996,1.00,1.20
2016.08.23 13:36:31.170,9.2785,9.27986,1.00,1.00
2016.08.23 13:36:31.272,9.27834,9.27996,1.00,1.00
2016.08.23 13:36:31.323,9.27834,9.27986,1.00,1.00
2016.08.23 13:36:31.374,9.27851,9.27986,1.00,1.00
2016.08.23 13:36:31.425,9.27851,9.27996,1.00,1.00
2016.08.23 13:36:32.075,9.27851,9.28004,1.00,1.00
2016.08.23 13:36:32.178,9.27838,9.28004,1.00,1.00
2016.08.23 13:36:32.276,9.27825,9.28004,1.37,1.00
2016.08.23 13:36:32.649,9.27825,9.27996,1.37,1.00
2016.08.23 13:36:32.816,9.27825,9.27996,1.37,1.00
2016.08.23 13:36:32.968,9.27825,9.28004,1.00,1.00
2016.08.23 13:36:33.155,9.27812,9.27996,1.37,1.00
2016.08.23 13:36:33.773,9.27812,9.27986,1.37,1.00
2016.08.23 13:36:34.377,9.27812,9.27976,1.37,1.00
2016.08.23 13:36:34.478,9.27812,9.27976,1.37,1.00
2016.08.23 13:36:34.644,9.27812,9.27976,1.37,1.00
2016.08.23 13:36:34.745,9.27812,9.27976,1.37,1.00
2016.08.23 13:36:35.288,9.27812,9.27976,1.37,1.00
2016.08.23 13:36:35.757,9.27812,9.27966,1.37,1.00
2016.08.23 13:36:35.859,9.27812,9.27966,1.37,1.00
2016.08.23 13:36:35.961,9.27797,9.27966,1.37,1.50
2016.08.23 13:36:36.144,9.27797,9.27956,1.37,1.00
2016.08.23 13:36:36.812,9.27797,9.27956,1.37,1.00
2016.08.23 13:36:36.863,9.27797,9.27946,1.37,1.00
2016.08.23 13:36:36.914,9.27797,9.27946,1.00,1.00
2016.08.23 13:36:36.978,9.27783,9.27946,1.00,1.00
2016.08.23 13:36:37.080,9.27783,9.27946,1.00,1.00
2016.08.23 13:36:38.062,9.27783,9.27936,1.00,1.00
2016.08.23 13:36:39.349,9.27783,9.27936,1.00,1.00
2016.08.23 13:36:39.867,9.27851,9.27979,1.60,1.00
2016.08.23 13:36:39.918,9.27855,9.28016,1.60,1.00
2016.08.23 13:36:39.969,9.2787,9.28036,1.60,1.00
2016.08.23 13:36:40.020,9.2787,9.28036,1.60,1.00
2016.08.23 13:36:40.071,9.27916,9.28056,1.00,1.00
2016.08.23 13:36:40.195,9.27916,9.28056,1.00,1.00
2016.08.23 13:36:40.246,9.27895,9.28056,1.60,1.00
2016.08.23 13:36:40.297,9.27912,9.28056,1.00,1.00
2016.08.23 13:36:40.399,9.27927,9.28026,1.00,1.00
2016.08.23 13:36:40.500,9.27904,9.28076,1.00,1.00
2016.08.23 13:36:40.856,9.27904,9.28057,1.00,1.00
2016.08.23 13:36:41.084,9.27878,9.28055,1.00,1.00
2016.08.23 13:36:41.186,9.27864,9.28055,1.00,1.00
2016.08.23 13:36:41.772,9.27866,9.28055,1.00,1.00
2016.08.23 13:36:42.055,9.27852,9.28055,1.00,1.00
2016.08.23 13:36:42.388,9.27852,9.2803,1.00,1.00
2016.08.23 13:36:43.003,9.27832,9.2803,1.00,1.00
2016.08.23 13:36:43.527,9.27832,9.2803,1.00,1.00
2016.08.23 13:36:43.578,9.27832,9.28016,1.00,1.00
2016.08.23 13:36:44.080,9.27832,9.28026,1.00,1.00
2016.08.23 13:36:44.131,9.27832,9.28004,1.00,1.00
2016.08.23 13:36:44.700,9.27819,9.28004,1.00,1.00
2016.08.23 13:36:44.817,9.27797,9.28004,1.00,1.00
2016.08.23 13:36:44.869,9.27797,9.28009,1.00,1.00
2016.08.23 13:36:45.232,9.27797,9.28004,1.00,1.00
2016.08.23 13:36:51.796,9.27797,9.28004,1.00,1.00
2016.08.23 13:36:53.050,9.27797,9.27996,1.00,1.00
2016.08.23 13:36:53.202,9.27783,9.27995,1.00,1.00
2016.08.23 13:36:53.321,9.27783,9.27995,1.00,1.00
2016.08.23 13:36:53.423,9.27783,9.27995,1.00,1.00
2016.08.23 13:36:54.526,9.27783,9.27995,1.60,1.00
2016.08.23 13:36:55.640,9.27783,9.27986,1.60,1.00
2016.08.23 13:36:55.824,9.27783,9.27986,1.60,1.00
2016.08.23 13:36:56.176,9.27783,9.27976,1.60,1.00
2016.08.23 13:36:57.120,9.27783,9.27967,1.60,1.00
2016.08.23 13:36:57.272,9.27783,9.27952,1.00,1.00
2016.08.23 13:36:57.323,9.2777,9.27952,1.00,1.00
2016.08.23 13:36:57.530,9.2777,9.27952,1.60,1.00
2016.08.23 13:36:57.768,9.2777,9.27952,1.00,1.00
2016.08.23 13:36:58.313,9.27757,9.27952,1.60,1.00
2016.08.23 13:36:59.578,9.27757,9.27928,1.60,1.00
2016.08.23 13:37:00.180,9.27782,9.27928,1.00,1.00
2016.08.23 13:37:03.225,9.27757,9.27928,1.60,1.00
2016.08.23 13:37:12.275,9.27772,9.27928,2.10,1.00
2016.08.23 13:37:12.326,9.27792,9.27956,1.60,1.00
2016.08.23 13:37:12.428,9.27792,9.2796,1.60,1.00
2016.08.23 13:37:12.479,9.27792,9.27964,1.60,1.00
2016.08.23 13:37:12.683,9.27807,9.27964,1.60,1.00
2016.08.23 13:37:13.213,9.27808,9.27964,1.60,1.00
2016.08.23 13:37:15.322,9.27807,9.27928,1.00,1.00
2016.08.23 13:37:15.373,9.27807,9.27928,1.00,1.00
2016.08.23 13:37:15.424,9.27807,9.27928,1.00,1.00
2016.08.23 13:37:15.476,9.27789,9.27928,1.00,1.00
2016.08.23 13:37:15.527,9.27789,9.27928,1.00,1.00
2016.08.23 13:37:15.578,9.27765,9.27928,1.60,1.00
2016.08.23 13:37:15.680,9.27763,9.27928,1.60,1.00
2016.08.23 13:37:16.072,9.27763,9.27928,1.00,1.00
2016.08.23 13:37:17.288,9.27839,9.2796,2.10,1.00
2016.08.23 13:37:17.394,9.27834,9.28006,2.10,1.00
2016.08.23 13:37:17.446,9.27856,9.28024,1.60,1.00
2016.08.23 13:37:17.498,9.27856,9.27992,1.60,1.00
2016.08.23 13:37:17.549,9.27861,9.27992,1.60,1.00
2016.08.23 13:37:17.600,9.2788,9.27976,1.00,1.00
2016.08.23 13:37:17.702,9.2788,9.27976,1.00,1.00
2016.08.23 13:37:17.805,9.27862,9.27976,1.00,1.00
2016.08.23 13:37:17.856,9.27817,9.27976,1.60,1.00
2016.08.23 13:37:18.479,9.27819,9.27976,1.60,1.00
2016.08.23 13:37:19.127,9.27819,9.27988,1.60,1.00
2016.08.23 13:37:20.093,9.27827,9.27988,1.60,1.00
2016.08.23 13:37:20.194,9.27855,9.27988,1.00,1.00
2016.08.23 13:37:20.296,9.27828,9.27994,1.60,1.00
2016.08.23 13:37:20.347,9.27835,9.27994,3.75,1.00
2016.08.23 13:37:20.798,9.27836,9.27994,1.35,1.00
2016.08.23 13:37:20.863,9.27842,9.27994,1.75,1.00
2016.08.23 13:37:21.017,9.27842,9.27994,1.00,1.00
2016.08.23 13:37:21.118,9.27832,9.27994,1.35,1.00
2016.08.23 13:37:21.271,9.27832,9.27994,1.00,1.00
2016.08.23 13:37:21.423,9.27821,9.27994,1.37,1.00
2016.08.23 13:37:21.677,9.27819,9.27957,1.00,1.00
2016.08.23 13:37:21.990,9.27811,9.27957,1.00,1.00
2016.08.23 13:37:22.092,9.27796,9.27957,1.00,1.00
2016.08.23 13:37:22.523,9.27818,9.27957,1.00,1.00
2016.08.23 13:37:22.574,9.27818,9.27957,1.60,1.00
2016.08.23 13:37:22.773,9.27831,9.27958,1.00,1.00
2016.08.23 13:37:23.024,9.27831,9.27958,1.60,1.00
2016.08.23 13:37:23.126,9.27831,9.27978,1.60,1.00
2016.08.23 13:37:30.915,9.27844,9.27978,1.00,1.00
2016.08.23 13:37:35.729,9.27844,9.28026,1.00,1.37
2016.08.23 13:37:38.039,9.27844,9.28032,1.00,1.37
2016.08.23 13:37:39.579,9.27829,9.28032,1.00,1.37
2016.08.23 13:37:39.681,9.2782,9.28032,1.37,1.37
2016.08.23 13:37:39.732,9.2782,9.28032,1.00,1.37
2016.08.23 13:37:39.783,9.27806,9.28013,1.37,1.37
2016.08.23 13:37:39.939,9.27806,9.27984,1.00,1.37
2016.08.23 13:37:40.041,9.27795,9.27984,1.00,1.37
2016.08.23 13:37:40.853,9.27795,9.27984,1.00,1.37
2016.08.23 13:37:41.846,9.27795,9.2797,1.00,1.37
2016.08.23 13:37:42.151,9.27795,9.2797,1.00,1.37
2016.08.23 13:37:46.023,9.27773,9.2797,1.37,1.37
2016.08.23 13:37:46.264,9.27773,9.2797,1.72,1.37
2016.08.23 13:37:46.524,9.27773,9.2797,1.97,1.37
2016.08.23 13:37:47.825,9.27773,9.2797,1.37,1.37
2016.08.23 13:37:47.876,9.27769,9.2797,1.37,1.37
2016.08.23 13:37:47.978,9.27769,9.27956,1.00,1.37
2016.08.23 13:37:48.028,9.27763,9.27956,1.60,1.37
2016.08.23 13:37:48.079,9.27763,9.27954,1.60,1.37
2016.08.23 13:37:48.264,9.27763,9.27954,1.00,1.37
2016.08.23 13:37:48.315,9.27763,9.27946,1.00,1.37
2016.08.23 13:37:49.947,9.27763,9.27936,1.00,1.37
2016.08.23 13:37:50.825,9.27746,9.27926,1.00,1.37
2016.08.23 13:37:50.876,9.27746,9.27926,1.00,1.87
2016.08.23 13:37:50.979,9.27732,9.27906,1.60,1.37
2016.08.23 13:37:51.030,9.27725,9.27871,1.00,1.37
2016.08.23 13:37:51.081,9.27725,9.27871,1.00,1.37
2016.08.23 13:37:51.132,9.27725,9.27871,1.00,1.37
2016.08.23 13:37:51.183,9.27709,9.27871,1.00,1.37
2016.08.23 13:37:51.234,9.27709,9.27871,1.00,1.37
2016.08.23 13:37:51.286,9.27691,9.27871,1.00,1.37
2016.08.23 13:37:51.337,9.27691,9.27847,1.00,1.37
2016.08.23 13:37:51.388,9.27651,9.27847,1.00,1.37
2016.08.23 13:37:51.472,9.27647,9.27837,1.00,1.37
2016.08.23 13:37:51.524,9.27625,9.27835,1.00,1.37
2016.08.23 13:37:51.576,9.27603,9.27815,1.00,1.37
2016.08.23 13:37:51.729,9.27603,9.27815,1.00,1.37
2016.08.23 13:37:51.780,9.2759,9.27802,1.00,1.37
2016.08.23 13:37:51.831,9.2759,9.27798,1.00,1.37
2016.08.23 13:37:51.882,9.27567,9.27778,1.37,1.37
2016.08.23 13:37:52.408,9.27551,9.27763,1.37,1.37
2016.08.23 13:37:53.282,9.27551,9.27743,1.37,2.10
2016.08.23 13:37:53.333,9.27551,9.27734,1.37,1.97
2016.08.23 13:37:53.384,9.27511,9.27723,1.37,1.97
2016.08.23 13:37:53.435,9.27511,9.2771,1.37,1.97
2016.08.23 13:37:53.486,9.27477,9.27689,1.37,1.37
2016.08.23 13:37:53.537,9.27477,9.27689,1.87,1.37
2016.08.23 13:37:53.644,9.27477,9.2767,1.37,1.37
2016.08.23 13:37:53.695,9.27477,9.27683,1.37,1.37
2016.08.23 13:37:53.797,9.27504,9.27683,1.00,1.37
2016.08.23 13:37:53.848,9.27504,9.27683,1.00,1.00
2016.08.23 13:37:54.001,9.27504,9.27699,1.00,1.00
2016.08.23 13:37:54.052,9.27485,9.27699,1.75,1.37
2016.08.23 13:37:54.102,9.27485,9.27699,1.75,1.72
2016.08.23 13:37:54.204,9.27475,9.27685,3.75,1.37
2016.08.23 13:37:54.255,9.27473,9.27685,1.37,1.37
2016.08.23 13:37:54.306,9.27478,9.27666,1.37,1.37
2016.08.23 13:37:54.509,9.27478,9.27679,1.37,1.37
2016.08.23 13:37:54.560,9.27509,9.27679,1.00,1.00
2016.08.23 13:37:54.643,9.27509,9.27694,1.00,1.00
2016.08.23 13:37:54.699,9.27509,9.27694,1.00,1.00
2016.08.23 13:37:55.004,9.27521,9.27694,1.00,1.00
2016.08.23 13:37:55.376,9.27521,9.27708,1.00,1.00
2016.08.23 13:37:56.124,9.27538,9.27708,1.00,1.00
2016.08.23 13:37:56.175,9.27538,9.27723,1.00,1.00
2016.08.23 13:37:56.370,9.27538,9.27737,1.00,1.37
2016.08.23 13:37:57.324,9.27538,9.27736,1.00,1.37
2016.08.23 13:37:57.849,9.27538,9.27737,1.00,1.37
2016.08.23 13:37:58.307,9.27563,9.27737,1.00,1.37
2016.08.23 13:37:58.358,9.27628,9.27737,1.12,1.00
2016.08.23 13:37:58.409,9.27628,9.27746,1.12,1.00
2016.08.23 13:37:58.562,9.27664,9.27746,1.12,1.00
2016.08.23 13:37:58.830,9.27664,9.27746,1.12,1.00
2016.08.23 13:37:58.933,9.27664,9.27785,1.12,1.00
2016.08.23 13:37:58.984,9.27664,9.27796,1.12,1.00
2016.08.23 13:37:59.137,9.27664,9.27796,1.12,1.50
2016.08.23 13:37:59.354,9.27664,9.27796,1.12,1.00
2016.08.23 13:37:59.616,9.27664,9.27806,1.12,1.50
2016.08.23 13:37:59.728,9.27664,9.27806,1.12,1.00
2016.08.23 13:37:59.829,9.27683,9.27806,1.12,1.00
2016.08.23 13:37:59.931,9.27683,9.27816,1.12,1.00
2016.08.23 13:38:00.107,9.27684,9.27816,1.00,1.00
2016.08.23 13:38:00.310,9.27699,9.27836,1.00,1.00
2016.08.23 13:38:00.412,9.27699,9.27846,1.00,1.00
2016.08.23 13:38:00.514,9.27715,9.27846,1.00,1.00
2016.08.23 13:38:00.830,9.27715,9.27856,1.00,1.00
2016.08.23 13:38:01.020,9.27738,9.27856,1.00,1.00
2016.08.23 13:38:01.071,9.27757,9.27856,1.12,1.00
2016.08.23 13:38:01.121,9.27757,9.27876,1.12,1.00
2016.08.23 13:38:01.172,9.27757,9.27876,1.00,1.00
2016.08.23 13:38:01.325,9.27757,9.27886,1.00,1.50
2016.08.23 13:38:01.375,9.27752,9.27886,1.00,1.50
2016.08.23 13:38:01.680,9.2774,9.27886,1.00,1.50
2016.08.23 13:38:01.832,9.27731,9.27876,1.00,1.00
2016.08.23 13:38:01.883,9.27731,9.27876,1.00,1.00
2016.08.23 13:38:01.966,9.27731,9.27866,1.00,1.00
2016.08.23 13:38:02.417,9.27731,9.27876,1.00,1.00
2016.08.23 13:38:02.519,9.27731,9.27886,1.00,1.50
2016.08.23 13:38:02.620,9.27731,9.27866,1.00,1.00
2016.08.23 13:38:02.924,9.27731,9.27876,1.00,1.00
2016.08.23 13:38:03.026,9.27731,9.27886,1.00,1.50
2016.08.23 13:38:03.530,9.27722,9.27886,1.00,1.50
2016.08.23 13:38:03.822,9.27722,9.27876,1.00,1.00
2016.08.23 13:38:03.923,9.27722,9.27866,1.00,1.00
2016.08.23 13:38:04.126,9.27722,9.27877,1.00,1.00
2016.08.23 13:38:04.552,9.27764,9.27877,1.00,1.00
2016.08.23 13:38:04.603,9.27764,9.27886,1.00,1.50
2016.08.23 13:38:04.654,9.27764,9.27876,1.00,1.00
2016.08.23 13:38:04.857,9.27764,9.27886,1.00,1.00
2016.08.23 13:38:06.366,9.27773,9.27886,1.00,1.00
2016.08.23 13:38:08.036,9.27773,9.27896,1.00,1.00
2016.08.23 13:38:08.342,9.27773,9.27926,1.00,1.00
2016.08.23 13:38:08.546,9.27773,9.27916,1.00,1.00
2016.08.23 13:38:09.543,9.27792,9.27916,1.00,1.00
2016.08.23 13:38:10.567,9.27792,9.27926,1.00,1.00
2016.08.23 13:38:11.022,9.27792,9.27936,1.00,1.00
2016.08.23 13:38:11.089,9.27792,9.27936,1.00,1.00
2016.08.23 13:38:11.352,9.27792,9.27952,1.00,1.00
2016.08.23 13:38:11.402,9.27792,9.27952,1.00,1.00
2016.08.23 13:38:11.504,9.27792,9.27932,1.00,1.00
2016.08.23 13:38:11.555,9.27792,9.27932,1.00,1.00
2016.08.23 13:38:11.657,9.27792,9.27945,1.00,1.00
2016.08.23 13:38:11.860,9.27792,9.27956,1.00,1.00
2016.08.23 13:38:11.953,9.27792,9.27958,1.00,1.00
2016.08.23 13:38:12.426,9.27792,9.27967,1.00,1.00
2016.08.23 13:38:12.477,9.2778,9.27967,1.00,1.00
2016.08.23 13:38:12.688,9.2778,9.27973,1.00,1.00
2016.08.23 13:38:12.789,9.27797,9.27973,1.00,1.00
2016.08.23 13:38:12.840,9.278,9.27988,1.00,1.00
2016.08.23 13:38:12.942,9.278,9.28,1.00,1.00
2016.08.23 13:38:13.709,9.27801,9.28013,1.00,1.00
2016.08.23 13:38:14.165,9.27801,9.28013,1.37,1.00
2016.08.23 13:38:14.954,9.27819,9.28013,1.00,1.00
2016.08.23 13:38:15.626,9.27834,9.28013,1.00,1.00
2016.08.23 13:38:15.783,9.27834,9.28028,1.00,1.00
2016.08.23 13:38:15.841,9.27847,9.28028,1.00,1.00
2016.08.23 13:38:15.943,9.27854,9.28046,1.00,1.60
2016.08.23 13:38:16.046,9.27868,9.28046,1.00,1.00
2016.08.23 13:38:16.351,9.27929,9.28098,1.00,1.00
2016.08.23 13:38:16.470,9.27974,9.28143,1.00,1.60
2016.08.23 13:38:16.540,9.27964,9.28143,1.00,1.60
2016.08.23 13:38:16.642,9.28024,9.28143,1.00,1.60
2016.08.23 13:38:16.794,9.28024,9.28143,1.00,1.00
2016.08.23 13:38:16.944,9.28024,9.2816,1.00,1.00
2016.08.23 13:38:16.995,9.28024,9.2816,1.42,1.00
2016.08.23 13:38:17.046,9.28034,9.28179,1.00,1.00
2016.08.23 13:38:17.147,9.28054,9.28192,1.00,1.00
2016.08.23 13:38:17.249,9.28064,9.28207,1.00,1.00
2016.08.23 13:38:17.351,9.28074,9.28221,1.00,1.00
2016.08.23 13:38:17.452,9.28054,9.28235,1.00,1.00
2016.08.23 13:38:17.554,9.28054,9.28255,1.00,1.60
2016.08.23 13:38:17.665,9.28044,9.28261,1.00,1.60
2016.08.23 13:38:17.716,9.28054,9.28261,1.00,1.60
2016.08.23 13:38:17.818,9.28054,9.28254,1.00,1.00
2016.08.23 13:38:17.869,9.28054,9.28254,1.37,1.00
2016.08.23 13:38:17.920,9.28054,9.28256,1.37,1.00
2016.08.23 13:38:17.971,9.28054,9.28256,1.37,1.00
2016.08.23 13:38:18.023,9.28054,9.28276,1.37,1.50
2016.08.23 13:38:18.095,9.28054,9.28276,1.37,1.00
2016.08.23 13:38:18.147,9.28094,9.28295,1.37,1.00
2016.08.23 13:38:18.299,9.28099,9.28295,1.00,1.00
2016.08.23 13:38:18.431,9.28114,9.28315,1.00,1.00
2016.08.23 13:38:18.482,9.28114,9.2832,1.00,1.00
2016.08.23 13:38:18.533,9.28114,9.2834,1.00,1.00
2016.08.23 13:38:18.583,9.28114,9.28344,1.00,1.00
2016.08.23 13:38:18.634,9.28104,9.28344,1.00,1.00
2016.08.23 13:38:18.744,9.28099,9.28346,1.00,1.00
2016.08.23 13:38:18.847,9.28124,9.28347,1.00,1.00
2016.08.23 13:38:18.948,9.28124,9.28367,1.00,1.00
2016.08.23 13:38:19.000,9.28138,9.28372,1.00,1.00
2016.08.23 13:38:19.322,9.28122,9.28362,1.00,1.00
2016.08.23 13:38:19.632,9.28122,9.28352,1.00,1.00
2016.08.23 13:38:19.973,9.28122,9.2835,1.00,1.00
2016.08.23 13:38:20.347,9.28122,9.28354,1.00,1.00
2016.08.23 13:38:20.449,9.28122,9.28344,1.00,1.00
2016.08.23 13:38:21.827,9.28122,9.28349,1.00,1.00
2016.08.23 13:38:23.943,9.28122,9.28349,1.37,1.00
2016.08.23 13:38:24.940,9.28122,9.28349,1.00,1.00
2016.08.23 13:38:25.463,9.28122,9.28335,1.00,1.00
2016.08.23 13:38:26.492,9.28093,9.28335,1.75,1.00
2016.08.23 13:38:27.139,9.28093,9.2832,1.75,1.00
2016.08.23 13:38:28.581,9.28093,9.2832,1.37,1.00
2016.08.23 13:38:28.632,9.28093,9.2832,1.37,1.00
2016.08.23 13:38:28.889,9.28093,9.28306,1.00,1.00
2016.08.23 13:38:29.143,9.28109,9.28322,1.00,1.00
2016.08.23 13:38:30.666,9.28109,9.28322,1.00,1.00
2016.08.23 13:38:30.767,9.28096,9.28309,1.37,1.00
2016.08.23 13:38:32.983,9.28113,9.28326,1.00,1.00
2016.08.23 13:38:33.752,9.28094,9.28307,1.37,1.00
2016.08.23 13:38:37.468,9.28094,9.28307,1.75,1.00
2016.08.23 13:38:37.788,9.28094,9.28306,1.37,2.10
2016.08.23 13:38:37.890,9.28094,9.28302,1.37,2.10
2016.08.23 13:38:37.941,9.28094,9.28301,1.00,1.60
2016.08.23 13:38:37.992,9.28069,9.28281,1.37,1.60
2016.08.23 13:38:38.093,9.28051,9.28263,1.37,1.60
2016.08.23 13:38:38.144,9.28051,9.28246,1.37,1.00
2016.08.23 13:38:38.195,9.28013,9.28225,1.37,1.00
2016.08.23 13:38:38.403,9.28013,9.28225,1.37,1.00
2016.08.23 13:38:39.084,9.28013,9.28225,1.37,1.00
2016.08.23 13:38:39.185,9.28013,9.28225,1.37,1.00
2016.08.23 13:38:39.236,9.28013,9.28225,1.37,1.00
2016.08.23 13:38:39.329,9.28,9.28212,1.37,1.00
2016.08.23 13:38:39.380,9.28,9.28212,1.37,1.00
2016.08.23 13:38:39.741,9.28004,9.28212,1.37,1.00
2016.08.23 13:38:40.081,9.28006,9.28212,1.37,1.00
2016.08.23 13:38:44.041,9.28006,9.28212,1.97,1.00
2016.08.23 13:38:44.092,9.28052,9.28212,1.50,1.00
2016.08.23 13:38:44.193,9.28052,9.28212,1.50,1.00
2016.08.23 13:38:44.295,9.28015,9.28227,1.37,1.00
2016.08.23 13:38:44.397,9.28031,9.28243,1.37,1.00
2016.08.23 13:38:44.717,9.28045,9.28257,1.37,1.00
2016.08.23 13:38:45.598,9.28045,9.28257,1.37,1.00
2016.08.23 13:38:46.305,9.28056,9.28257,1.37,1.00
2016.08.23 13:38:47.924,9.28056,9.28257,1.37,1.00
2016.08.23 13:38:48.028,9.2806,9.28274,1.37,1.00
2016.08.23 13:38:50.323,9.28103,9.28274,1.00,1.00
2016.08.23 13:38:52.816,9.28123,9.28274,1.00,1.00
2016.08.23 13:38:53.019,9.28123,9.28287,1.00,1.00
2016.08.23 13:38:53.121,9.28202,9.28287,1.00,1.00
2016.08.23 13:38:53.223,9.28202,9.283,1.00,1.00
2016.08.23 13:38:53.324,9.28167,9.28329,1.00,1.00
2016.08.23 13:38:53.422,9.28167,9.28361,1.00,1.00
2016.08.23 13:38:53.525,9.28167,9.28345,1.00,1.00
2016.08.23 13:38:54.597,9.28173,9.28345,1.00,1.00
2016.08.23 13:38:56.032,9.28133,9.28345,1.43,1.00
2016.08.23 13:38:56.403,9.28146,9.28358,1.43,1.00
2016.08.23 13:39:00.628,9.28146,9.28358,1.43,1.00
2016.08.23 13:39:00.842,9.28149,9.28358,1.43,1.00
2016.08.23 13:39:01.812,9.28153,9.28365,1.43,1.00
2016.08.23 13:39:02.038,9.28153,9.28365,1.43,1.00
2016.08.23 13:39:07.226,9.28168,9.2838,1.43,1.00
2016.08.23 13:39:07.379,9.28214,9.2838,1.43,1.00
2016.08.23 13:39:07.430,9.28214,9.284,1.43,1.50
2016.08.23 13:39:07.481,9.28214,9.284,1.43,1.00
2016.08.23 13:39:07.633,9.28188,9.284,1.78,1.00
2016.08.23 13:39:07.684,9.28188,9.284,1.78,1.00
2016.08.23 13:39:07.786,9.28193,9.284,1.03,1.00
2016.08.23 13:39:08.106,9.2819,9.284,1.03,1.00
2016.08.23 13:39:08.319,9.28201,9.28413,1.43,1.00
2016.08.23 13:39:08.421,9.28213,9.28427,1.43,1.00
2016.08.23 13:39:10.119,9.28213,9.28427,1.10,1.00
2016.08.23 13:39:10.170,9.28213,9.28427,1.10,1.00
2016.08.23 13:39:10.222,9.28201,9.28413,1.10,1.00
2016.08.23 13:39:10.425,9.28186,9.28398,1.70,1.00
2016.08.23 13:39:10.740,9.28191,9.28398,1.45,1.00
2016.08.23 13:39:10.791,9.28191,9.28398,1.10,1.00
2016.08.23 13:39:13.868,9.28186,9.28398,1.10,1.00
2016.08.23 13:39:13.971,9.28173,9.28385,1.37,1.00
2016.08.23 13:39:14.022,9.28173,9.28385,1.37,1.00
2016.08.23 13:39:14.073,9.28173,9.28385,1.00,1.00
2016.08.23 13:39:14.226,9.28159,9.28371,1.00,1.00
2016.08.23 13:39:14.531,9.28146,9.28358,1.00,1.00
2016.08.23 13:39:15.228,9.28132,9.28344,1.00,1.00
2016.08.23 13:39:15.455,9.28132,9.28344,1.00,1.00
2016.08.23 13:39:16.843,9.28117,9.28329,1.00,1.00
2016.08.23 13:39:38.981,9.28117,9.28329,1.10,1.00
2016.08.23 13:39:40.149,9.28169,9.28329,1.00,1.00
2016.08.23 13:39:40.403,9.28169,9.28342,1.00,1.00
2016.08.23 13:39:40.578,9.28183,9.28342,1.00,1.00
2016.08.23 13:39:40.893,9.28183,9.28355,1.00,1.60
2016.08.23 13:39:40.995,9.28143,9.28355,1.37,1.60
2016.08.23 13:39:41.307,9.28143,9.28355,1.37,1.35
2016.08.23 13:39:41.804,9.28133,9.28345,1.37,1.00
2016.08.23 13:39:42.233,9.28133,9.28345,1.37,1.00
2016.08.23 13:39:42.335,9.28134,9.28345,1.37,1.00
2016.08.23 13:39:42.386,9.28134,9.28345,1.75,1.00
2016.08.23 13:39:42.437,9.28146,9.28358,1.75,1.00
2016.08.23 13:39:42.684,9.28168,9.2838,1.75,1.00
2016.08.23 13:39:42.735,9.28182,9.28394,1.37,1.00
2016.08.23 13:39:43.040,9.28197,9.28409,1.37,1.00
2016.08.23 13:39:46.969,9.28197,9.28409,1.37,1.00
2016.08.23 13:39:47.271,9.28212,9.28424,1.37,1.00
2016.08.23 13:39:51.149,9.28212,9.28424,1.37,1.00
2016.08.23 13:39:51.748,9.28212,9.28424,1.37,1.00
2016.08.23 13:39:51.900,9.28229,9.28441,1.00,1.00
2016.08.23 13:39:52.052,9.28213,9.28427,1.00,1.00
2016.08.23 13:39:52.566,9.28213,9.28427,1.00,1.00
2016.08.23 13:39:53.266,9.28213,9.28427,1.00,1.00
2016.08.23 13:39:56.846,9.28217,9.28427,1.00,1.00
2016.08.23 13:40:00.119,9.28217,9.28427,1.00,1.00
2016.08.23 13:40:01.878,9.28217,9.28417,1.00,1.00
2016.08.23 13:40:08.224,9.28217,9.28417,1.00,1.00
2016.08.23 13:40:10.185,9.28217,9.28417,1.00,1.00
2016.08.23 13:40:10.287,9.28217,9.28417,1.00,1.00
2016.08.23 13:40:17.464,9.28217,9.28417,1.00,1.00
2016.08.23 13:40:17.720,9.28217,9.28403,1.00,1.00
2016.08.23 13:40:17.872,9.28198,9.28386,1.00,1.00
2016.08.23 13:40:17.985,9.28178,9.28386,1.60,1.00
2016.08.23 13:40:18.088,9.28178,9.2839,1.60,1.00
2016.08.23 13:40:18.218,9.28165,9.28377,1.60,1.00
2016.08.23 13:40:18.910,9.28169,9.28377,1.60,1.00
2016.08.23 13:40:21.870,9.2817,9.28384,1.60,1.00
2016.08.23 13:40:22.364,9.2817,9.28384,1.60,1.00
2016.08.23 13:40:22.579,9.2817,9.28384,1.60,1.00
2016.08.23 13:40:22.732,9.28169,9.2837,1.60,1.00
2016.08.23 13:40:23.332,9.28169,9.2837,1.35,1.00
2016.08.23 13:40:23.461,9.28175,9.28387,1.00,1.00
2016.08.23 13:40:39.731,9.28169,9.28373,1.00,1.00
2016.08.23 13:40:39.804,9.28169,9.28373,1.00,1.00
2016.08.23 13:40:41.840,9.28169,9.28379,1.00,1.00
2016.08.23 13:40:48.799,9.28169,9.28379,1.35,1.00
2016.08.23 13:40:50.491,9.28174,9.28379,1.00,1.00
2016.08.23 13:40:50.544,9.28174,9.28379,1.00,1.00
2016.08.23 13:40:54.270,9.28174,9.28379,1.00,1.00
2016.08.23 13:40:54.321,9.28169,9.28379,1.35,1.00
2016.08.23 13:40:56.100,9.28174,9.28379,1.00,1.00
2016.08.23 13:40:56.717,9.28169,9.28379,1.35,1.00
2016.08.23 13:40:57.720,9.28174,9.28379,1.00,1.00
2016.08.23 13:40:57.821,9.28169,9.28379,1.35,1.00
2016.08.23 13:40:58.017,9.28174,9.28379,1.00,1.00
2016.08.23 13:40:58.596,9.28169,9.28379,1.35,1.00
2016.08.23 13:40:58.699,9.28194,9.28379,1.00,1.00
2016.08.23 13:40:58.751,9.28194,9.28379,1.00,1.00
2016.08.23 13:40:58.904,9.28234,9.28379,1.00,1.00
2016.08.23 13:40:58.955,9.28234,9.284,1.00,1.00
2016.08.23 13:40:59.107,9.28244,9.284,1.00,1.00
2016.08.23 13:40:59.475,9.28244,9.28385,1.00,1.00
2016.08.23 13:40:59.630,9.28234,9.28385,1.00,1.00
2016.08.23 13:40:59.700,9.28234,9.28398,1.00,1.00
2016.08.23 13:40:59.751,9.28234,9.28414,1.00,1.00
2016.08.23 13:40:59.802,9.28234,9.28414,1.00,1.00
2016.08.23 13:40:59.972,9.28244,9.28414,1.00,1.00
2016.08.23 13:41:00.175,9.28234,9.28414,1.00,1.00
2016.08.23 13:41:00.328,9.28234,9.28414,1.00,1.00
2016.08.23 13:41:00.380,9.28214,9.28414,1.00,1.00
2016.08.23 13:41:00.538,9.28214,9.28414,1.60,1.00
2016.08.23 13:41:00.589,9.28215,9.28429,1.60,1.00
2016.08.23 13:41:00.640,9.28224,9.28429,1.60,1.00
2016.08.23 13:41:00.887,9.28224,9.28429,1.60,1.00
2016.08.23 13:41:01.141,9.28234,9.28429,1.60,1.00
2016.08.23 13:41:01.380,9.28244,9.28429,1.60,1.00
2016.08.23 13:41:01.509,9.28244,9.28429,1.60,1.00
2016.08.23 13:41:01.561,9.28244,9.28441,1.60,1.00
2016.08.23 13:41:02.085,9.28241,9.28453,1.60,1.00
2016.08.23 13:41:02.187,9.28244,9.28453,1.60,1.00
2016.08.23 13:41:02.391,9.28241,9.28453,1.60,1.00
2016.08.23 13:41:03.823,9.28241,9.28453,2.10,1.00
2016.08.23 13:41:04.902,9.28241,9.28453,1.60,1.00
2016.08.23 13:41:04.982,9.28241,9.28453,1.72,1.00
2016.08.23 13:41:05.240,9.28241,9.28453,1.60,1.00
2016.08.23 13:41:10.271,9.28241,9.28453,1.35,1.00
2016.08.23 13:41:11.056,9.28241,9.28453,1.35,1.00
2016.08.23 13:41:13.770,9.28241,9.28453,1.35,1.00
2016.08.23 13:41:13.820,9.28284,9.28453,2.10,1.00
2016.08.23 13:41:13.922,9.28284,9.2848,2.10,1.00
2016.08.23 13:41:14.035,9.2828,9.2848,1.00,1.00
2016.08.23 13:41:14.086,9.2828,9.28483,1.00,1.00
2016.08.23 13:41:14.137,9.28271,9.28476,1.00,1.00
2016.08.23 13:41:14.188,9.28309,9.28476,1.00,1.00
2016.08.23 13:41:14.290,9.28289,9.28476,1.00,1.00
2016.08.23 13:41:14.340,9.28276,9.28454,1.00,1.00
2016.08.23 13:41:14.392,9.28257,9.28452,1.00,1.00
2016.08.23 13:41:14.443,9.28244,9.28452,1.60,1.00
2016.08.23 13:41:14.565,9.28244,9.28452,1.00,1.00
2016.08.23 13:41:14.621,9.2824,9.28452,1.00,1.00
2016.08.23 13:41:14.800,9.2824,9.28452,1.60,1.00
2016.08.23 13:41:14.937,9.2824,9.28452,1.60,1.00
2016.08.23 13:41:15.039,9.28244,9.28452,1.00,1.00
2016.08.23 13:41:15.244,9.2824,9.28452,1.60,1.00
2016.08.23 13:41:15.549,9.2824,9.28452,1.60,1.00
2016.08.23 13:41:16.169,9.2824,9.28452,1.60,1.00
2016.08.23 13:41:19.359,9.28243,9.28452,1.35,1.00
2016.08.23 13:41:19.409,9.28243,9.28452,1.00,1.00
2016.08.23 13:41:19.460,9.2824,9.28452,1.35,1.00
2016.08.23 13:41:20.032,9.2824,9.28452,1.60,1.00
2016.08.23 13:41:20.145,9.28244,9.28452,1.35,1.00
2016.08.23 13:41:20.582,9.28244,9.28452,1.00,1.00
2016.08.23 13:41:21.585,9.28244,9.28452,1.35,1.00
2016.08.23 13:41:21.800,9.28244,9.28454,1.35,1.00
2016.08.23 13:41:22.124,9.28242,9.28454,1.60,1.00
2016.08.23 13:41:23.065,9.28244,9.28454,1.35,1.00
2016.08.23 13:41:24.470,9.28254,9.28454,1.00,1.00
2016.08.23 13:41:25.078,9.28244,9.28454,1.35,1.00
2016.08.23 13:41:25.328,9.28244,9.28454,1.60,1.00
2016.08.23 13:41:25.440,9.28254,9.28454,1.00,1.00
2016.08.23 13:41:25.643,9.28244,9.28454,1.35,1.00
2016.08.23 13:41:26.030,9.28272,9.28474,1.60,1.00
2016.08.23 13:41:26.081,9.28272,9.28479,1.60,1.00
2016.08.23 13:41:26.133,9.28295,9.28479,1.60,1.00
2016.08.23 13:41:26.296,9.28326,9.2853,1.00,1.00
2016.08.23 13:41:26.348,9.28326,9.2853,1.00,1.00
2016.08.23 13:41:26.399,9.28326,9.2853,1.00,1.00
2016.08.23 13:41:26.451,9.28307,9.28519,1.00,1.00
2016.08.23 13:41:26.552,9.28283,9.28495,1.00,1.00
2016.08.23 13:41:26.603,9.28283,9.28495,1.00,1.50
2016.08.23 13:41:26.654,9.28265,9.28477,1.00,1.00
2016.08.23 13:41:26.756,9.28252,9.28464,1.10,1.00
2016.08.23 13:41:26.807,9.28252,9.28464,1.00,1.00
2016.08.23 13:41:26.909,9.28252,9.28464,1.00,1.00
2016.08.23 13:41:27.515,9.28236,9.28448,1.60,1.00
2016.08.23 13:41:27.821,9.28236,9.28448,1.00,1.00
2016.08.23 13:41:27.920,9.28236,9.28448,1.00,1.00
2016.08.23 13:41:27.971,9.28236,9.28448,1.00,1.00
2016.08.23 13:41:28.277,9.28236,9.28448,1.00,1.00
2016.08.23 13:41:28.753,9.28234,9.28436,1.00,1.00
2016.08.23 13:41:28.856,9.28224,9.28436,1.00,1.00
2016.08.23 13:41:29.193,9.28222,9.28436,1.00,1.00
2016.08.23 13:41:29.764,9.28224,9.28436,1.00,1.00
2016.08.23 13:41:29.865,9.28222,9.28436,1.00,1.00
2016.08.23 13:41:30.189,9.28224,9.28436,1.00,1.00
2016.08.23 13:41:30.954,9.28224,9.28436,1.00,1.00
2016.08.23 13:41:31.005,9.28222,9.28436,1.00,1.00
2016.08.23 13:41:34.808,9.28222,9.28436,1.00,1.00
2016.08.23 13:41:35.367,9.28222,9.28436,1.00,1.00
2016.08.23 13:41:35.469,9.2821,9.28422,1.00,1.00
2016.08.23 13:41:37.371,9.28214,9.28422,1.00,1.00
2016.08.23 13:41:37.422,9.28214,9.28422,1.50,1.00
2016.08.23 13:41:37.890,9.28214,9.28422,1.00,1.00
2016.08.23 13:41:38.273,9.28214,9.28422,1.50,1.00
2016.08.23 13:41:38.324,9.28224,9.28422,1.00,1.00
2016.08.23 13:41:38.375,9.28224,9.28422,1.50,1.00
2016.08.23 13:41:38.476,9.28224,9.28422,1.00,1.00
2016.08.23 13:41:38.797,9.28224,9.28422,1.50,1.00
2016.08.23 13:41:39.414,9.28224,9.28422,1.00,1.00
2016.08.23 13:41:39.675,9.28224,9.28422,1.50,1.00
2016.08.23 13:41:39.782,9.28234,9.28422,1.00,1.00
2016.08.23 13:41:40.080,9.28224,9.28422,1.50,1.00
2016.08.23 13:41:40.182,9.28224,9.28422,1.00,1.00
2016.08.23 13:41:41.265,9.28224,9.28422,1.00,1.00
2016.08.23 13:41:41.417,9.28214,9.28409,1.50,1.00
2016.08.23 13:41:41.468,9.28214,9.28391,1.50,1.00
2016.08.23 13:41:41.570,9.28214,9.28404,1.00,1.00
2016.08.23 13:41:41.621,9.28194,9.28404,2.10,1.00
2016.08.23 13:41:42.284,9.28194,9.28404,1.60,1.00
2016.08.23 13:41:42.437,9.28179,9.28391,1.97,1.00
2016.08.23 13:41:42.649,9.28179,9.28391,1.60,1.00
2016.08.23 13:41:42.953,9.28184,9.28391,1.60,1.00
2016.08.23 13:41:43.056,9.28179,9.28391,1.60,1.00
2016.08.23 13:41:44.404,9.28184,9.28391,1.60,1.00
2016.08.23 13:41:44.455,9.28184,9.28391,2.10,1.00
2016.08.23 13:41:46.011,9.28194,9.28391,1.60,1.00
2016.08.23 13:41:47.398,9.28194,9.28404,1.60,1.00
2016.08.23 13:41:47.494,9.28203,9.28404,1.50,1.00
2016.08.23 13:41:47.547,9.28204,9.28391,1.00,1.00
2016.08.23 13:41:49.140,9.28194,9.28391,2.10,1.00
2016.08.23 13:41:49.524,9.28194,9.28391,1.60,1.00
2016.08.23 13:41:49.641,9.28184,9.28391,2.47,1.00
2016.08.23 13:41:50.159,9.28194,9.28391,1.60,1.00
2016.08.23 13:41:50.226,9.28194,9.28391,2.10,1.00
2016.08.23 13:41:50.426,9.28194,9.28391,1.60,1.00
2016.08.23 13:41:50.477,9.28184,9.28391,2.47,1.00
2016.08.23 13:41:50.620,9.28194,9.28391,1.60,1.00
2016.08.23 13:41:50.671,9.28184,9.28391,2.47,1.00
2016.08.23 13:41:50.754,9.28194,9.28391,1.60,1.00
2016.08.23 13:41:50.855,9.28194,9.28391,2.10,1.00
2016.08.23 13:41:51.028,9.28194,9.28391,1.60,1.00
2016.08.23 13:41:51.182,9.28179,9.28391,1.97,1.00
2016.08.23 13:41:51.528,9.28184,9.28391,1.97,1.00
2016.08.23 13:41:51.712,9.28184,9.28391,2.47,1.00
2016.08.23 13:41:52.213,9.28194,9.28391,1.60,1.00
2016.08.23 13:41:52.264,9.28184,9.28391,2.47,1.00
2016.08.23 13:41:52.365,9.28194,9.28391,1.60,1.00
2016.08.23 13:41:52.513,9.28184,9.28391,2.47,1.00
2016.08.23 13:41:53.067,9.28194,9.28391,1.60,1.00
2016.08.23 13:41:53.568,9.28194,9.28391,2.10,1.00
2016.08.23 13:41:53.618,9.28204,9.28391,1.00,1.00
2016.08.23 13:41:53.784,9.28194,9.28391,2.10,1.00
2016.08.23 13:41:53.879,9.28203,9.28391,1.00,1.00
2016.08.23 13:41:53.981,9.28204,9.28405,1.00,1.00
2016.08.23 13:41:54.218,9.28204,9.28405,1.50,1.00
2016.08.23 13:41:54.482,9.28204,9.28405,1.00,1.00
2016.08.23 13:41:54.533,9.28194,9.28405,1.60,1.00
2016.08.23 13:41:54.584,9.28203,9.28405,1.00,1.00
2016.08.23 13:41:54.687,9.28193,9.28392,1.60,1.00
2016.08.23 13:41:55.522,9.28204,9.28392,1.00,1.00
2016.08.23 13:41:56.024,9.28203,9.28392,1.00,1.00
2016.08.23 13:41:56.635,9.28204,9.28392,1.00,1.00
2016.08.23 13:41:56.925,9.28214,9.28392,1.00,1.00
2016.08.23 13:41:57.249,9.28204,9.28392,1.00,1.00
2016.08.23 13:41:57.452,9.28194,9.28392,1.60,1.00
2016.08.23 13:41:57.541,9.28194,9.28392,2.10,1.00
2016.08.23 13:41:58.329,9.28194,9.28392,1.60,1.00
2016.08.23 13:41:59.338,9.28194,9.28392,2.10,1.00
2016.08.23 13:41:59.440,9.28204,9.28392,1.00,1.00
2016.08.23 13:41:59.538,9.28194,9.28392,2.10,1.00
2016.08.23 13:41:59.841,9.28204,9.28392,1.00,1.00
2016.08.23 13:42:00.165,9.28204,9.28392,1.50,1.00
2016.08.23 13:42:00.844,9.28214,9.28392,1.00,1.00
2016.08.23 13:42:00.895,9.28214,9.28407,1.50,1.00
2016.08.23 13:42:01.048,9.28214,9.28407,1.00,1.00
2016.08.23 13:42:01.279,9.28204,9.28407,1.50,1.00
2016.08.23 13:42:01.835,9.28204,9.284,1.50,1.00
2016.08.23 13:42:01.946,9.28204,9.284,1.00,1.00
2016.08.23 13:42:01.997,9.28194,9.284,2.10,1.00
2016.08.23 13:42:03.760,9.28204,9.284,1.00,1.00
2016.08.23 13:42:03.861,9.28194,9.284,2.10,1.00
2016.08.23 13:42:04.896,9.28204,9.284,1.50,1.00
2016.08.23 13:42:04.950,9.28214,9.284,1.00,1.00
2016.08.23 13:42:05.137,9.28214,9.284,1.50,1.00
2016.08.23 13:42:05.292,9.28214,9.284,1.00,1.00
2016.08.23 13:42:05.497,9.28204,9.284,1.50,1.00
2016.08.23 13:42:08.874,9.28204,9.284,1.00,1.00
2016.08.23 13:42:09.658,9.28194,9.284,2.10,1.00
2016.08.23 13:42:09.709,9.28204,9.284,1.00,1.00
2016.08.23 13:42:09.810,9.28194,9.284,2.10,1.00
2016.08.23 13:42:10.729,9.28204,9.284,1.00,1.00
2016.08.23 13:42:11.481,9.28194,9.284,2.10,1.00
2016.08.23 13:42:11.583,9.28204,9.284,1.00,1.00
2016.08.23 13:42:12.767,9.28204,9.284,1.50,1.00
2016.08.23 13:42:14.214,9.28204,9.284,1.00,1.00
2016.08.23 13:42:14.370,9.28194,9.284,1.60,1.00
2016.08.23 13:42:15.372,9.28204,9.284,1.00,1.00
2016.08.23 13:42:16.068,9.28194,9.284,1.60,1.00
2016.08.23 13:42:16.295,9.28186,9.284,1.97,1.00
2016.08.23 13:42:16.777,9.28194,9.284,1.60,1.00
2016.08.23 13:42:16.898,9.28194,9.284,2.10,1.00
2016.08.23 13:42:17.076,9.28194,9.284,1.60,1.00
2016.08.23 13:42:17.127,9.28204,9.284,1.00,1.00
2016.08.23 13:42:17.229,9.28186,9.284,1.97,1.00
2016.08.23 13:42:17.301,9.28194,9.284,1.60,1.00
2016.08.23 13:42:17.601,9.28193,9.284,2.10,1.00
2016.08.23 13:42:17.703,9.28194,9.284,1.60,1.00
2016.08.23 13:42:18.078,9.28203,9.284,1.00,1.00
2016.08.23 13:42:18.630,9.28204,9.284,1.00,1.00
2016.08.23 13:42:20.235,9.28203,9.284,1.00,1.00
2016.08.23 13:42:20.638,9.28194,9.284,2.10,1.00
2016.08.23 13:42:21.778,9.28194,9.28405,2.10,1.00
2016.08.23 13:42:21.914,9.28194,9.28405,1.60,1.00
2016.08.23 13:42:24.519,9.28194,9.28405,2.10,1.00
2016.08.23 13:42:35.547,9.28194,9.28405,1.60,1.00
2016.08.23 13:42:36.386,9.28204,9.28405,1.00,1.00
2016.08.23 13:42:40.285,9.28204,9.28405,1.50,1.00
2016.08.23 13:42:40.387,9.28204,9.28405,1.00,1.00
2016.08.23 13:42:40.960,9.28204,9.28405,1.50,1.00
2016.08.23 13:42:41.062,9.28204,9.28405,1.00,1.00
2016.08.23 13:42:41.463,9.28204,9.28405,1.50,1.00
2016.08.23 13:42:41.564,9.28204,9.28405,1.00,1.00
2016.08.23 13:42:41.666,9.28193,9.28405,2.10,1.00
2016.08.23 13:42:41.768,9.28193,9.28405,2.85,1.00
2016.08.23 13:42:41.819,9.28193,9.284,2.10,1.00
2016.08.23 13:42:42.464,9.28193,9.284,1.60,1.00
2016.08.23 13:42:43.040,9.28194,9.284,1.60,1.00
2016.08.23 13:42:45.371,9.28214,9.284,1.00,1.00
2016.08.23 13:42:45.868,9.28204,9.284,1.50,1.00
2016.08.23 13:42:45.919,9.28204,9.284,1.00,1.00
2016.08.23 13:42:46.675,9.28193,9.284,1.60,1.00
2016.08.23 13:42:46.777,9.28188,9.284,1.97,1.00
2016.08.23 13:42:48.723,9.28188,9.284,1.60,1.00
2016.08.23 13:42:54.230,9.28188,9.284,1.60,1.00
2016.08.23 13:42:55.330,9.28175,9.28387,1.60,1.00
2016.08.23 13:42:55.431,9.28175,9.28387,1.60,1.00
2016.08.23 13:42:55.533,9.28175,9.28387,1.00,1.00
2016.08.23 13:42:55.635,9.28162,9.28374,1.00,1.00
2016.08.23 13:42:55.736,9.28149,9.28361,1.60,1.00
2016.08.23 13:42:55.787,9.28149,9.28361,1.00,1.00
2016.08.23 13:42:56.847,9.28132,9.28346,1.60,1.00
2016.08.23 13:42:58.075,9.28146,9.28354,1.00,1.00
2016.08.23 13:42:58.398,9.28146,9.28354,1.00,1.00
2016.08.23 13:43:01.864,9.28152,9.28354,1.00,1.00
2016.08.23 13:43:06.866,9.28152,9.28354,1.00,1.00
2016.08.23 13:43:08.964,9.28152,9.28354,1.00,1.00
2016.08.23 13:43:10.643,9.28152,9.28364,1.00,1.00
2016.08.23 13:43:12.804,9.28152,9.28364,1.00,1.00
2016.08.23 13:43:13.207,9.28152,9.28364,1.00,1.00
2016.08.23 13:43:14.069,9.28152,9.28364,1.00,1.00
2016.08.23 13:43:15.308,9.28152,9.28364,1.00,1.00
2016.08.23 13:43:15.507,9.28139,9.28351,1.60,1.00
2016.08.23 13:43:17.576,9.28156,9.28368,1.00,1.00
2016.08.23 13:43:20.919,9.28143,9.28355,1.00,1.00
2016.08.23 13:43:21.921,9.28152,9.28364,1.00,1.00
2016.08.23 13:43:22.776,9.28139,9.28351,1.60,1.00
2016.08.23 13:43:25.154,9.28139,9.28351,1.00,1.00
2016.08.23 13:43:25.307,9.28123,9.28335,1.60,1.00
2016.08.23 13:43:25.548,9.28123,9.28335,1.00,1.00
2016.08.23 13:43:25.599,9.28123,9.28335,1.00,1.00
2016.08.23 13:43:26.560,9.28123,9.28317,1.00,1.00
2016.08.23 13:43:26.611,9.28123,9.28317,1.00,1.00
2016.08.23 13:43:27.184,9.28124,9.28317,1.00,1.00
2016.08.23 13:43:27.235,9.28134,9.28335,1.00,1.00
2016.08.23 13:43:27.286,9.28134,9.28335,1.50,1.00
2016.08.23 13:43:27.766,9.28143,9.28335,1.00,1.00
2016.08.23 13:43:28.127,9.28154,9.28335,1.00,1.00
2016.08.23 13:43:28.330,9.28164,9.28342,1.00,1.00
2016.08.23 13:43:28.381,9.28164,9.28355,1.00,1.00
2016.08.23 13:43:28.635,9.28164,9.28355,1.50,1.00
2016.08.23 13:43:28.686,9.28174,9.28355,1.00,1.00
2016.08.23 13:43:29.131,9.28174,9.28355,1.00,1.00
2016.08.23 13:43:29.182,9.28154,9.28355,1.00,1.00
2016.08.23 13:43:29.489,9.28164,9.28355,1.00,1.00
2016.08.23 13:43:30.603,9.28164,9.28355,1.00,1.00
2016.08.23 13:43:30.704,9.28144,9.28355,1.00,1.00
2016.08.23 13:43:31.145,9.28144,9.28337,1.00,1.00
2016.08.23 13:43:31.791,9.28144,9.28337,1.50,1.00
2016.08.23 13:43:32.750,9.28144,9.2835,1.50,1.00
2016.08.23 13:43:32.801,9.28154,9.2835,1.00,1.00
2016.08.23 13:43:32.904,9.28164,9.2835,1.00,1.00
2016.08.23 13:43:33.132,9.28164,9.28364,1.00,1.00
2016.08.23 13:43:33.183,9.28184,9.28364,1.00,1.00
2016.08.23 13:43:33.476,9.28194,9.28364,1.00,1.00
2016.08.23 13:43:33.528,9.28194,9.28377,1.00,1.00
2016.08.23 13:43:33.681,9.28179,9.28377,1.60,1.00
2016.08.23 13:43:33.731,9.28179,9.2839,1.60,1.00
2016.08.23 13:43:34.172,9.28214,9.2839,1.00,1.00
2016.08.23 13:43:34.406,9.28194,9.2839,1.60,1.00
2016.08.23 13:43:34.707,9.28214,9.28404,1.00,1.00
2016.08.23 13:43:34.911,9.28224,9.28418,1.00,1.00
2016.08.23 13:43:35.013,9.28224,9.28431,1.00,1.00
2016.08.23 13:43:35.217,9.28219,9.28431,1.00,1.00
2016.08.23 13:43:35.440,9.28224,9.28431,1.00,1.00
2016.08.23 13:43:35.693,9.28219,9.28431,1.00,1.00
2016.08.23 13:43:35.744,9.28208,9.28418,1.00,1.00
2016.08.23 13:43:35.795,9.28211,9.28418,1.60,1.00
2016.08.23 13:43:35.846,9.28219,9.28431,1.60,1.00
2016.08.23 13:43:35.897,9.28224,9.28431,1.60,1.00
2016.08.23 13:43:35.948,9.28232,9.28444,1.60,1.00
2016.08.23 13:43:36.201,9.28234,9.28444,1.60,1.00
2016.08.23 13:43:36.252,9.28245,9.28457,1.00,1.00
2016.08.23 13:43:36.788,9.28245,9.28457,1.60,1.00
2016.08.23 13:43:36.891,9.28254,9.28457,1.00,1.00
2016.08.23 13:43:37.044,9.28254,9.28457,1.60,1.00
2016.08.23 13:43:37.196,9.28274,9.28457,1.00,1.00
2016.08.23 13:43:37.247,9.28274,9.2847,1.00,1.00
2016.08.23 13:43:37.299,9.28264,9.2847,1.00,1.00
2016.08.23 13:43:37.350,9.28264,9.2847,1.50,1.00
2016.08.23 13:43:37.634,9.28274,9.2847,1.00,1.00
2016.08.23 13:43:37.817,9.28273,9.28485,1.00,1.00
2016.08.23 13:43:37.919,9.28289,9.28501,1.00,1.00
2016.08.23 13:43:38.923,9.28305,9.28517,1.00,1.00
2016.08.23 13:43:39.330,9.28305,9.28517,1.00,1.00
2016.08.23 13:43:40.438,9.28305,9.28517,1.00,1.00
2016.08.23 13:43:40.879,9.28305,9.28517,1.00,1.00
2016.08.23 13:43:40.930,9.2832,9.28532,1.00,1.00
2016.08.23 13:43:41.854,9.28326,9.28538,1.00,1.00
2016.08.23 13:43:42.538,9.28326,9.28538,1.00,1.00
2016.08.23 13:43:42.844,9.28343,9.28555,1.00,1.00
2016.08.23 13:43:43.954,9.28326,9.2854,1.00,1.00
2016.08.23 13:43:44.341,9.28341,9.28553,1.00,1.00
2016.08.23 13:43:51.312,9.28341,9.28553,1.35,1.00
2016.08.23 13:43:51.566,9.28341,9.28553,1.60,1.00
2016.08.23 13:43:51.751,9.28355,9.28569,1.00,1.00
2016.08.23 13:43:51.954,9.28369,9.28581,1.00,1.00
2016.08.23 13:43:53.223,9.28369,9.28581,1.00,1.00
2016.08.23 13:43:53.315,9.28385,9.28597,1.00,1.00
2016.08.23 13:43:53.569,9.28372,9.28584,1.00,1.00
2016.08.23 13:43:56.503,9.28385,9.28597,1.00,1.00
2016.08.23 13:43:56.554,9.28385,9.28597,1.60,1.00
2016.08.23 13:43:57.129,9.28385,9.28597,1.60,1.00
2016.08.23 13:43:57.538,9.28385,9.28597,1.00,1.00
2016.08.23 13:43:57.691,9.28372,9.28584,1.60,1.00
2016.08.23 13:43:58.078,9.28372,9.28584,1.60,1.00
2016.08.23 13:43:58.282,9.28385,9.28597,1.60,1.00
2016.08.23 13:43:58.520,9.28385,9.28597,1.00,1.00
2016.08.23 13:43:59.019,9.28385,9.28597,1.60,1.00
2016.08.23 13:44:00.390,9.28385,9.28597,1.60,1.00
2016.08.23 13:44:00.486,9.28411,9.28604,1.00,1.00
2016.08.23 13:44:00.537,9.28411,9.28604,1.37,1.00
2016.08.23 13:44:00.689,9.28424,9.28604,1.37,1.00
2016.08.23 13:44:00.741,9.28424,9.28638,1.37,1.00
2016.08.23 13:44:00.792,9.28424,9.28638,1.37,1.00
2016.08.23 13:44:00.995,9.28439,9.28651,1.37,1.00
2016.08.23 13:44:01.046,9.28439,9.28651,1.37,1.00
2016.08.23 13:44:01.097,9.28455,9.28667,1.00,1.00
2016.08.23 13:44:01.267,9.28471,9.28683,1.00,1.00
2016.08.23 13:44:01.368,9.28486,9.28698,1.00,1.00
2016.08.23 13:44:01.864,9.28477,9.28689,1.00,1.00
2016.08.23 13:44:02.253,9.28477,9.28689,1.00,1.00
2016.08.23 13:44:03.100,9.28477,9.28679,1.00,1.00
2016.08.23 13:44:03.377,9.28477,9.28679,1.00,1.37
2016.08.23 13:44:03.838,9.28477,9.28679,1.00,1.00
2016.08.23 13:44:03.991,9.28477,9.28679,1.37,1.00
2016.08.23 13:44:06.135,9.28477,9.28679,1.37,1.00
2016.08.23 13:44:06.187,9.28489,9.28679,1.00,1.00
2016.08.23 13:44:18.258,9.28489,9.28679,1.00,1.00
2016.08.23 13:44:21.847,9.28484,9.28679,1.10,1.00
2016.08.23 13:44:24.971,9.28484,9.28679,1.00,1.00
2016.08.23 13:44:25.816,9.28484,9.28679,1.00,1.00
2016.08.23 13:44:25.973,9.28484,9.28696,1.00,1.00
2016.08.23 13:44:26.125,9.28484,9.28667,1.00,1.00
2016.08.23 13:44:27.422,9.28469,9.28667,1.37,1.00
2016.08.23 13:44:28.833,9.28482,9.28667,1.10,1.00
2016.08.23 13:44:29.642,9.28468,9.28667,1.37,1.00
2016.08.23 13:44:30.114,9.28468,9.28667,1.37,1.00
2016.08.23 13:44:30.165,9.28444,9.28656,2.10,1.00
2016.08.23 13:44:30.267,9.28444,9.28642,1.35,1.00
2016.08.23 13:44:30.386,9.28441,9.28642,1.35,1.00
2016.08.23 13:44:30.580,9.28441,9.28642,1.67,1.00
2016.08.23 13:44:30.785,9.28441,9.28642,1.35,1.00
2016.08.23 13:44:31.338,9.2844,9.28642,1.35,1.00
2016.08.23 13:44:32.049,9.2843,9.28642,1.75,1.00
2016.08.23 13:44:35.660,9.28443,9.28654,1.37,1.00
2016.08.23 13:44:43.088,9.28443,9.28655,1.37,1.00
2016.08.23 13:44:48.008,9.28468,9.28675,1.00,1.00
2016.08.23 13:44:48.059,9.28468,9.28679,1.37,1.00
2016.08.23 13:44:48.111,9.285,9.28693,1.37,1.00
2016.08.23 13:44:48.212,9.28541,9.28708,3.75,1.00
2016.08.23 13:44:48.296,9.28558,9.28727,3.75,1.00
2016.08.23 13:44:48.347,9.28558,9.28758,3.75,1.00
2016.08.23 13:44:48.398,9.28563,9.28775,1.75,1.00
2016.08.23 13:44:48.449,9.28563,9.28775,1.00,1.00
2016.08.23 13:44:48.516,9.28537,9.28749,1.10,1.00
2016.08.23 13:44:49.418,9.28552,9.28766,1.75,1.00
2016.08.23 13:44:49.520,9.28576,9.28788,1.37,1.00
2016.08.23 13:44:49.890,9.28598,9.28808,1.00,1.00
2016.08.23 13:44:49.941,9.28598,9.2881,1.00,1.00
2016.08.23 13:44:50.100,9.28598,9.2881,1.37,1.00
2016.08.23 13:44:50.202,9.28675,9.28826,3.75,1.00
2016.08.23 13:44:50.406,9.28629,9.28841,1.50,1.00
2016.08.23 13:44:50.508,9.28629,9.28823,1.75,1.00
2016.08.23 13:44:50.559,9.28631,9.28823,1.75,1.00
2016.08.23 13:44:50.610,9.28631,9.28843,2.25,1.00
2016.08.23 13:44:50.661,9.28631,9.28843,1.75,1.00
2016.08.23 13:44:50.762,9.28676,9.28863,1.00,1.00
2016.08.23 13:44:50.813,9.28693,9.28907,1.00,1.00
2016.08.23 13:44:51.028,9.28693,9.28907,1.00,1.00
2016.08.23 13:44:51.130,9.28624,9.28821,1.75,1.00
2016.08.23 13:44:51.182,9.2862,9.28804,3.75,1.00
2016.08.23 13:44:51.492,9.2864,9.28838,3.75,1.00
2016.08.23 13:44:51.543,9.28648,9.2885,1.75,1.00
2016.08.23 13:44:51.594,9.28652,9.28864,1.75,1.00
2016.08.23 13:44:51.696,9.28666,9.28878,1.37,1.00
2016.08.23 13:44:51.899,9.28687,9.28898,1.00,1.00
2016.08.23 13:44:52.102,9.28687,9.28899,1.37,1.00
2016.08.23 13:44:52.204,9.287,9.28912,1.12,1.00
2016.08.23 13:44:52.834,9.287,9.28912,1.37,1.00
2016.08.23 13:44:52.885,9.28714,9.28925,1.37,1.00
2016.08.23 13:44:52.936,9.28729,9.28925,1.00,1.00
2016.08.23 13:44:52.988,9.28775,9.28945,3.75,1.00
2016.08.23 13:44:53.039,9.28775,9.28957,3.75,1.00
2016.08.23 13:44:53.152,9.28799,9.28957,3.75,1.00
2016.08.23 13:44:53.203,9.28798,9.28991,1.37,1.00
2016.08.23 13:44:53.255,9.28798,9.2901,1.37,1.00
2016.08.23 13:44:53.408,9.28785,9.28997,1.75,1.00
2016.08.23 13:44:53.510,9.28785,9.28997,1.37,1.00
2016.08.23 13:44:53.612,9.28785,9.28997,1.37,1.00
2016.08.23 13:44:53.715,9.28768,9.2898,1.75,1.00
2016.08.23 13:44:54.020,9.28754,9.28963,3.75,1.00
2016.08.23 13:44:54.073,9.28751,9.28963,1.37,1.00
2016.08.23 13:44:54.176,9.28751,9.28963,1.37,1.00
2016.08.23 13:44:54.227,9.28738,9.2895,1.75,1.00
2016.08.23 13:44:54.278,9.28738,9.2895,1.00,1.00
2016.08.23 13:44:54.394,9.28713,9.28917,1.00,1.00
2016.08.23 13:44:54.447,9.28709,9.28917,1.00,1.00
2016.08.23 13:44:54.498,9.28709,9.28899,1.00,1.00
2016.08.23 13:44:54.550,9.28687,9.28899,1.00,1.00
2016.08.23 13:44:54.603,9.2867,9.28882,1.00,1.00
2016.08.23 13:44:54.655,9.2867,9.28882,1.00,1.00
2016.08.23 13:44:54.722,9.28658,9.2884,1.00,1.00
2016.08.23 13:44:54.826,9.28658,9.2884,1.00,1.00
2016.08.23 13:44:54.948,9.28628,9.2884,1.00,1.00
2016.08.23 13:44:55.000,9.28608,9.28814,1.00,1.00
2016.08.23 13:44:55.052,9.28602,9.28814,1.00,1.00
2016.08.23 13:44:55.103,9.28589,9.28801,1.12,1.00
2016.08.23 13:44:55.205,9.28569,9.28821,1.37,1.00
2016.08.23 13:44:55.256,9.28563,9.28866,1.37,1.00
2016.08.23 13:44:55.358,9.28579,9.28866,1.00,1.00
2016.08.23 13:44:55.512,9.28579,9.28864,1.00,1.00
2016.08.23 13:44:55.563,9.28579,9.28857,1.00,1.00
2016.08.23 13:44:55.716,9.28579,9.28836,1.00,1.37
2016.08.23 13:44:55.869,9.28493,9.28836,1.75,1.37
2016.08.23 13:44:55.971,9.28493,9.28766,1.75,1.00
2016.08.23 13:44:56.022,9.28474,9.28766,1.75,1.00
2016.08.23 13:44:56.073,9.28488,9.28756,1.37,1.00
2016.08.23 13:44:56.174,9.28488,9.28776,1.00,1.00
2016.08.23 13:44:56.305,9.28466,9.28776,1.00,1.00
2016.08.23 13:44:56.356,9.28466,9.28776,1.00,1.00
2016.08.23 13:44:56.457,9.28466,9.28812,1.00,1.75
2016.08.23 13:44:56.565,9.28451,9.28798,1.00,1.37
2016.08.23 13:44:56.717,9.28426,9.28773,1.00,1.00
2016.08.23 13:44:56.820,9.28385,9.28733,1.00,1.37
2016.08.23 13:44:57.066,9.28365,9.28713,1.00,1.00
2016.08.23 13:44:57.167,9.28365,9.28709,1.00,3.75
2016.08.23 13:44:57.269,9.28365,9.287,1.00,3.75
2016.08.23 13:44:57.370,9.28339,9.28688,1.00,1.75
2016.08.23 13:44:57.819,9.28341,9.28689,1.00,1.75
2016.08.23 13:44:57.936,9.28341,9.28676,1.00,1.37
2016.08.23 13:44:57.987,9.28297,9.28646,1.00,1.00
2016.08.23 13:44:58.038,9.28297,9.28646,1.00,1.75
2016.08.23 13:44:58.320,9.28278,9.28628,1.00,1.37
2016.08.23 13:44:58.523,9.2825,9.28601,1.00,1.00
2016.08.23 13:44:58.574,9.2825,9.28601,1.00,1.37
2016.08.23 13:44:58.675,9.2825,9.28598,1.00,3.75
2016.08.23 13:44:58.777,9.28228,9.28579,1.00,1.50
2016.08.23 13:44:59.022,9.28228,9.28574,1.00,3.75
2016.08.23 13:44:59.372,9.28209,9.2856,1.00,1.75
2016.08.23 13:44:59.615,9.28214,9.2854,1.00,1.37
2016.08.23 13:44:59.666,9.28204,9.2854,1.00,1.75
2016.08.23 13:45:00.183,9.28194,9.2854,1.00,1.75
2016.08.23 13:45:00.444,9.28204,9.2854,1.00,1.75
2016.08.23 13:45:00.673,9.28194,9.2854,1.00,1.75
2016.08.23 13:45:00.883,9.28185,9.2854,1.37,1.75
2016.08.23 13:45:01.167,9.28204,9.2854,1.00,1.75
2016.08.23 13:45:01.329,9.28204,9.28539,1.00,3.75
2016.08.23 13:45:01.675,9.28194,9.28539,1.00,3.75
2016.08.23 13:45:01.879,9.28204,9.28523,1.00,1.75
2016.08.23 13:45:01.985,9.28194,9.28523,1.00,1.75
2016.08.23 13:45:02.355,9.28184,9.28523,1.00,1.75
2016.08.23 13:45:02.527,9.28186,9.28541,1.00,3.75
2016.08.23 13:45:02.679,9.28214,9.28541,1.00,3.75
2016.08.23 13:45:02.955,9.28174,9.28523,1.00,1.75
2016.08.23 13:45:03.394,9.28165,9.28523,1.37,1.75
2016.08.23 13:45:03.880,9.28184,9.28523,1.00,1.75
2016.08.23 13:45:03.931,9.28184,9.28531,1.00,1.75
2016.08.23 13:45:03.982,9.28184,9.28518,1.00,1.37
2016.08.23 13:45:04.097,9.28174,9.2853,1.00,1.75
2016.08.23 13:45:04.148,9.28174,9.28506,1.00,1.37
2016.08.23 13:45:04.199,9.28147,9.28506,1.37,1.37
2016.08.23 13:45:04.250,9.28147,9.28504,1.37,1.37
2016.08.23 13:45:04.472,9.28125,9.28484,1.75,1.37
2016.08.23 13:45:04.831,9.28125,9.28484,1.00,1.75
2016.08.23 13:45:05.156,9.28125,9.28477,1.00,1.75
2016.08.23 13:45:05.208,9.28125,9.28484,1.00,1.75
2016.08.23 13:45:05.259,9.28125,9.28484,1.00,4.50
2016.08.23 13:45:05.310,9.28125,9.28482,1.00,1.75
2016.08.23 13:45:05.413,9.28144,9.28482,1.00,1.75
2016.08.23 13:45:05.739,9.28134,9.28482,1.37,1.75
2016.08.23 13:45:05.790,9.28144,9.28482,1.00,1.75
2016.08.23 13:45:05.895,9.28125,9.28482,1.37,1.75
2016.08.23 13:45:06.248,9.28125,9.28476,1.37,1.75
2016.08.23 13:45:06.299,9.28166,9.28418,1.00,1.00
2016.08.23 13:45:06.615,9.28186,9.28398,1.00,1.00
2016.08.23 13:45:06.716,9.28171,9.28385,1.00,1.00
2016.08.23 13:45:09.158,9.28158,9.28372,1.00,1.00
2016.08.23 13:45:09.628,9.28172,9.28384,1.00,1.00
2016.08.23 13:45:10.541,9.28158,9.2837,1.00,1.00
2016.08.23 13:45:11.539,9.28175,9.28387,1.00,1.00
2016.08.23 13:45:13.564,9.28159,9.28371,1.00,1.00
2016.08.23 13:45:13.943,9.28173,9.28385,1.00,1.00
2016.08.23 13:45:13.994,9.28173,9.28385,1.00,1.00
2016.08.23 13:45:14.045,9.2816,9.28372,1.00,1.00
2016.08.23 13:45:16.977,9.28147,9.28359,1.00,1.00
2016.08.23 13:45:17.375,9.28147,9.28359,1.00,1.00
2016.08.23 13:45:17.690,9.2813,9.28342,1.00,1.00
2016.08.23 13:45:17.898,9.2813,9.28342,1.00,1.00
2016.08.23 13:45:17.949,9.28117,9.28329,1.00,1.00
2016.08.23 13:45:19.034,9.28117,9.2829,1.00,1.00
2016.08.23 13:45:19.187,9.28117,9.28296,1.00,1.00
2016.08.23 13:45:20.439,9.28117,9.28271,1.00,1.00
2016.08.23 13:45:20.490,9.28094,9.28271,1.00,1.00
2016.08.23 13:45:21.870,9.28091,9.28271,1.00,1.00
2016.08.23 13:45:22.370,9.28091,9.28305,1.00,1.00
2016.08.23 13:45:22.421,9.28091,9.28305,1.00,1.00
2016.08.23 13:45:22.486,9.28078,9.28292,1.00,1.00
2016.08.23 13:45:22.690,9.28063,9.28275,1.00,1.00
2016.08.23 13:45:22.894,9.28035,9.28247,1.00,1.00
2016.08.23 13:45:22.999,9.28035,9.28224,1.00,1.00
2016.08.23 13:45:23.050,9.28005,9.28217,1.00,1.00
2016.08.23 13:45:23.102,9.27992,9.28204,1.00,1.00
2016.08.23 13:45:23.599,9.28005,9.28219,1.00,1.00
2016.08.23 13:45:23.995,9.28028,9.28219,1.94,1.00
2016.08.23 13:45:24.046,9.28068,9.28205,1.00,1.00
2016.08.23 13:45:24.097,9.28088,9.283,1.00,1.00
2016.08.23 13:45:24.148,9.2809,9.283,1.00,1.00
2016.08.23 13:45:24.199,9.2811,9.28322,1.00,1.00
2016.08.23 13:45:24.301,9.28125,9.28337,1.00,1.00
2016.08.23 13:45:24.844,9.28124,9.28336,1.00,1.00
2016.08.23 13:45:25.150,9.28154,9.28366,1.00,1.00
2016.08.23 13:45:25.406,9.28154,9.28366,1.50,1.00
2016.08.23 13:45:25.507,9.28175,9.28387,1.00,1.00
2016.08.23 13:45:27.502,9.28159,9.28371,1.00,1.00
2016.08.23 13:45:27.807,9.28159,9.28362,1.00,1.00
2016.08.23 13:45:28.289,9.28146,9.28358,1.00,1.00
2016.08.23 13:45:29.275,9.28159,9.28371,1.00,1.00
2016.08.23 13:45:31.117,9.28146,9.28358,1.00,1.00
2016.08.23 13:45:31.686,9.28165,9.28373,1.00,1.00
2016.08.23 13:45:32.018,9.28165,9.28353,1.00,1.00
2016.08.23 13:45:32.687,9.28165,9.28353,1.37,1.00
2016.08.23 13:45:32.737,9.28165,9.28377,1.37,1.00
2016.08.23 13:45:32.788,9.28182,9.28394,1.00,1.37
2016.08.23 13:45:32.839,9.28182,9.28394,1.00,1.00
2016.08.23 13:45:32.890,9.28195,9.28394,3.75,1.00
2016.08.23 13:45:32.992,9.28198,9.2841,1.75,1.00
2016.08.23 13:45:33.094,9.28211,9.28423,1.75,1.00
2016.08.23 13:45:33.145,9.28211,9.28423,2.25,1.00
2016.08.23 13:45:33.196,9.28231,9.28443,1.37,1.00
2016.08.23 13:45:33.329,9.2825,9.28462,1.37,1.00
2016.08.23 13:45:33.380,9.2825,9.28462,1.37,1.00
2016.08.23 13:45:33.533,9.28277,9.28489,1.00,1.37
2016.08.23 13:45:33.635,9.28291,9.28496,1.00,1.37
2016.08.23 13:45:33.790,9.28291,9.28503,1.00,1.37
2016.08.23 13:45:33.994,9.28304,9.28516,1.00,1.87
2016.08.23 13:45:34.095,9.28304,9.28516,1.37,1.00
2016.08.23 13:45:34.253,9.28304,9.28516,1.37,1.00
2016.08.23 13:45:34.305,9.28317,9.28526,1.10,1.00
2016.08.23 13:45:34.356,9.28318,9.28526,1.00,1.00
2016.08.23 13:45:34.407,9.28338,9.28526,1.00,1.00
2016.08.23 13:45:34.458,9.28338,9.28526,1.37,1.00
2016.08.23 13:45:34.509,9.28353,9.28526,1.00,1.00
2016.08.23 13:45:34.611,9.28353,9.28537,1.00,1.00
2016.08.23 13:45:34.763,9.28353,9.28537,1.37,1.00
2016.08.23 13:45:34.895,9.28353,9.28516,1.37,1.00
2016.08.23 13:45:35.204,9.28353,9.28546,1.75,1.00
2016.08.23 13:45:35.307,9.28378,9.28556,1.37,1.00
2016.08.23 13:45:35.480,9.284,9.28556,1.00,1.00
2016.08.23 13:45:35.633,9.28386,9.28556,1.37,1.00
2016.08.23 13:45:35.684,9.28386,9.28556,1.37,1.00
2016.08.23 13:45:35.837,9.2842,9.28634,1.00,1.00
2016.08.23 13:45:35.889,9.2842,9.28634,1.37,1.00
2016.08.23 13:45:36.110,9.28459,9.28636,1.00,1.00
2016.08.23 13:45:36.164,9.28459,9.28671,1.00,1.00
2016.08.23 13:45:36.215,9.28473,9.28685,1.75,1.00
2016.08.23 13:45:36.317,9.28496,9.28676,1.37,1.00
2016.08.23 13:45:36.419,9.2851,9.28676,1.00,1.00
2016.08.23 13:45:36.522,9.28489,9.28676,1.00,1.00
2016.08.23 13:45:36.625,9.28489,9.28647,1.00,1.00
2016.08.23 13:45:36.796,9.28475,9.28636,1.00,1.00
2016.08.23 13:45:36.849,9.28463,9.28636,1.00,1.50
2016.08.23 13:45:36.976,9.28463,9.28636,1.00,1.00
2016.08.23 13:45:37.027,9.2845,9.28636,1.00,1.00
2016.08.23 13:45:37.128,9.28431,9.28643,1.00,1.00
2016.08.23 13:45:37.429,9.28431,9.28643,1.00,1.00
2016.08.23 13:45:37.479,9.28431,9.28616,1.00,1.00
2016.08.23 13:45:37.530,9.28412,9.28616,1.00,1.00
2016.08.23 13:45:37.632,9.28394,9.28608,1.00,1.00
2016.08.23 13:45:37.683,9.28394,9.28601,1.00,1.00
2016.08.23 13:45:37.734,9.28368,9.28582,1.00,1.00
2016.08.23 13:45:37.836,9.28353,9.28565,1.00,1.00
2016.08.23 13:45:38.103,9.28353,9.28565,1.00,1.00
2016.08.23 13:45:39.332,9.2834,9.28552,1.00,1.00
2016.08.23 13:45:40.033,9.28325,9.28537,1.00,1.00
2016.08.23 13:45:40.354,9.28312,9.28524,1.00,1.00
2016.08.23 13:45:41.856,9.28307,9.28519,1.00,1.00
2016.08.23 13:45:42.113,9.28307,9.28519,1.00,1.00
2016.08.23 13:45:42.813,9.28307,9.28519,1.00,1.00
2016.08.23 13:45:44.820,9.28307,9.28519,1.00,1.00
2016.08.23 13:45:45.272,9.28307,9.28516,1.00,1.00
2016.08.23 13:45:45.374,9.28307,9.28519,1.00,1.00
2016.08.23 13:45:45.763,9.28307,9.28516,1.00,1.00
2016.08.23 13:45:45.865,9.28284,9.28496,1.00,1.00
2016.08.23 13:45:50.837,9.28271,9.28483,1.00,1.00
2016.08.23 13:45:51.187,9.28286,9.28498,1.00,1.00
2016.08.23 13:45:51.775,9.2827,9.28482,1.00,1.00
2016.08.23 13:45:52.156,9.2827,9.28482,1.00,1.00
2016.08.23 13:45:52.359,9.28252,9.28466,1.00,1.00
2016.08.23 13:45:52.758,9.28268,9.2848,1.00,1.00
2016.08.23 13:45:53.572,9.28268,9.2848,1.00,1.00
2016.08.23 13:45:53.675,9.28268,9.28476,1.00,1.50
2016.08.23 13:45:53.777,9.28249,9.28461,1.00,1.00
2016.08.23 13:45:53.828,9.28249,9.28461,1.00,1.00
2016.08.23 13:45:54.194,9.28234,9.28446,1.00,1.00
2016.08.23 13:45:55.498,9.28221,9.28433,1.00,1.00
2016.08.23 13:45:55.804,9.28234,9.28446,1.00,1.00
2016.08.23 13:45:56.026,9.28234,9.28446,1.50,1.00
2016.08.23 13:45:56.077,9.28254,9.28466,1.00,1.00
2016.08.23 13:45:56.332,9.28269,9.28481,1.00,1.00
2016.08.23 13:45:56.649,9.28269,9.28467,1.00,1.00
2016.08.23 13:45:56.858,9.28269,9.28476,1.00,1.00
2016.08.23 13:45:56.960,9.28272,9.28476,1.00,1.00
2016.08.23 13:45:57.274,9.28292,9.28476,1.00,1.00
2016.08.23 13:45:57.555,9.28292,9.28486,1.00,1.00
2016.08.23 13:45:57.776,9.28307,9.28496,1.00,1.00
2016.08.23 13:45:57.879,9.28307,9.28506,1.37,1.00
2016.08.23 13:45:57.981,9.28321,9.28506,1.00,1.00
2016.08.23 13:45:58.082,9.28321,9.28533,1.00,1.00
2016.08.23 13:45:58.184,9.28321,9.28533,1.37,1.00
2016.08.23 13:45:58.359,9.28321,9.28533,1.75,1.00
2016.08.23 13:45:58.410,9.28334,9.28546,1.37,1.00
2016.08.23 13:45:58.562,9.28334,9.28546,1.37,1.00
2016.08.23 13:45:58.613,9.28334,9.28546,1.00,1.00
2016.08.23 13:45:58.820,9.28321,9.28533,1.00,1.00
2016.08.23 13:45:58.871,9.28321,9.28533,1.00,1.00
2016.08.23 13:45:59.023,9.28307,9.28521,1.00,1.00
2016.08.23 13:46:01.065,9.28307,9.28521,1.00,1.00
2016.08.23 13:46:01.379,9.28307,9.28516,1.00,1.00
2016.08.23 13:46:01.646,9.28307,9.28521,1.00,1.00
2016.08.23 13:46:01.799,9.28311,9.28523,1.00,1.00
2016.08.23 13:46:02.578,9.28311,9.28516,1.00,1.00
2016.08.23 13:46:04.023,9.28298,9.2851,1.00,1.00
2016.08.23 13:46:04.074,9.28298,9.28506,1.00,1.00
2016.08.23 13:46:04.419,9.28298,9.28486,1.00,1.00
2016.08.23 13:46:04.632,9.28298,9.28496,1.00,1.00
2016.08.23 13:46:04.818,9.28298,9.28493,1.00,1.00
2016.08.23 13:46:05.368,9.28298,9.28493,1.00,1.00
2016.08.23 13:46:05.504,9.28298,9.2851,1.00,1.00
2016.08.23 13:46:05.827,9.28313,9.28525,1.00,1.00
2016.08.23 13:46:06.129,9.28313,9.28516,1.00,1.00
2016.08.23 13:46:06.231,9.28298,9.28512,1.00,1.00
2016.08.23 13:46:06.484,9.28298,9.28512,1.00,1.00
2016.08.23 13:46:06.630,9.28298,9.28512,1.00,1.00
2016.08.23 13:46:06.882,9.28298,9.28512,1.00,1.00
2016.08.23 13:46:07.095,9.28298,9.28512,1.00,1.00
2016.08.23 13:46:07.381,9.28298,9.28512,1.00,1.00
2016.08.23 13:46:07.433,9.28298,9.28512,1.00,1.00
2016.08.23 13:46:07.739,9.28313,9.28525,1.00,1.00
2016.08.23 13:46:09.155,9.28313,9.28516,1.00,1.00
2016.08.23 13:46:09.382,9.28313,9.28525,1.00,1.00
2016.08.23 13:46:09.587,9.28313,9.28516,1.00,1.00
2016.08.23 13:46:10.856,9.28313,9.28525,1.00,1.00
2016.08.23 13:46:11.067,9.28313,9.28516,1.00,1.00
2016.08.23 13:46:12.663,9.28299,9.28511,1.00,1.00
2016.08.23 13:46:12.868,9.28299,9.28511,1.00,1.00
2016.08.23 13:46:12.970,9.28313,9.28525,1.00,1.00
2016.08.23 13:46:14.074,9.28313,9.28516,1.00,1.00
2016.08.23 13:46:14.361,9.28313,9.28525,1.00,1.00
2016.08.23 13:46:14.880,9.28313,9.28516,1.00,1.00
2016.08.23 13:46:15.084,9.28313,9.28525,1.00,1.00
2016.08.23 13:46:15.559,9.28313,9.28516,1.00,1.00
2016.08.23 13:46:15.944,9.2829,9.28502,1.00,1.00
2016.08.23 13:46:15.995,9.2829,9.28502,1.00,1.00
2016.08.23 13:46:16.097,9.28274,9.28486,1.00,1.00
2016.08.23 13:46:16.402,9.28243,9.28455,1.00,1.00
2016.08.23 13:46:16.756,9.28256,9.28468,1.00,1.00
2016.08.23 13:46:17.264,9.28273,9.28485,1.00,1.00
2016.08.23 13:46:17.419,9.28273,9.28485,1.00,1.00
2016.08.23 13:46:17.470,9.28286,9.28498,1.00,1.00
2016.08.23 13:46:17.953,9.28299,9.28511,1.00,1.00
2016.08.23 13:46:18.105,9.28299,9.28496,1.00,1.00
2016.08.23 13:46:18.354,9.28315,9.28496,1.00,1.00
2016.08.23 13:46:18.405,9.28315,9.28529,1.00,1.00
2016.08.23 13:46:18.456,9.28315,9.28529,1.00,1.00
2016.08.23 13:46:18.558,9.28329,9.28536,1.00,1.00
2016.08.23 13:46:18.609,9.28329,9.28526,1.00,1.00
2016.08.23 13:46:18.905,9.28329,9.28536,1.00,1.00
2016.08.23 13:46:21.120,9.28329,9.28526,1.00,1.00
2016.08.23 13:46:21.873,9.28334,9.28526,1.00,1.00
2016.08.23 13:46:22.313,9.28334,9.28507,1.00,1.00
2016.08.23 13:46:22.560,9.28319,9.28497,1.00,1.00
2016.08.23 13:46:22.611,9.28319,9.28516,1.00,1.00
2016.08.23 13:46:23.094,9.28319,9.28506,1.00,1.00
2016.08.23 13:46:24.912,9.28319,9.28516,1.00,1.00
2016.08.23 13:46:25.181,9.28335,9.28516,1.00,1.00
2016.08.23 13:46:25.533,9.28319,9.28516,1.00,1.00
2016.08.23 13:46:25.584,9.28333,9.28526,1.00,1.00
2016.08.23 13:46:26.084,9.28333,9.28516,1.00,1.00
2016.08.23 13:46:28.121,9.28333,9.28506,1.00,1.00
2016.08.23 13:46:28.174,9.2832,9.28506,1.00,1.00
2016.08.23 13:46:28.489,9.2832,9.28496,1.00,1.00
2016.08.23 13:46:28.836,9.2832,9.28506,1.00,1.00
2016.08.23 13:46:30.979,9.28334,9.28506,1.00,1.00
2016.08.23 13:46:31.090,9.28334,9.28496,1.00,1.00
2016.08.23 13:46:31.191,9.28321,9.28496,1.00,1.00
2016.08.23 13:46:31.293,9.28321,9.28506,1.00,1.00
2016.08.23 13:46:32.192,9.28321,9.28496,1.00,1.00
2016.08.23 13:46:33.910,9.28321,9.28506,1.00,1.00
2016.08.23 13:46:38.101,9.28321,9.28496,1.00,1.00
2016.08.23 13:46:38.452,9.28321,9.28486,1.00,1.00
2016.08.23 13:46:40.512,9.28321,9.28496,1.00,1.00
2016.08.23 13:46:40.928,9.28321,9.28506,1.00,1.00
2016.08.23 13:46:41.142,9.28321,9.28516,1.00,1.00
2016.08.23 13:46:41.902,9.28323,9.28516,1.00,1.00
2016.08.23 13:46:42.125,9.28323,9.28526,1.00,1.00
2016.08.23 13:46:42.227,9.28336,9.28526,1.00,1.00
2016.08.23 13:46:42.862,9.28336,9.28536,1.00,1.00
2016.08.23 13:46:43.015,9.28336,9.28548,1.00,1.37
2016.08.23 13:46:43.118,9.28349,9.28561,1.00,1.00
2016.08.23 13:46:43.169,9.28349,9.28561,1.00,1.00
2016.08.23 13:46:43.220,9.28388,9.286,1.00,1.00
2016.08.23 13:46:43.271,9.28388,9.286,1.37,1.00
2016.08.23 13:46:43.423,9.28401,9.28613,1.50,1.00
2016.08.23 13:46:44.211,9.28419,9.28631,1.37,1.00
2016.08.23 13:46:45.371,9.28419,9.28631,1.00,1.00
2016.08.23 13:46:45.422,9.28405,9.28617,1.37,1.00
2016.08.23 13:46:45.524,9.28405,9.28606,1.37,1.00
2016.08.23 13:46:45.631,9.28405,9.28606,1.00,1.00
2016.08.23 13:46:45.836,9.28405,9.28616,1.00,1.00
2016.08.23 13:46:46.135,9.2839,9.28604,1.35,1.00
2016.08.23 13:46:46.186,9.2839,9.28604,1.00,1.00
2016.08.23 13:46:46.238,9.28404,9.28596,1.00,1.00
2016.08.23 13:46:46.339,9.28404,9.28586,1.00,1.00
2016.08.23 13:46:46.441,9.28391,9.28586,1.00,1.00
2016.08.23 13:46:46.543,9.28391,9.28603,1.00,1.00
2016.08.23 13:46:46.645,9.28378,9.2859,1.37,1.00
2016.08.23 13:46:46.696,9.28378,9.28586,1.00,1.00
2016.08.23 13:46:46.747,9.2836,9.28572,1.00,1.00
2016.08.23 13:46:46.950,9.2836,9.28572,1.00,1.00
2016.08.23 13:46:47.102,9.2836,9.28572,1.00,1.37
2016.08.23 13:46:47.153,9.28347,9.28559,1.00,1.37
2016.08.23 13:46:47.368,9.28347,9.28559,1.00,1.37
2016.08.23 13:46:47.419,9.2836,9.28572,1.00,1.37
2016.08.23 13:46:47.470,9.2836,9.28572,1.00,1.37
2016.08.23 13:46:47.724,9.28373,9.28585,1.00,1.37
2016.08.23 13:46:48.564,9.28373,9.28576,1.00,1.00
2016.08.23 13:46:48.717,9.28386,9.28576,1.10,1.00
2016.08.23 13:46:48.870,9.28386,9.28586,1.10,1.00
2016.08.23 13:46:49.128,9.28399,9.28586,1.00,1.00
2016.08.23 13:46:49.343,9.28399,9.28586,1.37,1.00
2016.08.23 13:46:53.731,9.28399,9.28576,1.37,1.00
2016.08.23 13:46:57.376,9.28399,9.28586,1.37,1.00
2016.08.23 13:46:57.877,9.28399,9.28576,1.37,1.00
2016.08.23 13:46:58.878,9.28399,9.28586,1.37,1.00
2016.08.23 13:46:59.377,9.28399,9.28577,1.37,1.00
2016.08.23 13:47:00.356,9.28399,9.28586,1.37,1.00
2016.08.23 13:47:00.560,9.28399,9.28576,1.37,1.00
2016.08.23 13:47:01.767,9.28393,9.28576,1.37,1.00
2016.08.23 13:47:05.145,9.28393,9.28566,1.37,1.00
2016.08.23 13:47:05.568,9.28393,9.28576,1.37,1.00
2016.08.23 13:47:05.957,9.28393,9.28586,1.37,1.00
2016.08.23 13:47:06.872,9.28393,9.28596,1.37,1.00
2016.08.23 13:47:07.373,9.28393,9.28586,1.37,1.00
2016.08.23 13:47:08.391,9.28393,9.28605,1.37,1.00
2016.08.23 13:47:08.493,9.28406,9.28606,1.00,1.00
2016.08.23 13:47:08.545,9.28406,9.28606,1.60,1.00
2016.08.23 13:47:08.596,9.28406,9.28618,1.60,1.00
2016.08.23 13:47:08.698,9.28406,9.28618,1.97,1.00
2016.08.23 13:47:08.801,9.28421,9.28633,1.75,1.00
2016.08.23 13:47:08.903,9.28451,9.28663,1.37,1.00
2016.08.23 13:47:08.954,9.28451,9.28663,1.00,1.00
2016.08.23 13:47:09.005,9.28469,9.28666,1.00,1.00
2016.08.23 13:47:09.106,9.28445,9.28657,1.00,1.00
2016.08.23 13:47:09.157,9.28445,9.28646,1.00,1.00
2016.08.23 13:47:09.208,9.28429,9.28641,1.10,1.00
2016.08.23 13:47:09.392,9.28429,9.28636,1.10,1.00
2016.08.23 13:47:09.494,9.28408,9.2862,1.37,1.00
2016.08.23 13:47:09.647,9.28408,9.28616,1.37,1.00
2016.08.23 13:47:09.714,9.28408,9.28616,1.00,1.00
2016.08.23 13:47:09.816,9.28389,9.28601,1.00,1.00
2016.08.23 13:47:09.918,9.28375,9.28587,1.00,1.00
2016.08.23 13:47:10.187,9.28361,9.28573,1.00,1.00
2016.08.23 13:47:10.492,9.28375,9.28587,1.00,1.00
2016.08.23 13:47:10.914,9.28375,9.28586,1.00,1.00
2016.08.23 13:47:11.016,9.28361,9.28573,1.00,1.00
2016.08.23 13:47:11.219,9.28361,9.28573,1.00,1.00
2016.08.23 13:47:11.540,9.28361,9.28566,1.00,1.00
2016.08.23 13:47:11.700,9.28361,9.28573,1.00,1.00
2016.08.23 13:47:12.063,9.28361,9.28566,1.00,1.00
2016.08.23 13:47:12.114,9.28346,9.2856,1.00,1.00
2016.08.23 13:47:12.217,9.28346,9.2856,1.00,1.00
2016.08.23 13:47:12.491,9.28361,9.28573,1.00,1.00
2016.08.23 13:47:12.542,9.28361,9.28573,1.00,1.50
2016.08.23 13:47:12.593,9.28373,9.28573,1.00,1.00
2016.08.23 13:47:12.797,9.28356,9.28568,1.00,1.00
2016.08.23 13:47:12.900,9.28356,9.28568,1.10,1.00
2016.08.23 13:47:13.001,9.28375,9.28587,1.37,1.00
2016.08.23 13:47:13.103,9.2839,9.28602,1.37,1.00
2016.08.23 13:47:14.909,9.2839,9.28602,1.00,1.00
2016.08.23 13:47:15.416,9.2839,9.28596,1.00,1.00
2016.08.23 13:47:15.705,9.2839,9.28602,1.00,1.00
2016.08.23 13:47:16.027,9.2839,9.28602,1.00,1.50
2016.08.23 13:47:16.433,9.2839,9.28596,1.00,1.00
2016.08.23 13:47:16.602,9.2839,9.28586,1.00,1.00
2016.08.23 13:47:16.943,9.2839,9.28602,1.00,1.50
2016.08.23 13:47:17.873,9.2839,9.28602,1.00,1.00
2016.08.23 13:47:17.926,9.2839,9.28602,1.00,1.00
2016.08.23 13:47:18.289,9.2839,9.28596,1.00,1.00
2016.08.23 13:47:18.544,9.2839,9.28596,1.00,1.00
2016.08.23 13:47:18.645,9.2839,9.28596,1.00,1.50
2016.08.23 13:47:18.957,9.2839,9.28596,1.00,1.00
2016.08.23 13:47:19.470,9.2839,9.28602,1.00,1.00
2016.08.23 13:47:19.941,9.2839,9.28597,1.00,1.00
2016.08.23 13:47:20.378,9.2839,9.28602,1.00,1.00
2016.08.23 13:47:21.341,9.2839,9.28602,1.00,1.00
2016.08.23 13:47:21.525,9.28376,9.2859,1.00,1.00
2016.08.23 13:47:21.825,9.28386,9.28598,1.00,1.00
2016.08.23 13:47:21.926,9.28386,9.28598,1.00,1.00
2016.08.23 13:47:22.878,9.28386,9.28598,1.00,1.00
2016.08.23 13:47:23.032,9.28386,9.28586,1.00,1.00
2016.08.23 13:47:23.351,9.28386,9.28593,1.00,1.00
2016.08.23 13:47:23.554,9.28386,9.28586,1.00,1.00
2016.08.23 13:47:23.760,9.28368,9.2858,1.00,1.00
2016.08.23 13:47:24.294,9.28368,9.28569,1.00,1.00
2016.08.23 13:47:24.722,9.28355,9.28567,1.00,1.00
2016.08.23 13:47:25.036,9.28355,9.28567,1.00,1.00
2016.08.23 13:47:25.213,9.28355,9.28567,1.00,1.00
2016.08.23 13:47:25.264,9.28368,9.2858,1.00,1.00
2016.08.23 13:47:25.416,9.28368,9.2858,1.37,1.00
2016.08.23 13:47:25.569,9.28381,9.28593,1.00,1.00
2016.08.23 13:47:26.065,9.28394,9.28606,1.00,1.35
2016.08.23 13:47:26.116,9.28394,9.28606,1.00,1.35
2016.08.23 13:47:26.167,9.28394,9.28606,1.00,1.00
2016.08.23 13:47:26.588,9.28394,9.28606,1.00,1.00
2016.08.23 13:47:26.844,9.28394,9.28606,1.00,1.00
2016.08.23 13:47:27.838,9.28394,9.28606,1.00,1.00
2016.08.23 13:47:27.990,9.28394,9.28606,1.50,1.00
2016.08.23 13:47:29.049,9.28394,9.28606,1.50,1.00
2016.08.23 13:47:30.316,9.28394,9.28606,1.00,1.00
2016.08.23 13:47:30.367,9.28394,9.28596,1.00,1.00
2016.08.23 13:47:31.843,9.28394,9.28604,1.00,1.00
2016.08.23 13:47:34.568,9.28394,9.28603,1.00,1.00
2016.08.23 13:47:37.455,9.28394,9.28603,1.00,1.00
2016.08.23 13:47:40.578,9.28394,9.28606,1.00,1.00
2016.08.23 13:47:41.180,9.28394,9.28606,1.00,1.00
2016.08.23 13:47:41.402,9.28394,9.28606,1.00,1.00
2016.08.23 13:47:41.504,9.28394,9.28606,1.37,1.00
2016.08.23 13:47:41.606,9.28394,9.28606,1.00,1.00
2016.08.23 13:47:41.809,9.28392,9.28604,1.00,1.00
2016.08.23 13:47:41.910,9.28392,9.28604,1.00,1.00
2016.08.23 13:47:42.074,9.28392,9.28604,1.00,1.00
2016.08.23 13:47:42.290,9.28392,9.28604,1.00,1.60
2016.08.23 13:47:42.393,9.28379,9.28591,1.00,1.60
2016.08.23 13:47:42.597,9.28366,9.28578,1.00,1.00
2016.08.23 13:47:42.914,9.2834,9.28552,1.00,1.00
2016.08.23 13:47:43.437,9.2834,9.28551,1.00,1.00
2016.08.23 13:47:43.488,9.28326,9.28538,1.00,1.00
2016.08.23 13:47:43.903,9.28326,9.28538,1.00,1.00
2016.08.23 13:47:46.772,9.28326,9.28538,1.00,1.00
2016.08.23 13:47:46.823,9.28313,9.28525,1.00,1.00
2016.08.23 13:47:47.046,9.283,9.28512,1.37,1.00
2016.08.23 13:47:47.408,9.283,9.28512,1.00,1.00
2016.08.23 13:47:47.510,9.28286,9.285,1.37,1.00
2016.08.23 13:47:47.674,9.28286,9.285,1.00,1.00
2016.08.23 13:47:47.992,9.28274,9.28486,1.00,1.00
2016.08.23 13:47:49.390,9.28274,9.28485,1.00,1.00
2016.08.23 13:47:50.316,9.28274,9.28486,1.00,1.00
2016.08.23 13:47:50.418,9.28274,9.28486,1.37,1.00
2016.08.23 13:47:50.635,9.28287,9.28499,1.00,1.00
2016.08.23 13:47:51.067,9.28287,9.28499,1.37,1.00
2016.08.23 13:47:51.816,9.28287,9.28499,1.00,1.00
2016.08.23 13:47:51.918,9.28271,9.28485,1.00,1.00
2016.08.23 13:47:52.431,9.28271,9.28485,1.00,1.00
2016.08.23 13:47:52.533,9.28271,9.28485,1.00,1.35
2016.08.23 13:47:52.635,9.28259,9.28471,1.00,1.00
2016.08.23 13:47:52.784,9.28259,9.28471,1.00,1.60
2016.08.23 13:47:52.835,9.28246,9.28438,1.00,1.00
2016.08.23 13:47:53.040,9.28233,9.28438,1.00,1.00
2016.08.23 13:47:53.142,9.2822,9.28432,1.00,1.00
2016.08.23 13:47:53.364,9.28205,9.28419,1.00,1.00
2016.08.23 13:47:53.855,9.28205,9.28403,1.00,1.00
2016.08.23 13:47:53.906,9.28192,9.28403,1.00,1.00
2016.08.23 13:47:54.093,9.28192,9.28401,1.00,1.00
2016.08.23 13:47:54.144,9.28169,9.28381,1.00,1.00
2016.08.23 13:47:54.348,9.28169,9.28367,1.00,1.00
2016.08.23 13:47:54.450,9.2815,9.28362,1.00,1.00
2016.08.23 13:47:54.638,9.28137,9.28349,1.00,1.00
2016.08.23 13:48:01.871,9.2814,9.28352,1.00,1.00
2016.08.23 13:48:02.944,9.2814,9.28336,1.00,1.00
2016.08.23 13:48:03.059,9.28122,9.28334,1.00,1.37
2016.08.23 13:48:03.110,9.28122,9.28334,1.00,1.37
2016.08.23 13:48:03.212,9.28122,9.28334,1.00,1.87
2016.08.23 13:48:03.263,9.28102,9.28314,1.00,1.37
2016.08.23 13:48:03.364,9.28066,9.2828,1.00,1.37
2016.08.23 13:48:03.415,9.28066,9.2828,1.00,1.37
2016.08.23 13:48:03.721,9.28066,9.2828,1.00,1.37
2016.08.23 13:48:03.772,9.28052,9.28266,1.00,1.37
2016.08.23 13:48:04.377,9.28052,9.28266,1.00,1.37
2016.08.23 13:48:04.478,9.28036,9.2825,1.00,1.37
2016.08.23 13:48:04.529,9.28036,9.28241,1.00,1.00
2016.08.23 13:48:04.580,9.28009,9.28221,1.00,1.00
2016.08.23 13:48:08.029,9.28009,9.28221,1.60,1.00
2016.08.23 13:48:08.080,9.28015,9.28221,1.60,1.00
2016.08.23 13:48:08.131,9.28015,9.28221,2.10,1.00
2016.08.23 13:48:08.182,9.28035,9.28247,1.00,1.00
2016.08.23 13:48:08.385,9.28048,9.2826,1.00,1.00
2016.08.23 13:48:08.778,9.28048,9.2826,1.00,1.00
2016.08.23 13:48:10.488,9.28066,9.28278,1.00,1.00
2016.08.23 13:48:10.539,9.28066,9.28278,1.60,1.00
2016.08.23 13:48:10.643,9.28066,9.28278,1.60,1.00
2016.08.23 13:48:10.694,9.28084,9.28278,1.00,1.00
2016.08.23 13:48:10.755,9.28093,9.28305,1.00,1.00
2016.08.23 13:48:10.806,9.28093,9.28305,1.60,1.00
2016.08.23 13:48:10.857,9.28135,9.28305,1.00,1.00
2016.08.23 13:48:10.959,9.28135,9.28328,1.00,1.00
2016.08.23 13:48:11.061,9.28135,9.2834,1.00,1.00
2016.08.23 13:48:11.507,9.28135,9.2834,1.50,1.00
2016.08.23 13:48:11.558,9.28155,9.28367,1.00,1.00
2016.08.23 13:48:13.531,9.28155,9.28367,1.00,1.00
2016.08.23 13:48:13.742,9.28155,9.28367,1.00,1.00
2016.08.23 13:48:13.844,9.28158,9.28367,1.00,1.00
2016.08.23 13:48:13.946,9.28158,9.28367,1.00,1.00
2016.08.23 13:48:14.062,9.28171,9.2838,1.00,1.00
2016.08.23 13:48:14.113,9.28191,9.28403,1.00,1.00
2016.08.23 13:48:14.164,9.28209,9.28421,1.00,1.00
2016.08.23 13:48:14.368,9.28224,9.28436,1.00,1.00
2016.08.23 13:48:14.470,9.2824,9.28452,1.00,1.00
2016.08.23 13:48:14.572,9.28262,9.28474,1.00,1.00
2016.08.23 13:48:14.905,9.28277,9.28489,1.00,1.00
2016.08.23 13:48:15.058,9.28277,9.28489,1.00,1.00
2016.08.23 13:48:15.390,9.28277,9.28489,1.60,1.00
2016.08.23 13:48:15.564,9.28296,9.28489,1.00,1.00
2016.08.23 13:48:15.666,9.28296,9.28507,1.00,1.00
2016.08.23 13:48:15.818,9.28296,9.28507,1.00,1.00
2016.08.23 13:48:16.072,9.28297,9.28507,2.10,1.00
2016.08.23 13:48:16.174,9.28314,9.28526,1.60,1.00
2016.08.23 13:48:16.323,9.28338,9.2854,1.00,1.00
2016.08.23 13:48:16.374,9.28358,9.2857,1.00,1.00
2016.08.23 13:48:16.475,9.28358,9.2857,1.00,1.00
2016.08.23 13:48:16.901,9.28358,9.2857,1.00,1.00
2016.08.23 13:48:17.250,9.28372,9.28584,1.00,1.00
2016.08.23 13:48:17.804,9.28372,9.28584,1.00,1.00
2016.08.23 13:48:18.202,9.28391,9.28603,1.00,1.00
2016.08.23 13:48:18.355,9.28391,9.28603,1.00,1.00
2016.08.23 13:48:18.457,9.28391,9.28603,1.37,1.00
2016.08.23 13:48:18.559,9.28418,9.28617,1.00,1.00
2016.08.23 13:48:18.610,9.28438,9.2865,1.00,1.00
2016.08.23 13:48:18.661,9.28438,9.2865,1.00,1.00
2016.08.23 13:48:18.813,9.28462,9.28674,1.00,1.00
2016.08.23 13:48:19.028,9.28462,9.28674,1.00,1.00
2016.08.23 13:48:19.079,9.28475,9.28687,1.00,1.00
2016.08.23 13:48:19.282,9.28475,9.28687,1.60,1.00
2016.08.23 13:48:19.545,9.28475,9.28687,1.00,1.00
2016.08.23 13:48:19.647,9.28475,9.28687,1.00,1.00
2016.08.23 13:48:19.824,9.28484,9.28687,1.00,1.00
2016.08.23 13:48:19.926,9.28475,9.28687,1.00,1.00
2016.08.23 13:48:21.047,9.28475,9.28687,1.00,1.00
2016.08.23 13:48:21.199,9.28488,9.287,1.00,1.00
2016.08.23 13:48:21.803,9.28482,9.28694,1.00,1.00
2016.08.23 13:48:24.822,9.28482,9.28694,1.00,1.00
2016.08.23 13:48:25.829,9.28484,9.28694,1.00,1.00
2016.08.23 13:48:25.930,9.28499,9.28711,1.00,1.00
2016.08.23 13:48:27.236,9.28499,9.28711,1.00,1.00
2016.08.23 13:48:27.338,9.28513,9.28725,1.00,1.00
2016.08.23 13:48:30.139,9.28519,9.28725,1.00,1.00
2016.08.23 13:48:30.241,9.28527,9.28739,1.00,1.00
2016.08.23 13:48:30.292,9.28527,9.28739,1.60,1.00
2016.08.23 13:48:30.343,9.2853,9.28739,1.60,1.00
2016.08.23 13:48:30.444,9.28539,9.28753,1.00,1.00
2016.08.23 13:48:30.546,9.28539,9.28753,1.60,1.00
2016.08.23 13:48:30.747,9.28545,9.28753,1.00,1.00
2016.08.23 13:48:30.849,9.28565,9.28777,1.00,1.00
2016.08.23 13:48:32.588,9.28565,9.28777,1.00,1.00
2016.08.23 13:48:33.373,9.28565,9.28777,1.00,1.00
2016.08.23 13:48:33.527,9.28578,9.2879,1.00,1.00
2016.08.23 13:48:37.311,9.28578,9.2879,1.00,1.00
2016.08.23 13:48:38.679,9.28578,9.28787,1.00,1.00
2016.08.23 13:48:39.265,9.28578,9.28787,1.60,1.00
2016.08.23 13:48:39.316,9.28578,9.2879,1.60,1.00
2016.08.23 13:48:39.468,9.28591,9.28803,1.00,1.00
2016.08.23 13:48:39.606,9.28591,9.28803,1.60,1.00
2016.08.23 13:48:40.279,9.28605,9.28817,1.00,1.00
2016.08.23 13:48:40.331,9.28605,9.28817,1.00,1.00
2016.08.23 13:48:41.640,9.28605,9.28817,1.00,1.00
2016.08.23 13:48:41.843,9.28606,9.28818,1.00,1.00
2016.08.23 13:48:41.944,9.28593,9.28805,1.00,1.00
2016.08.23 13:48:42.452,9.28608,9.2882,1.00,1.00
2016.08.23 13:48:43.125,9.28608,9.28816,1.00,1.00
2016.08.23 13:48:43.287,9.28595,9.28807,1.00,1.00
2016.08.23 13:48:43.755,9.28595,9.28807,1.00,1.00
2016.08.23 13:48:43.806,9.28595,9.28807,1.00,1.00
2016.08.23 13:48:44.115,9.28608,9.2882,1.00,1.00
2016.08.23 13:48:48.682,9.28608,9.2882,1.00,1.00
2016.08.23 13:48:49.054,9.28621,9.28833,1.00,1.00
2016.08.23 13:48:49.210,9.28621,9.28833,1.00,1.00
2016.08.23 13:48:49.592,9.28643,9.28833,1.00,1.00
2016.08.23 13:48:50.770,9.2865,9.28864,1.00,1.00
2016.08.23 13:48:52.063,9.2865,9.28864,1.00,1.00
2016.08.23 13:48:53.667,9.2865,9.28864,1.00,1.00
2016.08.23 13:48:53.718,9.28664,9.28876,1.00,1.00
2016.08.23 13:48:54.221,9.28677,9.28889,1.00,1.00
2016.08.23 13:48:54.622,9.28664,9.28876,1.00,1.00
2016.08.23 13:48:55.201,9.28682,9.28876,1.00,1.00
2016.08.23 13:48:55.302,9.28682,9.28889,1.00,1.00
2016.08.23 13:48:55.506,9.28682,9.28874,1.00,1.00
2016.08.23 13:48:55.725,9.28682,9.28887,1.00,1.00
2016.08.23 13:49:01.837,9.28682,9.2889,1.00,1.00
2016.08.23 13:49:06.366,9.28678,9.2889,1.00,1.00
2016.08.23 13:49:06.417,9.28678,9.2889,1.00,1.00
2016.08.23 13:49:06.519,9.28695,9.28907,1.00,1.00
2016.08.23 13:49:06.854,9.28681,9.28893,1.00,1.00
2016.08.23 13:49:07.159,9.28681,9.28893,1.00,1.00
2016.08.23 13:49:07.515,9.28665,9.28879,1.00,1.00
2016.08.23 13:49:08.445,9.28669,9.28879,1.00,1.00
2016.08.23 13:49:08.547,9.2868,9.28892,1.00,1.00
2016.08.23 13:49:08.751,9.28669,9.28879,1.00,1.00
2016.08.23 13:49:12.367,9.28676,9.28879,1.00,1.00
2016.08.23 13:49:12.469,9.28696,9.28908,1.37,1.00
2016.08.23 13:49:12.570,9.28715,9.28927,1.37,1.00
2016.08.23 13:49:13.465,9.28732,9.28939,1.00,1.00
2016.08.23 13:49:14.153,9.28732,9.28944,1.00,1.00
2016.08.23 13:49:15.066,9.28732,9.28944,1.00,1.00
2016.08.23 13:49:15.117,9.28732,9.28944,1.37,1.00
2016.08.23 13:49:15.218,9.28732,9.28944,1.37,1.00
2016.08.23 13:49:15.269,9.28732,9.28944,1.37,1.00
2016.08.23 13:49:15.422,9.28732,9.28944,1.37,1.00
2016.08.23 13:49:15.473,9.28747,9.28959,1.00,1.60
2016.08.23 13:49:15.524,9.28747,9.28959,1.37,1.00
2016.08.23 13:49:15.575,9.28747,9.28959,1.37,1.00
2016.08.23 13:49:15.626,9.2876,9.28959,3.75,1.00
2016.08.23 13:49:15.677,9.28761,9.28973,1.75,1.00
2016.08.23 13:49:15.781,9.28775,9.28987,1.75,1.00
2016.08.23 13:49:15.891,9.28788,9.29,1.37,1.00
2016.08.23 13:49:15.942,9.28802,9.29014,1.75,1.00
2016.08.23 13:49:16.146,9.28818,9.2903,1.37,1.00
2016.08.23 13:49:16.298,9.28818,9.2903,1.37,1.00
2016.08.23 13:49:16.400,9.28818,9.2903,1.37,1.00
2016.08.23 13:49:16.451,9.28834,9.29046,1.00,1.00
2016.08.23 13:49:16.502,9.28834,9.29046,1.00,1.00
2016.08.23 13:49:16.553,9.28834,9.29046,1.37,1.00
2016.08.23 13:49:16.909,9.28834,9.29046,1.37,1.00
2016.08.23 13:49:16.960,9.28849,9.29061,1.10,1.00
2016.08.23 13:49:17.079,9.28867,9.29079,1.00,1.00
2016.08.23 13:49:21.859,9.28868,9.2908,1.00,1.00
2016.08.23 13:49:23.398,9.28868,9.2908,1.37,1.00
2016.08.23 13:49:23.710,9.28882,9.29094,1.37,1.00
2016.08.23 13:49:24.724,9.28882,9.29094,1.37,1.00
2016.08.23 13:49:24.774,9.28895,9.29107,1.00,1.00
2016.08.23 13:49:24.825,9.28895,9.29107,1.37,1.00
2016.08.23 13:49:25.813,9.28895,9.29106,1.37,1.00
2016.08.23 13:49:26.316,9.28895,9.29107,1.37,1.00
2016.08.23 13:49:27.575,9.28895,9.29106,1.37,1.00
2016.08.23 13:49:28.269,9.28895,9.29107,1.37,1.00
2016.08.23 13:49:30.274,9.28895,9.29096,1.37,1.00
2016.08.23 13:49:30.574,9.28895,9.29106,1.37,1.00
2016.08.23 13:49:31.575,9.28895,9.29096,1.37,1.00
2016.08.23 13:49:31.976,9.28895,9.29106,1.37,1.00
2016.08.23 13:49:32.145,9.28895,9.29106,1.00,1.00
2016.08.23 13:49:32.677,9.28895,9.29107,1.00,1.00
2016.08.23 13:49:36.813,9.28895,9.29096,1.00,1.00
2016.08.23 13:49:38.285,9.28895,9.29086,1.00,1.00
2016.08.23 13:49:38.695,9.28895,9.29107,1.00,1.00
2016.08.23 13:49:39.187,9.28895,9.29096,1.00,1.00
2016.08.23 13:49:39.433,9.28895,9.29096,1.00,1.00
2016.08.23 13:49:39.484,9.28895,9.29096,1.37,1.00
2016.08.23 13:49:39.535,9.28908,9.29096,1.37,1.00
2016.08.23 13:49:39.844,9.28908,9.29087,1.37,1.00
2016.08.23 13:49:40.150,9.28908,9.29087,1.37,1.00
2016.08.23 13:49:40.202,9.28908,9.2912,1.37,1.00
2016.08.23 13:49:40.306,9.28908,9.2912,1.37,1.00
2016.08.23 13:49:40.459,9.28908,9.2912,1.37,1.00
2016.08.23 13:49:40.510,9.28923,9.29134,1.37,1.00
2016.08.23 13:49:41.291,9.28923,9.29134,1.37,1.00
2016.08.23 13:49:41.819,9.28936,9.29146,1.12,1.00
2016.08.23 13:49:41.922,9.28938,9.29146,1.00,1.00
2016.08.23 13:49:42.315,9.28938,9.29146,1.00,1.50
2016.08.23 13:49:43.094,9.28938,9.29146,1.00,1.00
2016.08.23 13:49:43.615,9.28938,9.29147,1.00,1.00
2016.08.23 13:49:48.302,9.28938,9.29147,1.00,1.00
2016.08.23 13:49:48.698,9.28938,9.29147,1.37,1.00
2016.08.23 13:49:49.586,9.28938,9.2915,1.37,1.00
2016.08.23 13:49:49.929,9.28938,9.2915,1.75,1.00
2016.08.23 13:49:49.980,9.28938,9.2915,2.10,1.00
2016.08.23 13:49:50.031,9.28951,9.29163,1.75,1.00
2016.08.23 13:49:50.133,9.28964,9.29178,1.37,1.00
2016.08.23 13:49:50.183,9.28964,9.29178,1.87,1.00
2016.08.23 13:49:50.235,9.28985,9.29197,1.37,1.00
2016.08.23 13:49:50.286,9.28985,9.29197,1.37,1.00
2016.08.23 13:49:50.458,9.28985,9.29197,1.75,1.00
2016.08.23 13:49:50.786,9.28985,9.29197,1.75,1.00
2016.08.23 13:49:51.240,9.28998,9.2921,1.00,1.00
2016.08.23 13:49:51.891,9.28998,9.2921,1.00,1.00
2016.08.23 13:49:51.993,9.28998,9.2921,1.75,1.00
2016.08.23 13:49:52.044,9.29013,9.2922,1.37,1.00
2016.08.23 13:49:52.370,9.29014,9.29225,1.37,1.00
2016.08.23 13:49:52.472,9.29014,9.29225,1.37,1.00
2016.08.23 13:49:52.523,9.29034,9.29225,1.00,1.00
2016.08.23 13:49:52.574,9.29034,9.29225,1.37,1.00
2016.08.23 13:49:52.626,9.29014,9.29225,1.75,1.00
2016.08.23 13:49:52.728,9.29024,9.29225,1.37,1.00
2016.08.23 13:49:52.902,9.29024,9.29225,1.75,1.00
2016.08.23 13:49:53.018,9.29034,9.29225,1.75,1.00
2016.08.23 13:49:53.121,9.29024,9.29225,1.75,1.00
2016.08.23 13:49:53.223,9.29034,9.29225,1.75,1.00
2016.08.23 13:49:53.496,9.29034,9.29244,1.75,1.00
2016.08.23 13:49:53.548,9.29054,9.29244,1.97,1.00
2016.08.23 13:49:53.650,9.29074,9.29259,1.37,1.00
2016.08.23 13:49:53.701,9.29074,9.29259,1.37,1.00
2016.08.23 13:49:53.753,9.29069,9.29281,1.75,1.00
2016.08.23 13:49:53.855,9.29078,9.29281,3.75,1.00
2016.08.23 13:49:53.957,9.29086,9.29298,1.75,1.00
2016.08.23 13:49:54.021,9.291,9.29312,1.37,1.00
2016.08.23 13:49:54.177,9.291,9.29312,1.75,1.00
2016.08.23 13:49:54.228,9.29113,9.29325,1.37,1.00
2016.08.23 13:49:54.432,9.29113,9.29325,1.75,1.00
2016.08.23 13:49:55.553,9.29126,9.2934,1.37,1.00
2016.08.23 13:49:55.604,9.29126,9.2934,1.37,1.00
2016.08.23 13:49:55.655,9.29139,9.29353,1.37,1.00
2016.08.23 13:49:55.706,9.29139,9.29353,1.37,1.00
2016.08.23 13:49:55.757,9.29139,9.29353,1.75,1.00
2016.08.23 13:49:55.808,9.29144,9.29353,1.35,1.00
2016.08.23 13:49:56.039,9.29153,9.29365,2.25,1.00
2016.08.23 13:49:56.090,9.29157,9.29365,1.75,1.00
2016.08.23 13:49:56.140,9.29177,9.29389,1.37,1.00
2016.08.23 13:49:56.496,9.29182,9.29389,3.75,1.00
2016.08.23 13:49:56.805,9.29182,9.29376,3.75,1.00
2016.08.23 13:49:57.945,9.2917,9.29376,3.75,1.00
2016.08.23 13:49:58.250,9.29182,9.29394,1.75,1.00
2016.08.23 13:49:58.810,9.29184,9.29394,1.35,1.00
2016.08.23 13:49:58.963,9.29195,9.29407,1.37,1.00
2016.08.23 13:49:59.065,9.29195,9.29407,1.75,1.00
2016.08.23 13:49:59.755,9.29208,9.2942,1.37,1.00
2016.08.23 13:49:59.856,9.29191,9.29403,2.10,1.00
2016.08.23 13:49:59.907,9.29191,9.29403,1.00,1.00
2016.08.23 13:50:00.000,9.29191,9.29403,1.00,1.00
2016.08.23 13:50:00.064,9.29177,9.29389,1.00,1.00
2016.08.23 13:50:00.353,9.29164,9.29376,1.00,1.00
2016.08.23 13:50:00.404,9.29164,9.29376,1.00,1.50
2016.08.23 13:50:00.455,9.29156,9.29356,1.00,1.00
2016.08.23 13:50:00.647,9.29121,9.29333,1.60,1.00
2016.08.23 13:50:00.698,9.29121,9.29333,1.60,1.00
2016.08.23 13:50:00.749,9.29102,9.29314,1.60,1.00
2016.08.23 13:50:00.800,9.29102,9.29314,1.00,1.00
2016.08.23 13:50:00.953,9.29082,9.29294,1.50,1.00
2016.08.23 13:50:01.004,9.29082,9.29294,1.00,1.00
2016.08.23 13:50:01.055,9.29064,9.29276,1.00,1.00
2016.08.23 13:50:01.107,9.29064,9.29276,1.00,1.00
2016.08.23 13:50:01.158,9.29045,9.29257,1.00,1.00
2016.08.23 13:50:01.248,9.29044,9.29239,1.00,1.00
2016.08.23 13:50:01.301,9.29027,9.29239,1.00,1.00
2016.08.23 13:50:01.353,9.29014,9.29226,1.00,1.00
2016.08.23 13:50:01.612,9.29014,9.29226,1.00,1.00
2016.08.23 13:50:01.663,9.28994,9.29204,1.60,1.00
2016.08.23 13:50:01.714,9.28992,9.29204,1.60,1.00
2016.08.23 13:50:01.765,9.28979,9.29191,1.60,1.00
2016.08.23 13:50:01.816,9.28979,9.29191,1.00,1.00
2016.08.23 13:50:01.997,9.28975,9.29187,1.00,1.00
2016.08.23 13:50:02.100,9.28961,9.29173,1.00,1.00
2016.08.23 13:50:02.458,9.28961,9.29173,1.00,1.00
2016.08.23 13:50:06.192,9.28947,9.29159,1.00,1.00
2016.08.23 13:50:06.599,9.28931,9.29143,1.00,1.00
2016.08.23 13:50:06.650,9.28931,9.29143,1.00,1.00
2016.08.23 13:50:06.702,9.28943,9.29157,1.00,1.00
2016.08.23 13:50:06.805,9.28957,9.29169,1.00,1.37
2016.08.23 13:50:06.856,9.28957,9.29169,1.00,1.37
2016.08.23 13:50:06.907,9.28937,9.29115,1.00,1.00
2016.08.23 13:50:06.958,9.28903,9.29115,1.00,1.00
2016.08.23 13:50:07.074,9.28883,9.2909,1.00,1.00
2016.08.23 13:50:07.126,9.28878,9.2909,1.00,1.00
2016.08.23 13:50:07.177,9.28878,9.2909,1.00,1.00
2016.08.23 13:50:07.695,9.28862,9.29074,1.00,1.00
2016.08.23 13:50:08.010,9.28826,9.29038,1.00,1.00
2016.08.23 13:50:08.316,9.28786,9.28998,1.00,1.00
2016.08.23 13:50:08.701,9.28773,9.28985,1.00,1.00
2016.08.23 13:50:08.803,9.28759,9.28971,1.00,1.00
2016.08.23 13:50:08.854,9.28759,9.28971,1.00,1.00
2016.08.23 13:50:08.972,9.28746,9.28958,1.60,1.00
2016.08.23 13:50:09.074,9.28746,9.28958,1.60,1.00
2016.08.23 13:50:09.175,9.28726,9.28932,1.60,1.00
2016.08.23 13:50:09.226,9.28724,9.28932,2.10,1.00
2016.08.23 13:50:09.379,9.28724,9.28932,1.60,1.00
2016.08.23 13:50:09.430,9.2872,9.28932,2.10,1.00
2016.08.23 13:50:09.481,9.2872,9.28932,1.60,1.00
2016.08.23 13:50:09.764,9.28707,9.28919,2.85,1.00
2016.08.23 13:50:09.815,9.28707,9.28919,1.00,1.00
2016.08.23 13:50:10.120,9.28666,9.28878,1.00,1.00
2016.08.23 13:50:10.324,9.28617,9.28829,1.00,1.00
2016.08.23 13:50:10.425,9.28634,9.28829,1.00,1.00
2016.08.23 13:50:10.590,9.28623,9.28829,1.00,1.00
2016.08.23 13:50:10.641,9.28634,9.28829,1.00,1.00
2016.08.23 13:50:11.107,9.28617,9.28829,1.00,1.00
2016.08.23 13:50:11.430,9.28602,9.28814,1.00,1.00
2016.08.23 13:50:11.481,9.28582,9.28793,1.97,1.00
2016.08.23 13:50:11.583,9.28581,9.28793,1.60,1.00
2016.08.23 13:50:14.772,9.28581,9.28793,1.60,1.00
2016.08.23 13:50:15.209,9.28581,9.28793,1.60,1.00
2016.08.23 13:50:18.835,9.28568,9.2878,1.60,1.00
2016.08.23 13:50:18.886,9.28568,9.2878,1.60,1.00
2016.08.23 13:50:18.998,9.28555,9.28767,3.60,1.00
2016.08.23 13:50:19.050,9.28555,9.28767,1.50,1.00
2016.08.23 13:50:19.100,9.28555,9.28767,1.00,1.00
2016.08.23 13:50:19.151,9.28555,9.28767,1.00,1.00
2016.08.23 13:50:19.202,9.28535,9.28754,1.00,1.00
2016.08.23 13:50:19.253,9.28533,9.28754,1.00,1.00
2016.08.23 13:50:19.304,9.2852,9.28741,1.00,1.00
2016.08.23 13:50:19.457,9.28464,9.28703,1.00,1.00
2016.08.23 13:50:19.660,9.28456,9.28703,1.00,1.00
2016.08.23 13:50:19.733,9.28464,9.28703,1.00,1.00
2016.08.23 13:50:20.399,9.28456,9.28703,1.00,1.00
2016.08.23 13:50:20.450,9.28441,9.28687,1.00,1.00
2016.08.23 13:50:20.837,9.28441,9.28671,1.00,1.00
2016.08.23 13:50:21.132,9.28434,9.28671,1.00,1.00
2016.08.23 13:50:21.269,9.28424,9.28671,1.00,1.00
2016.08.23 13:50:21.700,9.2842,9.28671,1.00,1.00
2016.08.23 13:50:21.811,9.28418,9.2866,1.00,1.00
2016.08.23 13:50:22.686,9.2841,9.2866,1.37,1.00
2016.08.23 13:50:23.171,9.2841,9.2866,1.37,1.00
2016.08.23 13:50:23.222,9.2839,9.28636,1.37,1.00
2016.08.23 13:50:23.273,9.28386,9.28636,1.75,1.00
2016.08.23 13:50:23.324,9.28377,9.28608,1.35,1.00
2016.08.23 13:50:23.376,9.28367,9.28608,1.35,1.00
2016.08.23 13:50:23.795,9.28358,9.28608,1.60,1.00
2016.08.23 13:50:23.896,9.28358,9.28608,1.97,1.00
2016.08.23 13:50:24.152,9.28354,9.286,1.97,1.00
2016.08.23 13:50:24.637,9.28364,9.286,1.60,1.00
2016.08.23 13:50:24.739,9.28354,9.286,1.97,1.00
2016.08.23 13:50:24.996,9.2835,9.28584,1.56,1.00
2016.08.23 13:50:25.335,9.28356,9.28584,1.56,1.00
2016.08.23 13:50:25.996,9.28356,9.28584,1.56,1.00
2016.08.23 13:50:27.147,9.2836,9.28584,1.27,1.00
2016.08.23 13:50:27.200,9.2835,9.28584,1.19,1.00
2016.08.23 13:50:27.629,9.28325,9.28584,1.97,1.00
2016.08.23 13:50:27.680,9.2832,9.28571,1.35,1.00
2016.08.23 13:50:27.731,9.28319,9.28571,1.19,1.00
2016.08.23 13:50:28.200,9.28319,9.28571,1.56,1.00
2016.08.23 13:50:28.553,9.28319,9.28557,1.56,1.00
2016.08.23 13:50:28.717,9.28319,9.28557,1.19,1.00
2016.08.23 13:50:29.112,9.28313,9.28557,2.10,1.00
2016.08.23 13:50:29.437,9.28313,9.2854,2.10,1.00
2016.08.23 13:50:29.812,9.28311,9.2854,2.10,1.00
2016.08.23 13:50:30.497,9.28308,9.2854,2.47,1.00
2016.08.23 13:50:30.548,9.28305,9.2854,2.47,1.00
2016.08.23 13:50:30.599,9.28305,9.2854,2.10,1.00
2016.08.23 13:50:30.650,9.28305,9.28525,2.10,1.00
2016.08.23 13:50:30.814,9.28303,9.28525,1.00,1.00
2016.08.23 13:50:30.916,9.28255,9.28509,1.00,1.00
2016.08.23 13:50:30.968,9.28227,9.2849,1.00,1.00
2016.08.23 13:50:31.064,9.28227,9.28478,1.00,1.00
2016.08.23 13:50:31.115,9.28197,9.28478,1.37,1.00
2016.08.23 13:50:31.166,9.28197,9.28456,1.00,1.00
2016.08.23 13:50:31.422,9.28154,9.28417,1.60,1.00
2016.08.23 13:50:31.525,9.28144,9.28417,1.60,1.00
2016.08.23 13:50:31.578,9.28144,9.28397,1.60,1.00
2016.08.23 13:50:31.957,9.28137,9.28397,1.56,1.00
2016.08.23 13:50:32.345,9.28137,9.28371,1.56,1.00
2016.08.23 13:50:32.446,9.28144,9.28371,1.60,1.00
2016.08.23 13:50:32.649,9.2815,9.28371,1.19,1.00
2016.08.23 13:50:33.966,9.2815,9.28391,1.19,1.00
2016.08.23 13:50:34.016,9.2815,9.28397,1.19,1.00
2016.08.23 13:50:34.067,9.2815,9.28416,1.19,1.00
2016.08.23 13:50:34.871,9.28169,9.28416,1.00,1.00
2016.08.23 13:50:34.922,9.28188,9.28416,1.00,1.00
2016.08.23 13:50:34.973,9.28244,9.28442,1.00,1.00
2016.08.23 13:50:35.024,9.28244,9.28442,1.00,1.00
2016.08.23 13:50:35.127,9.28245,9.28496,1.00,1.00
2016.08.23 13:50:35.178,9.28221,9.28527,1.00,1.37
2016.08.23 13:50:35.229,9.28209,9.28527,1.87,1.00
2016.08.23 13:50:35.280,9.28209,9.28509,1.37,1.00
2016.08.23 13:50:35.331,9.28209,9.28509,1.37,1.00
2016.08.23 13:50:35.658,9.28209,9.28509,1.75,1.00
2016.08.23 13:50:35.760,9.28209,9.28528,1.75,1.00
2016.08.23 13:50:36.783,9.28214,9.28528,1.75,1.00
2016.08.23 13:50:36.847,9.28209,9.28528,1.75,1.00
2016.08.23 13:50:36.949,9.28214,9.28528,1.75,1.00
2016.08.23 13:50:37.685,9.28209,9.28528,1.75,1.00
2016.08.23 13:50:37.787,9.28213,9.28528,1.37,1.00
2016.08.23 13:50:37.851,9.28209,9.28528,1.75,1.00
2016.08.23 13:50:38.076,9.28214,9.28528,1.37,1.00
2016.08.23 13:50:38.670,9.28224,9.28528,1.37,1.00
2016.08.23 13:50:38.987,9.28234,9.28528,1.37,1.00
2016.08.23 13:50:40.262,9.28234,9.28528,1.37,1.00
2016.08.23 13:50:40.466,9.28229,9.28528,1.37,1.00
2016.08.23 13:50:40.532,9.28229,9.2851,1.37,1.00
2016.08.23 13:50:40.584,9.28213,9.2851,1.00,1.00
2016.08.23 13:50:40.795,9.28206,9.2851,1.00,1.00
2016.08.23 13:50:40.951,9.28206,9.2851,1.37,1.00
2016.08.23 13:50:41.002,9.28224,9.28511,1.00,1.00
2016.08.23 13:50:41.703,9.28244,9.28511,1.00,1.00
2016.08.23 13:50:41.887,9.28254,9.28513,1.00,1.00
2016.08.23 13:50:42.058,9.28254,9.28513,1.00,1.00
2016.08.23 13:50:42.167,9.28244,9.28513,1.00,1.00
2016.08.23 13:50:42.268,9.28244,9.28513,1.00,1.00
2016.08.23 13:50:42.370,9.28254,9.28513,1.00,1.00
2016.08.23 13:50:42.769,9.28244,9.28513,1.00,1.00
2016.08.23 13:50:42.871,9.28234,9.28513,1.00,1.00
2016.08.23 13:50:43.008,9.28243,9.28513,1.00,1.00
2016.08.23 13:50:43.071,9.28254,9.28513,1.00,1.00
2016.08.23 13:50:44.022,9.28244,9.28513,1.00,1.00
2016.08.23 13:50:44.228,9.28254,9.28509,1.00,1.00
2016.08.23 13:50:44.539,9.28268,9.28511,1.00,1.00
2016.08.23 13:50:45.189,9.28253,9.28496,1.00,1.00
2016.08.23 13:50:45.992,9.28262,9.28496,1.00,1.00
2016.08.23 13:50:46.329,9.28282,9.28494,1.00,1.00
2016.08.23 13:50:46.431,9.28266,9.2848,1.00,1.00
2016.08.23 13:50:46.542,9.28254,9.28462,1.00,1.00
2016.08.23 13:50:46.593,9.2825,9.28462,1.00,1.00
2016.08.23 13:50:48.145,9.28235,9.28447,1.00,1.00
2016.08.23 13:50:48.842,9.28248,9.2846,1.00,1.00
2016.08.23 13:50:53.173,9.28235,9.28447,1.00,1.00
2016.08.23 13:50:54.379,9.28248,9.2846,1.00,1.00
2016.08.23 13:50:57.225,9.28261,9.28473,1.00,1.00
2016.08.23 13:50:57.963,9.28248,9.2846,1.00,1.00
2016.08.23 13:50:58.270,9.28261,9.28473,1.00,1.00
2016.08.23 13:50:59.298,9.28246,9.28458,1.00,1.00
2016.08.23 13:51:01.065,9.28233,9.28445,1.00,1.00
2016.08.23 13:51:01.906,9.28242,9.28454,1.00,1.00
2016.08.23 13:51:04.283,9.28228,9.28442,1.00,1.00
2016.08.23 13:51:04.909,9.28216,9.28428,1.00,1.00
2016.08.23 13:51:05.790,9.28203,9.28415,1.00,1.00
2016.08.23 13:51:09.087,9.2819,9.28402,1.00,1.00
2016.08.23 13:51:12.170,9.28191,9.28402,1.00,1.00
2016.08.23 13:51:12.221,9.28211,9.28423,1.00,1.00
2016.08.23 13:51:12.272,9.28211,9.28423,1.50,1.00
2016.08.23 13:51:12.323,9.28231,9.28443,1.00,1.00
2016.08.23 13:51:12.425,9.28231,9.28443,1.00,1.00
2016.08.23 13:51:12.542,9.28244,9.28456,1.00,1.00
2016.08.23 13:51:12.847,9.28244,9.28456,1.00,1.00
2016.08.23 13:51:12.898,9.28244,9.28456,1.00,1.00
2016.08.23 13:51:12.949,9.28263,9.28456,1.75,1.00
2016.08.23 13:51:13.000,9.28263,9.28456,1.75,1.00
2016.08.23 13:51:13.051,9.2827,9.28477,1.12,1.00
2016.08.23 13:51:13.192,9.28289,9.28501,1.10,1.00
2016.08.23 13:51:13.243,9.28302,9.28514,1.00,1.00
2016.08.23 13:51:13.498,9.28302,9.28514,1.00,1.00
2016.08.23 13:51:13.600,9.28312,9.28514,1.00,1.00
2016.08.23 13:51:13.651,9.28332,9.28544,1.00,1.00
2016.08.23 13:51:13.753,9.28345,9.28557,1.00,1.60
2016.08.23 13:51:14.072,9.28345,9.28557,1.00,1.00
2016.08.23 13:51:14.428,9.28358,9.2857,1.00,1.00
2016.08.23 13:51:14.750,9.28375,9.28587,1.00,1.00
2016.08.23 13:51:15.556,9.28391,9.28603,1.00,1.00
2016.08.23 13:51:15.938,9.28404,9.28616,1.00,1.00
2016.08.23 13:51:16.431,9.28417,9.28629,1.00,1.00
2016.08.23 13:51:16.482,9.28417,9.28629,1.00,1.00
2016.08.23 13:51:16.736,9.28435,9.28647,1.37,1.00
2016.08.23 13:51:16.838,9.28464,9.28676,1.00,1.00
2016.08.23 13:51:16.925,9.28464,9.28676,1.00,1.00
2016.08.23 13:51:19.972,9.28464,9.28676,1.00,1.50
2016.08.23 13:51:20.176,9.28464,9.28666,1.00,1.00
2016.08.23 13:51:20.289,9.28451,9.28663,1.00,1.00
2016.08.23 13:51:20.543,9.28464,9.28676,1.00,1.00
2016.08.23 13:51:21.882,9.28466,9.28678,1.00,1.00
2016.08.23 13:51:22.382,9.28466,9.28676,1.00,1.00
2016.08.23 13:51:22.903,9.28466,9.28678,1.00,1.00
2016.08.23 13:51:23.474,9.28479,9.28691,1.00,1.00
2016.08.23 13:51:24.114,9.28479,9.28691,1.00,1.00
2016.08.23 13:51:25.384,9.28479,9.28691,1.00,1.00
2016.08.23 13:51:29.497,9.28479,9.28691,1.00,1.00
2016.08.23 13:51:29.854,9.28479,9.28686,1.00,1.00
2016.08.23 13:51:30.007,9.28479,9.28686,1.00,1.50
2016.08.23 13:51:30.058,9.28479,9.28686,1.00,1.00
2016.08.23 13:51:30.161,9.28479,9.28691,1.00,1.00
2016.08.23 13:51:31.600,9.28479,9.28686,1.00,1.00
2016.08.23 13:51:31.725,9.28479,9.28686,1.00,1.50
2016.08.23 13:51:31.878,9.28479,9.28676,1.00,1.00
2016.08.23 13:51:31.979,9.28465,9.28676,1.00,1.00
2016.08.23 13:51:32.081,9.28465,9.28677,1.00,1.50
2016.08.23 13:51:32.132,9.28465,9.28677,1.00,1.00
2016.08.23 13:51:32.678,9.28465,9.28676,1.00,1.00
2016.08.23 13:51:33.232,9.28465,9.28677,1.00,1.00
2016.08.23 13:51:33.334,9.28465,9.28677,1.60,1.00
2016.08.23 13:51:33.385,9.28485,9.28686,1.00,1.50
2016.08.23 13:51:33.436,9.28485,9.28686,1.10,1.00
2016.08.23 13:51:33.488,9.28502,9.28686,1.00,1.00
2016.08.23 13:51:33.590,9.28524,9.28676,1.00,1.00
2016.08.23 13:51:33.895,9.28524,9.28686,1.00,1.00
2016.08.23 13:51:34.075,9.28524,9.28697,1.00,1.00
2016.08.23 13:51:34.558,9.28524,9.28716,1.00,1.00
2016.08.23 13:51:34.660,9.28524,9.28726,1.00,1.00
2016.08.23 13:51:34.722,9.28542,9.28726,1.00,1.00
2016.08.23 13:51:34.955,9.28542,9.28726,1.00,1.00
2016.08.23 13:51:35.006,9.28558,9.28726,1.00,1.00
2016.08.23 13:51:35.362,9.28558,9.28737,1.00,1.00
2016.08.23 13:51:35.577,9.28558,9.28746,1.00,1.50
2016.08.23 13:51:35.686,9.28558,9.28746,1.00,1.00
2016.08.23 13:51:35.737,9.28558,9.28766,1.37,1.00
2016.08.23 13:51:35.787,9.28572,9.28766,1.00,1.00
2016.08.23 13:51:35.889,9.28572,9.28784,1.00,1.00
2016.08.23 13:51:35.940,9.28572,9.28784,1.37,1.00
2016.08.23 13:51:36.095,9.28586,9.28798,1.37,1.00
2016.08.23 13:51:36.163,9.28586,9.28798,1.75,1.00
2016.08.23 13:51:36.214,9.28602,9.28814,1.37,1.00
2016.08.23 13:51:36.316,9.2863,9.28842,1.37,1.00
2016.08.23 13:51:36.661,9.2863,9.28826,1.37,1.00
2016.08.23 13:51:36.865,9.2863,9.28826,1.37,1.00
2016.08.23 13:51:36.967,9.2863,9.28806,1.00,1.00
2016.08.23 13:51:37.018,9.28617,9.28806,1.37,1.00
2016.08.23 13:51:37.217,9.28617,9.28816,1.37,1.00
2016.08.23 13:51:37.732,9.28617,9.28816,1.00,1.00
2016.08.23 13:51:38.130,9.28617,9.28816,1.00,1.00
2016.08.23 13:51:38.181,9.28617,9.28796,1.00,1.00
2016.08.23 13:51:38.384,9.28617,9.28816,1.00,1.00
2016.08.23 13:51:38.668,9.28617,9.28826,1.00,1.00
2016.08.23 13:51:38.889,9.2863,9.28842,1.00,1.00
2016.08.23 13:51:39.200,9.28613,9.28825,1.00,1.00
2016.08.23 13:51:39.718,9.28595,9.28807,1.00,1.00
2016.08.23 13:51:42.236,9.28595,9.28807,1.00,1.00
2016.08.23 13:51:42.889,9.28595,9.28807,1.00,1.00
2016.08.23 13:51:45.046,9.28582,9.28794,1.00,1.00
2016.08.23 13:51:56.264,9.28595,9.28807,1.00,1.00
2016.08.23 13:52:01.731,9.28597,9.28809,1.00,1.00
2016.08.23 13:52:02.546,9.2861,9.28822,1.00,1.00
2016.08.23 13:52:07.562,9.28623,9.28835,1.00,1.00
2016.08.23 13:52:07.612,9.28623,9.28835,1.50,1.00
2016.08.23 13:52:07.778,9.28636,9.28848,1.00,1.00
2016.08.23 13:52:08.726,9.28636,9.28848,1.00,1.00
2016.08.23 13:52:08.779,9.2865,9.28862,1.00,1.00
2016.08.23 13:52:09.090,9.2865,9.28862,1.00,1.00
2016.08.23 13:52:12.274,9.2865,9.28862,1.00,1.00
2016.08.23 13:52:12.670,9.28636,9.28848,1.00,1.00
2016.08.23 13:52:13.738,9.28636,9.28848,1.00,1.00
2016.08.23 13:52:13.915,9.28636,9.28848,1.00,1.00
2016.08.23 13:52:14.877,9.28636,9.28848,1.00,1.00
2016.08.23 13:52:15.040,9.28636,9.28848,1.00,1.00
2016.08.23 13:52:15.381,9.28618,9.2883,1.00,1.00
2016.08.23 13:52:17.586,9.28631,9.28843,1.00,1.00
2016.08.23 13:52:21.803,9.28628,9.28842,1.00,1.00
2016.08.23 13:52:22.816,9.28628,9.28837,1.00,1.00
2016.08.23 13:52:22.999,9.28615,9.28827,1.00,1.00
2016.08.23 13:52:24.002,9.28604,9.28813,1.27,1.00
2016.08.23 13:52:24.603,9.28601,9.28813,1.72,1.00
2016.08.23 13:52:24.807,9.28601,9.28813,1.37,1.00
2016.08.23 13:52:24.909,9.28601,9.28813,1.00,1.00
2016.08.23 13:52:25.285,9.28601,9.28813,1.35,1.00
2016.08.23 13:52:25.808,9.28601,9.28813,1.60,1.00
2016.08.23 13:52:25.859,9.28601,9.28813,1.72,1.00
2016.08.23 13:52:26.285,9.28601,9.28813,1.12,1.00
2016.08.23 13:52:27.059,9.28601,9.28813,1.00,1.00
2016.08.23 13:52:27.325,9.28601,9.28813,1.60,1.00
2016.08.23 13:52:28.062,9.28601,9.28813,1.00,1.00
2016.08.23 13:52:28.767,9.28601,9.28813,1.00,1.00
2016.08.23 13:52:28.869,9.28601,9.28813,1.00,1.00
2016.08.23 13:52:29.115,9.28601,9.28813,1.60,1.00
2016.08.23 13:52:29.366,9.28601,9.28813,1.00,1.00
2016.08.23 13:52:30.376,9.28601,9.28813,1.00,1.00
2016.08.23 13:52:30.770,9.28601,9.28813,1.00,1.00
2016.08.23 13:52:30.871,9.28601,9.28813,1.00,1.00
2016.08.23 13:52:31.175,9.28601,9.28802,1.00,1.00
2016.08.23 13:52:31.277,9.28601,9.28802,1.00,1.00
2016.08.23 13:52:31.572,9.28601,9.28802,1.00,1.00
2016.08.23 13:52:32.202,9.28601,9.28802,1.00,1.00
2016.08.23 13:52:32.407,9.28584,9.28796,1.60,1.50
2016.08.23 13:52:32.927,9.28584,9.28777,1.60,1.00
2016.08.23 13:52:33.292,9.28584,9.28777,1.60,1.00
2016.08.23 13:52:34.020,9.28571,9.28777,1.60,1.00
2016.08.23 13:52:34.071,9.28571,9.28777,1.60,1.00
2016.08.23 13:52:34.325,9.28571,9.28783,1.60,1.00
2016.08.23 13:52:34.598,9.28571,9.28777,1.60,1.00
2016.08.23 13:52:35.027,9.28571,9.28772,1.60,1.00
2016.08.23 13:52:35.078,9.28571,9.28615,1.00,2.10
2016.08.23 13:52:35.128,9.28442,9.2862,1.00,2.10
2016.08.23 13:52:35.179,9.28485,9.28619,1.00,2.10
2016.08.23 13:52:35.281,9.28505,9.28609,1.00,1.00
2016.08.23 13:52:35.380,9.28505,9.28578,1.00,1.00
2016.08.23 13:52:35.431,9.28346,9.28558,1.60,1.00
2016.08.23 13:52:35.533,9.2836,9.28572,1.00,1.00
2016.08.23 13:52:35.585,9.2836,9.28572,1.60,1.00
2016.08.23 13:52:35.635,9.28374,9.28586,1.00,1.00
2016.08.23 13:52:35.686,9.28374,9.28586,1.00,1.00
2016.08.23 13:52:35.890,9.28361,9.28573,1.00,1.00
2016.08.23 13:52:36.454,9.28346,9.28558,1.00,1.00
2016.08.23 13:52:36.785,9.28327,9.28539,1.00,1.00
2016.08.23 13:52:37.438,9.28314,9.28526,1.00,1.00
2016.08.23 13:52:37.540,9.28314,9.28526,1.00,1.00
2016.08.23 13:52:37.946,9.28301,9.28513,1.00,1.00
2016.08.23 13:52:38.585,9.28301,9.28512,1.00,1.00
2016.08.23 13:52:38.636,9.28279,9.28491,1.00,1.00
2016.08.23 13:52:38.687,9.28279,9.28489,1.00,1.00
2016.08.23 13:52:38.738,9.28257,9.28469,1.00,1.00
2016.08.23 13:52:40.146,9.28269,9.28483,1.00,1.00
2016.08.23 13:52:40.582,9.28269,9.28483,1.00,1.00
2016.08.23 13:52:40.958,9.28257,9.28469,1.00,1.00
2016.08.23 13:52:41.676,9.28273,9.28478,1.00,1.00
2016.08.23 13:52:41.851,9.2826,9.28472,1.00,1.00
2016.08.23 13:52:43.627,9.2826,9.28472,1.00,1.00
2016.08.23 13:52:44.126,9.2826,9.28472,1.00,1.00
2016.08.23 13:52:44.466,9.28246,9.28458,1.00,1.00
2016.08.23 13:52:44.871,9.28246,9.28438,1.00,1.00
2016.08.23 13:52:44.922,9.28246,9.28457,1.00,1.00
2016.08.23 13:52:44.973,9.28233,9.28445,1.37,1.00
2016.08.23 13:52:45.357,9.28233,9.28445,1.00,1.00
2016.08.23 13:52:45.458,9.28233,9.28414,1.00,1.00
2016.08.23 13:52:45.751,9.28217,9.28414,1.00,1.00
2016.08.23 13:52:46.524,9.28217,9.28426,1.00,1.00
2016.08.23 13:52:46.575,9.28198,9.28412,1.50,1.00
2016.08.23 13:52:46.626,9.28198,9.28399,1.50,1.00
2016.08.23 13:52:49.101,9.28198,9.28399,2.10,1.00
2016.08.23 13:52:52.729,9.28198,9.28399,1.50,1.00
2016.08.23 13:52:52.780,9.28215,9.28399,1.00,1.00
2016.08.23 13:52:52.831,9.28215,9.28427,1.00,1.00
2016.08.23 13:52:59.450,9.28215,9.28427,1.00,1.00
2016.08.23 13:52:59.501,9.28197,9.28409,1.37,1.00
2016.08.23 13:53:00.189,9.28191,9.28396,1.35,1.00
2016.08.23 13:53:00.291,9.28189,9.28396,1.35,1.00
2016.08.23 13:53:00.563,9.28184,9.28396,1.00,1.00
2016.08.23 13:53:00.614,9.28184,9.28396,1.00,1.00
2016.08.23 13:53:00.715,9.2817,9.28382,1.00,1.00
2016.08.23 13:53:00.795,9.28157,9.28369,1.00,1.00
2016.08.23 13:53:01.099,9.28142,9.28356,1.00,1.00
2016.08.23 13:53:01.201,9.2813,9.28342,1.00,1.00
2016.08.23 13:53:01.515,9.28117,9.28329,1.00,1.00
2016.08.23 13:53:01.835,9.28108,9.2832,1.00,1.00
2016.08.23 13:53:01.887,9.28108,9.2832,1.00,1.00
2016.08.23 13:53:02.406,9.28093,9.28305,1.00,1.00
2016.08.23 13:53:02.721,9.2808,9.28292,1.00,1.00
2016.08.23 13:53:03.143,9.28067,9.28279,1.00,1.00
2016.08.23 13:53:05.303,9.28047,9.28252,1.00,1.00
2016.08.23 13:53:05.354,9.28038,9.28252,1.00,1.00
2016.08.23 13:53:15.066,9.28042,9.28252,2.10,1.00
2016.08.23 13:53:15.169,9.28069,9.28281,1.60,1.00
2016.08.23 13:53:15.271,9.28097,9.28307,1.00,1.37
2016.08.23 13:53:15.322,9.28097,9.28307,1.00,1.00
2016.08.23 13:53:15.373,9.28111,9.28323,1.00,1.00
2016.08.23 13:53:15.845,9.28111,9.28306,1.00,1.00
2016.08.23 13:53:15.896,9.28111,9.28316,1.00,1.00
2016.08.23 13:53:16.152,9.28111,9.28323,1.00,1.00
2016.08.23 13:53:16.307,9.28111,9.28323,1.60,1.00
2016.08.23 13:53:16.361,9.28111,9.28323,1.60,1.00
2016.08.23 13:53:21.744,9.28123,9.28335,1.60,1.00
2016.08.23 13:53:26.994,9.28137,9.28349,1.00,1.00
2016.08.23 13:53:27.524,9.28137,9.28349,1.75,1.00
2016.08.23 13:53:28.171,9.2815,9.28362,1.75,1.00
2016.08.23 13:53:29.464,9.28157,9.28362,1.37,1.00
2016.08.23 13:53:31.315,9.28157,9.28362,1.00,1.00
2016.08.23 13:53:31.394,9.2815,9.28362,1.60,1.00
2016.08.23 13:53:31.496,9.28165,9.28377,1.00,1.00
2016.08.23 13:53:31.546,9.28165,9.28377,1.60,1.00
2016.08.23 13:53:31.597,9.28168,9.28377,1.24,1.00
2016.08.23 13:53:31.701,9.28165,9.28377,1.97,1.00
2016.08.23 13:53:31.803,9.28183,9.28395,1.60,1.00
2016.08.23 13:53:32.027,9.28192,9.28395,1.00,1.00
2016.08.23 13:53:32.334,9.28192,9.28382,1.00,1.00
2016.08.23 13:53:32.386,9.28192,9.28404,1.50,1.00
2016.08.23 13:53:33.374,9.28206,9.28404,1.00,1.00
2016.08.23 13:53:34.099,9.28206,9.28418,1.50,1.37
2016.08.23 13:53:34.150,9.28206,9.28418,1.50,1.00
2016.08.23 13:53:34.201,9.28206,9.28418,1.00,1.00
2016.08.23 13:53:34.573,9.28206,9.28418,1.50,1.00
2016.08.23 13:53:39.488,9.28206,9.28418,1.50,1.00
2016.08.23 13:53:41.856,9.28206,9.28411,1.00,1.00
2016.08.23 13:53:44.082,9.28199,9.28411,1.00,1.00
2016.08.23 13:53:44.132,9.28199,9.28411,1.00,1.37
2016.08.23 13:53:44.434,9.28199,9.28411,1.00,1.37
2016.08.23 13:53:44.560,9.28183,9.28395,1.00,1.00
2016.08.23 13:53:46.356,9.28183,9.28395,1.00,1.37
2016.08.23 13:53:48.995,9.28183,9.28395,1.00,1.37
2016.08.23 13:53:49.134,9.28193,9.28395,1.00,1.00
2016.08.23 13:53:49.187,9.28196,9.28408,1.00,1.37
2016.08.23 13:53:49.296,9.28196,9.28408,1.35,1.37
2016.08.23 13:53:49.346,9.28206,9.28408,1.00,1.00
2016.08.23 13:53:49.398,9.28206,9.28408,1.00,1.00
2016.08.23 13:53:49.448,9.2821,9.28422,1.00,1.00
2016.08.23 13:53:49.552,9.2821,9.28422,1.60,1.00
2016.08.23 13:53:49.705,9.2821,9.28422,1.60,1.00
2016.08.23 13:53:49.876,9.2821,9.28422,1.00,1.00
2016.08.23 13:53:53.520,9.2821,9.28422,1.00,1.37
2016.08.23 13:53:54.074,9.2821,9.28422,1.00,1.37
2016.08.23 13:53:59.238,9.2821,9.28422,1.00,1.37
2016.08.23 13:54:01.895,9.28216,9.28428,1.00,1.37
2016.08.23 13:54:03.330,9.28216,9.28426,1.00,1.37
2016.08.23 13:54:03.824,9.28216,9.28428,1.00,1.37
2016.08.23 13:54:04.019,9.28216,9.28428,1.00,1.00
2016.08.23 13:54:04.825,9.28216,9.28426,1.00,1.00
2016.08.23 13:54:05.840,9.28216,9.28416,1.00,1.00
2016.08.23 13:54:06.845,9.28216,9.28416,1.00,1.50
2016.08.23 13:54:08.370,9.28216,9.28406,1.00,1.00
2016.08.23 13:54:08.491,9.28216,9.28406,1.00,1.50
2016.08.23 13:54:08.752,9.28216,9.28406,1.00,1.00
2016.08.23 13:54:08.854,9.28216,9.28396,1.00,1.50
2016.08.23 13:54:09.150,9.28216,9.28396,1.00,1.00
2016.08.23 13:54:09.201,9.28216,9.28406,1.00,1.50
2016.08.23 13:54:09.880,9.28216,9.28396,1.00,1.00
2016.08.23 13:54:09.982,9.28216,9.28406,1.00,1.00
2016.08.23 13:54:10.170,9.28216,9.28397,1.00,1.00
2016.08.23 13:54:10.926,9.28216,9.28396,1.00,1.50
2016.08.23 13:54:10.977,9.28216,9.28428,1.50,1.00
2016.08.23 13:54:11.079,9.28236,9.28431,1.00,1.00
2016.08.23 13:54:11.182,9.28221,9.28431,1.00,1.00
2016.08.23 13:54:11.445,9.28221,9.28431,1.00,1.00
2016.08.23 13:54:11.768,9.28206,9.2842,1.00,1.00
2016.08.23 13:54:11.870,9.28206,9.28387,1.00,1.00
2016.08.23 13:54:11.972,9.28206,9.28387,1.00,1.00
2016.08.23 13:54:12.074,9.28194,9.28386,1.00,1.00
2016.08.23 13:54:12.177,9.2821,9.28396,1.00,1.00
2016.08.23 13:54:12.281,9.2821,9.28416,1.00,1.50
2016.08.23 13:54:12.400,9.2821,9.28422,1.00,1.00
2016.08.23 13:54:13.347,9.2821,9.28422,1.00,1.00
2016.08.23 13:54:14.175,9.2821,9.28422,1.00,1.00
2016.08.23 13:54:14.276,9.28222,9.28426,1.00,1.00
2016.08.23 13:54:14.378,9.28209,9.28421,1.00,1.00
2016.08.23 13:54:14.481,9.28209,9.28421,1.00,1.00
2016.08.23 13:54:14.583,9.28222,9.28426,1.00,1.00
2016.08.23 13:54:14.685,9.28222,9.28434,1.00,1.00
2016.08.23 13:54:14.867,9.28222,9.28434,1.00,1.00
2016.08.23 13:54:15.835,9.28222,9.28434,1.00,1.00
2016.08.23 13:54:15.886,9.28237,9.28426,1.00,1.00
2016.08.23 13:54:16.039,9.28237,9.28446,1.00,1.00
2016.08.23 13:54:17.185,9.28237,9.28426,1.00,1.00
2016.08.23 13:54:17.559,9.28237,9.28416,1.00,1.00
2016.08.23 13:54:18.293,9.28237,9.28385,1.00,2.10
2016.08.23 13:54:18.344,9.28237,9.28387,1.00,2.10
2016.08.23 13:54:18.395,9.28224,9.28366,1.00,1.60
2016.08.23 13:54:18.448,9.28224,9.28366,1.00,1.60
2016.08.23 13:54:18.499,9.28174,9.28366,1.00,1.60
2016.08.23 13:54:18.550,9.28174,9.28355,1.00,2.47
2016.08.23 13:54:18.601,9.28133,9.28345,1.00,1.97
2016.08.23 13:54:18.804,9.28133,9.28345,1.00,1.37
2016.08.23 13:54:18.855,9.28133,9.28345,1.00,1.00
2016.08.23 13:54:18.906,9.28133,9.28345,1.00,1.00
2016.08.23 13:54:19.008,9.28146,9.28358,1.00,1.00
2016.08.23 13:54:19.059,9.28146,9.28358,1.00,1.00
2016.08.23 13:54:19.177,9.28129,9.28343,1.00,1.00
2016.08.23 13:54:19.485,9.28117,9.28329,1.37,1.00
2016.08.23 13:54:19.536,9.28117,9.28329,1.00,1.00
2016.08.23 13:54:19.764,9.28117,9.28329,1.00,1.00
2016.08.23 13:54:20.019,9.28089,9.28301,1.35,1.00
2016.08.23 13:54:20.070,9.28089,9.28301,1.60,1.00
2016.08.23 13:54:20.188,9.28089,9.28301,1.60,1.00
2016.08.23 13:54:20.239,9.28103,9.28315,1.00,1.00
2016.08.23 13:54:20.394,9.28103,9.28315,1.00,1.00
2016.08.23 13:54:21.388,9.28103,9.28315,1.00,1.00
2016.08.23 13:54:21.944,9.28108,9.2832,1.00,1.00
2016.08.23 13:54:22.925,9.28088,9.28289,1.00,1.00
2016.08.23 13:54:23.026,9.28058,9.2827,1.00,1.00
2016.08.23 13:54:23.128,9.28038,9.2825,1.50,1.00
2016.08.23 13:54:23.207,9.28036,9.28248,1.00,1.00
2016.08.23 13:54:23.512,9.28006,9.28218,1.00,1.00
2016.08.23 13:54:23.817,9.2798,9.28192,1.00,1.00
2016.08.23 13:54:24.019,9.27944,9.28156,1.50,1.00
2016.08.23 13:54:24.121,9.27931,9.28143,1.00,1.00
2016.08.23 13:54:25.525,9.27918,9.2813,1.00,1.00
2016.08.23 13:54:26.312,9.27918,9.28068,1.00,2.10
2016.08.23 13:54:26.363,9.27918,9.28072,1.00,2.10
2016.08.23 13:54:26.416,9.27884,9.28068,1.00,2.10
2016.08.23 13:54:26.535,9.27856,9.28068,1.00,1.00
2016.08.23 13:54:26.637,9.27837,9.28049,1.00,1.00
2016.08.23 13:54:26.790,9.2785,9.28062,1.00,1.00
2016.08.23 13:54:26.841,9.27868,9.2808,1.00,1.00
2016.08.23 13:54:32.824,9.27913,9.2808,2.10,1.00
2016.08.23 13:54:32.926,9.27916,9.28117,2.10,1.00
2016.08.23 13:54:32.977,9.27916,9.28117,2.10,1.00
2016.08.23 13:54:33.028,9.27931,9.28143,1.60,1.00
2016.08.23 13:54:33.079,9.27931,9.28143,1.60,1.00
2016.08.23 13:54:33.130,9.27973,9.28176,1.00,1.00
2016.08.23 13:54:33.904,9.27973,9.28166,1.00,1.00
2016.08.23 13:54:34.076,9.27973,9.28176,1.00,1.00
2016.08.23 13:54:36.143,9.27973,9.28166,1.00,1.00
2016.08.23 13:54:36.366,9.27973,9.28176,1.00,1.00
2016.08.23 13:54:37.086,9.27973,9.28185,1.00,1.00
2016.08.23 13:54:37.411,9.27973,9.28176,1.00,1.00
2016.08.23 13:54:37.769,9.27973,9.28166,1.00,1.00
2016.08.23 13:54:38.077,9.27973,9.28185,1.00,1.00
2016.08.23 13:54:38.280,9.27986,9.282,1.00,1.00
2016.08.23 13:54:38.595,9.27986,9.282,1.00,1.00
2016.08.23 13:54:39.754,9.27994,9.282,1.00,1.00
2016.08.23 13:54:40.086,9.27994,9.282,1.60,1.00
2016.08.23 13:54:40.137,9.27986,9.282,1.60,1.00
2016.08.23 13:54:40.239,9.27986,9.282,1.60,1.00
2016.08.23 13:54:40.290,9.28003,9.28215,1.00,1.00
2016.08.23 13:54:40.340,9.28003,9.28215,1.00,1.00
2016.08.23 13:54:40.646,9.28003,9.28215,1.00,1.00
2016.08.23 13:54:40.965,9.28003,9.28215,1.00,1.00
2016.08.23 13:54:41.874,9.28009,9.28221,1.00,1.60
2016.08.23 13:54:42.050,9.28009,9.28221,1.00,1.00
2016.08.23 13:54:47.591,9.27996,9.28208,1.00,1.00
2016.08.23 13:54:50.014,9.28009,9.28221,1.00,1.00
2016.08.23 13:55:01.836,9.28001,9.28213,1.00,1.00
2016.08.23 13:55:07.544,9.27987,9.28199,1.00,1.00
2016.08.23 13:55:08.134,9.27987,9.28199,1.00,1.00
2016.08.23 13:55:09.248,9.28,9.28212,1.00,1.00
2016.08.23 13:55:09.449,9.27987,9.28199,1.00,1.00
2016.08.23 13:55:09.712,9.27987,9.28199,1.00,1.00
2016.08.23 13:55:10.532,9.27987,9.28199,1.00,1.60
2016.08.23 13:55:10.913,9.27994,9.28184,1.00,1.00
2016.08.23 13:55:11.083,9.2797,9.28184,1.00,1.00
2016.08.23 13:55:11.475,9.27987,9.28199,1.00,1.35
2016.08.23 13:55:11.775,9.27987,9.28199,1.00,1.00
2016.08.23 13:55:13.203,9.27987,9.28199,1.00,1.00
2016.08.23 13:55:13.255,9.27971,9.28183,1.00,1.00
2016.08.23 13:55:13.306,9.27971,9.28183,1.00,1.00
2016.08.23 13:55:13.459,9.27957,9.28169,1.50,1.00
2016.08.23 13:55:13.537,9.27957,9.28169,1.50,1.00
2016.08.23 13:55:13.588,9.27957,9.28169,1.50,1.00
2016.08.23 13:55:14.083,9.27957,9.28169,1.50,1.00
2016.08.23 13:55:14.378,9.27957,9.28157,1.00,1.00
2016.08.23 13:55:15.111,9.27957,9.28157,1.00,1.00
2016.08.23 13:55:17.073,9.27957,9.28142,1.00,1.00
2016.08.23 13:55:17.674,9.27957,9.28142,1.00,1.00
2016.08.23 13:55:18.114,9.27957,9.28156,1.00,1.00
2016.08.23 13:55:18.276,9.27957,9.28156,1.00,1.00
2016.08.23 13:55:18.378,9.27957,9.28156,1.00,1.00
2016.08.23 13:55:20.097,9.27957,9.28156,1.00,1.00
2016.08.23 13:55:21.333,9.27957,9.28156,1.00,1.00
2016.08.23 13:55:21.441,9.27932,9.28137,1.00,1.00
2016.08.23 13:55:21.543,9.27932,9.28137,1.00,1.60
2016.08.23 13:55:21.612,9.27932,9.28137,1.00,1.60
2016.08.23 13:55:21.663,9.27925,9.28137,1.00,1.97
2016.08.23 13:55:21.715,9.27925,9.28137,1.00,1.97
2016.08.23 13:55:21.817,9.27925,9.28137,1.00,1.60
2016.08.23 13:55:22.081,9.27919,9.28131,1.00,1.60
2016.08.23 13:55:22.478,9.27904,9.28118,1.00,1.60
2016.08.23 13:55:22.529,9.27904,9.28116,1.00,1.60
2016.08.23 13:55:22.580,9.27884,9.28096,1.00,1.00
2016.08.23 13:55:22.909,9.27871,9.28083,1.00,1.00
2016.08.23 13:55:23.817,9.27871,9.28083,1.00,1.60
2016.08.23 13:55:23.918,9.27857,9.28069,1.00,1.00
2016.08.23 13:55:24.236,9.27843,9.28055,1.00,1.00
2016.08.23 13:55:24.570,9.2784,9.28052,1.00,1.00
2016.08.23 13:55:24.876,9.27822,9.28034,1.00,1.00
2016.08.23 13:55:26.019,9.27835,9.28047,1.00,1.00
2016.08.23 13:55:31.334,9.27858,9.28047,1.60,1.00
2016.08.23 13:55:31.436,9.27897,9.2809,1.00,1.37
2016.08.23 13:55:31.487,9.27897,9.2809,1.00,1.00
2016.08.23 13:55:31.539,9.27917,9.28091,1.00,2.47
2016.08.23 13:55:31.641,9.27917,9.28091,1.00,2.47
2016.08.23 13:55:31.743,9.2789,9.28086,1.00,1.97
2016.08.23 13:55:31.794,9.2789,9.28082,1.00,2.47
2016.08.23 13:55:31.845,9.27854,9.28066,1.00,1.97
2016.08.23 13:55:31.999,9.27841,9.28053,1.00,1.60
2016.08.23 13:55:32.837,9.27841,9.28053,1.00,1.72
2016.08.23 13:55:33.053,9.27841,9.28053,1.00,1.72
2016.08.23 13:55:33.388,9.27841,9.28053,1.00,1.72
2016.08.23 13:55:34.053,9.27841,9.28053,1.00,1.60
2016.08.23 13:55:34.276,9.27841,9.28053,1.00,1.00
2016.08.23 13:55:34.428,9.27854,9.28066,1.48,1.60
2016.08.23 13:55:34.530,9.27873,9.28085,1.07,1.97
2016.08.23 13:55:34.581,9.27873,9.28085,1.07,1.97
2016.08.23 13:55:34.632,9.27873,9.28085,1.34,1.97
2016.08.23 13:55:34.835,9.27886,9.28098,1.07,1.60
2016.08.23 13:55:35.003,9.27886,9.28098,1.27,1.60
2016.08.23 13:55:35.054,9.27886,9.28096,1.27,2.10
2016.08.23 13:55:35.373,9.27886,9.28094,1.27,2.10
2016.08.23 13:55:35.475,9.27886,9.28094,1.00,2.10
2016.08.23 13:55:36.025,9.27886,9.28095,1.00,2.10
2016.08.23 13:55:40.102,9.27886,9.28092,1.00,2.10
2016.08.23 13:55:40.415,9.27886,9.2809,1.00,2.10
2016.08.23 13:55:40.809,9.27886,9.28098,1.00,1.60
2016.08.23 13:55:41.034,9.279,9.28108,1.00,2.10
2016.08.23 13:55:41.085,9.279,9.28111,1.00,2.10
2016.08.23 13:55:41.554,9.279,9.28112,1.00,1.60
2016.08.23 13:55:41.817,9.27903,9.28113,1.00,2.10
2016.08.23 13:55:42.562,9.27903,9.28112,1.00,2.10
2016.08.23 13:55:43.716,9.27903,9.28114,1.00,2.10
2016.08.23 13:55:43.817,9.27903,9.28115,1.00,1.60
2016.08.23 13:55:44.522,9.27903,9.28114,1.00,2.10
2016.08.23 13:55:45.558,9.27903,9.28094,1.00,2.10
2016.08.23 13:55:45.785,9.27889,9.28094,1.00,2.10
2016.08.23 13:55:46.023,9.27889,9.28101,1.00,1.00
2016.08.23 13:55:46.074,9.27918,9.2813,1.00,1.00
2016.08.23 13:55:46.124,9.27918,9.2813,1.00,1.35
2016.08.23 13:55:46.175,9.27937,9.28149,1.00,1.97
2016.08.23 13:55:46.580,9.27937,9.28149,1.00,1.60
2016.08.23 13:55:48.032,9.27937,9.28149,1.00,1.60
2016.08.23 13:55:48.569,9.27937,9.28149,1.00,1.00
2016.08.23 13:55:48.671,9.27954,9.28166,1.00,1.00
2016.08.23 13:55:48.772,9.27978,9.2819,1.00,1.60
2016.08.23 13:55:49.081,9.27978,9.2819,1.00,1.00
2016.08.23 13:55:49.883,9.27991,9.28203,1.00,1.60
2016.08.23 13:55:50.534,9.27991,9.28203,1.00,1.00
2016.08.23 13:55:50.636,9.27991,9.28203,1.00,1.00
2016.08.23 13:55:50.753,9.28006,9.28218,1.00,1.00
2016.08.23 13:55:51.772,9.28006,9.28218,1.00,1.00
2016.08.23 13:55:51.874,9.28022,9.28236,1.00,1.00
2016.08.23 13:55:51.925,9.28022,9.28236,1.07,1.00
2016.08.23 13:55:51.976,9.28036,9.28248,1.00,1.00
2016.08.23 13:55:52.147,9.28053,9.28265,1.00,1.00
2016.08.23 13:55:52.198,9.28084,9.28296,1.00,1.00
2016.08.23 13:55:52.313,9.28084,9.28296,1.00,1.00
2016.08.23 13:55:52.364,9.28117,9.28316,1.00,1.00
2016.08.23 13:55:52.479,9.28117,9.28329,1.00,1.00
2016.08.23 13:55:52.763,9.28131,9.28343,1.00,1.97
2016.08.23 13:55:53.080,9.28131,9.28343,1.00,1.72
2016.08.23 13:55:53.274,9.28131,9.28343,1.00,1.37
2016.08.23 13:55:53.439,9.28131,9.28343,1.00,1.37
2016.08.23 13:55:55.046,9.28131,9.28343,1.00,1.00
2016.08.23 13:55:57.414,9.28131,9.28343,1.07,1.00
2016.08.23 13:55:57.527,9.28151,9.28363,1.00,1.60
2016.08.23 13:55:58.808,9.28151,9.28363,1.07,1.60
2016.08.23 13:55:58.961,9.28151,9.28363,1.07,1.60
2016.08.23 13:55:59.013,9.28151,9.28363,1.19,1.60
2016.08.23 13:55:59.086,9.28164,9.28376,1.10,1.60
2016.08.23 13:55:59.412,9.28164,9.28376,1.47,1.60
2016.08.23 13:55:59.615,9.28177,9.28388,1.07,2.10
2016.08.23 13:55:59.730,9.28177,9.28389,1.18,1.60
2016.08.23 13:55:59.781,9.28177,9.28389,1.18,1.60
2016.08.23 13:55:59.832,9.28177,9.28389,1.27,1.60
2016.08.23 13:55:59.883,9.28177,9.28389,1.27,1.60
2016.08.23 13:55:59.934,9.28192,9.28392,1.22,2.10
2016.08.23 13:56:00.082,9.28192,9.28392,1.22,2.10
2016.08.23 13:56:00.133,9.28192,9.28392,1.16,2.10
2016.08.23 13:56:00.264,9.28192,9.28392,1.16,2.10
2016.08.23 13:56:00.315,9.28192,9.28388,1.51,2.10
2016.08.23 13:56:00.366,9.28192,9.28388,1.51,2.10
2016.08.23 13:56:00.417,9.28208,9.28388,1.07,2.10
2016.08.23 13:56:00.709,9.28208,9.28388,1.22,2.10
2016.08.23 13:56:00.916,9.28208,9.28388,1.07,2.10
2016.08.23 13:56:01.104,9.28208,9.28392,1.07,2.10
2016.08.23 13:56:01.155,9.28208,9.28392,1.00,2.10
2016.08.23 13:56:01.313,9.28208,9.28388,1.00,2.10
2016.08.23 13:56:01.562,9.28208,9.28394,1.00,2.10
2016.08.23 13:56:01.810,9.28208,9.28396,1.00,2.10
2016.08.23 13:56:02.054,9.28208,9.2841,1.00,2.10
2016.08.23 13:56:02.104,9.28208,9.28409,1.00,2.10
2016.08.23 13:56:02.308,9.28208,9.28413,1.00,2.10
2016.08.23 13:56:03.022,9.28208,9.28419,1.00,2.10
2016.08.23 13:56:03.073,9.28208,9.28419,1.00,2.10
2016.08.23 13:56:03.946,9.28219,9.28419,1.00,2.10
2016.08.23 13:56:04.586,9.28219,9.28418,1.00,2.10
2016.08.23 13:56:05.022,9.28219,9.28433,1.00,1.60
2016.08.23 13:56:05.124,9.28219,9.28433,1.00,1.60
2016.08.23 13:56:06.076,9.28231,9.28433,1.00,1.60
2016.08.23 13:56:06.593,9.28219,9.28433,1.00,1.60
2016.08.23 13:56:06.713,9.28244,9.28433,1.00,1.60
2016.08.23 13:56:14.300,9.28244,9.28433,1.00,1.60
2016.08.23 13:56:18.450,9.28244,9.28436,1.00,1.60
2016.08.23 13:56:18.553,9.28244,9.28436,1.00,1.00
2016.08.23 13:56:18.604,9.28244,9.28445,1.00,1.00
2016.08.23 13:56:18.706,9.28233,9.28445,1.00,1.00
2016.08.23 13:56:18.757,9.2826,9.28472,1.00,1.00
2016.08.23 13:56:18.808,9.2826,9.28472,1.00,1.00
2016.08.23 13:56:19.869,9.28281,9.28493,1.00,1.00
2016.08.23 13:56:20.788,9.28293,9.28506,1.00,1.00
2016.08.23 13:56:20.838,9.28293,9.28506,1.00,1.00
2016.08.23 13:56:21.358,9.28293,9.28507,1.00,1.00
2016.08.23 13:56:21.781,9.28293,9.28507,1.00,1.35
2016.08.23 13:56:22.281,9.28293,9.28507,1.00,1.00
2016.08.23 13:56:24.522,9.28293,9.28458,1.00,2.10
2016.08.23 13:56:24.674,9.28276,9.28456,1.00,2.10
2016.08.23 13:56:24.798,9.28263,9.2845,1.00,2.10
2016.08.23 13:56:24.900,9.28234,9.28446,1.00,1.60
2016.08.23 13:56:41.824,9.28237,9.28449,1.00,1.60
2016.08.23 13:56:44.803,9.28237,9.28449,1.00,2.85
2016.08.23 13:56:45.706,9.28237,9.28449,1.00,3.22
2016.08.23 13:56:46.281,9.28237,9.28449,1.00,1.97
2016.08.23 13:56:59.085,9.28237,9.28449,1.00,1.97
2016.08.23 13:56:59.186,9.28237,9.28449,1.00,1.97
2016.08.23 13:56:59.288,9.28237,9.28448,1.00,2.47
2016.08.23 13:57:00.137,9.28237,9.28446,1.00,2.47
2016.08.23 13:57:00.306,9.28237,9.28449,1.00,3.22
2016.08.23 13:57:01.261,9.28224,9.28436,1.00,1.97
2016.08.23 13:57:01.902,9.28231,9.28445,1.00,1.97
2016.08.23 13:57:04.357,9.28231,9.28444,1.00,2.47
2016.08.23 13:57:06.321,9.28231,9.28443,1.00,2.47
2016.08.23 13:57:07.281,9.28231,9.28445,1.00,3.22
2016.08.23 13:57:14.937,9.28247,9.28445,1.00,2.47
2016.08.23 13:57:15.039,9.28247,9.28448,1.00,2.47
2016.08.23 13:57:15.141,9.28247,9.28448,1.00,2.47
2016.08.23 13:57:21.860,9.28252,9.28448,1.00,2.47
2016.08.23 13:57:29.780,9.28252,9.28449,1.00,2.47
2016.08.23 13:57:29.831,9.28252,9.28449,1.00,2.47
2016.08.23 13:57:34.649,9.28252,9.28449,1.00,2.47
2016.08.23 13:57:34.831,9.28252,9.28446,1.00,2.47
2016.08.23 13:57:40.207,9.28252,9.28436,1.00,1.05
2016.08.23 13:57:41.906,9.28245,9.28436,1.00,1.05
2016.08.23 13:57:55.408,9.28245,9.28436,1.00,1.05
2016.08.23 13:57:58.930,9.28245,9.28446,1.00,2.47
2016.08.23 13:57:59.669,9.28245,9.28446,1.00,2.47
2016.08.23 13:58:00.040,9.28245,9.28443,1.00,2.47
2016.08.23 13:58:01.846,9.28241,9.28443,1.00,2.47
2016.08.23 13:58:09.540,9.28241,9.28446,1.00,2.47
2016.08.23 13:58:09.857,9.28241,9.28447,1.00,2.47
2016.08.23 13:58:11.645,9.28241,9.28447,1.00,2.47
2016.08.23 13:58:11.747,9.28241,9.28446,1.00,2.47
2016.08.23 13:58:15.520,9.28241,9.28449,1.00,2.47
2016.08.23 13:58:15.571,9.28241,9.28449,1.00,2.47
2016.08.23 13:58:17.020,9.28241,9.28446,1.00,2.47
2016.08.23 13:58:17.780,9.28241,9.28448,1.00,2.47
2016.08.23 13:58:21.876,9.28247,9.28448,1.00,2.47
2016.08.23 13:58:24.073,9.28247,9.28443,1.00,1.05
2016.08.23 13:58:35.411,9.28247,9.28443,1.00,1.05
2016.08.23 13:58:35.524,9.28234,9.28443,1.00,1.05
2016.08.23 13:58:41.824,9.28237,9.28443,1.00,1.05
2016.08.23 13:58:50.609,9.28237,9.28449,1.00,3.22
2016.08.23 13:58:50.769,9.28237,9.28449,1.00,1.37
2016.08.23 13:58:50.820,9.28237,9.28449,1.00,1.37
2016.08.23 13:58:50.871,9.28237,9.28449,1.00,1.00
2016.08.23 13:58:50.973,9.2825,9.28462,1.00,1.37
2016.08.23 13:58:51.075,9.28267,9.28479,1.00,1.97
2016.08.23 13:58:51.177,9.28267,9.28479,1.00,1.97
2016.08.23 13:58:51.486,9.28254,9.28466,1.00,1.97
2016.08.23 13:58:52.054,9.28239,9.28451,1.00,1.37
2016.08.23 13:58:52.393,9.28239,9.28451,1.00,1.37
2016.08.23 13:58:52.633,9.28239,9.28451,1.00,1.37
2016.08.23 13:58:52.789,9.28239,9.28451,1.00,1.37
2016.08.23 13:58:53.117,9.28243,9.28451,1.00,1.37
2016.08.23 13:58:53.167,9.28254,9.28466,1.00,1.97
2016.08.23 13:58:55.132,9.28254,9.28466,1.00,1.97
2016.08.23 13:58:55.618,9.28254,9.28466,1.00,1.97
2016.08.23 13:59:00.019,9.28254,9.28455,1.00,2.47
2016.08.23 13:59:00.367,9.28254,9.28452,1.00,2.47
2016.08.23 13:59:00.418,9.28241,9.28452,1.00,2.47
2016.08.23 13:59:10.053,9.28241,9.28453,1.00,1.37
2016.08.23 13:59:10.104,9.28249,9.28453,1.00,1.00
2016.08.23 13:59:10.155,9.28269,9.28481,1.00,1.97
2016.08.23 13:59:10.205,9.28269,9.28481,1.00,1.97
2016.08.23 13:59:10.257,9.28284,9.28489,1.00,2.47
2016.08.23 13:59:10.767,9.28284,9.2849,1.00,2.47
2016.08.23 13:59:13.439,9.28284,9.28486,1.00,1.97
2016.08.23 13:59:13.490,9.28284,9.28468,1.00,1.30
2016.08.23 13:59:14.475,9.28263,9.28468,1.00,1.30
2016.08.23 13:59:14.526,9.28256,9.28468,1.00,1.30
2016.08.23 13:59:14.769,9.28256,9.28476,1.00,1.37
2016.08.23 13:59:14.820,9.2825,9.28476,1.00,1.37
2016.08.23 13:59:14.871,9.2825,9.28506,1.00,1.00
2016.08.23 13:59:14.922,9.2825,9.28546,1.00,1.00
2016.08.23 13:59:14.973,9.28285,9.28546,1.00,1.00
2016.08.23 13:59:15.583,9.28285,9.28546,1.00,1.00
2016.08.23 13:59:15.855,9.28295,9.28546,1.00,1.00
2016.08.23 13:59:15.950,9.28295,9.28566,1.00,1.00
2016.08.23 13:59:16.052,9.283,9.28566,1.00,1.00
2016.08.23 13:59:16.154,9.283,9.28586,1.00,1.00
2016.08.23 13:59:17.076,9.28302,9.28577,1.00,1.00
2016.08.23 13:59:17.381,9.28325,9.28539,1.00,1.00
2016.08.23 13:59:19.952,9.28339,9.28551,1.00,1.00
2016.08.23 13:59:20.054,9.28363,9.28575,1.00,1.00
2016.08.23 13:59:20.749,9.28349,9.28561,1.00,1.00
2016.08.23 13:59:20.851,9.28349,9.28561,1.00,1.00
2016.08.23 13:59:20.954,9.28367,9.28579,1.00,1.00
2016.08.23 13:59:21.007,9.28367,9.28579,1.00,1.00
2016.08.23 13:59:21.058,9.28403,9.28615,1.00,1.00
2016.08.23 13:59:21.383,9.28416,9.28628,1.00,1.00
2016.08.23 13:59:21.690,9.28388,9.286,1.00,1.00
2016.08.23 13:59:21.741,9.28388,9.286,1.00,1.00
2016.08.23 13:59:22.060,9.28376,9.28588,1.00,1.00
2016.08.23 13:59:22.560,9.28404,9.28616,1.00,1.00
2016.08.23 13:59:23.176,9.28391,9.28603,1.00,1.00
2016.08.23 13:59:25.092,9.28375,9.28587,1.00,1.00
2016.08.23 13:59:26.827,9.28375,9.28587,1.00,1.00
2016.08.23 13:59:26.928,9.28389,9.28601,1.00,1.00
2016.08.23 13:59:30.125,9.2835,9.28606,1.00,1.00
2016.08.23 13:59:30.419,9.28375,9.28696,1.00,1.00
2016.08.23 13:59:30.572,9.28398,9.28696,1.00,1.00
2016.08.23 13:59:30.623,9.28398,9.28716,1.00,1.00
2016.08.23 13:59:30.826,9.28425,9.28716,1.00,1.00
2016.08.23 13:59:31.417,9.28425,9.28706,1.00,1.00
2016.08.23 13:59:31.467,9.28303,9.28706,2.05,1.00
2016.08.23 13:59:31.601,9.28254,9.287,3.75,1.00
2016.08.23 13:59:31.652,9.28223,9.287,1.75,1.00
2016.08.23 13:59:31.765,9.28221,9.287,3.75,1.00
2016.08.23 13:59:32.075,9.28221,9.28696,3.75,1.00
2016.08.23 13:59:32.445,9.28221,9.28687,3.75,1.00
2016.08.23 13:59:33.186,9.28221,9.28686,3.75,1.00
2016.08.23 13:59:33.632,9.28204,9.28682,1.37,1.00
2016.08.23 13:59:33.683,9.28164,9.28676,1.75,1.00
2016.08.23 13:59:33.734,9.28164,9.28647,1.37,1.00
2016.08.23 13:59:33.784,9.28154,9.28647,1.75,1.00
2016.08.23 13:59:33.860,9.28144,9.28647,1.75,1.00
2016.08.23 13:59:33.912,9.28144,9.28676,1.75,1.00
2016.08.23 13:59:33.963,9.28144,9.28666,1.75,1.00
2016.08.23 13:59:34.339,9.28164,9.28656,1.37,1.00
2016.08.23 13:59:34.873,9.28174,9.28646,1.37,1.00
2016.08.23 13:59:35.243,9.28164,9.28646,1.37,1.00
2016.08.23 13:59:35.354,9.28174,9.28636,1.37,1.00
2016.08.23 13:59:35.456,9.28164,9.28636,1.37,1.00
2016.08.23 13:59:35.507,9.28164,9.28636,1.75,1.00
2016.08.23 13:59:35.558,9.28164,9.28636,2.25,1.00
2016.08.23 13:59:35.659,9.28184,9.28636,1.37,1.00
2016.08.23 13:59:36.095,9.28184,9.28646,1.37,1.00
2016.08.23 13:59:36.197,9.28174,9.28636,1.37,1.00
2016.08.23 13:59:36.248,9.28164,9.28636,1.75,1.00
2016.08.23 13:59:36.299,9.28164,9.28636,1.75,1.00
2016.08.23 13:59:36.588,9.28164,9.28636,2.25,1.00
2016.08.23 13:59:36.690,9.28184,9.28636,1.37,1.00
2016.08.23 13:59:36.741,9.28184,9.28636,1.37,1.00
2016.08.23 13:59:36.792,9.28173,9.28637,1.37,1.00
2016.08.23 13:59:36.894,9.28184,9.28636,1.37,1.00
2016.08.23 13:59:37.194,9.28173,9.28685,1.37,1.00
2016.08.23 13:59:37.449,9.28174,9.28685,1.87,1.00
2016.08.23 13:59:37.500,9.28174,9.28685,2.25,1.00
2016.08.23 13:59:37.550,9.28174,9.28685,1.75,1.00
2016.08.23 13:59:37.601,9.28164,9.28685,2.25,1.00
2016.08.23 13:59:37.652,9.28164,9.28685,1.75,1.00
2016.08.23 13:59:37.703,9.28174,9.28685,1.75,1.00
2016.08.23 13:59:37.804,9.28174,9.28693,1.75,1.00
2016.08.23 13:59:38.251,9.28174,9.28693,1.37,1.75
2016.08.23 13:59:38.463,9.28174,9.28693,1.37,1.00
2016.08.23 13:59:38.514,9.28184,9.28693,1.37,1.00
2016.08.23 13:59:38.699,9.28194,9.28693,1.37,1.00
2016.08.23 13:59:38.896,9.28204,9.28693,1.00,1.00
2016.08.23 13:59:39.181,9.28124,9.2867,1.75,1.00
2016.08.23 13:59:39.599,9.28124,9.2867,2.25,1.00
2016.08.23 13:59:39.705,9.28184,9.2867,1.00,1.00
2016.08.23 13:59:39.911,9.28124,9.2867,1.75,1.00
2016.08.23 13:59:40.170,9.28114,9.2867,2.25,1.00
2016.08.23 13:59:40.221,9.28124,9.2867,1.75,1.75
2016.08.23 13:59:40.274,9.28124,9.28655,1.75,1.37
2016.08.23 13:59:40.400,9.28113,9.28655,1.75,1.37
2016.08.23 13:59:40.956,9.28114,9.28655,1.75,1.37
2016.08.23 13:59:41.182,9.28104,9.28655,1.75,1.37
2016.08.23 13:59:41.233,9.28104,9.28655,1.75,1.00
2016.08.23 13:59:41.730,9.28104,9.28649,1.75,1.00
2016.08.23 13:59:41.882,9.28084,9.28649,1.75,1.00
2016.08.23 13:59:42.863,9.28093,9.28649,1.75,1.00
2016.08.23 13:59:43.015,9.28119,9.28676,1.37,1.00
2016.08.23 13:59:43.117,9.28235,9.28676,1.00,1.00
2016.08.23 13:59:43.168,9.28284,9.28766,1.00,1.00
2016.08.23 13:59:43.218,9.28284,9.28766,1.37,1.00
2016.08.23 13:59:43.269,9.28269,9.28766,1.37,1.00
2016.08.23 13:59:43.320,9.28254,9.28766,1.37,1.00
2016.08.23 13:59:43.371,9.28224,9.28766,1.75,1.00
2016.08.23 13:59:43.422,9.28224,9.28756,1.37,1.00
2016.08.23 13:59:45.107,9.28224,9.28757,1.37,1.00
2016.08.23 13:59:45.211,9.28214,9.28756,1.37,1.00
2016.08.23 13:59:45.262,9.28214,9.28751,1.37,1.00
2016.08.23 13:59:45.384,9.28184,9.28747,1.00,1.00
2016.08.23 13:59:45.486,9.28174,9.28747,1.00,1.00
2016.08.23 13:59:45.803,9.28174,9.28743,1.00,1.00
2016.08.23 13:59:46.321,9.28173,9.28743,1.00,1.00
2016.08.23 13:59:46.822,9.28174,9.28743,1.00,1.00
2016.08.23 13:59:50.443,9.28173,9.28743,1.00,1.00
2016.08.23 13:59:50.597,9.28153,9.28727,1.00,1.00
2016.08.23 13:59:51.104,9.28154,9.28727,1.00,1.00
2016.08.23 13:59:51.155,9.28154,9.28736,1.00,1.00
2016.08.23 13:59:51.584,9.28143,9.28727,1.00,1.00
2016.08.23 13:59:51.907,9.28154,9.28736,1.00,1.00
2016.08.23 13:59:53.489,9.28153,9.28737,1.00,1.00
2016.08.23 13:59:53.992,9.28154,9.28736,1.00,1.00
2016.08.23 13:59:55.166,9.28154,9.28736,1.00,1.00
2016.08.23 13:59:55.475,9.28174,9.28756,1.00,1.00
2016.08.23 13:59:55.695,9.28173,9.28757,1.00,1.50
2016.08.23 13:59:55.796,9.28164,9.28757,1.00,1.00
2016.08.23 13:59:56.138,9.28174,9.28757,1.00,1.00
2016.08.23 13:59:57.300,9.28164,9.28757,1.00,1.00
2016.08.23 13:59:58.848,9.28164,9.28776,1.00,1.00
