2015.10.22 07:00:01.088,9.28488,9.287,1.50,1.00
2015.10.22 07:00:01.667,9.28474,9.28686,1.00,1.75
2015.10.22 07:00:01.972,9.28467,9.28605,1.00,1.12
2015.10.22 07:00:02.275,9.28467,9.28628,1.00,1.12
2015.10.22 07:00:03.044,9.28467,9.28623,1.00,1.12
2015.10.22 07:00:03.697,9.28447,9.28621,1.00,1.82
2015.10.22 07:00:03.748,9.28409,9.28621,1.00,1.82
2015.10.22 07:00:05.798,9.28409,9.28614,1.00,1.12
2015.10.22 07:00:06.156,9.28409,9.28593,1.00,1.12
2015.10.22 07:00:06.460,9.28409,9.28571,1.00,1.12
2015.10.22 07:00:06.562,9.28409,9.28617,1.00,1.12
2015.10.22 07:00:06.994,9.28387,9.28599,1.00,1.37
2015.10.22 07:00:07.764,9.28387,9.2856,1.00,1.00
2015.10.22 07:00:07.816,9.28328,9.2854,1.00,1.00
2015.10.22 07:00:08.471,9.28328,9.28538,1.00,1.00
2015.10.22 07:00:08.522,9.28306,9.28518,1.00,1.00
2015.10.22 07:00:08.573,9.28306,9.28512,1.00,1.00
2015.10.22 07:00:08.624,9.28279,9.28491,1.00,1.00
2015.10.22 07:00:08.675,9.28279,9.28476,1.00,1.00
2015.10.22 07:00:08.727,9.28244,9.28456,1.00,1.00
2015.10.22 07:00:08.778,9.2823,9.28442,1.00,1.00
2015.10.22 07:00:09.126,9.28085,9.28249,1.12,1.00
2015.10.22 07:00:09.433,9.28045,9.28173,1.12,1.00
2015.10.22 07:00:09.485,9.28045,9.28195,1.12,1.00
2015.10.22 07:00:09.690,9.28004,9.28154,1.75,1.00
2015.10.22 07:00:09.741,9.28004,9.28154,1.00,1.00
2015.10.22 07:00:10.052,9.28014,9.28154,1.00,1.00
2015.10.22 07:00:10.356,9.28024,9.28154,1.00,1.00
2015.10.22 07:00:10.559,9.28004,9.28154,1.87,1.00
2015.10.22 07:00:10.661,9.28024,9.28154,1.00,1.00
2015.10.22 07:00:11.043,9.28024,9.28168,1.82,1.00
2015.10.22 07:00:11.410,9.2802,9.28188,1.12,1.00
2015.10.22 07:00:11.714,9.28005,9.28316,1.12,1.50
2015.10.22 07:00:11.765,9.28005,9.28377,1.12,1.00
2015.10.22 07:00:12.528,9.27964,9.28377,1.57,1.00
2015.10.22 07:00:12.629,9.27964,9.28451,1.50,1.00
2015.10.22 07:00:12.731,9.2792,9.28451,1.12,1.37
2015.10.22 07:00:12.782,9.2792,9.28408,1.12,1.00
2015.10.22 07:00:13.087,9.2792,9.28316,1.12,1.50
2015.10.22 07:00:13.496,9.27922,9.28134,1.82,1.00
2015.10.22 07:00:13.701,9.27905,9.28119,1.07,1.00
2015.10.22 07:00:14.032,9.27905,9.28119,1.00,1.00
2015.10.22 07:00:16.868,9.27845,9.28059,1.00,1.00
2015.10.22 07:00:21.253,9.27832,9.28044,1.00,1.00
2015.10.22 07:00:21.849,9.27781,9.27993,1.00,1.00
2015.10.22 07:00:29.545,9.27762,9.27976,1.00,1.00
2015.10.22 07:00:30.216,9.27824,9.27976,1.00,1.00
2015.10.22 07:00:30.267,9.27844,9.28056,1.00,1.00
2015.10.22 07:00:30.369,9.27865,9.28077,1.00,1.00
2015.10.22 07:00:30.572,9.27899,9.28113,1.00,1.00
2015.10.22 07:00:31.145,9.27885,9.28097,1.00,1.00
2015.10.22 07:00:31.449,9.27858,9.2807,1.00,1.00
2015.10.22 07:00:31.752,9.27881,9.28093,1.00,1.00
2015.10.22 07:00:32.203,9.27847,9.28059,1.00,1.00
2015.10.22 07:00:32.507,9.27847,9.28052,1.00,1.12
2015.10.22 07:00:32.963,9.27847,9.28059,1.00,1.00
2015.10.22 07:00:34.048,9.27861,9.28073,1.00,1.00
2015.10.22 07:00:34.667,9.27847,9.28059,1.00,1.00
2015.10.22 07:00:38.993,9.27861,9.28073,1.00,1.00
2015.10.22 07:00:39.452,9.27845,9.28057,1.00,1.00
2015.10.22 07:00:40.146,9.27859,9.28071,1.00,1.00
2015.10.22 07:00:40.755,9.27845,9.28057,1.00,1.00
2015.10.22 07:00:42.789,9.27881,9.28057,2.10,1.00
2015.10.22 07:00:42.891,9.27923,9.28107,1.35,1.00
2015.10.22 07:00:42.993,9.27943,9.28155,1.50,1.00
2015.10.22 07:00:43.044,9.27958,9.28155,1.00,1.00
2015.10.22 07:00:43.095,9.27978,9.28176,1.00,1.50
2015.10.22 07:00:43.248,9.27978,9.28176,1.75,1.50
2015.10.22 07:00:43.579,9.2801,9.28208,1.12,1.00
2015.10.22 07:00:43.731,9.28017,9.28208,1.12,1.00
2015.10.22 07:00:43.782,9.28017,9.28224,1.12,1.00
2015.10.22 07:00:44.027,9.2802,9.28224,1.07,1.00
2015.10.22 07:00:44.078,9.2804,9.28252,1.00,1.00
2015.10.22 07:00:44.180,9.28026,9.28238,1.00,1.00
2015.10.22 07:00:44.484,9.27992,9.28204,1.00,1.00
2015.10.22 07:00:44.788,9.28006,9.28218,1.00,1.00
2015.10.22 07:00:45.301,9.27987,9.28199,1.00,1.00
2015.10.22 07:00:45.608,9.28006,9.28218,1.00,1.00
2015.10.22 07:00:45.913,9.27992,9.28204,1.00,1.00
2015.10.22 07:00:46.466,9.27978,9.2819,1.00,1.00
2015.10.22 07:00:46.670,9.27995,9.28209,1.00,1.00
2015.10.22 07:00:48.788,9.27979,9.28191,1.00,1.00
2015.10.22 07:00:49.154,9.27979,9.28191,1.00,1.37
2015.10.22 07:00:49.459,9.27979,9.28176,1.00,1.12
2015.10.22 07:00:50.553,9.27979,9.28191,1.00,1.00
2015.10.22 07:00:52.135,9.27979,9.28191,1.00,1.37
2015.10.22 07:00:52.635,9.27979,9.28185,1.00,1.12
2015.10.22 07:00:53.288,9.27979,9.28191,1.00,1.00
2015.10.22 07:00:58.487,9.27996,9.28208,1.00,1.00
2015.10.22 07:00:59.729,9.27978,9.2819,1.00,1.00
2015.10.22 07:01:00.797,9.27964,9.28176,1.00,1.00
2015.10.22 07:01:01.162,9.27982,9.28194,1.00,1.00
2015.10.22 07:01:01.466,9.28,9.28212,1.00,1.00
2015.10.22 07:01:01.823,9.28016,9.28228,1.00,1.00
2015.10.22 07:01:02.172,9.28014,9.28226,1.00,1.00
2015.10.22 07:01:02.513,9.28,9.28212,1.00,1.00
2015.10.22 07:01:02.828,9.28018,9.2823,1.00,1.00
2015.10.22 07:01:03.159,9.28018,9.2823,1.00,1.45
2015.10.22 07:01:03.311,9.28004,9.28216,1.00,1.37
2015.10.22 07:01:03.723,9.28018,9.2823,1.00,1.57
2015.10.22 07:01:05.073,9.28018,9.2823,1.00,1.45
2015.10.22 07:01:05.839,9.28004,9.28216,1.00,1.37
2015.10.22 07:01:06.365,9.28004,9.28216,1.00,1.37
2015.10.22 07:01:11.777,9.28004,9.28216,1.00,1.00
2015.10.22 07:01:11.828,9.27989,9.28201,1.00,1.00
2015.10.22 07:01:12.133,9.28029,9.28241,1.00,1.00
2015.10.22 07:01:12.518,9.28013,9.28223,1.12,1.00
2015.10.22 07:01:12.772,9.28011,9.28223,1.12,1.00
2015.10.22 07:01:13.026,9.28011,9.28223,1.37,1.00
2015.10.22 07:01:13.432,9.28033,9.28245,1.00,1.00
2015.10.22 07:01:15.558,9.28045,9.28245,2.10,1.00
2015.10.22 07:01:15.838,9.28068,9.2828,1.60,1.00
2015.10.22 07:01:15.889,9.28127,9.28341,1.60,1.00
2015.10.22 07:01:15.940,9.28186,9.28398,1.00,1.00
2015.10.22 07:01:16.226,9.2817,9.28382,1.00,1.00
2015.10.22 07:01:16.328,9.28183,9.28397,1.00,1.00
2015.10.22 07:01:17.027,9.28206,9.2842,1.00,1.07
2015.10.22 07:01:17.353,9.28192,9.28404,1.00,1.00
2015.10.22 07:01:19.257,9.28207,9.28419,1.00,1.10
2015.10.22 07:01:19.598,9.28191,9.28405,1.00,1.00
2015.10.22 07:01:19.650,9.28207,9.28421,1.00,1.07
2015.10.22 07:01:19.752,9.28193,9.28405,1.00,1.00
2015.10.22 07:01:22.645,9.28175,9.28387,1.00,1.00
2015.10.22 07:01:22.949,9.2819,9.28402,1.00,1.00
2015.10.22 07:01:23.972,9.28174,9.28386,1.00,1.00
2015.10.22 07:01:24.276,9.28189,9.28401,1.00,1.00
2015.10.22 07:01:24.626,9.28194,9.28406,1.00,1.00
2015.10.22 07:01:24.930,9.2821,9.28416,1.00,1.00
2015.10.22 07:01:25.133,9.28193,9.28405,1.00,1.00
2015.10.22 07:01:25.433,9.28207,9.28419,1.00,1.07
2015.10.22 07:01:25.962,9.2819,9.28402,1.00,1.00
2015.10.22 07:01:26.167,9.28208,9.2842,1.00,1.07
2015.10.22 07:01:26.269,9.28193,9.28405,1.00,1.00
2015.10.22 07:01:26.881,9.28174,9.28386,1.00,1.00
2015.10.22 07:01:27.184,9.28206,9.28418,1.00,1.10
2015.10.22 07:01:27.489,9.28192,9.28404,1.00,1.00
2015.10.22 07:01:29.040,9.28192,9.28404,1.00,1.45
2015.10.22 07:01:29.538,9.28176,9.2839,1.00,1.07
2015.10.22 07:01:36.675,9.28193,9.28396,1.00,1.37
2015.10.22 07:01:36.979,9.28208,9.28396,1.00,1.07
2015.10.22 07:01:37.081,9.28194,9.28396,1.50,1.07
2015.10.22 07:01:37.384,9.28208,9.28396,1.00,1.07
2015.10.22 07:01:38.929,9.28208,9.28396,1.00,1.45
2015.10.22 07:01:39.371,9.28193,9.28385,1.00,1.12
2015.10.22 07:01:39.425,9.28175,9.28387,1.00,1.07
2015.10.22 07:01:39.793,9.28175,9.28387,1.00,1.45
2015.10.22 07:01:40.098,9.28155,9.28335,1.00,1.12
2015.10.22 07:01:40.149,9.28139,9.28335,1.00,1.12
2015.10.22 07:01:40.201,9.28122,9.28334,1.00,1.82
2015.10.22 07:01:40.302,9.28103,9.28315,1.00,1.12
2015.10.22 07:01:40.760,9.28098,9.28311,1.00,1.07
2015.10.22 07:01:41.289,9.28097,9.28311,1.00,1.47
2015.10.22 07:01:41.694,9.28083,9.28295,1.00,1.07
2015.10.22 07:01:41.897,9.28086,9.28298,1.00,1.07
2015.10.22 07:01:42.238,9.28086,9.28298,1.00,1.00
2015.10.22 07:01:43.679,9.28066,9.28276,1.00,1.00
2015.10.22 07:01:43.730,9.28064,9.28276,1.00,1.00
2015.10.22 07:01:44.899,9.28081,9.28293,1.00,1.00
2015.10.22 07:02:01.896,9.28091,9.28303,1.00,1.00
2015.10.22 07:02:25.046,9.28107,9.28319,1.00,1.00
2015.10.22 07:02:25.354,9.28092,9.28304,1.00,1.00
2015.10.22 07:02:30.477,9.28105,9.28319,1.00,1.00
2015.10.22 07:02:30.770,9.28087,9.28299,1.00,1.00
2015.10.22 07:02:31.076,9.28101,9.28313,1.00,1.00
2015.10.22 07:02:41.792,9.28108,9.2832,1.00,1.00
2015.10.22 07:02:44.183,9.28094,9.28306,1.00,1.00
2015.10.22 07:02:45.482,9.28074,9.28281,1.00,1.00
2015.10.22 07:02:45.533,9.28069,9.28281,1.00,1.00
2015.10.22 07:02:45.939,9.28069,9.28281,1.00,1.37
2015.10.22 07:02:46.142,9.28069,9.28281,1.00,1.07
2015.10.22 07:02:46.572,9.28069,9.28281,1.00,1.00
2015.10.22 07:02:46.785,9.28054,9.28266,1.10,1.00
2015.10.22 07:02:47.267,9.28054,9.28266,1.37,1.00
2015.10.22 07:02:47.622,9.28072,9.28284,1.00,1.00
2015.10.22 07:02:47.925,9.28072,9.28284,1.37,1.00
2015.10.22 07:02:48.437,9.28093,9.28307,1.00,1.00
2015.10.22 07:02:48.488,9.28117,9.28326,1.00,1.00
2015.10.22 07:02:48.539,9.28117,9.28329,1.00,1.00
2015.10.22 07:02:48.590,9.28103,9.28315,1.00,1.00
2015.10.22 07:02:48.925,9.2812,9.28332,1.00,1.00
2015.10.22 07:02:50.330,9.28106,9.28318,1.10,1.00
2015.10.22 07:02:50.650,9.28125,9.28337,1.00,1.00
2015.10.22 07:02:52.198,9.28139,9.28351,1.00,1.37
2015.10.22 07:02:52.300,9.28123,9.28335,1.00,1.00
2015.10.22 07:02:52.503,9.28107,9.28319,1.00,1.00
2015.10.22 07:02:57.133,9.28121,9.28335,1.00,1.00
2015.10.22 07:02:57.843,9.28108,9.2832,1.00,1.00
2015.10.22 07:03:01.857,9.28115,9.28327,1.00,1.00
2015.10.22 07:03:06.831,9.28099,9.28313,1.00,1.00
2015.10.22 07:03:08.926,9.28114,9.28326,1.00,1.00
2015.10.22 07:03:15.377,9.281,9.28312,1.00,1.00
2015.10.22 07:03:17.946,9.28113,9.28327,1.00,1.00
2015.10.22 07:03:18.443,9.281,9.28312,1.00,1.00
2015.10.22 07:03:19.071,9.28116,9.28328,1.00,1.00
2015.10.22 07:03:19.483,9.28102,9.28314,1.00,1.00
2015.10.22 07:03:20.375,9.2812,9.28332,1.00,1.00
2015.10.22 07:03:21.882,9.28112,9.28324,1.00,1.00
2015.10.22 07:03:25.587,9.28127,9.28339,1.00,1.00
2015.10.22 07:03:26.497,9.28143,9.28354,1.00,1.00
2015.10.22 07:03:26.599,9.28163,9.28375,1.00,1.00
2015.10.22 07:03:26.853,9.28163,9.28366,1.00,1.00
2015.10.22 07:03:27.351,9.28184,9.28386,1.00,1.00
2015.10.22 07:03:27.504,9.28169,9.28381,1.00,1.00
2015.10.22 07:03:28.060,9.28187,9.28399,1.00,1.00
2015.10.22 07:03:28.492,9.28201,9.28406,1.00,1.00
2015.10.22 07:03:28.806,9.28201,9.28396,1.00,1.00
2015.10.22 07:03:28.857,9.28201,9.28406,1.00,1.00
2015.10.22 07:03:28.958,9.28201,9.28406,1.00,1.75
2015.10.22 07:03:30.095,9.2818,9.28392,1.00,1.37
2015.10.22 07:03:30.364,9.28198,9.28404,1.00,1.12
2015.10.22 07:03:30.942,9.28198,9.28396,1.00,1.75
2015.10.22 07:03:31.095,9.28183,9.28343,1.00,1.12
2015.10.22 07:03:32.027,9.28183,9.28389,1.00,1.12
2015.10.22 07:03:32.078,9.28165,9.28377,1.00,1.37
2015.10.22 07:03:32.180,9.28151,9.28363,1.00,1.07
2015.10.22 07:03:32.481,9.28167,9.28379,1.00,1.37
2015.10.22 07:03:32.876,9.28148,9.2836,1.00,1.00
2015.10.22 07:03:32.927,9.28152,9.2836,1.00,1.00
2015.10.22 07:03:33.395,9.28216,9.28426,1.00,1.75
2015.10.22 07:03:33.753,9.28216,9.28426,1.00,1.07
2015.10.22 07:03:33.804,9.28216,9.28416,1.00,1.00
2015.10.22 07:03:34.333,9.28216,9.28426,1.00,1.07
2015.10.22 07:03:35.747,9.2823,9.28416,1.00,1.37
2015.10.22 07:03:39.918,9.2823,9.28416,1.00,1.07
2015.10.22 07:03:40.172,9.2823,9.28406,1.00,1.00
2015.10.22 07:03:40.514,9.28214,9.28406,1.00,1.00
2015.10.22 07:03:41.062,9.28229,9.28396,1.00,1.00
2015.10.22 07:03:41.366,9.28229,9.28417,1.00,1.37
2015.10.22 07:03:41.567,9.28229,9.28417,1.60,1.12
2015.10.22 07:03:41.871,9.28272,9.28436,1.60,1.00
2015.10.22 07:03:42.279,9.28305,9.28436,1.12,1.00
2015.10.22 07:03:42.337,9.28311,9.28456,1.75,1.00
2015.10.22 07:03:42.845,9.28311,9.28457,1.75,1.00
2015.10.22 07:03:45.132,9.28326,9.28446,1.50,1.00
2015.10.22 07:03:45.735,9.28326,9.28446,1.00,1.00
2015.10.22 07:03:46.114,9.28326,9.28507,1.00,1.75
2015.10.22 07:03:46.215,9.28311,9.28507,1.00,1.75
2015.10.22 07:03:46.419,9.28257,9.28463,1.00,1.12
2015.10.22 07:03:46.904,9.28243,9.28448,1.00,1.12
2015.10.22 07:03:47.208,9.28243,9.28426,1.00,1.00
2015.10.22 07:03:47.563,9.28243,9.28446,1.00,1.75
2015.10.22 07:03:47.614,9.28256,9.28446,1.00,1.75
2015.10.22 07:03:47.768,9.28256,9.28446,1.00,1.00
2015.10.22 07:03:48.671,9.28256,9.28447,1.00,1.00
2015.10.22 07:03:49.076,9.28256,9.28436,1.00,1.00
2015.10.22 07:03:52.587,9.28256,9.28426,1.00,1.00
2015.10.22 07:03:55.663,9.28256,9.28436,1.00,1.00
2015.10.22 07:03:56.227,9.28256,9.28436,1.00,1.07
2015.10.22 07:03:57.144,9.28256,9.28426,1.00,1.00
2015.10.22 07:03:58.776,9.28243,9.28446,1.00,1.10
2015.10.22 07:03:58.878,9.28243,9.28436,1.00,1.00
2015.10.22 07:03:59.183,9.28243,9.28436,1.00,1.07
2015.10.22 07:03:59.721,9.28243,9.28436,1.00,1.50
2015.10.22 07:04:00.703,9.28243,9.28446,1.00,1.50
2015.10.22 07:04:01.058,9.28243,9.28436,1.00,1.00
2015.10.22 07:04:01.409,9.28243,9.28426,1.00,1.00
2015.10.22 07:04:01.663,9.28243,9.28436,1.00,1.00
2015.10.22 07:04:01.715,9.28243,9.28436,1.00,1.37
2015.10.22 07:04:01.867,9.28241,9.28436,1.00,1.37
2015.10.22 07:04:02.694,9.28241,9.28446,1.00,1.45
2015.10.22 07:04:02.846,9.28241,9.28436,1.00,1.00
2015.10.22 07:04:03.311,9.28241,9.28436,1.00,1.37
2015.10.22 07:04:03.634,9.28241,9.28416,1.00,1.00
2015.10.22 07:04:06.644,9.28241,9.28406,1.00,1.00
2015.10.22 07:04:06.813,9.28241,9.28417,1.00,1.00
2015.10.22 07:04:09.502,9.28241,9.28417,1.00,1.37
2015.10.22 07:04:21.915,9.28228,9.28436,1.00,1.87
2015.10.22 07:04:25.905,9.28243,9.28436,1.00,1.12
2015.10.22 07:04:26.673,9.28243,9.28436,1.00,1.12
2015.10.22 07:04:26.928,9.28243,9.28444,1.00,1.12
2015.10.22 07:04:27.573,9.28243,9.28455,1.00,1.75
2015.10.22 07:04:29.003,9.28243,9.28455,1.00,1.10
2015.10.22 07:04:29.619,9.28257,9.28469,1.00,1.00
2015.10.22 07:04:30.074,9.28257,9.28469,1.00,1.37
2015.10.22 07:04:35.465,9.28257,9.28469,1.00,1.00
2015.10.22 07:04:42.004,9.28257,9.28469,1.00,1.75
2015.10.22 07:04:42.744,9.28257,9.28469,1.00,1.07
2015.10.22 07:04:42.948,9.28257,9.28469,1.00,1.00
2015.10.22 07:04:43.100,9.28274,9.28469,1.00,1.00
2015.10.22 07:04:43.405,9.28284,9.28469,1.00,1.00
2015.10.22 07:04:43.618,9.28274,9.28469,1.00,1.00
2015.10.22 07:04:44.132,9.28284,9.28469,1.00,1.00
2015.10.22 07:04:44.233,9.28284,9.28477,1.00,1.00
2015.10.22 07:04:44.335,9.28274,9.28477,1.00,1.00
2015.10.22 07:04:44.562,9.28272,9.28484,1.00,1.00
2015.10.22 07:04:45.334,9.28286,9.28486,1.00,1.00
2015.10.22 07:04:46.252,9.28286,9.28498,1.00,1.07
2015.10.22 07:04:46.725,9.28286,9.28498,1.75,1.00
2015.10.22 07:04:46.776,9.28301,9.28513,1.07,1.00
2015.10.22 07:04:46.933,9.28301,9.28513,1.75,1.00
2015.10.22 07:04:47.640,9.28315,9.28527,1.07,1.00
2015.10.22 07:04:47.691,9.28315,9.28527,1.75,1.00
2015.10.22 07:04:49.432,9.28315,9.28527,1.07,1.00
2015.10.22 07:04:49.534,9.28315,9.28527,1.07,1.60
2015.10.22 07:04:49.838,9.28315,9.28519,1.07,1.67
2015.10.22 07:04:50.231,9.28315,9.28521,1.07,1.00
2015.10.22 07:04:51.443,9.28315,9.28521,1.07,1.37
2015.10.22 07:04:51.646,9.28315,9.28521,1.07,1.47
2015.10.22 07:04:51.962,9.28315,9.28527,1.75,1.75
2015.10.22 07:04:52.646,9.28315,9.28527,1.75,1.00
2015.10.22 07:04:52.913,9.28315,9.28521,1.75,1.00
2015.10.22 07:04:53.217,9.28315,9.28521,1.00,1.82
2015.10.22 07:04:53.421,9.28315,9.28521,1.07,1.82
2015.10.22 07:04:53.723,9.28315,9.28521,1.75,1.10
2015.10.22 07:04:54.800,9.28315,9.28521,1.07,1.50
2015.10.22 07:04:55.107,9.28299,9.28511,1.37,1.75
2015.10.22 07:04:56.062,9.28299,9.28511,1.00,1.75
2015.10.22 07:04:56.431,9.28299,9.28511,1.37,1.75
2015.10.22 07:04:57.693,9.28314,9.28523,1.37,1.12
2015.10.22 07:04:58.391,9.28329,9.2852,1.00,1.12
2015.10.22 07:04:58.704,9.28329,9.2852,1.07,1.12
2015.10.22 07:04:59.271,9.28329,9.28526,1.75,1.12
2015.10.22 07:04:59.575,9.28336,9.28541,1.12,1.37
2015.10.22 07:04:59.779,9.28343,9.28555,1.82,1.75
2015.10.22 07:04:59.991,9.28354,9.28555,1.12,1.75
2015.10.22 07:05:02.557,9.2835,9.28562,1.45,1.82
2015.10.22 07:05:02.979,9.28336,9.28534,1.07,1.35
2015.10.22 07:05:03.268,9.28316,9.28504,1.00,1.12
2015.10.22 07:05:03.421,9.28302,9.28504,1.00,1.12
2015.10.22 07:05:03.725,9.28302,9.28484,1.00,1.12
2015.10.22 07:05:04.029,9.28302,9.28476,1.00,1.12
2015.10.22 07:05:04.080,9.28278,9.28476,1.00,1.12
2015.10.22 07:05:04.182,9.28263,9.28475,1.00,1.82
2015.10.22 07:05:05.211,9.28248,9.28459,1.00,1.12
2015.10.22 07:05:05.736,9.28248,9.28462,1.00,1.75
2015.10.22 07:05:05.939,9.28248,9.28462,1.00,1.75
2015.10.22 07:05:07.080,9.28248,9.28462,1.00,1.75
2015.10.22 07:05:07.487,9.28267,9.28471,1.00,1.12
2015.10.22 07:05:09.912,9.28267,9.28478,1.00,1.75
2015.10.22 07:05:14.312,9.28267,9.28478,1.00,1.75
2015.10.22 07:05:15.014,9.28252,9.28466,1.00,1.37
2015.10.22 07:05:15.074,9.28252,9.28466,1.00,1.07
2015.10.22 07:05:15.525,9.28252,9.28466,1.00,1.37
2015.10.22 07:05:18.743,9.28252,9.28466,1.00,1.75
2015.10.22 07:05:21.705,9.28252,9.28462,1.00,1.12
2015.10.22 07:05:22.011,9.28252,9.28461,1.00,1.12
2015.10.22 07:05:22.738,9.2824,9.28452,1.00,1.37
2015.10.22 07:05:23.104,9.2824,9.28452,1.00,1.00
2015.10.22 07:05:25.214,9.2824,9.28452,1.00,1.07
2015.10.22 07:05:25.523,9.28262,9.28472,1.00,1.82
2015.10.22 07:05:25.878,9.28262,9.28473,1.00,1.45
2015.10.22 07:05:27.762,9.28276,9.28473,1.00,1.37
2015.10.22 07:05:28.152,9.28276,9.28473,1.00,1.82
2015.10.22 07:05:35.247,9.28276,9.28473,1.00,1.45
2015.10.22 07:05:35.735,9.28259,9.28471,1.00,1.37
2015.10.22 07:05:35.786,9.28259,9.28471,1.00,1.00
2015.10.22 07:05:37.238,9.28273,9.28473,1.00,1.00
2015.10.22 07:05:37.562,9.28273,9.28473,1.00,1.12
2015.10.22 07:05:39.515,9.28273,9.28485,1.00,1.85
2015.10.22 07:05:39.883,9.28273,9.28485,1.07,1.07
2015.10.22 07:05:40.733,9.28273,9.28485,1.00,1.37
2015.10.22 07:05:40.835,9.28273,9.28485,1.00,1.75
2015.10.22 07:05:41.150,9.28273,9.28483,1.00,1.12
2015.10.22 07:05:41.896,9.28268,9.28473,1.00,1.12
2015.10.22 07:05:41.947,9.28268,9.2848,1.37,1.75
2015.10.22 07:05:42.263,9.28283,9.28486,1.07,1.07
2015.10.22 07:05:42.365,9.28297,9.28486,1.00,1.00
2015.10.22 07:05:45.455,9.28297,9.28486,1.00,1.37
2015.10.22 07:05:46.024,9.28297,9.28486,1.00,1.00
2015.10.22 07:05:51.316,9.28283,9.28486,1.07,1.00
2015.10.22 07:05:51.518,9.28283,9.28486,1.00,1.75
2015.10.22 07:05:53.065,9.28283,9.28486,1.60,1.82
2015.10.22 07:05:53.369,9.28328,9.28497,1.00,1.12
2015.10.22 07:05:53.420,9.28343,9.28515,1.00,1.12
2015.10.22 07:05:53.522,9.28343,9.28533,1.10,1.12
2015.10.22 07:05:53.623,9.28359,9.28557,1.12,1.83
2015.10.22 07:05:54.327,9.28368,9.28557,1.12,1.00
2015.10.22 07:05:54.378,9.28368,9.28557,1.12,1.12
2015.10.22 07:05:54.480,9.28359,9.28557,1.12,1.00
2015.10.22 07:05:54.911,9.28368,9.28557,1.12,1.12
2015.10.22 07:05:55.448,9.2836,9.28557,1.12,1.07
2015.10.22 07:05:55.800,9.28359,9.28557,1.12,1.75
2015.10.22 07:06:14.271,9.28359,9.28556,1.35,1.50
2015.10.22 07:06:14.524,9.28421,9.28633,1.00,1.00
2015.10.22 07:06:14.575,9.28435,9.28647,1.50,1.00
2015.10.22 07:06:14.880,9.28472,9.28684,1.75,1.37
2015.10.22 07:06:15.294,9.28501,9.28684,1.12,1.00
2015.10.22 07:06:15.497,9.28501,9.28701,1.12,1.00
2015.10.22 07:06:15.548,9.28509,9.28701,1.12,1.00
2015.10.22 07:06:15.802,9.28546,9.28748,1.12,1.00
2015.10.22 07:06:15.904,9.28559,9.28748,1.12,1.00
2015.10.22 07:06:16.218,9.28566,9.28748,1.12,1.00
2015.10.22 07:06:16.270,9.28566,9.28771,1.12,1.00
2015.10.22 07:06:16.710,9.28583,9.28771,1.12,1.00
2015.10.22 07:06:16.761,9.28583,9.28786,1.12,1.00
2015.10.22 07:06:16.863,9.28583,9.28772,1.12,1.00
2015.10.22 07:06:17.582,9.2856,9.28772,1.37,1.00
2015.10.22 07:06:18.962,9.28574,9.28786,1.07,1.00
2015.10.22 07:06:19.357,9.28574,9.28786,1.07,1.00
2015.10.22 07:06:19.671,9.28574,9.28786,1.37,1.00
2015.10.22 07:06:20.251,9.28574,9.28786,1.45,1.00
2015.10.22 07:06:21.462,9.28574,9.28786,1.37,1.00
2015.10.22 07:06:21.779,9.28574,9.28786,1.37,1.00
2015.10.22 07:06:22.740,9.28574,9.28786,1.47,1.00
2015.10.22 07:06:23.083,9.28574,9.28786,1.82,1.00
2015.10.22 07:06:25.217,9.28592,9.28804,1.87,1.00
2015.10.22 07:06:25.319,9.28602,9.28804,1.12,1.00
2015.10.22 07:06:25.972,9.28617,9.28804,1.12,1.00
2015.10.22 07:06:26.520,9.28617,9.2882,1.12,1.00
2015.10.22 07:06:26.723,9.28623,9.2882,1.07,1.00
2015.10.22 07:06:27.472,9.28624,9.2882,1.00,1.00
2015.10.22 07:06:28.080,9.28624,9.2882,1.07,1.00
2015.10.22 07:06:28.284,9.28624,9.2882,1.37,1.00
2015.10.22 07:06:28.603,9.28624,9.2882,1.82,1.00
2015.10.22 07:06:28.963,9.28638,9.2882,1.12,1.00
2015.10.22 07:06:29.115,9.28653,9.28844,1.12,1.00
2015.10.22 07:06:29.469,9.28659,9.28829,1.12,1.00
2015.10.22 07:06:29.773,9.28669,9.28829,1.12,1.00
2015.10.22 07:06:29.925,9.28683,9.28849,1.12,1.00
2015.10.22 07:06:30.026,9.28666,9.28849,1.12,1.00
2015.10.22 07:06:30.804,9.28694,9.28849,1.37,1.00
2015.10.22 07:06:31.102,9.28694,9.28849,1.37,1.00
2015.10.22 07:06:31.204,9.28694,9.28863,1.37,1.00
2015.10.22 07:06:31.255,9.28694,9.28863,1.07,1.00
2015.10.22 07:06:32.115,9.28669,9.28863,1.75,1.00
2015.10.22 07:06:32.869,9.28669,9.28863,1.07,1.00
2015.10.22 07:06:33.231,9.28673,9.28843,1.75,1.00
2015.10.22 07:06:33.536,9.28674,9.28843,1.37,1.00
2015.10.22 07:06:33.742,9.28674,9.28843,1.12,1.00
2015.10.22 07:06:33.977,9.28674,9.28866,1.12,1.00
2015.10.22 07:06:34.337,9.28674,9.28851,1.12,1.00
2015.10.22 07:06:34.740,9.28674,9.28851,1.37,1.00
2015.10.22 07:06:35.045,9.28656,9.28838,1.12,1.00
2015.10.22 07:06:35.391,9.28649,9.28838,1.82,1.00
2015.10.22 07:06:36.274,9.28662,9.28838,1.12,1.00
2015.10.22 07:06:36.580,9.28674,9.28838,1.85,1.00
2015.10.22 07:06:36.733,9.28674,9.28838,1.37,1.00
2015.10.22 07:06:36.936,9.28674,9.28838,1.07,1.00
2015.10.22 07:06:37.742,9.28674,9.28838,1.07,1.00
2015.10.22 07:06:38.491,9.28669,9.28838,1.37,1.00
2015.10.22 07:06:39.306,9.28669,9.28821,1.37,1.00
2015.10.22 07:06:39.611,9.28678,9.28835,1.82,1.00
2015.10.22 07:06:39.713,9.28678,9.28835,1.75,1.00
2015.10.22 07:06:40.052,9.2868,9.28835,1.12,1.00
2015.10.22 07:06:40.155,9.28678,9.28835,1.50,1.00
2015.10.22 07:06:40.256,9.28678,9.2885,1.50,1.00
2015.10.22 07:06:40.559,9.28678,9.28836,1.00,1.00
2015.10.22 07:06:40.661,9.28624,9.28836,1.75,1.00
2015.10.22 07:06:40.712,9.28624,9.28836,1.07,1.00
2015.10.22 07:06:40.815,9.28608,9.2882,1.75,1.00
2015.10.22 07:06:41.222,9.28608,9.2882,1.37,1.00
2015.10.22 07:06:41.476,9.28608,9.2882,1.37,1.00
2015.10.22 07:06:41.790,9.28605,9.28804,1.67,1.00
2015.10.22 07:06:42.094,9.28613,9.28804,1.12,1.00
2015.10.22 07:06:42.399,9.28631,9.28804,1.12,1.00
2015.10.22 07:06:42.450,9.28631,9.28804,1.12,1.00
2015.10.22 07:06:42.552,9.28631,9.28824,1.12,1.00
2015.10.22 07:06:42.654,9.28631,9.28809,1.12,1.00
2015.10.22 07:06:42.963,9.28592,9.28804,1.75,1.00
2015.10.22 07:06:43.016,9.28592,9.28804,1.00,1.00
2015.10.22 07:06:43.067,9.28578,9.2879,1.10,1.00
2015.10.22 07:06:43.371,9.28557,9.28741,1.12,1.00
2015.10.22 07:06:43.630,9.28557,9.28761,1.12,1.00
2015.10.22 07:06:43.732,9.28557,9.28765,1.12,1.00
2015.10.22 07:06:43.985,9.28553,9.28765,1.82,1.00
2015.10.22 07:06:44.137,9.28542,9.28741,1.12,1.00
2015.10.22 07:06:44.376,9.28542,9.28741,1.12,1.00
2015.10.22 07:06:45.184,9.2855,9.28741,1.12,1.00
2015.10.22 07:06:45.538,9.28557,9.28755,1.12,1.00
2015.10.22 07:06:45.785,9.28553,9.28755,1.12,1.00
2015.10.22 07:06:45.937,9.28546,9.28735,1.12,1.00
2015.10.22 07:06:45.988,9.28546,9.28735,1.12,1.00
2015.10.22 07:06:46.039,9.28546,9.28754,1.12,1.00
2015.10.22 07:06:46.940,9.28553,9.28754,1.12,1.00
2015.10.22 07:06:47.452,9.28553,9.28754,1.12,1.00
2015.10.22 07:06:47.503,9.28553,9.28754,1.12,1.00
2015.10.22 07:06:47.756,9.28546,9.28754,1.12,1.00
2015.10.22 07:06:48.354,9.28556,9.28768,1.50,1.00
2015.10.22 07:06:48.708,9.28556,9.28768,1.82,1.00
2015.10.22 07:06:49.146,9.28561,9.28768,1.12,1.00
2015.10.22 07:06:50.485,9.28556,9.28768,1.82,1.00
2015.10.22 07:06:50.688,9.28556,9.28768,1.50,1.00
2015.10.22 07:06:51.453,9.28556,9.28768,1.82,1.00
2015.10.22 07:06:51.760,9.28561,9.28768,1.12,1.00
2015.10.22 07:06:52.174,9.28571,9.28783,1.50,1.00
2015.10.22 07:06:55.671,9.28561,9.28766,1.12,1.00
2015.10.22 07:07:00.739,9.28554,9.28766,1.82,1.00
2015.10.22 07:07:01.061,9.28554,9.28766,1.75,1.00
2015.10.22 07:07:01.788,9.28546,9.28758,1.87,1.00
2015.10.22 07:07:02.092,9.28553,9.28758,1.12,1.00
2015.10.22 07:07:02.396,9.28561,9.28758,1.12,1.00
2015.10.22 07:07:03.036,9.28553,9.28758,1.12,1.00
2015.10.22 07:07:03.239,9.28546,9.28758,1.87,1.00
2015.10.22 07:07:03.998,9.28553,9.28758,1.12,1.00
2015.10.22 07:07:04.340,9.28561,9.28758,1.12,1.00
2015.10.22 07:07:05.874,9.28561,9.28758,1.12,1.00
2015.10.22 07:07:05.976,9.28546,9.28758,1.82,1.00
2015.10.22 07:07:07.404,9.28556,9.28758,1.12,1.00
2015.10.22 07:07:07.771,9.28547,9.28758,1.12,1.00
2015.10.22 07:07:07.991,9.28546,9.28758,1.85,1.00
2015.10.22 07:07:08.721,9.28548,9.28758,1.12,1.00
2015.10.22 07:07:09.184,9.28557,9.28758,1.12,1.00
2015.10.22 07:07:09.489,9.28573,9.28758,1.12,1.00
2015.10.22 07:07:09.742,9.2855,9.28758,1.12,1.00
2015.10.22 07:07:09.945,9.28546,9.28758,1.82,1.00
2015.10.22 07:07:10.927,9.28556,9.28758,1.12,1.00
2015.10.22 07:07:11.699,9.28547,9.28758,1.12,1.00
2015.10.22 07:07:12.241,9.28546,9.28758,1.85,1.00
2015.10.22 07:07:12.718,9.28548,9.28758,1.12,1.00
2015.10.22 07:07:13.022,9.28557,9.28758,1.12,1.00
2015.10.22 07:07:14.030,9.2855,9.28758,1.12,1.00
2015.10.22 07:07:14.485,9.28546,9.28758,1.82,1.00
2015.10.22 07:07:15.056,9.2855,9.28758,1.12,1.00
2015.10.22 07:07:15.360,9.28557,9.28744,1.12,1.00
2015.10.22 07:07:15.981,9.2855,9.28744,1.12,1.00
2015.10.22 07:07:16.241,9.28542,9.28744,1.12,1.00
2015.10.22 07:07:16.292,9.28542,9.28727,1.12,1.00
2015.10.22 07:07:16.481,9.28542,9.28742,1.12,1.00
2015.10.22 07:07:16.532,9.28545,9.28757,1.82,1.00
2015.10.22 07:07:17.234,9.2855,9.28757,1.12,1.00
2015.10.22 07:07:17.558,9.28573,9.28757,1.12,1.00
2015.10.22 07:07:17.762,9.28545,9.28757,1.82,1.00
2015.10.22 07:07:17.813,9.28542,9.28738,1.12,1.00
2015.10.22 07:07:18.422,9.28544,9.28756,1.82,1.00
2015.10.22 07:07:18.610,9.28557,9.28758,1.37,1.00
2015.10.22 07:07:18.662,9.28557,9.28771,1.37,1.00
2015.10.22 07:07:18.714,9.28575,9.28787,1.00,1.00
2015.10.22 07:07:18.766,9.28575,9.28787,1.07,1.00
2015.10.22 07:07:19.828,9.28575,9.28787,1.82,1.00
2015.10.22 07:07:20.141,9.28601,9.28787,1.12,1.00
2015.10.22 07:07:20.293,9.2858,9.28787,1.12,1.00
2015.10.22 07:07:21.820,9.2858,9.28784,1.12,1.00
2015.10.22 07:07:21.921,9.28572,9.28784,1.87,1.00
2015.10.22 07:07:22.241,9.28588,9.288,1.37,1.00
2015.10.22 07:07:23.246,9.28588,9.288,1.82,1.00
2015.10.22 07:07:23.499,9.28574,9.28786,1.82,1.00
2015.10.22 07:07:23.701,9.28574,9.28786,1.37,1.00
2015.10.22 07:07:23.930,9.28593,9.28805,1.00,1.00
2015.10.22 07:07:24.490,9.28593,9.28805,1.07,1.00
2015.10.22 07:07:24.793,9.28585,9.28791,1.12,1.00
2015.10.22 07:07:25.461,9.28579,9.28791,1.82,1.00
2015.10.22 07:07:27.004,9.28587,9.28791,1.12,1.00
2015.10.22 07:07:28.189,9.28579,9.28791,1.85,1.00
2015.10.22 07:07:29.185,9.28587,9.28791,1.12,1.00
2015.10.22 07:07:29.540,9.28602,9.28791,1.12,1.00
2015.10.22 07:07:30.078,9.28587,9.28791,1.12,1.00
2015.10.22 07:07:31.856,9.28579,9.28791,1.85,1.00
2015.10.22 07:07:32.620,9.28593,9.28805,1.07,1.00
2015.10.22 07:07:32.722,9.28575,9.28787,1.00,1.00
2015.10.22 07:07:32.918,9.28558,9.2877,1.37,1.00
2015.10.22 07:07:32.970,9.28538,9.28741,1.00,1.00
2015.10.22 07:07:33.021,9.28529,9.28741,1.00,1.00
2015.10.22 07:07:33.123,9.28504,9.28716,1.75,1.00
2015.10.22 07:07:33.439,9.28496,9.287,1.12,1.00
2015.10.22 07:07:33.692,9.28493,9.287,1.12,1.00
2015.10.22 07:07:33.945,9.28501,9.28715,1.75,1.00
2015.10.22 07:07:34.047,9.28517,9.28729,1.50,1.00
2015.10.22 07:07:34.395,9.28503,9.28715,1.87,1.00
2015.10.22 07:07:34.446,9.28516,9.2873,1.37,1.07
2015.10.22 07:07:34.885,9.28516,9.28702,1.37,1.00
2015.10.22 07:07:35.699,9.285,9.28702,1.82,1.00
2015.10.22 07:07:35.750,9.28497,9.28694,1.12,1.00
2015.10.22 07:07:43.480,9.28494,9.28694,1.12,1.00
2015.10.22 07:07:44.294,9.28493,9.28694,1.12,1.00
2015.10.22 07:07:45.030,9.28494,9.28694,1.12,1.00
2015.10.22 07:07:52.177,9.28496,9.28694,1.12,1.00
2015.10.22 07:07:54.179,9.28493,9.28694,1.12,1.00
2015.10.22 07:07:54.810,9.28493,9.28689,1.12,1.00
2015.10.22 07:07:54.962,9.28478,9.28676,1.12,1.00
2015.10.22 07:07:55.289,9.28494,9.28671,1.37,1.00
2015.10.22 07:07:55.678,9.28484,9.28632,1.82,1.00
2015.10.22 07:07:56.778,9.28483,9.28632,1.12,1.00
2015.10.22 07:07:57.941,9.28483,9.28632,1.12,1.00
2015.10.22 07:07:58.043,9.28493,9.28632,1.50,1.00
2015.10.22 07:07:59.656,9.28487,9.28632,1.12,1.00
2015.10.22 07:07:59.817,9.28487,9.28658,1.12,1.00
2015.10.22 07:07:59.969,9.28487,9.28677,1.12,1.00
2015.10.22 07:08:05.354,9.28487,9.28677,1.12,1.00
2015.10.22 07:08:05.885,9.28494,9.28677,1.85,1.00
2015.10.22 07:08:06.593,9.28504,9.28677,1.37,1.00
2015.10.22 07:08:06.882,9.28504,9.28691,1.45,1.00
2015.10.22 07:08:06.934,9.28501,9.28691,1.50,1.00
2015.10.22 07:08:08.102,9.28515,9.28691,1.50,1.00
2015.10.22 07:08:12.405,9.28515,9.28706,1.50,1.00
2015.10.22 07:08:13.543,9.28515,9.2869,1.50,1.00
2015.10.22 07:08:14.439,9.28535,9.28712,1.50,1.00
2015.10.22 07:08:14.541,9.28554,9.28727,1.12,1.00
2015.10.22 07:08:14.643,9.28554,9.28744,1.12,1.00
2015.10.22 07:08:14.745,9.28535,9.28744,1.12,1.00
2015.10.22 07:08:15.101,9.28549,9.28761,1.37,1.00
2015.10.22 07:08:15.928,9.28549,9.28761,1.37,1.00
2015.10.22 07:08:16.298,9.28538,9.28726,1.12,1.00
2015.10.22 07:08:16.593,9.28549,9.28761,1.37,1.00
2015.10.22 07:08:16.644,9.28537,9.28747,1.12,1.00
2015.10.22 07:08:20.228,9.28538,9.28733,1.12,1.00
2015.10.22 07:08:20.685,9.28534,9.28733,1.12,1.00
2015.10.22 07:08:21.658,9.28532,9.28733,1.12,1.00
2015.10.22 07:08:21.809,9.28532,9.28741,1.12,1.00
2015.10.22 07:08:22.012,9.28535,9.28741,1.12,1.00
2015.10.22 07:08:23.338,9.28534,9.28726,1.12,1.00
2015.10.22 07:08:23.958,9.28538,9.28726,1.12,1.00
2015.10.22 07:08:24.520,9.28538,9.28711,1.12,1.00
2015.10.22 07:08:24.621,9.28538,9.28725,1.12,1.00
2015.10.22 07:08:26.080,9.28518,9.28725,1.07,1.00
2015.10.22 07:08:29.651,9.28518,9.28701,1.07,1.00
2015.10.22 07:08:30.110,9.28518,9.28671,1.00,1.00
2015.10.22 07:08:30.262,9.28518,9.28685,1.00,1.00
2015.10.22 07:08:31.258,9.28518,9.2867,1.00,1.00
2015.10.22 07:08:33.038,9.28524,9.2867,1.00,1.00
2015.10.22 07:08:33.422,9.28524,9.2867,1.07,1.00
2015.10.22 07:08:33.768,9.28524,9.2867,1.00,1.00
2015.10.22 07:08:34.069,9.28518,9.2867,1.00,1.00
2015.10.22 07:08:34.569,9.28523,9.2869,2.10,1.00
2015.10.22 07:08:34.620,9.28524,9.28699,2.10,1.00
2015.10.22 07:08:34.671,9.28524,9.28719,2.10,1.00
2015.10.22 07:08:34.722,9.28524,9.28728,2.10,1.00
2015.10.22 07:08:34.774,9.28553,9.28745,2.10,1.00
2015.10.22 07:08:34.976,9.28577,9.28765,1.05,1.50
2015.10.22 07:08:35.028,9.28592,9.28765,2.25,1.00
2015.10.22 07:08:35.078,9.286,9.28779,1.05,1.00
2015.10.22 07:08:35.180,9.28592,9.28793,2.47,1.00
2015.10.22 07:08:35.282,9.28598,9.2881,1.97,1.00
2015.10.22 07:08:35.383,9.28614,9.28826,1.67,1.00
2015.10.22 07:08:35.434,9.28643,9.28846,1.70,1.00
2015.10.22 07:08:35.536,9.28658,9.28855,1.05,1.00
2015.10.22 07:08:35.875,9.28683,9.28869,1.05,1.00
2015.10.22 07:08:35.977,9.28683,9.28884,1.05,1.00
2015.10.22 07:08:36.281,9.28701,9.28869,1.05,1.00
2015.10.22 07:08:36.535,9.28674,9.28886,1.97,1.00
2015.10.22 07:08:36.789,9.28674,9.28886,1.97,1.00
2015.10.22 07:08:37.152,9.28671,9.28883,1.37,1.00
2015.10.22 07:08:37.204,9.28671,9.28883,1.00,1.00
2015.10.22 07:08:37.459,9.28656,9.28868,1.35,1.00
2015.10.22 07:08:37.783,9.28659,9.28868,1.00,1.00
2015.10.22 07:08:37.936,9.28637,9.28849,1.00,1.00
2015.10.22 07:08:37.987,9.28622,9.28836,1.00,1.00
2015.10.22 07:08:38.088,9.28603,9.28806,1.00,1.00
2015.10.22 07:08:38.139,9.28577,9.28789,1.07,1.00
2015.10.22 07:08:38.394,9.28577,9.28789,1.37,1.00
2015.10.22 07:08:38.629,9.28577,9.28789,1.00,1.00
2015.10.22 07:08:38.680,9.28559,9.28771,1.07,1.00
2015.10.22 07:08:38.983,9.28554,9.28755,1.12,1.00
2015.10.22 07:08:39.085,9.28558,9.2877,1.57,1.00
2015.10.22 07:08:39.187,9.28554,9.28754,1.12,1.00
2015.10.22 07:08:39.289,9.28542,9.28754,1.07,1.00
2015.10.22 07:08:39.492,9.28542,9.28754,1.00,1.00
2015.10.22 07:08:39.927,9.28542,9.28743,1.00,1.00
2015.10.22 07:08:39.978,9.28511,9.28723,1.00,1.00
2015.10.22 07:08:40.080,9.28493,9.28707,1.00,1.00
2015.10.22 07:08:40.384,9.28479,9.28691,1.37,1.00
2015.10.22 07:08:40.689,9.28444,9.28656,1.45,1.00
2015.10.22 07:08:41.014,9.28444,9.28656,1.15,1.00
2015.10.22 07:08:41.072,9.28444,9.28656,1.07,1.00
2015.10.22 07:08:41.174,9.28425,9.28637,1.45,1.00
2015.10.22 07:08:41.478,9.28414,9.28622,1.12,1.00
2015.10.22 07:08:41.580,9.2841,9.28622,1.12,1.00
2015.10.22 07:08:41.682,9.2841,9.28622,1.00,1.00
2015.10.22 07:08:41.885,9.28413,9.28627,1.00,1.00
2015.10.22 07:08:42.088,9.28432,9.28644,1.00,1.00
2015.10.22 07:08:42.640,9.28432,9.28634,1.00,1.00
2015.10.22 07:08:42.691,9.28402,9.28614,1.00,1.00
2015.10.22 07:08:42.995,9.28388,9.286,1.00,1.00
2015.10.22 07:08:43.301,9.28357,9.28569,1.00,1.00
2015.10.22 07:08:43.352,9.2833,9.28544,1.00,1.00
2015.10.22 07:08:43.765,9.28315,9.28527,1.07,1.00
2015.10.22 07:08:44.109,9.28299,9.28511,1.07,1.00
2015.10.22 07:08:44.422,9.28283,9.28495,1.45,1.00
2015.10.22 07:08:44.878,9.28272,9.28473,1.12,1.00
2015.10.22 07:08:44.980,9.28279,9.28491,1.45,1.00
2015.10.22 07:08:45.082,9.28272,9.28474,1.12,1.00
2015.10.22 07:08:45.425,9.28248,9.2846,1.87,1.00
2015.10.22 07:08:45.527,9.28248,9.2846,1.07,1.00
2015.10.22 07:08:46.034,9.28248,9.2846,1.15,1.00
2015.10.22 07:08:46.375,9.28244,9.28446,1.12,1.00
2015.10.22 07:08:46.770,9.28234,9.28446,1.47,1.00
2015.10.22 07:08:46.871,9.28252,9.28464,1.07,1.00
2015.10.22 07:08:47.075,9.28236,9.2845,1.37,1.00
2015.10.22 07:08:48.196,9.2822,9.28432,1.87,1.00
2015.10.22 07:08:48.710,9.28243,9.28452,1.07,1.00
2015.10.22 07:08:48.761,9.28229,9.28441,1.45,1.00
2015.10.22 07:08:49.099,9.28245,9.28457,1.37,1.00
2015.10.22 07:08:49.555,9.28245,9.28452,1.37,1.00
2015.10.22 07:08:49.857,9.28227,9.28432,1.12,1.00
2015.10.22 07:08:50.061,9.2822,9.28432,1.87,1.00
2015.10.22 07:08:50.469,9.2822,9.28432,1.37,1.00
2015.10.22 07:08:50.621,9.2822,9.28432,1.00,1.00
2015.10.22 07:08:51.472,9.28203,9.28415,1.37,1.00
2015.10.22 07:08:51.792,9.28207,9.28415,1.12,1.00
2015.10.22 07:08:52.319,9.28204,9.28399,1.75,1.00
2015.10.22 07:08:52.370,9.28204,9.28399,1.37,1.00
2015.10.22 07:08:52.674,9.28214,9.28399,1.45,1.00
2015.10.22 07:08:53.004,9.28207,9.28417,1.12,1.00
2015.10.22 07:08:53.258,9.28223,9.28417,1.12,1.00
2015.10.22 07:08:53.728,9.28226,9.28417,1.12,1.00
2015.10.22 07:08:54.443,9.28231,9.28417,1.12,1.00
2015.10.22 07:08:54.494,9.28231,9.28431,1.12,1.00
2015.10.22 07:08:54.596,9.28231,9.28416,1.12,1.00
2015.10.22 07:08:54.940,9.28204,9.28416,1.87,1.00
2015.10.22 07:08:55.345,9.28225,9.28416,1.12,1.00
2015.10.22 07:08:55.653,9.28229,9.28416,1.12,1.00
2015.10.22 07:08:55.704,9.28229,9.2843,1.12,1.00
2015.10.22 07:08:55.756,9.28263,9.2843,1.12,1.00
2015.10.22 07:08:55.973,9.28245,9.2843,1.12,1.00
2015.10.22 07:08:56.551,9.28241,9.2843,1.12,1.00
2015.10.22 07:08:57.183,9.28231,9.2843,1.12,1.00
2015.10.22 07:08:57.512,9.28216,9.28415,1.12,1.00
2015.10.22 07:08:58.285,9.28242,9.28415,1.12,1.00
2015.10.22 07:08:58.387,9.28242,9.28429,1.12,1.00
2015.10.22 07:08:58.489,9.28262,9.28429,1.12,1.00
2015.10.22 07:08:58.801,9.28278,9.28429,1.12,1.00
2015.10.22 07:08:58.967,9.28275,9.28429,1.12,1.00
2015.10.22 07:08:59.322,9.28275,9.28454,1.12,1.00
2015.10.22 07:08:59.551,9.28275,9.28437,1.12,1.00
2015.10.22 07:08:59.603,9.28275,9.28458,1.12,1.00
2015.10.22 07:08:59.709,9.283,9.28458,1.12,1.00
2015.10.22 07:09:00.013,9.283,9.28442,1.12,1.00
2015.10.22 07:09:00.216,9.283,9.28466,1.12,1.00
2015.10.22 07:09:00.604,9.28308,9.28466,1.12,1.00
2015.10.22 07:09:01.716,9.28292,9.28466,1.12,1.00
2015.10.22 07:09:01.768,9.28284,9.28466,1.12,1.00
2015.10.22 07:09:01.819,9.28284,9.28446,1.12,1.00
2015.10.22 07:09:02.284,9.2827,9.28446,1.12,1.00
2015.10.22 07:09:03.099,9.2827,9.2846,1.12,1.00
2015.10.22 07:09:03.999,9.28271,9.2846,1.12,1.00
2015.10.22 07:09:04.479,9.28254,9.2846,1.12,1.00
2015.10.22 07:09:05.803,9.28269,9.2846,1.12,1.00
2015.10.22 07:09:07.225,9.28274,9.2846,1.12,1.00
2015.10.22 07:09:07.637,9.28258,9.2846,1.12,1.00
2015.10.22 07:09:07.688,9.28248,9.2846,1.82,1.00
2015.10.22 07:09:07.739,9.28247,9.28444,1.12,1.00
2015.10.22 07:09:07.892,9.28232,9.28444,1.47,1.00
2015.10.22 07:09:08.479,9.28232,9.28444,1.75,1.00
2015.10.22 07:09:08.891,9.28245,9.28444,1.12,1.00
2015.10.22 07:09:08.942,9.28258,9.28458,1.12,1.00
2015.10.22 07:09:08.994,9.28274,9.28458,1.12,1.00
2015.10.22 07:09:09.196,9.28247,9.28444,1.12,1.00
2015.10.22 07:09:10.318,9.28258,9.2847,1.82,1.00
2015.10.22 07:09:10.536,9.2826,9.28453,1.12,1.00
2015.10.22 07:09:10.840,9.28241,9.28453,1.82,1.00
2015.10.22 07:09:11.719,9.28227,9.28439,1.07,1.00
2015.10.22 07:09:12.470,9.28227,9.28439,1.45,1.00
2015.10.22 07:09:13.230,9.2822,9.28424,1.12,1.00
2015.10.22 07:09:13.433,9.28227,9.28439,1.75,1.00
2015.10.22 07:09:13.484,9.28229,9.28439,1.12,1.00
2015.10.22 07:09:13.788,9.28229,9.28425,1.12,1.00
2015.10.22 07:09:13.839,9.28237,9.28449,1.45,1.00
2015.10.22 07:09:14.217,9.28228,9.28418,1.12,1.00
2015.10.22 07:09:14.268,9.28228,9.28418,1.12,1.00
2015.10.22 07:09:14.319,9.28228,9.28434,1.12,1.00
2015.10.22 07:09:14.869,9.28227,9.28434,1.12,1.00
2015.10.22 07:09:16.011,9.28222,9.28434,1.45,1.00
2015.10.22 07:09:16.062,9.28216,9.2842,1.12,1.00
2015.10.22 07:09:16.439,9.28208,9.2842,1.12,1.00
2015.10.22 07:09:16.988,9.28208,9.2842,1.07,1.00
2015.10.22 07:09:17.293,9.28208,9.2842,1.20,1.00
2015.10.22 07:09:17.597,9.28208,9.2842,1.45,1.00
2015.10.22 07:09:17.941,9.28201,9.28405,1.12,1.00
2015.10.22 07:09:18.564,9.28193,9.28405,1.82,1.00
2015.10.22 07:09:18.719,9.28209,9.28421,1.45,1.00
2015.10.22 07:09:18.770,9.28209,9.28421,1.45,1.00
2015.10.22 07:09:19.115,9.28228,9.28421,1.12,1.00
2015.10.22 07:09:19.226,9.28228,9.28437,1.12,1.00
2015.10.22 07:09:19.867,9.28211,9.28423,1.45,1.00
2015.10.22 07:09:20.249,9.28225,9.28437,1.07,1.00
2015.10.22 07:09:20.581,9.28225,9.28437,1.20,1.00
2015.10.22 07:09:20.908,9.28225,9.28437,1.87,1.00
2015.10.22 07:09:21.284,9.28225,9.28437,1.37,1.00
2015.10.22 07:09:21.827,9.28218,9.2843,1.45,1.00
2015.10.22 07:09:22.186,9.28218,9.2843,1.82,1.00
2015.10.22 07:09:22.510,9.28218,9.2843,1.45,1.00
2015.10.22 07:09:22.764,9.28218,9.2843,1.45,1.00
2015.10.22 07:09:23.516,9.28234,9.2843,1.37,1.00
2015.10.22 07:09:23.820,9.28229,9.2843,1.12,1.00
2015.10.22 07:09:24.125,9.28251,9.2843,1.12,1.00
2015.10.22 07:09:25.050,9.28231,9.2843,1.12,1.00
2015.10.22 07:09:25.479,9.28232,9.28444,1.82,1.00
2015.10.22 07:09:25.972,9.28235,9.28431,1.12,1.00
2015.10.22 07:09:26.277,9.28239,9.28431,1.12,1.00
2015.10.22 07:09:26.482,9.28239,9.28446,1.12,1.00
2015.10.22 07:09:27.824,9.28234,9.28446,1.45,1.00
2015.10.22 07:09:28.035,9.28234,9.28446,1.45,1.00
2015.10.22 07:09:28.278,9.28225,9.28432,1.12,1.00
2015.10.22 07:09:29.010,9.28234,9.28432,1.12,1.00
2015.10.22 07:09:29.061,9.28235,9.28449,1.82,1.00
2015.10.22 07:09:29.213,9.28242,9.28449,1.12,1.00
2015.10.22 07:09:29.519,9.28242,9.28434,1.12,1.00
2015.10.22 07:09:29.570,9.28242,9.28449,1.12,1.00
2015.10.22 07:09:29.774,9.2825,9.28462,1.45,1.00
2015.10.22 07:09:30.214,9.28254,9.28462,1.12,1.00
2015.10.22 07:09:30.371,9.2827,9.28482,1.37,1.00
2015.10.22 07:09:30.574,9.28255,9.28467,1.82,1.00
2015.10.22 07:09:31.232,9.28272,9.28467,1.12,1.00
2015.10.22 07:09:31.747,9.28269,9.28481,1.12,1.00
2015.10.22 07:09:31.950,9.28255,9.28467,1.45,1.00
2015.10.22 07:09:32.451,9.28269,9.28483,1.50,1.00
2015.10.22 07:09:32.557,9.28271,9.28483,1.12,1.00
2015.10.22 07:09:33.215,9.28275,9.28483,1.12,1.00
2015.10.22 07:09:33.938,9.28284,9.28483,1.12,1.00
2015.10.22 07:09:34.242,9.28288,9.28483,1.12,1.00
2015.10.22 07:09:34.293,9.28289,9.28501,1.82,1.00
2015.10.22 07:09:34.708,9.28289,9.28501,1.37,1.00
2015.10.22 07:09:35.138,9.28272,9.28482,1.12,1.00
2015.10.22 07:09:35.658,9.28282,9.28482,1.12,1.00
2015.10.22 07:09:35.962,9.28286,9.28498,1.57,1.00
2015.10.22 07:09:36.266,9.28286,9.28498,1.45,1.00
2015.10.22 07:09:36.923,9.28291,9.28498,1.12,1.00
2015.10.22 07:09:37.228,9.28295,9.28484,1.12,1.00
2015.10.22 07:09:37.482,9.28303,9.28511,1.37,1.00
2015.10.22 07:09:37.584,9.28288,9.28491,1.12,1.00
2015.10.22 07:09:38.953,9.28297,9.28509,1.45,1.00
2015.10.22 07:09:39.055,9.28288,9.2849,1.12,1.00
2015.10.22 07:09:39.305,9.28278,9.2849,1.75,1.00
2015.10.22 07:09:39.357,9.28278,9.2849,1.47,1.00
2015.10.22 07:09:40.221,9.28278,9.2849,1.85,1.00
2015.10.22 07:09:40.526,9.28293,9.2849,1.12,1.00
2015.10.22 07:09:40.994,9.28307,9.2849,1.12,1.00
2015.10.22 07:09:41.197,9.28307,9.28509,1.12,1.00
2015.10.22 07:09:41.764,9.28302,9.28509,1.12,1.00
2015.10.22 07:09:42.078,9.28302,9.28507,1.12,1.00
2015.10.22 07:09:42.417,9.28302,9.28491,1.12,1.00
2015.10.22 07:09:42.879,9.28302,9.28514,1.12,1.00
2015.10.22 07:09:43.284,9.28288,9.28498,1.12,1.00
2015.10.22 07:09:44.979,9.28286,9.28498,1.12,1.00
2015.10.22 07:09:45.481,9.2827,9.28482,1.45,1.00
2015.10.22 07:09:45.932,9.28287,9.28482,1.12,1.00
2015.10.22 07:09:45.983,9.28287,9.28497,1.12,1.00
2015.10.22 07:09:46.186,9.28287,9.28482,1.12,1.00
2015.10.22 07:09:46.492,9.28302,9.28502,1.12,1.00
2015.10.22 07:09:46.543,9.28302,9.28509,1.12,1.00
2015.10.22 07:09:46.696,9.28297,9.28509,1.57,1.00
2015.10.22 07:09:47.079,9.28315,9.28527,1.07,1.00
2015.10.22 07:09:47.288,9.28298,9.2851,1.45,1.00
2015.10.22 07:09:48.219,9.28293,9.28495,1.12,1.00
2015.10.22 07:09:48.491,9.28283,9.28495,1.45,1.00
2015.10.22 07:09:49.226,9.28283,9.28495,1.82,1.00
2015.10.22 07:09:49.480,9.28297,9.28509,1.87,1.00
2015.10.22 07:09:49.784,9.28306,9.28492,1.12,1.00
2015.10.22 07:09:50.454,9.28284,9.28492,1.12,1.00
2015.10.22 07:09:50.807,9.28296,9.28508,1.47,1.00
2015.10.22 07:09:51.439,9.28296,9.28508,1.45,1.00
2015.10.22 07:09:52.022,9.28296,9.28508,1.07,1.00
2015.10.22 07:09:52.807,9.28286,9.28492,1.12,1.00
2015.10.22 07:09:53.013,9.28298,9.2851,1.12,1.00
2015.10.22 07:09:53.115,9.28321,9.28533,1.07,1.00
2015.10.22 07:09:53.217,9.28321,9.28533,1.07,1.00
2015.10.22 07:09:53.708,9.28303,9.28515,1.45,1.00
2015.10.22 07:09:54.508,9.28308,9.28515,1.12,1.00
2015.10.22 07:09:54.968,9.28303,9.28515,1.37,1.00
2015.10.22 07:09:56.008,9.28289,9.28501,1.87,1.00
2015.10.22 07:09:56.486,9.28289,9.28501,1.37,1.00
2015.10.22 07:09:56.714,9.28274,9.28486,1.87,1.00
2015.10.22 07:09:57.500,9.28286,9.28486,1.12,1.00
2015.10.22 07:09:57.602,9.283,9.28506,1.37,1.00
2015.10.22 07:09:57.703,9.283,9.28512,1.45,1.00
2015.10.22 07:09:58.705,9.2832,9.28532,1.07,1.50
2015.10.22 07:09:58.807,9.28304,9.28516,1.45,1.00
2015.10.22 07:09:59.409,9.28319,9.28531,1.07,1.00
2015.10.22 07:09:59.713,9.28319,9.28531,1.37,1.00
2015.10.22 07:10:00.040,9.28319,9.28531,1.07,1.00
2015.10.22 07:10:00.192,9.28305,9.28517,1.45,1.00
2015.10.22 07:10:00.496,9.28297,9.28502,1.12,1.00
2015.10.22 07:10:01.232,9.28313,9.28525,1.45,1.00
2015.10.22 07:10:01.335,9.28305,9.28511,1.12,1.00
2015.10.22 07:10:01.538,9.28308,9.2852,1.82,1.00
2015.10.22 07:10:01.594,9.28305,9.28505,1.12,1.00
2015.10.22 07:10:01.696,9.28293,9.28505,1.87,1.00
2015.10.22 07:10:01.803,9.28293,9.28499,1.12,1.00
2015.10.22 07:10:01.905,9.28311,9.28519,1.37,1.00
2015.10.22 07:10:01.956,9.28311,9.28523,1.37,1.00
2015.10.22 07:10:02.742,9.28311,9.28523,1.75,1.00
2015.10.22 07:10:03.047,9.28297,9.28509,1.45,1.00
2015.10.22 07:10:03.353,9.28289,9.28495,1.12,1.00
2015.10.22 07:10:03.456,9.28283,9.28495,1.37,1.00
2015.10.22 07:10:05.181,9.28283,9.28495,1.07,1.00
2015.10.22 07:10:05.232,9.28269,9.28481,1.37,1.00
2015.10.22 07:10:05.672,9.28269,9.28481,1.75,1.00
2015.10.22 07:10:05.975,9.28269,9.28481,1.82,1.00
2015.10.22 07:10:06.188,9.28269,9.28481,1.45,1.00
2015.10.22 07:10:06.969,9.28278,9.28481,1.12,1.00
2015.10.22 07:10:07.121,9.28284,9.28496,1.75,1.00
2015.10.22 07:10:07.172,9.28291,9.28496,1.12,1.00
2015.10.22 07:10:07.627,9.28298,9.2851,1.45,1.00
2015.10.22 07:10:08.268,9.28298,9.28507,1.07,1.00
2015.10.22 07:10:08.319,9.28276,9.28487,1.12,1.00
2015.10.22 07:10:09.049,9.28288,9.28502,1.47,1.00
2015.10.22 07:10:09.252,9.28293,9.28502,1.12,1.00
2015.10.22 07:10:10.038,9.28276,9.28487,1.12,1.00
2015.10.22 07:10:11.023,9.2829,9.28487,1.12,1.00
2015.10.22 07:10:11.362,9.28282,9.28487,1.12,1.00
2015.10.22 07:10:11.464,9.28275,9.28487,1.82,1.00
2015.10.22 07:10:12.244,9.28283,9.28487,1.12,1.00
2015.10.22 07:10:12.722,9.28291,9.28487,1.12,1.00
2015.10.22 07:10:13.245,9.28291,9.28503,1.87,1.00
2015.10.22 07:10:13.448,9.28291,9.28488,1.12,1.00
2015.10.22 07:10:13.766,9.28278,9.28488,1.12,1.00
2015.10.22 07:10:14.450,9.28276,9.28488,1.45,1.00
2015.10.22 07:10:14.754,9.28276,9.28488,1.37,1.00
2015.10.22 07:10:15.556,9.28278,9.28488,1.12,1.00
2015.10.22 07:10:15.876,9.2829,9.28488,1.12,1.00
2015.10.22 07:10:16.078,9.28292,9.28504,1.82,1.00
2015.10.22 07:10:16.181,9.28295,9.28504,1.12,1.00
2015.10.22 07:10:17.105,9.28293,9.28503,1.12,1.00
2015.10.22 07:10:18.284,9.28291,9.28503,1.75,1.00
2015.10.22 07:10:18.788,9.28278,9.28488,1.12,1.00
2015.10.22 07:10:19.099,9.28292,9.28488,1.12,1.00
2015.10.22 07:10:19.150,9.28296,9.28508,1.82,1.50
2015.10.22 07:10:19.445,9.28306,9.28508,1.12,1.00
2015.10.22 07:10:19.550,9.28311,9.28523,1.45,1.00
2015.10.22 07:10:19.754,9.28306,9.28504,1.12,1.00
2015.10.22 07:10:20.291,9.28293,9.28504,1.12,1.00
2015.10.22 07:10:20.662,9.28308,9.2852,1.37,1.00
2015.10.22 07:10:21.062,9.28308,9.2852,1.87,1.00
2015.10.22 07:10:21.398,9.28321,9.2852,1.12,1.00
2015.10.22 07:10:21.953,9.28308,9.28513,1.12,1.00
2015.10.22 07:10:22.055,9.28308,9.28513,1.12,1.00
2015.10.22 07:10:23.254,9.28301,9.28513,1.45,1.00
2015.10.22 07:10:23.557,9.28373,9.28513,2.10,1.00
2015.10.22 07:10:23.659,9.28376,9.28565,2.10,1.00
2015.10.22 07:10:23.761,9.28391,9.28603,1.60,1.00
2015.10.22 07:10:23.812,9.28391,9.28598,1.67,1.00
2015.10.22 07:10:23.964,9.28414,9.28626,1.60,1.00
2015.10.22 07:10:24.066,9.28434,9.28646,1.60,1.00
2015.10.22 07:10:24.117,9.28434,9.28646,1.60,1.00
2015.10.22 07:10:24.329,9.28445,9.28646,1.00,1.00
2015.10.22 07:10:24.382,9.28466,9.28678,1.00,1.00
2015.10.22 07:10:24.686,9.28445,9.28657,1.00,1.00
2015.10.22 07:10:24.990,9.28445,9.28657,1.00,1.37
2015.10.22 07:10:25.092,9.28428,9.28639,1.00,1.07
2015.10.22 07:10:25.194,9.28447,9.28645,1.00,1.07
2015.10.22 07:10:25.244,9.28447,9.28645,1.00,1.00
2015.10.22 07:10:25.295,9.28425,9.28625,1.00,1.00
2015.10.22 07:10:25.397,9.28445,9.28657,1.00,1.00
2015.10.22 07:10:25.499,9.28459,9.28657,1.00,1.00
2015.10.22 07:10:25.807,9.28445,9.28657,1.00,1.00
2015.10.22 07:10:26.162,9.28439,9.28642,1.00,1.00
2015.10.22 07:10:26.468,9.28439,9.28642,1.00,1.75
2015.10.22 07:10:26.569,9.28439,9.28642,1.00,1.00
2015.10.22 07:10:27.109,9.28439,9.28642,1.00,1.75
2015.10.22 07:10:27.211,9.28439,9.28642,1.07,1.00
2015.10.22 07:10:27.521,9.28432,9.28642,1.12,1.00
2015.10.22 07:10:27.572,9.28444,9.28656,1.37,1.00
2015.10.22 07:10:27.775,9.28458,9.2867,1.00,1.00
2015.10.22 07:10:28.121,9.28458,9.2867,1.00,1.75
2015.10.22 07:10:28.274,9.28437,9.28649,1.00,1.82
2015.10.22 07:10:28.499,9.28395,9.28607,1.00,1.00
2015.10.22 07:10:28.601,9.2838,9.28592,1.00,1.00
2015.10.22 07:10:28.905,9.28365,9.28579,1.00,1.00
2015.10.22 07:10:29.006,9.28333,9.28547,1.07,1.00
2015.10.22 07:10:29.310,9.28324,9.28521,1.12,1.00
2015.10.22 07:10:29.632,9.28363,9.28521,1.12,1.00
2015.10.22 07:10:29.734,9.28316,9.28521,1.12,1.00
2015.10.22 07:10:29.953,9.28316,9.28504,1.12,1.00
2015.10.22 07:10:30.698,9.28316,9.28523,1.12,1.00
2015.10.22 07:10:31.273,9.28302,9.28509,1.12,1.00
2015.10.22 07:10:32.792,9.28314,9.28526,1.37,1.00
2015.10.22 07:10:33.116,9.28302,9.2851,1.12,1.00
2015.10.22 07:10:33.672,9.28287,9.28494,1.12,1.00
2015.10.22 07:10:33.774,9.28299,9.28511,1.37,1.00
2015.10.22 07:10:34.306,9.28293,9.28488,1.12,1.00
2015.10.22 07:10:35.330,9.28293,9.28488,1.12,1.00
2015.10.22 07:10:35.600,9.2829,9.28502,1.87,1.00
2015.10.22 07:10:36.022,9.2829,9.28502,1.50,1.00
2015.10.22 07:10:36.180,9.2829,9.28479,1.12,1.00
2015.10.22 07:10:36.535,9.28284,9.28485,1.75,1.00
2015.10.22 07:10:37.011,9.28289,9.28485,1.12,1.00
2015.10.22 07:10:37.567,9.28335,9.28499,1.12,1.00
2015.10.22 07:10:37.618,9.28335,9.28515,1.12,1.00
2015.10.22 07:10:37.770,9.28308,9.28515,1.12,1.00
2015.10.22 07:10:38.112,9.28308,9.285,1.12,1.00
2015.10.22 07:10:38.776,9.28282,9.28486,1.12,1.00
2015.10.22 07:10:38.979,9.28274,9.28486,1.00,1.00
2015.10.22 07:10:39.030,9.28246,9.28458,1.82,1.00
2015.10.22 07:10:39.182,9.28244,9.28444,1.00,1.00
2015.10.22 07:10:39.233,9.28244,9.28432,1.00,1.00
2015.10.22 07:10:39.389,9.28234,9.28432,1.00,1.00
2015.10.22 07:10:39.591,9.28244,9.28432,1.00,1.00
2015.10.22 07:10:39.927,9.28244,9.28418,1.00,1.00
2015.10.22 07:10:40.028,9.28223,9.28418,1.37,1.00
2015.10.22 07:10:40.130,9.28214,9.28399,1.57,1.00
2015.10.22 07:10:40.333,9.28244,9.28414,1.00,1.00
2015.10.22 07:10:41.204,9.28234,9.28414,1.00,1.00
2015.10.22 07:10:41.357,9.28243,9.28414,1.00,1.00
2015.10.22 07:10:41.610,9.28244,9.28429,1.00,1.00
2015.10.22 07:10:41.965,9.28234,9.28429,1.37,1.00
2015.10.22 07:10:42.089,9.28234,9.28411,1.37,1.00
2015.10.22 07:10:42.661,9.28224,9.28411,1.37,1.00
2015.10.22 07:10:44.026,9.28203,9.28411,1.82,1.00
2015.10.22 07:10:44.128,9.28199,9.28394,1.12,1.00
2015.10.22 07:10:44.230,9.28203,9.28408,1.12,1.00
2015.10.22 07:10:45.257,9.28204,9.28408,1.87,1.00
2015.10.22 07:10:45.462,9.28204,9.28408,1.87,1.00
2015.10.22 07:10:46.218,9.28204,9.28408,1.12,1.00
2015.10.22 07:10:46.960,9.28219,9.28408,1.12,1.00
2015.10.22 07:10:47.268,9.28252,9.28408,1.12,1.00
2015.10.22 07:10:47.319,9.28252,9.28422,1.12,1.00
2015.10.22 07:10:47.909,9.28272,9.28422,1.12,1.00
2015.10.22 07:10:48.220,9.28303,9.28436,1.12,1.00
2015.10.22 07:10:48.322,9.28303,9.28458,1.12,1.00
2015.10.22 07:10:48.525,9.28282,9.28458,1.12,1.00
2015.10.22 07:10:49.731,9.28275,9.28458,1.12,1.00
2015.10.22 07:10:50.015,9.28267,9.28458,1.12,1.00
2015.10.22 07:10:50.122,9.28267,9.28478,1.12,1.00
2015.10.22 07:10:50.685,9.28287,9.28478,1.12,1.00
2015.10.22 07:10:51.114,9.28329,9.28478,1.12,1.00
2015.10.22 07:10:51.419,9.2835,9.28479,1.12,1.00
2015.10.22 07:10:51.941,9.2835,9.28507,1.12,1.00
2015.10.22 07:10:52.182,9.2835,9.2849,1.12,1.00
2015.10.22 07:10:52.283,9.28336,9.2849,1.12,1.00
2015.10.22 07:10:52.655,9.28336,9.28511,1.12,1.00
2015.10.22 07:10:53.610,9.28326,9.28511,1.12,1.00
2015.10.22 07:10:55.248,9.28299,9.28511,1.37,1.00
2015.10.22 07:10:55.454,9.28284,9.28493,1.12,1.00
2015.10.22 07:10:59.272,9.28296,9.28508,1.37,1.00
2015.10.22 07:10:59.492,9.28284,9.28494,1.12,1.00
2015.10.22 07:11:01.889,9.28287,9.28499,1.82,1.00
2015.10.22 07:11:02.497,9.28287,9.28499,1.15,1.00
2015.10.22 07:11:02.549,9.28287,9.28499,1.07,1.00
2015.10.22 07:11:03.960,9.28264,9.28476,1.82,1.00
2015.10.22 07:11:05.722,9.28268,9.28476,1.12,1.00
2015.10.22 07:11:06.009,9.28264,9.28476,1.82,1.00
2015.10.22 07:11:06.702,9.28264,9.28476,1.87,1.00
2015.10.22 07:11:07.559,9.28264,9.28476,1.82,1.00
2015.10.22 07:11:08.470,9.28266,9.28476,1.12,1.00
2015.10.22 07:11:09.232,9.28264,9.28476,1.82,1.00
2015.10.22 07:11:10.000,9.28266,9.28476,1.12,1.00
2015.10.22 07:11:10.964,9.28264,9.28476,1.85,1.00
2015.10.22 07:11:11.732,9.28267,9.28476,1.12,1.00
2015.10.22 07:11:12.531,9.28264,9.28476,1.82,1.00
2015.10.22 07:11:13.716,9.28278,9.2849,1.75,1.00
2015.10.22 07:11:19.432,9.2827,9.28476,1.12,1.00
2015.10.22 07:11:19.881,9.28264,9.28476,1.82,1.00
2015.10.22 07:11:20.430,9.28268,9.28476,1.12,1.00
2015.10.22 07:11:20.736,9.28278,9.2849,1.57,1.00
2015.10.22 07:11:20.787,9.28278,9.2849,1.82,1.00
2015.10.22 07:11:21.203,9.28278,9.2849,1.37,1.00
2015.10.22 07:11:21.429,9.28264,9.28475,1.12,1.00
2015.10.22 07:11:21.839,9.28269,9.28481,1.82,1.00
2015.10.22 07:11:22.193,9.28277,9.28481,1.12,1.00
2015.10.22 07:11:23.344,9.28285,9.28497,1.75,1.00
2015.10.22 07:11:23.756,9.28285,9.28497,1.37,1.00
2015.10.22 07:11:24.495,9.28285,9.28497,1.07,1.00
2015.10.22 07:11:24.947,9.28264,9.28476,1.82,1.00
2015.10.22 07:11:25.683,9.28278,9.28492,1.07,1.00
2015.10.22 07:11:25.835,9.28265,9.28477,1.75,1.00
2015.10.22 07:11:26.430,9.28279,9.28491,1.15,1.00
2015.10.22 07:11:26.481,9.28279,9.28491,1.82,1.00
2015.10.22 07:11:27.463,9.28284,9.28491,1.12,1.00
2015.10.22 07:11:27.514,9.28296,9.28508,1.37,1.00
2015.10.22 07:11:27.717,9.28284,9.28494,1.12,1.00
2015.10.22 07:11:34.836,9.28296,9.28508,1.37,1.00
2015.10.22 07:11:42.054,9.28294,9.28506,1.50,1.00
2015.10.22 07:12:01.914,9.28288,9.285,1.82,1.00
2015.10.22 07:12:21.813,9.28287,9.28499,1.82,1.00
2015.10.22 07:12:30.709,9.28287,9.28499,1.37,1.00
2015.10.22 07:12:30.760,9.28305,9.28517,1.00,1.00
2015.10.22 07:12:31.553,9.28285,9.28497,1.87,1.00
2015.10.22 07:12:31.857,9.28285,9.28497,1.37,1.00
2015.10.22 07:12:31.959,9.28301,9.28513,1.07,1.00
2015.10.22 07:12:38.939,9.28287,9.28499,1.37,1.00
2015.10.22 07:12:40.690,9.28301,9.28513,1.07,1.00
2015.10.22 07:12:41.167,9.28281,9.28493,1.45,1.00
2015.10.22 07:12:41.269,9.28281,9.28493,1.00,1.00
2015.10.22 07:12:41.848,9.28283,9.28495,1.00,1.00
2015.10.22 07:12:44.246,9.28298,9.2851,1.00,1.00
2015.10.22 07:12:44.752,9.28278,9.28486,1.10,1.00
2015.10.22 07:12:45.339,9.2829,9.28502,1.00,1.00
2015.10.22 07:12:46.180,9.28269,9.28481,1.07,1.00
2015.10.22 07:12:46.952,9.28284,9.28496,1.00,1.00
2015.10.22 07:12:47.155,9.28264,9.28476,1.87,1.00
2015.10.22 07:12:47.459,9.28264,9.28476,1.00,1.00
2015.10.22 07:12:47.561,9.28249,9.28463,1.07,1.00
2015.10.22 07:12:48.124,9.28249,9.28463,1.37,1.00
2015.10.22 07:12:48.397,9.28249,9.28463,1.07,1.00
2015.10.22 07:12:48.448,9.28249,9.28463,1.37,1.00
2015.10.22 07:12:48.702,9.28265,9.28477,1.00,1.00
2015.10.22 07:12:48.753,9.28265,9.28477,1.07,1.00
2015.10.22 07:12:48.809,9.28283,9.28495,1.00,1.00
2015.10.22 07:12:48.961,9.28269,9.28481,1.07,1.00
2015.10.22 07:12:49.499,9.28269,9.28481,1.00,1.00
2015.10.22 07:12:50.479,9.28254,9.28468,1.00,1.00
2015.10.22 07:12:50.580,9.28269,9.28481,1.00,1.00
2015.10.22 07:12:50.884,9.28255,9.28467,1.00,1.00
2015.10.22 07:12:51.494,9.28256,9.28468,1.00,1.00
2015.10.22 07:12:51.800,9.28271,9.28483,1.00,1.00
2015.10.22 07:12:52.687,9.28255,9.28467,1.00,1.00
2015.10.22 07:12:52.991,9.28239,9.28451,1.37,1.00
2015.10.22 07:12:53.313,9.28239,9.28451,1.57,1.00
2015.10.22 07:12:53.364,9.28258,9.2847,1.07,1.00
2015.10.22 07:12:53.465,9.28272,9.28484,1.00,1.00
2015.10.22 07:12:53.516,9.28272,9.28484,1.37,1.00
2015.10.22 07:12:53.928,9.28272,9.28484,1.00,1.00
2015.10.22 07:12:54.261,9.28288,9.285,1.00,1.00
2015.10.22 07:12:54.581,9.28271,9.28483,1.00,1.00
2015.10.22 07:12:55.022,9.28285,9.28497,1.00,1.00
2015.10.22 07:12:55.381,9.28268,9.2848,1.37,1.00
2015.10.22 07:12:55.482,9.28282,9.28494,1.12,1.00
2015.10.22 07:12:56.227,9.28282,9.28494,1.37,1.00
2015.10.22 07:12:56.379,9.28298,9.2851,1.10,1.00
2015.10.22 07:12:56.481,9.28298,9.2851,1.37,1.00
2015.10.22 07:12:58.586,9.28312,9.28524,1.00,1.00
2015.10.22 07:12:58.889,9.28329,9.28541,1.00,1.00
2015.10.22 07:13:01.843,9.28343,9.28555,1.00,1.00
2015.10.22 07:13:02.150,9.28346,9.28558,1.00,1.00
2015.10.22 07:13:02.712,9.2836,9.28572,1.00,1.00
2015.10.22 07:13:05.588,9.28366,9.28572,1.00,1.00
2015.10.22 07:13:05.690,9.28386,9.28598,1.00,1.00
2015.10.22 07:13:15.218,9.28399,9.28613,1.00,1.07
2015.10.22 07:13:21.971,9.28407,9.28619,1.00,1.07
2015.10.22 07:13:26.236,9.28393,9.28605,1.00,1.00
2015.10.22 07:13:29.262,9.28407,9.28619,1.00,1.07
2015.10.22 07:13:32.980,9.28393,9.28605,1.00,1.00
2015.10.22 07:13:33.282,9.28407,9.28619,1.00,1.07
2015.10.22 07:13:41.904,9.2841,9.28622,1.00,1.37
2015.10.22 07:13:42.214,9.2841,9.28622,1.00,1.07
2015.10.22 07:13:42.558,9.2841,9.28622,1.00,1.00
2015.10.22 07:13:54.768,9.2841,9.28622,1.00,1.07
2015.10.22 07:13:55.976,9.2841,9.28622,1.00,1.37
2015.10.22 07:13:59.719,9.2841,9.28622,1.00,1.07
2015.10.22 07:13:59.929,9.2841,9.28622,1.00,1.00
2015.10.22 07:14:01.812,9.28408,9.2862,1.00,1.00
2015.10.22 07:14:02.239,9.28423,9.28635,1.00,1.00
2015.10.22 07:14:02.544,9.28437,9.28649,1.00,1.07
2015.10.22 07:14:02.731,9.28422,9.28634,1.00,1.00
2015.10.22 07:14:04.342,9.28437,9.28649,1.00,1.00
2015.10.22 07:14:06.143,9.28454,9.28666,1.00,1.07
2015.10.22 07:14:06.194,9.28454,9.28666,1.00,1.00
2015.10.22 07:14:06.451,9.2847,9.28682,1.00,1.37
2015.10.22 07:14:06.553,9.2847,9.28682,1.00,1.07
2015.10.22 07:14:13.929,9.2847,9.28682,1.07,1.00
2015.10.22 07:14:14.230,9.2847,9.28682,1.00,1.10
2015.10.22 07:14:15.203,9.2847,9.28682,1.07,1.10
2015.10.22 07:14:15.507,9.28493,9.28701,1.12,1.00
2015.10.22 07:14:15.558,9.2851,9.28722,1.37,1.00
2015.10.22 07:14:15.710,9.28513,9.28722,1.12,1.00
2015.10.22 07:14:16.015,9.28536,9.28738,1.12,1.00
2015.10.22 07:14:16.117,9.28526,9.28738,1.00,1.00
2015.10.22 07:14:16.168,9.28539,9.28753,1.00,1.00
2015.10.22 07:14:16.359,9.28554,9.28766,1.00,1.00
2015.10.22 07:14:17.058,9.28569,9.28781,1.00,1.00
2015.10.22 07:14:17.856,9.28571,9.28781,1.12,1.00
2015.10.22 07:14:17.958,9.28585,9.28797,1.37,1.00
2015.10.22 07:14:18.060,9.28571,9.28782,1.12,1.00
2015.10.22 07:14:18.315,9.28556,9.28764,1.97,1.00
2015.10.22 07:14:18.367,9.28552,9.28744,1.05,1.00
2015.10.22 07:14:18.468,9.28552,9.28759,1.05,1.00
2015.10.22 07:14:18.519,9.28575,9.28759,1.60,1.00
2015.10.22 07:14:18.570,9.28595,9.28807,1.00,1.00
2015.10.22 07:14:18.672,9.28616,9.28828,1.00,1.00
2015.10.22 07:14:19.129,9.28647,9.28859,1.00,1.00
2015.10.22 07:14:19.767,9.28629,9.28843,1.00,1.00
2015.10.22 07:14:21.966,9.28635,9.28847,1.00,1.00
2015.10.22 07:14:22.310,9.28649,9.28861,1.00,1.00
2015.10.22 07:14:24.568,9.28634,9.28846,1.00,1.00
2015.10.22 07:14:33.316,9.28514,9.28654,1.50,2.10
2015.10.22 07:14:33.621,9.28395,9.28478,1.27,1.00
2015.10.22 07:14:33.672,9.28395,9.285,1.27,1.00
2015.10.22 07:14:33.723,9.2836,9.285,1.60,1.00
2015.10.22 07:14:33.774,9.28371,9.28524,2.10,1.00
2015.10.22 07:14:33.875,9.28376,9.28501,2.10,1.00
2015.10.22 07:14:34.071,9.28376,9.28543,2.10,1.00
2015.10.22 07:14:34.124,9.28376,9.28543,1.00,1.00
2015.10.22 07:14:34.175,9.28376,9.28563,1.00,1.00
2015.10.22 07:14:34.276,9.28376,9.28581,1.00,1.00
2015.10.22 07:14:34.378,9.28464,9.28611,1.00,1.00
2015.10.22 07:14:34.480,9.28464,9.28626,1.00,1.00
2015.10.22 07:14:34.582,9.28464,9.28593,1.00,1.00
2015.10.22 07:14:34.684,9.28464,9.28608,1.00,1.00
2015.10.22 07:14:34.785,9.28464,9.28627,1.00,1.00
2015.10.22 07:14:34.836,9.28413,9.28627,1.00,1.00
2015.10.22 07:14:35.184,9.28398,9.2861,1.00,1.00
2015.10.22 07:14:35.387,9.28392,9.28606,1.00,1.00
2015.10.22 07:14:35.489,9.28378,9.2859,1.00,1.00
2015.10.22 07:14:35.793,9.28325,9.28537,1.00,1.00
2015.10.22 07:14:36.099,9.28308,9.2852,1.00,1.00
2015.10.22 07:14:36.595,9.28273,9.28485,1.00,1.00
2015.10.22 07:14:42.109,9.28269,9.28481,1.00,1.00
2015.10.22 07:14:43.486,9.28253,9.28465,1.00,1.00
2015.10.22 07:14:43.790,9.28253,9.28465,1.07,1.00
2015.10.22 07:14:44.915,9.28236,9.28448,1.45,1.00
2015.10.22 07:14:45.775,9.28225,9.28427,1.12,1.00
2015.10.22 07:14:47.115,9.28226,9.28427,1.12,1.00
2015.10.22 07:14:48.417,9.28219,9.28431,1.82,1.00
2015.10.22 07:14:48.469,9.28219,9.28431,1.45,1.00
2015.10.22 07:14:49.336,9.28227,9.28431,1.12,1.00
2015.10.22 07:14:50.188,9.28223,9.28431,1.12,1.00
2015.10.22 07:14:51.112,9.28227,9.28413,1.12,1.00
2015.10.22 07:14:51.214,9.28218,9.28427,1.12,1.00
2015.10.22 07:14:51.468,9.28232,9.28427,1.12,1.00
2015.10.22 07:14:51.772,9.28248,9.28427,1.12,1.00
2015.10.22 07:14:52.042,9.28248,9.28441,1.12,1.00
2015.10.22 07:14:52.904,9.28248,9.28422,1.12,1.00
2015.10.22 07:14:53.057,9.28221,9.28422,1.12,1.00
2015.10.22 07:14:53.108,9.28224,9.28438,1.82,1.00
2015.10.22 07:14:53.412,9.28222,9.28417,1.12,1.00
2015.10.22 07:14:53.773,9.2824,9.28448,2.05,1.00
2015.10.22 07:14:53.824,9.28264,9.28466,1.05,1.00
2015.10.22 07:14:53.926,9.28292,9.28504,1.00,1.00
2015.10.22 07:14:54.027,9.28306,9.28518,1.00,1.00
2015.10.22 07:14:54.331,9.2832,9.28532,1.00,1.00
2015.10.22 07:14:54.635,9.28336,9.28548,1.00,1.00
2015.10.22 07:14:55.069,9.28365,9.28577,1.00,1.00
2015.10.22 07:14:55.380,9.28369,9.28581,1.00,1.00
2015.10.22 07:14:55.685,9.28404,9.28581,1.00,1.00
2015.10.22 07:14:56.234,9.28404,9.28581,1.07,1.00
2015.10.22 07:14:56.538,9.28389,9.28599,1.12,1.00
2015.10.22 07:14:56.589,9.28405,9.28599,1.12,1.00
2015.10.22 07:14:56.640,9.28403,9.28615,1.75,1.00
2015.10.22 07:14:56.691,9.28403,9.28615,1.37,1.00
2015.10.22 07:14:56.742,9.2842,9.28632,1.10,1.00
2015.10.22 07:14:56.804,9.28434,9.28646,1.00,1.00
2015.10.22 07:14:57.552,9.28416,9.28628,1.07,1.00
2015.10.22 07:14:57.735,9.28416,9.28628,1.00,1.00
2015.10.22 07:14:57.836,9.28411,9.28614,1.00,1.00
2015.10.22 07:14:58.323,9.28421,9.28614,1.00,1.00
2015.10.22 07:14:59.259,9.28421,9.28599,1.00,1.00
2015.10.22 07:14:59.580,9.28387,9.28599,1.00,1.00
2015.10.22 07:14:59.833,9.28386,9.28585,1.00,1.00
2015.10.22 07:15:00.328,9.28419,9.28585,1.00,1.00
2015.10.22 07:15:00.836,9.28384,9.28585,1.00,1.00
2015.10.22 07:15:00.938,9.28373,9.28585,1.00,1.00
2015.10.22 07:15:01.040,9.28398,9.2861,1.00,1.00
2015.10.22 07:15:01.365,9.28411,9.28609,1.00,1.00
2015.10.22 07:15:01.589,9.28397,9.28609,1.00,1.00
2015.10.22 07:15:01.641,9.28397,9.28605,1.00,1.00
2015.10.22 07:15:01.742,9.28373,9.28585,1.00,1.00
2015.10.22 07:15:01.844,9.28356,9.28568,1.00,1.00
2015.10.22 07:15:02.148,9.28324,9.28536,1.00,1.00
2015.10.22 07:15:03.047,9.2831,9.28522,1.10,1.00
2015.10.22 07:15:05.618,9.2831,9.28522,1.07,1.00
2015.10.22 07:15:05.928,9.2831,9.28522,1.00,1.00
2015.10.22 07:15:07.842,9.28277,9.28489,1.45,1.00
2015.10.22 07:15:08.247,9.28266,9.28475,1.12,1.00
2015.10.22 07:15:10.049,9.28263,9.28475,1.45,1.00
2015.10.22 07:15:11.216,9.28265,9.28475,1.12,1.00
2015.10.22 07:15:11.470,9.28263,9.28475,1.45,1.00
2015.10.22 07:15:12.213,9.28266,9.28475,1.12,1.00
2015.10.22 07:15:12.594,9.28269,9.28461,1.12,1.00
2015.10.22 07:15:13.776,9.28259,9.28461,1.12,1.00
2015.10.22 07:15:14.299,9.28259,9.28446,1.12,1.00
2015.10.22 07:15:15.315,9.28239,9.28446,1.12,1.00
2015.10.22 07:15:16.301,9.28251,9.28446,1.12,1.00
2015.10.22 07:15:16.755,9.2824,9.28446,1.12,1.00
2015.10.22 07:15:17.732,9.28244,9.28446,1.12,1.00
2015.10.22 07:15:18.282,9.28234,9.28446,1.82,1.00
2015.10.22 07:15:19.264,9.28239,9.28446,1.12,1.00
2015.10.22 07:15:19.914,9.2824,9.28446,1.12,1.00
2015.10.22 07:15:21.895,9.2824,9.28444,1.12,1.00
2015.10.22 07:15:22.240,9.28232,9.28444,1.75,1.00
2015.10.22 07:15:22.292,9.28232,9.28444,1.37,1.00
2015.10.22 07:15:22.575,9.28254,9.28444,1.00,1.00
2015.10.22 07:15:22.899,9.28274,9.28444,1.10,1.00
2015.10.22 07:15:23.781,9.28274,9.28444,1.07,1.00
2015.10.22 07:15:24.086,9.28284,9.28444,1.00,1.00
2015.10.22 07:15:24.137,9.28244,9.28444,1.82,1.00
2015.10.22 07:15:24.239,9.28252,9.28444,1.12,1.00
2015.10.22 07:15:24.735,9.2826,9.28444,1.12,1.00
2015.10.22 07:15:24.990,9.28254,9.28444,1.12,1.00
2015.10.22 07:15:25.717,9.28254,9.28458,1.12,1.00
2015.10.22 07:15:26.054,9.28246,9.28458,1.37,1.00
2015.10.22 07:15:26.892,9.28284,9.28458,1.00,1.00
2015.10.22 07:15:27.097,9.28264,9.28458,1.10,1.00
2015.10.22 07:15:27.249,9.28264,9.28458,1.17,1.00
2015.10.22 07:15:27.592,9.28268,9.28458,1.12,1.00
2015.10.22 07:15:29.285,9.28261,9.28458,1.12,1.00
2015.10.22 07:15:29.488,9.28246,9.28458,1.82,1.00
2015.10.22 07:15:29.741,9.28246,9.28458,1.37,1.00
2015.10.22 07:15:30.046,9.28246,9.28458,1.00,1.00
2015.10.22 07:15:31.010,9.28227,9.28441,1.12,1.00
2015.10.22 07:15:31.061,9.28227,9.28441,1.00,1.00
2015.10.22 07:15:31.113,9.28208,9.2842,1.00,1.00
2015.10.22 07:15:31.812,9.28181,9.28393,1.00,1.00
2015.10.22 07:15:32.239,9.28181,9.28393,1.47,1.00
2015.10.22 07:15:32.543,9.28187,9.28393,1.12,1.00
2015.10.22 07:15:33.225,9.28181,9.28393,1.45,1.00
2015.10.22 07:15:34.772,9.28181,9.28393,1.07,1.00
2015.10.22 07:15:35.933,9.28164,9.28376,1.37,1.00
2015.10.22 07:15:35.984,9.28164,9.28376,1.37,1.00
2015.10.22 07:15:36.035,9.28148,9.2836,1.82,1.00
2015.10.22 07:15:37.290,9.28148,9.2836,1.07,1.00
2015.10.22 07:15:38.526,9.28148,9.2836,1.00,1.00
2015.10.22 07:15:38.844,9.28132,9.28344,1.37,1.00
2015.10.22 07:15:39.842,9.28115,9.28312,1.12,1.00
2015.10.22 07:15:41.261,9.28115,9.28298,1.12,1.00
2015.10.22 07:15:41.695,9.2809,9.28298,1.12,1.00
2015.10.22 07:15:42.812,9.28109,9.28298,1.12,1.00
2015.10.22 07:15:43.269,9.28098,9.28298,1.12,1.00
2015.10.22 07:15:44.775,9.28092,9.28298,1.12,1.00
2015.10.22 07:15:46.216,9.28086,9.28298,1.45,1.00
2015.10.22 07:15:47.199,9.28094,9.28298,1.82,1.00
2015.10.22 07:15:47.505,9.28095,9.28283,1.12,1.00
2015.10.22 07:15:47.825,9.28095,9.28283,1.12,1.00
2015.10.22 07:15:48.754,9.28088,9.28283,1.12,1.00
2015.10.22 07:15:49.934,9.28097,9.28283,1.12,1.00
2015.10.22 07:15:50.289,9.28083,9.28283,1.12,1.00
2015.10.22 07:15:51.301,9.28091,9.28283,1.12,1.00
2015.10.22 07:15:51.738,9.28087,9.28283,1.12,1.00
2015.10.22 07:15:52.875,9.28096,9.28283,1.12,1.00
2015.10.22 07:15:53.785,9.28084,9.28283,1.12,1.00
2015.10.22 07:15:54.436,9.28094,9.28297,1.45,1.00
2015.10.22 07:15:55.001,9.28085,9.28297,1.37,1.00
2015.10.22 07:15:55.578,9.28074,9.28283,1.12,1.00
2015.10.22 07:15:55.781,9.28071,9.28283,1.45,1.00
2015.10.22 07:15:55.986,9.28074,9.28283,1.45,1.00
2015.10.22 07:15:56.352,9.28071,9.28283,1.00,1.00
2015.10.22 07:15:56.504,9.28064,9.28269,1.15,1.00
2015.10.22 07:15:56.852,9.28057,9.28269,1.57,1.00
2015.10.22 07:15:57.156,9.28063,9.28249,1.12,1.00
2015.10.22 07:15:57.460,9.28064,9.28249,1.12,1.00
2015.10.22 07:15:57.902,9.2806,9.28249,1.12,1.00
2015.10.22 07:15:58.773,9.28037,9.28249,1.45,1.00
2015.10.22 07:15:58.976,9.28037,9.28249,1.82,1.00
2015.10.22 07:15:59.525,9.28022,9.28234,1.37,1.00
2015.10.22 07:16:00.754,9.28022,9.28234,1.00,1.00
2015.10.22 07:16:01.399,9.28023,9.28234,1.00,1.00
2015.10.22 07:16:01.716,9.28023,9.2822,1.00,1.00
2015.10.22 07:16:02.071,9.28008,9.2822,1.07,1.00
2015.10.22 07:16:02.228,9.28004,9.28207,1.37,1.00
2015.10.22 07:16:02.280,9.28004,9.28207,1.00,1.00
2015.10.22 07:16:02.726,9.28024,9.28207,1.00,1.00
2015.10.22 07:16:03.081,9.27993,9.28207,1.45,1.00
2015.10.22 07:16:03.234,9.28013,9.28225,1.17,1.00
2015.10.22 07:16:03.285,9.28013,9.28225,1.45,1.00
2015.10.22 07:16:03.762,9.28013,9.28225,1.75,1.00
2015.10.22 07:16:03.842,9.28016,9.28228,1.07,1.00
2015.10.22 07:16:04.045,9.28016,9.28228,1.07,1.00
2015.10.22 07:16:05.459,9.28016,9.28228,1.10,1.00
2015.10.22 07:16:06.828,9.28002,9.28214,1.00,1.00
2015.10.22 07:16:07.129,9.28004,9.28214,1.00,1.00
2015.10.22 07:16:07.552,9.28004,9.28214,1.07,1.00
2015.10.22 07:16:07.801,9.28004,9.28214,1.07,1.00
2015.10.22 07:16:08.004,9.28002,9.28214,1.37,1.00
2015.10.22 07:16:08.105,9.28016,9.28228,1.07,1.00
2015.10.22 07:16:08.156,9.28016,9.28228,1.15,1.00
2015.10.22 07:16:08.460,9.28016,9.28228,1.82,1.00
2015.10.22 07:16:08.561,9.28016,9.28228,1.57,1.00
2015.10.22 07:16:09.782,9.28016,9.28228,1.37,1.00
2015.10.22 07:16:10.105,9.28016,9.28228,1.75,1.00
2015.10.22 07:16:10.409,9.28026,9.28214,1.12,1.00
2015.10.22 07:16:10.613,9.28029,9.28228,1.12,1.00
2015.10.22 07:16:11.314,9.28024,9.28228,1.12,1.00
2015.10.22 07:16:11.669,9.28042,9.28228,1.12,1.00
2015.10.22 07:16:12.001,9.28055,9.28228,1.12,1.00
2015.10.22 07:16:13.066,9.28023,9.28228,1.12,1.00
2015.10.22 07:16:13.757,9.28016,9.28228,1.45,1.00
2015.10.22 07:16:14.416,9.28022,9.28228,1.12,1.00
2015.10.22 07:16:14.720,9.28038,9.28228,1.12,1.00
2015.10.22 07:16:15.282,9.28037,9.28242,1.12,1.00
2015.10.22 07:16:15.536,9.28037,9.28227,1.12,1.00
2015.10.22 07:16:16.069,9.28037,9.28241,1.12,1.00
2015.10.22 07:16:17.035,9.28034,9.28241,1.12,1.00
2015.10.22 07:16:17.482,9.28035,9.28241,1.12,1.00
2015.10.22 07:16:17.862,9.28056,9.28241,1.12,1.00
2015.10.22 07:16:18.166,9.28065,9.28238,1.12,1.00
2015.10.22 07:16:18.572,9.28019,9.28223,1.12,1.00
2015.10.22 07:16:18.774,9.28023,9.28223,1.12,1.00
2015.10.22 07:16:19.270,9.28023,9.28122,1.12,2.10
2015.10.22 07:16:19.575,9.27944,9.28077,1.07,2.10
2015.10.22 07:16:19.626,9.27887,9.28076,1.82,2.10
2015.10.22 07:16:19.677,9.27887,9.28076,1.82,2.10
2015.10.22 07:16:19.728,9.27884,9.28057,1.12,1.00
2015.10.22 07:16:19.880,9.27854,9.28036,1.00,1.12
2015.10.22 07:16:20.303,9.27854,9.27971,1.00,2.10
2015.10.22 07:16:20.405,9.27845,9.27968,1.00,2.10
2015.10.22 07:16:20.456,9.27831,9.27968,1.00,2.10
2015.10.22 07:16:20.507,9.27831,9.27964,1.00,2.10
2015.10.22 07:16:20.558,9.27816,9.27964,1.00,2.17
2015.10.22 07:16:20.609,9.27816,9.27944,1.00,2.10
2015.10.22 07:16:20.660,9.27738,9.27944,1.00,2.17
2015.10.22 07:16:20.762,9.27722,9.27934,1.00,1.97
2015.10.22 07:16:20.813,9.27722,9.27934,1.00,1.97
2015.10.22 07:16:20.864,9.27708,9.2792,1.00,1.60
2015.10.22 07:16:20.966,9.27694,9.27897,1.00,1.00
2015.10.22 07:16:21.068,9.27673,9.27881,1.00,1.00
2015.10.22 07:16:21.169,9.27673,9.27865,1.00,1.00
2015.10.22 07:16:21.372,9.27653,9.27865,1.00,1.00
2015.10.22 07:16:21.527,9.27653,9.27865,1.00,1.37
2015.10.22 07:16:21.730,9.27653,9.27865,1.00,1.00
2015.10.22 07:16:21.933,9.27654,9.27862,1.00,1.00
2015.10.22 07:16:22.238,9.27651,9.27863,1.00,1.00
2015.10.22 07:16:22.492,9.27651,9.27847,1.00,1.00
2015.10.22 07:16:22.543,9.27615,9.27827,1.00,1.00
2015.10.22 07:16:23.083,9.27615,9.27827,1.00,1.07
2015.10.22 07:16:23.134,9.27601,9.27813,1.00,1.07
2015.10.22 07:16:23.337,9.27584,9.27796,1.00,1.07
2015.10.22 07:16:24.047,9.27584,9.27796,1.00,1.00
2015.10.22 07:16:24.301,9.27584,9.27796,1.00,1.07
2015.10.22 07:16:24.544,9.27584,9.27796,1.00,1.00
2015.10.22 07:16:25.518,9.27584,9.27796,1.00,1.37
2015.10.22 07:16:25.569,9.27569,9.27781,1.00,1.07
2015.10.22 07:16:25.671,9.27569,9.27781,1.00,1.82
2015.10.22 07:16:26.022,9.27555,9.27767,1.00,1.07
2015.10.22 07:16:26.389,9.27536,9.27748,1.00,1.00
2015.10.22 07:16:27.590,9.27521,9.27733,1.00,1.00
2015.10.22 07:16:31.580,9.27505,9.27717,1.00,1.00
2015.10.22 07:16:32.115,9.27582,9.27794,1.00,1.00
2015.10.22 07:16:32.890,9.27601,9.27813,1.00,1.00
2015.10.22 07:16:41.694,9.27616,9.27828,1.00,1.00
2015.10.22 07:16:41.897,9.2762,9.27834,1.00,1.00
2015.10.22 07:16:41.999,9.2762,9.27834,1.07,1.00
2015.10.22 07:16:42.202,9.2762,9.27834,1.00,1.00
2015.10.22 07:16:43.546,9.2762,9.27834,1.37,1.00
2015.10.22 07:16:45.003,9.27626,9.27834,1.12,1.00
2015.10.22 07:16:45.206,9.27646,9.2786,1.50,1.00
2015.10.22 07:16:45.307,9.27668,9.2788,1.00,1.00
2015.10.22 07:16:45.358,9.27672,9.2788,1.00,1.00
2015.10.22 07:16:45.409,9.27692,9.27904,1.00,1.00
2015.10.22 07:16:45.713,9.27708,9.2792,1.00,1.00
2015.10.22 07:16:46.512,9.27724,9.27936,1.00,1.00
2015.10.22 07:16:58.357,9.27724,9.27936,1.00,1.60
2015.10.22 07:16:58.813,9.27724,9.27936,1.00,1.60
2015.10.22 07:16:59.016,9.2771,9.27922,1.00,1.60
2015.10.22 07:17:00.551,9.2771,9.27922,1.00,1.00
2015.10.22 07:17:01.934,9.27705,9.27917,1.00,1.00
2015.10.22 07:17:07.112,9.27719,9.27933,1.00,1.00
2015.10.22 07:17:08.409,9.27721,9.27933,1.00,1.00
2015.10.22 07:17:08.732,9.27741,9.27953,1.00,1.12
2015.10.22 07:17:09.131,9.27722,9.27934,1.00,1.00
2015.10.22 07:17:10.055,9.27706,9.27918,1.00,1.00
2015.10.22 07:17:10.841,9.27721,9.27935,1.00,1.00
2015.10.22 07:17:12.078,9.27708,9.2792,1.00,1.00
2015.10.22 07:17:12.383,9.27675,9.27887,1.00,1.00
2015.10.22 07:17:12.890,9.27613,9.27824,1.12,1.00
2015.10.22 07:17:13.198,9.27579,9.27783,1.12,1.00
2015.10.22 07:17:13.531,9.27558,9.27754,1.12,1.00
2015.10.22 07:17:13.736,9.27558,9.27754,1.12,1.00
2015.10.22 07:17:13.839,9.27558,9.27741,1.12,1.00
2015.10.22 07:17:13.941,9.27543,9.27755,1.75,1.00
2015.10.22 07:17:13.993,9.27543,9.27755,1.00,1.00
2015.10.22 07:17:14.044,9.27534,9.27738,1.50,1.00
2015.10.22 07:17:14.096,9.27526,9.27738,1.00,1.00
2015.10.22 07:17:14.147,9.27505,9.2771,1.75,1.00
2015.10.22 07:17:14.572,9.27483,9.27695,1.37,1.00
2015.10.22 07:17:14.778,9.27483,9.27695,1.00,1.00
2015.10.22 07:17:14.980,9.27483,9.27695,1.07,1.00
2015.10.22 07:17:15.184,9.27463,9.27674,1.00,1.00
2015.10.22 07:17:15.286,9.27448,9.2766,1.00,1.00
2015.10.22 07:17:15.388,9.27434,9.27643,1.50,1.00
2015.10.22 07:17:15.704,9.27434,9.27629,1.50,1.00
2015.10.22 07:17:16.009,9.27366,9.27578,1.82,1.00
2015.10.22 07:17:16.313,9.27365,9.27559,1.12,1.00
2015.10.22 07:17:16.616,9.27365,9.27543,1.12,1.00
2015.10.22 07:17:17.072,9.27365,9.27529,1.12,1.00
2015.10.22 07:17:17.174,9.27365,9.27545,1.12,1.00
2015.10.22 07:17:17.275,9.27365,9.27566,1.12,1.00
2015.10.22 07:17:17.571,9.27352,9.27532,1.12,1.00
2015.10.22 07:17:17.876,9.27352,9.27518,1.12,1.00
2015.10.22 07:17:18.180,9.27329,9.27466,1.12,1.00
2015.10.22 07:17:18.282,9.27298,9.27466,1.12,1.00
2015.10.22 07:17:18.592,9.27298,9.27449,1.12,1.00
2015.10.22 07:17:18.897,9.27298,9.27435,1.12,1.00
2015.10.22 07:17:19.050,9.27259,9.27435,1.12,1.00
2015.10.22 07:17:19.473,9.27192,9.274,1.12,1.00
2015.10.22 07:17:19.525,9.27192,9.27368,1.12,1.00
2015.10.22 07:17:19.829,9.27192,9.27339,1.12,1.00
2015.10.22 07:17:20.133,9.27192,9.27287,1.12,1.00
2015.10.22 07:17:21.043,9.2718,9.27287,1.12,1.00
2015.10.22 07:17:21.195,9.2718,9.27272,1.12,1.00
2015.10.22 07:17:21.507,9.27165,9.27237,1.12,1.00
2015.10.22 07:17:21.913,9.27165,9.27216,1.12,1.00
2015.10.22 07:17:22.015,9.27143,9.27216,1.12,1.00
2015.10.22 07:17:22.455,9.2714,9.27216,1.12,1.00
2015.10.22 07:17:22.810,9.2714,9.272,1.12,1.00
2015.10.22 07:17:22.911,9.27118,9.272,1.12,1.00
2015.10.22 07:17:23.013,9.27101,9.27186,1.12,1.00
2015.10.22 07:17:23.115,9.27108,9.27186,1.12,1.00
2015.10.22 07:17:23.391,9.27107,9.27188,1.12,1.00
2015.10.22 07:17:24.001,9.27115,9.27188,1.12,1.00
2015.10.22 07:17:24.503,9.2709,9.27205,1.12,1.00
2015.10.22 07:17:24.554,9.2709,9.27205,1.12,1.00
2015.10.22 07:17:24.909,9.27065,9.27205,1.12,1.00
2015.10.22 07:17:25.525,9.2707,9.27205,1.12,1.00
2015.10.22 07:17:26.183,9.27056,9.27205,1.12,1.00
2015.10.22 07:17:26.983,9.27065,9.27205,1.12,1.00
2015.10.22 07:17:27.189,9.27064,9.27205,1.82,1.00
2015.10.22 07:17:27.729,9.27068,9.27205,1.12,1.00
2015.10.22 07:17:28.033,9.27073,9.27205,1.12,1.00
2015.10.22 07:17:28.540,9.27054,9.27205,1.12,1.00
2015.10.22 07:17:28.912,9.27052,9.27205,1.12,1.00
2015.10.22 07:17:29.065,9.27049,9.27205,1.12,1.00
2015.10.22 07:17:29.116,9.27062,9.2722,1.12,1.00
2015.10.22 07:17:29.168,9.27072,9.2722,1.12,1.00
2015.10.22 07:17:29.272,9.27053,9.2722,1.12,1.00
2015.10.22 07:17:29.969,9.27072,9.2722,1.12,1.00
2015.10.22 07:17:30.630,9.27089,9.2722,1.12,1.00
2015.10.22 07:17:30.850,9.2707,9.2722,1.12,1.00
2015.10.22 07:17:31.311,9.2707,9.27205,1.12,1.00
2015.10.22 07:17:31.463,9.27063,9.27205,1.12,1.00
2015.10.22 07:17:31.515,9.27063,9.27221,1.12,1.00
2015.10.22 07:17:31.906,9.27043,9.27221,1.12,1.00
2015.10.22 07:17:33.118,9.27043,9.27206,1.12,1.00
2015.10.22 07:17:33.925,9.27056,9.27206,1.12,1.00
2015.10.22 07:17:34.446,9.27042,9.27206,1.12,1.00
2015.10.22 07:17:34.699,9.27028,9.27206,1.12,1.00
2015.10.22 07:17:34.985,9.27028,9.27206,1.12,1.00
2015.10.22 07:17:35.239,9.27014,9.27206,1.37,1.00
2015.10.22 07:17:35.441,9.27023,9.27206,1.82,1.00
2015.10.22 07:17:35.759,9.27035,9.27206,1.12,1.00
2015.10.22 07:17:36.290,9.27035,9.27206,1.12,1.00
2015.10.22 07:17:38.655,9.27049,9.27206,1.12,1.00
2015.10.22 07:17:39.142,9.27049,9.27192,1.12,1.00
2015.10.22 07:17:39.628,9.27029,9.27192,1.12,1.00
2015.10.22 07:17:39.729,9.27023,9.27192,1.50,1.00
2015.10.22 07:17:41.850,9.27014,9.27195,1.82,1.00
2015.10.22 07:17:43.025,9.27015,9.27195,1.12,1.00
2015.10.22 07:17:43.278,9.27004,9.27195,1.12,1.00
2015.10.22 07:17:45.879,9.27001,9.27195,1.12,1.00
2015.10.22 07:17:47.121,9.27016,9.27195,1.12,1.00
2015.10.22 07:17:47.436,9.27034,9.27195,1.82,1.00
2015.10.22 07:17:48.415,9.27016,9.27195,1.12,1.00
2015.10.22 07:17:48.818,9.27035,9.27195,1.12,1.00
2015.10.22 07:17:48.870,9.27045,9.27218,1.12,1.00
2015.10.22 07:17:52.666,9.27045,9.27235,1.12,1.00
2015.10.22 07:17:56.784,9.27048,9.27235,1.12,1.00
2015.10.22 07:17:58.224,9.27046,9.27235,1.12,1.00
2015.10.22 07:17:58.669,9.27072,9.27235,1.12,1.00
2015.10.22 07:17:58.720,9.27086,9.2725,1.12,1.00
2015.10.22 07:17:58.771,9.27096,9.2725,1.12,1.00
2015.10.22 07:17:59.095,9.27096,9.27264,1.12,1.00
2015.10.22 07:18:00.502,9.27093,9.27264,1.12,1.00
2015.10.22 07:18:01.009,9.27093,9.27264,1.12,1.00
2015.10.22 07:18:01.212,9.27096,9.27278,1.12,1.00
2015.10.22 07:18:01.314,9.27096,9.27293,1.12,1.00
2015.10.22 07:18:02.094,9.27096,9.27296,1.12,1.00
2015.10.22 07:18:05.938,9.271,9.27312,1.82,1.00
2015.10.22 07:18:07.559,9.271,9.27312,1.87,1.00
2015.10.22 07:18:09.376,9.27115,9.27327,1.37,1.00
2015.10.22 07:18:09.428,9.27129,9.27341,1.00,1.00
2015.10.22 07:18:09.632,9.27144,9.27356,1.00,1.00
2015.10.22 07:18:09.936,9.27158,9.2737,1.07,1.00
2015.10.22 07:18:10.419,9.27167,9.27364,1.12,1.00
2015.10.22 07:18:10.729,9.27196,9.27364,1.12,1.00
2015.10.22 07:18:10.780,9.27173,9.27364,1.12,1.00
2015.10.22 07:18:12.032,9.27175,9.27387,1.82,1.00
2015.10.22 07:18:12.286,9.27175,9.27387,1.82,1.00
2015.10.22 07:18:12.791,9.27215,9.27373,1.12,1.00
2015.10.22 07:18:13.098,9.27252,9.27397,1.12,1.00
2015.10.22 07:18:13.251,9.27252,9.27414,1.12,1.00
2015.10.22 07:18:13.827,9.27252,9.27433,1.12,1.00
2015.10.22 07:18:14.060,9.27252,9.27413,1.12,1.00
2015.10.22 07:18:14.263,9.27248,9.27413,1.12,1.00
2015.10.22 07:18:15.149,9.27238,9.27427,1.12,1.00
2015.10.22 07:18:15.252,9.27233,9.27427,1.12,1.00
2015.10.22 07:18:16.708,9.27215,9.27427,1.50,1.00
2015.10.22 07:18:16.760,9.27231,9.27443,1.07,1.00
2015.10.22 07:18:18.176,9.27215,9.27427,1.50,1.00
2015.10.22 07:18:18.227,9.27215,9.27427,1.07,1.00
2015.10.22 07:18:19.202,9.27215,9.27427,1.75,1.00
2015.10.22 07:18:20.475,9.27234,9.27446,1.10,1.00
2015.10.22 07:18:20.526,9.27234,9.27446,1.75,1.00
2015.10.22 07:18:20.846,9.27295,9.27446,1.12,1.00
2015.10.22 07:18:21.049,9.27295,9.27461,1.12,1.00
2015.10.22 07:18:21.201,9.27295,9.27461,1.12,1.00
2015.10.22 07:18:21.354,9.27286,9.27478,1.12,1.00
2015.10.22 07:18:21.782,9.27286,9.27464,1.12,1.00
2015.10.22 07:18:22.294,9.27286,9.27465,1.12,1.00
2015.10.22 07:18:23.000,9.27271,9.27465,1.12,1.00
2015.10.22 07:18:23.103,9.27271,9.27482,1.12,1.00
2015.10.22 07:18:23.205,9.27284,9.27496,1.37,1.00
2015.10.22 07:18:23.257,9.27271,9.27482,1.12,1.00
2015.10.22 07:18:23.562,9.27295,9.27504,1.12,1.00
2015.10.22 07:18:23.968,9.27326,9.27504,1.12,1.00
2015.10.22 07:18:24.070,9.27326,9.27518,1.12,1.00
2015.10.22 07:18:24.375,9.27326,9.27533,1.12,1.00
2015.10.22 07:18:24.477,9.27339,9.27551,1.37,1.00
2015.10.22 07:18:24.705,9.27376,9.27571,1.12,1.00
2015.10.22 07:18:24.908,9.27419,9.27616,1.12,1.00
2015.10.22 07:18:25.063,9.27419,9.27601,1.12,1.00
2015.10.22 07:18:25.931,9.27414,9.27601,1.12,1.00
2015.10.22 07:18:26.297,9.27428,9.27601,1.12,1.00
2015.10.22 07:18:26.500,9.27428,9.27618,1.12,1.00
2015.10.22 07:18:26.810,9.27404,9.27618,1.87,1.00
2015.10.22 07:18:27.064,9.27404,9.27618,1.60,1.00
2015.10.22 07:18:27.167,9.27404,9.27618,1.60,1.00
2015.10.22 07:18:27.218,9.27422,9.27634,1.60,1.00
2015.10.22 07:18:27.270,9.27445,9.27657,1.00,1.00
2015.10.22 07:18:27.371,9.27461,9.27673,1.07,1.00
2015.10.22 07:18:27.478,9.27479,9.27691,1.00,1.00
2015.10.22 07:18:27.742,9.27479,9.27691,1.75,1.00
2015.10.22 07:18:27.794,9.27479,9.27693,1.82,1.00
2015.10.22 07:18:28.059,9.27505,9.27693,1.12,1.00
2015.10.22 07:18:28.110,9.27505,9.27708,1.12,1.00
2015.10.22 07:18:28.211,9.27512,9.27724,1.45,1.00
2015.10.22 07:18:28.262,9.27512,9.27724,1.37,1.00
2015.10.22 07:18:28.364,9.27515,9.27724,1.12,1.00
2015.10.22 07:18:29.455,9.27533,9.27724,1.12,1.00
2015.10.22 07:18:29.810,9.27529,9.27743,1.82,1.00
2015.10.22 07:18:30.679,9.27527,9.27725,1.12,1.00
2015.10.22 07:18:30.781,9.27513,9.27725,1.07,1.00
2015.10.22 07:18:31.162,9.27513,9.27725,1.82,1.00
2015.10.22 07:18:31.467,9.27543,9.27739,1.12,1.00
2015.10.22 07:18:32.024,9.27532,9.27739,1.12,1.00
2015.10.22 07:18:32.283,9.2755,9.27739,1.12,1.00
2015.10.22 07:18:32.590,9.27543,9.27736,1.12,1.00
2015.10.22 07:18:32.995,9.27576,9.27752,1.12,1.00
2015.10.22 07:18:33.527,9.27567,9.27752,1.12,1.00
2015.10.22 07:18:33.629,9.27567,9.27771,1.12,1.00
2015.10.22 07:18:34.438,9.27559,9.27771,1.37,1.00
2015.10.22 07:18:34.973,9.27559,9.27771,1.00,1.00
2015.10.22 07:18:36.038,9.27545,9.27757,1.00,1.00
2015.10.22 07:18:36.713,9.27525,9.27713,1.07,1.00
2015.10.22 07:18:36.765,9.27512,9.27713,1.00,1.00
2015.10.22 07:18:36.816,9.27532,9.27744,1.00,1.00
2015.10.22 07:18:36.868,9.27532,9.27736,1.00,1.00
2015.10.22 07:18:36.919,9.27504,9.27716,1.00,1.00
2015.10.22 07:18:36.970,9.27504,9.27705,1.00,1.00
2015.10.22 07:18:37.022,9.27473,9.27685,1.00,1.00
2015.10.22 07:18:37.124,9.27459,9.27671,1.00,1.00
2015.10.22 07:18:37.429,9.2741,9.27622,1.00,1.00
2015.10.22 07:18:37.782,9.27396,9.27608,1.00,1.00
2015.10.22 07:18:38.846,9.27382,9.27594,1.00,1.00
2015.10.22 07:18:39.454,9.27363,9.27575,1.00,1.00
2015.10.22 07:18:39.857,9.27378,9.2759,1.00,1.00
2015.10.22 07:18:40.205,9.27417,9.27613,1.00,1.00
2015.10.22 07:18:40.256,9.27429,9.27643,1.00,1.00
2015.10.22 07:18:40.410,9.27461,9.27658,1.00,1.00
2015.10.22 07:18:40.512,9.27476,9.27688,1.00,1.00
2015.10.22 07:18:40.716,9.27461,9.27674,1.00,1.00
2015.10.22 07:18:41.555,9.27469,9.27674,1.00,1.00
2015.10.22 07:18:41.860,9.27469,9.27659,1.00,1.00
2015.10.22 07:18:42.409,9.27469,9.27674,1.00,1.37
2015.10.22 07:18:42.564,9.27462,9.27674,1.00,1.97
2015.10.22 07:18:42.615,9.27448,9.2766,1.00,1.70
2015.10.22 07:18:42.666,9.27448,9.27657,1.00,1.05
2015.10.22 07:18:42.717,9.27433,9.27645,1.00,1.07
2015.10.22 07:18:42.768,9.27433,9.27645,1.00,1.00
2015.10.22 07:18:42.820,9.27414,9.27626,1.00,1.00
2015.10.22 07:18:43.125,9.27396,9.27608,1.00,1.00
2015.10.22 07:18:43.507,9.27382,9.27594,1.00,1.00
2015.10.22 07:18:43.814,9.27401,9.27613,1.00,1.00
2015.10.22 07:18:48.836,9.27415,9.27627,1.00,1.00
2015.10.22 07:18:49.741,9.27415,9.27627,1.07,1.00
2015.10.22 07:18:50.397,9.27415,9.27627,1.00,1.00
2015.10.22 07:18:55.877,9.27399,9.27611,1.00,1.00
2015.10.22 07:18:58.277,9.27399,9.27611,1.00,1.07
2015.10.22 07:18:58.481,9.27381,9.27593,1.00,1.00
2015.10.22 07:18:59.771,9.27396,9.27608,1.00,1.00
2015.10.22 07:19:01.906,9.27388,9.276,1.00,1.00
2015.10.22 07:19:02.210,9.27373,9.27585,1.00,1.00
2015.10.22 07:19:03.295,9.27388,9.276,1.00,1.00
2015.10.22 07:19:10.597,9.27372,9.27584,1.00,1.00
2015.10.22 07:19:10.921,9.27352,9.2756,1.00,1.00
2015.10.22 07:19:10.973,9.27348,9.2756,1.00,1.00
2015.10.22 07:19:11.378,9.27334,9.27546,1.00,1.00
2015.10.22 07:19:11.717,9.27316,9.27528,1.00,1.00
2015.10.22 07:19:11.976,9.27291,9.27505,1.00,1.00
2015.10.22 07:19:12.587,9.27272,9.27484,1.00,1.00
2015.10.22 07:19:17.806,9.27256,9.27468,1.00,1.00
2015.10.22 07:19:21.630,9.27236,9.27448,1.00,1.00
2015.10.22 07:19:22.081,9.27206,9.2742,1.00,1.00
2015.10.22 07:19:22.417,9.27193,9.27405,1.37,1.00
2015.10.22 07:19:22.721,9.27208,9.2742,1.00,1.00
2015.10.22 07:19:24.042,9.27194,9.27406,1.00,1.00
2015.10.22 07:19:24.346,9.2718,9.27392,1.00,1.00
2015.10.22 07:19:24.675,9.27165,9.27377,1.00,1.00
2015.10.22 07:19:33.664,9.27151,9.27363,1.00,1.00
2015.10.22 07:19:34.324,9.27131,9.27343,1.50,1.00
2015.10.22 07:19:35.120,9.27099,9.27311,1.37,1.00
2015.10.22 07:19:35.525,9.27085,9.27296,1.12,1.00
2015.10.22 07:19:37.786,9.27084,9.27296,1.37,1.00
2015.10.22 07:19:38.987,9.27084,9.27296,1.07,1.00
2015.10.22 07:19:39.947,9.27069,9.27281,1.37,1.00
2015.10.22 07:19:40.295,9.27078,9.27281,1.12,1.00
2015.10.22 07:19:41.858,9.27078,9.27289,1.12,1.00
2015.10.22 07:19:44.520,9.27077,9.27289,1.45,1.00
2015.10.22 07:19:46.130,9.27077,9.27289,1.82,1.00
2015.10.22 07:19:46.232,9.27077,9.27289,1.45,1.00
2015.10.22 07:19:46.575,9.27069,9.27275,1.12,1.00
2015.10.22 07:19:46.676,9.27079,9.27291,1.37,1.00
2015.10.22 07:19:47.031,9.27079,9.27291,1.87,1.00
2015.10.22 07:19:47.371,9.2709,9.27291,1.12,1.00
2015.10.22 07:19:48.035,9.27079,9.27291,1.82,1.00
2015.10.22 07:19:50.745,9.27079,9.27291,1.37,1.00
2015.10.22 07:19:51.971,9.27088,9.27291,1.12,1.00
2015.10.22 07:19:53.752,9.27079,9.27291,1.82,1.00
2015.10.22 07:19:55.704,9.2709,9.27291,1.12,1.00
2015.10.22 07:19:57.009,9.27079,9.27291,1.82,1.00
2015.10.22 07:19:59.796,9.27097,9.27291,1.12,1.00
2015.10.22 07:20:00.982,9.27107,9.27291,1.12,1.00
2015.10.22 07:20:01.827,9.27107,9.27309,1.12,1.00
2015.10.22 07:20:02.214,9.27119,9.2731,1.12,1.00
2015.10.22 07:20:02.519,9.27122,9.27286,1.12,1.00
2015.10.22 07:20:03.771,9.27109,9.27286,1.12,1.00
2015.10.22 07:20:03.934,9.27109,9.27271,1.12,1.00
2015.10.22 07:20:04.837,9.27109,9.27285,1.12,1.00
2015.10.22 07:20:05.040,9.27109,9.27299,1.12,1.00
2015.10.22 07:20:05.589,9.27108,9.27299,1.12,1.00
2015.10.22 07:20:05.842,9.27108,9.27319,1.12,1.00
2015.10.22 07:20:06.255,9.27123,9.27319,1.12,1.00
2015.10.22 07:20:06.727,9.27118,9.27319,1.12,1.00
2015.10.22 07:20:06.829,9.27118,9.27301,1.12,1.00
2015.10.22 07:20:07.032,9.27118,9.27316,1.12,1.00
2015.10.22 07:20:07.134,9.27119,9.27331,1.82,1.00
2015.10.22 07:20:07.185,9.27119,9.2732,1.82,1.00
2015.10.22 07:20:07.594,9.27118,9.273,1.12,1.00
2015.10.22 07:20:07.899,9.27142,9.27306,1.12,1.00
2015.10.22 07:20:08.051,9.27119,9.27306,1.12,1.00
2015.10.22 07:20:10.464,9.27105,9.27306,1.12,1.00
2015.10.22 07:20:10.921,9.27113,9.27327,1.45,1.00
2015.10.22 07:20:11.291,9.27126,9.27327,1.12,1.00
2015.10.22 07:20:11.597,9.27126,9.2731,1.12,1.00
2015.10.22 07:20:12.606,9.27126,9.27294,1.12,1.00
2015.10.22 07:20:13.520,9.27109,9.27312,1.12,1.00
2015.10.22 07:20:13.824,9.27115,9.27329,1.57,1.00
2015.10.22 07:20:14.040,9.27109,9.27312,1.12,1.00
2015.10.22 07:20:14.525,9.27121,9.27312,1.12,1.00
2015.10.22 07:20:14.990,9.27112,9.27312,1.12,1.00
2015.10.22 07:20:15.460,9.27112,9.27298,1.12,1.00
2015.10.22 07:20:15.843,9.27112,9.27318,1.12,1.00
2015.10.22 07:20:15.945,9.27112,9.27318,1.12,1.00
2015.10.22 07:20:16.147,9.27133,9.27343,1.12,1.00
2015.10.22 07:20:16.375,9.27136,9.27348,1.82,1.00
2015.10.22 07:20:16.426,9.27133,9.27321,1.12,1.00
2015.10.22 07:20:16.528,9.27136,9.27348,1.82,1.00
2015.10.22 07:20:16.635,9.27133,9.27319,1.12,1.00
2015.10.22 07:20:16.949,9.27133,9.27302,1.12,1.00
2015.10.22 07:20:17.722,9.27133,9.27321,1.12,1.00
2015.10.22 07:20:18.454,9.27133,9.27308,1.12,1.00
2015.10.22 07:20:18.856,9.27133,9.27321,1.12,1.00
2015.10.22 07:20:19.428,9.27133,9.27307,1.12,1.00
2015.10.22 07:20:19.530,9.27133,9.27321,1.12,1.00
2015.10.22 07:20:19.755,9.27133,9.27307,1.12,1.00
2015.10.22 07:20:20.059,9.27133,9.27293,1.12,1.00
2015.10.22 07:20:20.467,9.27133,9.27301,1.12,1.00
2015.10.22 07:20:20.568,9.27119,9.27301,1.12,1.00
2015.10.22 07:20:20.619,9.27111,9.27301,1.12,1.00
2015.10.22 07:20:20.772,9.27111,9.27318,1.12,1.00
2015.10.22 07:20:21.111,9.27111,9.27318,1.12,1.00
2015.10.22 07:20:21.414,9.27133,9.27303,1.12,1.00
2015.10.22 07:20:21.465,9.27111,9.27303,1.12,1.00
2015.10.22 07:20:21.952,9.27111,9.27323,1.87,1.00
2015.10.22 07:20:22.113,9.27134,9.27323,1.12,1.00
2015.10.22 07:20:22.164,9.27134,9.27344,1.12,1.00
2015.10.22 07:20:22.215,9.27134,9.27336,1.12,1.00
2015.10.22 07:20:22.519,9.27134,9.27316,1.12,1.00
2015.10.22 07:20:23.020,9.27134,9.27302,1.12,1.00
2015.10.22 07:20:23.778,9.27134,9.27321,1.12,1.00
2015.10.22 07:20:24.342,9.27134,9.27307,1.12,1.00
2015.10.22 07:20:24.774,9.27119,9.27307,1.12,1.00
2015.10.22 07:20:25.162,9.27119,9.27326,1.12,1.00
2015.10.22 07:20:25.264,9.27141,9.27353,1.07,1.00
2015.10.22 07:20:25.315,9.27141,9.27353,1.37,1.00
2015.10.22 07:20:25.619,9.27127,9.27334,1.12,1.00
2015.10.22 07:20:25.943,9.27127,9.27314,1.12,1.00
2015.10.22 07:20:26.226,9.27146,9.27321,1.12,1.00
2015.10.22 07:20:26.582,9.27146,9.27307,1.12,1.00
2015.10.22 07:20:28.750,9.27118,9.27307,1.12,1.00
2015.10.22 07:20:29.352,9.27118,9.27307,1.12,1.00
2015.10.22 07:20:36.323,9.27134,9.27307,1.12,1.00
2015.10.22 07:20:36.677,9.27134,9.27292,1.12,1.00
2015.10.22 07:20:38.613,9.27107,9.27292,1.12,1.00
2015.10.22 07:20:38.715,9.27107,9.27314,1.12,1.00
2015.10.22 07:20:39.029,9.27107,9.27314,1.12,1.00
2015.10.22 07:20:40.431,9.27132,9.27295,1.12,1.00
2015.10.22 07:20:40.482,9.27104,9.27295,1.12,1.00
2015.10.22 07:20:40.735,9.27104,9.27311,1.12,1.00
2015.10.22 07:20:40.836,9.27125,9.27311,1.12,1.00
2015.10.22 07:20:41.235,9.27125,9.27311,1.12,1.00
2015.10.22 07:20:41.693,9.27142,9.27295,1.12,1.00
2015.10.22 07:20:41.795,9.27126,9.27295,1.12,1.00
2015.10.22 07:20:41.846,9.2712,9.27295,1.12,1.00
2015.10.22 07:20:41.897,9.2712,9.27301,1.12,1.00
2015.10.22 07:20:41.999,9.27121,9.27335,1.82,1.00
2015.10.22 07:20:42.368,9.2712,9.27311,1.12,1.00
2015.10.22 07:20:44.116,9.27124,9.27336,1.57,1.00
2015.10.22 07:20:44.319,9.2712,9.2732,1.12,1.00
2015.10.22 07:20:44.623,9.2712,9.27305,1.12,1.00
2015.10.22 07:20:45.196,9.2712,9.27298,1.12,1.00
2015.10.22 07:20:45.416,9.27121,9.27333,1.82,1.00
2015.10.22 07:20:45.517,9.27135,9.27347,1.37,1.00
2015.10.22 07:20:46.150,9.2712,9.2733,1.12,1.00
2015.10.22 07:20:46.510,9.27124,9.27331,1.82,1.00
2015.10.22 07:20:46.567,9.27145,9.27336,1.12,1.00
2015.10.22 07:20:46.777,9.27156,9.27336,1.12,1.00
2015.10.22 07:20:47.078,9.27156,9.27317,1.12,1.00
2015.10.22 07:20:47.433,9.27156,9.27299,1.12,1.00
2015.10.22 07:20:47.499,9.2714,9.27299,1.12,1.00
2015.10.22 07:20:47.722,9.27133,9.27299,1.12,1.00
2015.10.22 07:20:50.485,9.27114,9.27299,1.12,1.00
2015.10.22 07:20:50.536,9.27114,9.27313,1.12,1.00
2015.10.22 07:20:50.952,9.27122,9.27334,1.45,1.00
2015.10.22 07:20:51.255,9.27114,9.27317,1.12,1.00
2015.10.22 07:20:51.556,9.27139,9.27317,1.12,1.00
2015.10.22 07:20:51.874,9.27139,9.27303,1.12,1.00
2015.10.22 07:20:57.179,9.27139,9.27289,1.12,1.00
2015.10.22 07:20:57.331,9.27116,9.27289,1.12,1.00
2015.10.22 07:20:57.982,9.2711,9.27289,1.12,1.00
2015.10.22 07:20:58.236,9.27118,9.2733,1.45,1.00
2015.10.22 07:20:58.287,9.27118,9.2733,1.82,1.00
2015.10.22 07:20:58.338,9.27132,9.27344,1.87,1.00
2015.10.22 07:20:58.882,9.27132,9.2732,1.12,1.00
2015.10.22 07:20:59.226,9.27132,9.27298,1.12,1.00
2015.10.22 07:20:59.640,9.27108,9.27298,1.12,1.00
2015.10.22 07:20:59.742,9.27126,9.27298,1.12,1.00
2015.10.22 07:21:01.051,9.271,9.27298,1.12,1.00
2015.10.22 07:21:01.450,9.271,9.27284,1.12,1.00
2015.10.22 07:21:01.655,9.27109,9.27301,1.12,1.00
2015.10.22 07:21:01.858,9.27109,9.27304,1.12,1.00
2015.10.22 07:21:02.693,9.27109,9.2729,1.12,1.00
2015.10.22 07:21:03.199,9.27109,9.27306,1.12,1.00
2015.10.22 07:21:03.301,9.27109,9.27286,1.12,1.00
2015.10.22 07:21:03.658,9.27109,9.273,1.12,1.00
2015.10.22 07:21:04.458,9.27109,9.27286,1.12,1.00
2015.10.22 07:21:04.679,9.27116,9.2733,1.45,1.00
2015.10.22 07:21:04.780,9.27131,9.27343,1.07,1.00
2015.10.22 07:21:04.881,9.27131,9.27343,1.75,1.00
2015.10.22 07:21:05.363,9.2713,9.27325,1.12,1.00
2015.10.22 07:21:05.667,9.27133,9.27293,1.12,1.00
2015.10.22 07:21:05.769,9.27131,9.27293,1.12,1.00
2015.10.22 07:21:05.973,9.27127,9.27313,1.12,1.00
2015.10.22 07:21:06.024,9.27155,9.27313,1.12,1.00
2015.10.22 07:21:06.363,9.27155,9.27294,1.12,1.00
2015.10.22 07:21:06.529,9.27139,9.27294,1.12,1.00
2015.10.22 07:21:06.580,9.27127,9.27294,1.12,1.00
2015.10.22 07:21:07.585,9.27127,9.27319,1.12,1.00
2015.10.22 07:21:07.787,9.27137,9.27303,1.12,1.00
2015.10.22 07:21:08.536,9.27137,9.27303,1.12,1.00
2015.10.22 07:21:13.691,9.27137,9.27335,1.12,1.00
2015.10.22 07:21:13.792,9.27137,9.27321,1.12,1.00
2015.10.22 07:21:14.219,9.27137,9.27304,1.12,1.00
2015.10.22 07:21:18.540,9.27137,9.27319,1.12,1.00
2015.10.22 07:21:19.338,9.27137,9.27304,1.12,1.00
2015.10.22 07:21:21.729,9.27134,9.27304,1.12,1.00
2015.10.22 07:21:23.054,9.27151,9.27304,1.12,1.00
2015.10.22 07:21:23.575,9.27125,9.27304,1.12,1.00
2015.10.22 07:21:26.459,9.27123,9.27304,1.12,1.00
2015.10.22 07:21:28.980,9.27119,9.27304,1.12,1.00
2015.10.22 07:21:29.659,9.27116,9.27319,1.12,1.00
2015.10.22 07:21:30.508,9.27116,9.27319,1.12,1.00
2015.10.22 07:21:30.858,9.2715,9.27319,1.12,1.00
2015.10.22 07:21:33.255,9.2715,9.27334,1.12,1.00
2015.10.22 07:21:34.360,9.2715,9.27318,1.12,1.00
2015.10.22 07:21:34.918,9.27134,9.27318,1.12,1.00
2015.10.22 07:21:34.969,9.27123,9.27304,1.12,1.00
2015.10.22 07:21:36.026,9.27123,9.27304,1.12,1.00
2015.10.22 07:21:36.228,9.27117,9.27304,1.12,1.00
2015.10.22 07:21:36.279,9.2711,9.27304,1.12,1.00
2015.10.22 07:21:41.160,9.2711,9.2732,1.12,1.00
2015.10.22 07:21:41.373,9.2711,9.2732,1.12,1.00
2015.10.22 07:21:41.630,9.27115,9.27306,1.12,1.00
2015.10.22 07:21:41.681,9.27108,9.27306,1.12,1.00
2015.10.22 07:21:41.884,9.27111,9.27323,1.82,1.00
2015.10.22 07:21:41.985,9.27131,9.27315,1.12,1.00
2015.10.22 07:21:42.290,9.27121,9.27315,1.12,1.00
2015.10.22 07:21:43.492,9.27117,9.27315,1.12,1.00
2015.10.22 07:21:44.282,9.27124,9.27315,1.12,1.00
2015.10.22 07:21:47.253,9.27143,9.27315,1.12,1.00
2015.10.22 07:21:47.557,9.27153,9.27315,1.12,1.00
2015.10.22 07:21:48.869,9.27153,9.27331,1.12,1.00
2015.10.22 07:21:50.019,9.27162,9.27331,1.12,1.00
2015.10.22 07:21:51.011,9.2717,9.27331,1.12,1.00
2015.10.22 07:21:51.684,9.2717,9.27365,1.12,1.00
2015.10.22 07:21:51.786,9.27274,9.27486,1.00,1.00
2015.10.22 07:21:51.887,9.27288,9.275,1.00,1.00
2015.10.22 07:21:52.090,9.27308,9.27522,1.00,1.00
2015.10.22 07:21:52.293,9.27324,9.27536,1.00,1.37
2015.10.22 07:21:52.964,9.27338,9.2755,1.00,1.82
2015.10.22 07:21:53.942,9.27338,9.2755,1.00,1.45
2015.10.22 07:21:54.406,9.27352,9.27564,1.00,1.00
2015.10.22 07:21:56.066,9.2737,9.27584,1.00,1.50
2015.10.22 07:21:56.685,9.27351,9.27541,1.07,1.00
2015.10.22 07:21:56.990,9.2732,9.27506,1.12,1.00
2015.10.22 07:21:57.040,9.27298,9.27506,1.12,1.00
2015.10.22 07:21:57.486,9.27294,9.27506,1.82,1.00
2015.10.22 07:21:59.287,9.27293,9.27483,1.12,1.00
2015.10.22 07:22:00.340,9.27274,9.27483,1.82,1.00
2015.10.22 07:22:01.483,9.27293,9.27503,1.12,1.00
2015.10.22 07:22:01.534,9.27293,9.27505,1.12,1.00
2015.10.22 07:22:01.585,9.27308,9.2752,1.00,1.00
2015.10.22 07:22:01.889,9.27317,9.27529,1.00,1.00
2015.10.22 07:22:02.984,9.27317,9.27529,1.07,1.00
2015.10.22 07:22:05.287,9.27317,9.27529,1.00,1.00
2015.10.22 07:22:06.582,9.27334,9.27546,1.00,1.00
2015.10.22 07:22:15.319,9.27348,9.2756,1.00,1.00
2015.10.22 07:22:21.821,9.27362,9.27574,1.00,1.00
2015.10.22 07:22:21.923,9.27364,9.27578,1.00,1.00
2015.10.22 07:22:23.425,9.27351,9.27563,1.10,1.00
2015.10.22 07:22:25.521,9.27351,9.27563,1.07,1.00
2015.10.22 07:22:25.861,9.27349,9.27561,1.37,1.00
2015.10.22 07:22:26.281,9.27349,9.27561,1.07,1.00
2015.10.22 07:22:26.535,9.27365,9.27577,1.00,1.00
2015.10.22 07:22:27.486,9.27348,9.2756,1.07,1.00
2015.10.22 07:22:31.892,9.27333,9.27545,1.37,1.00
2015.10.22 07:22:34.815,9.27351,9.27563,1.10,1.00
2015.10.22 07:22:36.780,9.27337,9.27549,1.37,1.00
2015.10.22 07:22:37.750,9.27337,9.27549,1.82,1.00
2015.10.22 07:22:37.902,9.27355,9.27567,1.07,1.00
2015.10.22 07:22:37.953,9.27355,9.27567,1.37,1.00
2015.10.22 07:22:38.105,9.2737,9.27582,1.00,1.00
2015.10.22 07:22:38.312,9.2737,9.27582,1.85,1.00
2015.10.22 07:22:38.750,9.2737,9.27582,1.37,1.00
2015.10.22 07:22:38.952,9.27372,9.27582,1.12,1.00
2015.10.22 07:22:41.790,9.27375,9.27587,1.82,1.00
2015.10.22 07:22:43.486,9.27391,9.27603,1.37,1.00
2015.10.22 07:22:43.809,9.27374,9.27586,1.82,1.00
2015.10.22 07:22:45.428,9.27388,9.276,1.37,1.00
2015.10.22 07:22:50.439,9.27388,9.276,1.75,1.00
2015.10.22 07:22:50.751,9.27402,9.27584,1.12,1.00
2015.10.22 07:22:51.250,9.27402,9.276,1.12,1.00
2015.10.22 07:22:51.503,9.2742,9.276,1.12,1.00
2015.10.22 07:22:51.810,9.27447,9.276,1.12,1.00
2015.10.22 07:22:51.913,9.27447,9.27617,1.12,1.00
2015.10.22 07:22:54.110,9.27422,9.27617,1.12,1.00
2015.10.22 07:22:54.262,9.27412,9.27601,1.12,1.00
2015.10.22 07:22:54.851,9.27412,9.27617,1.12,1.00
2015.10.22 07:22:56.645,9.27412,9.27603,1.12,1.00
2015.10.22 07:22:56.950,9.27452,9.27603,1.12,1.00
2015.10.22 07:22:57.151,9.27446,9.2762,1.12,1.00
2015.10.22 07:22:57.202,9.27446,9.2762,1.12,1.00
2015.10.22 07:22:57.456,9.27446,9.27636,1.12,1.00
2015.10.22 07:22:57.861,9.27446,9.2762,1.12,1.00
2015.10.22 07:22:58.166,9.27461,9.2762,1.12,1.00
2015.10.22 07:22:58.535,9.27427,9.2762,1.12,1.00
2015.10.22 07:22:58.738,9.27427,9.27639,1.87,1.00
2015.10.22 07:22:58.908,9.27427,9.27636,1.12,1.00
2015.10.22 07:23:00.529,9.27424,9.27636,1.37,1.00
2015.10.22 07:23:01.212,9.27429,9.27636,1.12,1.00
2015.10.22 07:23:01.529,9.27439,9.27636,1.12,1.00
2015.10.22 07:23:01.732,9.27424,9.27636,1.37,1.00
2015.10.22 07:23:02.129,9.2742,9.27632,1.75,1.00
2015.10.22 07:23:02.433,9.27428,9.27618,1.12,1.00
2015.10.22 07:23:02.739,9.27438,9.27617,1.12,1.00
2015.10.22 07:23:03.042,9.27412,9.27617,1.12,1.00
2015.10.22 07:23:03.712,9.27405,9.27617,1.75,1.00
2015.10.22 07:23:03.764,9.27397,9.27599,1.12,1.00
2015.10.22 07:23:04.068,9.27397,9.27583,1.12,1.00
2015.10.22 07:23:04.271,9.27406,9.27601,1.12,1.00
2015.10.22 07:23:04.373,9.27406,9.27587,1.12,1.00
2015.10.22 07:23:04.567,9.27406,9.27587,1.12,1.00
2015.10.22 07:23:05.037,9.27384,9.27587,1.12,1.00
2015.10.22 07:23:05.239,9.27379,9.27587,1.12,1.00
2015.10.22 07:23:05.990,9.27393,9.27587,1.12,1.00
2015.10.22 07:23:06.450,9.2739,9.27587,1.12,1.00
2015.10.22 07:23:06.754,9.27391,9.27603,1.75,1.00
2015.10.22 07:23:07.004,9.27378,9.27589,1.12,1.00
2015.10.22 07:23:07.545,9.27381,9.27589,1.12,1.00
2015.10.22 07:23:07.849,9.27394,9.27589,1.12,1.00
2015.10.22 07:23:08.249,9.27423,9.27589,1.12,1.00
2015.10.22 07:23:08.558,9.2742,9.27589,1.12,1.00
2015.10.22 07:23:08.867,9.27398,9.27589,1.12,1.00
2015.10.22 07:23:09.716,9.27409,9.27589,1.12,1.00
2015.10.22 07:23:09.767,9.27419,9.27589,1.12,1.00
2015.10.22 07:23:09.970,9.27389,9.27589,1.12,1.00
2015.10.22 07:23:11.304,9.27379,9.27589,1.12,1.00
2015.10.22 07:23:11.670,9.27396,9.27589,1.12,1.00
2015.10.22 07:23:12.006,9.27406,9.27589,1.12,1.00
2015.10.22 07:23:12.309,9.27428,9.27589,1.12,1.00
2015.10.22 07:23:12.694,9.27397,9.27575,1.12,1.00
2015.10.22 07:23:13.255,9.27407,9.27575,1.12,1.00
2015.10.22 07:23:13.407,9.27407,9.27592,1.12,1.00
2015.10.22 07:23:13.458,9.27401,9.27586,1.12,1.00
2015.10.22 07:23:13.611,9.27401,9.27586,1.12,1.00
2015.10.22 07:23:13.901,9.27419,9.27604,1.12,1.00
2015.10.22 07:23:14.205,9.27419,9.2759,1.12,1.00
2015.10.22 07:23:14.459,9.27378,9.2759,1.87,1.00
2015.10.22 07:23:14.712,9.2737,9.27575,1.12,1.00
2015.10.22 07:23:15.025,9.27363,9.27575,1.12,1.00
2015.10.22 07:23:16.562,9.27363,9.27575,1.87,1.00
2015.10.22 07:23:17.849,9.27381,9.27575,1.12,1.00
2015.10.22 07:23:18.153,9.27415,9.2759,1.12,1.00
2015.10.22 07:23:18.496,9.27392,9.2759,1.12,1.00
2015.10.22 07:23:18.547,9.27392,9.2759,1.12,1.00
2015.10.22 07:23:19.253,9.2739,9.2759,1.12,1.00
2015.10.22 07:23:19.405,9.27404,9.27607,1.12,1.00
2015.10.22 07:23:19.456,9.27414,9.27607,1.12,1.00
2015.10.22 07:23:19.557,9.27408,9.27607,1.12,1.00
2015.10.22 07:23:19.608,9.27427,9.27607,1.12,1.00
2015.10.22 07:23:19.912,9.2742,9.27607,1.12,1.00
2015.10.22 07:23:19.963,9.2742,9.27607,1.12,1.00
2015.10.22 07:23:20.393,9.27404,9.27607,1.12,1.00
2015.10.22 07:23:23.406,9.27395,9.27607,1.37,1.00
2015.10.22 07:23:23.611,9.27403,9.27607,1.12,1.00
2015.10.22 07:23:27.226,9.27396,9.27607,1.12,1.00
2015.10.22 07:23:28.445,9.27402,9.27607,1.12,1.00
2015.10.22 07:23:28.751,9.27402,9.2759,1.12,1.00
2015.10.22 07:23:29.068,9.27429,9.2759,1.12,1.00
2015.10.22 07:23:29.370,9.27454,9.2759,1.12,1.00
2015.10.22 07:23:29.422,9.27454,9.27612,1.12,1.00
2015.10.22 07:23:29.777,9.27422,9.27612,1.12,1.00
2015.10.22 07:23:29.979,9.27425,9.27612,1.12,1.00
2015.10.22 07:23:32.471,9.27425,9.27632,1.12,1.00
2015.10.22 07:23:32.674,9.27425,9.27615,1.12,1.00
2015.10.22 07:23:32.977,9.27412,9.27615,1.12,1.00
2015.10.22 07:23:37.088,9.27397,9.276,1.12,1.00
2015.10.22 07:23:38.652,9.27397,9.27579,1.12,1.00
2015.10.22 07:23:39.127,9.27397,9.27579,1.12,1.00
2015.10.22 07:23:39.455,9.27389,9.27593,1.12,1.00
2015.10.22 07:23:39.506,9.27382,9.27593,1.12,1.00
2015.10.22 07:23:40.911,9.27382,9.27593,1.12,1.00
2015.10.22 07:23:40.962,9.27397,9.27607,1.12,1.00
2015.10.22 07:23:41.114,9.27397,9.27607,1.12,1.00
2015.10.22 07:23:41.165,9.27413,9.27622,1.12,1.00
2015.10.22 07:23:41.216,9.27413,9.27622,1.12,1.00
2015.10.22 07:23:41.674,9.2743,9.27622,1.12,1.00
2015.10.22 07:23:41.878,9.27426,9.27626,1.12,1.00
2015.10.22 07:23:41.981,9.2743,9.27642,1.75,1.00
2015.10.22 07:23:42.133,9.27438,9.27642,1.12,1.00
2015.10.22 07:23:42.669,9.27448,9.27642,1.37,1.00
2015.10.22 07:23:42.939,9.27448,9.27657,1.37,1.00
2015.10.22 07:23:42.990,9.27463,9.27675,1.37,1.00
2015.10.22 07:23:43.471,9.27448,9.2766,2.62,1.00
2015.10.22 07:23:44.013,9.27471,9.2766,1.12,1.00
2015.10.22 07:23:44.408,9.27471,9.2766,1.12,1.00
2015.10.22 07:23:44.661,9.27462,9.2766,1.12,1.00
2015.10.22 07:23:45.627,9.27462,9.2766,1.12,1.00
2015.10.22 07:23:45.969,9.27456,9.27641,1.12,1.00
2015.10.22 07:23:46.020,9.27429,9.27641,1.82,1.00
2015.10.22 07:23:46.071,9.27416,9.27626,1.12,1.00
2015.10.22 07:23:46.172,9.27414,9.27626,1.75,1.00
2015.10.22 07:23:46.831,9.27464,9.27626,1.00,1.00
2015.10.22 07:23:46.882,9.27464,9.27651,1.00,1.00
2015.10.22 07:23:46.983,9.27464,9.27669,1.00,1.00
2015.10.22 07:23:47.231,9.27464,9.27669,1.82,1.00
2015.10.22 07:23:47.535,9.27486,9.27669,1.12,1.00
2015.10.22 07:23:47.941,9.27457,9.27669,1.75,1.12
2015.10.22 07:23:47.993,9.27439,9.27651,1.00,1.00
2015.10.22 07:23:48.095,9.27418,9.2763,1.00,1.00
2015.10.22 07:23:48.444,9.27365,9.27577,1.00,1.00
2015.10.22 07:23:48.748,9.27351,9.27563,1.00,1.00
2015.10.22 07:23:49.052,9.27337,9.27549,1.00,1.00
2015.10.22 07:23:49.356,9.27313,9.27525,1.85,1.00
2015.10.22 07:23:49.949,9.27313,9.27525,1.82,1.00
2015.10.22 07:23:50.253,9.2733,9.27525,1.12,1.00
2015.10.22 07:23:50.456,9.2735,9.27525,1.12,1.00
2015.10.22 07:23:51.000,9.27358,9.27568,1.12,1.00
2015.10.22 07:23:51.153,9.27394,9.27568,1.12,1.00
2015.10.22 07:23:51.305,9.27394,9.27592,1.12,1.00
2015.10.22 07:23:51.356,9.27394,9.27592,1.12,1.00
2015.10.22 07:23:51.659,9.27427,9.27592,1.12,1.00
2015.10.22 07:23:51.710,9.2742,9.27592,1.12,1.00
2015.10.22 07:23:51.825,9.27442,9.27592,1.12,1.00
2015.10.22 07:23:52.076,9.2747,9.27638,1.12,1.00
2015.10.22 07:23:52.252,9.27453,9.27638,1.12,1.00
2015.10.22 07:23:52.781,9.27453,9.27638,1.12,1.00
2015.10.22 07:23:52.883,9.27438,9.27638,1.12,1.00
2015.10.22 07:23:52.934,9.27426,9.27638,1.75,1.00
2015.10.22 07:23:53.036,9.27418,9.27623,1.12,1.00
2015.10.22 07:23:53.346,9.27436,9.27608,1.12,1.00
2015.10.22 07:23:54.123,9.27436,9.27622,1.12,1.00
2015.10.22 07:23:54.195,9.27436,9.27622,1.12,1.00
2015.10.22 07:23:54.940,9.27428,9.2764,1.82,1.00
2015.10.22 07:23:54.992,9.27428,9.2764,1.82,1.00
2015.10.22 07:23:55.337,9.2745,9.2764,1.12,1.00
2015.10.22 07:23:55.665,9.27459,9.2764,1.12,1.00
2015.10.22 07:23:55.968,9.27454,9.2764,1.12,1.00
2015.10.22 07:23:56.374,9.27428,9.2764,1.75,1.00
2015.10.22 07:23:56.638,9.2742,9.27625,1.12,1.00
2015.10.22 07:23:56.869,9.27413,9.27625,1.82,1.00
2015.10.22 07:23:58.175,9.27413,9.27625,1.07,1.37
2015.10.22 07:23:58.226,9.27394,9.27606,1.00,1.00
2015.10.22 07:23:58.328,9.27377,9.27589,1.07,1.00
2015.10.22 07:23:58.662,9.27377,9.27589,1.82,1.00
2015.10.22 07:23:59.279,9.27377,9.27589,1.82,1.00
2015.10.22 07:23:59.431,9.27392,9.27604,1.82,1.00
2015.10.22 07:24:00.182,9.27392,9.27604,1.00,1.00
2015.10.22 07:24:00.233,9.27378,9.2759,1.10,1.00
2015.10.22 07:24:00.536,9.27378,9.2759,1.82,1.00
2015.10.22 07:24:01.467,9.27388,9.2759,1.12,1.00
2015.10.22 07:24:01.628,9.27392,9.27604,1.82,1.00
2015.10.22 07:24:01.836,9.27388,9.27602,1.87,1.00
2015.10.22 07:24:08.327,9.27388,9.27583,1.12,1.00
2015.10.22 07:24:08.429,9.27373,9.27583,1.12,1.00
2015.10.22 07:24:08.530,9.27386,9.27583,1.12,1.00
2015.10.22 07:24:10.142,9.27386,9.27569,1.12,1.00
2015.10.22 07:24:10.192,9.27357,9.27569,1.82,1.00
2015.10.22 07:24:10.395,9.27372,9.27569,1.12,1.00
2015.10.22 07:24:11.180,9.27385,9.27569,1.12,1.00
2015.10.22 07:24:11.231,9.27385,9.27583,1.12,1.00
2015.10.22 07:24:11.464,9.27385,9.27583,1.12,1.00
2015.10.22 07:24:12.171,9.27387,9.27583,1.12,1.00
2015.10.22 07:24:15.235,9.27374,9.27583,1.12,1.00
2015.10.22 07:24:15.446,9.27371,9.27583,1.75,1.00
2015.10.22 07:24:15.997,9.27371,9.27583,1.75,1.00
2015.10.22 07:24:16.250,9.27341,9.27553,1.00,1.37
2015.10.22 07:24:16.352,9.27321,9.27531,1.00,1.00
2015.10.22 07:24:16.403,9.27319,9.27531,1.00,1.00
2015.10.22 07:24:16.454,9.27305,9.27517,1.07,1.00
2015.10.22 07:24:17.208,9.27305,9.27517,1.75,1.00
2015.10.22 07:24:17.512,9.27336,9.27517,1.12,1.00
2015.10.22 07:24:17.664,9.27326,9.27517,1.12,1.00
2015.10.22 07:24:18.950,9.27337,9.27549,1.37,1.00
2015.10.22 07:24:19.279,9.27326,9.27532,1.12,1.00
2015.10.22 07:24:19.585,9.27334,9.27548,1.75,1.00
2015.10.22 07:24:21.864,9.27331,9.27543,1.82,1.00
2015.10.22 07:24:23.894,9.27331,9.27543,1.45,1.00
2015.10.22 07:24:25.373,9.27317,9.27529,1.37,1.00
2015.10.22 07:24:25.477,9.27317,9.27529,1.12,1.00
2015.10.22 07:24:25.579,9.27302,9.27514,1.82,1.00
2015.10.22 07:24:25.987,9.27318,9.2753,1.07,1.00
2015.10.22 07:24:26.141,9.27318,9.2753,1.82,1.00
2015.10.22 07:24:26.248,9.27318,9.2753,1.75,1.00
2015.10.22 07:24:26.890,9.27318,9.2753,1.75,1.00
2015.10.22 07:24:26.992,9.27332,9.27544,1.85,1.00
2015.10.22 07:24:27.996,9.27332,9.27544,1.37,1.00
2015.10.22 07:24:28.199,9.27332,9.27544,1.75,1.00
2015.10.22 07:24:28.784,9.27318,9.2753,1.82,1.00
2015.10.22 07:24:28.835,9.27318,9.2753,1.82,1.00
2015.10.22 07:24:29.408,9.27332,9.27544,1.37,1.00
2015.10.22 07:24:29.616,9.27332,9.27544,1.75,1.00
2015.10.22 07:24:29.718,9.27349,9.27561,1.37,1.00
2015.10.22 07:24:29.769,9.27364,9.27576,1.07,1.00
2015.10.22 07:24:29.975,9.27364,9.27576,1.07,1.00
2015.10.22 07:24:30.323,9.27364,9.27576,1.00,1.00
2015.10.22 07:24:30.806,9.27364,9.27514,1.00,2.10
2015.10.22 07:24:30.908,9.27344,9.27515,1.07,2.10
2015.10.22 07:24:30.960,9.2732,9.27514,1.12,2.10
2015.10.22 07:24:31.062,9.27302,9.275,1.12,1.00
2015.10.22 07:24:31.113,9.27296,9.27484,1.12,1.00
2015.10.22 07:24:31.164,9.27294,9.27484,1.12,1.00
2015.10.22 07:24:31.215,9.27288,9.27499,1.12,1.00
2015.10.22 07:24:31.266,9.27288,9.27499,1.12,1.00
2015.10.22 07:24:31.317,9.27321,9.27533,1.82,1.00
2015.10.22 07:24:31.419,9.27337,9.27549,1.37,1.00
2015.10.22 07:24:31.644,9.27366,9.27578,1.00,1.00
2015.10.22 07:24:32.322,9.27366,9.27514,1.00,2.10
2015.10.22 07:24:32.373,9.27366,9.27516,1.00,2.10
2015.10.22 07:24:32.425,9.2733,9.27515,1.50,2.10
2015.10.22 07:24:32.476,9.2733,9.27512,1.07,2.10
2015.10.22 07:24:32.527,9.27308,9.27513,1.12,1.00
2015.10.22 07:24:32.578,9.27308,9.27491,1.12,1.00
2015.10.22 07:24:32.830,9.27346,9.27558,1.00,1.00
2015.10.22 07:24:32.982,9.27366,9.27566,1.00,1.00
2015.10.22 07:24:33.185,9.27363,9.27566,1.50,1.00
2015.10.22 07:24:33.286,9.27349,9.27561,1.00,1.00
2015.10.22 07:24:33.822,9.27349,9.27545,1.00,2.10
2015.10.22 07:24:33.923,9.27329,9.27541,1.37,1.67
2015.10.22 07:24:34.164,9.27303,9.27506,1.12,1.00
2015.10.22 07:24:34.417,9.27316,9.27526,1.37,1.00
2015.10.22 07:24:34.468,9.27316,9.27528,1.37,1.00
2015.10.22 07:24:34.520,9.27347,9.27548,1.00,1.00
2015.10.22 07:24:34.571,9.27347,9.27559,1.00,1.00
2015.10.22 07:24:34.622,9.27341,9.27553,1.00,1.00
2015.10.22 07:24:35.926,9.27341,9.27553,1.07,1.00
2015.10.22 07:24:36.435,9.27355,9.27567,1.00,1.00
2015.10.22 07:24:37.330,9.2734,9.27552,1.00,1.00
2015.10.22 07:24:39.828,9.27303,9.27515,1.00,1.00
2015.10.22 07:24:40.652,9.27303,9.27515,1.12,1.00
2015.10.22 07:24:41.288,9.27303,9.27515,1.37,1.00
2015.10.22 07:24:41.806,9.27295,9.27507,1.37,1.00
2015.10.22 07:24:50.632,9.27322,9.27527,1.00,1.00
2015.10.22 07:24:50.683,9.27322,9.27534,1.00,1.00
2015.10.22 07:24:50.734,9.27345,9.27554,1.00,1.00
2015.10.22 07:24:50.785,9.27345,9.27557,1.00,1.00
2015.10.22 07:24:52.240,9.27359,9.27571,1.00,1.00
2015.10.22 07:24:52.544,9.27374,9.27586,1.00,1.00
2015.10.22 07:24:55.049,9.27354,9.27565,1.00,1.00
2015.10.22 07:24:55.454,9.27369,9.27581,1.00,1.00
2015.10.22 07:24:55.556,9.27385,9.27599,1.00,1.07
2015.10.22 07:24:55.657,9.27369,9.27581,1.00,1.00
2015.10.22 07:24:56.275,9.27383,9.27595,1.00,1.07
2015.10.22 07:25:01.364,9.27369,9.27581,1.00,1.00
2015.10.22 07:25:01.845,9.27372,9.27584,1.00,1.00
2015.10.22 07:25:03.450,9.2739,9.27602,1.00,1.12
2015.10.22 07:25:03.753,9.2739,9.27602,1.00,1.00
2015.10.22 07:25:04.057,9.27405,9.27617,1.00,1.00
2015.10.22 07:25:04.851,9.27419,9.27631,1.00,1.00
2015.10.22 07:25:05.155,9.27403,9.27615,1.37,1.00
2015.10.22 07:25:05.257,9.27417,9.27629,1.00,1.00
2015.10.22 07:25:05.674,9.27443,9.27655,1.00,1.00
2015.10.22 07:25:05.978,9.27428,9.2764,1.12,1.00
2015.10.22 07:25:06.994,9.27414,9.27626,1.57,1.00
2015.10.22 07:25:08.159,9.27408,9.2761,1.12,1.00
2015.10.22 07:25:08.362,9.27412,9.27624,1.82,1.00
2015.10.22 07:25:08.666,9.27412,9.27624,1.45,1.00
2015.10.22 07:25:09.714,9.27396,9.27608,1.82,1.00
2015.10.22 07:25:10.220,9.27396,9.27608,1.45,1.00
2015.10.22 07:25:12.191,9.27396,9.27608,1.00,1.00
2015.10.22 07:25:13.820,9.27372,9.27584,1.37,1.00
2015.10.22 07:25:13.973,9.27356,9.27568,1.12,1.00
2015.10.22 07:25:14.024,9.27341,9.27553,1.07,1.00
2015.10.22 07:25:14.075,9.27341,9.27553,1.00,1.00
2015.10.22 07:25:14.603,9.27306,9.27518,1.00,1.00
2015.10.22 07:25:15.293,9.27286,9.27498,1.50,1.00
2015.10.22 07:25:15.720,9.27272,9.27484,1.00,1.00
2015.10.22 07:25:16.043,9.27288,9.275,1.00,1.00
2015.10.22 07:25:16.840,9.27272,9.27484,1.00,1.00
2015.10.22 07:25:17.931,9.2727,9.27484,1.00,1.00
2015.10.22 07:25:21.816,9.27276,9.27488,1.00,1.00
2015.10.22 07:25:23.521,9.27262,9.27474,1.00,1.00
2015.10.22 07:25:23.881,9.27262,9.27474,1.07,1.00
2015.10.22 07:25:25.931,9.27276,9.27488,1.00,1.00
2015.10.22 07:25:28.135,9.27276,9.27488,1.07,1.00
2015.10.22 07:25:32.218,9.27276,9.27488,1.00,1.00
2015.10.22 07:25:34.887,9.27292,9.27504,1.00,1.00
2015.10.22 07:25:35.233,9.27306,9.27518,1.00,1.00
2015.10.22 07:25:36.228,9.27306,9.27518,1.07,1.00
2015.10.22 07:25:36.642,9.27313,9.27518,1.82,1.00
2015.10.22 07:25:36.986,9.27326,9.27518,1.12,1.00
2015.10.22 07:25:38.101,9.27326,9.27537,2.02,1.00
2015.10.22 07:25:38.152,9.27326,9.27537,2.02,1.00
2015.10.22 07:25:38.203,9.2734,9.27552,1.82,1.00
2015.10.22 07:25:39.103,9.27361,9.27573,1.07,1.00
2015.10.22 07:25:40.309,9.27364,9.27557,1.07,1.00
2015.10.22 07:25:40.433,9.27364,9.27573,1.07,1.00
2015.10.22 07:25:40.534,9.27376,9.27588,1.00,1.00
2015.10.22 07:25:41.817,9.27378,9.2759,1.00,1.00
2015.10.22 07:25:48.488,9.27363,9.27575,1.07,1.00
2015.10.22 07:25:49.065,9.27385,9.27595,1.00,1.00
2015.10.22 07:25:49.116,9.27385,9.27597,1.00,1.00
2015.10.22 07:25:49.167,9.27401,9.27613,1.00,1.00
2015.10.22 07:25:49.483,9.27416,9.27628,1.00,1.00
2015.10.22 07:25:50.045,9.27416,9.27594,1.00,2.10
2015.10.22 07:25:50.096,9.27416,9.27597,1.00,2.10
2015.10.22 07:25:50.198,9.27401,9.27578,1.00,1.05
2015.10.22 07:25:50.300,9.27381,9.27577,1.00,1.97
2015.10.22 07:25:50.500,9.27334,9.27546,1.00,1.60
2015.10.22 07:25:50.551,9.27334,9.27546,1.00,1.60
2015.10.22 07:25:50.603,9.27318,9.2753,1.00,1.00
2015.10.22 07:25:50.704,9.273,9.27512,1.00,1.00
2015.10.22 07:25:52.288,9.27315,9.27527,1.00,1.00
2015.10.22 07:25:53.353,9.27315,9.27527,1.37,1.00
2015.10.22 07:25:53.455,9.27315,9.27527,1.07,1.00
2015.10.22 07:25:53.808,9.27334,9.27547,1.00,1.00
2015.10.22 07:25:53.909,9.27353,9.27565,1.00,1.07
2015.10.22 07:25:54.622,9.27338,9.2755,1.00,1.00
2015.10.22 07:25:55.115,9.27352,9.27564,1.00,1.07
2015.10.22 07:25:55.217,9.27368,9.2758,1.00,1.07
2015.10.22 07:25:55.453,9.27368,9.2758,1.00,1.00
2015.10.22 07:25:55.919,9.27389,9.276,1.00,1.37
2015.10.22 07:25:56.224,9.27389,9.27601,1.00,1.00
2015.10.22 07:25:57.030,9.27389,9.27595,1.00,2.10
2015.10.22 07:25:57.233,9.2737,9.27565,1.00,1.05
2015.10.22 07:25:57.284,9.2737,9.27565,1.00,1.05
2015.10.22 07:25:57.335,9.27354,9.27565,1.00,1.05
2015.10.22 07:25:57.387,9.2734,9.27552,1.00,1.67
2015.10.22 07:25:57.706,9.27325,9.27537,1.00,1.00
2015.10.22 07:25:58.313,9.27305,9.27499,1.00,1.00
2015.10.22 07:25:58.364,9.27287,9.27499,1.00,1.00
2015.10.22 07:25:59.217,9.27307,9.27519,1.00,1.50
2015.10.22 07:25:59.522,9.27222,9.27372,1.00,1.00
2015.10.22 07:25:59.573,9.27184,9.27372,1.50,1.00
2015.10.22 07:25:59.624,9.27184,9.27372,1.50,1.07
2015.10.22 07:26:00.124,9.27184,9.27371,1.50,1.12
2015.10.22 07:26:00.278,9.27194,9.27378,1.00,1.12
2015.10.22 07:26:00.931,9.2721,9.27393,1.00,1.12
2015.10.22 07:26:01.165,9.27195,9.27393,1.00,1.12
2015.10.22 07:26:01.217,9.2718,9.27361,1.00,1.12
2015.10.22 07:26:01.521,9.27165,9.27358,1.00,1.12
2015.10.22 07:26:01.724,9.27148,9.27344,1.00,1.12
2015.10.22 07:26:02.032,9.27152,9.27344,1.00,1.12
2015.10.22 07:26:02.342,9.27165,9.2735,1.00,1.12
2015.10.22 07:26:02.443,9.27148,9.2735,1.00,1.12
2015.10.22 07:26:02.494,9.27148,9.27344,1.00,1.12
2015.10.22 07:26:04.437,9.2713,9.27342,1.00,1.82
2015.10.22 07:26:04.792,9.2713,9.27336,1.00,1.82
2015.10.22 07:26:05.419,9.27114,9.27326,1.00,1.45
2015.10.22 07:26:05.470,9.27114,9.27285,1.00,1.12
2015.10.22 07:26:05.521,9.27095,9.27285,1.00,1.12
2015.10.22 07:26:05.622,9.27081,9.27284,1.00,1.12
2015.10.22 07:26:05.674,9.27081,9.27293,1.00,1.50
2015.10.22 07:26:05.725,9.27081,9.27293,1.00,1.12
2015.10.22 07:26:06.427,9.27081,9.27293,1.35,1.75
2015.10.22 07:26:06.781,9.27081,9.27293,1.60,1.75
2015.10.22 07:26:07.451,9.27081,9.27293,1.60,1.75
2015.10.22 07:26:08.672,9.27081,9.27293,1.60,1.75
2015.10.22 07:26:09.320,9.27081,9.27293,1.00,1.75
2015.10.22 07:26:09.422,9.27081,9.27225,1.00,1.12
2015.10.22 07:26:09.524,9.27067,9.27225,1.00,1.12
2015.10.22 07:26:09.626,9.27032,9.27225,1.60,1.12
2015.10.22 07:26:09.677,9.27032,9.27225,1.60,1.12
2015.10.22 07:26:09.728,9.27034,9.27226,1.60,1.47
2015.10.22 07:26:09.928,9.27084,9.27242,1.00,1.12
2015.10.22 07:26:09.979,9.27084,9.27257,1.00,1.12
2015.10.22 07:26:10.030,9.27068,9.27257,1.00,1.12
2015.10.22 07:26:10.132,9.27028,9.2724,1.00,1.37
2015.10.22 07:26:10.234,9.27012,9.27224,1.00,1.00
2015.10.22 07:26:10.336,9.26998,9.2721,1.00,1.00
2015.10.22 07:26:10.846,9.26997,9.27209,1.00,1.00
2015.10.22 07:26:10.947,9.2701,9.27224,1.00,1.00
2015.10.22 07:26:11.649,9.26997,9.27209,1.00,1.00
2015.10.22 07:26:12.767,9.26981,9.27193,1.00,1.00
2015.10.22 07:26:13.229,9.26966,9.2718,1.00,1.00
2015.10.22 07:26:14.443,9.2695,9.27164,1.00,1.00
2015.10.22 07:26:16.461,9.26965,9.27179,1.00,1.00
2015.10.22 07:26:16.856,9.26936,9.27148,1.00,1.00
2015.10.22 07:26:18.214,9.26936,9.27148,1.60,1.00
2015.10.22 07:26:18.366,9.26949,9.27163,1.00,1.00
2015.10.22 07:26:18.468,9.26966,9.27178,1.00,1.00
2015.10.22 07:26:19.880,9.2698,9.27192,1.00,1.00
2015.10.22 07:26:20.405,9.2698,9.27192,1.00,1.75
2015.10.22 07:26:20.456,9.26962,9.2713,1.00,1.12
2015.10.22 07:26:20.558,9.26944,9.2713,1.00,1.12
2015.10.22 07:26:20.761,9.2693,9.2713,1.00,1.12
2015.10.22 07:26:21.413,9.2693,9.27142,1.00,1.45
2015.10.22 07:26:21.851,9.26926,9.27138,1.00,1.45
2015.10.22 07:26:22.054,9.2694,9.27149,1.00,1.12
2015.10.22 07:26:22.954,9.2694,9.27152,1.00,1.45
2015.10.22 07:26:23.883,9.26924,9.27136,1.00,1.07
2015.10.22 07:26:24.852,9.26908,9.2712,1.00,1.00
2015.10.22 07:26:25.252,9.26925,9.27137,1.00,1.07
2015.10.22 07:26:41.640,9.26911,9.27123,1.00,1.00
2015.10.22 07:26:42.334,9.26895,9.27107,1.00,1.00
2015.10.22 07:26:42.436,9.26916,9.2713,1.00,1.00
2015.10.22 07:26:46.262,9.26916,9.27126,1.00,1.00
2015.10.22 07:26:46.314,9.26894,9.27106,1.00,1.00
2015.10.22 07:26:46.753,9.26887,9.27099,1.00,1.00
2015.10.22 07:26:47.070,9.2687,9.27082,1.00,1.00
2015.10.22 07:27:01.999,9.26865,9.27077,1.00,1.00
2015.10.22 07:27:18.673,9.26847,9.27059,1.00,1.00
2015.10.22 07:27:20.010,9.26862,9.27076,1.00,1.00
2015.10.22 07:27:21.826,9.26861,9.27073,1.00,1.00
2015.10.22 07:27:34.589,9.26875,9.27087,1.00,1.00
2015.10.22 07:27:35.114,9.26854,9.27066,1.00,1.00
2015.10.22 07:27:41.930,9.26861,9.27073,1.00,1.00
2015.10.22 07:27:50.378,9.26875,9.27087,1.00,1.00
2015.10.22 07:28:01.854,9.26872,9.27084,1.00,1.00
2015.10.22 07:28:04.537,9.26858,9.2707,1.00,1.00
2015.10.22 07:28:17.782,9.26872,9.27084,1.00,1.00
2015.10.22 07:28:21.960,9.26868,9.2708,1.00,1.00
2015.10.22 07:28:32.506,9.26854,9.27066,1.00,1.00
2015.10.22 07:28:32.818,9.26869,9.27081,1.00,1.00
2015.10.22 07:28:41.779,9.26865,9.27077,1.00,1.00
2015.10.22 07:28:42.822,9.26884,9.27096,1.00,1.00
2015.10.22 07:28:42.924,9.26866,9.2708,1.00,1.00
2015.10.22 07:28:43.088,9.26852,9.27066,1.00,1.00
2015.10.22 07:28:45.096,9.26871,9.27083,1.00,1.00
2015.10.22 07:28:46.023,9.26854,9.27066,1.00,1.00
2015.10.22 07:28:46.502,9.26875,9.27086,1.00,1.00
2015.10.22 07:28:47.003,9.26875,9.27087,1.00,1.00
2015.10.22 07:28:50.821,9.26901,9.27107,1.00,1.00
2015.10.22 07:28:50.872,9.26901,9.27115,1.00,1.00
2015.10.22 07:28:51.451,9.26881,9.27093,1.00,1.00
2015.10.22 07:28:52.629,9.26867,9.27079,1.00,1.00
2015.10.22 07:28:53.752,9.26885,9.27097,1.00,1.00
2015.10.22 07:28:54.125,9.26869,9.27081,1.00,1.00
2015.10.22 07:28:56.206,9.26884,9.27096,1.00,1.00
2015.10.22 07:28:58.650,9.26868,9.2708,1.00,1.00
2015.10.22 07:28:59.323,9.26882,9.27096,1.00,1.00
2015.10.22 07:29:05.854,9.26866,9.2708,1.00,1.00
2015.10.22 07:29:06.192,9.2688,9.27094,1.00,1.00
2015.10.22 07:29:06.500,9.2688,9.27092,1.00,1.00
2015.10.22 07:29:06.850,9.2686,9.27072,1.00,1.00
2015.10.22 07:29:07.950,9.26875,9.27087,1.00,1.00
2015.10.22 07:29:08.670,9.26859,9.27071,1.00,1.00
2015.10.22 07:29:08.771,9.26839,9.27053,1.00,1.00
2015.10.22 07:29:09.088,9.26854,9.27066,1.00,1.00
2015.10.22 07:29:11.781,9.26839,9.27051,1.00,1.00
2015.10.22 07:29:12.092,9.26859,9.27071,1.00,1.00
2015.10.22 07:29:13.262,9.26879,9.27091,1.00,1.50
2015.10.22 07:29:15.531,9.26865,9.27077,1.00,1.00
2015.10.22 07:29:17.373,9.26879,9.27091,1.00,1.00
2015.10.22 07:29:17.779,9.26865,9.27077,1.00,1.00
2015.10.22 07:29:18.084,9.26881,9.27093,1.00,1.00
2015.10.22 07:29:21.921,9.26874,9.27086,1.00,1.00
2015.10.22 07:29:24.782,9.26857,9.27069,1.00,1.00
2015.10.22 07:29:27.791,9.26871,9.27083,1.00,1.00
2015.10.22 07:29:30.537,9.26871,9.27083,1.12,1.00
2015.10.22 07:29:30.638,9.269,9.27112,1.00,1.00
2015.10.22 07:29:30.740,9.269,9.27112,1.75,1.00
2015.10.22 07:29:31.439,9.26915,9.27127,1.07,1.00
2015.10.22 07:29:31.541,9.26941,9.27153,1.00,1.00
2015.10.22 07:29:32.346,9.26955,9.27167,1.67,1.00
2015.10.22 07:29:32.447,9.26973,9.27185,1.00,1.00
2015.10.22 07:29:32.552,9.26992,9.27204,1.00,1.00
2015.10.22 07:29:32.861,9.2697,9.27176,1.37,1.00
2015.10.22 07:29:33.205,9.26983,9.27166,1.07,1.00
2015.10.22 07:29:33.398,9.26983,9.27166,1.00,1.00
2015.10.22 07:29:33.654,9.2695,9.27164,1.37,1.00
2015.10.22 07:29:33.705,9.2695,9.27164,1.07,1.00
2015.10.22 07:29:33.807,9.2695,9.27164,1.00,1.00
2015.10.22 07:29:33.859,9.26937,9.27149,1.07,1.00
2015.10.22 07:29:34.011,9.26951,9.27163,1.00,1.00
2015.10.22 07:29:34.360,9.26932,9.27146,1.00,1.00
2015.10.22 07:29:34.942,9.26919,9.27131,1.07,1.00
2015.10.22 07:29:35.000,9.26919,9.27131,1.00,1.00
2015.10.22 07:29:35.255,9.26919,9.27131,1.07,1.00
2015.10.22 07:29:35.499,9.26919,9.27131,1.00,1.00
2015.10.22 07:29:35.757,9.26934,9.27146,1.00,1.00
2015.10.22 07:29:36.061,9.26918,9.2713,1.00,1.00
2015.10.22 07:29:36.762,9.26932,9.27144,1.00,1.00
2015.10.22 07:29:37.271,9.26932,9.27144,1.00,1.60
2015.10.22 07:29:37.322,9.26915,9.27127,1.00,1.60
2015.10.22 07:29:37.423,9.26901,9.27113,1.00,1.00
2015.10.22 07:29:37.525,9.26881,9.2709,1.00,1.00
2015.10.22 07:29:37.576,9.26878,9.2709,1.00,1.00
2015.10.22 07:29:37.836,9.26864,9.27076,1.00,1.00
2015.10.22 07:29:38.343,9.2685,9.27062,1.00,1.00
2015.10.22 07:29:38.749,9.2687,9.27082,1.00,1.50
2015.10.22 07:29:39.192,9.2687,9.27082,1.37,1.00
2015.10.22 07:29:39.445,9.26884,9.27096,1.00,1.00
2015.10.22 07:29:39.547,9.26884,9.27096,1.50,1.00
2015.10.22 07:29:39.749,9.2691,9.27116,1.00,1.00
2015.10.22 07:29:39.800,9.2691,9.27122,1.00,1.00
2015.10.22 07:29:39.851,9.26891,9.27103,1.37,1.00
2015.10.22 07:29:41.539,9.26876,9.27088,1.82,1.00
2015.10.22 07:29:41.741,9.26876,9.27088,1.82,1.00
2015.10.22 07:29:42.504,9.26876,9.27088,1.85,1.00
2015.10.22 07:29:42.844,9.26876,9.27088,1.85,1.00
2015.10.22 07:29:43.491,9.26876,9.27088,1.85,1.00
2015.10.22 07:29:43.795,9.26876,9.27088,1.82,1.00
2015.10.22 07:29:44.464,9.2689,9.27104,1.12,1.00
2015.10.22 07:29:46.469,9.2689,9.27104,1.37,1.00
2015.10.22 07:29:47.438,9.2689,9.27104,1.37,1.00
2015.10.22 07:29:48.892,9.2689,9.27104,1.50,1.00
2015.10.22 07:29:49.578,9.2693,9.27142,1.00,1.00
2015.10.22 07:29:50.491,9.26916,9.27128,1.00,1.00
2015.10.22 07:29:50.818,9.26895,9.27107,1.37,1.00
2015.10.22 07:29:51.133,9.26895,9.27107,1.37,1.00
2015.10.22 07:29:51.885,9.26913,9.27125,1.00,1.00
2015.10.22 07:29:52.633,9.26899,9.27111,1.37,1.00
2015.10.22 07:29:52.940,9.26899,9.27111,1.00,1.00
2015.10.22 07:29:52.991,9.26885,9.27097,1.37,1.00
2015.10.22 07:29:53.383,9.26928,9.2714,1.00,1.00
2015.10.22 07:29:53.485,9.26943,9.27155,1.00,1.60
2015.10.22 07:29:53.801,9.26924,9.27138,1.00,1.00
2015.10.22 07:29:53.903,9.26911,9.27123,1.00,1.00
2015.10.22 07:29:54.208,9.26852,9.27019,1.12,1.00
2015.10.22 07:29:54.411,9.26852,9.27058,1.12,1.00
2015.10.22 07:29:54.512,9.26842,9.27017,1.75,1.00
2015.10.22 07:29:54.563,9.26831,9.27037,1.87,1.00
2015.10.22 07:29:54.614,9.26831,9.27043,1.87,1.00
2015.10.22 07:29:54.813,9.26846,9.27043,1.75,1.00
2015.10.22 07:29:54.864,9.26882,9.27094,1.00,1.00
2015.10.22 07:29:54.966,9.26862,9.27022,1.37,1.00
2015.10.22 07:29:55.068,9.26837,9.27022,1.12,1.00
2015.10.22 07:29:55.271,9.26837,9.27042,1.50,1.00
2015.10.22 07:29:55.322,9.26837,9.27049,1.50,1.00
2015.10.22 07:29:55.373,9.26827,9.27014,1.12,1.00
2015.10.22 07:29:55.700,9.26832,9.27044,1.82,1.00
2015.10.22 07:29:55.802,9.26827,9.2701,1.12,1.00
2015.10.22 07:29:55.904,9.26827,9.2701,1.12,1.00
2015.10.22 07:29:56.239,9.26819,9.2701,1.12,1.00
2015.10.22 07:29:56.341,9.26815,9.2701,1.12,1.00
2015.10.22 07:29:56.392,9.26824,9.27036,1.75,1.00
2015.10.22 07:29:56.494,9.26836,9.27003,1.12,1.00
2015.10.22 07:29:56.596,9.26836,9.27042,1.12,1.00
2015.10.22 07:29:56.697,9.26836,9.27006,1.12,1.00
2015.10.22 07:29:56.900,9.26835,9.27033,1.12,1.00
2015.10.22 07:29:57.002,9.26835,9.27033,1.12,1.00
2015.10.22 07:29:57.103,9.26853,9.27047,1.12,1.00
2015.10.22 07:29:57.205,9.26887,9.27101,1.00,1.00
2015.10.22 07:29:57.306,9.26853,9.27011,1.12,1.00
2015.10.22 07:29:57.501,9.26834,9.27031,1.12,1.00
2015.10.22 07:29:57.553,9.26834,9.27031,1.12,1.00
2015.10.22 07:29:57.604,9.2687,9.27082,1.00,1.00
2015.10.22 07:29:57.708,9.26826,9.27016,1.12,1.00
2015.10.22 07:29:58.012,9.26826,9.27003,1.12,1.00
2015.10.22 07:29:58.114,9.26837,9.27049,1.37,1.00
2015.10.22 07:29:58.215,9.26826,9.26999,1.12,1.00
2015.10.22 07:29:59.193,9.26827,9.26999,1.12,1.00
2015.10.22 07:29:59.244,9.26827,9.26999,1.12,1.00
2015.10.22 07:29:59.588,9.2683,9.27038,1.12,1.00
2015.10.22 07:29:59.690,9.2683,9.26994,1.12,1.00
2015.10.22 07:29:59.981,9.2682,9.26994,1.12,1.00
2015.10.22 07:30:00.184,9.26817,9.27014,1.75,1.00
2015.10.22 07:30:00.235,9.26817,9.27029,1.75,1.00
2015.10.22 07:30:00.286,9.26815,9.26994,1.12,1.00
2015.10.22 07:30:00.621,9.26836,9.26994,1.12,1.00
2015.10.22 07:30:00.724,9.26836,9.2701,1.12,1.00
2015.10.22 07:30:00.775,9.26836,9.2701,1.12,1.00
2015.10.22 07:30:01.029,9.26851,9.27063,1.87,1.00
2015.10.22 07:30:01.131,9.26851,9.27015,1.12,1.00
2015.10.22 07:30:01.406,9.26844,9.27015,1.12,1.00
2015.10.22 07:30:01.835,9.26833,9.27011,1.12,1.00
2015.10.22 07:30:01.990,9.26833,9.27011,1.12,1.00
2015.10.22 07:30:02.041,9.26831,9.27029,1.12,1.00
2015.10.22 07:30:02.092,9.26831,9.26996,1.12,1.00
2015.10.22 07:30:02.193,9.2683,9.27016,1.75,1.00
2015.10.22 07:30:02.244,9.2683,9.27044,1.37,1.00
2015.10.22 07:30:02.295,9.26814,9.27006,1.12,1.00
2015.10.22 07:30:02.618,9.26814,9.26992,1.12,1.00
2015.10.22 07:30:02.928,9.26783,9.26977,1.12,1.00
2015.10.22 07:30:03.081,9.26773,9.26977,1.12,1.00
2015.10.22 07:30:03.132,9.26764,9.26963,1.82,1.00
2015.10.22 07:30:03.721,9.26756,9.26963,1.12,1.00
2015.10.22 07:30:04.124,9.26753,9.26965,1.85,1.00
2015.10.22 07:30:04.433,9.26782,9.26994,1.00,1.00
2015.10.22 07:30:04.535,9.26748,9.26962,1.82,1.00
2015.10.22 07:30:04.839,9.26754,9.26962,1.82,1.00
2015.10.22 07:30:05.583,9.26753,9.26962,1.12,1.00
2015.10.22 07:30:06.485,9.26753,9.26962,1.12,1.00
2015.10.22 07:30:07.671,9.26748,9.26962,1.45,1.00
2015.10.22 07:30:07.904,9.26748,9.26962,1.00,1.00
2015.10.22 07:30:08.007,9.2673,9.26942,1.00,1.00
2015.10.22 07:30:08.312,9.26699,9.26906,1.12,1.00
2015.10.22 07:30:08.363,9.26694,9.26906,1.75,1.00
2015.10.22 07:30:08.414,9.26725,9.26939,1.00,1.00
2015.10.22 07:30:09.438,9.2671,9.26922,1.00,1.00
2015.10.22 07:30:09.792,9.26665,9.26879,1.82,1.00
2015.10.22 07:30:10.551,9.267,9.26912,1.00,1.00
2015.10.22 07:30:10.653,9.26664,9.26876,1.82,1.00
2015.10.22 07:30:10.998,9.2667,9.26876,1.12,1.00
2015.10.22 07:30:11.049,9.2666,9.26862,1.12,1.00
2015.10.22 07:30:11.151,9.26715,9.26926,1.00,2.10
2015.10.22 07:30:11.202,9.26715,9.26786,1.00,1.34
2015.10.22 07:30:11.253,9.26659,9.26786,1.37,1.34
2015.10.22 07:30:11.304,9.26659,9.26786,1.00,1.16
2015.10.22 07:30:11.355,9.26639,9.26786,1.75,1.16
2015.10.22 07:30:11.456,9.26617,9.26786,1.12,1.57
2015.10.22 07:30:11.693,9.26607,9.26754,1.12,1.00
2015.10.22 07:30:11.851,9.26607,9.26786,1.12,1.57
2015.10.22 07:30:12.205,9.26607,9.26778,1.12,1.00
2015.10.22 07:30:12.256,9.26619,9.26831,1.37,1.00
2015.10.22 07:30:12.307,9.26619,9.26831,1.00,1.00
2015.10.22 07:30:12.358,9.26591,9.26788,1.12,1.00
2015.10.22 07:30:12.409,9.26576,9.26788,1.75,1.00
2015.10.22 07:30:12.511,9.26576,9.26788,1.00,1.00
2015.10.22 07:30:12.663,9.2661,9.26822,1.00,1.00
2015.10.22 07:30:12.998,9.26551,9.26763,1.82,1.00
2015.10.22 07:30:13.151,9.26589,9.26801,1.00,1.00
2015.10.22 07:30:13.253,9.26557,9.26769,1.87,1.00
2015.10.22 07:30:13.354,9.26594,9.26806,1.00,1.00
2015.10.22 07:30:13.457,9.26557,9.26767,1.12,1.00
2015.10.22 07:30:13.753,9.2659,9.26802,1.00,1.00
2015.10.22 07:30:13.854,9.26557,9.26753,1.12,1.00
2015.10.22 07:30:13.959,9.26546,9.26753,1.12,1.00
2015.10.22 07:30:14.011,9.26541,9.26753,1.37,1.00
2015.10.22 07:30:14.163,9.26541,9.26753,1.75,1.00
2015.10.22 07:30:14.423,9.26546,9.26755,1.12,1.00
2015.10.22 07:30:14.525,9.26546,9.26755,1.12,1.00
2015.10.22 07:30:14.627,9.26582,9.26794,1.00,1.00
2015.10.22 07:30:14.728,9.26545,9.26757,1.82,1.00
2015.10.22 07:30:15.032,9.26581,9.26793,1.00,1.00
2015.10.22 07:30:15.134,9.26544,9.26739,1.12,1.00
2015.10.22 07:30:15.184,9.26534,9.26739,1.87,1.00
2015.10.22 07:30:15.236,9.2654,9.26752,1.07,1.00
2015.10.22 07:30:15.438,9.26524,9.26729,1.82,1.00
2015.10.22 07:30:15.766,9.26546,9.26746,1.12,1.00
2015.10.22 07:30:15.956,9.26546,9.26746,1.12,1.00
2015.10.22 07:30:16.867,9.2657,9.26782,1.00,1.00
2015.10.22 07:30:16.970,9.26536,9.26742,1.12,1.00
2015.10.22 07:30:17.274,9.26578,9.2679,1.00,1.00
2015.10.22 07:30:17.325,9.26592,9.26804,1.00,1.00
2015.10.22 07:30:18.025,9.26577,9.26789,1.00,1.00
2015.10.22 07:30:18.419,9.26534,9.26744,1.82,1.00
2015.10.22 07:30:18.470,9.26575,9.26787,1.00,1.00
2015.10.22 07:30:18.572,9.26592,9.26804,1.00,1.60
2015.10.22 07:30:18.886,9.26609,9.26821,1.00,3.22
2015.10.22 07:30:19.583,9.26609,9.26818,1.00,1.60
2015.10.22 07:30:19.889,9.26609,9.26818,1.00,1.60
2015.10.22 07:30:20.235,9.26609,9.26818,1.00,2.10
2015.10.22 07:30:21.440,9.26636,9.26825,1.00,1.12
2015.10.22 07:30:21.744,9.2665,9.26839,1.00,1.12
2015.10.22 07:30:21.966,9.2665,9.26862,1.00,2.92
2015.10.22 07:30:22.068,9.2665,9.26862,1.00,1.10
2015.10.22 07:30:22.220,9.2665,9.26862,1.07,1.00
2015.10.22 07:30:22.271,9.26667,9.26879,1.00,1.00
2015.10.22 07:30:22.322,9.26667,9.26879,1.37,1.00
2015.10.22 07:30:22.373,9.26682,9.26894,1.00,1.00
2015.10.22 07:30:23.216,9.26682,9.26894,1.00,1.37
2015.10.22 07:30:23.849,9.26682,9.26894,1.00,1.72
2015.10.22 07:30:24.383,9.26682,9.26884,1.00,2.47
2015.10.22 07:30:24.484,9.26667,9.26881,1.00,1.67
2015.10.22 07:30:24.535,9.26667,9.26881,1.00,2.10
2015.10.22 07:30:27.292,9.26667,9.26881,1.00,1.17
2015.10.22 07:30:27.343,9.26667,9.26881,1.00,1.10
2015.10.22 07:30:27.546,9.26685,9.26897,1.00,1.00
2015.10.22 07:30:28.253,9.26685,9.26897,1.00,1.37
2015.10.22 07:30:29.261,9.26685,9.26897,1.00,1.00
2015.10.22 07:30:29.463,9.26685,9.26897,1.00,1.67
2015.10.22 07:30:29.813,9.26685,9.26897,1.00,1.67
2015.10.22 07:30:30.233,9.26685,9.26894,1.00,1.35
2015.10.22 07:30:30.461,9.26685,9.26897,1.00,1.75
2015.10.22 07:30:30.512,9.26685,9.26897,1.00,1.07
2015.10.22 07:30:30.665,9.26685,9.26897,1.00,1.00
2015.10.22 07:30:31.206,9.26685,9.26897,1.00,1.67
2015.10.22 07:30:31.529,9.26685,9.26893,1.00,1.35
2015.10.22 07:30:31.756,9.2667,9.26882,1.00,1.07
2015.10.22 07:30:32.370,9.2667,9.26882,1.00,1.00
2015.10.22 07:30:32.860,9.2667,9.26882,1.00,1.37
2015.10.22 07:30:33.771,9.2667,9.26878,1.00,2.47
2015.10.22 07:30:34.292,9.2667,9.26876,1.00,1.67
2015.10.22 07:30:35.904,9.26656,9.26868,1.00,1.60
2015.10.22 07:30:36.600,9.26656,9.26868,1.00,1.60
2015.10.22 07:30:36.753,9.26656,9.26868,1.00,1.60
2015.10.22 07:30:36.856,9.26656,9.26868,1.00,1.60
2015.10.22 07:30:36.907,9.26642,9.26854,1.00,1.00
2015.10.22 07:30:41.901,9.26645,9.26857,1.00,1.10
2015.10.22 07:30:48.103,9.26626,9.26838,1.00,1.00
2015.10.22 07:30:48.423,9.26632,9.26844,1.00,1.00
2015.10.22 07:31:01.812,9.2664,9.26854,1.00,1.00
2015.10.22 07:31:02.637,9.26659,9.26873,1.00,1.00
2015.10.22 07:31:04.422,9.26646,9.26858,1.00,1.00
2015.10.22 07:31:10.560,9.26646,9.26858,1.00,1.60
2015.10.22 07:31:10.864,9.26629,9.26843,1.00,1.37
2015.10.22 07:31:11.246,9.26644,9.26853,1.00,1.42
2015.10.22 07:31:11.632,9.26644,9.26829,1.00,1.50
2015.10.22 07:31:11.684,9.26628,9.26829,1.00,1.50
2015.10.22 07:31:12.356,9.26628,9.2684,1.00,1.75
2015.10.22 07:31:12.457,9.26628,9.2684,1.00,1.00
2015.10.22 07:31:12.937,9.26628,9.2684,1.00,1.75
2015.10.22 07:31:13.910,9.26628,9.2684,1.00,1.07
2015.10.22 07:31:14.440,9.26628,9.2684,1.00,1.75
2015.10.22 07:31:16.870,9.26628,9.2684,1.00,1.07
2015.10.22 07:31:16.921,9.26628,9.2684,1.00,1.00
2015.10.22 07:31:17.445,9.26628,9.2684,1.00,1.75
2015.10.22 07:31:18.405,9.26628,9.2684,1.00,1.00
2015.10.22 07:31:18.662,9.26628,9.2684,1.00,1.75
2015.10.22 07:31:19.147,9.26613,9.26825,1.00,1.75
2015.10.22 07:31:19.575,9.2663,9.26834,1.00,1.12
2015.10.22 07:31:19.982,9.26614,9.26826,1.00,1.75
2015.10.22 07:31:21.740,9.26614,9.26825,1.00,1.35
2015.10.22 07:31:23.911,9.26614,9.26826,1.00,1.75
2015.10.22 07:31:23.962,9.26614,9.26826,1.00,1.00
2015.10.22 07:31:24.063,9.26628,9.26842,1.00,1.00
2015.10.22 07:31:24.165,9.26642,9.26856,1.00,1.00
2015.10.22 07:31:24.970,9.26661,9.26873,1.00,1.00
2015.10.22 07:31:25.463,9.26661,9.26873,1.00,1.07
2015.10.22 07:31:26.581,9.26661,9.26866,1.00,1.60
2015.10.22 07:31:26.683,9.26644,9.26856,1.00,1.00
2015.10.22 07:31:26.886,9.26663,9.26866,1.00,1.00
2015.10.22 07:31:28.803,9.26678,9.26866,1.00,1.00
2015.10.22 07:31:29.860,9.26678,9.2689,1.00,1.75
2015.10.22 07:31:29.962,9.26678,9.2689,1.00,1.00
2015.10.22 07:31:31.060,9.26678,9.2689,1.00,1.42
2015.10.22 07:31:32.607,9.26673,9.26875,1.00,1.00
2015.10.22 07:31:32.811,9.2668,9.26892,1.00,1.07
2015.10.22 07:31:36.481,9.2668,9.26892,1.00,1.00
2015.10.22 07:31:41.799,9.26688,9.269,1.00,1.70
2015.10.22 07:31:42.129,9.26688,9.26886,1.00,1.00
2015.10.22 07:31:42.855,9.26688,9.269,1.00,1.70
2015.10.22 07:31:43.557,9.26688,9.269,1.00,1.70
2015.10.22 07:31:43.709,9.26688,9.269,1.00,1.97
2015.10.22 07:31:45.448,9.26708,9.26908,1.00,1.35
2015.10.22 07:31:45.752,9.26729,9.26926,1.00,1.75
2015.10.22 07:31:46.164,9.26746,9.26915,1.00,1.35
2015.10.22 07:31:46.215,9.26717,9.26916,1.00,1.35
2015.10.22 07:31:46.520,9.26702,9.26914,1.00,1.37
2015.10.22 07:31:48.803,9.26702,9.26913,1.00,1.35
2015.10.22 07:31:51.632,9.26702,9.26913,1.00,1.42
2015.10.22 07:31:52.559,9.26702,9.26887,1.00,1.35
2015.10.22 07:31:52.862,9.26671,9.26858,1.00,1.35
2015.10.22 07:31:52.964,9.26671,9.2686,1.00,1.05
2015.10.22 07:31:54.051,9.26651,9.26863,1.00,1.85
2015.10.22 07:31:54.152,9.26665,9.26864,1.00,1.42
2015.10.22 07:31:56.501,9.26665,9.26863,1.00,1.42
2015.10.22 07:31:57.370,9.26665,9.26831,1.00,1.00
2015.10.22 07:31:57.471,9.26612,9.26811,1.00,1.00
2015.10.22 07:31:57.697,9.26605,9.26801,1.00,1.00
2015.10.22 07:31:57.751,9.26625,9.26837,1.00,1.00
2015.10.22 07:31:57.802,9.26625,9.26814,1.00,1.00
2015.10.22 07:31:57.853,9.26594,9.26794,1.00,1.00
2015.10.22 07:31:57.904,9.26623,9.26794,1.00,1.00
2015.10.22 07:31:57.955,9.26643,9.26855,1.00,1.37
2015.10.22 07:31:58.452,9.26658,9.26866,1.00,1.42
2015.10.22 07:31:59.002,9.26658,9.2686,1.00,1.42
2015.10.22 07:32:10.145,9.26658,9.26826,1.00,1.07
2015.10.22 07:32:10.197,9.26626,9.26826,1.00,1.67
2015.10.22 07:32:10.299,9.26626,9.26826,1.00,1.07
2015.10.22 07:32:10.402,9.26611,9.26823,1.00,1.07
2015.10.22 07:32:10.453,9.26611,9.26823,1.00,1.00
2015.10.22 07:32:10.605,9.26595,9.26807,1.00,1.00
2015.10.22 07:32:11.316,9.26581,9.26793,1.00,1.00
2015.10.22 07:32:13.567,9.26581,9.26644,1.00,2.10
2015.10.22 07:32:13.619,9.26521,9.26619,1.12,2.10
2015.10.22 07:32:13.671,9.26493,9.26614,1.75,2.10
2015.10.22 07:32:13.722,9.26516,9.26616,1.00,2.10
2015.10.22 07:32:13.773,9.26459,9.26502,2.25,2.10
2015.10.22 07:32:13.824,9.26444,9.26493,1.50,2.10
2015.10.22 07:32:13.876,9.26444,9.26489,1.50,1.35
2015.10.22 07:32:13.977,9.26353,9.2646,1.00,1.35
2015.10.22 07:32:14.028,9.26313,9.26446,1.00,1.35
2015.10.22 07:32:14.079,9.26293,9.26436,1.00,1.35
2015.10.22 07:32:14.131,9.26272,9.26436,1.00,1.42
2015.10.22 07:32:14.182,9.26287,9.26436,1.00,1.42
2015.10.22 07:32:14.502,9.26312,9.26396,1.00,1.12
2015.10.22 07:32:14.604,9.26249,9.26396,1.00,1.12
2015.10.22 07:32:14.706,9.26315,9.26396,1.00,1.12
2015.10.22 07:32:14.807,9.26297,9.26397,1.00,1.12
2015.10.22 07:32:14.909,9.2626,9.26397,1.00,1.12
2015.10.22 07:32:15.011,9.26246,9.26397,1.00,1.12
2015.10.22 07:32:15.113,9.26231,9.26397,1.00,1.12
2015.10.22 07:32:15.164,9.26231,9.26397,1.00,1.12
2015.10.22 07:32:15.418,9.26231,9.26393,1.00,1.12
2015.10.22 07:32:15.469,9.26231,9.26403,1.00,1.67
2015.10.22 07:32:16.166,9.26231,9.26406,1.00,1.35
2015.10.22 07:32:16.483,9.26217,9.26367,1.00,1.12
2015.10.22 07:32:16.927,9.26217,9.26388,1.00,1.67
2015.10.22 07:32:17.185,9.26197,9.26392,1.00,1.42
2015.10.22 07:32:17.236,9.26192,9.26392,1.00,1.42
2015.10.22 07:32:17.287,9.26212,9.26392,1.00,1.42
2015.10.22 07:32:17.592,9.26212,9.2635,1.00,1.35
2015.10.22 07:32:17.794,9.26176,9.26323,1.00,1.12
2015.10.22 07:32:18.349,9.26176,9.26325,1.00,1.12
2015.10.22 07:32:18.400,9.26156,9.26325,1.00,1.12
2015.10.22 07:32:18.451,9.26154,9.26328,1.00,1.42
2015.10.22 07:32:18.603,9.26138,9.26328,1.00,1.42
2015.10.22 07:32:18.806,9.26184,9.26333,1.00,1.42
2015.10.22 07:32:19.395,9.26199,9.26333,1.00,1.42
2015.10.22 07:32:20.135,9.26175,9.26342,1.00,1.35
2015.10.22 07:32:20.236,9.26161,9.26344,1.00,1.35
2015.10.22 07:32:20.338,9.26146,9.26353,1.35,1.12
2015.10.22 07:32:20.389,9.26146,9.26353,1.60,1.12
2015.10.22 07:32:20.541,9.26211,9.26415,1.00,1.12
2015.10.22 07:32:20.758,9.26228,9.26415,1.00,1.12
2015.10.22 07:32:20.967,9.26248,9.2646,1.00,1.37
2015.10.22 07:32:21.221,9.26265,9.26475,1.00,1.42
2015.10.22 07:32:21.828,9.2627,9.26472,1.00,1.35
2015.10.22 07:32:22.264,9.26255,9.26448,1.00,1.12
2015.10.22 07:32:25.960,9.26255,9.26458,1.00,1.12
2015.10.22 07:32:26.011,9.26255,9.26467,1.00,1.37
2015.10.22 07:32:26.164,9.26255,9.26467,1.00,1.07
2015.10.22 07:32:26.975,9.26255,9.26467,1.00,1.37
2015.10.22 07:32:27.279,9.26271,9.26473,1.00,1.05
2015.10.22 07:32:27.523,9.26271,9.2648,1.00,1.35
2015.10.22 07:32:27.727,9.26271,9.26475,1.00,1.05
2015.10.22 07:32:28.043,9.26271,9.2648,1.00,1.35
2015.10.22 07:32:34.878,9.26271,9.26482,1.00,2.25
2015.10.22 07:32:35.518,9.26271,9.26483,1.00,1.67
2015.10.22 07:32:35.569,9.26271,9.26479,1.00,1.05
2015.10.22 07:32:35.772,9.26271,9.26483,1.00,1.75
2015.10.22 07:32:41.837,9.2628,9.26491,1.00,2.47
2015.10.22 07:32:45.303,9.2628,9.26488,1.00,2.17
2015.10.22 07:32:45.878,9.26266,9.26478,1.00,1.67
2015.10.22 07:32:55.048,9.26266,9.26478,1.00,1.67
2015.10.22 07:32:55.357,9.26266,9.26464,1.00,1.05
2015.10.22 07:32:55.658,9.26266,9.26464,1.00,1.42
2015.10.22 07:32:56.539,9.26266,9.26464,1.00,1.35
2015.10.22 07:33:01.899,9.2626,9.26464,1.00,1.05
2015.10.22 07:33:04.472,9.2626,9.26464,1.00,1.42
2015.10.22 07:33:04.678,9.2626,9.26464,1.00,1.35
2015.10.22 07:33:04.780,9.2626,9.26471,1.00,1.05
2015.10.22 07:33:05.443,9.2626,9.26472,1.00,1.75
2015.10.22 07:33:05.545,9.2626,9.26443,1.00,2.10
2015.10.22 07:33:05.697,9.26244,9.26443,1.00,2.47
2015.10.22 07:33:05.799,9.26227,9.26404,1.00,1.35
2015.10.22 07:33:06.145,9.26212,9.26403,1.00,1.12
2015.10.22 07:33:06.247,9.26198,9.26403,1.00,1.12
2015.10.22 07:33:06.459,9.26198,9.26404,1.00,1.35
2015.10.22 07:33:06.662,9.26198,9.26404,1.00,1.42
2015.10.22 07:33:06.915,9.26198,9.2641,1.00,1.97
2015.10.22 07:33:07.320,9.26198,9.26345,1.00,2.10
2015.10.22 07:33:07.523,9.26175,9.26387,1.00,1.60
2015.10.22 07:33:07.779,9.26175,9.26387,1.00,1.60
2015.10.22 07:33:08.017,9.26175,9.26387,1.00,1.60
2015.10.22 07:33:08.652,9.26189,9.26401,1.00,1.00
2015.10.22 07:33:08.919,9.26204,9.26416,1.00,1.00
2015.10.22 07:33:10.553,9.26184,9.26396,1.00,1.00
2015.10.22 07:33:10.900,9.26201,9.26413,1.00,1.00
2015.10.22 07:33:12.849,9.26217,9.26429,1.00,1.00
2015.10.22 07:33:13.154,9.26232,9.26444,1.00,1.00
2015.10.22 07:33:13.459,9.26223,9.26435,1.00,1.00
2015.10.22 07:33:13.864,9.26209,9.26421,1.00,1.00
2015.10.22 07:33:14.214,9.26192,9.26404,1.00,1.00
2015.10.22 07:33:14.518,9.26218,9.2643,1.00,1.00
2015.10.22 07:33:15.167,9.26204,9.26416,1.00,1.00
2015.10.22 07:33:15.630,9.26211,9.26423,1.00,1.00
2015.10.22 07:33:16.652,9.26197,9.26409,1.00,1.00
2015.10.22 07:33:16.990,9.26182,9.26394,1.00,1.00
2015.10.22 07:33:17.759,9.26227,9.26357,1.00,2.10
2015.10.22 07:33:17.861,9.2621,9.26353,1.00,2.10
2015.10.22 07:33:17.963,9.26185,9.26353,1.00,2.10
2015.10.22 07:33:18.065,9.26149,9.26348,1.00,2.10
2015.10.22 07:33:18.560,9.26149,9.2635,1.00,2.10
2015.10.22 07:33:19.081,9.26134,9.26346,1.00,1.60
2015.10.22 07:33:19.234,9.26134,9.26346,1.00,1.60
2015.10.22 07:33:19.336,9.26148,9.26351,1.00,2.10
2015.10.22 07:33:19.539,9.26148,9.26359,1.00,2.10
2015.10.22 07:33:20.067,9.26148,9.26359,1.00,2.10
2015.10.22 07:33:20.535,9.26148,9.2636,1.00,1.60
2015.10.22 07:33:21.287,9.26148,9.2636,1.00,1.60
2015.10.22 07:33:21.491,9.26162,9.2637,1.00,2.10
2015.10.22 07:33:21.846,9.26164,9.26368,1.00,2.10
2015.10.22 07:33:22.542,9.26164,9.26366,1.00,2.10
2015.10.22 07:33:22.853,9.26164,9.26362,1.00,2.10
2015.10.22 07:33:23.429,9.26164,9.2636,1.00,2.10
2015.10.22 07:33:23.769,9.26164,9.26362,1.00,2.10
2015.10.22 07:33:24.801,9.26164,9.26371,1.00,2.10
2015.10.22 07:33:24.953,9.26146,9.26358,1.07,1.60
2015.10.22 07:33:25.055,9.2616,9.2637,1.00,2.10
2015.10.22 07:33:25.507,9.2616,9.2637,1.37,2.10
2015.10.22 07:33:25.558,9.2616,9.26372,1.37,1.60
2015.10.22 07:33:25.861,9.2616,9.26372,1.37,1.60
2015.10.22 07:33:25.912,9.2616,9.26372,1.00,1.60
2015.10.22 07:33:26.064,9.2616,9.26367,1.00,2.10
2015.10.22 07:33:26.607,9.2616,9.26365,1.00,2.10
2015.10.22 07:33:26.954,9.26106,9.26318,1.37,1.00
2015.10.22 07:33:27.005,9.26106,9.26318,1.07,1.00
2015.10.22 07:33:27.056,9.26124,9.26336,1.00,1.60
2015.10.22 07:33:27.160,9.26124,9.26336,1.00,1.00
2015.10.22 07:33:27.312,9.26124,9.26336,1.00,1.60
2015.10.22 07:33:27.616,9.26124,9.26336,1.00,1.60
2015.10.22 07:33:27.877,9.2611,9.26322,1.00,1.00
2015.10.22 07:33:28.260,9.26096,9.26308,1.12,1.00
2015.10.22 07:33:28.311,9.26096,9.26308,1.00,1.07
2015.10.22 07:33:29.642,9.26096,9.26308,1.00,1.37
2015.10.22 07:33:30.048,9.26096,9.26308,1.00,1.97
2015.10.22 07:33:30.200,9.26072,9.26284,1.00,1.67
2015.10.22 07:33:30.302,9.26058,9.2627,1.00,1.75
2015.10.22 07:33:30.455,9.26058,9.2627,1.00,1.45
2015.10.22 07:33:30.667,9.26074,9.26288,1.00,1.75
2015.10.22 07:33:30.718,9.26074,9.26288,1.00,1.07
2015.10.22 07:33:30.769,9.26092,9.26304,1.00,1.37
2015.10.22 07:33:31.089,9.26092,9.26194,1.00,2.10
2015.10.22 07:33:31.190,9.2604,9.26191,1.37,2.10
2015.10.22 07:33:31.292,9.26005,9.26181,1.12,1.00
2015.10.22 07:33:31.394,9.25986,9.26197,1.12,1.00
2015.10.22 07:33:31.497,9.26026,9.26238,1.00,1.00
2015.10.22 07:33:31.549,9.26026,9.26238,1.07,1.00
2015.10.22 07:33:32.304,9.26026,9.26238,1.37,1.00
2015.10.22 07:33:33.290,9.26026,9.26238,1.37,1.00
2015.10.22 07:33:33.392,9.26026,9.26238,1.00,1.00
2015.10.22 07:33:33.800,9.26043,9.26255,1.00,1.37
2015.10.22 07:33:34.119,9.26003,9.26215,1.37,1.60
2015.10.22 07:33:34.170,9.26003,9.26201,1.00,1.60
2015.10.22 07:33:34.221,9.25969,9.26181,1.50,1.00
2015.10.22 07:33:34.374,9.25969,9.26181,1.37,1.07
2015.10.22 07:33:34.713,9.25969,9.26181,1.07,1.07
2015.10.22 07:33:36.499,9.25969,9.26181,1.10,1.07
2015.10.22 07:33:37.591,9.25969,9.26181,1.10,1.37
2015.10.22 07:33:37.895,9.25974,9.26181,1.75,1.10
2015.10.22 07:33:38.287,9.25981,9.26181,1.12,1.00
2015.10.22 07:33:38.770,9.25981,9.26181,1.12,1.00
2015.10.22 07:33:39.545,9.25974,9.26181,1.82,1.60
2015.10.22 07:33:39.649,9.25969,9.26181,1.75,1.60
2015.10.22 07:33:39.700,9.25968,9.26162,1.12,1.00
2015.10.22 07:33:39.902,9.25959,9.26162,1.12,1.00
2015.10.22 07:33:41.430,9.2595,9.26162,1.75,1.00
2015.10.22 07:33:41.707,9.25936,9.26148,1.00,1.07
2015.10.22 07:33:41.759,9.25936,9.26148,1.00,1.00
2015.10.22 07:33:41.810,9.25936,9.26064,1.00,2.10
2015.10.22 07:33:41.912,9.25933,9.26064,1.00,2.10
2015.10.22 07:33:42.014,9.25904,9.26057,1.00,2.10
2015.10.22 07:33:42.065,9.25904,9.26025,1.00,2.10
2015.10.22 07:33:42.117,9.25849,9.26025,1.00,2.10
2015.10.22 07:33:42.218,9.25823,9.26025,1.00,2.10
2015.10.22 07:33:42.320,9.2579,9.26002,1.00,1.60
2015.10.22 07:33:42.423,9.25775,9.25987,1.00,1.60
2015.10.22 07:33:42.727,9.25761,9.25973,1.00,1.60
2015.10.22 07:33:42.958,9.25723,9.25935,1.00,1.00
2015.10.22 07:33:43.011,9.2574,9.25952,1.00,1.00
2015.10.22 07:33:43.461,9.2574,9.25947,1.00,1.00
2015.10.22 07:33:43.513,9.25715,9.25927,1.00,1.00
2015.10.22 07:33:44.396,9.257,9.25914,1.00,1.00
2015.10.22 07:33:44.956,9.25686,9.259,1.00,1.00
2015.10.22 07:33:47.560,9.25672,9.25884,1.00,1.00
2015.10.22 07:33:47.965,9.25689,9.25903,1.00,1.00
2015.10.22 07:34:00.378,9.25707,9.25919,1.00,1.00
2015.10.22 07:34:00.480,9.2572,9.25934,1.00,1.00
2015.10.22 07:34:00.804,9.2572,9.25934,1.75,1.00
2015.10.22 07:34:01.172,9.25735,9.25947,1.37,1.00
2015.10.22 07:34:01.476,9.25735,9.25947,1.37,1.00
2015.10.22 07:34:01.987,9.2575,9.25962,1.07,1.00
2015.10.22 07:34:02.696,9.2575,9.25962,1.37,1.00
2015.10.22 07:34:03.351,9.2575,9.25962,1.07,1.00
2015.10.22 07:34:04.596,9.25764,9.25976,1.00,1.00
2015.10.22 07:34:04.908,9.25779,9.25991,1.00,1.00
2015.10.22 07:34:05.229,9.25762,9.25974,1.00,1.00
2015.10.22 07:34:05.533,9.25777,9.25989,1.00,1.00
2015.10.22 07:34:05.880,9.25761,9.25973,1.00,1.00
2015.10.22 07:34:06.892,9.25777,9.25991,1.00,1.00
2015.10.22 07:34:07.417,9.25764,9.25976,1.00,1.00
2015.10.22 07:34:07.721,9.25777,9.25991,1.00,1.00
2015.10.22 07:34:08.118,9.25761,9.25973,1.00,1.00
2015.10.22 07:34:08.773,9.25776,9.25988,1.00,1.00
2015.10.22 07:34:09.078,9.25762,9.25974,1.00,1.00
2015.10.22 07:34:09.977,9.25778,9.2599,1.00,1.00
2015.10.22 07:34:12.911,9.25764,9.25976,1.00,1.00
2015.10.22 07:34:13.215,9.25779,9.25991,1.00,1.00
2015.10.22 07:34:13.688,9.25761,9.25973,1.00,1.00
2015.10.22 07:34:14.710,9.25775,9.25987,1.00,1.00
2015.10.22 07:34:17.618,9.25761,9.25973,1.00,1.00
2015.10.22 07:34:18.018,9.25778,9.2599,1.00,1.00
2015.10.22 07:34:18.795,9.25764,9.25976,1.00,1.00
2015.10.22 07:34:21.901,9.25773,9.25985,1.00,1.00
2015.10.22 07:34:22.306,9.25756,9.25968,1.00,1.60
2015.10.22 07:34:22.458,9.25715,9.25927,1.75,1.00
2015.10.22 07:34:22.509,9.25697,9.25903,1.12,1.00
2015.10.22 07:34:22.611,9.25716,9.25922,1.37,1.00
2015.10.22 07:34:22.662,9.25804,9.25928,1.60,1.00
2015.10.22 07:34:22.764,9.25862,9.26021,1.00,1.12
2015.10.22 07:34:22.815,9.25876,9.26034,1.00,1.12
2015.10.22 07:34:22.916,9.25876,9.26059,1.00,1.12
2015.10.22 07:34:22.967,9.25876,9.26079,1.00,1.12
2015.10.22 07:34:23.018,9.2589,9.26079,1.00,1.12
2015.10.22 07:34:23.120,9.2589,9.26096,1.00,1.87
2015.10.22 07:34:23.637,9.2587,9.26078,1.00,1.07
2015.10.22 07:34:23.688,9.25866,9.26078,1.00,1.07
2015.10.22 07:34:23.739,9.25846,9.26021,1.00,1.00
2015.10.22 07:34:23.790,9.25809,9.26021,1.00,1.00
2015.10.22 07:34:27.280,9.25809,9.25982,1.00,2.10
2015.10.22 07:34:27.331,9.25789,9.25995,1.00,1.60
2015.10.22 07:34:27.382,9.25783,9.25993,1.00,2.10
2015.10.22 07:34:27.433,9.25804,9.2596,2.13,1.60
2015.10.22 07:34:27.535,9.25808,9.2598,1.26,1.00
2015.10.22 07:34:27.587,9.25808,9.26019,1.26,1.00
2015.10.22 07:34:27.813,9.25891,9.26026,1.00,1.00
2015.10.22 07:34:27.864,9.25891,9.26105,1.00,1.00
2015.10.22 07:34:27.915,9.2593,9.26124,1.00,1.00
2015.10.22 07:34:27.966,9.2593,9.26142,1.00,1.00
2015.10.22 07:34:28.425,9.2593,9.26133,1.00,1.00
2015.10.22 07:34:28.527,9.25914,9.26126,1.00,1.00
2015.10.22 07:34:28.629,9.25894,9.26103,1.00,1.00
2015.10.22 07:34:28.680,9.25891,9.26103,1.00,1.00
2015.10.22 07:34:28.731,9.25871,9.26078,1.00,1.00
2015.10.22 07:34:28.782,9.25866,9.26078,1.00,1.00
2015.10.22 07:34:28.833,9.25846,9.2605,1.00,1.00
2015.10.22 07:34:28.884,9.25838,9.2605,1.00,1.00
2015.10.22 07:34:29.139,9.25853,9.26065,1.00,1.00
2015.10.22 07:34:29.443,9.25851,9.26063,1.00,1.00
2015.10.22 07:34:30.035,9.25851,9.26063,1.00,1.60
2015.10.22 07:34:30.137,9.25831,9.26042,1.37,1.00
2015.10.22 07:34:30.361,9.25803,9.25996,1.82,1.00
2015.10.22 07:34:30.513,9.25794,9.25996,1.37,1.00
2015.10.22 07:34:30.564,9.25794,9.25996,1.00,1.00
2015.10.22 07:34:30.615,9.25804,9.25996,1.00,1.00
2015.10.22 07:34:30.926,9.25795,9.25996,1.12,1.00
2015.10.22 07:34:31.229,9.25758,9.25945,1.12,1.00
2015.10.22 07:34:31.651,9.25794,9.25965,1.12,1.00
2015.10.22 07:34:31.702,9.25794,9.25969,1.12,1.00
2015.10.22 07:34:31.854,9.25757,9.25969,1.82,1.00
2015.10.22 07:34:31.956,9.25757,9.25969,1.07,1.00
2015.10.22 07:34:32.007,9.25757,9.25969,1.00,1.00
2015.10.22 07:34:32.516,9.25757,9.25969,1.00,1.60
2015.10.22 07:34:32.618,9.25737,9.2594,1.00,1.35
2015.10.22 07:34:32.669,9.25728,9.2594,1.07,1.60
2015.10.22 07:34:32.720,9.25709,9.25921,1.82,1.00
2015.10.22 07:34:33.005,9.25709,9.25908,1.00,1.00
2015.10.22 07:34:33.056,9.2568,9.25861,1.12,1.00
2015.10.22 07:34:33.158,9.2572,9.2588,1.12,1.00
2015.10.22 07:34:33.260,9.2572,9.25897,1.12,1.00
2015.10.22 07:34:33.361,9.25721,9.25911,1.12,1.00
2015.10.22 07:34:33.716,9.25721,9.25925,1.12,1.00
2015.10.22 07:34:34.215,9.25737,9.25945,1.37,1.00
2015.10.22 07:34:34.317,9.25722,9.25936,1.82,1.00
2015.10.22 07:34:34.543,9.25739,9.25951,1.37,1.00
2015.10.22 07:34:35.657,9.25739,9.25951,1.07,1.00
2015.10.22 07:34:36.667,9.25739,9.25951,1.75,1.00
2015.10.22 07:34:36.770,9.25776,9.25967,1.12,1.00
2015.10.22 07:34:37.059,9.25796,9.25967,1.12,1.00
2015.10.22 07:34:37.365,9.25831,9.25967,1.12,1.00
2015.10.22 07:34:37.467,9.25831,9.25982,1.12,1.00
2015.10.22 07:34:37.518,9.25831,9.25982,1.12,1.60
2015.10.22 07:34:37.670,9.25766,9.25951,1.12,1.00
2015.10.22 07:34:37.721,9.25747,9.25951,1.12,1.35
2015.10.22 07:34:37.772,9.25747,9.25894,1.12,1.00
2015.10.22 07:34:38.076,9.25747,9.2588,1.12,1.00
2015.10.22 07:34:38.427,9.25726,9.2588,1.12,1.00
2015.10.22 07:34:38.478,9.25706,9.2588,1.12,1.00
2015.10.22 07:34:41.866,9.25706,9.25883,1.12,1.00
2015.10.22 07:34:45.241,9.25706,9.25868,1.12,1.00
2015.10.22 07:34:46.538,9.25706,9.25888,1.12,1.50
2015.10.22 07:34:47.156,9.25706,9.25903,1.12,1.00
2015.10.22 07:34:47.467,9.25706,9.25887,1.12,1.00
2015.10.22 07:34:47.867,9.25706,9.25891,1.12,1.00
2015.10.22 07:34:51.568,9.25706,9.25871,1.12,1.00
2015.10.22 07:34:51.771,9.25654,9.25832,1.12,1.00
2015.10.22 07:34:51.974,9.25624,9.25832,1.75,1.00
2015.10.22 07:34:52.025,9.25624,9.25832,1.00,1.00
2015.10.22 07:34:54.572,9.2562,9.25832,1.00,1.00
2015.10.22 07:34:54.674,9.25637,9.25849,1.00,1.00
2015.10.22 07:34:54.978,9.257,9.25859,1.12,1.00
2015.10.22 07:34:55.343,9.25701,9.25859,1.12,1.00
2015.10.22 07:34:55.451,9.25704,9.25879,1.12,1.50
2015.10.22 07:34:56.007,9.25704,9.25879,1.12,1.00
2015.10.22 07:35:00.307,9.25704,9.25902,1.12,1.00
2015.10.22 07:35:00.969,9.25724,9.25934,1.75,1.00
2015.10.22 07:35:01.237,9.25779,9.25956,1.12,1.50
2015.10.22 07:35:01.288,9.25805,9.25956,1.35,1.50
2015.10.22 07:35:01.339,9.2582,9.25965,1.12,1.00
2015.10.22 07:35:01.491,9.2582,9.25983,1.12,1.00
2015.10.22 07:35:01.542,9.259,9.25983,1.00,1.00
2015.10.22 07:35:01.593,9.25921,9.26086,1.00,1.00
2015.10.22 07:35:01.694,9.25939,9.26086,1.00,1.00
2015.10.22 07:35:01.796,9.25956,9.26116,1.00,1.00
2015.10.22 07:35:01.898,9.25938,9.26116,1.00,1.00
2015.10.22 07:35:01.999,9.25936,9.26116,1.00,1.00
2015.10.22 07:35:02.619,9.259,9.26114,1.37,1.00
2015.10.22 07:35:02.940,9.259,9.26097,1.00,1.00
2015.10.22 07:35:02.991,9.25887,9.26097,1.00,1.00
2015.10.22 07:35:03.042,9.25889,9.26099,1.00,1.00
2015.10.22 07:35:03.350,9.25909,9.26116,1.00,1.37
2015.10.22 07:35:03.829,9.25909,9.26096,1.00,1.00
2015.10.22 07:35:04.133,9.25909,9.26121,1.00,1.37
2015.10.22 07:35:04.184,9.25892,9.26104,1.00,1.75
2015.10.22 07:35:04.287,9.25852,9.26062,1.00,1.37
2015.10.22 07:35:04.338,9.2585,9.26062,1.00,1.37
2015.10.22 07:35:04.491,9.2585,9.26062,1.00,1.37
2015.10.22 07:35:04.542,9.2585,9.26062,1.00,1.97
2015.10.22 07:35:04.594,9.2583,9.26031,1.00,1.60
2015.10.22 07:35:04.645,9.25817,9.26031,1.00,1.60
2015.10.22 07:35:04.696,9.25798,9.26004,1.00,1.00
2015.10.22 07:35:04.950,9.25771,9.25983,1.00,1.00
2015.10.22 07:35:06.225,9.25757,9.25969,1.00,1.00
2015.10.22 07:35:07.442,9.25739,9.25951,1.37,1.60
2015.10.22 07:35:07.493,9.25719,9.25919,1.37,1.00
2015.10.22 07:35:07.544,9.25714,9.25919,1.00,1.00
2015.10.22 07:35:07.595,9.25714,9.25903,1.00,1.00
2015.10.22 07:35:08.407,9.25718,9.25923,1.00,1.35
2015.10.22 07:35:08.458,9.25718,9.2593,1.00,1.60
2015.10.22 07:35:08.696,9.25704,9.25914,1.12,1.00
2015.10.22 07:35:08.798,9.25724,9.25934,1.00,1.00
2015.10.22 07:35:08.849,9.25724,9.25936,1.00,1.00
2015.10.22 07:35:08.901,9.25742,9.25954,1.00,1.07
2015.10.22 07:35:09.213,9.25742,9.25954,1.07,1.00
2015.10.22 07:35:09.988,9.25757,9.25969,1.00,1.00
2015.10.22 07:35:15.804,9.25743,9.25955,1.07,1.00
2015.10.22 07:35:16.608,9.25758,9.2597,1.00,1.00
2015.10.22 07:35:16.709,9.25758,9.2597,1.75,1.00
2015.10.22 07:35:16.810,9.25772,9.25984,1.37,1.00
2015.10.22 07:35:16.912,9.25772,9.25984,1.75,1.00
2015.10.22 07:35:18.819,9.25793,9.25998,1.12,1.00
2015.10.22 07:35:19.218,9.25789,9.25998,1.12,1.00
2015.10.22 07:35:19.471,9.25786,9.25998,1.85,1.00
2015.10.22 07:35:20.097,9.25786,9.25996,1.75,1.00
2015.10.22 07:35:20.249,9.25786,9.25996,1.00,1.00
2015.10.22 07:35:21.400,9.25786,9.25998,1.00,1.00
2015.10.22 07:35:21.620,9.25786,9.25996,1.00,1.00
2015.10.22 07:35:22.632,9.25786,9.25998,1.00,1.00
2015.10.22 07:35:22.784,9.25786,9.25981,1.00,2.10
2015.10.22 07:35:22.834,9.25766,9.25965,1.37,1.60
2015.10.22 07:35:22.885,9.25755,9.25965,1.12,1.60
2015.10.22 07:35:22.987,9.25719,9.25931,1.75,1.00
2015.10.22 07:35:23.038,9.25732,9.25917,1.12,1.00
2015.10.22 07:35:23.240,9.25772,9.25952,1.37,1.00
2015.10.22 07:35:23.291,9.25772,9.25984,1.00,1.10
2015.10.22 07:35:23.393,9.25772,9.25976,1.00,1.00
2015.10.22 07:35:23.679,9.25786,9.25998,1.00,1.00
2015.10.22 07:35:23.730,9.25786,9.25998,1.37,1.00
2015.10.22 07:35:24.139,9.25771,9.25982,1.12,1.00
2015.10.22 07:35:24.241,9.25784,9.25996,1.37,1.00
2015.10.22 07:35:24.545,9.25792,9.25996,1.12,1.00
2015.10.22 07:35:24.880,9.25784,9.25996,1.87,1.00
2015.10.22 07:35:25.347,9.25772,9.25982,1.12,1.60
2015.10.22 07:35:25.398,9.25772,9.25982,1.12,1.60
2015.10.22 07:35:25.449,9.25758,9.25958,1.12,1.00
2015.10.22 07:35:25.500,9.25758,9.25958,1.12,1.00
2015.10.22 07:35:25.551,9.25758,9.2594,1.12,1.00
2015.10.22 07:35:27.053,9.25728,9.2594,1.75,1.00
2015.10.22 07:35:28.269,9.25728,9.2594,1.37,1.00
2015.10.22 07:35:33.438,9.25713,9.25925,1.82,1.00
2015.10.22 07:35:33.539,9.25726,9.2594,1.37,1.37
2015.10.22 07:35:33.641,9.25713,9.25925,1.82,1.00
2015.10.22 07:35:41.851,9.25721,9.25933,1.75,1.10
2015.10.22 07:35:43.265,9.25721,9.25933,1.75,1.70
2015.10.22 07:35:43.560,9.25682,9.25894,1.00,1.00
2015.10.22 07:35:43.661,9.25665,9.25877,1.07,1.00
2015.10.22 07:35:43.973,9.2568,9.25892,1.82,1.00
2015.10.22 07:35:44.075,9.2571,9.25922,1.00,1.67
2015.10.22 07:35:44.277,9.2571,9.25922,1.00,1.00
2015.10.22 07:35:44.328,9.2571,9.25922,1.00,1.07
2015.10.22 07:35:44.633,9.25737,9.25927,1.00,1.60
2015.10.22 07:35:44.786,9.25718,9.25927,1.00,1.35
2015.10.22 07:35:44.888,9.25703,9.25915,1.10,1.00
2015.10.22 07:35:44.990,9.25719,9.25927,1.00,1.60
2015.10.22 07:35:45.334,9.25679,9.2589,1.12,1.00
2015.10.22 07:35:45.899,9.25708,9.2592,1.00,1.00
2015.10.22 07:35:46.002,9.25691,9.25903,1.37,1.00
2015.10.22 07:35:46.256,9.25691,9.25903,1.37,1.00
2015.10.22 07:35:46.540,9.25725,9.25903,2.10,1.00
2015.10.22 07:35:46.692,9.25774,9.25941,1.00,1.07
2015.10.22 07:35:46.743,9.25774,9.25941,1.00,1.07
2015.10.22 07:35:46.845,9.25775,9.25979,1.00,1.05
2015.10.22 07:35:46.896,9.2579,9.25979,1.00,1.05
2015.10.22 07:35:47.099,9.25756,9.25954,1.00,1.07
2015.10.22 07:35:47.201,9.25741,9.25954,1.00,1.07
2015.10.22 07:35:47.413,9.25761,9.25954,1.00,1.00
2015.10.22 07:35:47.565,9.25739,9.25951,1.00,1.00
2015.10.22 07:35:48.079,9.25739,9.25951,1.37,1.00
2015.10.22 07:35:49.021,9.25739,9.25929,1.37,2.10
2015.10.22 07:35:49.275,9.25676,9.25888,1.75,1.60
2015.10.22 07:35:49.326,9.25676,9.25888,1.75,1.60
2015.10.22 07:35:49.814,9.25674,9.25868,1.82,1.00
2015.10.22 07:35:50.119,9.25669,9.25854,1.12,1.00
2015.10.22 07:35:50.477,9.25662,9.25854,1.12,1.00
2015.10.22 07:35:50.800,9.25655,9.25834,1.12,1.00
2015.10.22 07:35:51.053,9.2565,9.25834,1.12,1.00
2015.10.22 07:35:51.460,9.25655,9.25834,1.12,1.00
2015.10.22 07:35:51.511,9.25655,9.25849,1.12,1.00
2015.10.22 07:35:51.820,9.25641,9.25849,1.12,1.07
2015.10.22 07:35:52.447,9.25655,9.25849,1.12,1.00
2015.10.22 07:35:53.219,9.25646,9.25849,1.12,1.00
2015.10.22 07:35:53.761,9.25655,9.25849,1.12,1.00
2015.10.22 07:35:54.276,9.25655,9.25849,1.12,1.00
2015.10.22 07:35:54.538,9.25649,9.25849,1.12,1.00
2015.10.22 07:35:55.696,9.25649,9.25832,1.12,1.00
2015.10.22 07:35:55.747,9.25638,9.25832,1.12,1.00
2015.10.22 07:35:56.439,9.25648,9.25832,1.12,1.00
2015.10.22 07:35:58.390,9.25654,9.25832,1.12,1.00
2015.10.22 07:35:58.507,9.25647,9.25832,1.12,1.00
2015.10.22 07:35:58.608,9.25647,9.25846,1.12,1.00
2015.10.22 07:35:58.725,9.25655,9.25846,1.12,1.00
2015.10.22 07:36:01.699,9.25655,9.2583,1.12,1.00
2015.10.22 07:36:01.801,9.25616,9.2583,1.75,1.00
2015.10.22 07:36:01.903,9.25614,9.2582,1.75,1.00
2015.10.22 07:36:02.238,9.25608,9.2582,1.00,1.97
2015.10.22 07:36:02.289,9.25608,9.2582,1.00,1.97
2015.10.22 07:36:02.340,9.25594,9.25802,1.00,2.02
2015.10.22 07:36:02.443,9.25578,9.2579,1.00,1.47
2015.10.22 07:36:02.595,9.25578,9.2579,1.00,1.45
2015.10.22 07:36:02.697,9.25578,9.2579,1.00,1.10
2015.10.22 07:36:03.189,9.25578,9.2579,1.00,1.17
2015.10.22 07:36:03.341,9.25542,9.25754,1.00,1.00
2015.10.22 07:36:03.443,9.25557,9.25769,1.00,1.07
2015.10.22 07:36:03.595,9.25557,9.25769,1.00,1.00
2015.10.22 07:36:03.646,9.25541,9.25753,1.00,1.00
2015.10.22 07:36:03.950,9.25557,9.25769,1.00,1.00
2015.10.22 07:36:04.401,9.25553,9.25765,1.00,1.10
2015.10.22 07:36:04.807,9.25579,9.25791,1.00,1.07
2015.10.22 07:36:05.009,9.25579,9.25791,1.00,1.00
2015.10.22 07:36:05.111,9.25562,9.25774,1.00,1.00
2015.10.22 07:36:05.427,9.25567,9.25779,1.00,1.00
2015.10.22 07:36:05.807,9.25585,9.25797,1.00,1.12
2015.10.22 07:36:05.858,9.25585,9.25797,1.00,1.00
2015.10.22 07:36:06.112,9.25621,9.25812,1.00,1.60
2015.10.22 07:36:06.214,9.25604,9.25812,1.00,1.60
2015.10.22 07:36:06.430,9.25589,9.25801,1.00,1.00
2015.10.22 07:36:06.582,9.2561,9.25801,1.00,1.00
2015.10.22 07:36:06.735,9.25613,9.25812,1.00,1.42
2015.10.22 07:36:06.836,9.25598,9.2581,1.00,1.00
2015.10.22 07:36:07.221,9.25582,9.25794,1.00,1.00
2015.10.22 07:36:07.744,9.25568,9.2578,1.85,1.00
2015.10.22 07:36:08.765,9.25568,9.2578,1.00,1.00
2015.10.22 07:36:09.019,9.25551,9.25765,1.07,1.00
2015.10.22 07:36:09.070,9.25551,9.25765,1.00,1.00
2015.10.22 07:36:09.121,9.25589,9.25801,1.00,1.45
2015.10.22 07:36:09.223,9.25575,9.25787,1.00,1.12
2015.10.22 07:36:09.325,9.25559,9.25771,1.00,1.00
2015.10.22 07:36:09.426,9.2554,9.25752,1.00,1.00
2015.10.22 07:36:09.778,9.25554,9.25766,1.00,1.00
2015.10.22 07:36:10.084,9.25456,9.2567,1.75,1.60
2015.10.22 07:36:10.390,9.25434,9.25636,1.12,1.00
2015.10.22 07:36:10.492,9.25422,9.25636,1.10,1.60
2015.10.22 07:36:10.544,9.25422,9.25636,1.10,1.60
2015.10.22 07:36:10.859,9.25396,9.25603,1.12,1.00
2015.10.22 07:36:11.437,9.25429,9.25641,1.00,1.37
2015.10.22 07:36:11.488,9.25429,9.25641,1.00,1.00
2015.10.22 07:36:11.539,9.25443,9.25655,1.00,1.00
2015.10.22 07:36:12.316,9.25474,9.25655,1.00,1.00
2015.10.22 07:36:12.367,9.25494,9.25706,1.00,2.25
2015.10.22 07:36:12.418,9.25494,9.25704,1.00,1.00
2015.10.22 07:36:12.469,9.25472,9.25684,1.00,1.00
2015.10.22 07:36:12.571,9.25455,9.25667,1.00,1.00
2015.10.22 07:36:12.876,9.25476,9.25688,1.00,1.00
2015.10.22 07:36:13.347,9.25461,9.25673,1.37,1.00
2015.10.22 07:36:13.795,9.25461,9.25673,1.97,1.00
2015.10.22 07:36:13.846,9.25479,9.25691,1.60,1.00
2015.10.22 07:36:13.948,9.25504,9.25716,1.00,1.00
2015.10.22 07:36:13.999,9.25509,9.25716,1.12,1.00
2015.10.22 07:36:14.050,9.25518,9.2573,1.50,1.00
2015.10.22 07:36:14.151,9.25533,9.25745,1.07,1.00
2015.10.22 07:36:14.203,9.25533,9.25745,1.45,1.00
2015.10.22 07:36:14.445,9.25569,9.25781,1.00,1.00
2015.10.22 07:36:14.546,9.25569,9.25781,1.37,1.00
2015.10.22 07:36:14.850,9.25574,9.25781,1.12,1.00
2015.10.22 07:36:14.952,9.25584,9.25796,1.50,1.00
2015.10.22 07:36:15.053,9.25601,9.25813,1.07,1.00
2015.10.22 07:36:16.360,9.25585,9.25797,1.50,1.00
2015.10.22 07:36:16.856,9.25585,9.25797,1.82,1.00
2015.10.22 07:36:17.201,9.25581,9.25783,1.12,1.00
2015.10.22 07:36:19.627,9.25574,9.25783,1.12,1.00
2015.10.22 07:36:20.279,9.25571,9.25783,1.82,1.00
2015.10.22 07:36:20.507,9.25575,9.25783,1.12,1.00
2015.10.22 07:36:21.573,9.25575,9.25759,1.12,2.10
2015.10.22 07:36:21.776,9.25581,9.25726,1.12,1.00
2015.10.22 07:36:21.827,9.25581,9.25726,1.12,1.00
2015.10.22 07:36:22.030,9.25515,9.25684,1.12,1.00
2015.10.22 07:36:22.238,9.25551,9.25684,1.12,1.00
2015.10.22 07:36:22.290,9.25566,9.25775,1.12,1.00
2015.10.22 07:36:22.596,9.25574,9.25775,1.12,1.00
2015.10.22 07:36:23.393,9.25577,9.25789,1.82,1.00
2015.10.22 07:36:24.048,9.25577,9.25789,1.45,1.00
2015.10.22 07:36:24.256,9.25577,9.25789,1.07,1.00
2015.10.22 07:36:24.556,9.25577,9.25789,1.82,1.00
2015.10.22 07:36:25.227,9.25597,9.25789,1.12,1.00
2015.10.22 07:36:25.480,9.25597,9.25804,1.12,1.00
2015.10.22 07:36:26.806,9.25607,9.25819,1.37,1.00
2015.10.22 07:36:32.899,9.25597,9.25796,1.12,1.00
2015.10.22 07:36:33.507,9.25589,9.25796,1.12,1.00
2015.10.22 07:36:33.819,9.25584,9.25796,1.82,1.00
2015.10.22 07:36:34.645,9.25589,9.25726,1.12,1.00
2015.10.22 07:36:34.797,9.25538,9.25683,1.12,1.00
2015.10.22 07:36:34.899,9.25538,9.25664,1.12,1.00
2015.10.22 07:36:35.051,9.25531,9.25664,1.12,1.00
2015.10.22 07:36:35.153,9.25515,9.25664,1.12,1.00
2015.10.22 07:36:35.254,9.255,9.25664,1.12,1.00
2015.10.22 07:36:35.406,9.255,9.2565,1.12,1.00
2015.10.22 07:36:35.787,9.255,9.2565,1.12,1.60
2015.10.22 07:36:36.094,9.25387,9.25599,1.87,1.00
2015.10.22 07:36:36.196,9.25402,9.25614,1.37,1.00
2015.10.22 07:36:36.298,9.25383,9.25583,1.12,1.00
2015.10.22 07:36:36.350,9.25383,9.25583,1.12,1.00
2015.10.22 07:36:36.401,9.25396,9.25608,1.37,1.00
2015.10.22 07:36:37.434,9.25383,9.25593,1.12,1.00
2015.10.22 07:36:37.778,9.25383,9.25577,1.12,1.00
2015.10.22 07:36:38.337,9.25376,9.25577,1.12,1.00
2015.10.22 07:36:41.095,9.25365,9.25577,1.07,1.00
2015.10.22 07:36:43.253,9.25424,9.25607,1.00,1.82
2015.10.22 07:36:43.362,9.25401,9.25607,1.00,1.75
2015.10.22 07:36:43.413,9.25401,9.25593,1.00,1.00
2015.10.22 07:36:43.464,9.25361,9.25573,1.07,1.00
2015.10.22 07:36:44.729,9.25347,9.25559,1.45,1.00
2015.10.22 07:36:45.313,9.25347,9.25559,1.45,1.00
2015.10.22 07:36:50.084,9.25347,9.25559,1.00,1.07
2015.10.22 07:36:50.186,9.25347,9.25559,1.47,1.00
2015.10.22 07:36:53.527,9.25347,9.25559,1.45,1.00
2015.10.22 07:36:55.514,9.25347,9.25559,1.45,1.60
2015.10.22 07:36:55.856,9.25326,9.25517,1.12,1.00
2015.10.22 07:36:55.907,9.25315,9.25517,1.12,1.00
2015.10.22 07:36:56.059,9.25305,9.25517,1.00,1.00
2015.10.22 07:36:56.262,9.25305,9.25517,1.07,1.50
2015.10.22 07:36:56.364,9.25305,9.25517,1.75,1.00
2015.10.22 07:36:56.466,9.25305,9.25517,1.00,1.00
2015.10.22 07:36:57.564,9.25291,9.25503,1.00,1.00
2015.10.22 07:36:57.909,9.25291,9.25503,1.82,1.00
2015.10.22 07:36:58.016,9.25291,9.25503,1.00,1.00
2015.10.22 07:36:58.219,9.25291,9.25503,1.00,1.07
2015.10.22 07:36:58.270,9.25277,9.25489,1.00,1.00
2015.10.22 07:36:58.371,9.25293,9.25505,1.00,1.07
2015.10.22 07:36:58.741,9.25293,9.25505,1.75,1.07
2015.10.22 07:36:59.045,9.25307,9.25505,1.12,1.00
2015.10.22 07:37:00.303,9.25313,9.25525,1.82,1.97
2015.10.22 07:37:00.890,9.25307,9.25511,1.12,1.00
2015.10.22 07:37:01.387,9.25304,9.25515,1.75,1.05
2015.10.22 07:37:01.439,9.25304,9.25514,1.37,1.35
2015.10.22 07:37:01.541,9.25283,9.25495,1.82,1.07
2015.10.22 07:37:01.694,9.25314,9.25515,1.00,1.12
2015.10.22 07:37:01.847,9.25314,9.25526,1.07,1.82
2015.10.22 07:37:02.001,9.25319,9.25531,1.37,1.37
2015.10.22 07:37:02.305,9.25287,9.25501,1.00,1.10
2015.10.22 07:37:02.507,9.25287,9.25501,1.00,1.07
2015.10.22 07:37:02.825,9.25315,9.2552,1.00,1.42
2015.10.22 07:37:03.059,9.25315,9.25527,1.00,1.97
2015.10.22 07:37:03.770,9.2533,9.25527,1.00,1.97
2015.10.22 07:37:03.872,9.25308,9.2552,1.00,1.07
2015.10.22 07:37:03.973,9.25293,9.25505,1.00,1.37
2015.10.22 07:37:04.277,9.25339,9.25548,1.00,1.12
2015.10.22 07:37:04.582,9.25369,9.25545,1.00,1.12
2015.10.22 07:37:04.941,9.25369,9.25556,1.00,1.45
2015.10.22 07:37:05.093,9.25385,9.25546,1.00,1.37
2015.10.22 07:37:05.445,9.25385,9.25526,1.00,1.00
2015.10.22 07:37:05.966,9.25363,9.25526,1.00,1.00
2015.10.22 07:37:06.119,9.25363,9.25536,1.00,1.07
2015.10.22 07:37:06.651,9.25363,9.25526,1.00,1.00
2015.10.22 07:37:07.217,9.2538,9.25526,1.00,1.00
2015.10.22 07:37:07.319,9.25366,9.25527,1.00,1.00
2015.10.22 07:37:07.522,9.25352,9.25527,1.00,1.00
2015.10.22 07:37:07.624,9.25366,9.25527,1.00,1.00
2015.10.22 07:37:07.675,9.25366,9.25536,1.00,1.00
2015.10.22 07:37:07.726,9.25351,9.25536,1.00,1.00
2015.10.22 07:37:07.828,9.25372,9.25536,1.00,1.07
2015.10.22 07:37:07.980,9.25356,9.25526,1.00,1.00
2015.10.22 07:37:08.082,9.25356,9.25536,1.00,1.07
2015.10.22 07:37:08.358,9.25356,9.25526,1.00,1.00
2015.10.22 07:37:10.192,9.25377,9.25526,1.00,1.00
2015.10.22 07:37:11.691,9.25358,9.25526,1.00,1.00
2015.10.22 07:37:12.747,9.25358,9.25526,1.00,1.37
2015.10.22 07:37:13.862,9.25358,9.25526,1.00,1.00
2015.10.22 07:37:13.913,9.25378,9.25526,1.00,1.00
2015.10.22 07:37:14.421,9.25378,9.25527,1.00,1.00
2015.10.22 07:37:15.156,9.25378,9.25526,1.00,1.00
2015.10.22 07:37:15.309,9.25362,9.25526,1.00,1.00
2015.10.22 07:37:15.360,9.25362,9.25546,1.00,1.57
2015.10.22 07:37:15.512,9.25375,9.25546,1.00,1.57
2015.10.22 07:37:16.381,9.25375,9.25546,1.00,1.50
2015.10.22 07:37:20.182,9.25375,9.25536,1.00,1.00
2015.10.22 07:37:20.406,9.25375,9.25547,1.00,1.00
2015.10.22 07:37:20.457,9.25375,9.25547,1.00,1.37
2015.10.22 07:37:20.674,9.25375,9.25547,1.00,1.00
2015.10.22 07:37:21.947,9.25379,9.25547,1.00,1.00
2015.10.22 07:37:23.396,9.25379,9.25536,1.00,1.00
2015.10.22 07:37:24.353,9.25379,9.25556,1.00,1.07
2015.10.22 07:37:26.576,9.25363,9.25556,1.00,1.07
2015.10.22 07:37:26.729,9.25363,9.25575,1.00,1.37
2015.10.22 07:37:26.780,9.2538,9.25592,1.00,1.82
2015.10.22 07:37:27.085,9.2538,9.25592,1.00,1.37
2015.10.22 07:37:27.186,9.2538,9.25592,1.00,1.00
2015.10.22 07:37:27.834,9.2538,9.25592,1.07,1.00
2015.10.22 07:37:27.885,9.25394,9.25602,1.00,1.10
2015.10.22 07:37:32.016,9.25394,9.25602,1.07,1.00
2015.10.22 07:37:32.765,9.25393,9.25602,1.12,1.00
2015.10.22 07:37:34.295,9.25393,9.25602,1.37,1.00
2015.10.22 07:37:34.900,9.25407,9.25602,1.00,1.00
2015.10.22 07:37:35.153,9.25407,9.25619,1.00,1.60
2015.10.22 07:37:35.255,9.25423,9.25627,1.00,1.60
2015.10.22 07:37:35.306,9.25423,9.25627,1.00,1.60
2015.10.22 07:37:35.559,9.25423,9.25619,1.07,2.10
2015.10.22 07:37:35.762,9.25379,9.25591,1.37,1.60
2015.10.22 07:37:35.813,9.2538,9.25591,1.12,1.00
2015.10.22 07:37:36.117,9.25395,9.25584,1.12,1.00
2015.10.22 07:37:36.373,9.25378,9.25584,1.12,1.00
2015.10.22 07:37:36.525,9.25375,9.25584,1.12,1.00
2015.10.22 07:37:36.898,9.25375,9.2557,1.12,1.00
2015.10.22 07:37:36.949,9.25363,9.2557,1.12,1.00
2015.10.22 07:37:37.000,9.25376,9.25588,1.75,1.00
2015.10.22 07:37:37.202,9.25376,9.25588,1.82,1.00
2015.10.22 07:37:37.304,9.25389,9.25603,1.50,1.00
2015.10.22 07:37:37.728,9.25389,9.25603,1.00,1.07
2015.10.22 07:37:38.706,9.25389,9.25603,1.07,1.10
2015.10.22 07:37:39.159,9.25389,9.25603,1.00,1.12
2015.10.22 07:37:39.261,9.25376,9.25588,1.00,1.00
2015.10.22 07:37:39.362,9.25362,9.25574,1.00,1.00
2015.10.22 07:37:39.667,9.25362,9.25574,1.45,1.00
2015.10.22 07:37:40.385,9.25362,9.25574,1.15,1.00
2015.10.22 07:37:40.714,9.25362,9.25574,1.00,1.37
2015.10.22 07:37:41.899,9.25355,9.25567,1.00,1.37
2015.10.22 07:37:42.153,9.25355,9.25567,1.00,1.75
2015.10.22 07:37:42.484,9.25355,9.25567,1.00,1.82
2015.10.22 07:37:42.700,9.25355,9.25559,1.00,1.12
2015.10.22 07:37:43.126,9.25355,9.25563,1.00,1.12
2015.10.22 07:37:43.673,9.25355,9.25549,1.00,1.12
2015.10.22 07:37:45.634,9.2534,9.25548,1.00,1.12
2015.10.22 07:37:45.685,9.2534,9.25552,1.00,1.75
2015.10.22 07:37:45.887,9.2534,9.25552,1.00,1.75
2015.10.22 07:37:46.999,9.2534,9.25552,1.00,1.15
2015.10.22 07:37:47.102,9.2534,9.25552,1.00,1.37
2015.10.22 07:37:49.273,9.2534,9.25552,1.00,1.57
2015.10.22 07:37:59.734,9.25325,9.25537,1.00,1.07
2015.10.22 07:37:59.939,9.25325,9.25537,1.00,1.75
2015.10.22 07:38:00.374,9.25325,9.25537,1.00,1.45
2015.10.22 07:38:00.729,9.25341,9.25553,1.00,1.87
2015.10.22 07:38:01.710,9.25341,9.25553,1.00,1.50
2015.10.22 07:38:01.862,9.25345,9.25557,1.00,1.47
2015.10.22 07:38:02.529,9.25331,9.25543,1.00,1.07
2015.10.22 07:38:02.964,9.25331,9.25543,1.00,1.37
2015.10.22 07:38:05.037,9.25331,9.25543,1.00,1.07
2015.10.22 07:38:05.239,9.25345,9.25557,1.00,1.37
2015.10.22 07:38:06.773,9.25355,9.25557,2.10,1.37
2015.10.22 07:38:06.875,9.25379,9.25582,1.60,1.12
2015.10.22 07:38:06.926,9.25401,9.25582,1.00,1.12
2015.10.22 07:38:07.180,9.254,9.25597,1.00,1.45
2015.10.22 07:38:07.424,9.2535,9.25562,1.00,1.12
2015.10.22 07:38:07.576,9.25336,9.25548,1.37,1.00
2015.10.22 07:38:10.163,9.25336,9.25548,1.00,1.00
2015.10.22 07:38:10.272,9.25336,9.25548,1.60,1.00
2015.10.22 07:38:10.586,9.25391,9.25594,1.00,1.12
2015.10.22 07:38:10.757,9.25391,9.25594,1.00,1.12
2015.10.22 07:38:11.274,9.25391,9.25603,1.75,1.75
2015.10.22 07:38:11.510,9.25391,9.25603,1.75,1.00
2015.10.22 07:38:12.176,9.25391,9.25603,1.00,1.75
2015.10.22 07:38:12.714,9.25391,9.25603,1.75,1.00
2015.10.22 07:38:15.811,9.25391,9.25603,1.75,1.60
2015.10.22 07:38:16.155,9.25391,9.25589,1.00,1.82
2015.10.22 07:38:16.206,9.25359,9.25569,1.12,1.07
2015.10.22 07:38:18.325,9.25359,9.25569,1.12,1.00
2015.10.22 07:38:18.426,9.25371,9.25583,1.75,1.00
2015.10.22 07:38:18.477,9.25386,9.25598,1.00,1.75
2015.10.22 07:38:18.529,9.25386,9.25598,1.75,1.00
2015.10.22 07:38:19.316,9.25386,9.25598,1.75,1.00
2015.10.22 07:38:19.418,9.254,9.25612,1.37,1.00
2015.10.22 07:38:19.673,9.25417,9.25629,1.07,1.00
2015.10.22 07:38:19.775,9.25431,9.25643,1.00,1.07
2015.10.22 07:38:20.081,9.25431,9.25643,1.07,1.07
2015.10.22 07:38:20.385,9.25431,9.25643,1.82,1.00
2015.10.22 07:38:23.106,9.25448,9.2566,1.37,1.00
2015.10.22 07:38:23.582,9.25448,9.2566,1.37,1.00
2015.10.22 07:38:23.684,9.25466,9.25678,1.10,1.07
2015.10.22 07:38:23.735,9.25466,9.25678,1.75,1.00
2015.10.22 07:38:24.061,9.25467,9.25678,1.12,1.00
2015.10.22 07:38:25.045,9.25466,9.25678,1.45,1.00
2015.10.22 07:38:25.962,9.25483,9.25695,1.00,1.00
2015.10.22 07:38:26.013,9.25483,9.25695,1.07,1.00
2015.10.22 07:38:29.558,9.25483,9.25695,1.67,1.00
2015.10.22 07:38:29.906,9.2558,9.25783,1.00,1.37
2015.10.22 07:38:29.957,9.2558,9.25792,1.00,1.00
2015.10.22 07:38:30.008,9.25598,9.2581,1.00,1.00
2015.10.22 07:38:30.311,9.25613,9.25825,1.00,1.00
2015.10.22 07:38:30.818,9.25636,9.25845,1.00,1.00
2015.10.22 07:38:30.869,9.25636,9.25848,1.00,1.00
2015.10.22 07:38:33.967,9.25636,9.25848,1.00,1.50
2015.10.22 07:38:34.407,9.2565,9.25858,1.00,1.12
2015.10.22 07:38:34.724,9.2565,9.25862,1.00,1.87
2015.10.22 07:38:35.030,9.25664,9.25846,1.00,1.00
2015.10.22 07:38:35.812,9.25664,9.25876,1.00,2.25
2015.10.22 07:38:35.922,9.25664,9.25876,1.00,1.50
2015.10.22 07:38:36.235,9.25686,9.25896,1.00,1.50
2015.10.22 07:38:36.337,9.25686,9.25898,1.00,1.00
2015.10.22 07:38:37.441,9.25708,9.25918,1.00,1.00
2015.10.22 07:38:37.492,9.25708,9.25922,1.00,1.00
2015.10.22 07:38:37.795,9.25708,9.2592,1.00,1.12
2015.10.22 07:38:38.443,9.25737,9.25941,1.00,1.00
2015.10.22 07:38:38.494,9.25737,9.25949,1.00,1.00
2015.10.22 07:38:38.545,9.25768,9.25969,1.00,1.00
2015.10.22 07:38:38.596,9.25768,9.2598,1.00,1.00
2015.10.22 07:38:38.648,9.25787,9.26001,1.00,1.50
2015.10.22 07:38:38.749,9.25804,9.26016,1.00,1.37
2015.10.22 07:38:39.053,9.25827,9.26031,1.00,1.12
2015.10.22 07:38:39.307,9.25827,9.26033,1.00,1.12
2015.10.22 07:38:39.749,9.25852,9.26033,1.00,1.12
2015.10.22 07:38:41.938,9.2586,9.26033,1.00,1.12
2015.10.22 07:38:45.246,9.25878,9.26033,1.00,1.12
2015.10.22 07:38:45.550,9.25831,9.26026,1.00,1.82
2015.10.22 07:38:45.602,9.25831,9.2598,1.00,1.00
2015.10.22 07:38:45.653,9.25748,9.2596,1.00,1.00
2015.10.22 07:38:45.704,9.25765,9.2596,1.00,1.00
2015.10.22 07:38:45.755,9.25785,9.25997,1.00,1.00
2015.10.22 07:38:45.806,9.25788,9.25997,1.00,1.00
2015.10.22 07:38:45.857,9.25808,9.2602,1.00,1.00
2015.10.22 07:38:45.908,9.25823,9.2602,1.00,1.00
2015.10.22 07:38:46.319,9.25874,9.26049,1.00,1.12
2015.10.22 07:38:47.868,9.25874,9.26039,1.00,1.35
2015.10.22 07:38:47.970,9.25854,9.26039,1.00,1.35
2015.10.22 07:38:48.021,9.25854,9.26009,1.00,1.35
2015.10.22 07:38:48.072,9.25825,9.26009,1.00,1.35
2015.10.22 07:38:48.174,9.25798,9.26009,1.00,1.35
2015.10.22 07:38:48.225,9.25798,9.25989,1.00,1.12
2015.10.22 07:38:48.478,9.25784,9.25989,1.00,1.12
2015.10.22 07:38:49.889,9.25768,9.25982,1.00,1.85
2015.10.22 07:38:50.721,9.25768,9.25982,1.00,1.85
2015.10.22 07:38:50.991,9.25768,9.25982,1.00,1.37
2015.10.22 07:38:51.912,9.25768,9.25982,1.00,1.82
2015.10.22 07:38:52.720,9.25768,9.25977,1.00,1.12
2015.10.22 07:38:53.078,9.25768,9.2597,1.00,1.12
2015.10.22 07:38:54.049,9.25768,9.259,1.00,2.10
2015.10.22 07:38:54.100,9.25755,9.25899,1.00,2.10
2015.10.22 07:38:54.151,9.25755,9.25896,1.00,2.10
2015.10.22 07:38:54.202,9.2572,9.25896,1.00,2.10
2015.10.22 07:38:54.253,9.25681,9.25893,1.00,1.60
2015.10.22 07:38:54.355,9.25646,9.25858,1.75,1.60
2015.10.22 07:38:54.508,9.25646,9.25858,1.75,1.60
2015.10.22 07:38:54.738,9.25646,9.25858,1.75,1.60
2015.10.22 07:38:54.789,9.25646,9.25854,1.00,1.35
2015.10.22 07:38:54.891,9.25646,9.25854,1.00,1.35
2015.10.22 07:38:54.993,9.25632,9.25844,1.75,1.60
2015.10.22 07:38:55.045,9.25632,9.25841,1.00,1.42
2015.10.22 07:38:55.360,9.25632,9.25833,1.00,1.50
2015.10.22 07:38:55.462,9.25632,9.25839,1.00,2.10
2015.10.22 07:38:58.463,9.25654,9.25866,1.00,1.00
2015.10.22 07:38:58.565,9.25672,9.25884,1.00,1.00
2015.10.22 07:38:58.768,9.25696,9.2591,1.00,1.00
2015.10.22 07:38:59.007,9.25713,9.25925,1.00,1.00
2015.10.22 07:38:59.318,9.25732,9.25944,1.00,1.07
2015.10.22 07:39:00.070,9.25732,9.25944,1.00,1.67
2015.10.22 07:39:00.172,9.25709,9.25902,1.00,1.00
2015.10.22 07:39:00.546,9.25709,9.25902,1.00,1.37
2015.10.22 07:39:00.850,9.25709,9.25902,1.00,1.85
2015.10.22 07:39:01.062,9.25709,9.25902,1.00,1.47
2015.10.22 07:39:01.323,9.25709,9.25902,1.00,1.00
2015.10.22 07:39:01.893,9.25711,9.25902,1.00,1.00
2015.10.22 07:39:02.581,9.25697,9.25902,1.00,1.00
2015.10.22 07:39:02.682,9.25711,9.25902,1.00,1.00
2015.10.22 07:39:03.390,9.25711,9.25902,1.00,1.37
2015.10.22 07:39:03.492,9.25711,9.25902,1.00,1.12
2015.10.22 07:39:03.594,9.25711,9.25902,1.00,1.00
2015.10.22 07:39:03.645,9.25711,9.25923,1.00,1.00
2015.10.22 07:39:03.696,9.25733,9.25945,1.00,1.07
2015.10.22 07:39:04.307,9.25748,9.2596,1.00,1.85
2015.10.22 07:39:04.948,9.25748,9.2596,1.00,1.07
2015.10.22 07:39:05.173,9.25748,9.2596,1.00,1.75
2015.10.22 07:39:05.596,9.25748,9.2596,1.00,1.07
2015.10.22 07:39:05.698,9.25769,9.25981,1.00,1.82
2015.10.22 07:39:06.053,9.25769,9.25981,1.00,1.12
2015.10.22 07:39:06.387,9.25769,9.25981,1.00,1.07
2015.10.22 07:39:06.808,9.25787,9.25999,1.00,1.82
2015.10.22 07:39:07.461,9.25787,9.25999,1.00,1.82
2015.10.22 07:39:07.819,9.25787,9.25999,1.60,1.75
2015.10.22 07:39:08.123,9.25847,9.26032,1.00,1.12
2015.10.22 07:39:08.427,9.25847,9.26005,1.00,1.12
2015.10.22 07:39:08.478,9.25847,9.26019,1.00,1.12
2015.10.22 07:39:08.906,9.25847,9.26008,1.00,1.12
2015.10.22 07:39:09.210,9.25847,9.26032,1.00,1.12
2015.10.22 07:39:09.261,9.25847,9.26053,1.00,1.12
2015.10.22 07:39:09.464,9.25847,9.2604,1.00,1.12
2015.10.22 07:39:09.566,9.25847,9.26055,1.07,1.12
2015.10.22 07:39:09.617,9.25863,9.26055,1.00,1.12
2015.10.22 07:39:10.119,9.25863,9.26056,1.00,1.12
2015.10.22 07:39:10.564,9.25863,9.26045,1.00,1.12
2015.10.22 07:39:10.615,9.25843,9.26045,1.50,1.12
2015.10.22 07:39:10.768,9.25843,9.2604,1.00,1.12
2015.10.22 07:39:11.021,9.25829,9.2603,1.00,1.35
2015.10.22 07:39:11.073,9.25829,9.26003,1.00,1.35
2015.10.22 07:39:11.124,9.25808,9.26003,1.50,1.35
2015.10.22 07:39:11.226,9.25794,9.25968,1.00,1.12
2015.10.22 07:39:11.753,9.25794,9.25966,1.00,1.12
2015.10.22 07:39:12.320,9.25794,9.25948,1.00,1.12
2015.10.22 07:39:12.742,9.25794,9.25952,1.00,1.12
2015.10.22 07:39:13.407,9.25794,9.25931,1.00,1.12
2015.10.22 07:39:13.458,9.25778,9.25931,1.00,1.12
2015.10.22 07:39:13.509,9.25778,9.2599,1.00,1.00
2015.10.22 07:39:14.435,9.25777,9.25989,1.00,1.00
2015.10.22 07:39:14.486,9.25777,9.25989,1.00,1.75
2015.10.22 07:39:14.537,9.2576,9.25967,1.00,1.12
2015.10.22 07:39:14.639,9.25746,9.25958,1.00,1.75
2015.10.22 07:39:14.741,9.25732,9.25944,1.00,1.07
2015.10.22 07:39:15.293,9.25732,9.25944,1.00,1.07
2015.10.22 07:39:16.044,9.25732,9.25944,1.00,1.00
2015.10.22 07:39:18.858,9.25718,9.2593,1.00,1.00
2015.10.22 07:39:19.538,9.25703,9.25915,1.00,1.00
2015.10.22 07:39:20.339,9.25683,9.25895,1.00,1.00
2015.10.22 07:39:21.958,9.25687,9.25899,1.00,1.00
2015.10.22 07:39:24.233,9.25701,9.25913,1.00,1.00
2015.10.22 07:39:25.146,9.25686,9.25898,1.00,1.00
2015.10.22 07:39:26.574,9.25669,9.25881,1.00,1.00
2015.10.22 07:39:26.881,9.25687,9.25899,1.00,1.00
2015.10.22 07:39:27.185,9.25671,9.25883,1.00,1.00
2015.10.22 07:39:29.589,9.25656,9.25868,1.00,1.00
2015.10.22 07:39:31.447,9.2567,9.25882,1.00,1.00
2015.10.22 07:39:36.283,9.25656,9.25868,1.00,1.00
2015.10.22 07:39:37.803,9.25642,9.25854,1.00,1.00
2015.10.22 07:39:41.603,9.25623,9.25835,1.00,1.00
2015.10.22 07:39:41.931,9.25627,9.25839,1.00,1.00
2015.10.22 07:39:44.493,9.25641,9.25855,1.00,1.00
2015.10.22 07:39:44.747,9.25641,9.25855,1.07,1.00
2015.10.22 07:39:45.051,9.25641,9.25855,1.57,1.00
2015.10.22 07:39:45.406,9.25641,9.25855,1.45,1.00
2015.10.22 07:39:45.688,9.2566,9.25872,1.07,1.00
2015.10.22 07:39:46.885,9.25675,9.25887,1.00,1.00
2015.10.22 07:39:47.260,9.25675,9.25887,1.12,1.00
2015.10.22 07:39:47.560,9.25675,9.25887,1.00,1.00
2015.10.22 07:39:59.340,9.25661,9.25873,1.00,1.00
2015.10.22 07:40:02.439,9.25645,9.25859,1.00,1.00
2015.10.22 07:40:04.367,9.25661,9.25875,1.00,1.00
2015.10.22 07:40:13.148,9.25676,9.2589,1.00,1.37
2015.10.22 07:40:21.927,9.25701,9.25904,1.00,1.12
2015.10.22 07:40:23.457,9.25716,9.25904,1.00,1.12
2015.10.22 07:40:24.487,9.2573,9.25923,1.00,1.12
2015.10.22 07:40:24.809,9.2573,9.25928,1.00,1.12
2015.10.22 07:40:25.072,9.25712,9.25924,1.00,1.82
2015.10.22 07:40:25.277,9.25697,9.25909,1.00,1.37
2015.10.22 07:40:25.481,9.25715,9.25927,1.00,1.82
2015.10.22 07:40:25.818,9.25729,9.25928,1.00,1.12
2015.10.22 07:40:27.073,9.25715,9.25927,1.00,1.82
2015.10.22 07:40:27.376,9.25701,9.25913,1.00,1.37
2015.10.22 07:40:27.594,9.25725,9.25928,1.00,1.12
2015.10.22 07:40:28.754,9.25741,9.25928,1.00,1.12
2015.10.22 07:40:29.239,9.25755,9.25927,1.00,1.42
2015.10.22 07:40:29.543,9.25735,9.25889,1.00,1.12
2015.10.22 07:40:30.298,9.25709,9.25889,1.00,1.12
2015.10.22 07:40:30.501,9.25709,9.25889,1.00,1.12
2015.10.22 07:40:31.035,9.25709,9.25889,1.00,1.12
2015.10.22 07:40:31.738,9.25709,9.25878,1.00,1.12
2015.10.22 07:40:32.464,9.25694,9.25878,1.00,1.12
2015.10.22 07:40:32.515,9.25694,9.25869,1.00,1.12
2015.10.22 07:40:32.819,9.25694,9.25861,1.00,1.12
2015.10.22 07:40:35.406,9.25678,9.25861,1.00,1.12
2015.10.22 07:40:35.561,9.25678,9.25861,1.00,1.12
2015.10.22 07:40:41.782,9.25668,9.25846,1.00,1.12
2015.10.22 07:40:43.482,9.25651,9.25846,1.00,1.12
2015.10.22 07:40:46.499,9.25665,9.25846,1.00,1.12
2015.10.22 07:40:50.224,9.25665,9.25857,1.00,1.12
2015.10.22 07:40:50.527,9.25665,9.25865,1.00,1.12
2015.10.22 07:40:51.325,9.2568,9.25865,1.00,1.12
2015.10.22 07:40:56.383,9.2568,9.25872,1.00,1.12
2015.10.22 07:40:56.485,9.2568,9.25872,1.00,1.12
2015.10.22 07:40:56.791,9.25695,9.25882,1.00,1.12
2015.10.22 07:40:57.111,9.25695,9.25894,1.00,1.12
2015.10.22 07:40:58.651,9.25695,9.25883,1.00,1.12
2015.10.22 07:41:00.542,9.25695,9.25886,1.00,1.12
2015.10.22 07:41:01.943,9.25698,9.25896,1.00,1.12
2015.10.22 07:41:06.916,9.25684,9.25896,1.00,1.12
2015.10.22 07:41:11.142,9.25701,9.25896,1.00,1.12
2015.10.22 07:41:11.345,9.25701,9.2589,1.00,1.12
2015.10.22 07:41:11.446,9.25701,9.259,1.00,1.12
2015.10.22 07:41:11.548,9.25701,9.259,1.07,1.12
2015.10.22 07:41:11.963,9.25701,9.25911,1.07,1.12
2015.10.22 07:41:12.356,9.25715,9.25911,1.00,1.12
2015.10.22 07:41:17.261,9.25715,9.25891,1.00,2.47
2015.10.22 07:41:17.363,9.25694,9.25893,1.37,2.47
2015.10.22 07:41:17.414,9.2569,9.25876,1.37,1.60
2015.10.22 07:41:17.617,9.25632,9.25844,1.75,1.00
2015.10.22 07:41:17.718,9.25632,9.25844,1.10,1.37
2015.10.22 07:41:17.769,9.25653,9.25858,1.00,1.12
2015.10.22 07:41:18.259,9.25679,9.25872,1.00,1.12
2015.10.22 07:41:20.792,9.25679,9.25882,1.00,1.12
2015.10.22 07:41:21.833,9.25691,9.25882,1.00,1.12
2015.10.22 07:41:23.973,9.25691,9.25893,1.00,1.12
2015.10.22 07:41:24.800,9.25691,9.25871,1.00,2.17
2015.10.22 07:41:24.852,9.25671,9.25869,1.07,2.17
2015.10.22 07:41:24.955,9.25645,9.25842,1.07,1.67
2015.10.22 07:41:25.006,9.25637,9.25842,1.12,1.67
2015.10.22 07:41:25.310,9.25674,9.25855,1.00,1.12
2015.10.22 07:41:25.614,9.25709,9.25872,1.00,1.12
2015.10.22 07:41:25.872,9.25671,9.25872,1.00,1.12
2015.10.22 07:41:26.267,9.25686,9.25872,1.00,1.12
2015.10.22 07:41:28.973,9.257,9.25872,1.00,1.12
2015.10.22 07:41:29.522,9.257,9.25885,1.00,1.12
2015.10.22 07:41:29.575,9.25686,9.25885,1.00,1.12
2015.10.22 07:41:29.676,9.25701,9.25885,1.00,1.12
2015.10.22 07:41:30.485,9.25686,9.25885,1.00,1.12
2015.10.22 07:41:40.831,9.25686,9.25873,1.00,1.12
2015.10.22 07:41:41.785,9.25684,9.25873,1.00,1.12
2015.10.22 07:41:43.266,9.25693,9.25873,1.00,1.12
2015.10.22 07:41:44.209,9.25677,9.25873,1.00,1.12
2015.10.22 07:41:53.700,9.25691,9.25873,1.00,1.12
2015.10.22 07:41:53.938,9.25691,9.25883,1.00,1.12
2015.10.22 07:42:00.231,9.25705,9.25883,1.00,1.12
2015.10.22 07:42:00.535,9.25689,9.25885,1.07,1.12
2015.10.22 07:42:00.750,9.25689,9.25876,1.00,1.82
2015.10.22 07:42:01.054,9.25703,9.25876,1.00,1.82
2015.10.22 07:42:01.343,9.25684,9.2588,1.00,1.12
2015.10.22 07:42:01.495,9.25684,9.25863,1.00,1.12
2015.10.22 07:42:01.821,9.25687,9.25872,1.00,1.12
2015.10.22 07:42:05.109,9.25687,9.25873,1.00,1.12
2015.10.22 07:42:09.312,9.25687,9.25885,1.00,1.12
2015.10.22 07:42:09.966,9.25687,9.25873,1.00,1.12
2015.10.22 07:42:14.031,9.25687,9.25872,1.00,1.12
2015.10.22 07:42:17.100,9.25687,9.2587,1.00,1.12
2015.10.22 07:42:19.567,9.25673,9.2587,1.00,1.12
2015.10.22 07:42:21.771,9.25679,9.2587,1.00,1.12
2015.10.22 07:42:23.302,9.2566,9.2587,1.00,1.12
2015.10.22 07:42:23.504,9.25675,9.25866,1.00,1.85
2015.10.22 07:42:23.606,9.25675,9.25866,1.00,1.85
2015.10.22 07:42:24.801,9.25675,9.25855,1.00,1.12
2015.10.22 07:42:27.811,9.25675,9.25873,1.00,1.12
2015.10.22 07:42:29.236,9.25675,9.25878,1.00,1.12
2015.10.22 07:42:33.357,9.25675,9.25873,1.00,1.12
2015.10.22 07:42:35.616,9.25675,9.25874,1.00,1.12
2015.10.22 07:42:37.491,9.25675,9.25887,1.00,1.82
2015.10.22 07:42:41.973,9.25681,9.25886,1.00,1.82
2015.10.22 07:42:47.822,9.25681,9.25876,1.00,1.12
2015.10.22 07:43:00.796,9.25681,9.25866,1.00,1.82
2015.10.22 07:43:01.400,9.25667,9.25857,1.00,1.37
2015.10.22 07:43:01.770,9.25667,9.25857,1.00,1.87
2015.10.22 07:43:01.924,9.25658,9.25866,1.00,1.82
2015.10.22 07:43:02.025,9.25658,9.25866,1.00,1.82
2015.10.22 07:43:02.778,9.25672,9.25872,1.00,1.12
2015.10.22 07:43:03.002,9.25672,9.25872,1.00,1.12
2015.10.22 07:43:03.206,9.25657,9.25869,1.00,1.82
2015.10.22 07:43:09.326,9.25671,9.25872,1.00,1.12
2015.10.22 07:43:11.205,9.25654,9.25868,1.00,1.82
2015.10.22 07:43:11.408,9.2567,9.25872,1.00,1.12
2015.10.22 07:43:11.560,9.2567,9.25882,1.00,1.82
2015.10.22 07:43:11.611,9.25685,9.25886,1.00,1.12
2015.10.22 07:43:12.114,9.25685,9.25866,1.00,1.37
2015.10.22 07:43:12.226,9.25685,9.25866,1.00,1.37
2015.10.22 07:43:12.530,9.25666,9.25874,1.00,1.12
2015.10.22 07:43:12.581,9.25666,9.25868,1.00,1.12
2015.10.22 07:43:15.773,9.25666,9.25878,1.00,1.82
2015.10.22 07:43:22.062,9.25661,9.25875,1.00,1.57
2015.10.22 07:43:22.769,9.25661,9.25869,1.00,1.12
2015.10.22 07:43:23.072,9.25648,9.2586,1.00,1.47
2015.10.22 07:43:31.028,9.25648,9.2586,1.00,1.37
2015.10.22 07:43:32.695,9.25648,9.25856,1.00,1.75
2015.10.22 07:43:32.820,9.25648,9.25851,1.00,1.12
2015.10.22 07:43:36.078,9.25648,9.25836,1.00,1.37
2015.10.22 07:43:36.675,9.25719,9.25836,1.00,1.37
2015.10.22 07:43:36.878,9.25717,9.2588,1.00,1.12
2015.10.22 07:43:36.981,9.25697,9.25859,1.00,1.15
2015.10.22 07:43:37.032,9.25645,9.25859,1.00,1.15
2015.10.22 07:43:37.084,9.25625,9.2583,1.00,1.00
2015.10.22 07:43:37.135,9.25618,9.2583,1.00,1.00
2015.10.22 07:43:37.186,9.25643,9.2585,1.00,1.37
2015.10.22 07:43:37.439,9.25643,9.25855,1.00,1.10
2015.10.22 07:43:37.591,9.25629,9.25841,1.07,1.00
2015.10.22 07:43:37.794,9.25643,9.25855,1.00,1.10
2015.10.22 07:43:38.000,9.25661,9.25861,1.00,1.07
2015.10.22 07:43:39.464,9.25677,9.25885,1.00,1.12
2015.10.22 07:43:40.885,9.25663,9.25875,1.00,1.47
2015.10.22 07:43:41.702,9.25678,9.25885,1.00,1.12
2015.10.22 07:43:52.410,9.25695,9.25885,1.00,1.12
2015.10.22 07:43:52.512,9.2568,9.25885,1.00,1.12
2015.10.22 07:43:57.009,9.25665,9.25871,1.00,1.12
2015.10.22 07:43:58.614,9.25679,9.25871,1.00,1.12
2015.10.22 07:44:00.420,9.25665,9.25871,1.00,1.12
2015.10.22 07:44:00.927,9.25679,9.25871,1.00,1.12
2015.10.22 07:44:01.489,9.25679,9.25864,1.00,1.12
2015.10.22 07:44:01.940,9.25672,9.25864,1.00,1.12
2015.10.22 07:44:02.441,9.25658,9.25864,1.00,1.12
2015.10.22 07:44:09.644,9.25658,9.25868,1.00,1.12
2015.10.22 07:44:13.261,9.25658,9.2587,1.00,1.37
2015.10.22 07:44:13.553,9.25673,9.25883,1.00,1.12
2015.10.22 07:44:21.936,9.25677,9.25883,1.00,1.12
2015.10.22 07:44:23.253,9.25702,9.25883,1.00,1.12
2015.10.22 07:44:23.495,9.25702,9.25896,1.00,1.12
2015.10.22 07:44:26.567,9.25685,9.25896,1.00,1.12
2015.10.22 07:44:26.722,9.25685,9.25899,1.00,1.37
2015.10.22 07:44:27.272,9.25722,9.25904,1.00,1.45
2015.10.22 07:44:27.374,9.2568,9.25892,1.00,1.07
2015.10.22 07:44:27.758,9.25706,9.25904,1.00,1.45
2015.10.22 07:44:28.083,9.2572,9.25904,1.00,1.07
2015.10.22 07:44:33.004,9.25737,9.25916,1.00,1.97
2015.10.22 07:44:33.105,9.25737,9.25922,1.00,1.97
2015.10.22 07:44:33.775,9.25722,9.25915,1.00,1.27
2015.10.22 07:44:34.312,9.25722,9.25902,1.00,1.07
2015.10.22 07:44:34.701,9.25708,9.25897,1.00,1.07
2015.10.22 07:44:34.803,9.25694,9.25902,1.00,1.15
2015.10.22 07:44:34.854,9.25694,9.25902,1.00,1.45
2015.10.22 07:44:35.006,9.25677,9.25889,1.00,1.12
2015.10.22 07:44:35.158,9.25682,9.25889,1.00,1.57
2015.10.22 07:44:35.487,9.25701,9.25902,1.00,1.82
2015.10.22 07:44:35.587,9.25701,9.25902,1.00,1.45
2015.10.22 07:44:39.896,9.2568,9.25892,1.00,1.37
2015.10.22 07:44:40.316,9.25696,9.25893,1.00,1.12
2015.10.22 07:44:40.519,9.25681,9.25893,1.00,1.87
2015.10.22 07:44:40.620,9.25664,9.25876,1.00,1.37
2015.10.22 07:44:40.721,9.25681,9.25893,1.00,1.87
2015.10.22 07:44:41.113,9.25697,9.25893,1.00,1.12
2015.10.22 07:44:41.815,9.25705,9.25893,1.00,1.12
2015.10.22 07:44:42.767,9.25705,9.25902,1.00,1.45
2015.10.22 07:44:43.933,9.25687,9.25899,1.00,1.45
2015.10.22 07:44:44.938,9.25705,9.25902,1.00,1.45
2015.10.22 07:44:45.040,9.25686,9.25898,1.00,1.45
2015.10.22 07:44:45.141,9.25703,9.25902,1.00,1.45
2015.10.22 07:44:45.930,9.25689,9.25901,1.00,1.45
2015.10.22 07:44:46.812,9.25703,9.25902,1.00,1.45
2015.10.22 07:44:46.914,9.25681,9.25893,1.00,1.37
2015.10.22 07:44:47.657,9.25696,9.25902,1.00,1.45
2015.10.22 07:44:47.759,9.25682,9.25894,1.00,1.37
2015.10.22 07:44:47.961,9.25696,9.25902,1.00,1.45
2015.10.22 07:44:48.113,9.2568,9.25892,1.00,1.37
2015.10.22 07:44:48.215,9.25701,9.25902,1.00,1.45
2015.10.22 07:44:48.438,9.25685,9.25897,1.00,1.47
2015.10.22 07:44:48.540,9.25699,9.25902,1.00,1.45
2015.10.22 07:44:52.632,9.25684,9.25896,1.00,1.37
2015.10.22 07:44:54.107,9.25684,9.25895,1.00,1.12
2015.10.22 07:44:55.997,9.25686,9.25895,1.00,1.12
2015.10.22 07:44:56.445,9.25706,9.25902,1.00,1.45
2015.10.22 07:44:56.760,9.25692,9.25902,1.00,1.45
2015.10.22 07:44:57.157,9.25692,9.25898,1.00,1.12
2015.10.22 07:44:58.595,9.25671,9.25879,1.00,1.37
2015.10.22 07:44:58.647,9.25667,9.25879,1.00,1.37
2015.10.22 07:45:00.196,9.25653,9.25865,1.00,1.00
2015.10.22 07:45:01.890,9.25658,9.2587,1.00,1.07
2015.10.22 07:45:02.890,9.25665,9.25874,1.00,1.07
2015.10.22 07:45:02.992,9.25647,9.25859,1.00,1.07
2015.10.22 07:45:03.808,9.25662,9.25874,1.00,1.45
2015.10.22 07:45:04.010,9.2567,9.25882,1.00,1.07
2015.10.22 07:45:04.468,9.25655,9.25867,1.00,1.00
2015.10.22 07:45:05.677,9.2567,9.25882,1.00,1.07
2015.10.22 07:45:05.981,9.25686,9.25898,1.00,1.75
2015.10.22 07:45:07.722,9.25672,9.25884,1.00,1.37
2015.10.22 07:45:08.067,9.25658,9.25866,1.00,1.12
2015.10.22 07:45:09.595,9.25658,9.2587,1.00,1.37
2015.10.22 07:45:10.712,9.25658,9.2587,1.00,1.57
2015.10.22 07:45:15.723,9.25643,9.25857,1.00,1.37
2015.10.22 07:45:15.985,9.25643,9.25857,1.00,1.07
2015.10.22 07:45:21.107,9.25659,9.25871,1.00,1.37
2015.10.22 07:45:21.475,9.25659,9.25871,1.00,1.07
2015.10.22 07:45:21.525,9.25643,9.25855,1.07,1.00
2015.10.22 07:45:21.859,9.25647,9.25859,1.37,1.00
2015.10.22 07:45:22.562,9.25647,9.25859,1.00,1.00
2015.10.22 07:45:27.322,9.25647,9.25859,1.00,1.07
2015.10.22 07:45:35.563,9.25647,9.25859,1.00,1.37
2015.10.22 07:45:35.875,9.25647,9.25859,1.00,1.45
2015.10.22 07:45:41.853,9.25653,9.25865,1.00,1.82
2015.10.22 07:45:48.318,9.25653,9.25865,1.00,1.37
2015.10.22 07:45:48.747,9.25653,9.25865,1.00,1.82
2015.10.22 07:45:49.870,9.25653,9.25865,1.00,1.37
2015.10.22 07:45:49.971,9.25653,9.25865,1.00,1.07
2015.10.22 07:45:50.481,9.25637,9.25849,1.07,1.00
2015.10.22 07:45:55.706,9.25654,9.25866,1.00,1.07
2015.10.22 07:45:55.808,9.25671,9.25876,1.00,1.12
2015.10.22 07:45:55.932,9.25671,9.25876,1.00,1.00
2015.10.22 07:45:56.545,9.25671,9.25883,1.00,1.12
2015.10.22 07:45:57.659,9.25671,9.25876,1.00,1.00
2015.10.22 07:46:01.962,9.25662,9.25874,1.00,1.00
2015.10.22 07:46:02.287,9.25662,9.25874,1.75,1.00
2015.10.22 07:46:02.601,9.25683,9.25876,1.00,1.00
2015.10.22 07:46:03.706,9.25697,9.25876,1.00,1.00
2015.10.22 07:46:04.485,9.25683,9.25876,1.10,1.00
2015.10.22 07:46:06.960,9.25683,9.25866,1.10,1.00
2015.10.22 07:46:14.998,9.25667,9.25866,1.07,1.00
2015.10.22 07:46:15.100,9.25667,9.25856,1.07,1.00
2015.10.22 07:46:15.706,9.25667,9.25856,1.00,1.00
2015.10.22 07:46:16.060,9.25667,9.25846,1.00,1.00
2015.10.22 07:46:16.540,9.25667,9.25856,1.00,1.00
2015.10.22 07:46:17.303,9.25667,9.25846,1.00,1.00
2015.10.22 07:46:20.568,9.25667,9.25856,1.00,1.00
2015.10.22 07:46:21.954,9.25676,9.25856,1.00,1.00
2015.10.22 07:46:22.777,9.25676,9.25866,1.00,1.00
2015.10.22 07:46:24.336,9.25676,9.25866,1.75,1.75
2015.10.22 07:46:28.649,9.25692,9.25876,1.00,1.85
2015.10.22 07:46:30.462,9.25676,9.25876,1.75,1.85
2015.10.22 07:46:32.960,9.25691,9.25866,1.00,1.75
2015.10.22 07:46:34.296,9.25691,9.25866,1.00,1.75
2015.10.22 07:46:41.893,9.25681,9.25856,1.00,1.75
2015.10.22 07:46:47.465,9.25665,9.25866,1.75,1.75
2015.10.22 07:46:57.416,9.25679,9.25856,1.00,1.75
2015.10.22 07:46:59.831,9.25663,9.25856,1.75,1.75
2015.10.22 07:47:00.085,9.25663,9.25846,1.75,1.00
2015.10.22 07:47:00.539,9.25663,9.25856,1.75,1.75
2015.10.22 07:47:00.641,9.25663,9.25846,1.75,1.00
2015.10.22 07:47:00.887,9.25663,9.25846,1.00,1.00
2015.10.22 07:47:01.314,9.25663,9.25836,1.00,1.00
2015.10.22 07:47:01.998,9.25659,9.25836,1.12,1.00
2015.10.22 07:47:02.416,9.25659,9.25826,1.12,1.00
2015.10.22 07:47:02.468,9.25659,9.25826,1.00,1.00
2015.10.22 07:47:02.722,9.25642,9.25826,1.37,1.00
2015.10.22 07:47:02.824,9.25625,9.25837,1.15,1.07
2015.10.22 07:47:03.054,9.25625,9.25837,1.37,1.00
2015.10.22 07:47:04.394,9.25625,9.25826,1.37,1.00
2015.10.22 07:47:05.522,9.25625,9.25816,1.37,1.00
2015.10.22 07:47:06.014,9.25625,9.25816,1.07,1.00
2015.10.22 07:47:06.657,9.25625,9.25806,1.07,1.00
2015.10.22 07:47:06.981,9.25625,9.25796,1.07,1.00
2015.10.22 07:47:07.316,9.25612,9.25796,1.00,1.00
2015.10.22 07:47:07.367,9.25612,9.25786,1.00,1.00
2015.10.22 07:47:07.417,9.25609,9.25786,1.07,1.00
2015.10.22 07:47:07.519,9.25593,9.25786,1.00,1.00
2015.10.22 07:47:07.570,9.25593,9.25776,1.00,1.00
2015.10.22 07:47:07.621,9.25579,9.25776,1.07,1.00
2015.10.22 07:47:07.835,9.25582,9.25776,1.37,1.00
2015.10.22 07:47:08.191,9.25579,9.25776,1.50,1.00
2015.10.22 07:47:08.344,9.25579,9.25766,1.50,1.00
2015.10.22 07:47:09.626,9.25579,9.25776,1.50,1.00
2015.10.22 07:47:10.633,9.25579,9.25766,1.50,1.00
2015.10.22 07:47:10.734,9.25579,9.25766,1.00,1.00
2015.10.22 07:47:10.887,9.25579,9.25736,1.00,1.00
2015.10.22 07:47:10.938,9.25564,9.25736,1.00,1.00
2015.10.22 07:47:11.039,9.25546,9.25736,1.00,1.00
2015.10.22 07:47:11.141,9.25508,9.25719,1.12,1.00
2015.10.22 07:47:11.582,9.25514,9.25719,1.12,1.00
2015.10.22 07:47:11.963,9.25507,9.25719,1.75,1.00
2015.10.22 07:47:12.064,9.25507,9.25719,1.75,1.00
2015.10.22 07:47:12.734,9.25507,9.25719,1.37,1.00
2015.10.22 07:47:12.944,9.25507,9.25719,1.75,1.00
2015.10.22 07:47:13.248,9.25511,9.25719,1.12,1.00
2015.10.22 07:47:13.501,9.25507,9.25719,1.82,1.00
2015.10.22 07:47:13.909,9.25507,9.25719,1.45,1.00
2015.10.22 07:47:14.623,9.25507,9.25706,1.37,1.00
2015.10.22 07:47:14.674,9.25507,9.25706,1.00,1.00
2015.10.22 07:47:14.725,9.25489,9.25701,1.75,1.00
2015.10.22 07:47:15.325,9.25489,9.25701,1.00,1.00
2015.10.22 07:47:15.535,9.25472,9.25686,1.00,1.00
2015.10.22 07:47:15.638,9.25442,9.25654,1.37,1.00
2015.10.22 07:47:15.953,9.2544,9.25622,1.12,1.00
2015.10.22 07:47:16.218,9.2544,9.25622,1.12,1.00
2015.10.22 07:47:16.674,9.2543,9.25622,1.12,1.00
2015.10.22 07:47:16.946,9.25428,9.25608,1.12,1.00
2015.10.22 07:47:17.219,9.25428,9.25608,1.12,1.00
2015.10.22 07:47:17.427,9.25424,9.25608,1.12,1.00
2015.10.22 07:47:17.784,9.2542,9.25608,1.12,1.00
2015.10.22 07:47:18.230,9.2541,9.2559,1.12,1.00
2015.10.22 07:47:18.722,9.25408,9.25604,1.12,1.00
2015.10.22 07:47:18.823,9.25408,9.2559,1.12,1.00
2015.10.22 07:47:19.435,9.25408,9.2559,1.12,1.00
2015.10.22 07:47:19.982,9.25402,9.2559,1.12,1.00
2015.10.22 07:47:20.395,9.25409,9.2559,1.12,1.00
2015.10.22 07:47:20.750,9.25417,9.2559,1.12,1.00
2015.10.22 07:47:21.185,9.25428,9.2559,1.12,1.00
2015.10.22 07:47:21.917,9.25423,9.25602,1.12,1.00
2015.10.22 07:47:22.342,9.25427,9.25589,1.12,1.00
2015.10.22 07:47:22.718,9.25427,9.25589,1.12,1.00
2015.10.22 07:47:22.820,9.25425,9.25602,1.12,1.00
2015.10.22 07:47:25.637,9.25425,9.25617,1.12,1.00
2015.10.22 07:47:27.102,9.25425,9.25617,1.12,1.00
2015.10.22 07:47:27.467,9.2544,9.25617,1.12,1.00
2015.10.22 07:47:27.795,9.25448,9.25593,1.12,1.00
2015.10.22 07:47:27.998,9.25439,9.25593,1.12,1.00
2015.10.22 07:47:28.253,9.25429,9.25609,1.12,1.00
2015.10.22 07:47:28.354,9.25429,9.25591,1.12,1.00
2015.10.22 07:47:28.965,9.25429,9.25593,1.12,1.00
2015.10.22 07:47:29.069,9.25429,9.25629,1.12,1.00
2015.10.22 07:47:29.272,9.25429,9.25596,1.12,1.00
2015.10.22 07:47:29.374,9.25429,9.25623,1.12,1.00
2015.10.22 07:47:29.476,9.25429,9.2562,1.12,1.00
2015.10.22 07:47:29.781,9.25429,9.25601,1.12,1.00
2015.10.22 07:47:29.947,9.25429,9.25615,1.12,1.00
2015.10.22 07:47:30.170,9.25429,9.25633,1.12,1.00
2015.10.22 07:47:30.272,9.25429,9.2562,1.12,1.00
2015.10.22 07:47:30.638,9.25429,9.2562,1.12,1.00
2015.10.22 07:47:31.054,9.25445,9.25599,1.12,1.00
2015.10.22 07:47:31.956,9.2544,9.25599,1.12,1.00
2015.10.22 07:47:32.714,9.2543,9.25618,1.12,1.00
2015.10.22 07:47:33.521,9.25406,9.25618,1.75,1.00
2015.10.22 07:47:33.572,9.25406,9.25618,1.00,1.00
2015.10.22 07:47:33.775,9.25451,9.25663,1.00,1.00
2015.10.22 07:47:34.079,9.25474,9.25686,1.00,1.00
2015.10.22 07:47:34.389,9.25488,9.257,1.00,1.00
2015.10.22 07:47:34.700,9.25504,9.25716,1.00,1.00
2015.10.22 07:47:35.654,9.25482,9.25694,1.00,1.00
2015.10.22 07:47:35.966,9.25465,9.25677,1.00,1.00
2015.10.22 07:47:36.401,9.25434,9.25646,1.50,1.00
2015.10.22 07:47:36.554,9.2545,9.25662,1.07,1.00
2015.10.22 07:47:36.657,9.25434,9.25646,1.50,1.00
2015.10.22 07:47:37.667,9.25424,9.25629,1.12,1.00
2015.10.22 07:47:37.769,9.25441,9.25653,1.37,1.00
2015.10.22 07:47:37.870,9.25424,9.25632,1.12,1.00
2015.10.22 07:47:41.892,9.25428,9.2564,1.82,1.00
2015.10.22 07:47:52.883,9.25444,9.25658,1.12,1.00
2015.10.22 07:47:52.985,9.25444,9.25658,1.37,1.00
2015.10.22 07:47:53.721,9.25444,9.25658,1.75,1.00
2015.10.22 07:47:54.038,9.25444,9.25658,1.82,1.00
2015.10.22 07:47:54.809,9.2544,9.25643,1.12,1.00
2015.10.22 07:47:55.264,9.25522,9.25643,2.10,1.00
2015.10.22 07:47:55.417,9.25523,9.25726,2.10,1.00
2015.10.22 07:47:55.569,9.25537,9.25726,1.00,1.00
2015.10.22 07:47:55.671,9.25537,9.25749,1.00,1.07
2015.10.22 07:47:55.722,9.25554,9.25766,1.00,1.82
2015.10.22 07:47:55.824,9.2554,9.25752,1.00,1.37
2015.10.22 07:47:55.926,9.25475,9.25687,1.37,1.00
2015.10.22 07:47:56.464,9.25475,9.25687,1.07,1.00
2015.10.22 07:47:56.818,9.25455,9.25667,1.82,1.00
2015.10.22 07:47:57.126,9.25471,9.25683,1.12,1.00
2015.10.22 07:47:57.228,9.25452,9.25664,1.82,1.00
2015.10.22 07:47:57.329,9.25463,9.25675,1.37,1.00
2015.10.22 07:47:57.657,9.25478,9.2569,1.37,1.00
2015.10.22 07:47:58.719,9.25507,9.25719,1.60,1.00
2015.10.22 07:47:59.035,9.2553,9.25726,1.00,1.00
2015.10.22 07:47:59.339,9.2553,9.25726,1.60,1.00
2015.10.22 07:47:59.390,9.2553,9.25742,1.60,1.00
2015.10.22 07:47:59.609,9.25516,9.25728,1.70,1.00
2015.10.22 07:48:00.022,9.25531,9.25726,1.60,1.00
2015.10.22 07:48:00.080,9.25531,9.25743,1.60,1.00
2015.10.22 07:48:01.638,9.25531,9.25743,1.60,1.07
2015.10.22 07:48:01.805,9.25528,9.25738,1.60,1.00
2015.10.22 07:48:02.008,9.25528,9.25738,1.60,1.00
2015.10.22 07:48:02.952,9.25528,9.25738,1.60,1.00
2015.10.22 07:48:03.054,9.25528,9.25738,1.00,1.00
2015.10.22 07:48:03.105,9.25541,9.25746,1.00,1.07
2015.10.22 07:48:03.409,9.25447,9.25659,1.82,1.00
2015.10.22 07:48:03.695,9.25474,9.25686,1.00,1.00
2015.10.22 07:48:03.949,9.25474,9.25676,1.37,1.00
2015.10.22 07:48:04.101,9.25473,9.25685,1.37,1.00
2015.10.22 07:48:04.203,9.2546,9.25669,1.12,1.00
2015.10.22 07:48:05.716,9.2546,9.25669,1.12,1.00
2015.10.22 07:48:05.818,9.2545,9.25652,1.12,1.00
2015.10.22 07:48:07.022,9.25454,9.25666,1.82,1.00
2015.10.22 07:48:07.123,9.25451,9.25663,1.82,1.00
2015.10.22 07:48:08.235,9.25451,9.25663,1.45,1.00
2015.10.22 07:48:08.589,9.25451,9.25663,1.87,1.00
2015.10.22 07:48:08.909,9.25456,9.25668,1.82,1.00
2015.10.22 07:48:09.213,9.25475,9.25687,1.07,1.00
2015.10.22 07:48:09.264,9.25475,9.25687,1.00,1.00
2015.10.22 07:48:09.315,9.25447,9.25657,1.12,1.00
2015.10.22 07:48:09.518,9.2545,9.25662,1.82,1.00
2015.10.22 07:48:09.759,9.25467,9.25679,1.12,1.00
2015.10.22 07:48:09.810,9.25447,9.25642,1.12,1.00
2015.10.22 07:48:09.913,9.25462,9.25662,1.37,1.00
2015.10.22 07:48:09.964,9.25462,9.25674,1.37,1.00
2015.10.22 07:48:10.116,9.25477,9.25689,1.00,1.00
2015.10.22 07:48:10.218,9.25447,9.25646,1.12,1.00
2015.10.22 07:48:11.008,9.25455,9.25667,1.75,1.50
2015.10.22 07:48:11.109,9.25447,9.25644,1.12,1.00
2015.10.22 07:48:11.418,9.25454,9.25664,1.85,1.00
2015.10.22 07:48:11.469,9.25454,9.25666,1.47,1.00
2015.10.22 07:48:11.621,9.25442,9.25649,1.12,1.00
2015.10.22 07:48:11.925,9.25492,9.25704,1.00,1.00
2015.10.22 07:48:12.027,9.25512,9.25724,1.00,1.00
2015.10.22 07:48:12.431,9.25527,9.25739,1.00,1.00
2015.10.22 07:48:12.736,9.25477,9.25689,1.37,1.00
2015.10.22 07:48:13.022,9.25496,9.25708,1.00,1.00
2015.10.22 07:48:13.124,9.25481,9.25693,1.37,1.00
2015.10.22 07:48:13.327,9.25495,9.25707,1.00,1.00
2015.10.22 07:48:13.619,9.25509,9.25721,1.00,1.00
2015.10.22 07:48:13.941,9.25495,9.25707,1.00,1.00
2015.10.22 07:48:14.255,9.2548,9.25692,1.37,1.00
2015.10.22 07:48:16.266,9.25519,9.25733,1.00,1.00
2015.10.22 07:48:16.488,9.25531,9.25733,1.00,1.00
2015.10.22 07:48:16.539,9.25519,9.25731,1.00,1.00
2015.10.22 07:48:16.645,9.2551,9.25722,1.00,1.00
2015.10.22 07:48:16.949,9.2554,9.25752,1.00,1.07
2015.10.22 07:48:17.051,9.25521,9.25733,1.00,1.00
2015.10.22 07:48:17.364,9.25538,9.2575,1.00,1.10
2015.10.22 07:48:17.962,9.25519,9.25731,1.00,1.00
2015.10.22 07:48:18.267,9.25482,9.25694,1.37,1.00
2015.10.22 07:48:18.470,9.25501,9.25713,1.00,1.00
2015.10.22 07:48:18.521,9.25483,9.25695,1.12,1.00
2015.10.22 07:48:20.342,9.25469,9.25681,1.82,1.00
2015.10.22 07:48:20.650,9.25488,9.257,1.07,1.00
2015.10.22 07:48:20.944,9.25468,9.25676,1.82,1.00
2015.10.22 07:48:21.188,9.25485,9.25697,1.07,1.00
2015.10.22 07:48:21.557,9.25504,9.25718,1.00,1.00
2015.10.22 07:48:21.658,9.25491,9.25703,1.00,1.00
2015.10.22 07:48:21.980,9.25466,9.25678,1.82,1.00
2015.10.22 07:48:22.033,9.2548,9.25692,1.37,1.00
2015.10.22 07:48:22.375,9.25463,9.25675,1.87,1.00
2015.10.22 07:48:28.165,9.25477,9.25689,1.37,1.00
2015.10.22 07:48:28.267,9.25463,9.25672,1.12,1.00
2015.10.22 07:48:28.776,9.25474,9.25686,1.37,1.00
2015.10.22 07:48:28.878,9.25463,9.25669,1.12,1.00
2015.10.22 07:48:28.979,9.25471,9.25683,1.75,1.00
2015.10.22 07:48:30.567,9.25488,9.257,1.07,1.00
2015.10.22 07:48:30.668,9.25509,9.2572,1.00,1.00
2015.10.22 07:48:30.769,9.25491,9.25703,1.00,1.00
2015.10.22 07:48:30.871,9.25463,9.25675,1.87,1.00
2015.10.22 07:48:31.371,9.25478,9.2569,1.37,1.00
2015.10.22 07:48:31.473,9.25463,9.2566,1.12,1.00
2015.10.22 07:48:32.044,9.25453,9.25646,1.12,1.00
2015.10.22 07:48:32.453,9.25455,9.25666,1.37,1.00
2015.10.22 07:48:32.555,9.25444,9.25642,1.12,1.00
2015.10.22 07:48:32.656,9.25452,9.25662,1.20,1.00
2015.10.22 07:48:32.708,9.25452,9.25664,1.20,1.00
2015.10.22 07:48:33.063,9.25437,9.25649,1.82,1.00
2015.10.22 07:48:33.165,9.25455,9.25667,1.07,1.00
2015.10.22 07:48:33.368,9.25435,9.25645,1.82,1.00
2015.10.22 07:48:33.669,9.25451,9.25663,1.37,1.00
2015.10.22 07:48:33.771,9.25437,9.25649,1.82,1.00
2015.10.22 07:48:34.075,9.25456,9.25668,1.45,1.00
2015.10.22 07:48:34.176,9.25448,9.25643,1.12,1.00
2015.10.22 07:48:34.581,9.25451,9.25663,1.82,1.00
2015.10.22 07:48:34.744,9.25451,9.25663,1.15,1.00
2015.10.22 07:48:34.795,9.25436,9.25646,1.12,1.00
2015.10.22 07:48:35.305,9.25434,9.25646,1.82,1.00
2015.10.22 07:48:37.668,9.25431,9.25631,1.12,1.00
2015.10.22 07:48:37.770,9.25438,9.2565,1.45,1.00
2015.10.22 07:48:38.276,9.25431,9.25612,1.12,1.00
2015.10.22 07:48:38.525,9.25437,9.25638,1.12,1.00
2015.10.22 07:48:38.627,9.25426,9.25638,1.37,1.00
2015.10.22 07:48:38.678,9.25426,9.25638,1.00,1.00
2015.10.22 07:48:39.260,9.25408,9.2562,1.00,1.00
2015.10.22 07:48:41.201,9.25391,9.25603,1.00,1.00
2015.10.22 07:48:44.918,9.25376,9.2559,1.00,1.00
2015.10.22 07:48:52.352,9.25379,9.2559,1.00,1.00
2015.10.22 07:48:52.403,9.25399,9.25611,1.00,1.00
2015.10.22 07:48:52.898,9.25385,9.25597,1.00,1.00
2015.10.22 07:48:54.023,9.254,9.25612,1.00,1.00
2015.10.22 07:48:54.829,9.25416,9.25628,1.00,1.00
2015.10.22 07:48:56.418,9.2543,9.25642,1.00,1.00
2015.10.22 07:48:57.043,9.25411,9.25625,1.37,1.00
2015.10.22 07:48:57.431,9.25427,9.25641,1.00,1.00
2015.10.22 07:48:57.532,9.2541,9.25622,1.00,1.00
2015.10.22 07:48:58.441,9.25424,9.25636,1.00,1.00
2015.10.22 07:48:58.777,9.25405,9.25617,1.37,1.00
2015.10.22 07:48:58.980,9.25407,9.25617,1.00,1.00
2015.10.22 07:48:59.032,9.25427,9.25639,1.00,1.00
2015.10.22 07:48:59.133,9.25413,9.25625,1.00,1.00
2015.10.22 07:48:59.430,9.25431,9.25645,1.00,1.00
2015.10.22 07:48:59.832,9.25418,9.2563,1.00,1.00
2015.10.22 07:49:01.407,9.25418,9.2563,1.07,1.00
2015.10.22 07:49:01.940,9.25416,9.25628,1.07,1.00
2015.10.22 07:49:02.493,9.25416,9.25628,1.00,1.00
2015.10.22 07:49:02.840,9.25434,9.25646,1.00,1.00
2015.10.22 07:49:03.145,9.2542,9.25632,1.00,1.00
2015.10.22 07:49:04.542,9.25435,9.25647,1.00,1.00
2015.10.22 07:49:06.633,9.25417,9.25629,1.00,1.00
2015.10.22 07:49:08.626,9.25434,9.25646,1.00,1.00
2015.10.22 07:49:09.233,9.25451,9.25663,1.00,1.00
2015.10.22 07:49:13.036,9.25465,9.25677,1.00,1.00
2015.10.22 07:49:21.386,9.25446,9.25658,1.00,1.00
2015.10.22 07:49:21.872,9.25448,9.2566,1.00,1.00
2015.10.22 07:49:22.464,9.25465,9.25679,1.00,1.00
2015.10.22 07:49:24.360,9.25449,9.25661,1.00,1.00
2015.10.22 07:49:27.208,9.25465,9.25677,1.00,1.00
2015.10.22 07:49:28.665,9.2545,9.25662,1.00,1.00
2015.10.22 07:49:28.969,9.25467,9.25679,1.00,1.00
2015.10.22 07:49:30.302,9.25453,9.25665,1.00,1.00
2015.10.22 07:49:33.210,9.25472,9.25685,1.00,1.00
2015.10.22 07:49:33.716,9.25472,9.25686,1.00,1.00
2015.10.22 07:49:34.018,9.25453,9.25664,1.00,1.00
2015.10.22 07:49:34.565,9.25452,9.25664,1.00,1.00
2015.10.22 07:49:39.542,9.25466,9.25676,1.00,1.00
2015.10.22 07:49:39.846,9.25445,9.25657,1.00,1.00
2015.10.22 07:49:40.947,9.25463,9.25675,1.00,1.00
2015.10.22 07:49:41.918,9.2547,9.25676,1.00,1.00
2015.10.22 07:49:42.121,9.25454,9.25666,1.00,1.00
2015.10.22 07:49:44.167,9.25454,9.25656,1.00,1.00
2015.10.22 07:49:46.535,9.2544,9.25652,1.00,1.00
2015.10.22 07:49:47.300,9.25425,9.25637,1.00,1.00
2015.10.22 07:49:47.623,9.25411,9.25623,1.00,1.00
2015.10.22 07:49:47.927,9.25428,9.2564,1.00,1.00
2015.10.22 07:49:48.255,9.25414,9.25626,1.00,1.00
2015.10.22 07:49:50.077,9.25433,9.25636,1.00,1.00
2015.10.22 07:49:50.474,9.25415,9.25627,1.07,1.00
2015.10.22 07:49:50.577,9.25396,9.25608,1.82,1.00
2015.10.22 07:49:50.679,9.25396,9.25608,1.15,1.00
2015.10.22 07:49:50.730,9.2542,9.25628,1.00,1.00
2015.10.22 07:49:50.781,9.2542,9.25632,1.00,1.00
2015.10.22 07:49:52.892,9.25428,9.2564,1.00,1.07
2015.10.22 07:49:53.095,9.25419,9.25631,1.07,1.00
2015.10.22 07:49:53.146,9.25447,9.25651,1.00,1.07
2015.10.22 07:49:53.450,9.25431,9.25643,1.00,1.00
2015.10.22 07:49:53.551,9.25411,9.25622,1.37,1.00
2015.10.22 07:49:53.960,9.25432,9.25644,1.00,1.00
2015.10.22 07:49:54.063,9.25457,9.25664,1.00,1.37
2015.10.22 07:49:54.458,9.25475,9.25681,1.00,1.12
2015.10.22 07:49:54.510,9.25475,9.25687,1.00,1.45
2015.10.22 07:49:54.561,9.2549,9.25696,1.00,1.75
2015.10.22 07:49:54.612,9.2549,9.25686,1.00,1.07
2015.10.22 07:49:55.171,9.2547,9.25682,1.00,1.07
2015.10.22 07:49:55.272,9.25456,9.25668,1.00,1.00
2015.10.22 07:49:55.323,9.25456,9.25668,1.00,1.07
2015.10.22 07:49:55.628,9.25502,9.2569,1.00,1.12
2015.10.22 07:49:55.679,9.25502,9.25696,1.00,1.45
2015.10.22 07:49:55.831,9.25502,9.25696,1.00,1.15
2015.10.22 07:49:56.468,9.25482,9.2569,1.00,1.00
2015.10.22 07:49:56.520,9.25478,9.2569,1.00,1.00
2015.10.22 07:49:56.571,9.25459,9.25671,1.00,1.00
2015.10.22 07:49:56.877,9.25462,9.25674,1.00,1.07
2015.10.22 07:49:57.223,9.25477,9.25686,1.00,1.45
2015.10.22 07:49:58.376,9.25499,9.25695,1.00,1.12
2015.10.22 07:49:58.478,9.25499,9.25706,1.00,1.75
2015.10.22 07:49:58.529,9.25499,9.25706,1.00,1.45
2015.10.22 07:49:59.933,9.25499,9.25702,1.00,1.00
2015.10.22 07:50:00.035,9.25499,9.25702,1.00,1.07
2015.10.22 07:50:00.362,9.25514,9.25716,1.00,1.47
2015.10.22 07:50:00.858,9.25532,9.25716,1.00,1.07
2015.10.22 07:50:01.164,9.25532,9.25707,1.00,1.00
2015.10.22 07:50:01.570,9.25562,9.25749,1.00,1.82
2015.10.22 07:50:01.818,9.25533,9.25745,1.00,1.00
2015.10.22 07:50:01.869,9.25574,9.25765,1.00,1.37
2015.10.22 07:50:02.188,9.25596,9.25782,1.00,1.12
2015.10.22 07:50:03.010,9.25596,9.25797,1.00,1.12
2015.10.22 07:50:04.180,9.25596,9.258,1.00,1.12
2015.10.22 07:50:04.332,9.25596,9.25806,1.00,1.75
2015.10.22 07:50:05.532,9.25596,9.25786,1.00,1.37
2015.10.22 07:50:06.196,9.25576,9.25786,1.00,1.37
2015.10.22 07:50:06.247,9.25573,9.25786,1.00,1.37
2015.10.22 07:50:06.399,9.256,9.25786,1.00,1.37
2015.10.22 07:50:06.501,9.256,9.25786,1.00,1.07
2015.10.22 07:50:10.805,9.256,9.25796,1.00,1.37
2015.10.22 07:50:14.814,9.25581,9.25793,1.00,1.45
2015.10.22 07:50:14.865,9.25579,9.25786,1.00,1.37
2015.10.22 07:50:14.916,9.25594,9.25786,1.00,1.37
2015.10.22 07:50:15.220,9.25594,9.25804,1.00,1.12
2015.10.22 07:50:15.519,9.25594,9.25796,1.00,1.45
2015.10.22 07:50:15.772,9.25594,9.25806,1.00,1.45
2015.10.22 07:50:18.384,9.25594,9.25796,1.00,1.37
2015.10.22 07:50:18.486,9.25575,9.25787,1.00,1.37
2015.10.22 07:50:18.537,9.25582,9.25787,1.00,1.37
2015.10.22 07:50:18.841,9.25602,9.25805,1.00,1.12
2015.10.22 07:50:19.145,9.25602,9.2581,1.00,1.12
2015.10.22 07:50:20.499,9.25602,9.25814,1.00,1.75
2015.10.22 07:50:21.018,9.25585,9.25797,1.00,1.37
2015.10.22 07:50:21.240,9.25585,9.25797,1.00,1.37
2015.10.22 07:50:21.544,9.25605,9.25815,1.00,1.12
2015.10.22 07:50:21.902,9.25609,9.25815,1.00,1.12
2015.10.22 07:50:22.586,9.25609,9.25821,1.00,1.75
2015.10.22 07:50:23.261,9.25609,9.25821,1.00,1.82
2015.10.22 07:50:24.562,9.25609,9.25813,1.00,1.12
2015.10.22 07:50:26.411,9.25589,9.25801,1.00,1.82
2015.10.22 07:50:26.766,9.2559,9.25786,1.00,1.12
2015.10.22 07:50:26.968,9.2559,9.25772,1.00,1.12
2015.10.22 07:50:27.171,9.25594,9.25779,1.00,1.12
2015.10.22 07:50:27.472,9.2559,9.25786,1.00,1.12
2015.10.22 07:50:28.221,9.25565,9.25777,1.00,1.47
2015.10.22 07:50:28.455,9.25565,9.25775,1.00,1.12
2015.10.22 07:50:28.506,9.25549,9.25761,1.00,1.75
2015.10.22 07:50:29.557,9.25563,9.25765,1.00,1.12
2015.10.22 07:50:29.810,9.25548,9.25762,1.00,1.82
2015.10.22 07:50:31.733,9.25535,9.25747,1.00,1.37
2015.10.22 07:50:41.861,9.2553,9.25744,1.00,1.07
2015.10.22 07:51:00.315,9.2553,9.25677,1.00,2.10
2015.10.22 07:51:00.366,9.25511,9.25673,1.00,2.10
2015.10.22 07:51:00.417,9.25497,9.25673,1.00,2.10
2015.10.22 07:51:00.468,9.25478,9.25673,1.00,2.10
2015.10.22 07:51:00.569,9.25462,9.25665,1.00,2.10
2015.10.22 07:51:00.773,9.25462,9.25663,1.00,2.17
2015.10.22 07:51:01.077,9.25448,9.25652,1.00,1.35
2015.10.22 07:51:01.280,9.25448,9.25625,1.00,1.27
2015.10.22 07:51:01.943,9.25448,9.25644,1.00,1.05
2015.10.22 07:51:02.542,9.25448,9.25654,1.00,1.05
2015.10.22 07:51:06.547,9.25448,9.25627,1.00,1.60
2015.10.22 07:51:06.599,9.25428,9.25627,1.00,1.67
2015.10.22 07:51:06.650,9.25426,9.25627,1.00,1.67
2015.10.22 07:51:06.702,9.25449,9.25627,1.00,1.67
2015.10.22 07:51:07.022,9.2547,9.25646,1.00,1.82
2015.10.22 07:51:07.411,9.2547,9.25656,1.00,1.47
2015.10.22 07:51:07.588,9.25455,9.25656,1.00,1.47
2015.10.22 07:51:07.791,9.2547,9.25646,1.00,1.75
2015.10.22 07:51:07.892,9.2547,9.25646,1.00,1.45
2015.10.22 07:51:08.773,9.2547,9.25657,1.00,1.15
2015.10.22 07:51:09.300,9.2547,9.25646,1.00,1.00
2015.10.22 07:51:09.654,9.2547,9.25646,1.00,1.37
2015.10.22 07:51:12.966,9.2547,9.25646,1.00,1.00
2015.10.22 07:51:13.478,9.2547,9.25636,1.00,1.00
2015.10.22 07:51:14.063,9.2547,9.25682,1.00,1.47
2015.10.22 07:51:14.165,9.2547,9.25682,1.00,1.10
2015.10.22 07:51:14.396,9.25506,9.25702,1.00,1.37
2015.10.22 07:51:14.447,9.25506,9.25706,1.00,1.00
2015.10.22 07:51:17.586,9.25506,9.25716,1.00,1.00
2015.10.22 07:51:18.225,9.25506,9.25718,1.00,1.00
2015.10.22 07:51:18.427,9.2552,9.25732,1.00,1.07
2015.10.22 07:51:19.520,9.25537,9.25736,1.00,1.07
2015.10.22 07:51:19.843,9.25537,9.25726,1.00,1.00
2015.10.22 07:51:20.873,9.25537,9.25736,1.00,1.07
2015.10.22 07:51:22.032,9.25526,9.25736,1.00,1.07
2015.10.22 07:51:23.314,9.25511,9.25723,1.00,1.00
2015.10.22 07:51:23.911,9.25497,9.25709,1.00,1.00
2015.10.22 07:51:31.768,9.25482,9.25696,1.00,1.00
2015.10.22 07:51:39.803,9.25482,9.25676,1.00,1.00
2015.10.22 07:51:40.158,9.25465,9.25676,1.00,1.00
2015.10.22 07:51:40.260,9.25465,9.25676,1.00,1.07
2015.10.22 07:51:40.471,9.2545,9.25662,1.00,1.00
2015.10.22 07:51:41.363,9.2545,9.25647,1.00,1.00
2015.10.22 07:51:41.565,9.2545,9.25656,1.00,1.00
2015.10.22 07:51:42.152,9.2545,9.25662,1.00,1.07
2015.10.22 07:51:45.458,9.25465,9.25676,1.00,1.37
2015.10.22 07:51:54.033,9.25465,9.25677,1.00,1.37
2015.10.22 07:52:01.986,9.25467,9.25681,1.00,1.57
2015.10.22 07:52:21.842,9.25477,9.25689,1.00,1.87
2015.10.22 07:52:22.261,9.25491,9.25689,1.00,1.12
2015.10.22 07:52:26.091,9.25491,9.25691,1.00,1.12
2015.10.22 07:52:30.664,9.25475,9.25687,1.00,1.37
2015.10.22 07:52:30.955,9.25495,9.25698,1.00,1.12
2015.10.22 07:52:36.103,9.25479,9.25691,1.00,1.57
2015.10.22 07:52:36.167,9.25493,9.25698,1.00,1.12
2015.10.22 07:52:37.970,9.25493,9.25698,1.00,1.12
2015.10.22 07:52:41.800,9.2549,9.25688,1.00,1.12
2015.10.22 07:52:43.367,9.2549,9.25692,1.00,1.12
2015.10.22 07:52:44.247,9.25475,9.25687,1.00,1.37
2015.10.22 07:52:44.362,9.25475,9.25687,1.00,1.75
2015.10.22 07:52:50.620,9.25475,9.25687,1.00,1.45
2015.10.22 07:52:58.540,9.25475,9.25687,1.00,1.75
2015.10.22 07:53:01.886,9.25466,9.25678,1.00,1.37
2015.10.22 07:53:09.210,9.25466,9.25678,1.00,1.12
2015.10.22 07:53:10.469,9.25466,9.25678,1.00,1.37
2015.10.22 07:53:15.810,9.25466,9.25678,1.00,1.47
2015.10.22 07:53:17.992,9.2548,9.25692,1.00,1.82
2015.10.22 07:53:18.340,9.2548,9.25692,1.00,1.82
2015.10.22 07:53:19.399,9.25466,9.25678,1.00,1.47
2015.10.22 07:53:19.698,9.25451,9.25663,1.00,1.07
2015.10.22 07:53:19.985,9.25468,9.2568,1.00,1.45
2015.10.22 07:53:21.660,9.25468,9.2568,1.00,1.45
2015.10.22 07:53:21.966,9.25484,9.25689,1.00,1.12
2015.10.22 07:53:22.696,9.25481,9.25689,1.00,1.12
2015.10.22 07:53:22.966,9.25481,9.25693,1.00,1.75
2015.10.22 07:53:23.422,9.25481,9.25693,1.00,1.07
2015.10.22 07:53:33.522,9.25501,9.25715,1.00,1.00
2015.10.22 07:53:33.624,9.25516,9.25728,1.00,1.00
2015.10.22 07:53:59.789,9.255,9.25714,1.00,1.00
2015.10.22 07:53:59.890,9.25515,9.25727,1.00,1.00
2015.10.22 07:54:04.930,9.25529,9.25741,1.00,1.37
2015.10.22 07:54:05.192,9.25515,9.25727,1.00,1.00
2015.10.22 07:54:05.617,9.2553,9.25742,1.00,1.00
2015.10.22 07:54:05.927,9.25545,9.25757,1.00,1.00
2015.10.22 07:54:06.233,9.25545,9.25757,1.37,1.00
2015.10.22 07:54:06.623,9.25564,9.25776,1.00,1.00
2015.10.22 07:54:11.613,9.2555,9.25762,1.00,1.00
2015.10.22 07:54:12.402,9.2555,9.25756,1.00,1.00
2015.10.22 07:54:12.605,9.2555,9.25762,1.00,1.00
2015.10.22 07:54:12.833,9.2555,9.25762,1.00,1.07
2015.10.22 07:54:13.490,9.2555,9.25762,1.00,1.07
2015.10.22 07:54:14.155,9.25538,9.25747,1.00,1.00
2015.10.22 07:54:15.087,9.25533,9.25747,1.00,1.00
2015.10.22 07:54:15.138,9.25519,9.25733,1.67,1.00
2015.10.22 07:54:15.407,9.25519,9.25733,1.70,1.00
2015.10.22 07:54:20.744,9.25519,9.25733,1.97,1.00
2015.10.22 07:54:21.873,9.25523,9.25735,1.42,1.00
2015.10.22 07:54:23.723,9.25523,9.25735,1.00,1.00
2015.10.22 07:54:23.774,9.25523,9.25735,1.60,1.00
2015.10.22 07:54:24.266,9.25523,9.25735,1.60,1.07
2015.10.22 07:54:25.659,9.25523,9.25735,1.60,1.37
2015.10.22 07:54:27.787,9.25523,9.25735,1.60,1.37
2015.10.22 07:54:27.989,9.25513,9.2572,1.60,1.00
2015.10.22 07:54:28.630,9.25515,9.2572,1.35,1.00
2015.10.22 07:54:29.679,9.25522,9.25734,1.97,1.00
2015.10.22 07:54:29.788,9.25515,9.25719,1.35,1.00
2015.10.22 07:54:30.120,9.25515,9.25716,1.35,1.00
2015.10.22 07:54:31.170,9.25513,9.25716,1.42,1.00
2015.10.22 07:54:33.612,9.25513,9.25719,1.67,1.00
2015.10.22 07:54:34.033,9.25513,9.25716,1.67,1.00
2015.10.22 07:54:34.359,9.25517,9.25716,1.35,1.00
2015.10.22 07:54:35.676,9.25515,9.25719,1.35,1.00
2015.10.22 07:54:36.123,9.25515,9.25716,1.35,1.00
2015.10.22 07:54:36.807,9.25513,9.25716,1.67,1.00
2015.10.22 07:54:39.890,9.25513,9.25717,1.07,1.00
2015.10.22 07:54:41.319,9.25513,9.25716,1.67,1.00
2015.10.22 07:54:41.948,9.25513,9.25716,1.67,1.00
2015.10.22 07:54:42.243,9.25513,9.25716,1.67,1.00
2015.10.22 07:54:43.733,9.25513,9.25706,1.67,1.00
2015.10.22 07:54:44.808,9.25513,9.25716,1.67,1.00
2015.10.22 07:54:45.019,9.25513,9.25716,1.60,1.07
2015.10.22 07:54:45.517,9.25513,9.25716,1.60,1.07
2015.10.22 07:54:45.618,9.25513,9.25706,1.60,1.00
2015.10.22 07:54:45.768,9.25513,9.25706,1.35,1.00
2015.10.22 07:54:45.921,9.25513,9.25706,1.42,1.00
2015.10.22 07:54:47.128,9.25513,9.25705,1.42,1.00
2015.10.22 07:54:47.331,9.25513,9.25705,1.35,1.00
2015.10.22 07:54:47.791,9.25513,9.25705,1.60,1.00
2015.10.22 07:54:48.044,9.25513,9.25716,1.00,1.75
2015.10.22 07:54:48.146,9.25513,9.25716,1.10,1.00
2015.10.22 07:54:48.747,9.25513,9.25707,1.10,1.00
2015.10.22 07:54:49.088,9.25513,9.25707,1.70,1.00
2015.10.22 07:54:49.140,9.25513,9.25716,1.70,1.00
2015.10.22 07:54:49.344,9.25513,9.25709,1.42,1.00
2015.10.22 07:54:49.446,9.25517,9.25716,1.00,1.00
2015.10.22 07:54:49.750,9.25502,9.25706,1.35,1.00
2015.10.22 07:54:50.549,9.25501,9.25713,2.10,1.00
2015.10.22 07:54:52.970,9.25515,9.25716,2.10,1.00
2015.10.22 07:54:53.072,9.25515,9.25707,1.50,1.00
2015.10.22 07:54:54.615,9.25508,9.25706,1.35,1.00
2015.10.22 07:54:55.620,9.25506,9.25696,1.35,1.00
2015.10.22 07:54:56.391,9.2551,9.25706,1.35,1.00
2015.10.22 07:54:56.808,9.25513,9.25712,1.35,1.00
2015.10.22 07:54:58.132,9.25509,9.25706,1.35,1.00
2015.10.22 07:55:00.761,9.25509,9.25707,1.35,1.00
2015.10.22 07:55:00.913,9.25511,9.25712,1.35,1.00
2015.10.22 07:55:01.191,9.25506,9.25712,1.35,1.00
2015.10.22 07:55:01.488,9.25513,9.25727,2.17,1.00
2015.10.22 07:55:01.780,9.25513,9.25727,2.17,1.00
2015.10.22 07:55:02.117,9.25513,9.25718,1.67,1.00
2015.10.22 07:55:02.619,9.25513,9.25718,1.67,1.00
2015.10.22 07:55:02.771,9.25521,9.25718,1.42,1.00
2015.10.22 07:55:06.195,9.25521,9.25732,1.42,1.00
2015.10.22 07:55:07.385,9.2552,9.25726,1.82,1.00
2015.10.22 07:55:08.351,9.2552,9.25732,1.82,1.00
2015.10.22 07:55:21.958,9.25523,9.25733,1.35,1.00
2015.10.22 07:55:39.424,9.25544,9.25733,1.12,1.00
2015.10.22 07:55:39.729,9.25544,9.25749,1.87,1.00
2015.10.22 07:55:41.475,9.25557,9.25749,1.12,1.00
2015.10.22 07:55:41.888,9.25557,9.25754,1.12,1.00
2015.10.22 07:55:48.025,9.25555,9.25769,1.75,1.00
2015.10.22 07:55:48.077,9.25555,9.25769,1.75,1.00
2015.10.22 07:55:49.725,9.25541,9.25753,1.10,1.00
2015.10.22 07:55:49.826,9.25541,9.25753,1.10,1.07
2015.10.22 07:55:50.293,9.25555,9.25767,1.37,1.00
2015.10.22 07:55:56.250,9.25541,9.25753,1.82,1.00
2015.10.22 07:55:57.526,9.25555,9.25767,1.37,1.00
2015.10.22 07:55:58.323,9.25537,9.25749,1.50,1.00
2015.10.22 07:56:01.263,9.25539,9.25749,1.12,1.00
2015.10.22 07:56:01.314,9.25551,9.25763,1.37,1.00
2015.10.22 07:56:01.928,9.25547,9.25759,1.75,1.00
2015.10.22 07:56:03.754,9.25539,9.25743,1.12,1.00
2015.10.22 07:56:03.919,9.25548,9.2576,1.50,1.00
2015.10.22 07:56:04.455,9.25548,9.2576,1.12,1.10
2015.10.22 07:56:12.151,9.25548,9.2576,1.75,1.00
2015.10.22 07:56:14.784,9.2554,9.2574,1.12,1.00
2015.10.22 07:56:14.885,9.25546,9.25758,1.82,1.00
2015.10.22 07:56:15.810,9.25554,9.25758,1.12,1.00
2015.10.22 07:56:15.861,9.25564,9.25776,1.75,1.00
2015.10.22 07:56:16.174,9.25554,9.25758,1.12,1.00
2015.10.22 07:56:16.277,9.25562,9.25774,1.75,1.00
2015.10.22 07:56:17.024,9.25569,9.25774,1.12,1.00
2015.10.22 07:56:17.330,9.25576,9.25774,1.12,1.00
2015.10.22 07:56:18.190,9.25576,9.25789,1.12,1.00
2015.10.22 07:56:19.663,9.25576,9.25774,1.12,1.00
2015.10.22 07:56:20.072,9.25576,9.2579,1.87,1.00
2015.10.22 07:56:20.795,9.25576,9.25772,1.12,1.00
2015.10.22 07:56:20.896,9.25576,9.25787,1.12,1.00
2015.10.22 07:56:23.002,9.25595,9.25807,1.45,1.00
2015.10.22 07:56:23.053,9.25595,9.25807,1.82,1.00
2015.10.22 07:56:23.408,9.2561,9.25822,1.37,1.00
2015.10.22 07:56:23.728,9.2561,9.25822,1.37,1.00
2015.10.22 07:56:24.293,9.25626,9.25838,1.10,1.00
2015.10.22 07:56:25.297,9.25643,9.25855,1.00,1.07
2015.10.22 07:56:30.812,9.25643,9.25855,1.00,1.82
2015.10.22 07:56:31.132,9.25643,9.25834,1.00,1.12
2015.10.22 07:56:35.197,9.25628,9.25834,1.00,1.12
2015.10.22 07:56:35.298,9.25642,9.25834,1.00,1.12
2015.10.22 07:56:40.872,9.25627,9.25834,1.00,1.12
2015.10.22 07:56:40.923,9.25642,9.25834,1.00,1.12
2015.10.22 07:56:41.076,9.25642,9.25848,1.00,1.12
2015.10.22 07:56:41.938,9.25644,9.25848,1.00,1.12
2015.10.22 07:56:42.339,9.25629,9.25841,1.07,1.85
2015.10.22 07:56:42.440,9.25643,9.25848,1.00,1.12
2015.10.22 07:56:42.814,9.25657,9.25848,1.00,1.12
2015.10.22 07:56:44.948,9.25639,9.25848,1.00,1.12
2015.10.22 07:56:45.250,9.25657,9.25848,1.00,1.12
2015.10.22 07:56:46.015,9.25642,9.25854,1.00,1.82
2015.10.22 07:56:46.117,9.25656,9.25859,1.00,1.12
2015.10.22 07:56:47.149,9.25642,9.25854,1.00,1.82
2015.10.22 07:56:47.394,9.25656,9.25859,1.00,1.12
2015.10.22 07:56:48.469,9.25656,9.25865,1.00,1.12
2015.10.22 07:56:49.848,9.25642,9.25854,1.12,1.37
2015.10.22 07:56:50.654,9.25642,9.25854,1.57,1.07
2015.10.22 07:56:51.008,9.25642,9.25854,1.37,1.37
2015.10.22 07:56:52.980,9.25657,9.25868,1.00,1.12
2015.10.22 07:56:55.668,9.25643,9.25855,1.37,1.50
2015.10.22 07:56:55.719,9.25643,9.25855,1.00,1.87
2015.10.22 07:56:56.076,9.25643,9.25843,1.00,1.12
2015.10.22 07:57:01.894,9.25639,9.25843,1.00,1.12
2015.10.22 07:57:12.220,9.25653,9.25843,1.00,1.12
2015.10.22 07:57:14.773,9.25653,9.2586,1.00,1.12
2015.10.22 07:57:18.718,9.25653,9.25858,1.00,1.12
2015.10.22 07:57:19.610,9.25653,9.25865,1.07,1.82
2015.10.22 07:57:20.017,9.25653,9.25855,1.00,1.12
2015.10.22 07:57:21.810,9.25655,9.25855,1.00,1.12
2015.10.22 07:57:23.118,9.25655,9.25855,1.00,1.12
2015.10.22 07:57:27.849,9.25642,9.25854,1.10,1.82
2015.10.22 07:57:31.237,9.25642,9.25849,1.00,1.12
2015.10.22 07:57:34.568,9.25642,9.25854,1.00,1.85
2015.10.22 07:57:35.854,9.25642,9.25844,1.00,1.12
2015.10.22 07:57:41.387,9.25642,9.25833,1.00,1.12
2015.10.22 07:57:42.238,9.25642,9.2583,1.00,1.12
2015.10.22 07:57:42.340,9.25642,9.25839,1.00,1.12
2015.10.22 07:57:47.296,9.25642,9.25829,1.00,1.12
2015.10.22 07:57:54.677,9.25642,9.25835,1.00,1.12
2015.10.22 07:58:00.304,9.25642,9.2584,1.00,1.12
2015.10.22 07:58:01.816,9.25639,9.25853,1.00,1.37
2015.10.22 07:58:03.028,9.25639,9.25852,1.00,1.12
2015.10.22 07:58:11.858,9.25639,9.2584,1.00,1.12
2015.10.22 07:58:15.046,9.25625,9.25837,1.00,1.82
2015.10.22 07:58:24.396,9.25625,9.25837,1.07,1.37
2015.10.22 07:58:25.358,9.25625,9.25837,1.07,1.82
2015.10.22 07:58:25.662,9.2564,9.25841,1.00,1.12
2015.10.22 07:58:28.906,9.2564,9.25852,1.00,1.37
2015.10.22 07:58:32.631,9.25654,9.25866,1.00,1.82
2015.10.22 07:58:33.120,9.25668,9.25864,1.00,1.12
2015.10.22 07:58:41.766,9.25668,9.25877,1.00,1.12
2015.10.22 07:58:41.906,9.25679,9.25877,1.00,1.12
2015.10.22 07:58:44.012,9.25664,9.25876,1.00,1.85
2015.10.22 07:58:44.312,9.25679,9.25877,1.00,1.12
2015.10.22 07:58:52.869,9.25679,9.25891,1.37,1.75
2015.10.22 07:58:53.525,9.25679,9.25891,1.75,1.37
2015.10.22 07:58:55.509,9.25683,9.2589,1.12,1.00
2015.10.22 07:58:58.670,9.25692,9.25904,1.75,1.37
2015.10.22 07:59:00.786,9.25692,9.25904,1.12,1.75
2015.10.22 07:59:05.321,9.25692,9.25904,1.75,1.00
2015.10.22 07:59:05.860,9.25707,9.25919,1.37,1.75
2015.10.22 07:59:06.287,9.25707,9.25919,1.75,1.37
2015.10.22 07:59:09.064,9.25707,9.25919,1.82,1.12
2015.10.22 07:59:09.436,9.25716,9.25919,1.12,1.00
2015.10.22 07:59:11.376,9.25721,9.25933,1.82,1.12
2015.10.22 07:59:12.756,9.25721,9.25933,1.82,1.00
2015.10.22 07:59:15.305,9.25723,9.25933,1.12,1.00
2015.10.22 07:59:16.425,9.25726,9.25933,1.12,1.00
2015.10.22 07:59:19.066,9.25721,9.25933,1.50,1.00
2015.10.22 07:59:21.834,9.25715,9.25927,1.82,1.00
2015.10.22 07:59:41.870,9.25716,9.25928,1.82,1.00
2015.10.22 07:59:51.320,9.25716,9.25928,1.82,1.60
2015.10.22 07:59:51.485,9.25716,9.25928,1.00,1.60
2015.10.22 07:59:51.587,9.25716,9.25928,1.00,1.97
