2012.04.27 15:00:07.156,7.59391,7.59515,1.13,1.50
2012.04.27 15:00:07.621,7.59389,7.59515,1.88,1.50
2012.04.27 15:00:07.696,7.59432,7.59556,1.50,2.25
2012.04.27 15:00:08.290,7.59421,7.59547,1.50,2.25
2012.04.27 15:00:08.499,7.59421,7.59547,2.25,1.50
2012.04.27 15:00:08.628,7.59464,7.59575,1.50,1.13
2012.04.27 15:00:08.700,7.59454,7.59575,1.50,1.13
2012.04.27 15:00:08.770,7.59454,7.5958,1.50,2.25
2012.04.27 15:00:10.409,7.59463,7.59587,1.50,2.25
2012.04.27 15:00:11.237,7.59463,7.59577,1.50,1.50
2012.04.27 15:00:11.309,7.5944,7.59564,1.50,2.25
2012.04.27 15:00:11.740,7.59432,7.59556,1.50,2.25
2012.04.27 15:00:12.010,7.59432,7.59556,2.25,1.50
2012.04.27 15:00:12.138,7.59456,7.5958,1.50,1.88
2012.04.27 15:00:12.208,7.59483,7.59603,1.50,1.13
2012.04.27 15:00:12.338,7.59465,7.59589,1.88,1.50
2012.04.27 15:00:12.408,7.59499,7.59623,1.50,2.25
2012.04.27 15:00:12.897,7.59499,7.59617,1.50,1.50
2012.04.27 15:00:12.974,7.59488,7.59614,1.50,2.25
2012.04.27 15:00:13.049,7.59468,7.59592,1.50,2.25
2012.04.27 15:00:14.480,7.59468,7.59592,1.50,2.25
2012.04.27 15:00:14.550,7.59468,7.59584,1.50,2.10
2012.04.27 15:00:14.980,7.59468,7.59547,1.50,1.50
2012.04.27 15:00:15.048,7.59398,7.59522,1.50,1.50
2012.04.27 15:00:15.490,7.59417,7.59522,1.50,1.50
2012.04.27 15:00:16.016,7.59417,7.59515,1.50,1.50
2012.04.27 15:00:16.096,7.59465,7.59591,1.50,2.25
2012.04.27 15:00:16.169,7.59451,7.59577,1.50,1.88
2012.04.27 15:00:17.500,7.59451,7.59577,1.50,2.25
2012.04.27 15:00:17.700,7.59442,7.59568,1.50,2.25
2012.04.27 15:00:17.768,7.59429,7.59555,1.50,1.88
2012.04.27 15:00:18.671,7.59414,7.5954,1.88,1.50
2012.04.27 15:00:19.231,7.59422,7.59548,1.50,1.50
2012.04.27 15:00:19.300,7.59414,7.5954,1.88,1.50
2012.04.27 15:00:19.550,7.59422,7.59548,1.50,1.50
2012.04.27 15:00:22.026,7.59413,7.59539,1.88,1.50
2012.04.27 15:00:23.648,7.59424,7.59548,1.50,1.50
2012.04.27 15:00:27.368,7.59411,7.59537,2.25,1.50
2012.04.27 15:00:29.169,7.59411,7.59537,2.25,1.50
2012.04.27 15:00:29.553,7.59439,7.59565,2.25,1.50
2012.04.27 15:00:29.911,7.59421,7.59547,2.25,1.50
2012.04.27 15:00:30.578,7.59421,7.59547,1.50,1.50
2012.04.27 15:00:30.654,7.59421,7.59547,2.25,1.50
2012.04.27 15:00:33.638,7.59428,7.59547,1.50,1.50
2012.04.27 15:00:34.472,7.59452,7.59556,1.50,1.50
2012.04.27 15:00:34.658,7.59452,7.59565,1.50,1.50
2012.04.27 15:00:34.848,7.59472,7.59589,1.50,1.50
2012.04.27 15:00:34.919,7.59472,7.59598,1.50,1.50
2012.04.27 15:00:36.148,7.59472,7.59598,2.25,1.50
2012.04.27 15:00:36.350,7.59488,7.59612,1.88,1.50
2012.04.27 15:00:36.420,7.59509,7.59633,1.50,2.25
2012.04.27 15:00:38.651,7.59522,7.59646,1.50,2.25
2012.04.27 15:00:44.760,7.59513,7.59639,1.50,2.25
2012.04.27 15:00:47.219,7.59519,7.59639,1.50,1.50
2012.04.27 15:00:47.348,7.59549,7.59675,2.25,1.50
2012.04.27 15:00:48.113,7.59562,7.59686,1.50,1.50
2012.04.27 15:00:48.647,7.5959,7.5971,1.50,1.50
2012.04.27 15:00:48.718,7.5959,7.59716,1.50,1.50
2012.04.27 15:00:48.848,7.59582,7.59708,1.50,1.50
2012.04.27 15:00:49.178,7.59571,7.59697,1.50,1.50
2012.04.27 15:00:49.588,7.59582,7.59706,1.50,1.50
2012.04.27 15:00:50.107,7.59572,7.59698,1.50,1.50
2012.04.27 15:00:51.672,7.59581,7.59707,1.50,1.50
2012.04.27 15:00:52.097,7.5959,7.59716,1.50,1.50
2012.04.27 15:00:54.070,7.59583,7.59707,1.50,1.50
2012.04.27 15:00:55.817,7.59574,7.597,1.50,1.50
2012.04.27 15:00:57.535,7.59584,7.59708,1.50,1.50
2012.04.27 15:00:59.335,7.59595,7.59719,1.50,1.50
2012.04.27 15:01:01.388,7.59579,7.59705,1.50,1.50
2012.04.27 15:01:02.986,7.59588,7.59712,1.50,1.50
2012.04.27 15:01:14.271,7.59606,7.59732,1.50,2.25
2012.04.27 15:01:14.939,7.59606,7.59703,1.50,3.00
2012.04.27 15:01:15.137,7.59555,7.59681,1.50,2.25
2012.04.27 15:01:15.404,7.59583,7.59703,1.50,3.00
2012.04.27 15:01:17.358,7.59598,7.59703,1.50,3.00
2012.04.27 15:01:21.307,7.59591,7.59682,1.50,1.50
2012.04.27 15:01:23.927,7.59573,7.59682,1.50,1.50
2012.04.27 15:01:30.968,7.59608,7.59718,1.50,1.50
2012.04.27 15:01:31.040,7.59608,7.59718,1.50,1.50
2012.04.27 15:01:31.299,7.59624,7.59745,1.50,1.50
2012.04.27 15:01:32.868,7.59615,7.59741,1.50,2.25
2012.04.27 15:01:47.020,7.59594,7.59713,1.50,1.50
2012.04.27 15:01:47.151,7.59608,7.59713,1.50,1.50
2012.04.27 15:01:47.579,7.59594,7.59713,1.50,1.50
2012.04.27 15:01:50.215,7.59586,7.5971,1.50,2.25
2012.04.27 15:01:54.368,7.59617,7.59713,1.50,1.50
2012.04.27 15:02:00.826,7.59591,7.59713,1.50,1.50
2012.04.27 15:02:07.420,7.59615,7.59713,1.50,1.50
2012.04.27 15:02:09.197,7.59615,7.59723,1.50,1.50
2012.04.27 15:02:09.329,7.59592,7.59718,1.50,2.25
2012.04.27 15:02:17.026,7.59614,7.59732,1.50,1.50
2012.04.27 15:02:17.157,7.596,7.59726,1.50,2.25
2012.04.27 15:02:17.376,7.59615,7.59732,1.50,1.50
2012.04.27 15:02:21.167,7.59631,7.59733,1.50,1.50
2012.04.27 15:02:28.926,7.59631,7.59723,1.50,1.50
2012.04.27 15:02:29.057,7.59617,7.59702,1.50,3.00
2012.04.27 15:02:29.189,7.59606,7.59702,1.50,3.00
2012.04.27 15:02:29.378,7.59582,7.59692,1.50,2.25
2012.04.27 15:02:29.447,7.59568,7.59692,1.50,2.25
2012.04.27 15:02:35.761,7.5955,7.59676,1.50,2.25
2012.04.27 15:02:39.339,7.59565,7.59691,1.50,2.25
2012.04.27 15:02:51.136,7.59549,7.59675,1.50,2.25
2012.04.27 15:03:37.232,7.59549,7.59675,1.50,2.25
2012.04.27 15:03:37.417,7.59508,7.59634,1.50,2.25
2012.04.27 15:03:37.599,7.595,7.59626,1.50,2.25
2012.04.27 15:03:38.248,7.59488,7.59612,2.25,2.25
2012.04.27 15:03:39.299,7.59498,7.59622,2.25,2.25
2012.04.27 15:03:59.969,7.59498,7.59622,2.25,2.25
2012.04.27 15:04:16.458,7.59517,7.59622,1.13,1.50
2012.04.27 15:04:16.652,7.59506,7.59615,1.50,1.50
2012.04.27 15:04:16.722,7.59531,7.59657,1.50,2.25
2012.04.27 15:04:17.070,7.59544,7.5967,1.50,2.25
2012.04.27 15:04:50.390,7.59544,7.5967,2.25,2.25
2012.04.27 15:04:50.718,7.5956,7.59684,1.50,2.25
2012.04.27 15:04:57.278,7.59543,7.59667,2.25,2.25
2012.04.27 15:05:00.646,7.59543,7.59667,1.50,2.25
2012.04.27 15:05:00.716,7.59543,7.59667,1.50,2.25
2012.04.27 15:05:00.788,7.59557,7.59683,1.50,2.25
2012.04.27 15:05:10.299,7.59544,7.59668,1.50,2.25
2012.04.27 15:05:12.539,7.59556,7.59682,1.50,2.25
2012.04.27 15:05:18.366,7.59543,7.59669,1.50,2.25
2012.04.27 15:05:31.717,7.59543,7.59669,2.25,1.50
2012.04.27 15:05:31.908,7.59562,7.59686,2.25,1.50
2012.04.27 15:05:31.977,7.59584,7.59708,1.50,2.25
2012.04.27 15:05:32.496,7.59592,7.59706,1.50,1.50
2012.04.27 15:05:32.627,7.59568,7.59684,1.50,2.25
2012.04.27 15:05:32.696,7.59545,7.59669,1.50,2.25
2012.04.27 15:05:33.322,7.59545,7.59669,2.25,2.25
2012.04.27 15:05:33.626,7.59589,7.59693,1.88,1.50
2012.04.27 15:05:33.700,7.59589,7.59715,1.50,2.25
2012.04.27 15:05:33.947,7.59544,7.5967,1.50,2.25
2012.04.27 15:05:34.137,7.59558,7.59682,1.50,2.25
2012.04.27 15:05:35.300,7.59573,7.59682,1.50,1.50
2012.04.27 15:05:35.367,7.59604,7.59728,1.50,1.88
2012.04.27 15:05:39.646,7.59604,7.59702,1.50,2.25
2012.04.27 15:05:39.958,7.5958,7.59694,1.50,2.25
2012.04.27 15:05:40.027,7.59544,7.5967,1.50,2.25
2012.04.27 15:05:40.157,7.59544,7.5967,2.25,2.25
2012.04.27 15:05:40.472,7.59548,7.5967,3.00,2.25
2012.04.27 15:05:40.547,7.59592,7.59694,1.50,2.25
2012.04.27 15:05:40.616,7.59548,7.59674,2.25,2.25
2012.04.27 15:05:41.570,7.59548,7.59674,2.25,2.25
2012.04.27 15:05:41.637,7.59548,7.59674,2.25,2.25
2012.04.27 15:05:42.008,7.59559,7.59683,1.50,2.25
2012.04.27 15:05:46.747,7.59559,7.59658,1.50,1.13
2012.04.27 15:05:47.360,7.59559,7.59658,1.50,1.13
2012.04.27 15:06:22.970,7.59559,7.59607,1.50,1.13
2012.04.27 15:06:23.167,7.59517,7.59607,1.50,1.13
2012.04.27 15:06:23.296,7.59495,7.59607,2.25,1.13
2012.04.27 15:06:23.668,7.59495,7.59607,1.50,1.13
2012.04.27 15:06:24.641,7.59495,7.59607,2.25,1.13
2012.04.27 15:06:26.357,7.59495,7.59607,2.25,1.13
2012.04.27 15:06:26.427,7.59495,7.59607,1.50,1.13
2012.04.27 15:06:26.648,7.59495,7.59607,2.25,1.13
2012.04.27 15:06:53.011,7.59487,7.59607,2.25,1.13
2012.04.27 15:07:44.751,7.59502,7.59598,1.50,2.25
2012.04.27 15:07:53.318,7.59502,7.59598,1.50,2.25
2012.04.27 15:08:06.140,7.59502,7.59598,1.50,2.25
2012.04.27 15:08:06.326,7.59465,7.59559,2.25,1.88
2012.04.27 15:08:06.780,7.59465,7.59559,1.50,1.88
2012.04.27 15:08:07.956,7.59465,7.59559,1.88,1.50
2012.04.27 15:08:08.145,7.59498,7.59594,1.50,1.50
2012.04.27 15:08:18.907,7.59498,7.59594,1.50,2.25
2012.04.27 15:08:19.216,7.59469,7.59565,1.50,2.25
2012.04.27 15:08:19.287,7.59457,7.59553,1.50,1.88
2012.04.27 15:09:20.314,7.59407,7.59562,2.25,1.50
2012.04.27 15:09:34.654,7.59407,7.59562,2.25,1.50
2012.04.27 15:09:35.172,7.5945,7.59544,1.50,1.50
2012.04.27 15:10:36.116,7.59402,7.5958,1.50,1.50
2012.04.27 15:11:00.203,7.59398,7.5956,3.00,1.50
2012.04.27 15:11:00.609,7.59442,7.59536,1.50,1.50
2012.04.27 15:11:08.869,7.59451,7.59547,1.50,2.25
2012.04.27 15:11:13.262,7.59451,7.59547,1.50,2.25
2012.04.27 15:11:24.262,7.59451,7.59547,1.50,2.25
2012.04.27 15:11:26.926,7.59451,7.59547,1.50,2.25
2012.04.27 15:11:33.178,7.59451,7.59547,1.50,2.25
2012.04.27 15:11:41.565,7.59435,7.59529,1.50,1.50
2012.04.27 15:12:09.968,7.59435,7.59529,1.50,2.25
2012.04.27 15:12:10.372,7.59435,7.59529,1.50,1.50
2012.04.27 15:12:11.399,7.59435,7.59529,1.50,2.25
2012.04.27 15:12:12.891,7.59435,7.59529,1.50,1.50
2012.04.27 15:12:13.442,7.59435,7.59529,1.50,2.25
2012.04.27 15:12:17.926,7.59421,7.59515,1.50,2.25
2012.04.27 15:12:21.195,7.59421,7.59515,1.50,2.25
2012.04.27 15:12:21.449,7.59397,7.59486,1.50,1.50
2012.04.27 15:12:21.710,7.59392,7.59486,1.50,1.50
2012.04.27 15:12:29.820,7.59402,7.59496,1.50,2.25
2012.04.27 15:12:36.662,7.59402,7.59496,1.50,1.50
2012.04.27 15:12:36.728,7.59402,7.59496,1.50,2.25
2012.04.27 15:12:37.248,7.59381,7.59475,1.50,1.50
2012.04.27 15:12:39.877,7.59384,7.59478,1.50,1.50
2012.04.27 15:12:40.080,7.59395,7.59491,1.50,1.50
2012.04.27 15:12:42.709,7.59405,7.59501,1.50,1.50
2012.04.27 15:12:44.423,7.59405,7.59501,2.25,1.50
2012.04.27 15:12:44.765,7.59432,7.59526,1.50,1.50
2012.04.27 15:12:47.857,7.59444,7.59538,1.50,2.25
2012.04.27 15:12:47.987,7.59431,7.59527,1.50,1.50
2012.04.27 15:12:48.198,7.59453,7.59543,1.50,1.50
2012.04.27 15:12:59.848,7.59443,7.59539,1.50,2.25
2012.04.27 15:13:11.128,7.59436,7.59529,1.50,1.13
2012.04.27 15:13:12.055,7.59425,7.59521,1.50,2.25
2012.04.27 15:13:17.652,7.59448,7.59542,1.50,1.50
2012.04.27 15:13:41.222,7.59459,7.59553,1.50,1.50
2012.04.27 15:14:10.187,7.59459,7.59553,1.50,2.25
2012.04.27 15:14:10.376,7.59444,7.59538,1.50,1.88
2012.04.27 15:14:10.447,7.59444,7.59538,1.50,2.25
2012.04.27 15:14:12.989,7.59444,7.5953,1.50,1.13
2012.04.27 15:14:13.118,7.59436,7.5953,1.50,2.63
2012.04.27 15:14:41.525,7.59436,7.5953,1.50,2.63
2012.04.27 15:14:44.237,7.59436,7.5953,1.50,2.63
2012.04.27 15:14:46.571,7.59436,7.5953,1.50,1.50
2012.04.27 15:14:46.636,7.59444,7.59538,1.50,1.50
2012.04.27 15:15:04.970,7.59444,7.59538,1.50,2.25
2012.04.27 15:15:05.097,7.59429,7.59525,1.50,1.50
2012.04.27 15:15:05.174,7.59439,7.59535,1.50,2.25
2012.04.27 15:15:05.837,7.59432,7.59526,1.50,1.50
2012.04.27 15:15:08.410,7.59432,7.59526,1.50,2.25
2012.04.27 15:15:10.945,7.59422,7.59516,1.50,2.25
2012.04.27 15:15:13.260,7.59432,7.59526,1.50,2.25
2012.04.27 15:15:13.792,7.59432,7.59526,1.50,1.50
2012.04.27 15:15:13.918,7.59432,7.59526,1.50,2.25
2012.04.27 15:15:14.709,7.59432,7.59526,1.50,1.50
2012.04.27 15:15:16.661,7.59432,7.59526,1.50,2.25
2012.04.27 15:15:16.846,7.59354,7.5945,2.25,2.25
2012.04.27 15:15:16.986,7.59354,7.5945,1.50,2.25
2012.04.27 15:15:19.886,7.59346,7.59433,1.50,1.13
2012.04.27 15:15:20.305,7.59346,7.59429,1.50,1.13
2012.04.27 15:15:20.650,7.59346,7.59434,1.50,1.50
2012.04.27 15:15:25.287,7.59336,7.5943,1.50,1.88
2012.04.27 15:15:27.078,7.59319,7.59415,1.50,1.50
2012.04.27 15:15:32.228,7.59319,7.59415,1.50,2.25
2012.04.27 15:15:33.137,7.59319,7.59415,1.50,1.50
2012.04.27 15:15:33.507,7.59319,7.59415,1.50,2.25
2012.04.27 15:15:33.647,7.59319,7.59415,1.50,1.50
2012.04.27 15:15:33.925,7.59319,7.59415,1.50,2.25
2012.04.27 15:15:34.465,7.59319,7.59415,1.50,1.50
2012.04.27 15:15:35.003,7.59331,7.59425,1.50,1.50
2012.04.27 15:15:36.127,7.59331,7.59425,1.50,2.25
2012.04.27 15:15:36.290,7.59306,7.59399,1.50,2.25
2012.04.27 15:15:36.416,7.59305,7.59394,1.50,1.50
2012.04.27 15:15:36.487,7.59286,7.5938,2.25,1.88
2012.04.27 15:15:36.677,7.59286,7.5938,1.50,1.88
2012.04.27 15:15:46.510,7.59286,7.59364,1.50,1.13
2012.04.27 15:15:46.577,7.59272,7.59364,1.50,1.13
2012.04.27 15:15:46.771,7.59257,7.59353,1.50,1.50
2012.04.27 15:15:55.474,7.59257,7.59353,1.50,2.25
2012.04.27 15:15:55.799,7.59257,7.59353,1.50,1.50
2012.04.27 15:15:55.936,7.59257,7.59353,1.50,2.25
2012.04.27 15:15:56.297,7.59257,7.59353,1.50,1.50
2012.04.27 15:15:58.667,7.59257,7.59345,1.50,1.02
2012.04.27 15:15:58.798,7.59129,7.59272,1.50,2.85
2012.04.27 15:15:58.928,7.59135,7.59249,2.25,1.50
2012.04.27 15:15:59.116,7.59157,7.59271,2.25,2.10
2012.04.27 15:15:59.187,7.59157,7.59271,1.50,2.10
2012.04.27 15:16:00.118,7.59166,7.59262,1.50,4.35
2012.04.27 15:16:03.847,7.59166,7.59233,1.50,2.25
2012.04.27 15:16:05.287,7.59137,7.59233,1.50,3.75
2012.04.27 15:16:06.328,7.59157,7.59233,1.50,2.25
2012.04.27 15:16:12.165,7.59132,7.59163,1.50,1.50
2012.04.27 15:16:12.295,7.59157,7.59233,1.50,2.25
2012.04.27 15:16:17.831,7.59157,7.59233,1.50,3.00
2012.04.27 15:16:18.139,7.59108,7.59182,1.50,3.00
2012.04.27 15:16:18.716,7.59091,7.59187,1.50,1.50
2012.04.27 15:16:18.793,7.59131,7.59225,1.50,2.25
2012.04.27 15:16:19.229,7.59131,7.59205,1.50,1.35
2012.04.27 15:16:19.537,7.59106,7.59182,1.50,3.00
2012.04.27 15:16:19.846,7.59108,7.59181,1.50,1.50
2012.04.27 15:16:20.169,7.59108,7.59181,1.50,1.50
2012.04.27 15:16:20.538,7.59108,7.59187,1.50,1.35
2012.04.27 15:16:23.459,7.59108,7.59187,1.50,1.35
2012.04.27 15:16:23.804,7.59108,7.59187,1.50,1.35
2012.04.27 15:16:29.158,7.59088,7.59184,1.50,2.25
2012.04.27 15:16:32.497,7.58997,7.59128,2.25,2.48
2012.04.27 15:16:32.576,7.58956,7.5905,1.50,1.50
2012.04.27 15:16:32.830,7.58992,7.59073,1.50,1.50
2012.04.27 15:16:32.898,7.58992,7.59086,1.50,1.50
2012.04.27 15:16:33.087,7.59012,7.59108,1.50,2.25
2012.04.27 15:16:33.710,7.59012,7.59108,1.50,2.25
2012.04.27 15:16:33.899,7.59002,7.59098,1.50,2.25
2012.04.27 15:16:35.499,7.59002,7.59098,1.50,1.50
2012.04.27 15:16:35.928,7.59016,7.59108,1.50,1.50
2012.04.27 15:16:36.430,7.59039,7.59135,1.50,2.25
2012.04.27 15:16:41.770,7.59027,7.59123,1.50,1.50
2012.04.27 15:16:42.233,7.59036,7.5913,1.50,1.88
2012.04.27 15:16:48.088,7.59027,7.59123,1.50,1.50
2012.04.27 15:16:52.609,7.59027,7.59123,1.50,2.25
2012.04.27 15:16:52.858,7.58998,7.59094,1.50,2.25
2012.04.27 15:16:52.929,7.58998,7.59094,1.50,2.25
2012.04.27 15:16:53.063,7.5898,7.59076,1.50,1.50
2012.04.27 15:16:53.248,7.58991,7.59087,1.50,2.25
2012.04.27 15:16:53.847,7.59003,7.59097,1.50,2.25
2012.04.27 15:16:54.491,7.58994,7.5909,1.50,2.25
2012.04.27 15:16:59.545,7.58986,7.59082,1.50,2.25
2012.04.27 15:17:06.597,7.58996,7.59092,1.50,2.25
2012.04.27 15:17:39.210,7.59007,7.59116,1.50,3.75
2012.04.27 15:17:39.917,7.59003,7.59103,1.50,2.25
2012.04.27 15:17:40.418,7.58998,7.59094,1.50,2.25
2012.04.27 15:17:43.407,7.5899,7.59086,1.50,1.88
2012.04.27 15:17:43.688,7.5899,7.59086,1.50,2.25
2012.04.27 15:17:43.998,7.59002,7.59096,1.50,2.25
2012.04.27 15:17:53.938,7.59002,7.59096,1.50,2.25
2012.04.27 15:17:54.008,7.5899,7.59086,1.50,1.88
2012.04.27 15:17:54.386,7.5899,7.59086,1.50,2.25
2012.04.27 15:17:55.013,7.59001,7.59095,1.50,2.25
2012.04.27 15:17:56.669,7.58992,7.59086,1.50,2.25
2012.04.27 15:17:58.847,7.59002,7.59086,1.50,2.25
2012.04.27 15:17:59.170,7.58974,7.5907,2.25,2.25
2012.04.27 15:18:02.257,7.58967,7.59061,2.25,2.25
2012.04.27 15:18:03.908,7.58967,7.59061,1.50,2.25
2012.04.27 15:18:04.460,7.58967,7.59061,2.25,2.25
2012.04.27 15:18:05.579,7.58967,7.59061,1.50,1.50
2012.04.27 15:18:05.654,7.58987,7.59083,1.50,2.25
2012.04.27 15:18:07.978,7.58987,7.59083,1.50,1.50
2012.04.27 15:18:08.050,7.58967,7.59063,1.88,1.50
2012.04.27 15:18:08.188,7.58984,7.5908,1.50,1.50
2012.04.27 15:18:08.260,7.58992,7.59088,1.50,1.50
2012.04.27 15:18:09.321,7.58993,7.59087,1.50,1.50
2012.04.27 15:18:12.249,7.59001,7.59097,1.50,1.50
2012.04.27 15:18:12.796,7.59025,7.59119,1.50,2.25
2012.04.27 15:18:13.108,7.59002,7.59096,1.50,1.50
2012.04.27 15:18:28.866,7.59025,7.59121,1.50,2.25
2012.04.27 15:18:29.128,7.58996,7.59092,2.25,1.50
2012.04.27 15:18:35.381,7.59005,7.59099,1.50,1.50
2012.04.27 15:18:37.388,7.59005,7.59099,2.25,1.50
2012.04.27 15:18:38.090,7.59005,7.59099,1.50,1.50
2012.04.27 15:18:41.494,7.59032,7.59128,1.50,2.25
2012.04.27 15:18:48.913,7.59032,7.59118,1.50,1.50
2012.04.27 15:18:48.988,7.58986,7.59082,1.50,1.50
2012.04.27 15:18:49.180,7.59007,7.59101,1.50,1.50
2012.04.27 15:18:54.137,7.59012,7.59101,1.50,1.50
2012.04.27 15:18:54.448,7.59037,7.59131,1.50,2.25
2012.04.27 15:19:07.678,7.59037,7.59131,1.50,1.50
2012.04.27 15:19:07.814,7.59023,7.59117,1.50,1.50
2012.04.27 15:19:08.117,7.59076,7.59172,1.50,2.25
2012.04.27 15:19:11.123,7.59094,7.59175,1.50,1.50
2012.04.27 15:19:23.793,7.59094,7.59163,1.50,1.50
2012.04.27 15:19:28.107,7.59094,7.59163,1.50,1.50
2012.04.27 15:19:34.426,7.59048,7.59142,1.50,1.50
2012.04.27 15:19:35.638,7.59055,7.59151,1.50,1.50
2012.04.27 15:19:43.998,7.59063,7.59159,1.50,1.88
2012.04.27 15:19:44.329,7.591,7.59183,1.50,1.50
2012.04.27 15:19:44.459,7.591,7.59185,1.50,1.50
2012.04.27 15:19:45.913,7.591,7.59192,1.50,2.25
2012.04.27 15:19:50.017,7.591,7.59192,1.50,1.50
2012.04.27 15:19:50.329,7.59107,7.59193,1.50,1.50
2012.04.27 15:19:50.689,7.59107,7.59203,1.50,2.25
2012.04.27 15:19:51.011,7.59109,7.59196,1.50,2.25
2012.04.27 15:19:57.696,7.59109,7.59193,1.50,1.50
2012.04.27 15:19:57.827,7.59111,7.59193,1.50,1.50
2012.04.27 15:19:59.236,7.59111,7.59183,1.50,1.13
2012.04.27 15:19:59.568,7.59122,7.59195,1.50,1.50
2012.04.27 15:19:59.638,7.59113,7.59195,1.50,2.25
2012.04.27 15:20:03.927,7.59113,7.59182,1.50,1.50
2012.04.27 15:20:04.308,7.59125,7.59203,1.50,1.50
2012.04.27 15:20:04.484,7.59114,7.59203,1.50,1.50
2012.04.27 15:20:13.987,7.59114,7.59204,1.50,1.50
2012.04.27 15:20:14.119,7.591,7.59196,1.50,1.88
2012.04.27 15:20:14.447,7.59114,7.5921,1.50,2.25
2012.04.27 15:20:15.169,7.59114,7.5921,1.50,2.25
2012.04.27 15:20:15.417,7.59116,7.59206,1.50,1.50
2012.04.27 15:20:36.668,7.59092,7.59186,1.50,2.25
2012.04.27 15:20:37.661,7.59116,7.59205,1.50,1.50
2012.04.27 15:20:42.172,7.59116,7.59205,1.50,1.50
2012.04.27 15:20:42.359,7.59112,7.59205,1.50,1.50
2012.04.27 15:20:43.721,7.59112,7.59206,1.50,2.25
2012.04.27 15:20:44.232,7.59112,7.59195,1.50,2.25
2012.04.27 15:20:50.178,7.59088,7.59205,1.50,1.50
2012.04.27 15:20:50.308,7.59088,7.59154,1.50,2.25
2012.04.27 15:20:50.378,7.5906,7.59154,1.50,2.25
2012.04.27 15:20:50.508,7.5906,7.59154,1.50,2.25
2012.04.27 15:20:53.482,7.59036,7.59127,1.50,2.25
2012.04.27 15:20:53.549,7.58993,7.59085,1.50,2.25
2012.04.27 15:20:53.621,7.58989,7.59085,1.50,2.25
2012.04.27 15:20:54.061,7.59005,7.59101,1.50,2.25
2012.04.27 15:20:54.136,7.59033,7.59127,1.50,1.50
2012.04.27 15:20:54.390,7.59045,7.59141,1.50,1.50
2012.04.27 15:20:54.519,7.59057,7.59153,1.50,1.50
2012.04.27 15:20:57.354,7.59076,7.5917,1.50,2.25
2012.04.27 15:20:58.590,7.59059,7.59155,1.50,1.50
2012.04.27 15:21:13.884,7.59059,7.59155,1.50,2.25
2012.04.27 15:21:14.078,7.59035,7.59114,1.50,1.88
2012.04.27 15:21:14.150,7.5902,7.59114,1.50,1.88
2012.04.27 15:21:14.775,7.5902,7.59114,1.50,2.25
2012.04.27 15:21:18.402,7.59005,7.59099,1.50,1.50
2012.04.27 15:21:30.516,7.59018,7.59112,1.50,1.13
2012.04.27 15:21:44.056,7.59005,7.59101,1.50,1.50
2012.04.27 15:21:48.056,7.59019,7.59112,1.50,1.13
2012.04.27 15:22:08.918,7.59019,7.59093,1.50,1.50
2012.04.27 15:22:09.108,7.58959,7.59055,1.50,2.25
2012.04.27 15:22:15.215,7.58959,7.59055,1.50,2.25
2012.04.27 15:22:15.411,7.58944,7.59038,1.50,2.25
2012.04.27 15:22:20.507,7.58944,7.59029,1.50,1.13
2012.04.27 15:22:20.638,7.58923,7.59019,1.50,2.25
2012.04.27 15:22:20.809,7.58923,7.59019,1.50,1.50
2012.04.27 15:22:21.175,7.58932,7.59028,1.50,1.50
2012.04.27 15:22:26.637,7.58924,7.59018,1.50,1.50
2012.04.27 15:22:29.327,7.58932,7.59028,1.50,1.50
2012.04.27 15:22:32.167,7.58932,7.59028,2.25,1.50
2012.04.27 15:22:32.479,7.58986,7.59078,1.50,1.13
2012.04.27 15:22:32.608,7.5897,7.59066,1.50,2.25
2012.04.27 15:22:32.858,7.58978,7.59074,1.50,2.25
2012.04.27 15:22:33.622,7.58978,7.59074,1.50,2.25
2012.04.27 15:22:33.829,7.58968,7.59064,1.50,2.25
2012.04.27 15:22:34.367,7.58968,7.59064,1.50,2.25
2012.04.27 15:22:39.107,7.5896,7.59054,1.50,2.25
2012.04.27 15:22:40.780,7.5896,7.59054,1.50,1.50
2012.04.27 15:22:41.318,7.5896,7.59054,1.50,2.25
2012.04.27 15:22:56.638,7.58977,7.59073,1.50,2.25
2012.04.27 15:22:57.020,7.58977,7.59064,1.50,2.25
2012.04.27 15:22:57.088,7.58944,7.5904,1.88,2.25
2012.04.27 15:23:01.847,7.58948,7.59042,1.50,2.25
2012.04.27 15:23:02.409,7.5893,7.59026,2.25,2.25
2012.04.27 15:23:02.478,7.5893,7.59026,2.25,2.25
2012.04.27 15:23:03.787,7.58946,7.5904,1.50,2.25
2012.04.27 15:23:04.287,7.58962,7.59056,1.50,2.25
2012.04.27 15:23:08.559,7.58939,7.59035,2.25,2.25
2012.04.27 15:23:09.999,7.58975,7.59059,1.50,2.25
2012.04.27 15:23:10.067,7.5895,7.5903,1.50,2.25
2012.04.27 15:23:10.137,7.58936,7.5903,2.25,2.25
2012.04.27 15:23:14.228,7.58953,7.59049,1.50,2.25
2012.04.27 15:23:16.487,7.58987,7.59073,1.50,1.50
2012.04.27 15:23:16.556,7.58987,7.59081,1.50,1.88
2012.04.27 15:23:27.058,7.58972,7.59068,1.50,1.50
2012.04.27 15:23:28.422,7.58964,7.5906,1.50,1.50
2012.04.27 15:23:32.341,7.58987,7.59081,1.50,1.88
2012.04.27 15:23:42.651,7.58974,7.59068,1.50,1.50
2012.04.27 15:23:43.421,7.58986,7.59082,1.50,1.88
2012.04.27 15:23:47.013,7.58928,7.59078,3.00,1.13
2012.04.27 15:23:51.848,7.58954,7.59078,1.50,1.13
2012.04.27 15:23:52.200,7.58977,7.59073,1.50,2.25
2012.04.27 15:23:53.112,7.59008,7.59079,1.50,1.13
2012.04.27 15:23:54.209,7.59008,7.59043,1.50,1.13
2012.04.27 15:23:54.280,7.58983,7.59043,3.00,1.13
2012.04.27 15:23:54.360,7.58983,7.59043,1.50,1.13
2012.04.27 15:23:54.428,7.58964,7.59043,1.50,1.13
2012.04.27 15:23:54.617,7.58948,7.59042,1.50,2.25
2012.04.27 15:23:55.371,7.58957,7.59053,1.50,2.25
2012.04.27 15:23:55.683,7.58991,7.59063,1.50,1.50
2012.04.27 15:23:55.809,7.58983,7.59063,1.50,1.50
2012.04.27 15:23:56.611,7.58983,7.59044,1.50,1.13
2012.04.27 15:23:56.736,7.58966,7.59044,1.50,1.13
2012.04.27 15:23:56.919,7.58966,7.59044,1.50,1.13
2012.04.27 15:23:59.344,7.58966,7.59044,1.50,1.13
2012.04.27 15:24:01.861,7.58942,7.59034,1.50,2.25
2012.04.27 15:24:02.135,7.58938,7.59034,1.50,2.25
2012.04.27 15:24:07.349,7.58938,7.59034,1.50,2.25
2012.04.27 15:24:08.022,7.58954,7.59044,1.50,1.13
2012.04.27 15:24:17.522,7.58954,7.59044,1.50,1.13
2012.04.27 15:24:18.092,7.58942,7.59038,1.50,2.25
2012.04.27 15:24:22.661,7.58942,7.59038,1.50,2.25
2012.04.27 15:24:25.829,7.58925,7.59019,1.50,2.25
2012.04.27 15:24:31.171,7.58925,7.59019,1.50,2.25
2012.04.27 15:24:31.838,7.58939,7.59035,1.50,2.25
2012.04.27 15:24:32.715,7.58939,7.59035,1.50,2.25
2012.04.27 15:24:33.173,7.58939,7.59035,1.50,2.25
2012.04.27 15:24:33.387,7.58939,7.59035,1.50,2.25
2012.04.27 15:24:33.922,7.58939,7.59035,1.50,2.25
2012.04.27 15:24:34.436,7.58939,7.59035,1.50,2.25
2012.04.27 15:24:36.659,7.58939,7.59035,1.50,2.25
2012.04.27 15:24:37.548,7.58928,7.59022,1.50,2.25
2012.04.27 15:24:43.497,7.58928,7.59018,1.50,1.13
2012.04.27 15:24:43.628,7.58931,7.59018,1.50,1.13
2012.04.27 15:24:43.760,7.58919,7.59013,1.50,2.25
2012.04.27 15:24:43.895,7.58909,7.59003,1.50,2.25
2012.04.27 15:24:45.329,7.58909,7.59003,1.50,2.25
2012.04.27 15:24:46.276,7.58909,7.59003,1.50,2.25
2012.04.27 15:24:48.113,7.5892,7.59014,1.50,2.25
2012.04.27 15:24:49.637,7.58912,7.59006,1.50,2.25
2012.04.27 15:24:49.998,7.58928,7.59023,1.50,1.13
2012.04.27 15:24:51.227,7.58928,7.59023,1.50,1.13
2012.04.27 15:24:52.922,7.58868,7.59023,3.00,1.13
2012.04.27 15:24:53.426,7.58868,7.59023,3.00,1.13
2012.04.27 15:24:53.748,7.58868,7.59014,3.00,2.25
2012.04.27 15:24:57.212,7.58868,7.59014,3.00,2.25
2012.04.27 15:24:57.880,7.58868,7.59014,3.00,2.25
2012.04.27 15:24:58.248,7.58868,7.59014,3.00,2.25
2012.04.27 15:25:01.818,7.58868,7.58993,2.25,1.13
2012.04.27 15:25:02.309,7.58868,7.58993,2.25,1.13
2012.04.27 15:25:02.387,7.58902,7.58998,1.50,2.25
2012.04.27 15:25:02.708,7.58897,7.58993,1.50,2.25
2012.04.27 15:25:03.315,7.58897,7.58993,1.50,2.25
2012.04.27 15:25:04.318,7.58897,7.58993,1.50,2.25
2012.04.27 15:25:08.432,7.58848,7.58993,3.00,2.25
2012.04.27 15:25:09.087,7.58848,7.58984,3.00,2.25
2012.04.27 15:25:10.628,7.58848,7.58984,3.00,2.25
2012.04.27 15:25:11.096,7.58897,7.58993,1.50,2.25
2012.04.27 15:25:12.242,7.58897,7.58993,1.50,2.25
2012.04.27 15:25:12.709,7.58909,7.59,1.50,1.13
2012.04.27 15:25:14.632,7.58896,7.58992,1.50,2.25
2012.04.27 15:25:14.700,7.58896,7.58992,1.50,2.25
2012.04.27 15:25:15.131,7.58911,7.59,1.50,1.13
2012.04.27 15:25:15.559,7.58896,7.5899,1.50,2.25
2012.04.27 15:25:16.649,7.58896,7.5899,1.50,2.25
2012.04.27 15:25:18.234,7.58903,7.58999,1.50,2.25
2012.04.27 15:25:18.418,7.58903,7.58999,1.50,2.25
2012.04.27 15:25:18.677,7.58903,7.58999,1.50,2.25
2012.04.27 15:25:19.279,7.58903,7.58999,1.50,2.25
2012.04.27 15:25:19.577,7.58911,7.59,1.50,1.13
2012.04.27 15:25:20.170,7.58911,7.59002,1.50,1.13
2012.04.27 15:25:20.369,7.58932,7.59002,1.50,1.13
2012.04.27 15:25:20.878,7.58932,7.59,1.50,1.13
2012.04.27 15:25:20.949,7.58932,7.59002,1.50,1.13
2012.04.27 15:25:21.187,7.58911,7.59002,1.50,1.13
2012.04.27 15:25:21.778,7.58935,7.59002,1.50,1.13
2012.04.27 15:25:29.177,7.58935,7.59002,1.50,1.50
2012.04.27 15:25:29.310,7.58904,7.59,1.50,2.25
2012.04.27 15:25:29.440,7.58904,7.59,1.50,2.25
2012.04.27 15:25:30.889,7.58896,7.5899,1.50,2.25
2012.04.27 15:25:30.959,7.5891,7.58999,1.50,1.13
2012.04.27 15:25:31.030,7.58932,7.59003,1.50,1.13
2012.04.27 15:25:32.209,7.58932,7.58999,1.50,1.13
2012.04.27 15:25:32.680,7.58924,7.58999,1.50,1.13
2012.04.27 15:25:33.019,7.58938,7.58999,1.50,1.13
2012.04.27 15:25:33.550,7.58938,7.59003,1.50,1.13
2012.04.27 15:25:33.778,7.58938,7.58999,1.50,1.13
2012.04.27 15:25:35.363,7.58938,7.59002,1.50,1.13
2012.04.27 15:25:36.807,7.58929,7.59002,1.50,1.13
2012.04.27 15:25:36.938,7.58929,7.58999,1.50,1.13
2012.04.27 15:25:37.476,7.58929,7.58999,1.50,1.13
2012.04.27 15:25:38.178,7.58929,7.58999,1.50,1.13
2012.04.27 15:25:38.559,7.58936,7.58999,1.50,1.13
2012.04.27 15:25:40.889,7.58929,7.58999,1.50,1.13
2012.04.27 15:25:42.630,7.58915,7.58999,1.50,1.13
2012.04.27 15:25:43.700,7.58926,7.58999,1.50,1.13
2012.04.27 15:25:44.648,7.58911,7.58999,1.50,1.13
2012.04.27 15:25:44.717,7.58901,7.58997,1.50,2.25
2012.04.27 15:25:44.996,7.58919,7.58999,1.50,1.13
2012.04.27 15:25:45.651,7.58927,7.58999,1.50,1.13
2012.04.27 15:25:46.449,7.58927,7.58999,1.50,1.13
2012.04.27 15:25:46.899,7.58919,7.58999,1.50,1.13
2012.04.27 15:25:47.662,7.58919,7.58999,1.50,1.13
2012.04.27 15:25:48.078,7.58909,7.58999,1.50,1.13
2012.04.27 15:25:48.872,7.58909,7.58999,1.50,1.13
2012.04.27 15:25:50.002,7.58909,7.58999,1.50,1.13
2012.04.27 15:25:50.429,7.5889,7.58986,1.50,2.25
2012.04.27 15:25:50.962,7.5889,7.58986,1.50,2.25
2012.04.27 15:25:51.684,7.58912,7.58999,1.50,1.13
2012.04.27 15:25:51.847,7.58887,7.58983,1.50,2.25
2012.04.27 15:25:51.951,7.58887,7.58983,1.50,2.25
2012.04.27 15:25:52.852,7.58887,7.58983,1.50,2.25
2012.04.27 15:25:54.441,7.58887,7.58983,1.50,2.25
2012.04.27 15:25:55.019,7.58887,7.58983,1.50,2.25
2012.04.27 15:26:01.110,7.58897,7.58991,1.50,2.25
2012.04.27 15:26:06.817,7.58907,7.58999,1.50,1.13
2012.04.27 15:26:07.817,7.58915,7.58984,1.50,1.13
2012.04.27 15:26:07.889,7.58898,7.58982,1.50,1.13
2012.04.27 15:26:08.294,7.58907,7.59001,1.50,2.25
2012.04.27 15:26:27.209,7.58907,7.59001,1.50,2.25
2012.04.27 15:26:27.685,7.58876,7.5897,1.50,2.25
2012.04.27 15:26:37.739,7.58867,7.58962,1.50,1.50
2012.04.27 15:26:38.076,7.58867,7.58945,1.50,1.13
2012.04.27 15:26:38.392,7.58804,7.589,1.50,2.25
2012.04.27 15:26:40.391,7.58804,7.589,1.50,1.50
2012.04.27 15:26:40.520,7.58851,7.5892,1.50,1.13
2012.04.27 15:26:40.649,7.58843,7.5892,1.50,1.13
2012.04.27 15:26:40.721,7.58859,7.5892,1.50,1.13
2012.04.27 15:26:40.928,7.58849,7.5892,1.50,1.13
2012.04.27 15:26:43.232,7.58849,7.5892,1.50,1.13
2012.04.27 15:26:50.255,7.58849,7.58922,1.50,1.13
2012.04.27 15:26:51.309,7.58849,7.5892,1.50,1.13
2012.04.27 15:26:52.309,7.58849,7.58945,1.50,1.50
2012.04.27 15:26:52.501,7.58879,7.58952,1.50,1.50
2012.04.27 15:26:52.688,7.5886,7.58952,1.50,1.50
2012.04.27 15:26:55.729,7.5886,7.58922,1.50,1.50
2012.04.27 15:26:55.980,7.58842,7.58922,1.50,1.50
2012.04.27 15:26:58.332,7.58842,7.58904,1.50,1.13
2012.04.27 15:26:58.931,7.58842,7.58923,1.50,1.50
2012.04.27 15:27:00.139,7.58842,7.58923,1.50,1.50
2012.04.27 15:27:00.328,7.58832,7.58928,1.50,2.25
2012.04.27 15:27:03.312,7.58832,7.58928,1.50,2.25
2012.04.27 15:27:04.817,7.58841,7.58935,1.50,2.25
2012.04.27 15:27:11.748,7.58841,7.58935,1.50,2.25
2012.04.27 15:27:12.058,7.58857,7.58951,1.50,2.25
2012.04.27 15:27:12.984,7.58865,7.58959,1.50,2.25
2012.04.27 15:27:14.890,7.58865,7.58959,2.25,2.25
2012.04.27 15:27:14.958,7.58883,7.58959,1.13,1.50
2012.04.27 15:27:15.423,7.58933,7.59003,1.50,1.50
2012.04.27 15:27:15.490,7.58933,7.59019,1.50,1.13
2012.04.27 15:27:15.687,7.58912,7.59006,1.50,2.25
2012.04.27 15:27:16.271,7.58912,7.59006,1.50,2.25
2012.04.27 15:27:16.619,7.58935,7.59019,1.50,1.13
2012.04.27 15:27:17.309,7.58935,7.59019,1.50,1.13
2012.04.27 15:27:17.679,7.58935,7.59013,1.50,1.50
2012.04.27 15:27:17.749,7.58928,7.59002,1.50,3.00
2012.04.27 15:27:17.819,7.58928,7.59002,1.50,3.00
2012.04.27 15:27:17.888,7.5891,7.59002,1.50,3.00
2012.04.27 15:27:18.258,7.5892,7.59002,1.50,3.00
2012.04.27 15:27:23.458,7.5892,7.59002,1.50,3.75
2012.04.27 15:27:23.533,7.58904,7.58998,1.50,2.25
2012.04.27 15:27:23.608,7.58913,7.58985,1.50,1.13
2012.04.27 15:27:23.678,7.58913,7.59003,1.50,1.50
2012.04.27 15:27:23.810,7.5892,7.59003,1.50,1.50
2012.04.27 15:27:24.389,7.5892,7.59016,1.50,2.25
2012.04.27 15:27:25.182,7.5892,7.59016,1.50,2.25
2012.04.27 15:27:25.249,7.58904,7.5899,1.50,1.50
2012.04.27 15:27:25.382,7.58886,7.5898,1.50,2.25
2012.04.27 15:27:25.450,7.58858,7.58952,1.50,1.50
2012.04.27 15:27:26.338,7.58858,7.58952,1.50,2.25
2012.04.27 15:27:26.879,7.58858,7.58952,1.50,1.50
2012.04.27 15:27:27.200,7.58858,7.58952,1.50,2.25
2012.04.27 15:27:27.798,7.58842,7.58938,1.50,1.50
2012.04.27 15:27:29.249,7.58842,7.58938,1.50,2.25
2012.04.27 15:27:30.168,7.58842,7.58933,1.50,1.13
2012.04.27 15:27:31.593,7.58842,7.58938,1.50,1.50
2012.04.27 15:27:31.665,7.58906,7.58988,1.50,2.25
2012.04.27 15:27:31.930,7.58893,7.58983,1.50,1.50
2012.04.27 15:27:36.411,7.58912,7.58982,1.50,1.50
2012.04.27 15:27:45.137,7.58926,7.59002,1.50,3.00
2012.04.27 15:27:47.767,7.58917,7.59002,1.50,3.00
2012.04.27 15:27:55.059,7.58899,7.58993,1.50,2.25
2012.04.27 15:27:56.550,7.58916,7.59002,1.50,3.75
2012.04.27 15:27:57.878,7.58906,7.58983,1.50,1.50
2012.04.27 15:28:01.338,7.58906,7.58983,1.50,1.50
2012.04.27 15:28:01.467,7.58895,7.58975,1.50,1.13
2012.04.27 15:28:01.597,7.58904,7.58975,1.50,1.13
2012.04.27 15:28:01.728,7.58904,7.59,1.50,2.25
2012.04.27 15:28:02.176,7.58928,7.59003,1.50,1.50
2012.04.27 15:28:04.823,7.58928,7.59005,1.50,1.13
2012.04.27 15:28:05.232,7.58931,7.59005,1.50,1.13
2012.04.27 15:28:05.559,7.58931,7.59022,1.50,3.00
2012.04.27 15:28:05.867,7.58936,7.59014,1.50,1.50
2012.04.27 15:28:06.429,7.58898,7.58994,1.50,2.25
2012.04.27 15:28:08.251,7.58898,7.58994,1.50,2.25
2012.04.27 15:28:08.468,7.58898,7.58994,1.50,1.50
2012.04.27 15:28:08.541,7.58888,7.58984,1.50,1.50
2012.04.27 15:28:08.847,7.58907,7.59001,1.50,1.50
2012.04.27 15:28:12.019,7.58978,7.59026,2.85,1.50
2012.04.27 15:28:12.511,7.58987,7.59075,2.25,1.50
2012.04.27 15:28:14.159,7.59,7.59096,1.50,2.25
2012.04.27 15:28:14.407,7.58991,7.59087,1.50,1.50
2012.04.27 15:28:19.808,7.59006,7.591,1.50,1.50
2012.04.27 15:28:27.591,7.58996,7.59092,1.50,1.50
2012.04.27 15:28:29.858,7.58996,7.59092,1.50,2.25
2012.04.27 15:28:30.109,7.58972,7.59051,1.50,1.50
2012.04.27 15:28:30.253,7.58957,7.59051,1.50,1.50
2012.04.27 15:28:30.438,7.58957,7.59051,1.50,2.25
2012.04.27 15:28:31.003,7.58957,7.59051,1.50,2.25
2012.04.27 15:28:31.072,7.58935,7.59029,1.50,2.25
2012.04.27 15:28:31.550,7.58943,7.59039,1.50,2.25
2012.04.27 15:28:32.270,7.58943,7.59039,1.50,2.25
2012.04.27 15:28:32.591,7.58943,7.59039,1.50,2.25
2012.04.27 15:28:32.990,7.58943,7.59039,1.50,2.25
2012.04.27 15:28:33.983,7.58943,7.59039,1.50,2.25
2012.04.27 15:28:35.337,7.58943,7.59039,1.50,2.25
2012.04.27 15:28:36.489,7.58943,7.59039,1.50,2.25
2012.04.27 15:28:36.808,7.58943,7.59039,1.50,2.25
2012.04.27 15:28:37.179,7.58935,7.59031,1.50,2.25
2012.04.27 15:28:38.301,7.58939,7.59035,1.50,2.25
2012.04.27 15:28:38.990,7.58939,7.59035,1.50,2.25
2012.04.27 15:28:39.118,7.58939,7.59035,1.50,2.25
2012.04.27 15:28:39.250,7.58939,7.59035,1.50,2.25
2012.04.27 15:28:40.192,7.58939,7.59035,1.50,2.25
2012.04.27 15:28:40.870,7.58939,7.59035,1.50,2.25
2012.04.27 15:28:41.198,7.58939,7.59035,1.50,2.25
2012.04.27 15:28:42.180,7.58939,7.59035,1.50,2.25
2012.04.27 15:28:43.124,7.58939,7.59035,1.50,2.25
2012.04.27 15:28:43.509,7.58939,7.59035,1.50,2.25
2012.04.27 15:28:44.058,7.58939,7.59035,1.50,2.25
2012.04.27 15:28:44.473,7.58939,7.59035,1.50,2.25
2012.04.27 15:28:45.198,7.58939,7.59035,1.50,2.25
2012.04.27 15:28:45.559,7.58939,7.59035,1.50,1.88
2012.04.27 15:28:45.808,7.58949,7.59043,1.50,2.25
2012.04.27 15:28:46.601,7.58949,7.59043,1.50,2.25
2012.04.27 15:28:46.910,7.58939,7.59035,1.50,2.25
2012.04.27 15:28:47.149,7.58939,7.59035,1.50,2.25
2012.04.27 15:28:47.459,7.58939,7.59035,1.50,2.25
2012.04.27 15:28:48.702,7.58939,7.59035,1.50,2.25
2012.04.27 15:28:49.050,7.58939,7.59002,1.50,2.25
2012.04.27 15:28:50.985,7.58939,7.59013,1.50,2.25
2012.04.27 15:28:52.169,7.58939,7.59013,1.50,3.00
2012.04.27 15:28:52.589,7.58939,7.59002,1.50,2.25
2012.04.27 15:28:53.509,7.58939,7.59013,1.50,2.25
2012.04.27 15:28:54.510,7.58939,7.59002,1.50,2.25
2012.04.27 15:28:55.214,7.58919,7.59002,1.50,2.25
2012.04.27 15:28:55.398,7.58919,7.59012,1.50,2.25
2012.04.27 15:28:56.181,7.58919,7.59012,1.50,3.00
2012.04.27 15:28:56.828,7.58919,7.59003,1.50,2.25
2012.04.27 15:28:57.399,7.58919,7.59012,1.50,2.25
2012.04.27 15:28:58.491,7.58919,7.59012,1.50,3.00
2012.04.27 15:28:59.051,7.58927,7.59002,1.50,2.25
2012.04.27 15:28:59.817,7.58927,7.59013,1.50,2.25
2012.04.27 15:29:00.674,7.58927,7.59002,1.50,2.25
2012.04.27 15:29:01.184,7.58919,7.59002,1.50,2.25
2012.04.27 15:29:02.030,7.58919,7.59012,1.50,2.25
2012.04.27 15:29:03.019,7.58919,7.59003,1.50,2.25
2012.04.27 15:29:03.212,7.58906,7.59,1.50,1.50
2012.04.27 15:29:09.368,7.58917,7.59003,1.50,2.25
2012.04.27 15:29:09.808,7.58917,7.58993,1.50,2.25
2012.04.27 15:29:10.028,7.58917,7.59002,1.50,2.25
2012.04.27 15:29:10.158,7.5891,7.59002,1.50,2.25
2012.04.27 15:29:11.458,7.5891,7.58992,1.50,2.25
2012.04.27 15:29:12.131,7.5891,7.59003,1.50,2.25
2012.04.27 15:29:13.499,7.5891,7.59003,1.50,2.63
2012.04.27 15:29:13.895,7.5891,7.58993,1.50,2.25
2012.04.27 15:29:14.029,7.5891,7.59002,1.50,2.25
2012.04.27 15:29:15.278,7.58917,7.59002,1.50,2.25
2012.04.27 15:29:15.591,7.58917,7.58992,1.50,2.25
2012.04.27 15:29:16.320,7.58917,7.59002,1.50,2.25
2012.04.27 15:29:17.065,7.58932,7.58963,1.50,2.25
2012.04.27 15:29:17.138,7.58912,7.58963,1.50,2.25
2012.04.27 15:29:17.331,7.58895,7.58963,1.50,2.25
2012.04.27 15:29:17.741,7.58895,7.58952,1.50,2.25
2012.04.27 15:29:24.438,7.58895,7.58952,1.50,3.00
2012.04.27 15:29:24.510,7.58871,7.58948,1.50,2.25
2012.04.27 15:29:24.581,7.58852,7.58903,1.50,2.25
2012.04.27 15:29:24.771,7.58852,7.58948,1.50,1.50
2012.04.27 15:29:24.899,7.58839,7.58933,1.50,1.50
2012.04.27 15:29:25.319,7.58882,7.58963,1.50,2.25
2012.04.27 15:29:30.718,7.58892,7.58963,1.50,2.25
2012.04.27 15:29:31.830,7.58881,7.58963,1.50,2.25
2012.04.27 15:29:31.958,7.58893,7.58963,1.50,2.25
2012.04.27 15:29:43.500,7.58885,7.58963,1.50,2.25
2012.04.27 15:29:43.839,7.58896,7.58963,1.50,2.25
2012.04.27 15:29:48.372,7.58896,7.58963,1.50,2.63
2012.04.27 15:29:48.677,7.58887,7.58952,1.50,2.25
2012.04.27 15:29:54.600,7.58876,7.58952,1.50,2.25
2012.04.27 15:30:05.559,7.58876,7.58962,1.50,2.25
2012.04.27 15:30:08.998,7.58876,7.58962,2.25,2.25
2012.04.27 15:30:09.197,7.58887,7.58962,1.50,2.25
2012.04.27 15:30:13.257,7.58896,7.58962,1.50,2.25
2012.04.27 15:30:13.780,7.58887,7.58962,1.50,2.25
2012.04.27 15:30:16.373,7.58898,7.58962,1.50,2.25
2012.04.27 15:30:19.596,7.58878,7.58962,1.50,2.25
2012.04.27 15:30:19.789,7.58898,7.58962,1.50,2.25
2012.04.27 15:30:45.859,7.58875,7.58962,2.25,2.25
2012.04.27 15:30:45.986,7.58889,7.58962,1.50,2.25
2012.04.27 15:30:52.210,7.58899,7.58962,1.50,2.25
2012.04.27 15:31:01.257,7.58899,7.58962,2.25,2.25
2012.04.27 15:31:01.569,7.58936,7.58962,1.50,2.25
2012.04.27 15:31:08.926,7.58912,7.58962,2.25,2.25
2012.04.27 15:31:09.177,7.5894,7.58962,1.50,2.25
2012.04.27 15:31:09.737,7.58907,7.58962,1.50,2.25
2012.04.27 15:31:18.370,7.58905,7.58962,2.25,2.25
2012.04.27 15:31:19.021,7.58925,7.58962,1.50,2.25
2012.04.27 15:31:37.234,7.58904,7.58962,1.50,2.25
2012.04.27 15:31:37.946,7.58923,7.58962,1.50,2.25
2012.04.27 15:31:49.927,7.58923,7.58962,1.50,2.63
2012.04.27 15:31:50.249,7.58923,7.58953,1.50,2.25
2012.04.27 15:32:21.689,7.589,7.58953,1.50,3.00
2012.04.27 15:32:21.818,7.589,7.58913,1.50,2.25
2012.04.27 15:32:21.888,7.58888,7.58913,1.50,2.25
2012.04.27 15:32:22.808,7.58918,7.58973,1.50,2.25
2012.04.27 15:32:26.934,7.58905,7.58973,1.50,2.25
2012.04.27 15:32:47.008,7.58923,7.58973,1.50,2.25
2012.04.27 15:32:48.068,7.58906,7.58973,1.50,2.25
2012.04.27 15:32:50.059,7.58923,7.58973,1.50,2.25
2012.04.27 15:32:51.868,7.58912,7.58973,1.50,2.25
2012.04.27 15:32:54.559,7.58928,7.58973,1.50,2.25
2012.04.27 15:33:24.530,7.58917,7.58973,1.50,2.25
2012.04.27 15:33:32.590,7.58905,7.58973,1.50,2.25
2012.04.27 15:33:47.949,7.58915,7.58973,1.50,2.25
2012.04.27 15:33:49.963,7.58907,7.58973,1.50,2.25
2012.04.27 15:33:52.025,7.58917,7.58973,1.50,2.25
2012.04.27 15:33:54.219,7.58917,7.59003,1.50,2.25
2012.04.27 15:33:54.359,7.58894,7.58988,1.50,1.50
2012.04.27 15:33:54.523,7.58917,7.59003,1.50,2.25
2012.04.27 15:34:54.534,7.58856,7.59003,2.25,2.25
2012.04.27 15:35:58.746,7.58906,7.59002,1.50,1.50
2012.04.27 15:35:59.191,7.58906,7.59002,1.50,2.25
2012.04.27 15:35:59.389,7.58892,7.58986,1.50,1.50
2012.04.27 15:36:00.221,7.58892,7.58986,1.50,2.25
2012.04.27 15:36:05.940,7.58892,7.58986,1.50,1.50
2012.04.27 15:36:06.191,7.589,7.58994,1.50,2.25
2012.04.27 15:36:07.648,7.58923,7.59003,1.50,3.00
2012.04.27 15:36:08.708,7.58923,7.59003,1.50,2.25
2012.04.27 15:36:08.780,7.58904,7.59,1.50,1.50
2012.04.27 15:36:15.096,7.58912,7.59003,1.50,2.25
2012.04.27 15:36:17.578,7.58912,7.59002,1.50,1.50
2012.04.27 15:36:17.647,7.58882,7.58978,1.50,1.50
2012.04.27 15:36:17.837,7.58889,7.58978,1.50,1.50
2012.04.27 15:36:17.908,7.58913,7.59003,1.50,2.25
2012.04.27 15:36:24.942,7.58924,7.59003,1.50,2.25
2012.04.27 15:36:27.757,7.58907,7.59001,1.50,1.50
2012.04.27 15:36:28.467,7.58918,7.59003,1.50,2.25
2012.04.27 15:36:28.957,7.58918,7.59003,1.50,3.00
2012.04.27 15:36:29.569,7.58928,7.59003,1.50,3.00
2012.04.27 15:36:29.641,7.58921,7.59003,1.50,3.00
2012.04.27 15:36:36.154,7.58921,7.59003,1.50,2.25
2012.04.27 15:36:36.222,7.58921,7.59003,1.50,3.00
2012.04.27 15:36:36.536,7.58909,7.58972,1.50,2.25
2012.04.27 15:36:45.781,7.589,7.58972,1.50,2.25
2012.04.27 15:36:52.471,7.58912,7.58972,1.50,2.25
2012.04.27 15:36:57.056,7.58902,7.58998,1.50,1.50
2012.04.27 15:36:57.134,7.58931,7.59019,1.50,1.50
2012.04.27 15:36:57.200,7.58923,7.59019,1.50,3.00
2012.04.27 15:36:57.482,7.58923,7.59019,1.50,3.00
2012.04.27 15:36:57.700,7.58923,7.59019,1.50,3.00
2012.04.27 15:37:00.949,7.58923,7.59019,1.50,3.00
2012.04.27 15:37:01.082,7.58938,7.59019,1.50,1.50
2012.04.27 15:37:06.122,7.58938,7.59023,1.50,3.00
2012.04.27 15:37:06.376,7.58953,7.59023,1.50,3.00
2012.04.27 15:37:06.981,7.5896,7.59023,1.50,3.00
2012.04.27 15:37:12.630,7.58952,7.59023,1.50,3.00
2012.04.27 15:37:13.164,7.58952,7.59019,1.50,1.50
2012.04.27 15:37:13.419,7.58952,7.59023,1.50,3.00
2012.04.27 15:37:13.982,7.58952,7.59019,1.50,1.50
2012.04.27 15:37:14.101,7.58952,7.59023,1.50,3.00
2012.04.27 15:37:14.289,7.58952,7.58972,1.50,2.25
2012.04.27 15:37:14.359,7.58932,7.58972,1.50,2.25
2012.04.27 15:37:16.838,7.58957,7.59022,1.50,3.00
2012.04.27 15:37:18.531,7.58957,7.58973,1.50,2.25
2012.04.27 15:37:19.141,7.58942,7.58973,1.50,2.25
2012.04.27 15:37:19.270,7.58893,7.58973,1.50,2.25
2012.04.27 15:37:33.849,7.58893,7.58972,1.50,2.25
2012.04.27 15:37:34.450,7.58893,7.58973,1.50,2.25
2012.04.27 15:37:48.021,7.58893,7.58973,1.88,2.25
2012.04.27 15:37:48.095,7.58893,7.58987,1.88,1.50
2012.04.27 15:37:48.162,7.58921,7.59017,1.50,1.50
2012.04.27 15:37:48.231,7.58955,7.59022,1.50,2.25
2012.04.27 15:37:59.470,7.58945,7.59022,1.50,3.00
2012.04.27 15:37:59.539,7.58945,7.58972,1.50,2.25
2012.04.27 15:37:59.669,7.58921,7.58972,1.50,2.25
2012.04.27 15:37:59.738,7.58893,7.58972,1.50,2.25
2012.04.27 15:38:00.849,7.58893,7.58973,1.50,2.25
2012.04.27 15:38:47.760,7.58893,7.58972,1.50,2.25
2012.04.27 15:38:59.811,7.58728,7.58972,1.50,2.25
2012.04.27 15:39:44.209,7.58842,7.58972,1.50,2.25
2012.04.27 15:39:44.280,7.58904,7.59023,1.50,3.00
2012.04.27 15:39:44.351,7.58928,7.59023,1.50,2.25
2012.04.27 15:39:44.420,7.5895,7.59023,1.50,2.25
2012.04.27 15:39:44.491,7.5895,7.59032,1.50,2.25
2012.04.27 15:39:44.621,7.5896,7.59032,1.50,2.25
2012.04.27 15:39:48.450,7.5896,7.59032,1.50,3.00
2012.04.27 15:39:48.881,7.5896,7.59003,1.50,2.25
2012.04.27 15:39:49.581,7.58937,7.59003,3.00,2.25
2012.04.27 15:39:49.651,7.58937,7.58992,1.50,2.25
2012.04.27 15:39:50.540,7.58937,7.58982,1.50,2.25
2012.04.27 15:39:50.853,7.58889,7.58933,1.50,2.25
2012.04.27 15:39:50.922,7.58889,7.58933,1.50,2.25
2012.04.27 15:39:50.992,7.58879,7.58933,1.50,2.25
2012.04.27 15:39:51.659,7.58879,7.58902,1.50,2.25
2012.04.27 15:39:52.520,7.58879,7.58883,1.50,2.25
2012.04.27 15:39:54.851,7.58903,7.58972,1.50,3.00
2012.04.27 15:39:54.919,7.58903,7.58972,1.50,2.25
2012.04.27 15:39:55.169,7.58914,7.58972,1.50,2.25
2012.04.27 15:40:02.762,7.58914,7.58973,1.50,2.25
2012.04.27 15:40:05.121,7.58914,7.58972,1.50,2.25
2012.04.27 15:40:18.541,7.58914,7.58973,1.50,2.25
2012.04.27 15:40:19.096,7.58914,7.58972,1.50,2.25
2012.04.27 15:40:19.720,7.58914,7.58973,1.50,2.25
2012.04.27 15:40:38.691,7.58923,7.58973,1.50,2.25
2012.04.27 15:40:49.271,7.58914,7.58973,1.50,2.25
2012.04.27 15:40:56.949,7.58906,7.58973,1.50,2.25
2012.04.27 15:41:00.569,7.58888,7.58973,1.50,2.25
2012.04.27 15:41:01.715,7.58879,7.58973,1.50,2.25
2012.04.27 15:41:31.657,7.58887,7.58973,1.50,2.25
2012.04.27 15:41:59.321,7.58896,7.58973,1.50,2.25
2012.04.27 15:41:59.740,7.5892,7.58982,1.50,2.25
2012.04.27 15:42:00.491,7.5892,7.58973,1.50,2.25
2012.04.27 15:42:06.161,7.58912,7.58973,1.50,2.25
2012.04.27 15:42:29.740,7.58933,7.58973,1.50,2.25
2012.04.27 15:42:30.011,7.58933,7.58982,1.50,2.25
2012.04.27 15:42:30.459,7.58912,7.58982,1.50,2.25
2012.04.27 15:42:31.020,7.58912,7.58973,1.50,2.25
2012.04.27 15:42:32.440,7.58887,7.58973,1.50,3.75
2012.04.27 15:42:32.630,7.58882,7.58903,1.50,2.25
2012.04.27 15:42:32.900,7.58858,7.58883,1.50,2.25
2012.04.27 15:42:33.150,7.58871,7.58883,1.50,2.25
2012.04.27 15:42:37.542,7.58848,7.58872,1.50,2.25
2012.04.27 15:42:38.360,7.58864,7.58882,1.50,2.25
2012.04.27 15:42:50.351,7.58885,7.5893,1.50,3.00
2012.04.27 15:42:57.669,7.58885,7.58972,1.50,1.50
2012.04.27 15:43:02.452,7.58875,7.58971,1.50,2.25
2012.04.27 15:43:10.782,7.58905,7.58973,1.50,3.00
2012.04.27 15:43:10.851,7.58905,7.58973,1.50,3.00
2012.04.27 15:43:11.101,7.58921,7.58973,1.50,3.00
2012.04.27 15:43:13.752,7.5877,7.58973,1.50,3.00
2012.04.27 15:43:31.344,7.5879,7.58933,1.50,1.50
2012.04.27 15:43:31.657,7.58808,7.58883,1.50,3.00
2012.04.27 15:43:32.775,7.58753,7.58847,1.50,2.25
2012.04.27 15:43:33.443,7.58807,7.58871,1.50,2.25
2012.04.27 15:43:37.293,7.58807,7.58883,1.50,2.25
2012.04.27 15:43:37.363,7.58901,7.59015,1.50,2.25
2012.04.27 15:43:39.207,7.58911,7.59007,1.50,2.25
2012.04.27 15:43:39.871,7.5892,7.59016,1.50,2.25
2012.04.27 15:43:40.000,7.58912,7.59006,1.50,2.25
2012.04.27 15:43:54.892,7.58912,7.59006,1.50,2.25
2012.04.27 15:43:55.023,7.58912,7.59006,1.50,2.25
2012.04.27 15:43:56.623,7.58934,7.59023,1.50,3.00
2012.04.27 15:43:56.993,7.5892,7.59016,1.50,2.25
2012.04.27 15:43:57.122,7.5892,7.59016,1.50,1.50
2012.04.27 15:43:59.097,7.5892,7.59016,1.50,2.25
2012.04.27 15:44:02.014,7.58896,7.58992,3.00,1.50
2012.04.27 15:44:07.319,7.58906,7.59,1.50,1.50
2012.04.27 15:44:10.902,7.58906,7.59,1.50,2.25
2012.04.27 15:44:11.034,7.58861,7.58976,1.50,1.50
2012.04.27 15:44:11.101,7.58861,7.58963,1.50,3.00
2012.04.27 15:44:11.232,7.58853,7.58963,1.50,3.00
2012.04.27 15:44:11.387,7.58853,7.58963,1.50,2.25
2012.04.27 15:44:11.512,7.58853,7.58943,1.50,2.25
2012.04.27 15:44:11.582,7.58832,7.58943,1.50,3.00
2012.04.27 15:44:12.490,7.58832,7.58933,1.50,2.25
2012.04.27 15:44:12.925,7.58832,7.58933,1.50,3.00
2012.04.27 15:44:18.169,7.58832,7.58933,1.50,3.00
2012.04.27 15:44:18.739,7.58832,7.58923,1.50,3.00
2012.04.27 15:44:41.099,7.58822,7.58923,1.50,3.00
2012.04.27 15:44:48.088,7.58827,7.58923,1.50,3.00
2012.04.27 15:44:49.649,7.58827,7.58923,1.50,3.75
2012.04.27 15:44:49.785,7.58802,7.58883,1.50,3.00
2012.04.27 15:44:49.852,7.58791,7.58883,1.50,3.00
2012.04.27 15:44:49.992,7.58782,7.58883,1.50,3.00
2012.04.27 15:44:50.061,7.58791,7.58883,1.50,3.00
2012.04.27 15:44:50.310,7.58781,7.58883,1.50,3.00
2012.04.27 15:44:51.651,7.58781,7.58883,1.50,2.25
2012.04.27 15:44:51.722,7.58781,7.58893,1.50,1.50
2012.04.27 15:44:51.852,7.58771,7.5887,1.50,1.50
2012.04.27 15:44:51.921,7.58794,7.58908,1.50,2.25
2012.04.27 15:44:52.110,7.58794,7.58908,1.50,1.50
2012.04.27 15:44:52.244,7.58814,7.58908,1.50,1.50
2012.04.27 15:44:52.310,7.58837,7.58932,1.50,2.25
2012.04.27 15:44:52.742,7.58858,7.58932,1.50,2.25
2012.04.27 15:44:53.270,7.58865,7.58932,1.50,2.25
2012.04.27 15:45:07.216,7.58856,7.58932,1.50,2.25
2012.04.27 15:45:13.421,7.58832,7.58926,1.50,1.50
2012.04.27 15:45:13.552,7.58808,7.58882,1.50,3.00
2012.04.27 15:45:19.827,7.5879,7.58882,1.50,3.00
2012.04.27 15:45:22.204,7.58804,7.58882,1.50,3.00
2012.04.27 15:45:28.232,7.58789,7.58882,1.50,3.00
2012.04.27 15:46:28.579,7.58708,7.58882,1.50,3.00
2012.04.27 15:46:44.474,7.58702,7.58882,1.13,3.00
2012.04.27 15:47:14.218,7.58702,7.58882,1.13,3.00
2012.04.27 15:47:14.288,7.58702,7.58882,1.13,3.00
2012.04.27 15:47:25.058,7.58702,7.58882,1.13,3.00
2012.04.27 15:47:39.587,7.58682,7.58838,1.50,1.13
2012.04.27 15:47:39.904,7.5877,7.58815,1.50,1.50
2012.04.27 15:47:39.971,7.58706,7.58815,1.50,1.50
2012.04.27 15:47:40.041,7.58711,7.58815,1.50,1.50
2012.04.27 15:47:40.235,7.5869,7.58804,1.50,2.25
2012.04.27 15:47:40.911,7.5871,7.58804,1.50,1.50
2012.04.27 15:47:41.162,7.58739,7.58804,1.50,1.50
2012.04.27 15:47:41.235,7.58763,7.58859,1.50,2.25
2012.04.27 15:47:41.435,7.58752,7.58848,1.50,2.25
2012.04.27 15:48:09.850,7.58765,7.58861,1.50,2.25
2012.04.27 15:48:10.032,7.5875,7.58846,1.50,2.25
2012.04.27 15:48:10.101,7.58759,7.58853,1.50,2.25
2012.04.27 15:48:10.310,7.58751,7.58845,1.50,2.25
2012.04.27 15:48:11.334,7.58759,7.58853,1.50,2.25
2012.04.27 15:48:39.994,7.58705,7.58828,1.50,1.50
2012.04.27 15:49:06.893,7.5868,7.58806,2.25,1.50
2012.04.27 15:49:53.831,7.58678,7.58796,1.50,1.50
2012.04.27 15:50:19.114,7.58677,7.58796,3.00,1.50
2012.04.27 15:50:19.454,7.58658,7.58796,1.50,1.50
2012.04.27 15:50:19.677,7.58658,7.58774,1.50,1.50
2012.04.27 15:50:20.321,7.58658,7.58751,1.50,1.50
2012.04.27 15:50:20.795,7.58658,7.58748,1.50,1.50
2012.04.27 15:50:21.251,7.58658,7.58752,1.50,1.50
2012.04.27 15:50:21.910,7.58658,7.58753,1.50,1.50
2012.04.27 15:50:21.981,7.58658,7.58739,1.50,1.50
2012.04.27 15:52:08.817,7.58663,7.58842,1.13,3.00
2012.04.27 15:52:08.938,7.58688,7.58842,1.50,3.00
2012.04.27 15:52:09.131,7.58688,7.58775,1.50,1.50
2012.04.27 15:52:09.263,7.58668,7.58774,2.25,1.50
2012.04.27 15:52:09.331,7.58658,7.58774,1.13,1.50
2012.04.27 15:52:09.400,7.58658,7.58767,1.13,1.50
2012.04.27 15:52:09.981,7.58658,7.58747,1.13,1.50
2012.04.27 15:52:18.670,7.5866,7.58747,1.50,1.50
2012.04.27 15:52:18.921,7.58693,7.58777,1.13,1.50
2012.04.27 15:52:18.993,7.5869,7.58798,1.50,2.25
2012.04.27 15:52:19.062,7.58672,7.58798,2.25,2.25
2012.04.27 15:52:19.131,7.58672,7.58798,1.50,2.25
2012.04.27 15:52:19.202,7.58658,7.5878,1.13,1.50
2012.04.27 15:52:19.332,7.58658,7.58765,1.13,1.50
2012.04.27 15:52:27.675,7.58668,7.58765,2.25,1.50
2012.04.27 15:52:28.001,7.58693,7.58765,1.13,1.50
2012.04.27 15:52:28.193,7.58694,7.58804,1.50,1.50
2012.04.27 15:52:30.272,7.58693,7.58804,1.13,1.50
2012.04.27 15:52:48.857,7.58693,7.58796,1.13,1.50
2012.04.27 15:52:48.922,7.58693,7.58803,1.13,1.50
2012.04.27 15:52:50.662,7.58683,7.58803,1.50,1.50
2012.04.27 15:53:02.463,7.58683,7.58794,1.50,1.50
2012.04.27 15:53:03.868,7.58688,7.58794,1.13,1.50
2012.04.27 15:53:04.261,7.58693,7.58794,1.88,1.50
2012.04.27 15:53:04.581,7.58693,7.58802,1.88,1.50
2012.04.27 15:53:04.654,7.58693,7.5881,1.88,1.50
2012.04.27 15:53:11.650,7.58694,7.5882,2.25,1.50
2012.04.27 15:53:12.121,7.587,7.5882,1.50,1.50
2012.04.27 15:53:13.332,7.58695,7.58808,1.50,1.50
2012.04.27 15:53:13.641,7.58694,7.58808,1.50,1.50
2012.04.27 15:53:13.832,7.58693,7.588,1.13,1.50
2012.04.27 15:53:22.002,7.58693,7.5881,1.13,1.50
2012.04.27 15:53:22.200,7.58695,7.5881,1.50,1.50
2012.04.27 15:53:22.402,7.58715,7.58835,2.25,2.25
2012.04.27 15:53:22.560,7.58722,7.58836,1.50,2.25
2012.04.27 15:53:28.764,7.58717,7.58828,1.50,1.88
2012.04.27 15:53:29.303,7.58727,7.58836,1.50,2.25
2012.04.27 15:53:45.461,7.58727,7.58836,2.25,2.25
2012.04.27 15:53:45.710,7.58739,7.58845,2.25,2.25
2012.04.27 15:53:46.384,7.58752,7.58846,1.50,2.25
2012.04.27 15:53:48.901,7.58752,7.58846,1.50,1.50
2012.04.27 15:53:49.511,7.58765,7.58859,1.50,2.25
2012.04.27 15:54:01.661,7.5875,7.58846,1.50,1.50
2012.04.27 15:54:03.651,7.58768,7.58862,1.50,2.25
2012.04.27 15:54:06.201,7.5875,7.58846,1.50,1.50
2012.04.27 15:54:07.288,7.58783,7.58877,1.50,2.25
2012.04.27 15:54:12.170,7.58791,7.58885,1.50,2.25
2012.04.27 15:54:23.722,7.58791,7.58885,1.50,2.25
2012.04.27 15:55:07.942,7.58791,7.58885,1.50,1.50
2012.04.27 15:55:08.134,7.58847,7.58909,1.50,1.50
2012.04.27 15:55:08.202,7.58847,7.58941,1.50,2.25
2012.04.27 15:55:09.876,7.58857,7.58953,1.50,1.50
2012.04.27 15:55:10.851,7.58849,7.58943,1.50,1.50
2012.04.27 15:55:49.522,7.58857,7.58953,1.50,1.50
2012.04.27 15:55:49.655,7.58857,7.58926,1.50,1.50
2012.04.27 15:55:49.723,7.58807,7.58901,2.25,1.50
2012.04.27 15:55:54.485,7.58807,7.58901,2.25,1.50
2012.04.27 15:55:54.852,7.58807,7.58901,2.25,1.50
2012.04.27 15:55:55.255,7.58829,7.58901,1.50,1.50
2012.04.27 15:55:55.325,7.58852,7.58948,1.50,1.50
2012.04.27 15:56:04.151,7.58852,7.58948,2.25,1.50
2012.04.27 15:56:04.489,7.58878,7.5894,3.00,1.50
2012.04.27 15:56:05.270,7.58884,7.58978,1.50,1.50
2012.04.27 15:56:19.683,7.58884,7.58978,1.99,1.50
2012.04.27 15:56:19.754,7.58943,7.59106,2.10,1.50
2012.04.27 15:56:19.882,7.58943,7.59106,2.10,1.50
2012.04.27 15:56:20.014,7.59009,7.59125,1.50,2.25
2012.04.27 15:56:20.141,7.5899,7.59141,1.50,2.25
2012.04.27 15:56:30.595,7.58999,7.59121,1.50,2.25
2012.04.27 15:56:31.501,7.59023,7.59147,1.50,2.25
2012.04.27 15:56:31.885,7.59023,7.59147,1.50,2.25
2012.04.27 15:56:31.956,7.59006,7.59128,1.50,1.50
2012.04.27 15:56:32.087,7.59048,7.59248,1.50,2.25
2012.04.27 15:56:32.215,7.59021,7.59214,1.50,2.25
2012.04.27 15:56:32.424,7.59039,7.59153,1.50,1.50
2012.04.27 15:56:32.906,7.58992,7.59192,1.50,2.25
2012.04.27 15:56:35.178,7.5901,7.59177,1.50,2.25
2012.04.27 15:56:40.562,7.58994,7.59174,1.50,2.25
2012.04.27 15:56:49.934,7.59011,7.5919,1.50,2.25
2012.04.27 15:56:51.388,7.59064,7.59158,1.50,2.25
2012.04.27 15:56:51.563,7.59064,7.59158,1.50,1.50
2012.04.27 15:56:51.636,7.59085,7.59179,1.50,1.50
2012.04.27 15:57:08.938,7.59115,7.59211,1.50,2.25
2012.04.27 15:57:09.066,7.59102,7.59266,1.50,2.25
2012.04.27 15:57:09.315,7.59083,7.59258,1.50,2.25
2012.04.27 15:57:09.446,7.59075,7.59259,1.50,2.25
2012.04.27 15:57:15.163,7.591,7.59194,1.50,1.50
2012.04.27 15:57:15.607,7.59067,7.59163,1.50,1.50
2012.04.27 15:57:16.313,7.59083,7.59179,1.50,1.50
2012.04.27 15:57:19.624,7.591,7.59194,1.50,1.50
2012.04.27 15:57:19.954,7.59118,7.59212,1.50,1.50
2012.04.27 15:57:41.623,7.59118,7.59212,2.25,1.50
2012.04.27 15:57:41.697,7.59142,7.59238,1.50,1.50
2012.04.27 15:57:43.139,7.59156,7.5925,1.50,1.50
2012.04.27 15:57:46.369,7.59139,7.59235,1.50,1.50
2012.04.27 15:58:48.403,7.59107,7.59221,2.25,1.50
2012.04.27 15:58:57.395,7.59122,7.59228,1.50,1.50
2012.04.27 15:58:57.707,7.59204,7.59247,1.13,1.50
2012.04.27 15:58:57.779,7.59177,7.59273,3.00,1.50
2012.04.27 15:58:57.849,7.59157,7.59273,1.50,1.50
2012.04.27 15:58:57.978,7.59196,7.59312,1.50,1.50
2012.04.27 15:58:58.584,7.59173,7.59255,1.50,1.50
2012.04.27 15:58:58.655,7.59141,7.59255,1.50,1.50
2012.04.27 15:58:58.728,7.59155,7.59249,1.50,1.50
2012.04.27 15:58:59.174,7.59146,7.59242,1.50,1.50
2012.04.27 15:58:59.375,7.59146,7.59242,2.25,1.50
2012.04.27 15:58:59.891,7.59223,7.59266,1.13,1.50
2012.04.27 15:58:59.968,7.59223,7.59312,1.13,1.50
2012.04.27 15:59:02.787,7.59218,7.59312,1.50,1.50
2012.04.27 15:59:02.976,7.59193,7.59271,2.25,1.50
2012.04.27 15:59:03.049,7.59175,7.59271,1.50,1.50
2012.04.27 15:59:03.177,7.59157,7.59253,1.50,1.50
2012.04.27 15:59:04.385,7.59146,7.59242,1.50,1.50
2012.04.27 15:59:15.756,7.59176,7.59266,1.50,1.50
2012.04.27 15:59:15.884,7.59176,7.59272,1.50,1.50
2012.04.27 15:59:16.453,7.59213,7.59315,1.50,1.50
2012.04.27 15:59:16.587,7.59213,7.59325,1.50,1.50
2012.04.27 15:59:16.717,7.59203,7.59333,1.50,1.50
2012.04.27 15:59:17.206,7.59203,7.59333,2.25,1.50
2012.04.27 15:59:17.527,7.59267,7.59304,2.25,1.50
2012.04.27 15:59:17.656,7.59284,7.5938,2.25,1.50
2012.04.27 15:59:22.715,7.59348,7.59453,1.13,1.50
2012.04.27 15:59:22.906,7.59429,7.59498,1.13,1.50
2012.04.27 15:59:23.036,7.59401,7.59505,1.50,2.25
2012.04.27 15:59:23.105,7.59401,7.59486,1.50,1.50
2012.04.27 15:59:23.234,7.59348,7.59462,1.50,1.50
2012.04.27 15:59:24.385,7.59352,7.59448,2.25,1.50
2012.04.27 15:59:25.693,7.59352,7.59448,2.25,1.50
2012.04.27 15:59:26.433,7.59352,7.59448,1.50,1.50
2012.04.27 15:59:26.958,7.59344,7.59438,2.25,1.50
2012.04.27 15:59:27.553,7.5936,7.59456,1.50,1.50
2012.04.27 15:59:27.966,7.5935,7.59446,1.50,1.50
2012.04.27 15:59:28.275,7.59334,7.5935,2.25,1.50
2012.04.27 15:59:28.405,7.5921,7.59326,2.25,1.50
2012.04.27 15:59:28.535,7.5921,7.59326,1.50,1.50
2012.04.27 15:59:28.784,7.59188,7.59396,2.25,1.50
2012.04.27 15:59:29.620,7.59214,7.59411,1.50,1.50
2012.04.27 15:59:29.944,7.59214,7.59411,1.50,2.25
2012.04.27 15:59:30.257,7.59282,7.59323,1.50,2.25
2012.04.27 15:59:30.385,7.59248,7.59323,1.50,3.00
2012.04.27 15:59:30.656,7.59226,7.5932,1.50,2.25
2012.04.27 15:59:32.153,7.59227,7.5932,2.25,2.25
2012.04.27 15:59:32.225,7.59227,7.5932,3.00,2.25
2012.04.27 15:59:32.550,7.59277,7.59373,1.50,2.63
2012.04.27 15:59:33.624,7.59277,7.59373,1.50,1.88
2012.04.27 15:59:33.874,7.59297,7.59381,1.50,1.50
2012.04.27 15:59:36.578,7.59297,7.59393,1.50,2.25
2012.04.27 15:59:36.890,7.59297,7.59393,1.50,1.50
2012.04.27 15:59:36.955,7.5928,7.59376,3.00,1.88
2012.04.27 15:59:37.265,7.59302,7.59398,1.50,2.25
2012.04.27 15:59:39.144,7.59302,7.59398,1.50,1.50
2012.04.27 15:59:39.334,7.59304,7.594,1.50,1.50
2012.04.27 15:59:40.176,7.59319,7.59415,1.50,1.88
2012.04.27 15:59:41.215,7.59319,7.59415,1.50,2.25
2012.04.27 15:59:41.525,7.59322,7.59418,1.50,2.25
2012.04.27 15:59:41.714,7.59299,7.59395,1.50,2.25
2012.04.27 15:59:42.186,7.59299,7.59395,1.50,1.50
2012.04.27 15:59:42.253,7.59299,7.59395,2.25,1.50
2012.04.27 15:59:42.385,7.5932,7.59416,1.50,1.50
2012.04.27 15:59:42.455,7.59337,7.59433,1.50,2.25
2012.04.27 15:59:42.704,7.59315,7.59409,1.50,2.25
2012.04.27 15:59:42.894,7.59306,7.594,1.50,2.25
2012.04.27 15:59:46.725,7.59318,7.59412,1.50,2.25
2012.04.27 15:59:46.965,7.59318,7.59412,1.50,1.88
2012.04.27 15:59:47.410,7.59334,7.59428,1.50,2.25
2012.04.27 15:59:47.847,7.59344,7.5944,1.50,2.25
2012.04.27 15:59:48.205,7.59344,7.5944,1.50,2.25
2012.04.27 15:59:49.737,7.59344,7.59435,1.50,1.50
2012.04.27 15:59:49.865,7.59322,7.59416,1.50,2.25
2012.04.27 15:59:50.315,7.59312,7.59406,1.50,2.25
2012.04.27 15:59:50.466,7.59312,7.59406,1.50,1.50
2012.04.27 15:59:50.835,7.59312,7.59406,1.50,2.25
2012.04.27 15:59:52.766,7.59324,7.5942,1.50,2.25
2012.04.27 15:59:53.124,7.59315,7.59409,1.50,2.25
2012.04.27 15:59:54.704,7.59315,7.59409,1.50,1.50
2012.04.27 15:59:54.894,7.59323,7.59419,1.50,2.25
2012.04.27 15:59:55.253,7.59338,7.59434,1.50,2.25
2012.04.27 15:59:55.627,7.59308,7.59434,1.50,2.25
2012.04.27 15:59:55.938,7.59338,7.59373,1.50,2.25
2012.04.27 15:59:56.005,7.59256,7.59333,1.50,2.25
2012.04.27 15:59:56.493,7.59266,7.59333,1.50,2.25
2012.04.27 15:59:57.076,7.59266,7.59322,1.50,2.25
2012.04.27 15:59:58.355,7.59249,7.59322,1.50,2.25
2012.04.27 15:59:58.777,7.59257,7.59322,1.50,2.25
2012.04.27 15:59:59.085,7.593,7.59396,1.50,2.25
2012.04.27 15:59:59.214,7.593,7.59394,1.50,1.50
2012.04.27 15:59:59.522,7.59277,7.59352,1.50,2.25
2012.04.27 15:59:59.593,7.59267,7.59352,1.50,2.25
