2016.07.18 03:00:01.059,9.35194,9.35586,1.00,1.00
2016.07.18 03:00:01.110,9.35194,9.35596,1.00,1.00
2016.07.18 03:00:12.389,9.35204,9.35606,1.00,1.00
2016.07.18 03:00:12.673,9.35204,9.35616,1.00,1.00
2016.07.18 03:00:14.914,9.35204,9.35606,1.00,1.00
2016.07.18 03:00:16.087,9.35194,9.35616,1.00,1.00
2016.07.18 03:00:17.103,9.35194,9.35606,1.00,1.00
2016.07.18 03:00:18.076,9.35194,9.35597,1.00,1.00
2016.07.18 03:00:25.213,9.35204,9.35606,1.00,1.00
2016.07.18 03:00:40.824,9.35194,9.35606,1.00,1.00
2016.07.18 03:00:41.825,9.35184,9.35606,1.00,1.00
2016.07.18 03:00:41.927,9.35184,9.35596,1.00,1.00
2016.07.18 03:00:42.305,9.35194,9.35596,1.00,1.00
2016.07.18 03:00:45.061,9.35184,9.35596,1.00,1.00
2016.07.18 03:00:45.363,9.35194,9.35596,1.00,1.00
2016.07.18 03:00:45.712,9.35194,9.35586,1.00,1.00
2016.07.18 03:00:46.629,9.35194,9.35596,1.00,1.00
2016.07.18 03:00:55.848,9.35184,9.35596,1.00,1.00
2016.07.18 03:00:56.062,9.35204,9.35596,1.00,1.00
2016.07.18 03:00:56.174,9.35204,9.35606,1.00,1.00
2016.07.18 03:00:56.580,9.35184,9.35606,1.00,1.00
2016.07.18 03:00:57.647,9.35184,9.35596,1.00,1.00
2016.07.18 03:00:58.842,9.35174,9.35596,1.00,1.00
2016.07.18 03:00:59.042,9.35184,9.35596,1.00,1.00
2016.07.18 03:00:59.347,9.35184,9.35586,1.00,1.00
2016.07.18 03:01:10.156,9.35204,9.35586,1.00,1.00
2016.07.18 03:01:10.207,9.35204,9.35596,1.00,1.00
2016.07.18 03:01:10.362,9.35193,9.35596,1.00,1.00
2016.07.18 03:01:10.573,9.35204,9.35596,1.00,1.00
2016.07.18 03:01:10.624,9.35204,9.35606,1.00,1.00
2016.07.18 03:01:12.598,9.35204,9.35596,1.00,1.00
2016.07.18 03:01:13.600,9.35204,9.35607,1.00,1.00
2016.07.18 03:01:21.927,9.35204,9.35596,1.00,1.00
2016.07.18 03:01:22.202,9.35194,9.35596,1.00,1.00
2016.07.18 03:01:29.146,9.35194,9.35606,1.00,1.00
2016.07.18 03:01:31.276,9.35204,9.35606,1.00,1.00
2016.07.18 03:01:31.377,9.35204,9.35616,1.00,1.00
2016.07.18 03:01:33.655,9.35204,9.35626,1.00,1.00
2016.07.18 03:01:34.691,9.35204,9.35616,1.00,1.00
2016.07.18 03:01:54.260,9.35204,9.35626,1.00,1.00
2016.07.18 03:01:54.530,9.35214,9.35626,1.00,1.00
2016.07.18 03:01:57.851,9.35214,9.35636,1.00,1.00
2016.07.18 03:01:58.868,9.35214,9.35626,1.00,1.00
2016.07.18 03:02:00.003,9.35214,9.35637,1.00,1.00
2016.07.18 03:02:01.872,9.35214,9.35646,1.00,1.00
2016.07.18 03:02:29.608,9.35224,9.35656,1.00,1.00
2016.07.18 03:02:30.708,9.35224,9.35666,1.00,1.00
2016.07.18 03:02:32.676,9.35224,9.35656,1.00,1.00
2016.07.18 03:02:38.086,9.35224,9.35666,1.00,1.00
2016.07.18 03:02:46.443,9.35224,9.35656,1.00,1.00
2016.07.18 03:03:03.627,9.35224,9.35666,1.00,1.00
2016.07.18 03:03:05.382,9.35214,9.35666,1.00,1.00
2016.07.18 03:03:05.433,9.35214,9.35656,1.00,1.00
2016.07.18 03:03:05.784,9.35224,9.35656,1.00,1.00
2016.07.18 03:03:06.614,9.35214,9.35656,1.00,1.00
2016.07.18 03:03:07.839,9.35214,9.35646,1.00,1.00
2016.07.18 03:03:16.173,9.35214,9.35636,1.00,1.00
2016.07.18 03:03:26.140,9.35204,9.35636,1.00,1.00
2016.07.18 03:03:26.599,9.35214,9.35636,1.00,1.00
2016.07.18 03:03:32.595,9.35214,9.35626,1.00,1.00
2016.07.18 03:03:32.697,9.35214,9.35636,1.00,1.00
2016.07.18 03:03:39.407,9.35204,9.35636,1.00,1.00
2016.07.18 03:03:39.458,9.35204,9.35626,1.00,1.00
2016.07.18 03:03:39.950,9.35204,9.35636,1.00,1.00
2016.07.18 03:03:41.412,9.35204,9.35626,1.00,1.00
2016.07.18 03:03:44.662,9.35204,9.35616,1.00,1.00
2016.07.18 03:03:47.624,9.35204,9.35606,1.00,1.00
2016.07.18 03:04:00.688,9.35204,9.35616,1.00,1.00
2016.07.18 03:04:03.855,9.35204,9.35626,1.00,1.00
2016.07.18 03:04:04.858,9.35204,9.35616,1.00,1.00
2016.07.18 03:04:27.599,9.35204,9.35627,1.00,1.00
2016.07.18 03:04:27.651,9.35214,9.35627,1.00,1.00
2016.07.18 03:04:27.909,9.35214,9.35636,1.00,1.00
2016.07.18 03:04:28.401,9.35214,9.35626,1.00,1.00
2016.07.18 03:04:30.404,9.35214,9.35636,1.00,1.00
2016.07.18 03:04:32.824,9.35214,9.35637,1.00,1.00
2016.07.18 03:04:33.524,9.35213,9.35637,1.00,1.00
2016.07.18 03:04:33.636,9.35213,9.35646,1.00,1.00
2016.07.18 03:04:33.939,9.35214,9.35636,1.00,1.00
2016.07.18 03:04:34.443,9.35214,9.35646,1.00,1.00
2016.07.18 03:04:34.827,9.35204,9.35646,1.00,1.00
2016.07.18 03:04:34.928,9.35204,9.35636,1.00,1.00
2016.07.18 03:04:35.248,9.35214,9.35636,1.00,1.00
2016.07.18 03:04:39.122,9.35214,9.35626,1.00,1.00
2016.07.18 03:04:39.523,9.35214,9.35636,1.00,1.00
2016.07.18 03:04:42.544,9.35214,9.35626,1.00,1.00
2016.07.18 03:04:47.053,9.35204,9.35626,1.00,1.00
2016.07.18 03:04:47.367,9.35214,9.35626,1.00,1.00
2016.07.18 03:04:50.077,9.35204,9.35626,1.00,1.00
2016.07.18 03:04:52.967,9.35214,9.35626,1.00,1.00
2016.07.18 03:04:53.042,9.35204,9.35626,1.00,1.00
2016.07.18 03:04:59.055,9.35204,9.35636,1.00,1.00
2016.07.18 03:04:59.856,9.35204,9.35626,1.00,1.00
2016.07.18 03:05:10.161,9.35204,9.35616,1.00,1.00
2016.07.18 03:05:12.856,9.35204,9.35606,1.00,1.00
2016.07.18 03:05:15.770,9.35194,9.35606,1.00,1.00
2016.07.18 03:05:16.771,9.35204,9.35606,1.00,1.00
2016.07.18 03:05:16.908,9.35204,9.35616,1.00,1.00
2016.07.18 03:05:19.398,9.35204,9.35606,1.00,1.00
2016.07.18 03:05:21.319,9.35174,9.35606,1.00,1.00
2016.07.18 03:05:26.585,9.35174,9.35596,1.00,1.00
2016.07.18 03:05:33.398,9.35174,9.35606,1.00,1.00
2016.07.18 03:05:34.128,9.35184,9.35606,1.00,1.00
2016.07.18 03:05:35.101,9.35184,9.35596,1.00,1.00
2016.07.18 03:05:44.918,9.35184,9.35607,1.00,1.00
2016.07.18 03:05:45.760,9.35184,9.35606,1.00,1.00
2016.07.18 03:05:45.927,9.35184,9.35596,1.00,1.00
2016.07.18 03:05:53.808,9.35174,9.35596,1.00,1.00
2016.07.18 03:05:54.834,9.35174,9.35586,1.00,1.00
2016.07.18 03:05:58.818,9.35164,9.35586,1.00,1.00
2016.07.18 03:05:59.143,9.35164,9.35577,1.00,1.00
2016.07.18 03:05:59.659,9.35204,9.35576,1.00,1.00
2016.07.18 03:06:00.154,9.35204,9.35587,1.00,1.00
2016.07.18 03:06:00.357,9.35194,9.35586,1.00,1.00
2016.07.18 03:06:01.143,9.35184,9.35586,1.00,1.00
2016.07.18 03:06:01.316,9.35194,9.35586,1.00,1.00
2016.07.18 03:06:01.417,9.35183,9.35576,1.00,1.00
2016.07.18 03:06:01.817,9.35194,9.35576,1.00,1.00
2016.07.18 03:06:02.568,9.35183,9.35576,1.00,1.00
2016.07.18 03:06:03.556,9.35183,9.35566,1.00,1.00
2016.07.18 03:06:06.114,9.35174,9.35566,1.00,1.00
2016.07.18 03:06:06.377,9.35174,9.35556,1.00,1.00
2016.07.18 03:06:06.626,9.35164,9.35556,1.00,1.00
2016.07.18 03:06:08.268,9.35164,9.35546,1.00,1.00
2016.07.18 03:06:10.318,9.35164,9.35546,1.60,1.00
2016.07.18 03:06:10.634,9.35194,9.35556,1.00,1.00
2016.07.18 03:06:10.935,9.35204,9.35556,1.00,1.00
2016.07.18 03:06:10.986,9.35204,9.35566,1.00,1.00
2016.07.18 03:06:11.185,9.35204,9.35556,1.00,1.00
2016.07.18 03:06:11.490,9.35234,9.35567,1.00,1.00
2016.07.18 03:06:11.541,9.35224,9.35567,1.00,1.00
2016.07.18 03:06:11.693,9.35224,9.35576,1.00,1.00
2016.07.18 03:06:12.322,9.35213,9.35576,1.00,1.00
2016.07.18 03:06:12.375,9.35213,9.35586,1.00,1.00
2016.07.18 03:06:13.377,9.35213,9.35576,1.00,1.00
2016.07.18 03:06:15.424,9.35204,9.35576,1.00,1.00
2016.07.18 03:06:15.747,9.35194,9.35576,1.00,1.00
2016.07.18 03:06:15.982,9.35194,9.35566,1.00,1.00
2016.07.18 03:06:17.986,9.35194,9.35556,1.00,1.00
2016.07.18 03:06:19.990,9.35194,9.35546,1.00,1.00
2016.07.18 03:06:21.924,9.35194,9.35556,1.35,1.00
2016.07.18 03:06:22.104,9.35184,9.35546,1.60,1.00
2016.07.18 03:06:22.466,9.35194,9.35546,1.00,1.00
2016.07.18 03:06:22.767,9.35214,9.35566,1.00,1.00
2016.07.18 03:06:23.334,9.35204,9.35566,1.00,1.00
2016.07.18 03:06:27.447,9.35204,9.35556,1.00,1.00
2016.07.18 03:06:27.549,9.35184,9.35556,2.10,1.00
2016.07.18 03:06:28.029,9.35184,9.35556,1.00,1.00
2016.07.18 03:06:28.337,9.35184,9.35556,1.60,1.00
2016.07.18 03:06:29.409,9.35184,9.35546,1.60,1.00
2016.07.18 03:06:30.339,9.35184,9.35546,2.10,1.00
2016.07.18 03:06:30.440,9.35184,9.35546,2.10,1.00
2016.07.18 03:06:30.542,9.35194,9.35546,1.00,1.00
2016.07.18 03:06:34.045,9.35184,9.35546,2.10,1.00
2016.07.18 03:06:35.669,9.35184,9.35536,1.60,1.00
2016.07.18 03:06:36.015,9.35174,9.35536,1.60,1.00
2016.07.18 03:06:36.925,9.35175,9.35526,1.60,1.00
2016.07.18 03:06:38.767,9.35173,9.35526,1.00,1.00
2016.07.18 03:06:38.944,9.35109,9.35501,1.00,1.00
2016.07.18 03:06:38.995,9.35098,9.35526,1.00,1.00
2016.07.18 03:06:39.097,9.35098,9.35516,1.00,1.00
2016.07.18 03:06:39.401,9.35098,9.35506,1.00,1.00
2016.07.18 03:06:39.705,9.35098,9.35446,1.00,1.00
2016.07.18 03:06:40.009,9.35098,9.35436,1.00,1.60
2016.07.18 03:06:40.111,9.34874,9.35436,1.00,1.60
2016.07.18 03:06:40.162,9.34884,9.35446,1.00,2.10
2016.07.18 03:06:40.469,9.34832,9.35386,1.00,1.60
2016.07.18 03:06:40.521,9.34803,9.35386,1.00,1.60
2016.07.18 03:06:40.622,9.34803,9.35387,1.00,1.60
2016.07.18 03:06:40.769,9.34792,9.35396,1.00,1.60
2016.07.18 03:06:40.870,9.34834,9.35396,1.00,1.60
2016.07.18 03:06:41.203,9.34834,9.35396,1.00,1.60
2016.07.18 03:06:41.513,9.34824,9.35386,1.00,1.60
2016.07.18 03:06:41.825,9.34834,9.35376,1.00,1.60
2016.07.18 03:06:41.876,9.34792,9.35371,1.00,2.10
2016.07.18 03:06:41.927,9.34792,9.35324,1.00,1.60
2016.07.18 03:06:42.029,9.34744,9.35322,1.00,1.00
2016.07.18 03:06:42.131,9.34744,9.3532,1.00,1.00
2016.07.18 03:06:42.435,9.34794,9.3535,1.00,1.00
2016.07.18 03:06:42.758,9.34774,9.35336,1.00,1.60
2016.07.18 03:06:42.859,9.34764,9.35326,1.00,1.60
2016.07.18 03:06:43.067,9.34764,9.35326,1.00,1.60
2016.07.18 03:06:43.169,9.34704,9.35316,1.00,1.60
2016.07.18 03:06:43.220,9.34678,9.35297,1.00,1.60
2016.07.18 03:06:43.293,9.34674,9.35298,1.00,1.60
2016.07.18 03:06:43.395,9.34671,9.35266,1.00,2.85
2016.07.18 03:06:43.496,9.34634,9.35263,1.00,1.60
2016.07.18 03:06:43.563,9.34634,9.35247,1.00,1.60
2016.07.18 03:06:43.715,9.34628,9.35258,1.00,1.67
2016.07.18 03:06:43.816,9.34623,9.35232,1.00,1.00
2016.07.18 03:06:43.868,9.34684,9.35232,1.00,1.00
2016.07.18 03:06:44.020,9.34684,9.35246,1.00,1.07
2016.07.18 03:06:44.174,9.34664,9.35226,1.00,1.00
2016.07.18 03:06:44.276,9.34664,9.35226,1.00,1.60
2016.07.18 03:06:44.618,9.34664,9.35226,1.00,1.60
2016.07.18 03:06:44.669,9.34654,9.35216,1.00,1.60
2016.07.18 03:06:44.821,9.34654,9.35216,1.00,1.60
2016.07.18 03:06:44.872,9.34604,9.35206,1.00,1.60
2016.07.18 03:06:44.923,9.34595,9.35206,1.00,1.60
2016.07.18 03:06:45.024,9.34584,9.35193,1.00,1.60
2016.07.18 03:06:45.214,9.34554,9.35192,1.00,1.67
2016.07.18 03:06:45.517,9.34554,9.35192,1.00,1.67
2016.07.18 03:06:45.619,9.34554,9.35192,1.00,1.67
2016.07.18 03:06:45.670,9.34614,9.35176,1.00,1.00
2016.07.18 03:06:45.872,9.34603,9.35167,1.00,1.00
2016.07.18 03:06:46.326,9.34603,9.35167,1.00,1.60
2016.07.18 03:06:46.670,9.34554,9.35136,1.00,1.60
2016.07.18 03:06:46.722,9.34547,9.35136,1.00,1.60
2016.07.18 03:06:46.773,9.34534,9.35136,1.50,1.60
2016.07.18 03:06:46.925,9.34514,9.35136,1.50,1.60
2016.07.18 03:06:47.026,9.34514,9.35136,1.50,1.00
2016.07.18 03:06:47.178,9.34604,9.35146,1.00,1.60
2016.07.18 03:06:47.524,9.34594,9.35136,1.00,1.60
2016.07.18 03:06:47.681,9.34584,9.35116,1.00,1.60
2016.07.18 03:06:48.350,9.34614,9.35086,1.00,1.00
2016.07.18 03:06:48.654,9.34573,9.35087,1.00,1.00
2016.07.18 03:06:49.353,9.34574,9.35056,1.00,1.00
2016.07.18 03:06:49.694,9.34584,9.35046,1.00,1.00
2016.07.18 03:06:49.899,9.34574,9.35056,1.00,1.00
2016.07.18 03:06:50.289,9.34574,9.35036,1.00,1.00
2016.07.18 03:06:51.693,9.34574,9.35026,1.00,1.00
2016.07.18 03:06:52.495,9.34574,9.35016,1.00,1.00
2016.07.18 03:06:53.462,9.34574,9.35006,1.00,1.00
2016.07.18 03:06:58.413,9.34564,9.35006,1.00,1.00
2016.07.18 03:06:59.378,9.34564,9.34996,1.00,1.00
2016.07.18 03:07:00.404,9.34594,9.35026,1.00,1.00
2016.07.18 03:07:04.683,9.34644,9.35066,1.00,1.00
2016.07.18 03:07:04.936,9.34624,9.35066,1.00,1.00
2016.07.18 03:07:05.139,9.34634,9.35066,1.00,1.00
2016.07.18 03:07:08.941,9.34643,9.35077,1.00,1.00
2016.07.18 03:07:09.918,9.34644,9.35066,1.00,1.00
2016.07.18 03:07:10.934,9.34644,9.35076,1.00,1.00
2016.07.18 03:07:11.949,9.34644,9.35066,1.00,1.00
2016.07.18 03:07:12.949,9.34634,9.35076,1.00,1.00
2016.07.18 03:07:13.151,9.34664,9.35096,1.00,1.00
2016.07.18 03:07:13.501,9.34674,9.35106,1.00,1.00
2016.07.18 03:07:13.652,9.34664,9.35106,1.00,1.00
2016.07.18 03:07:13.933,9.34644,9.35106,1.00,1.00
2016.07.18 03:07:14.644,9.34644,9.35096,1.00,1.00
2016.07.18 03:07:14.954,9.34644,9.35086,1.00,1.00
2016.07.18 03:07:15.879,9.34654,9.35086,1.00,1.00
2016.07.18 03:07:17.692,9.34664,9.35096,1.00,1.00
2016.07.18 03:07:18.010,9.34674,9.35106,1.00,1.00
2016.07.18 03:07:18.162,9.34664,9.35106,1.00,1.00
2016.07.18 03:07:20.158,9.34663,9.35097,1.00,1.00
2016.07.18 03:07:25.872,9.34674,9.35106,1.00,1.00
2016.07.18 03:07:26.413,9.34694,9.35126,1.00,1.00
2016.07.18 03:07:28.201,9.34694,9.35136,1.00,1.00
2016.07.18 03:07:28.701,9.34684,9.35136,1.00,1.00
2016.07.18 03:07:29.676,9.34684,9.35126,1.00,1.00
2016.07.18 03:07:30.485,9.34674,9.35116,1.00,1.00
2016.07.18 03:07:30.833,9.34684,9.35116,1.00,1.00
2016.07.18 03:07:31.137,9.34694,9.35126,1.00,1.00
2016.07.18 03:07:31.382,9.34694,9.35136,1.00,1.00
2016.07.18 03:07:32.383,9.34694,9.35126,1.00,1.00
2016.07.18 03:07:34.023,9.34684,9.35126,1.00,1.00
2016.07.18 03:07:36.026,9.34694,9.35126,1.00,1.00
2016.07.18 03:07:36.127,9.34694,9.35136,1.00,1.00
2016.07.18 03:07:36.602,9.34694,9.35126,1.00,1.00
2016.07.18 03:07:40.124,9.34684,9.35126,1.00,1.00
2016.07.18 03:07:49.641,9.34674,9.35116,1.00,1.00
2016.07.18 03:07:50.046,9.34684,9.35116,1.00,1.00
2016.07.18 03:07:52.146,9.34694,9.35126,1.00,1.00
2016.07.18 03:07:52.648,9.34664,9.35126,1.00,1.00
2016.07.18 03:07:53.672,9.34663,9.35117,1.00,1.00
2016.07.18 03:07:54.002,9.34664,9.35106,1.00,1.00
2016.07.18 03:07:55.947,9.34664,9.35096,1.00,1.00
2016.07.18 03:07:58.933,9.34664,9.35086,1.00,1.00
2016.07.18 03:08:01.353,9.34654,9.35086,1.00,1.00
2016.07.18 03:08:01.653,9.34644,9.35086,1.00,1.00
2016.07.18 03:08:02.679,9.34643,9.35077,1.00,1.00
2016.07.18 03:08:07.488,9.34654,9.35076,1.00,1.00
2016.07.18 03:08:08.858,9.34644,9.35076,1.00,1.00
2016.07.18 03:08:09.177,9.34634,9.35076,1.00,1.00
2016.07.18 03:08:09.695,9.34644,9.35076,1.00,1.00
2016.07.18 03:08:12.683,9.34664,9.35096,1.00,1.00
2016.07.18 03:08:13.028,9.34674,9.35106,1.00,1.00
2016.07.18 03:08:14.918,9.34664,9.35106,1.00,1.00
2016.07.18 03:08:16.474,9.34663,9.35097,1.00,1.00
2016.07.18 03:08:21.283,9.34673,9.35097,1.00,1.00
2016.07.18 03:08:22.285,9.34674,9.35106,1.00,1.00
2016.07.18 03:08:23.288,9.34674,9.35096,1.00,1.00
2016.07.18 03:08:27.898,9.34664,9.35106,1.00,1.00
2016.07.18 03:08:28.928,9.34664,9.35096,1.00,1.00
2016.07.18 03:08:31.905,9.34664,9.35086,1.00,1.00
2016.07.18 03:08:36.749,9.34664,9.35096,1.00,1.00
2016.07.18 03:08:42.624,9.34674,9.35106,1.00,1.00
2016.07.18 03:08:48.157,9.34664,9.35106,1.00,1.00
2016.07.18 03:08:49.135,9.34664,9.35096,1.00,1.00
2016.07.18 03:08:49.883,9.34674,9.35106,1.00,1.00
2016.07.18 03:08:53.188,9.34683,9.35117,1.00,1.00
2016.07.18 03:08:55.352,9.34694,9.35116,1.00,1.00
2016.07.18 03:08:56.355,9.34694,9.35136,1.00,1.00
2016.07.18 03:08:56.456,9.34684,9.35136,1.00,1.00
2016.07.18 03:08:57.358,9.34684,9.35126,1.00,1.00
2016.07.18 03:09:00.169,9.34684,9.35116,1.00,1.00
2016.07.18 03:09:00.470,9.34674,9.35116,1.00,1.00
2016.07.18 03:09:03.401,9.34674,9.35106,1.00,1.00
2016.07.18 03:09:04.614,9.34654,9.35106,1.00,1.00
2016.07.18 03:09:04.920,9.34654,9.35096,1.00,1.00
2016.07.18 03:09:06.031,9.34664,9.35096,1.00,1.00
2016.07.18 03:09:07.655,9.34654,9.35096,1.00,1.00
2016.07.18 03:09:08.119,9.34654,9.35086,1.00,1.00
2016.07.18 03:09:09.865,9.34643,9.35087,1.00,1.00
2016.07.18 03:09:09.995,9.34654,9.35086,1.00,1.00
2016.07.18 03:09:10.622,9.34644,9.35086,1.00,1.00
2016.07.18 03:09:11.626,9.34644,9.35076,1.00,1.00
2016.07.18 03:09:24.655,9.34654,9.35086,1.00,1.00
2016.07.18 03:09:31.685,9.34664,9.35096,1.00,1.00
2016.07.18 03:09:32.012,9.34674,9.35106,1.00,1.00
2016.07.18 03:09:33.916,9.34684,9.35106,1.00,1.00
2016.07.18 03:09:35.105,9.34684,9.35116,1.00,1.00
2016.07.18 03:09:37.108,9.34684,9.35106,1.00,1.00
2016.07.18 03:09:40.624,9.34654,9.35116,1.00,1.00
2016.07.18 03:09:40.914,9.34654,9.35106,1.00,1.00
2016.07.18 03:09:42.917,9.34654,9.35096,1.00,1.00
2016.07.18 03:09:43.720,9.34664,9.35096,1.00,1.00
2016.07.18 03:09:44.226,9.34674,9.35106,1.00,1.00
2016.07.18 03:09:44.461,9.34664,9.35106,1.00,1.00
2016.07.18 03:09:44.663,9.34664,9.35096,1.00,1.00
2016.07.18 03:09:44.998,9.34674,9.35096,1.00,1.00
2016.07.18 03:09:45.237,9.34654,9.35106,1.00,1.00
2016.07.18 03:09:46.173,9.34654,9.35096,1.00,1.00
2016.07.18 03:09:48.149,9.34654,9.35086,1.00,1.00
2016.07.18 03:09:48.754,9.34664,9.35096,1.00,1.00
2016.07.18 03:09:49.158,9.34654,9.35096,1.00,1.00
2016.07.18 03:09:49.359,9.34664,9.35096,1.00,1.00
2016.07.18 03:09:49.863,9.34654,9.35086,1.00,1.00
2016.07.18 03:10:00.596,9.34673,9.35107,1.00,1.00
2016.07.18 03:10:06.402,9.34684,9.35116,1.00,1.00
2016.07.18 03:10:06.607,9.34674,9.35116,1.00,1.00
2016.07.18 03:10:08.606,9.34674,9.35106,1.00,1.00
2016.07.18 03:10:10.738,9.34684,9.35116,1.00,1.00
2016.07.18 03:10:11.046,9.34694,9.35126,1.00,1.00
2016.07.18 03:10:11.110,9.34684,9.35126,1.00,1.00
2016.07.18 03:10:12.159,9.34684,9.35116,1.00,1.00
2016.07.18 03:10:13.413,9.34694,9.35126,1.00,1.00
2016.07.18 03:10:13.619,9.34694,9.35136,1.00,1.00
2016.07.18 03:10:24.730,9.34694,9.35126,1.00,1.00
2016.07.18 03:10:33.159,9.34684,9.35126,1.00,1.00
2016.07.18 03:10:37.148,9.34684,9.35116,1.00,1.00
2016.07.18 03:10:38.875,9.34674,9.35116,1.00,1.00
2016.07.18 03:10:40.853,9.34674,9.35106,1.00,1.00
2016.07.18 03:10:56.581,9.34683,9.35117,1.00,1.00
2016.07.18 03:10:56.683,9.34674,9.35116,1.00,1.00
2016.07.18 03:10:58.423,9.34684,9.35116,1.00,1.00
2016.07.18 03:11:01.615,9.34694,9.35126,1.00,1.00
2016.07.18 03:11:15.051,9.34684,9.35126,1.00,1.00
2016.07.18 03:11:27.748,9.34673,9.35127,1.00,1.00
2016.07.18 03:11:28.732,9.34674,9.35116,1.00,1.00
2016.07.18 03:11:30.735,9.34674,9.35106,1.00,1.00
2016.07.18 03:11:31.838,9.34664,9.35106,1.00,1.00
2016.07.18 03:11:33.841,9.34664,9.35096,1.00,1.00
2016.07.18 03:11:36.694,9.34674,9.35106,1.00,1.00
2016.07.18 03:11:36.864,9.34684,9.35126,1.00,1.00
2016.07.18 03:11:38.676,9.34674,9.35116,1.00,1.00
2016.07.18 03:11:39.165,9.34664,9.35116,1.00,1.00
2016.07.18 03:11:40.173,9.34664,9.35106,1.00,1.00
2016.07.18 03:11:43.157,9.34664,9.35096,1.00,1.00
2016.07.18 03:11:51.971,9.34654,9.35096,1.00,1.00
2016.07.18 03:11:52.173,9.34664,9.35096,1.00,1.00
2016.07.18 03:11:52.274,9.34673,9.35107,1.00,1.00
2016.07.18 03:11:52.897,9.34654,9.35106,1.00,1.00
2016.07.18 03:11:53.875,9.34654,9.35096,1.00,1.00
2016.07.18 03:11:54.876,9.34664,9.35086,1.00,1.00
2016.07.18 03:11:55.678,9.34664,9.35096,1.00,1.00
2016.07.18 03:11:57.882,9.34664,9.35086,1.00,1.00
2016.07.18 03:11:58.583,9.34664,9.35096,1.00,1.00
2016.07.18 03:11:58.919,9.34674,9.35106,1.00,1.00
2016.07.18 03:11:59.424,9.34664,9.35106,1.00,1.00
2016.07.18 03:12:01.388,9.34664,9.35096,1.00,1.00
2016.07.18 03:12:07.544,9.34654,9.35096,1.00,1.00
2016.07.18 03:12:07.645,9.34674,9.35096,1.00,1.00
2016.07.18 03:12:07.917,9.34654,9.35096,1.00,1.00
2016.07.18 03:12:10.948,9.34654,9.35086,1.00,1.00
2016.07.18 03:12:14.633,9.34674,9.35096,1.00,1.00
2016.07.18 03:12:14.913,9.34654,9.35096,1.00,1.00
2016.07.18 03:12:17.916,9.34654,9.35086,1.00,1.00
2016.07.18 03:12:31.537,9.34654,9.35076,1.00,1.00
2016.07.18 03:12:40.658,9.34644,9.35076,1.00,1.00
2016.07.18 03:12:45.065,9.34653,9.35087,1.00,1.00
2016.07.18 03:12:46.297,9.34664,9.35096,1.00,1.00
2016.07.18 03:12:47.268,9.34654,9.35096,1.00,1.00
2016.07.18 03:12:50.311,9.34654,9.35086,1.00,1.00
2016.07.18 03:12:53.621,9.34664,9.35096,1.00,1.00
2016.07.18 03:12:54.221,9.34674,9.35106,1.00,1.00
2016.07.18 03:12:55.112,9.34664,9.35106,1.00,1.00
2016.07.18 03:12:58.087,9.34664,9.35096,1.00,1.00
2016.07.18 03:12:59.478,9.34674,9.35106,1.00,1.00
2016.07.18 03:13:09.622,9.34694,9.35126,1.00,1.00
2016.07.18 03:13:22.532,9.34704,9.35126,1.00,1.00
2016.07.18 03:13:23.534,9.34704,9.35136,1.00,1.00
2016.07.18 03:13:24.537,9.34703,9.35127,1.00,1.00
2016.07.18 03:13:34.084,9.34704,9.35136,1.00,1.00
2016.07.18 03:13:34.382,9.34714,9.35146,1.00,1.00
2016.07.18 03:13:34.884,9.34724,9.35166,1.00,1.00
2016.07.18 03:13:35.375,9.34734,9.35176,1.00,1.00
2016.07.18 03:13:35.689,9.34744,9.35176,1.00,1.00
2016.07.18 03:13:35.891,9.34743,9.35187,1.00,1.00
2016.07.18 03:13:36.677,9.34724,9.35186,1.00,1.00
2016.07.18 03:13:37.678,9.34724,9.35176,1.00,1.00
2016.07.18 03:13:38.679,9.34724,9.35166,1.00,1.00
2016.07.18 03:13:41.586,9.34724,9.35156,1.00,1.00
2016.07.18 03:13:43.492,9.34734,9.35166,1.00,1.00
2016.07.18 03:13:47.006,9.34724,9.35166,1.00,1.00
2016.07.18 03:13:47.413,9.34714,9.35166,1.00,1.00
2016.07.18 03:13:48.051,9.34723,9.35167,1.00,1.00
2016.07.18 03:13:48.452,9.34743,9.35187,1.00,1.00
2016.07.18 03:13:49.430,9.34724,9.35186,1.00,1.00
2016.07.18 03:13:49.954,9.34744,9.35186,1.00,1.00
2016.07.18 03:13:50.948,9.34743,9.35177,1.00,1.00
2016.07.18 03:13:51.970,9.34744,9.35186,1.00,1.00
2016.07.18 03:13:52.923,9.34744,9.35176,1.00,1.00
2016.07.18 03:13:54.436,9.34744,9.35186,1.00,1.00
2016.07.18 03:13:54.671,9.34734,9.35186,1.00,1.00
2016.07.18 03:13:54.935,9.34744,9.35186,1.00,1.00
2016.07.18 03:13:55.762,9.34734,9.35176,1.00,1.00
2016.07.18 03:13:56.463,9.34724,9.35176,1.00,1.00
2016.07.18 03:13:56.681,9.34734,9.35176,1.00,1.00
2016.07.18 03:13:57.381,9.34754,9.35196,1.00,1.00
2016.07.18 03:13:58.885,9.34753,9.35187,1.00,1.00
2016.07.18 03:13:59.837,9.34753,9.35197,1.00,1.00
2016.07.18 03:14:00.440,9.34744,9.35186,1.00,1.00
2016.07.18 03:14:01.192,9.34764,9.35206,1.00,1.00
2016.07.18 03:14:01.693,9.34744,9.35206,1.00,1.00
2016.07.18 03:14:02.348,9.34754,9.35196,1.00,1.00
2016.07.18 03:14:02.496,9.34744,9.35196,1.00,1.00
2016.07.18 03:14:02.995,9.34744,9.35186,1.00,1.00
2016.07.18 03:14:03.197,9.34734,9.35196,1.00,1.00
2016.07.18 03:14:03.475,9.34743,9.35187,1.00,1.00
2016.07.18 03:14:03.902,9.34753,9.35187,1.00,1.00
2016.07.18 03:14:04.577,9.34744,9.35186,1.00,1.00
2016.07.18 03:14:05.907,9.34724,9.35186,1.00,1.00
2016.07.18 03:14:06.204,9.34714,9.35186,1.00,1.00
2016.07.18 03:14:06.404,9.34694,9.35176,1.00,1.00
2016.07.18 03:14:06.707,9.34704,9.35176,1.00,1.00
2016.07.18 03:14:07.688,9.34714,9.35156,1.00,1.00
2016.07.18 03:14:09.877,9.34714,9.35146,1.00,1.00
2016.07.18 03:14:20.266,9.34704,9.35146,1.00,1.00
2016.07.18 03:14:20.603,9.34694,9.35146,1.00,1.00
2016.07.18 03:14:21.594,9.34694,9.35136,1.00,1.00
2016.07.18 03:14:22.421,9.34684,9.35126,1.00,1.00
2016.07.18 03:14:23.397,9.34684,9.35116,1.00,1.00
2016.07.18 03:14:28.403,9.34684,9.35106,1.00,1.00
2016.07.18 03:14:28.915,9.34664,9.35106,1.00,1.00
2016.07.18 03:14:29.118,9.34654,9.35116,1.00,1.00
2016.07.18 03:14:29.220,9.34664,9.35116,1.00,1.00
2016.07.18 03:14:29.546,9.34674,9.35106,1.00,1.00
2016.07.18 03:14:29.944,9.34654,9.35106,1.00,1.00
2016.07.18 03:14:31.610,9.34654,9.35096,1.00,1.00
2016.07.18 03:14:31.961,9.34663,9.35097,1.00,1.00
2016.07.18 03:14:32.414,9.34653,9.35097,1.00,1.00
2016.07.18 03:14:33.419,9.34654,9.35086,1.00,1.00
2016.07.18 03:14:34.935,9.34663,9.35087,1.00,1.00
2016.07.18 03:14:35.952,9.34664,9.35096,1.00,1.00
2016.07.18 03:14:37.932,9.34664,9.35086,1.00,1.00
2016.07.18 03:14:38.839,9.34674,9.35096,1.00,1.00
2016.07.18 03:14:39.154,9.34664,9.35096,1.00,1.00
2016.07.18 03:14:39.360,9.34674,9.35106,1.00,1.00
2016.07.18 03:14:39.675,9.34664,9.35116,1.00,1.00
2016.07.18 03:14:40.637,9.34664,9.35106,1.00,1.00
2016.07.18 03:14:42.640,9.34664,9.35096,1.00,1.00
2016.07.18 03:14:43.648,9.34653,9.35097,1.00,1.00
2016.07.18 03:14:43.851,9.34664,9.35096,1.00,1.00
2016.07.18 03:14:47.248,9.34674,9.35096,1.00,1.00
2016.07.18 03:14:47.350,9.34674,9.35106,1.00,1.00
2016.07.18 03:14:50.553,9.34664,9.35106,1.00,1.00
2016.07.18 03:14:50.869,9.34674,9.35106,1.00,1.00
2016.07.18 03:14:51.173,9.34664,9.35106,1.00,1.00
2016.07.18 03:14:54.159,9.34664,9.35096,1.00,1.00
2016.07.18 03:14:54.360,9.34654,9.35096,1.00,1.00
2016.07.18 03:14:57.267,9.34674,9.35106,1.00,1.00
2016.07.18 03:14:57.570,9.34664,9.35096,1.00,1.00
2016.07.18 03:15:02.387,9.34664,9.35086,1.00,1.00
2016.07.18 03:15:05.492,9.34654,9.35086,1.00,1.00
2016.07.18 03:15:11.922,9.34644,9.35076,1.00,1.00
2016.07.18 03:15:14.913,9.34634,9.35076,1.00,1.00
2016.07.18 03:15:15.955,9.34634,9.35066,1.00,1.00
2016.07.18 03:15:17.319,9.34644,9.35066,1.00,1.00
2016.07.18 03:15:17.468,9.34644,9.35076,1.00,1.00
2016.07.18 03:15:17.621,9.34654,9.35086,1.00,1.00
2016.07.18 03:15:21.827,9.34663,9.35097,1.00,1.00
2016.07.18 03:15:22.828,9.34664,9.35086,1.00,1.00
2016.07.18 03:15:23.830,9.34664,9.35096,1.00,1.00
2016.07.18 03:15:24.832,9.34664,9.35086,1.00,1.00
2016.07.18 03:15:31.243,9.34653,9.35097,1.00,1.00
2016.07.18 03:15:31.445,9.34643,9.35087,1.00,1.00
2016.07.18 03:15:31.792,9.34654,9.35086,1.00,1.00
2016.07.18 03:15:34.957,9.34664,9.35086,1.00,1.00
2016.07.18 03:15:35.159,9.34654,9.35086,1.00,1.00
2016.07.18 03:15:35.312,9.34644,9.35086,1.00,1.00
2016.07.18 03:15:36.672,9.34644,9.35076,1.00,1.00
2016.07.18 03:15:42.098,9.34654,9.35086,1.00,1.00
2016.07.18 03:15:43.190,9.34644,9.35086,1.00,1.00
2016.07.18 03:15:43.290,9.34643,9.35077,1.00,1.00
2016.07.18 03:15:43.641,9.34654,9.35076,1.00,1.00
2016.07.18 03:15:44.331,9.34644,9.35076,1.00,1.00
2016.07.18 03:15:58.620,9.34654,9.35076,1.00,1.00
2016.07.18 03:15:58.721,9.34654,9.35086,1.00,1.00
2016.07.18 03:15:59.214,9.34644,9.35086,1.00,1.00
2016.07.18 03:16:02.220,9.34644,9.35076,1.00,1.00
2016.07.18 03:16:05.225,9.34654,9.35086,1.00,1.00
2016.07.18 03:16:05.329,9.34644,9.35086,1.00,1.00
2016.07.18 03:16:06.632,9.34654,9.35086,1.00,1.00
2016.07.18 03:16:07.033,9.34644,9.35086,1.00,1.00
2016.07.18 03:16:07.135,9.34634,9.35076,1.00,1.00
2016.07.18 03:16:07.484,9.34644,9.35076,1.00,1.00
2016.07.18 03:16:07.535,9.34633,9.35077,1.00,1.00
2016.07.18 03:16:09.532,9.34634,9.35066,1.00,1.00
2016.07.18 03:16:09.859,9.34644,9.35076,1.00,1.00
2016.07.18 03:16:14.149,9.34634,9.35076,1.00,1.00
2016.07.18 03:16:14.250,9.34644,9.35076,1.00,1.00
2016.07.18 03:16:15.083,9.34634,9.35076,1.00,1.00
2016.07.18 03:16:15.553,9.34644,9.35076,1.00,1.00
2016.07.18 03:16:16.875,9.34634,9.35076,1.00,1.00
2016.07.18 03:16:18.498,9.34644,9.35076,1.00,1.00
2016.07.18 03:16:19.968,9.34643,9.35077,1.00,1.00
2016.07.18 03:16:20.700,9.34634,9.35076,1.00,1.00
2016.07.18 03:16:22.655,9.34634,9.35066,1.00,1.00
2016.07.18 03:16:28.910,9.34644,9.35076,1.00,1.00
2016.07.18 03:16:29.245,9.34654,9.35076,1.00,1.00
2016.07.18 03:16:30.896,9.34644,9.35076,1.00,1.00
2016.07.18 03:16:31.298,9.34654,9.35076,1.00,1.00
2016.07.18 03:16:31.767,9.34644,9.35076,1.00,1.00
2016.07.18 03:16:33.919,9.34624,9.35066,1.00,1.00
2016.07.18 03:16:34.319,9.34634,9.35066,1.00,1.00
2016.07.18 03:16:34.882,9.34624,9.35066,1.00,1.00
2016.07.18 03:16:35.316,9.34613,9.35067,1.00,1.00
2016.07.18 03:16:35.418,9.34634,9.35066,1.00,1.00
2016.07.18 03:16:36.209,9.34624,9.35066,1.00,1.00
2016.07.18 03:16:36.417,9.34634,9.35066,1.00,1.00
2016.07.18 03:16:36.680,9.34643,9.35077,1.00,1.00
2016.07.18 03:16:36.887,9.34633,9.35077,1.00,1.00
2016.07.18 03:16:40.081,9.34634,9.35066,1.00,1.00
2016.07.18 03:16:40.382,9.34643,9.35077,1.00,1.00
2016.07.18 03:16:41.385,9.34644,9.35066,1.00,1.00
2016.07.18 03:16:44.182,9.34644,9.35076,1.00,1.00
2016.07.18 03:16:44.438,9.34654,9.35086,1.00,1.00
2016.07.18 03:16:44.691,9.34654,9.35096,1.00,1.00
2016.07.18 03:16:45.129,9.34654,9.35086,1.00,1.00
2016.07.18 03:16:45.231,9.34643,9.35087,1.00,1.00
2016.07.18 03:16:46.593,9.34633,9.35087,1.00,1.00
2016.07.18 03:16:46.694,9.34644,9.35086,1.00,1.00
2016.07.18 03:16:47.594,9.34643,9.35077,1.00,1.00
2016.07.18 03:16:53.612,9.34654,9.35076,1.00,1.00
2016.07.18 03:16:53.940,9.34644,9.35076,1.00,1.00
2016.07.18 03:16:57.308,9.34634,9.35076,1.00,1.00
2016.07.18 03:16:57.651,9.34644,9.35076,1.00,1.00
2016.07.18 03:16:57.908,9.34634,9.35076,1.00,1.00
2016.07.18 03:16:58.911,9.34634,9.35066,1.00,1.00
2016.07.18 03:17:00.145,9.34644,9.35076,1.00,1.00
2016.07.18 03:17:03.348,9.34664,9.35086,1.00,1.00
2016.07.18 03:17:03.669,9.34674,9.35096,1.00,1.00
2016.07.18 03:17:03.922,9.34664,9.35106,1.00,1.00
2016.07.18 03:17:04.921,9.34664,9.35096,1.00,1.00
2016.07.18 03:17:05.061,9.34654,9.35096,1.00,1.00
2016.07.18 03:17:05.162,9.34664,9.35096,1.00,1.00
2016.07.18 03:17:05.622,9.34673,9.35097,1.00,1.00
2016.07.18 03:17:06.469,9.34664,9.35106,1.00,1.00
2016.07.18 03:17:07.426,9.34664,9.35096,1.00,1.00
2016.07.18 03:17:07.762,9.34674,9.35106,1.00,1.00
2016.07.18 03:17:08.090,9.34664,9.35096,1.00,1.00
2016.07.18 03:17:08.268,9.34654,9.35106,1.00,1.00
2016.07.18 03:17:08.372,9.34674,9.35096,1.00,1.00
2016.07.18 03:17:08.678,9.34694,9.35126,1.00,1.00
2016.07.18 03:17:08.881,9.34684,9.35126,1.00,1.00
2016.07.18 03:17:09.135,9.34674,9.35126,1.00,1.00
2016.07.18 03:17:09.817,9.34684,9.35126,1.00,1.00
2016.07.18 03:17:10.121,9.34683,9.35117,1.00,1.00
2016.07.18 03:17:10.171,9.34674,9.35126,1.00,1.00
2016.07.18 03:17:10.438,9.34674,9.35116,1.00,1.00
2016.07.18 03:17:10.747,9.34684,9.35116,1.00,1.00
2016.07.18 03:17:10.860,9.34674,9.35116,1.00,1.00
2016.07.18 03:17:12.841,9.34674,9.35106,1.00,1.00
2016.07.18 03:17:21.788,9.34663,9.35097,1.00,1.00
2016.07.18 03:17:22.180,9.34654,9.35096,1.00,1.00
2016.07.18 03:17:22.389,9.34674,9.35096,1.00,1.00
2016.07.18 03:17:22.656,9.34664,9.35096,1.00,1.00
2016.07.18 03:17:25.365,9.34654,9.35096,1.00,1.00
2016.07.18 03:17:26.392,9.34664,9.35086,1.00,1.00
2016.07.18 03:17:27.364,9.34664,9.35096,1.00,1.00
2016.07.18 03:17:28.694,9.34673,9.35097,1.00,1.00
2016.07.18 03:17:29.195,9.34664,9.35096,1.00,1.00
2016.07.18 03:17:32.176,9.34664,9.35086,1.00,1.00
2016.07.18 03:18:00.728,9.34654,9.35096,1.00,1.00
2016.07.18 03:18:01.731,9.34654,9.35086,1.00,1.00
2016.07.18 03:18:14.275,9.34644,9.35086,1.00,1.00
2016.07.18 03:18:14.377,9.34654,9.35086,1.00,1.00
2016.07.18 03:18:14.655,9.34644,9.35086,1.00,1.00
2016.07.18 03:18:15.658,9.34644,9.35076,1.00,1.00
2016.07.18 03:18:19.266,9.34654,9.35076,1.00,1.00
2016.07.18 03:18:19.367,9.34644,9.35076,1.00,1.00
2016.07.18 03:18:19.468,9.34644,9.35086,1.00,1.00
2016.07.18 03:18:20.159,9.34624,9.35076,1.00,1.00
2016.07.18 03:18:20.366,9.34634,9.35076,1.00,1.00
2016.07.18 03:18:20.681,9.34643,9.35077,1.00,1.00
2016.07.18 03:18:20.883,9.34634,9.35076,1.00,1.00
2016.07.18 03:18:21.864,9.34634,9.35066,1.00,1.00
2016.07.18 03:18:24.973,9.34644,9.35066,1.00,1.00
2016.07.18 03:18:26.878,9.34634,9.35076,1.00,1.00
2016.07.18 03:18:27.881,9.34634,9.35066,1.00,1.00
2016.07.18 03:18:30.823,9.34624,9.35066,1.00,1.00
2016.07.18 03:18:31.195,9.34614,9.35066,1.00,1.00
2016.07.18 03:18:31.398,9.34624,9.35056,1.00,1.00
2016.07.18 03:18:31.601,9.34614,9.35056,1.00,1.00
2016.07.18 03:18:31.990,9.34604,9.35056,1.00,1.00
2016.07.18 03:18:32.417,9.34624,9.35056,1.00,1.00
2016.07.18 03:18:33.627,9.34654,9.35076,1.00,1.00
2016.07.18 03:18:34.144,9.34634,9.35076,1.00,1.00
2016.07.18 03:18:35.108,9.34654,9.35086,1.00,1.00
2016.07.18 03:18:35.412,9.34644,9.35076,1.00,1.00
2016.07.18 03:18:35.946,9.34664,9.35096,1.00,1.00
2016.07.18 03:18:36.098,9.34644,9.35096,1.00,1.00
2016.07.18 03:18:36.411,9.34644,9.35086,1.00,1.00
2016.07.18 03:18:38.301,9.34634,9.35076,1.00,1.00
2016.07.18 03:18:38.966,9.34644,9.35076,1.00,1.00
2016.07.18 03:18:40.120,9.34653,9.35087,1.00,1.00
2016.07.18 03:18:40.427,9.34644,9.35076,1.00,1.00
2016.07.18 03:18:42.926,9.34654,9.35086,1.00,1.00
2016.07.18 03:18:43.231,9.34664,9.35096,1.00,1.00
2016.07.18 03:18:43.610,9.34654,9.35096,1.00,1.00
2016.07.18 03:18:45.112,9.34644,9.35086,1.00,1.00
2016.07.18 03:18:45.638,9.34654,9.35086,1.00,1.00
2016.07.18 03:18:45.945,9.34644,9.35086,1.00,1.00
2016.07.18 03:18:46.918,9.34644,9.35076,1.00,1.00
2016.07.18 03:18:47.636,9.34654,9.35086,1.00,1.00
2016.07.18 03:18:48.145,9.34644,9.35086,1.00,1.00
2016.07.18 03:18:49.160,9.34644,9.35076,1.00,1.00
2016.07.18 03:18:49.636,9.34624,9.35076,1.00,1.00
2016.07.18 03:18:50.364,9.34624,9.35066,1.00,1.00
2016.07.18 03:18:51.657,9.34643,9.35077,1.00,1.00
2016.07.18 03:19:00.478,9.34644,9.35076,1.00,1.00
2016.07.18 03:19:01.480,9.34644,9.35066,1.00,1.00
2016.07.18 03:19:01.881,9.34644,9.35076,1.00,1.00
2016.07.18 03:19:01.983,9.34634,9.35076,1.00,1.00
2016.07.18 03:19:03.354,9.34634,9.35066,1.00,1.00
2016.07.18 03:19:08.280,9.34623,9.35067,1.00,1.00
2016.07.18 03:19:08.381,9.34614,9.35066,1.00,1.00
2016.07.18 03:19:09.416,9.34614,9.35056,1.00,1.00
2016.07.18 03:19:09.733,9.34634,9.35066,1.00,1.00
2016.07.18 03:19:11.097,9.34644,9.35076,1.00,1.00
2016.07.18 03:19:11.439,9.34634,9.35076,1.00,1.00
2016.07.18 03:19:12.197,9.34644,9.35076,1.00,1.00
2016.07.18 03:19:13.208,9.34644,9.35066,1.00,1.00
2016.07.18 03:19:14.211,9.34644,9.35076,1.00,1.00
2016.07.18 03:19:20.338,9.34654,9.35086,1.00,1.00
2016.07.18 03:19:20.655,9.34664,9.35096,1.00,1.00
2016.07.18 03:19:20.958,9.34653,9.35097,1.00,1.00
2016.07.18 03:19:22.832,9.34654,9.35086,1.00,1.00
2016.07.18 03:19:25.666,9.34644,9.35086,1.00,1.00
2016.07.18 03:19:27.137,9.34644,9.35076,1.00,1.00
2016.07.18 03:19:32.264,9.34654,9.35086,1.00,1.00
2016.07.18 03:19:32.571,9.34664,9.35086,1.00,1.00
2016.07.18 03:19:32.673,9.34664,9.35096,1.00,1.00
2016.07.18 03:19:34.955,9.34654,9.35096,1.00,1.00
2016.07.18 03:19:35.967,9.34654,9.35086,1.00,1.00
2016.07.18 03:19:36.151,9.34644,9.35086,1.00,1.00
2016.07.18 03:19:37.152,9.34644,9.35076,1.00,1.00
2016.07.18 03:19:38.176,9.34653,9.35077,1.00,1.00
2016.07.18 03:19:38.355,9.34644,9.35076,1.00,1.00
2016.07.18 03:19:40.258,9.34654,9.35076,1.00,1.00
2016.07.18 03:19:40.367,9.34644,9.35076,1.00,1.00
2016.07.18 03:19:42.209,9.34654,9.35076,1.00,1.00
2016.07.18 03:19:42.411,9.34654,9.35086,1.00,1.00
2016.07.18 03:19:45.677,9.34664,9.35096,1.00,1.00
2016.07.18 03:19:51.475,9.34664,9.35086,1.00,1.00
2016.07.18 03:19:55.987,9.34664,9.35096,1.00,1.00
2016.07.18 03:19:56.089,9.34674,9.35106,1.00,1.00
2016.07.18 03:19:57.090,9.34664,9.35106,1.00,1.00
2016.07.18 03:19:57.636,9.34654,9.35106,1.00,1.00
2016.07.18 03:19:57.737,9.34654,9.35096,1.00,1.00
2016.07.18 03:19:58.043,9.34664,9.35096,1.00,1.00
2016.07.18 03:19:58.402,9.34654,9.35096,1.00,1.00
2016.07.18 03:19:59.396,9.34654,9.35086,1.00,1.00
2016.07.18 03:20:00.125,9.34664,9.35086,1.00,1.00
2016.07.18 03:20:00.634,9.34654,9.35086,1.00,1.00
2016.07.18 03:20:04.662,9.34664,9.35086,1.00,1.00
2016.07.18 03:20:04.935,9.34654,9.35086,1.00,1.00
2016.07.18 03:20:09.637,9.34654,9.35076,1.00,1.00
2016.07.18 03:20:09.837,9.34654,9.35086,1.00,1.00
2016.07.18 03:20:10.538,9.34663,9.35087,1.00,1.00
2016.07.18 03:20:12.548,9.34664,9.35096,1.00,1.00
2016.07.18 03:20:13.543,9.34664,9.35086,1.00,1.00
2016.07.18 03:20:19.877,9.34664,9.35096,1.00,1.00
2016.07.18 03:20:24.687,9.34654,9.35096,1.00,1.00
2016.07.18 03:20:24.868,9.34654,9.35086,1.00,1.00
2016.07.18 03:20:28.071,9.34664,9.35096,1.00,1.00
2016.07.18 03:20:28.444,9.34674,9.35106,1.00,1.00
2016.07.18 03:20:30.976,9.34674,9.35096,1.00,1.00
2016.07.18 03:20:37.118,9.34654,9.35096,1.00,1.00
2016.07.18 03:20:37.219,9.34644,9.35106,1.00,1.00
2016.07.18 03:20:37.422,9.34644,9.35096,1.00,1.00
2016.07.18 03:20:38.890,9.34644,9.35086,1.00,1.00
2016.07.18 03:20:40.928,9.34644,9.35076,1.00,1.00
2016.07.18 03:20:44.838,9.34653,9.35087,1.00,1.00
2016.07.18 03:20:57.115,9.34674,9.35106,1.00,1.00
2016.07.18 03:20:57.465,9.34694,9.35126,1.00,1.00
2016.07.18 03:20:57.616,9.34683,9.35127,1.00,1.00
2016.07.18 03:20:58.616,9.34684,9.35116,1.00,1.00
2016.07.18 03:21:05.229,9.34694,9.35126,1.00,1.00
2016.07.18 03:21:06.731,9.34684,9.35126,1.00,1.00
2016.07.18 03:21:07.733,9.34684,9.35116,1.00,1.00
2016.07.18 03:21:10.704,9.34704,9.35126,1.00,1.00
2016.07.18 03:21:12.666,9.34723,9.35157,1.00,1.00
2016.07.18 03:21:12.869,9.34704,9.35156,1.00,1.00
2016.07.18 03:21:13.352,9.34714,9.35146,1.00,1.00
2016.07.18 03:21:26.384,9.34714,9.35156,1.00,1.00
2016.07.18 03:21:26.688,9.34704,9.35156,1.00,1.00
2016.07.18 03:21:27.659,9.34704,9.35146,1.00,1.00
2016.07.18 03:21:28.661,9.34704,9.35136,1.00,1.00
2016.07.18 03:21:29.477,9.34714,9.35146,1.00,1.00
2016.07.18 03:21:29.863,9.34734,9.35166,1.00,1.00
2016.07.18 03:21:30.865,9.34724,9.35166,1.00,1.00
2016.07.18 03:21:31.380,9.34734,9.35176,1.00,1.00
2016.07.18 03:21:31.688,9.34724,9.35176,1.00,1.00
2016.07.18 03:21:32.382,9.34714,9.35166,1.00,1.00
2016.07.18 03:21:32.694,9.34724,9.35166,1.00,1.00
2016.07.18 03:21:32.897,9.34714,9.35166,1.00,1.00
2016.07.18 03:21:33.371,9.34724,9.35156,1.00,1.00
2016.07.18 03:21:33.875,9.34744,9.35186,1.00,1.00
2016.07.18 03:21:34.375,9.34724,9.35176,1.00,1.00
2016.07.18 03:21:37.378,9.34724,9.35166,1.00,1.00
2016.07.18 03:21:39.383,9.34734,9.35176,1.00,1.00
2016.07.18 03:21:42.324,9.34744,9.35186,1.00,1.00
2016.07.18 03:21:42.628,9.34764,9.35206,1.00,1.00
2016.07.18 03:21:48.615,9.34734,9.35206,1.00,1.00
2016.07.18 03:21:48.938,9.34714,9.35196,1.00,1.00
2016.07.18 03:21:49.140,9.34704,9.35196,1.00,1.00
2016.07.18 03:21:49.292,9.34704,9.35196,1.00,1.60
2016.07.18 03:21:49.444,9.34664,9.35186,1.07,1.00
2016.07.18 03:21:49.545,9.34664,9.35186,1.00,1.00
2016.07.18 03:21:49.647,9.34694,9.35176,1.00,1.00
2016.07.18 03:21:50.148,9.34684,9.35166,1.00,1.00
2016.07.18 03:21:51.100,9.34684,9.35146,1.00,1.00
2016.07.18 03:21:52.101,9.34684,9.35136,1.00,1.00
2016.07.18 03:21:53.105,9.34684,9.35126,1.00,1.00
2016.07.18 03:21:53.504,9.34674,9.35116,1.00,1.00
2016.07.18 03:21:53.910,9.34664,9.35116,1.00,1.00
2016.07.18 03:21:54.906,9.34664,9.35106,1.00,1.00
2016.07.18 03:21:55.053,9.34654,9.35106,1.00,1.00
2016.07.18 03:21:55.154,9.34664,9.35106,1.00,1.00
2016.07.18 03:21:56.409,9.34654,9.35096,1.00,1.00
2016.07.18 03:21:57.417,9.34644,9.35096,1.00,1.00
2016.07.18 03:21:57.919,9.34664,9.35086,1.00,1.00
2016.07.18 03:21:58.122,9.34644,9.35086,1.00,1.00
2016.07.18 03:21:58.621,9.34654,9.35086,1.00,1.00
2016.07.18 03:21:58.927,9.34664,9.35086,1.00,1.00
2016.07.18 03:21:59.918,9.34663,9.35097,1.00,1.00
2016.07.18 03:22:00.930,9.34664,9.35086,1.00,1.00
2016.07.18 03:22:01.957,9.34664,9.35096,1.00,1.00
2016.07.18 03:22:03.925,9.34664,9.35086,1.00,1.00
2016.07.18 03:22:08.633,9.34674,9.35096,1.00,1.00
2016.07.18 03:22:08.844,9.34684,9.35116,1.00,1.00
2016.07.18 03:22:13.272,9.34674,9.35116,1.00,1.00
2016.07.18 03:22:14.293,9.34674,9.35106,1.00,1.00
2016.07.18 03:22:19.150,9.34664,9.35096,1.00,1.00
2016.07.18 03:22:19.455,9.34684,9.35116,1.00,1.00
2016.07.18 03:22:19.766,9.34694,9.35126,1.00,1.00
2016.07.18 03:22:20.384,9.34684,9.35126,1.00,1.00
2016.07.18 03:22:20.890,9.34704,9.35136,1.00,1.00
2016.07.18 03:22:21.194,9.34694,9.35136,1.00,1.00
2016.07.18 03:22:21.389,9.34704,9.35136,1.00,1.00
2016.07.18 03:22:21.707,9.34684,9.35136,1.00,1.00
2016.07.18 03:22:22.159,9.34694,9.35136,1.00,1.00
2016.07.18 03:22:22.903,9.34684,9.35126,1.00,1.00
2016.07.18 03:22:23.385,9.34694,9.35126,1.00,1.00
2016.07.18 03:22:24.165,9.34684,9.35126,1.00,1.00
2016.07.18 03:22:24.712,9.34694,9.35136,1.00,1.00
2016.07.18 03:22:25.016,9.34704,9.35146,1.00,1.00
2016.07.18 03:22:25.324,9.34714,9.35146,1.00,1.00
2016.07.18 03:22:25.375,9.34694,9.35146,1.00,1.00
2016.07.18 03:22:26.167,9.34704,9.35136,1.00,1.00
2016.07.18 03:22:27.216,9.34684,9.35136,1.00,1.00
2016.07.18 03:22:29.172,9.34684,9.35126,1.00,1.00
2016.07.18 03:22:30.173,9.34694,9.35126,1.00,1.00
2016.07.18 03:22:37.323,9.34684,9.35126,1.00,1.00
2016.07.18 03:22:37.425,9.34674,9.35126,1.00,1.00
2016.07.18 03:22:37.914,9.34664,9.35116,1.00,1.00
2016.07.18 03:22:39.388,9.34664,9.35106,1.00,1.00
2016.07.18 03:22:40.425,9.34664,9.35096,1.00,1.00
2016.07.18 03:22:59.168,9.34654,9.35096,1.00,1.00
2016.07.18 03:23:00.465,9.34654,9.35086,1.00,1.00
2016.07.18 03:23:00.623,9.34634,9.35096,1.00,1.00
2016.07.18 03:23:01.626,9.34634,9.35076,1.00,1.00
2016.07.18 03:23:03.672,9.34634,9.35066,1.00,1.00
2016.07.18 03:23:10.389,9.34644,9.35076,1.00,1.00
2016.07.18 03:23:11.652,9.34643,9.35067,1.00,1.00
2016.07.18 03:23:11.852,9.34634,9.35066,1.00,1.00
2016.07.18 03:23:13.359,9.34644,9.35076,1.00,1.00
2016.07.18 03:23:13.740,9.34634,9.35076,1.00,1.00
2016.07.18 03:23:14.684,9.34643,9.35077,1.00,1.00
2016.07.18 03:23:16.862,9.34644,9.35066,1.00,1.00
2016.07.18 03:23:20.691,9.34654,9.35086,1.00,1.00
2016.07.18 03:23:22.873,9.34664,9.35086,1.00,1.00
2016.07.18 03:23:24.782,9.34664,9.35096,1.00,1.00
2016.07.18 03:23:25.724,9.34674,9.35096,1.00,1.00
2016.07.18 03:23:25.825,9.34664,9.35096,1.00,1.00
2016.07.18 03:23:27.203,9.34674,9.35096,1.00,1.00
2016.07.18 03:23:29.785,9.34684,9.35116,1.00,1.00
2016.07.18 03:23:33.790,9.34684,9.35106,1.00,1.00
2016.07.18 03:23:36.593,9.34663,9.35117,1.00,1.00
2016.07.18 03:23:37.596,9.34664,9.35106,1.00,1.00
2016.07.18 03:23:38.595,9.34664,9.35096,1.00,1.00
2016.07.18 03:23:41.599,9.34664,9.35086,1.00,1.00
2016.07.18 03:23:48.911,9.34664,9.35096,1.00,1.00
2016.07.18 03:23:50.133,9.34653,9.35097,1.00,1.00
2016.07.18 03:23:52.014,9.34664,9.35096,1.00,1.00
2016.07.18 03:23:56.637,9.34674,9.35106,1.00,1.00
2016.07.18 03:24:04.168,9.34694,9.35126,1.00,1.00
2016.07.18 03:24:04.674,9.34703,9.35137,1.00,1.00
2016.07.18 03:24:06.450,9.34714,9.35146,1.00,1.00
2016.07.18 03:24:07.175,9.34724,9.35156,1.00,1.00
2016.07.18 03:24:07.383,9.34733,9.35177,1.00,1.00
2016.07.18 03:24:07.688,9.34744,9.35176,1.00,1.00
2016.07.18 03:24:08.002,9.34764,9.35196,1.00,1.00
2016.07.18 03:24:08.335,9.34754,9.35186,1.00,1.00
2016.07.18 03:24:08.386,9.34754,9.35196,1.00,1.00
2016.07.18 03:24:08.571,9.34758,9.35196,1.00,1.00
2016.07.18 03:24:08.878,9.34764,9.35216,1.00,1.00
2016.07.18 03:24:09.182,9.34774,9.35216,1.00,1.00
2016.07.18 03:24:09.680,9.34764,9.35216,1.00,1.00
2016.07.18 03:24:09.879,9.34774,9.35216,1.00,1.00
2016.07.18 03:24:10.183,9.34764,9.35226,1.00,1.00
2016.07.18 03:24:11.384,9.34764,9.35216,1.00,1.00
2016.07.18 03:24:15.375,9.34764,9.35206,1.00,1.00
2016.07.18 03:24:20.724,9.34774,9.35206,1.00,1.00
2016.07.18 03:24:22.584,9.34774,9.35216,1.00,1.00
2016.07.18 03:24:22.912,9.34764,9.35206,1.00,1.00
2016.07.18 03:24:23.115,9.34754,9.35216,1.00,1.00
2016.07.18 03:24:23.388,9.34734,9.35206,1.00,1.00
2016.07.18 03:24:23.598,9.34744,9.35206,1.00,1.00
2016.07.18 03:24:24.399,9.34754,9.35206,1.00,1.00
2016.07.18 03:24:25.101,9.34764,9.35206,1.00,1.00
2016.07.18 03:24:25.412,9.34754,9.35206,1.00,1.00
2016.07.18 03:24:25.620,9.34764,9.35206,1.00,1.00
2016.07.18 03:24:27.911,9.34754,9.35206,1.00,1.00
2016.07.18 03:24:28.914,9.34754,9.35196,1.00,1.00
2016.07.18 03:24:31.935,9.34743,9.35187,1.00,1.00
2016.07.18 03:24:34.923,9.34744,9.35176,1.00,1.00
2016.07.18 03:24:36.634,9.34753,9.35187,1.00,1.00
2016.07.18 03:24:37.429,9.34743,9.35197,1.00,1.00
2016.07.18 03:24:38.431,9.34744,9.35186,1.00,1.00
2016.07.18 03:24:46.245,9.34754,9.35196,1.00,1.00
2016.07.18 03:24:46.681,9.34744,9.35196,1.00,1.00
2016.07.18 03:24:47.648,9.34744,9.35186,1.00,1.00
2016.07.18 03:24:53.291,9.34754,9.35196,1.00,1.00
2016.07.18 03:24:54.722,9.34744,9.35196,1.00,1.00
2016.07.18 03:24:54.901,9.34734,9.35196,1.00,1.00
2016.07.18 03:24:55.197,9.34744,9.35196,1.00,1.00
2016.07.18 03:24:55.899,9.34744,9.35186,1.00,1.00
2016.07.18 03:25:01.110,9.34734,9.35186,1.00,1.00
2016.07.18 03:25:01.911,9.34744,9.35186,1.00,1.00
2016.07.18 03:25:02.220,9.34754,9.35196,1.00,1.00
2016.07.18 03:25:03.013,9.34754,9.35186,1.00,1.00
2016.07.18 03:25:03.914,9.34754,9.35196,1.00,1.00
2016.07.18 03:25:05.917,9.34754,9.35186,1.00,1.00
2016.07.18 03:25:06.218,9.34744,9.35196,1.00,1.00
2016.07.18 03:25:06.320,9.34734,9.35196,1.00,1.00
2016.07.18 03:25:06.925,9.34724,9.35186,1.00,1.00
2016.07.18 03:25:07.131,9.34704,9.35186,1.00,1.00
2016.07.18 03:25:07.442,9.34714,9.35176,1.00,1.00
2016.07.18 03:25:07.645,9.34704,9.35176,1.00,1.00
2016.07.18 03:25:08.468,9.34724,9.35166,1.00,1.00
2016.07.18 03:25:08.671,9.34704,9.35166,1.00,1.00
2016.07.18 03:25:08.947,9.34714,9.35156,1.00,1.00
2016.07.18 03:25:09.448,9.34704,9.35156,1.00,1.00
2016.07.18 03:25:10.478,9.34694,9.35146,1.00,1.00
2016.07.18 03:25:10.795,9.34714,9.35146,1.00,1.00
2016.07.18 03:25:10.951,9.34704,9.35146,1.00,1.00
2016.07.18 03:25:12.931,9.34703,9.35137,1.00,1.00
2016.07.18 03:25:14.235,9.34693,9.35137,1.00,1.00
2016.07.18 03:25:22.064,9.34704,9.35136,1.00,1.00
2016.07.18 03:25:22.368,9.34714,9.35146,1.00,1.00
2016.07.18 03:25:30.124,9.34694,9.35146,1.00,1.00
2016.07.18 03:25:30.382,9.34704,9.35146,1.00,1.00
2016.07.18 03:25:30.693,9.34694,9.35146,1.00,1.00
2016.07.18 03:25:31.588,9.34694,9.35136,1.00,1.00
2016.07.18 03:25:38.804,9.34704,9.35136,1.00,1.00
2016.07.18 03:25:39.111,9.34714,9.35156,1.00,1.00
2016.07.18 03:25:39.414,9.34704,9.35146,1.00,1.00
2016.07.18 03:25:43.422,9.34704,9.35136,1.00,1.00
2016.07.18 03:25:48.640,9.34723,9.35157,1.00,1.00
2016.07.18 03:25:48.857,9.34714,9.35166,1.00,1.00
2016.07.18 03:25:49.844,9.34714,9.35156,1.00,1.00
2016.07.18 03:25:51.692,9.34724,9.35156,1.00,1.00
2016.07.18 03:25:51.894,9.34714,9.35156,1.00,1.00
2016.07.18 03:25:52.390,9.34724,9.35156,1.00,1.00
2016.07.18 03:25:53.351,9.34724,9.35166,1.00,1.00
2016.07.18 03:25:55.380,9.34724,9.35156,1.00,1.00
2016.07.18 03:25:55.856,9.34734,9.35166,1.00,1.00
2016.07.18 03:25:56.163,9.34694,9.35176,1.00,1.00
2016.07.18 03:25:56.366,9.34694,9.35166,1.00,1.00
2016.07.18 03:25:56.714,9.34694,9.35156,1.00,1.00
2016.07.18 03:25:57.158,9.34693,9.35147,1.00,1.00
2016.07.18 03:25:58.159,9.34694,9.35136,1.00,1.00
2016.07.18 03:25:59.360,9.34694,9.35126,1.00,1.00
2016.07.18 03:26:02.396,9.34684,9.35126,1.00,1.00
2016.07.18 03:26:02.900,9.34674,9.35126,1.00,1.00
2016.07.18 03:26:03.178,9.34684,9.35126,1.00,1.00
2016.07.18 03:26:03.520,9.34684,9.35116,1.00,1.00
2016.07.18 03:26:04.872,9.34683,9.35127,1.00,1.00
2016.07.18 03:26:08.183,9.34684,9.35116,1.00,1.00
2016.07.18 03:26:10.389,9.34694,9.35126,1.00,1.00
2016.07.18 03:26:10.490,9.34703,9.35137,1.00,1.00
2016.07.18 03:26:10.947,9.34694,9.35136,1.00,1.00
2016.07.18 03:26:11.393,9.34703,9.35137,1.00,1.00
2016.07.18 03:26:12.623,9.34693,9.35137,1.00,1.00
2016.07.18 03:26:16.124,9.34714,9.35146,1.00,1.00
2016.07.18 03:26:16.428,9.34724,9.35156,1.00,1.00
2016.07.18 03:26:16.631,9.34694,9.35166,1.00,1.00
2016.07.18 03:26:16.953,9.34704,9.35156,1.00,1.00
2016.07.18 03:26:17.942,9.34714,9.35146,1.00,1.00
2016.07.18 03:26:18.465,9.34724,9.35166,1.00,1.00
2016.07.18 03:26:19.336,9.34724,9.35156,1.00,1.00
2016.07.18 03:26:20.382,9.34724,9.35166,1.00,1.00
2016.07.18 03:26:22.346,9.34724,9.35156,1.00,1.00
2016.07.18 03:26:24.251,9.34714,9.35166,1.00,1.00
2016.07.18 03:26:25.257,9.34714,9.35156,1.00,1.00
2016.07.18 03:26:26.873,9.34704,9.35156,1.00,1.00
2016.07.18 03:26:28.671,9.34704,9.35146,1.00,1.00
2016.07.18 03:26:31.177,9.34684,9.35146,1.00,1.00
2016.07.18 03:26:31.380,9.34694,9.35136,1.00,1.00
2016.07.18 03:26:31.700,9.34714,9.35146,1.00,1.00
2016.07.18 03:26:32.038,9.34724,9.35156,1.00,1.00
2016.07.18 03:26:32.180,9.34714,9.35166,1.00,1.00
2016.07.18 03:26:33.182,9.34714,9.35156,1.00,1.00
2016.07.18 03:26:36.332,9.34724,9.35166,1.00,1.00
2016.07.18 03:26:36.434,9.34714,9.35166,1.00,1.00
2016.07.18 03:26:36.889,9.34723,9.35167,1.00,1.00
2016.07.18 03:26:46.050,9.34734,9.35176,1.00,1.00
2016.07.18 03:26:46.253,9.34734,9.35186,1.00,1.00
2016.07.18 03:26:46.753,9.34744,9.35196,1.00,1.00
2016.07.18 03:26:47.256,9.34743,9.35197,1.00,1.00
2016.07.18 03:26:47.602,9.34754,9.35196,1.00,1.00
2016.07.18 03:26:47.878,9.34754,9.35206,1.00,1.00
2016.07.18 03:26:47.990,9.34744,9.35206,1.00,1.00
2016.07.18 03:26:50.837,9.34744,9.35196,1.00,1.00
2016.07.18 03:26:53.188,9.34753,9.35207,1.00,1.00
2016.07.18 03:26:53.388,9.34744,9.35206,1.00,1.00
2016.07.18 03:26:53.859,9.34754,9.35206,1.00,1.00
2016.07.18 03:26:56.501,9.34764,9.35216,1.00,1.00
2016.07.18 03:26:56.602,9.34753,9.35217,1.00,1.00
2016.07.18 03:26:56.704,9.34764,9.35216,1.00,1.00
2016.07.18 03:26:56.863,9.34754,9.35216,1.00,1.00
2016.07.18 03:26:57.495,9.34764,9.35216,1.00,1.00
2016.07.18 03:26:57.799,9.34774,9.35226,1.00,1.00
2016.07.18 03:26:57.900,9.34764,9.35226,1.00,1.00
2016.07.18 03:26:58.204,9.34774,9.35216,1.00,1.00
2016.07.18 03:26:58.407,9.34794,9.35246,1.00,1.00
2016.07.18 03:26:58.683,9.34774,9.35246,1.00,1.00
2016.07.18 03:26:59.417,9.34783,9.35237,1.00,1.00
2016.07.18 03:26:59.683,9.34774,9.35236,1.00,1.00
2016.07.18 03:26:59.905,9.34783,9.35237,1.00,1.00
2016.07.18 03:27:06.631,9.34794,9.35246,1.00,1.00
2016.07.18 03:27:09.640,9.34804,9.35246,1.00,1.00
2016.07.18 03:27:09.741,9.34804,9.35256,1.00,1.00
2016.07.18 03:27:10.420,9.34794,9.35256,1.00,1.00
2016.07.18 03:27:10.647,9.34794,9.35246,1.00,1.00
2016.07.18 03:27:10.950,9.34804,9.35256,1.00,1.00
2016.07.18 03:27:12.852,9.34804,9.35246,1.00,1.00
2016.07.18 03:27:14.858,9.34804,9.35256,1.00,1.00
2016.07.18 03:27:17.565,9.34794,9.35256,1.00,1.00
2016.07.18 03:27:17.874,9.34803,9.35257,1.00,1.00
2016.07.18 03:27:18.367,9.34814,9.35256,1.00,1.00
2016.07.18 03:27:19.672,9.34824,9.35276,1.00,1.00
2016.07.18 03:27:19.874,9.34813,9.35277,1.00,1.00
2016.07.18 03:27:19.976,9.34824,9.35266,1.00,1.00
2016.07.18 03:27:20.183,9.34824,9.35276,1.00,1.00
2016.07.18 03:27:20.685,9.34834,9.35286,1.00,1.00
2016.07.18 03:27:21.586,9.34834,9.35276,1.00,1.00
2016.07.18 03:27:22.588,9.34834,9.35286,1.00,1.00
2016.07.18 03:27:23.593,9.34834,9.35276,1.00,1.00
2016.07.18 03:27:25.631,9.34824,9.35276,1.00,1.00
2016.07.18 03:27:26.152,9.34834,9.35276,1.00,1.00
2016.07.18 03:27:26.622,9.34834,9.35286,1.00,1.00
2016.07.18 03:27:27.756,9.34844,9.35296,1.00,1.00
2016.07.18 03:27:30.431,9.34844,9.35286,1.00,1.00
2016.07.18 03:27:31.352,9.34844,9.35296,1.00,1.00
2016.07.18 03:27:31.868,9.34854,9.35306,1.00,1.00
2016.07.18 03:27:34.382,9.34864,9.35306,1.00,1.00
2016.07.18 03:27:34.513,9.34864,9.35316,1.00,1.00
2016.07.18 03:27:34.665,9.34854,9.35316,1.00,1.00
2016.07.18 03:27:34.887,9.34864,9.35326,1.00,1.00
2016.07.18 03:27:35.841,9.34854,9.35316,1.00,1.00
2016.07.18 03:27:37.845,9.34854,9.35306,1.00,1.00
2016.07.18 03:27:39.152,9.34864,9.35316,1.00,1.00
2016.07.18 03:27:40.288,9.34874,9.35316,1.00,1.00
2016.07.18 03:27:40.389,9.34874,9.35326,1.00,1.00
2016.07.18 03:27:42.357,9.34874,9.35316,1.00,1.00
2016.07.18 03:27:44.175,9.34904,9.35356,1.00,1.60
2016.07.18 03:27:44.379,9.34894,9.35361,1.00,1.60
2016.07.18 03:27:44.800,9.34894,9.35361,1.00,1.60
2016.07.18 03:27:44.863,9.34903,9.35357,1.00,1.00
2016.07.18 03:27:48.880,9.34893,9.35357,1.00,1.00
2016.07.18 03:27:49.171,9.34904,9.35356,1.00,1.00
2016.07.18 03:28:01.010,9.34904,9.35366,1.00,1.00
2016.07.18 03:28:02.143,9.34894,9.35366,1.00,1.00
2016.07.18 03:28:02.397,9.34884,9.35366,1.00,1.00
2016.07.18 03:28:02.598,9.34884,9.35356,1.00,1.00
2016.07.18 03:28:03.621,9.34894,9.35346,1.00,1.00
2016.07.18 03:28:06.907,9.34894,9.35336,1.00,1.00
2016.07.18 03:28:07.329,9.34904,9.35346,1.00,1.00
2016.07.18 03:28:08.322,9.34904,9.35356,1.00,1.00
2016.07.18 03:28:11.315,9.34904,9.35346,1.00,1.00
2016.07.18 03:28:19.041,9.34904,9.35356,1.00,1.00
2016.07.18 03:28:19.644,9.34914,9.35366,1.00,1.00
2016.07.18 03:28:19.746,9.34914,9.35376,1.00,1.00
2016.07.18 03:28:19.847,9.34924,9.35376,1.00,1.00
2016.07.18 03:28:20.050,9.34924,9.35386,1.00,1.00
2016.07.18 03:28:20.769,9.34924,9.35386,1.00,1.60
2016.07.18 03:28:20.871,9.34914,9.35386,1.00,1.60
2016.07.18 03:28:21.700,9.34903,9.35377,1.00,1.60
2016.07.18 03:28:21.802,9.34903,9.35377,1.00,1.00
2016.07.18 03:28:21.904,9.34933,9.35385,1.00,1.00
2016.07.18 03:28:22.207,9.34924,9.35385,1.00,1.60
2016.07.18 03:28:25.279,9.34924,9.35385,1.00,1.00
2016.07.18 03:28:25.381,9.34934,9.35396,1.00,1.00
2016.07.18 03:28:25.684,9.34924,9.35396,1.00,1.00
2016.07.18 03:28:25.887,9.34933,9.35397,1.00,1.00
2016.07.18 03:28:27.866,9.34933,9.35387,1.00,1.00
2016.07.18 03:28:33.332,9.34934,9.35392,1.00,1.00
2016.07.18 03:28:33.434,9.34924,9.35392,1.00,1.00
2016.07.18 03:28:33.898,9.34934,9.35392,1.00,1.00
2016.07.18 03:28:34.284,9.34934,9.35392,1.00,1.60
2016.07.18 03:28:34.620,9.34934,9.35396,1.00,1.60
2016.07.18 03:28:35.279,9.34934,9.35396,1.00,1.00
2016.07.18 03:28:40.581,9.34934,9.35392,1.00,1.00
2016.07.18 03:28:40.632,9.34924,9.35386,1.00,1.00
2016.07.18 03:28:40.851,9.34924,9.35361,1.00,1.00
2016.07.18 03:28:40.953,9.34894,9.35361,1.00,1.00
2016.07.18 03:28:41.072,9.34894,9.35386,1.00,1.00
2016.07.18 03:28:41.123,9.34914,9.35386,1.00,1.00
2016.07.18 03:28:41.910,9.34884,9.35376,1.00,1.00
2016.07.18 03:28:42.062,9.34884,9.35362,1.00,1.00
2016.07.18 03:28:42.367,9.34884,9.35376,1.00,1.00
2016.07.18 03:28:42.418,9.34903,9.35377,1.00,1.00
2016.07.18 03:28:42.620,9.34894,9.35376,1.00,1.00
2016.07.18 03:28:43.130,9.34854,9.35366,1.00,1.00
2016.07.18 03:28:43.283,9.34854,9.35366,1.00,1.60
2016.07.18 03:28:43.455,9.34834,9.35356,1.00,1.60
2016.07.18 03:28:43.637,9.34844,9.35346,1.00,1.00
2016.07.18 03:28:44.624,9.34844,9.35336,1.00,1.00
2016.07.18 03:28:45.628,9.34844,9.35326,1.00,1.00
2016.07.18 03:28:47.419,9.34844,9.35316,1.00,1.00
2016.07.18 03:28:49.322,9.34854,9.35316,1.00,1.00
2016.07.18 03:28:49.423,9.34844,9.35316,1.00,1.00
2016.07.18 03:28:54.131,9.34854,9.35306,1.00,1.00
2016.07.18 03:29:03.869,9.34864,9.35316,1.00,1.00
2016.07.18 03:29:04.173,9.34844,9.35316,1.00,1.00
2016.07.18 03:29:04.375,9.34854,9.35316,1.00,1.00
2016.07.18 03:29:06.361,9.34854,9.35306,1.00,1.00
2016.07.18 03:29:14.194,9.34844,9.35306,1.00,1.00
2016.07.18 03:29:15.176,9.34843,9.35297,1.00,1.00
2016.07.18 03:29:19.210,9.34844,9.35286,1.00,1.00
2016.07.18 03:29:24.922,9.34824,9.35286,1.00,1.00
2016.07.18 03:29:25.127,9.34843,9.35287,1.00,1.00
2016.07.18 03:29:29.532,9.34833,9.35287,1.00,1.00
2016.07.18 03:29:29.634,9.34814,9.35286,1.00,1.00
2016.07.18 03:29:30.412,9.34814,9.35276,1.00,1.00
2016.07.18 03:29:31.420,9.34814,9.35266,1.00,1.00
2016.07.18 03:29:32.447,9.34813,9.35257,1.00,1.00
2016.07.18 03:29:33.161,9.34834,9.35266,1.00,1.00
2016.07.18 03:29:33.439,9.34834,9.35276,1.00,1.00
2016.07.18 03:29:33.940,9.34854,9.35286,1.00,1.00
2016.07.18 03:29:35.680,9.34834,9.35286,1.00,1.00
2016.07.18 03:29:35.832,9.34844,9.35286,1.00,1.00
2016.07.18 03:29:36.112,9.34834,9.35286,1.50,1.00
2016.07.18 03:29:37.119,9.34824,9.35286,1.00,1.00
2016.07.18 03:29:37.209,9.34814,9.35276,1.50,1.00
2016.07.18 03:29:37.365,9.34794,9.35267,1.00,1.00
2016.07.18 03:29:37.668,9.34774,9.35266,1.00,1.00
2016.07.18 03:29:38.169,9.34784,9.35256,1.00,1.00
2016.07.18 03:29:39.154,9.34783,9.35247,1.00,1.00
2016.07.18 03:29:39.881,9.34794,9.35236,1.00,1.00
2016.07.18 03:29:40.181,9.34784,9.35246,1.00,1.00
2016.07.18 03:29:42.748,9.34784,9.35236,1.00,1.00
2016.07.18 03:30:02.893,9.34804,9.35256,1.00,1.00
2016.07.18 03:30:03.167,9.34804,9.35266,1.00,1.00
2016.07.18 03:30:03.656,9.34803,9.35257,1.00,1.00
2016.07.18 03:30:04.359,9.34804,9.35266,1.00,1.00
2016.07.18 03:30:05.398,9.34804,9.35256,1.00,1.00
2016.07.18 03:30:05.715,9.34824,9.35276,1.00,1.00
2016.07.18 03:30:06.032,9.34834,9.35286,1.00,1.00
2016.07.18 03:30:06.375,9.34824,9.35286,1.00,1.00
2016.07.18 03:30:08.369,9.34824,9.35276,1.00,1.00
2016.07.18 03:30:14.078,9.34814,9.35266,1.00,1.00
2016.07.18 03:30:14.655,9.34824,9.35266,1.00,1.00
2016.07.18 03:30:15.916,9.34834,9.35286,1.00,1.00
2016.07.18 03:30:16.119,9.34824,9.35286,1.00,1.00
2016.07.18 03:30:17.083,9.34824,9.35276,1.00,1.00
2016.07.18 03:30:19.086,9.34824,9.35266,1.00,1.00
2016.07.18 03:30:23.692,9.34814,9.35266,1.00,1.00
2016.07.18 03:30:23.798,9.34824,9.35266,1.00,1.00
2016.07.18 03:30:27.424,9.34844,9.35286,1.00,1.00
2016.07.18 03:30:27.628,9.34834,9.35286,1.00,1.00
2016.07.18 03:30:28.413,9.34814,9.35276,1.00,1.00
2016.07.18 03:30:30.402,9.34813,9.35267,1.00,1.00
2016.07.18 03:30:30.950,9.34814,9.35266,1.00,1.00
2016.07.18 03:30:33.608,9.34814,9.35256,1.00,1.00
2016.07.18 03:30:37.134,9.34794,9.35256,1.00,1.00
2016.07.18 03:30:37.286,9.34794,9.35256,1.00,1.60
2016.07.18 03:30:37.438,9.34774,9.35256,1.00,1.60
2016.07.18 03:30:37.540,9.34774,9.35256,1.00,1.60
2016.07.18 03:30:37.622,9.34794,9.35246,1.00,1.60
2016.07.18 03:30:37.961,9.34784,9.35246,1.00,1.60
2016.07.18 03:30:38.323,9.34784,9.35246,1.00,1.60
2016.07.18 03:30:38.434,9.34764,9.35236,1.00,1.60
2016.07.18 03:30:38.536,9.34764,9.35236,1.00,1.60
2016.07.18 03:30:38.637,9.34744,9.35236,1.00,1.60
2016.07.18 03:30:38.935,9.34764,9.35236,1.00,1.60
2016.07.18 03:30:39.756,9.34764,9.35236,1.00,1.60
2016.07.18 03:30:47.076,9.34764,9.35216,1.00,1.60
2016.07.18 03:30:48.833,9.34764,9.35216,1.00,1.60
2016.07.18 03:30:49.061,9.34764,9.35216,1.00,1.00
2016.07.18 03:30:49.162,9.34784,9.35226,1.00,1.00
2016.07.18 03:30:49.364,9.34804,9.35256,1.00,1.00
2016.07.18 03:30:49.668,9.34794,9.35256,1.00,1.00
2016.07.18 03:30:50.134,9.34794,9.35246,1.00,1.00
2016.07.18 03:30:50.365,9.34774,9.35246,1.00,1.00
2016.07.18 03:30:50.673,9.34803,9.35257,1.00,1.00
2016.07.18 03:30:51.143,9.34814,9.35256,1.00,1.00
2016.07.18 03:30:51.367,9.34804,9.35256,1.00,1.00
2016.07.18 03:30:51.664,9.34774,9.35256,1.00,1.00
2016.07.18 03:30:52.170,9.34794,9.35246,1.00,1.00
2016.07.18 03:30:52.372,9.34784,9.35246,1.00,1.00
2016.07.18 03:30:53.340,9.34784,9.35236,1.00,1.00
2016.07.18 03:30:59.178,9.34774,9.35236,1.00,1.00
2016.07.18 03:30:59.372,9.34764,9.35236,1.00,1.00
2016.07.18 03:30:59.482,9.34774,9.35236,1.00,1.00
2016.07.18 03:30:59.850,9.34764,9.35226,1.00,1.00
2016.07.18 03:31:00.852,9.34764,9.35216,1.00,1.00
2016.07.18 03:31:02.388,9.34764,9.35206,1.00,1.00
2016.07.18 03:31:04.157,9.34764,9.35216,1.00,1.00
2016.07.18 03:31:05.158,9.34764,9.35206,1.00,1.00
2016.07.18 03:31:19.126,9.34774,9.35206,1.00,1.00
2016.07.18 03:31:33.606,9.34764,9.35206,1.00,1.00
2016.07.18 03:31:39.668,9.34784,9.35216,1.00,1.00
2016.07.18 03:31:40.628,9.34764,9.35216,1.00,1.00
2016.07.18 03:31:41.621,9.34764,9.35206,1.00,1.00
2016.07.18 03:31:51.238,9.34774,9.35206,1.00,1.00
2016.07.18 03:31:55.151,9.34784,9.35226,1.00,1.00
2016.07.18 03:31:55.364,9.34794,9.35236,1.00,1.00
2016.07.18 03:31:58.752,9.34784,9.35236,1.00,1.00
2016.07.18 03:31:58.952,9.34784,9.35226,1.00,1.00
2016.07.18 03:31:59.155,9.34774,9.35226,1.00,1.00
2016.07.18 03:31:59.360,9.34764,9.35226,1.00,1.00
2016.07.18 03:31:59.655,9.34774,9.35226,1.00,1.00
2016.07.18 03:32:00.100,9.34784,9.35226,1.00,1.00
2016.07.18 03:32:00.429,9.34784,9.35246,1.00,1.00
2016.07.18 03:32:00.661,9.34794,9.35236,1.00,1.00
2016.07.18 03:32:01.605,9.34813,9.35257,1.00,1.00
2016.07.18 03:32:01.706,9.34804,9.35256,1.00,1.00
2016.07.18 03:32:02.517,9.34814,9.35256,1.00,1.00
2016.07.18 03:32:03.218,9.34814,9.35266,1.00,1.00
2016.07.18 03:32:03.677,9.34824,9.35266,1.00,1.00
2016.07.18 03:32:05.677,9.34813,9.35267,1.00,1.00
2016.07.18 03:32:06.179,9.34804,9.35266,1.00,1.00
2016.07.18 03:32:06.382,9.34793,9.35257,1.00,1.00
2016.07.18 03:32:06.484,9.34784,9.35256,1.00,1.00
2016.07.18 03:32:06.585,9.34774,9.35256,1.00,1.00
2016.07.18 03:32:06.889,9.34794,9.35246,1.00,1.00
2016.07.18 03:32:07.685,9.34784,9.35246,1.00,1.00
2016.07.18 03:32:08.588,9.34784,9.35236,1.00,1.00
2016.07.18 03:32:09.618,9.34774,9.35236,1.00,1.00
2016.07.18 03:32:09.890,9.34774,9.35226,1.00,1.00
2016.07.18 03:32:10.614,9.34784,9.35226,1.00,1.00
2016.07.18 03:32:11.193,9.34774,9.35226,1.00,1.00
2016.07.18 03:32:11.519,9.34783,9.35227,1.00,1.00
2016.07.18 03:32:11.827,9.34774,9.35216,1.00,1.00
2016.07.18 03:32:11.929,9.34744,9.35216,1.00,1.00
2016.07.18 03:32:12.115,9.34744,9.35206,1.00,1.00
2016.07.18 03:32:12.423,9.34763,9.35207,1.00,1.00
2016.07.18 03:32:12.730,9.34784,9.35226,1.00,1.00
2016.07.18 03:32:12.933,9.34734,9.35226,1.00,1.60
2016.07.18 03:32:13.035,9.34734,9.35226,1.00,1.60
2016.07.18 03:32:13.098,9.34724,9.35226,1.00,1.60
2016.07.18 03:32:13.371,9.34724,9.35226,1.00,1.60
2016.07.18 03:32:13.422,9.34714,9.35216,1.00,1.35
2016.07.18 03:32:13.472,9.34714,9.35216,1.00,1.60
2016.07.18 03:32:13.826,9.34724,9.35206,1.00,1.00
2016.07.18 03:32:14.127,9.34724,9.35196,1.00,1.00
2016.07.18 03:32:14.902,9.34724,9.35186,1.00,1.00
2016.07.18 03:32:15.904,9.34724,9.35176,1.00,1.00
2016.07.18 03:32:17.307,9.34724,9.35166,1.00,1.00
2016.07.18 03:32:17.510,9.34714,9.35166,1.00,1.00
2016.07.18 03:32:18.911,9.34714,9.35156,1.00,1.00
2016.07.18 03:32:19.412,9.34703,9.35157,1.00,1.00
2016.07.18 03:32:20.413,9.34704,9.35146,1.00,1.00
2016.07.18 03:32:22.423,9.34714,9.35146,1.00,1.00
2016.07.18 03:32:23.418,9.34714,9.35136,1.00,1.00
2016.07.18 03:32:26.323,9.34704,9.35136,1.00,1.00
2016.07.18 03:32:30.833,9.34724,9.35146,1.00,1.00
2016.07.18 03:32:31.836,9.34714,9.35146,1.00,1.00
2016.07.18 03:32:31.937,9.34704,9.35146,1.00,1.00
2016.07.18 03:32:32.338,9.34694,9.35146,1.00,1.00
2016.07.18 03:32:32.838,9.34714,9.35146,1.00,1.00
2016.07.18 03:32:33.840,9.34714,9.35136,1.00,1.00
2016.07.18 03:32:35.843,9.34714,9.35146,1.00,1.00
2016.07.18 03:32:36.845,9.34714,9.35136,1.00,1.00
2016.07.18 03:32:49.675,9.34714,9.35146,1.00,1.00
2016.07.18 03:32:55.222,9.34703,9.35147,1.00,1.00
2016.07.18 03:32:58.090,9.34704,9.35136,1.00,1.00
2016.07.18 03:32:58.438,9.34724,9.35156,1.00,1.00
2016.07.18 03:32:58.588,9.34714,9.35156,1.00,1.00
2016.07.18 03:32:59.585,9.34714,9.35146,1.00,1.00
2016.07.18 03:33:02.833,9.34724,9.35166,1.00,1.00
2016.07.18 03:33:03.903,9.34734,9.35176,1.00,1.00
2016.07.18 03:33:04.263,9.34734,9.35166,1.00,1.00
2016.07.18 03:33:05.404,9.34734,9.35176,1.00,1.00
2016.07.18 03:33:06.434,9.34734,9.35166,1.00,1.00
2016.07.18 03:33:08.605,9.34734,9.35176,1.00,1.00
2016.07.18 03:33:11.011,9.34744,9.35186,1.00,1.00
2016.07.18 03:33:12.145,9.34734,9.35186,1.00,1.00
2016.07.18 03:33:13.116,9.34734,9.35176,1.00,1.00
2016.07.18 03:33:14.133,9.34744,9.35186,1.00,1.00
2016.07.18 03:33:14.436,9.34754,9.35196,1.00,1.00
2016.07.18 03:33:18.628,9.34753,9.35187,1.00,1.00
2016.07.18 03:33:20.155,9.34754,9.35206,1.00,1.00
2016.07.18 03:33:20.654,9.34724,9.35206,1.00,1.00
2016.07.18 03:33:21.153,9.34724,9.35196,1.00,1.00
2016.07.18 03:33:21.721,9.34724,9.35186,1.00,1.00
2016.07.18 03:33:22.336,9.34723,9.35177,1.00,1.00
2016.07.18 03:33:24.339,9.34724,9.35166,1.00,1.00
2016.07.18 03:33:26.788,9.34724,9.35176,1.00,1.00
2016.07.18 03:33:27.745,9.34724,9.35166,1.00,1.00
2016.07.18 03:33:35.285,9.34734,9.35166,1.00,1.00
2016.07.18 03:33:35.387,9.34724,9.35176,1.00,1.00
2016.07.18 03:33:36.807,9.34734,9.35166,1.00,1.00
2016.07.18 03:33:37.874,9.34734,9.35176,1.00,1.00
2016.07.18 03:33:40.714,9.34744,9.35186,1.00,1.00
2016.07.18 03:33:42.581,9.34743,9.35177,1.00,1.00
2016.07.18 03:33:42.882,9.34744,9.35186,1.00,1.00
2016.07.18 03:33:43.944,9.34754,9.35196,1.00,1.00
2016.07.18 03:33:44.096,9.34744,9.35196,1.00,1.00
2016.07.18 03:33:44.387,9.34754,9.35196,1.00,1.00
2016.07.18 03:33:45.113,9.34754,9.35206,1.00,1.00
2016.07.18 03:33:46.101,9.34754,9.35196,1.00,1.00
2016.07.18 03:33:47.092,9.34754,9.35206,1.00,1.00
2016.07.18 03:33:48.622,9.34764,9.35206,1.00,1.00
2016.07.18 03:33:49.595,9.34764,9.35196,1.00,1.00
2016.07.18 03:33:50.797,9.34754,9.35206,1.00,1.00
2016.07.18 03:33:51.415,9.34744,9.35196,1.00,1.00
2016.07.18 03:33:53.426,9.34743,9.35187,1.00,1.00
2016.07.18 03:33:54.128,9.34754,9.35196,1.00,1.00
2016.07.18 03:33:54.433,9.34764,9.35196,1.00,1.00
2016.07.18 03:33:55.913,9.34774,9.35216,1.00,1.00
2016.07.18 03:33:58.974,9.34794,9.35236,1.00,1.00
2016.07.18 03:33:59.466,9.34794,9.35246,1.00,1.00
2016.07.18 03:33:59.669,9.34794,9.35236,1.00,1.00
2016.07.18 03:34:00.645,9.34794,9.35246,1.00,1.00
2016.07.18 03:34:01.352,9.34784,9.35236,1.00,1.00
2016.07.18 03:34:03.340,9.34784,9.35226,1.00,1.00
2016.07.18 03:34:13.577,9.34784,9.35236,1.00,1.00
2016.07.18 03:34:28.528,9.34784,9.35226,1.00,1.00
2016.07.18 03:34:28.629,9.34774,9.35236,1.00,1.00
2016.07.18 03:34:29.490,9.34774,9.35226,1.00,1.00
2016.07.18 03:34:32.529,9.34774,9.35216,1.00,1.00
2016.07.18 03:34:32.630,9.34753,9.35217,1.00,1.00
2016.07.18 03:34:32.913,9.34734,9.35216,1.00,1.00
2016.07.18 03:34:33.023,9.34734,9.35216,1.00,1.60
2016.07.18 03:34:33.327,9.34744,9.35206,1.00,1.00
2016.07.18 03:34:33.681,9.34754,9.35206,1.00,1.00
2016.07.18 03:34:34.021,9.34754,9.35206,1.00,1.60
2016.07.18 03:34:34.123,9.34733,9.35207,1.00,1.60
2016.07.18 03:34:34.276,9.34733,9.35207,1.00,1.60
2016.07.18 03:34:34.429,9.34744,9.35196,1.00,1.00
2016.07.18 03:34:34.734,9.34754,9.35206,1.00,1.00
2016.07.18 03:34:35.291,9.34754,9.35206,1.00,1.60
2016.07.18 03:34:35.427,9.34734,9.35206,1.00,1.60
2016.07.18 03:34:35.536,9.34744,9.35196,1.00,1.60
2016.07.18 03:34:35.637,9.34734,9.35196,1.00,1.60
2016.07.18 03:34:36.059,9.34734,9.35196,1.00,1.60
2016.07.18 03:34:36.110,9.34754,9.35196,1.00,1.60
2016.07.18 03:34:36.761,9.34754,9.35196,1.00,1.00
2016.07.18 03:34:37.131,9.34764,9.35196,1.00,1.00
2016.07.18 03:34:37.434,9.34774,9.35206,1.00,1.00
2016.07.18 03:34:37.912,9.34784,9.35206,1.00,1.00
2016.07.18 03:34:38.143,9.34784,9.35216,1.00,1.00
2016.07.18 03:34:38.432,9.34794,9.35226,1.00,1.00
2016.07.18 03:34:38.755,9.34804,9.35236,1.00,1.00
2016.07.18 03:34:39.059,9.34814,9.35236,1.00,1.00
2016.07.18 03:34:39.160,9.34824,9.35256,1.00,1.00
2016.07.18 03:34:39.646,9.34824,9.35266,1.00,1.35
2016.07.18 03:34:40.647,9.34823,9.35257,1.00,1.00
2016.07.18 03:34:44.618,9.34823,9.35247,1.00,1.00
2016.07.18 03:34:51.948,9.34824,9.35256,1.00,1.00
2016.07.18 03:34:52.662,9.34843,9.35277,1.00,1.00
2016.07.18 03:34:52.865,9.34854,9.35286,1.00,1.00
2016.07.18 03:34:53.168,9.34874,9.35286,1.00,1.00
2016.07.18 03:34:53.320,9.34854,9.35286,1.50,1.00
2016.07.18 03:34:53.624,9.34873,9.35286,1.00,1.00
2016.07.18 03:34:53.675,9.34884,9.35316,1.00,1.00
2016.07.18 03:34:54.122,9.34884,9.35316,1.57,1.00
2016.07.18 03:34:54.623,9.34874,9.35317,1.07,1.00
2016.07.18 03:34:54.674,9.34874,9.35317,1.00,1.00
2016.07.18 03:34:54.826,9.34864,9.35317,1.00,1.00
2016.07.18 03:34:54.876,9.34864,9.35306,1.50,1.00
2016.07.18 03:34:55.180,9.34874,9.35316,1.00,1.00
2016.07.18 03:34:55.684,9.34864,9.35316,1.00,1.00
2016.07.18 03:34:55.836,9.34844,9.35306,1.00,1.00
2016.07.18 03:34:56.161,9.34834,9.35306,1.07,1.00
2016.07.18 03:34:56.407,9.34844,9.35306,1.00,1.00
2016.07.18 03:34:56.723,9.34854,9.35306,1.00,1.00
2016.07.18 03:34:57.185,9.34844,9.35306,1.00,1.00
2016.07.18 03:34:58.138,9.34844,9.35296,1.00,1.00
2016.07.18 03:34:58.353,9.34853,9.35307,1.00,1.00
2016.07.18 03:35:00.181,9.34854,9.35316,1.00,1.00
2016.07.18 03:35:00.384,9.34864,9.35316,1.00,1.00
2016.07.18 03:35:00.664,9.34854,9.35316,1.00,1.00
2016.07.18 03:35:01.651,9.34864,9.35316,1.00,1.00
2016.07.18 03:35:01.861,9.34854,9.35316,1.00,1.00
2016.07.18 03:35:02.659,9.34864,9.35306,1.00,1.00
2016.07.18 03:35:02.948,9.34863,9.35317,1.00,1.00
2016.07.18 03:35:04.350,9.34864,9.35306,1.00,1.00
2016.07.18 03:35:06.162,9.34854,9.35316,1.00,1.00
2016.07.18 03:35:06.494,9.34864,9.35316,1.00,1.00
2016.07.18 03:35:07.455,9.34864,9.35306,1.00,1.00
2016.07.18 03:35:08.958,9.34864,9.35316,1.00,1.00
2016.07.18 03:35:09.059,9.34873,9.35317,1.00,1.00
2016.07.18 03:35:18.797,9.34864,9.35316,1.00,1.00
2016.07.18 03:35:25.087,9.34873,9.35327,1.00,1.00
2016.07.18 03:35:25.588,9.34864,9.35326,1.00,1.00
2016.07.18 03:35:26.589,9.34854,9.35316,1.00,1.00
2016.07.18 03:35:27.134,9.34864,9.35316,1.00,1.00
2016.07.18 03:35:56.248,9.34874,9.35316,1.00,1.00
2016.07.18 03:35:56.347,9.34864,9.35316,1.00,1.00
2016.07.18 03:36:00.846,9.34883,9.35316,1.00,1.00
2016.07.18 03:36:32.798,9.34864,9.35306,1.00,1.00
2016.07.18 03:36:32.863,9.34854,9.35306,1.00,1.00
2016.07.18 03:36:33.321,9.34884,9.35306,1.00,1.00
2016.07.18 03:36:33.823,9.34874,9.35306,1.00,1.00
2016.07.18 03:36:34.321,9.34884,9.35306,1.00,1.00
2016.07.18 03:36:34.574,9.34874,9.35306,1.00,1.00
2016.07.18 03:36:34.821,9.34884,9.35306,1.00,1.00
2016.07.18 03:36:35.672,9.34884,9.35316,1.00,1.00
2016.07.18 03:37:03.023,9.34894,9.35316,1.00,1.00
2016.07.18 03:37:03.523,9.34904,9.35316,1.00,1.00
2016.07.18 03:37:03.686,9.34904,9.35336,1.00,1.00
2016.07.18 03:37:04.061,9.34893,9.35336,1.00,1.00
2016.07.18 03:37:04.364,9.34893,9.35326,1.00,1.00
2016.07.18 03:37:04.868,9.34874,9.35326,1.00,1.00
2016.07.18 03:37:05.371,9.34894,9.35326,1.00,1.00
2016.07.18 03:37:07.354,9.34894,9.35316,1.00,1.00
2016.07.18 03:37:10.571,9.34904,9.35316,1.00,1.00
2016.07.18 03:37:10.672,9.34904,9.35326,1.00,1.00
2016.07.18 03:37:10.831,9.34894,9.35326,1.00,1.00
2016.07.18 03:37:14.777,9.34894,9.35336,1.00,1.00
2016.07.18 03:37:14.878,9.34884,9.35337,1.00,1.00
2016.07.18 03:37:15.335,9.34904,9.35337,1.00,1.00
2016.07.18 03:37:15.901,9.34904,9.35336,1.00,1.00
2016.07.18 03:37:18.380,9.34904,9.35326,1.00,1.00
2016.07.18 03:37:46.580,9.34914,9.35326,1.00,1.00
2016.07.18 03:37:46.681,9.34914,9.35336,1.00,1.00
2016.07.18 03:37:46.765,9.34894,9.35336,1.00,1.00
2016.07.18 03:37:46.866,9.34894,9.35346,1.00,1.00
2016.07.18 03:37:47.148,9.34884,9.35346,1.00,1.00
2016.07.18 03:37:47.766,9.34893,9.35346,1.00,1.00
2016.07.18 03:37:48.080,9.34903,9.35336,1.00,1.00
2016.07.18 03:37:50.662,9.34903,9.35326,1.00,1.00
2016.07.18 03:38:02.913,9.34903,9.35336,1.00,1.00
2016.07.18 03:38:03.121,9.34884,9.35336,1.50,1.00
2016.07.18 03:38:03.438,9.34864,9.35336,1.50,1.00
2016.07.18 03:38:03.608,9.34844,9.35336,1.50,1.00
2016.07.18 03:38:03.810,9.34864,9.35336,1.00,1.00
2016.07.18 03:38:04.124,9.34854,9.35326,1.50,1.00
2016.07.18 03:38:04.428,9.34874,9.35316,1.00,1.00
2016.07.18 03:38:04.775,9.34884,9.35326,1.00,1.00
2016.07.18 03:38:05.120,9.34864,9.35326,1.00,1.00
2016.07.18 03:38:05.478,9.34864,9.35316,1.00,1.00
2016.07.18 03:38:05.630,9.34854,9.35316,1.00,1.00
2016.07.18 03:38:05.782,9.34844,9.35316,1.00,1.00
2016.07.18 03:38:05.934,9.34854,9.35316,1.00,1.00
2016.07.18 03:38:06.237,9.34874,9.35316,1.00,1.00
2016.07.18 03:38:06.620,9.34864,9.35316,1.00,1.00
2016.07.18 03:38:06.931,9.34854,9.35316,1.00,1.00
2016.07.18 03:38:07.032,9.34853,9.35307,1.00,1.00
2016.07.18 03:38:07.336,9.34874,9.35306,1.00,1.00
2016.07.18 03:38:07.595,9.34854,9.35306,1.50,1.00
2016.07.18 03:38:07.788,9.34864,9.35306,1.00,1.00
2016.07.18 03:38:08.908,9.34864,9.35296,1.00,1.00
2016.07.18 03:38:10.559,9.34864,9.35306,1.00,1.00
2016.07.18 03:38:11.515,9.34864,9.35296,1.00,1.00
2016.07.18 03:38:13.519,9.34864,9.35306,1.00,1.00
2016.07.18 03:38:15.522,9.34864,9.35296,1.00,1.00
2016.07.18 03:38:19.241,9.34884,9.35306,1.00,1.00
2016.07.18 03:38:19.825,9.34874,9.35306,1.00,1.00
2016.07.18 03:38:20.326,9.34884,9.35306,1.00,1.00
2016.07.18 03:38:22.879,9.34884,9.35316,1.00,1.00
2016.07.18 03:38:23.133,9.34864,9.35316,1.00,1.00
2016.07.18 03:38:23.379,9.34824,9.35317,1.00,1.00
2016.07.18 03:38:23.879,9.34824,9.35296,1.00,1.00
2016.07.18 03:38:24.184,9.34824,9.35286,1.50,1.00
2016.07.18 03:38:24.501,9.34844,9.35286,1.00,1.00
2016.07.18 03:38:24.654,9.34864,9.35316,1.00,1.00
2016.07.18 03:38:24.868,9.34864,9.35306,1.00,1.00
2016.07.18 03:38:25.172,9.34864,9.35316,1.00,1.00
2016.07.18 03:38:25.374,9.34874,9.35316,1.00,1.00
2016.07.18 03:38:25.678,9.34844,9.35316,1.00,1.00
2016.07.18 03:38:26.319,9.34854,9.35316,1.00,1.00
2016.07.18 03:38:26.624,9.34863,9.35306,1.00,1.00
2016.07.18 03:38:26.928,9.34873,9.35306,1.00,1.00
2016.07.18 03:38:28.859,9.34873,9.35296,1.00,1.00
2016.07.18 03:38:29.860,9.34873,9.35306,1.00,1.00
2016.07.18 03:38:38.879,9.34873,9.35296,1.00,1.00
2016.07.18 03:38:39.228,9.34884,9.35307,1.00,1.00
2016.07.18 03:38:39.329,9.34864,9.35307,1.00,1.00
2016.07.18 03:38:39.879,9.34863,9.35307,1.00,1.00
2016.07.18 03:38:39.981,9.34874,9.35306,1.00,1.00
2016.07.18 03:38:40.183,9.34864,9.35306,1.50,1.00
2016.07.18 03:38:40.386,9.34854,9.35306,1.50,1.00
2016.07.18 03:38:40.708,9.34864,9.35306,1.00,1.00
2016.07.18 03:38:41.012,9.34854,9.35316,1.00,1.00
2016.07.18 03:38:41.215,9.34854,9.35306,1.00,1.00
2016.07.18 03:38:41.417,9.34834,9.35306,1.00,1.00
2016.07.18 03:38:41.620,9.34824,9.35306,1.00,1.00
2016.07.18 03:38:41.923,9.34814,9.35296,1.00,1.00
2016.07.18 03:38:42.258,9.34814,9.35286,1.00,1.00
2016.07.18 03:38:42.561,9.34844,9.35286,1.00,1.00
2016.07.18 03:38:42.929,9.34834,9.35286,1.00,1.00
2016.07.18 03:38:43.119,9.34814,9.35276,1.00,1.00
2016.07.18 03:38:43.625,9.34804,9.35276,1.00,1.00
2016.07.18 03:38:43.923,9.34823,9.35267,1.00,1.00
2016.07.18 03:38:44.569,9.34834,9.35267,1.00,1.00
2016.07.18 03:38:44.873,9.34844,9.35276,1.00,1.00
2016.07.18 03:38:44.924,9.34814,9.35276,1.00,1.00
2016.07.18 03:38:45.127,9.34824,9.35276,1.00,1.00
2016.07.18 03:38:45.430,9.34795,9.35276,1.07,1.00
2016.07.18 03:38:45.633,9.34794,9.35266,1.07,1.00
2016.07.18 03:38:45.684,9.34794,9.35266,1.00,1.00
2016.07.18 03:38:45.937,9.34824,9.35276,1.00,1.00
2016.07.18 03:38:46.090,9.34814,9.35276,1.00,1.00
2016.07.18 03:38:46.624,9.34793,9.35267,1.00,1.00
2016.07.18 03:38:46.927,9.34814,9.35266,1.00,1.00
2016.07.18 03:38:47.427,9.34824,9.35276,1.00,1.00
2016.07.18 03:38:47.730,9.34834,9.35276,1.00,1.00
2016.07.18 03:38:47.933,9.34824,9.35286,1.00,1.00
2016.07.18 03:38:48.101,9.34834,9.35286,1.00,1.00
2016.07.18 03:38:50.141,9.34834,9.35276,1.00,1.00
2016.07.18 03:38:50.446,9.34834,9.35286,1.00,1.00
2016.07.18 03:38:52.397,9.34844,9.35296,1.00,1.00
2016.07.18 03:38:57.450,9.34834,9.35296,1.00,1.00
2016.07.18 03:38:57.918,9.34834,9.35286,1.00,1.00
2016.07.18 03:38:58.419,9.34854,9.35296,1.00,1.00
2016.07.18 03:38:59.129,9.34844,9.35296,1.00,1.00
2016.07.18 03:38:59.920,9.34854,9.35296,1.00,1.00
2016.07.18 03:39:00.429,9.34844,9.35296,1.00,1.00
2016.07.18 03:39:00.641,9.34824,9.35296,1.07,1.00
2016.07.18 03:39:00.843,9.34824,9.35296,1.50,1.00
2016.07.18 03:39:00.944,9.34824,9.35286,1.00,1.00
2016.07.18 03:39:01.046,9.34814,9.35286,1.00,1.00
2016.07.18 03:39:01.148,9.34834,9.35286,1.00,1.00
2016.07.18 03:39:01.452,9.34854,9.35286,1.00,1.00
2016.07.18 03:39:01.657,9.34854,9.35296,1.00,1.00
2016.07.18 03:39:01.929,9.34833,9.35287,1.00,1.00
2016.07.18 03:39:02.132,9.34824,9.35286,1.00,1.00
2016.07.18 03:39:02.436,9.34814,9.35287,1.00,1.00
2016.07.18 03:39:02.639,9.34834,9.35276,1.00,1.00
2016.07.18 03:39:02.943,9.34854,9.35286,1.00,1.00
2016.07.18 03:39:03.443,9.34834,9.35286,1.00,1.00
2016.07.18 03:39:03.672,9.34824,9.35286,1.00,1.00
2016.07.18 03:39:03.865,9.34834,9.35286,1.00,1.00
2016.07.18 03:39:04.169,9.34834,9.35276,1.00,1.00
2016.07.18 03:39:04.473,9.34844,9.35286,1.00,1.00
2016.07.18 03:39:04.945,9.34834,9.35286,1.00,1.00
2016.07.18 03:39:05.148,9.34814,9.35286,1.00,1.00
2016.07.18 03:39:05.350,9.34834,9.35286,1.00,1.00
2016.07.18 03:39:05.614,9.34823,9.35277,1.00,1.00
2016.07.18 03:39:05.665,9.34834,9.35276,1.00,1.00
2016.07.18 03:39:05.969,9.34844,9.35286,1.00,1.00
2016.07.18 03:39:06.305,9.34854,9.35296,1.00,1.00
2016.07.18 03:39:06.457,9.34844,9.35296,1.00,1.00
2016.07.18 03:39:06.660,9.34824,9.35296,1.00,1.00
2016.07.18 03:39:06.863,9.34844,9.35286,1.00,1.00
2016.07.18 03:39:07.074,9.34834,9.35286,1.00,1.00
2016.07.18 03:39:07.175,9.34844,9.35286,1.00,1.00
2016.07.18 03:39:07.480,9.34854,9.35296,1.00,1.00
2016.07.18 03:39:07.848,9.34844,9.35296,1.00,1.00
2016.07.18 03:39:08.378,9.34824,9.35286,1.00,1.00
2016.07.18 03:39:08.581,9.34814,9.35286,1.00,1.00
2016.07.18 03:39:08.718,9.34834,9.35286,1.00,1.00
2016.07.18 03:39:09.022,9.34854,9.35296,1.00,1.00
2016.07.18 03:39:09.337,9.34844,9.35296,1.00,1.00
2016.07.18 03:39:09.869,9.34854,9.35296,1.00,1.00
2016.07.18 03:39:10.381,9.34834,9.35296,1.00,1.00
2016.07.18 03:39:10.839,9.34824,9.35286,1.10,1.00
2016.07.18 03:39:11.194,9.34814,9.35286,1.00,1.00
2016.07.18 03:39:11.346,9.34824,9.35276,1.00,1.00
2016.07.18 03:39:11.649,9.34844,9.35286,1.00,1.00
2016.07.18 03:39:12.141,9.34823,9.35287,1.00,1.00
2016.07.18 03:39:12.357,9.34843,9.35287,1.00,1.00
2016.07.18 03:39:12.711,9.34833,9.35287,1.00,1.00
2016.07.18 03:39:13.260,9.34834,9.35286,1.00,1.00
2016.07.18 03:39:14.888,9.34844,9.35286,1.00,1.00
2016.07.18 03:39:15.368,9.34854,9.35296,1.00,1.00
2016.07.18 03:39:19.659,9.34854,9.35306,1.00,1.00
2016.07.18 03:39:25.194,9.34854,9.35296,1.00,1.00
2016.07.18 03:39:25.245,9.34844,9.35296,1.00,1.00
2016.07.18 03:39:25.296,9.34834,9.35296,1.50,1.00
2016.07.18 03:39:25.397,9.34844,9.35296,1.00,1.00
2016.07.18 03:39:25.712,9.34834,9.35296,1.00,1.00
2016.07.18 03:39:25.916,9.34804,9.35297,1.00,1.00
2016.07.18 03:39:26.068,9.34793,9.35297,1.00,1.60
2016.07.18 03:39:26.221,9.34764,9.35286,1.00,1.60
2016.07.18 03:39:26.272,9.34764,9.35286,1.00,1.60
2016.07.18 03:39:26.580,9.34804,9.35266,1.00,1.60
2016.07.18 03:39:26.878,9.34784,9.35266,1.00,1.60
2016.07.18 03:39:27.030,9.34784,9.35266,1.00,1.60
2016.07.18 03:39:27.194,9.34764,9.35256,1.00,1.35
2016.07.18 03:39:27.301,9.34764,9.35256,1.00,1.60
2016.07.18 03:39:27.554,9.34764,9.35246,1.00,1.60
2016.07.18 03:39:27.770,9.34764,9.35246,1.00,1.60
2016.07.18 03:39:27.879,9.34804,9.35236,1.00,1.00
2016.07.18 03:39:28.379,9.34793,9.35237,1.00,1.00
2016.07.18 03:39:28.582,9.34803,9.35237,1.00,1.00
2016.07.18 03:39:28.930,9.34793,9.35237,1.00,1.00
2016.07.18 03:39:29.082,9.34774,9.35236,1.00,1.00
2016.07.18 03:39:29.398,9.34754,9.35226,1.00,1.00
2016.07.18 03:39:29.550,9.34754,9.35226,1.00,1.60
2016.07.18 03:39:29.858,9.34764,9.35226,1.00,1.60
2016.07.18 03:39:30.060,9.34774,9.35226,1.00,1.00
2016.07.18 03:39:30.410,9.34784,9.35226,1.00,1.00
2016.07.18 03:39:30.616,9.34764,9.35226,1.00,1.00
2016.07.18 03:39:30.899,9.34774,9.35216,1.00,1.00
2016.07.18 03:39:31.233,9.34783,9.35217,1.00,1.00
2016.07.18 03:39:31.537,9.34804,9.35236,1.00,1.00
2016.07.18 03:39:31.868,9.34794,9.35226,1.00,1.00
2016.07.18 03:39:32.121,9.34774,9.35236,1.00,1.00
2016.07.18 03:39:32.273,9.34774,9.35236,1.00,1.60
2016.07.18 03:39:32.384,9.34774,9.35236,1.00,1.60
2016.07.18 03:39:32.435,9.34764,9.35236,1.00,1.60
2016.07.18 03:39:32.553,9.34764,9.35236,1.00,1.35
2016.07.18 03:39:32.604,9.34783,9.35227,1.00,1.00
2016.07.18 03:39:32.917,9.34794,9.35226,1.00,1.00
2016.07.18 03:39:33.106,9.34794,9.35236,1.00,1.00
2016.07.18 03:39:33.418,9.34804,9.35236,1.00,1.00
2016.07.18 03:39:33.635,9.34794,9.35236,1.00,1.00
2016.07.18 03:39:33.939,9.34794,9.35226,1.00,1.00
2016.07.18 03:39:34.091,9.34754,9.35226,1.00,1.00
2016.07.18 03:39:34.303,9.34754,9.35226,1.00,1.60
2016.07.18 03:39:34.607,9.34814,9.35256,1.00,1.00
2016.07.18 03:39:35.160,9.34824,9.35276,1.00,1.00
2016.07.18 03:39:35.415,9.34794,9.35276,1.00,1.00
2016.07.18 03:39:35.618,9.34784,9.35266,1.00,1.00
2016.07.18 03:39:35.947,9.34804,9.35266,1.00,1.00
2016.07.18 03:39:36.895,9.34793,9.35257,1.00,1.00
2016.07.18 03:39:37.896,9.34794,9.35246,1.00,1.00
2016.07.18 03:39:38.898,9.34794,9.35236,1.00,1.00
2016.07.18 03:39:50.922,9.34794,9.35226,1.00,1.00
2016.07.18 03:40:03.743,9.34784,9.35226,1.00,1.00
2016.07.18 03:40:06.171,9.34774,9.35226,1.00,1.00
2016.07.18 03:40:06.354,9.34784,9.35226,1.00,1.00
2016.07.18 03:40:07.170,9.34814,9.35246,1.00,1.00
2016.07.18 03:40:07.356,9.34824,9.35266,1.00,1.00
2016.07.18 03:40:07.660,9.34804,9.35266,1.00,1.00
2016.07.18 03:40:08.868,9.34794,9.35256,1.00,1.00
2016.07.18 03:40:09.362,9.34813,9.35257,1.00,1.00
2016.07.18 03:40:10.356,9.34813,9.35247,1.00,1.00
2016.07.18 03:40:12.177,9.34804,9.35246,1.00,1.00
2016.07.18 03:40:12.469,9.34794,9.35246,1.00,1.00
2016.07.18 03:40:13.464,9.34794,9.35236,1.00,1.00
2016.07.18 03:40:17.712,9.34804,9.35236,1.00,1.00
2016.07.18 03:40:17.971,9.34784,9.35236,1.00,1.00
2016.07.18 03:40:18.679,9.34774,9.35226,1.00,1.00
2016.07.18 03:40:18.982,9.34804,9.35246,1.00,1.00
2016.07.18 03:40:19.285,9.34814,9.35246,1.00,1.00
2016.07.18 03:40:19.680,9.34804,9.35246,1.00,1.00
2016.07.18 03:40:19.883,9.34784,9.35246,1.00,1.00
2016.07.18 03:40:20.156,9.34794,9.35246,1.00,1.00
2016.07.18 03:40:20.470,9.34814,9.35256,1.50,1.00
2016.07.18 03:40:20.679,9.34804,9.35256,1.50,1.00
2016.07.18 03:40:20.882,9.34804,9.35247,1.00,1.00
2016.07.18 03:40:23.883,9.34804,9.35236,1.50,1.00
2016.07.18 03:40:35.304,9.34804,9.35246,1.50,1.00
2016.07.18 03:40:37.644,9.34794,9.35246,1.00,1.00
2016.07.18 03:40:37.947,9.34774,9.35236,1.00,1.00
2016.07.18 03:40:38.162,9.34794,9.35236,1.00,1.00
2016.07.18 03:40:38.461,9.34784,9.35236,1.00,1.00
2016.07.18 03:40:38.613,9.34793,9.35237,1.00,1.00
2016.07.18 03:40:38.917,9.34814,9.35246,1.00,1.00
2016.07.18 03:40:39.415,9.34824,9.35256,1.00,1.00
2016.07.18 03:40:39.685,9.34794,9.35256,1.00,1.00
2016.07.18 03:40:39.938,9.34784,9.35256,1.00,1.00
2016.07.18 03:40:40.140,9.34794,9.35246,1.00,1.00
2016.07.18 03:40:40.467,9.34814,9.35256,1.00,1.00
2016.07.18 03:40:40.816,9.34824,9.35256,1.00,1.00
2016.07.18 03:40:40.968,9.34814,9.35256,1.00,1.00
2016.07.18 03:40:41.120,9.34794,9.35256,1.00,1.00
2016.07.18 03:40:41.424,9.34784,9.35256,1.50,1.00
2016.07.18 03:40:41.597,9.34814,9.35256,1.00,1.00
2016.07.18 03:40:41.918,9.34824,9.35256,1.00,1.00
2016.07.18 03:40:42.141,9.34794,9.35256,1.50,1.00
2016.07.18 03:40:42.319,9.34814,9.35256,1.00,1.00
2016.07.18 03:40:43.296,9.34814,9.35257,1.00,1.00
2016.07.18 03:40:43.645,9.34804,9.35246,1.00,1.00
2016.07.18 03:40:45.432,9.34804,9.35236,1.00,1.00
2016.07.18 03:40:52.820,9.34814,9.35236,1.00,1.00
2016.07.18 03:40:52.871,9.34814,9.35256,1.50,1.00
2016.07.18 03:40:53.175,9.34824,9.35256,1.00,1.00
2016.07.18 03:40:53.372,9.34804,9.35256,1.00,1.00
2016.07.18 03:40:53.688,9.34824,9.35256,1.00,1.00
2016.07.18 03:40:54.170,9.34814,9.35256,1.50,1.00
2016.07.18 03:40:54.324,9.34834,9.35256,1.00,1.00
2016.07.18 03:40:54.375,9.34834,9.35266,1.00,1.00
2016.07.18 03:40:55.372,9.34834,9.35276,1.00,1.00
2016.07.18 03:40:56.379,9.34834,9.35266,1.00,1.00
2016.07.18 03:40:58.084,9.34834,9.35276,1.00,1.00
2016.07.18 03:41:04.419,9.34824,9.35276,1.00,1.00
2016.07.18 03:41:04.521,9.34814,9.35276,1.00,1.00
2016.07.18 03:41:04.571,9.34814,9.35276,1.00,1.60
2016.07.18 03:41:04.623,9.34794,9.35276,1.00,1.60
2016.07.18 03:41:04.775,9.34794,9.35276,1.00,1.60
2016.07.18 03:41:05.100,9.34804,9.35266,1.00,1.60
2016.07.18 03:41:06.111,9.34804,9.35246,1.00,1.00
2016.07.18 03:41:08.138,9.34804,9.35236,1.00,1.00
2016.07.18 03:41:08.442,9.34824,9.35256,1.00,1.00
2016.07.18 03:41:08.658,9.34794,9.35256,1.00,1.00
2016.07.18 03:41:08.814,9.34794,9.35256,1.00,1.60
2016.07.18 03:41:08.966,9.34784,9.35246,1.00,1.60
2016.07.18 03:41:09.067,9.34784,9.35246,1.00,1.60
2016.07.18 03:41:09.118,9.34784,9.35246,1.00,1.60
2016.07.18 03:41:09.169,9.34794,9.35246,1.00,1.60
2016.07.18 03:41:09.271,9.34794,9.35246,1.00,1.00
2016.07.18 03:41:09.423,9.34784,9.35246,1.00,1.00
2016.07.18 03:41:09.625,9.34794,9.35236,1.00,1.00
2016.07.18 03:41:09.941,9.34784,9.35236,1.00,1.00
2016.07.18 03:41:10.159,9.34774,9.35236,1.00,1.00
2016.07.18 03:41:10.268,9.34774,9.35236,1.00,1.60
2016.07.18 03:41:10.507,9.34764,9.35236,1.00,1.60
2016.07.18 03:41:10.558,9.34764,9.35236,1.00,1.35
2016.07.18 03:41:10.660,9.34764,9.35226,1.00,1.00
2016.07.18 03:41:10.964,9.34794,9.35236,1.00,1.00
2016.07.18 03:41:11.429,9.34814,9.35246,1.00,1.00
2016.07.18 03:41:11.643,9.34794,9.35236,1.00,1.00
2016.07.18 03:41:11.947,9.34784,9.35236,1.00,1.00
2016.07.18 03:41:12.128,9.34774,9.35236,1.00,1.00
2016.07.18 03:41:12.280,9.34774,9.35236,1.00,1.60
2016.07.18 03:41:12.432,9.34763,9.35237,1.00,1.60
2016.07.18 03:41:12.533,9.34763,9.35237,1.00,1.35
2016.07.18 03:41:12.707,9.34764,9.35226,1.00,1.00
2016.07.18 03:41:13.010,9.34783,9.35227,1.00,1.00
2016.07.18 03:41:13.328,9.34794,9.35236,1.00,1.00
2016.07.18 03:41:13.631,9.34783,9.35237,1.00,1.00
2016.07.18 03:41:13.834,9.34784,9.35226,1.00,1.00
2016.07.18 03:41:14.132,9.34774,9.35226,1.00,1.00
2016.07.18 03:41:14.335,9.34764,9.35226,1.00,1.00
2016.07.18 03:41:14.648,9.34784,9.35226,1.00,1.00
2016.07.18 03:41:14.952,9.34774,9.35216,1.00,1.00
2016.07.18 03:41:15.276,9.34794,9.35226,1.00,1.00
2016.07.18 03:41:15.377,9.34784,9.35226,1.00,1.00
2016.07.18 03:41:15.637,9.34774,9.35226,1.00,1.00
2016.07.18 03:41:15.851,9.34784,9.35226,1.00,1.00
2016.07.18 03:41:16.371,9.34784,9.35216,1.00,1.00
2016.07.18 03:41:16.677,9.34794,9.35226,1.00,1.00
2016.07.18 03:41:16.980,9.34784,9.35216,1.00,1.00
2016.07.18 03:41:17.183,9.34764,9.35216,1.00,1.00
2016.07.18 03:41:17.418,9.34774,9.35216,1.00,1.00
2016.07.18 03:41:17.878,9.34794,9.35226,1.00,1.00
2016.07.18 03:41:18.384,9.34804,9.35236,1.00,1.00
2016.07.18 03:41:18.652,9.34794,9.35236,1.00,1.00
2016.07.18 03:41:18.855,9.34784,9.35236,1.00,1.00
2016.07.18 03:41:19.277,9.34784,9.35236,1.00,1.60
2016.07.18 03:41:19.378,9.34764,9.35236,1.00,1.60
2016.07.18 03:41:19.547,9.34764,9.35236,1.00,1.00
2016.07.18 03:41:19.649,9.34754,9.35226,1.00,1.00
2016.07.18 03:41:19.954,9.34774,9.35216,1.00,1.00
2016.07.18 03:41:20.886,9.34784,9.35216,1.00,1.00
2016.07.18 03:41:21.190,9.34784,9.35226,1.00,1.00
2016.07.18 03:41:21.392,9.34774,9.35216,1.00,1.00
2016.07.18 03:41:21.707,9.34793,9.35227,1.00,1.00
2016.07.18 03:41:22.018,9.34804,9.35226,1.00,1.00
2016.07.18 03:41:22.189,9.34804,9.35236,1.00,1.00
2016.07.18 03:41:22.392,9.34814,9.35246,1.00,1.00
2016.07.18 03:41:22.691,9.34804,9.35246,1.00,1.00
2016.07.18 03:41:22.893,9.34794,9.35246,1.50,1.00
2016.07.18 03:41:23.045,9.34814,9.35246,1.00,1.00
2016.07.18 03:41:23.361,9.34824,9.35256,1.00,1.00
2016.07.18 03:41:23.542,9.34814,9.35256,1.00,1.00
2016.07.18 03:41:23.694,9.34804,9.35256,1.50,1.00
2016.07.18 03:41:24.044,9.34824,9.35256,1.00,1.00
2016.07.18 03:41:24.539,9.34834,9.35256,1.00,1.00
2016.07.18 03:41:24.708,9.34834,9.35266,1.00,1.00
2016.07.18 03:41:24.860,9.34843,9.35276,1.00,1.00
2016.07.18 03:41:25.062,9.34834,9.35276,1.00,1.00
2016.07.18 03:41:25.197,9.34824,9.35276,1.00,1.00
2016.07.18 03:41:25.348,9.34834,9.35276,1.00,1.00
2016.07.18 03:41:25.540,9.34824,9.35276,1.00,1.00
2016.07.18 03:41:25.662,9.34814,9.35276,1.50,1.00
2016.07.18 03:41:25.840,9.34834,9.35276,1.00,1.00
2016.07.18 03:41:26.267,9.34834,9.35266,1.00,1.00
2016.07.18 03:41:26.341,9.34824,9.35266,1.50,1.00
2016.07.18 03:41:26.392,9.34824,9.35276,1.00,1.00
2016.07.18 03:41:27.363,9.34824,9.35267,1.00,1.00
2016.07.18 03:41:29.368,9.34824,9.35256,1.00,1.00
2016.07.18 03:41:29.544,9.34814,9.35256,1.50,1.00
2016.07.18 03:41:31.175,9.34804,9.35246,1.00,1.00
2016.07.18 03:41:34.551,9.34824,9.35246,1.00,1.00
2016.07.18 03:41:34.601,9.34824,9.35256,1.00,1.00
2016.07.18 03:41:34.855,9.34814,9.35256,1.00,1.00
2016.07.18 03:41:35.109,9.34804,9.35256,1.00,1.00
2016.07.18 03:41:35.926,9.34804,9.35246,1.00,1.00
2016.07.18 03:41:36.353,9.34824,9.35246,1.00,1.00
2016.07.18 03:41:36.404,9.34824,9.35256,1.00,1.00
2016.07.18 03:41:36.853,9.34834,9.35256,1.00,1.00
2016.07.18 03:41:36.904,9.34834,9.35276,1.50,1.00
2016.07.18 03:41:37.428,9.34824,9.35276,1.00,1.00
2016.07.18 03:41:37.624,9.34834,9.35276,1.50,1.00
2016.07.18 03:41:37.929,9.34824,9.35276,1.00,1.00
2016.07.18 03:41:39.195,9.34824,9.35266,1.50,1.00
2016.07.18 03:41:48.864,9.34834,9.35266,1.00,1.00
2016.07.18 03:41:49.361,9.34834,9.35276,1.50,1.00
2016.07.18 03:41:57.124,9.34834,9.35266,1.00,1.00
2016.07.18 03:42:07.138,9.34834,9.35276,1.00,1.00
2016.07.18 03:42:08.140,9.34834,9.35267,1.00,1.00
2016.07.18 03:42:15.785,9.34834,9.35277,1.00,1.00
2016.07.18 03:42:16.803,9.34834,9.35276,1.00,1.00
2016.07.18 03:42:18.857,9.34834,9.35266,1.00,1.00
2016.07.18 03:42:20.259,9.34834,9.35276,1.50,1.00
2016.07.18 03:42:27.347,9.34844,9.35276,1.00,1.00
2016.07.18 03:42:27.397,9.34844,9.35286,1.00,1.00
2016.07.18 03:42:38.063,9.34834,9.35286,1.00,1.00
2016.07.18 03:42:38.113,9.34844,9.35286,1.00,1.00
2016.07.18 03:42:38.443,9.34854,9.35286,1.00,1.00
2016.07.18 03:42:38.595,9.34844,9.35286,1.00,1.00
2016.07.18 03:42:39.398,9.34833,9.35286,1.00,1.00
2016.07.18 03:42:39.575,9.34864,9.35286,1.00,1.00
2016.07.18 03:42:39.899,9.34844,9.35286,1.00,1.00
2016.07.18 03:42:40.100,9.34854,9.35276,1.00,1.00
2016.07.18 03:42:41.202,9.34864,9.35286,1.00,1.00
2016.07.18 03:42:41.548,9.34884,9.35306,1.00,1.00
2016.07.18 03:42:41.599,9.34864,9.35306,1.50,1.00
2016.07.18 03:42:41.903,9.34834,9.35306,1.00,1.00
2016.07.18 03:42:42.641,9.34824,9.35296,1.00,1.00
2016.07.18 03:42:42.957,9.34844,9.35296,1.00,1.00
2016.07.18 03:42:43.300,9.34864,9.35306,1.00,1.00
2016.07.18 03:42:43.408,9.34854,9.35306,1.00,1.00
2016.07.18 03:42:43.616,9.34844,9.35306,1.00,1.00
2016.07.18 03:42:43.922,9.34854,9.35306,1.00,1.00
2016.07.18 03:42:45.898,9.34854,9.35296,1.00,1.00
2016.07.18 03:42:52.912,9.34864,9.35306,1.00,1.00
2016.07.18 03:43:00.649,9.34874,9.35326,1.00,1.00
2016.07.18 03:43:01.130,9.34864,9.35326,1.00,1.00
2016.07.18 03:43:01.815,9.34874,9.35326,1.00,1.00
2016.07.18 03:43:02.161,9.34874,9.35316,1.00,1.00
2016.07.18 03:43:02.580,9.34884,9.35316,1.00,1.00
2016.07.18 03:43:03.104,9.34894,9.35316,1.00,1.00
2016.07.18 03:43:04.344,9.34894,9.35326,1.00,1.00
2016.07.18 03:43:05.331,9.34894,9.35317,1.00,1.00
2016.07.18 03:43:11.150,9.34894,9.35316,1.00,1.00
2016.07.18 03:43:11.403,9.34864,9.35316,1.00,1.00
2016.07.18 03:43:11.607,9.34874,9.35316,1.00,1.00
2016.07.18 03:43:11.811,9.34854,9.35316,1.00,1.00
2016.07.18 03:43:11.862,9.34824,9.35316,1.57,1.00
2016.07.18 03:43:12.192,9.34804,9.35306,1.37,1.00
2016.07.18 03:43:12.502,9.34824,9.35296,1.07,1.00
2016.07.18 03:43:12.887,9.34814,9.35296,1.00,1.00
2016.07.18 03:43:12.961,9.34814,9.35286,1.50,1.00
2016.07.18 03:43:13.267,9.34834,9.35286,1.00,1.00
2016.07.18 03:43:13.571,9.34844,9.35276,1.00,1.00
2016.07.18 03:43:13.875,9.34834,9.35286,1.00,1.00
2016.07.18 03:43:14.159,9.34814,9.35286,1.00,1.00
2016.07.18 03:43:14.311,9.34824,9.35286,1.00,1.00
2016.07.18 03:43:14.666,9.34824,9.35276,1.00,1.00
2016.07.18 03:43:15.009,9.34844,9.35286,1.00,1.00
2016.07.18 03:43:15.333,9.34854,9.35296,1.00,1.00
2016.07.18 03:43:15.661,9.34844,9.35286,1.00,1.00
2016.07.18 03:43:15.885,9.34834,9.35286,1.00,1.00
2016.07.18 03:43:16.325,9.34844,9.35286,1.00,1.00
2016.07.18 03:43:16.629,9.34864,9.35286,1.00,1.00
2016.07.18 03:43:17.188,9.34864,9.35296,1.00,1.00
2016.07.18 03:43:18.156,9.34864,9.35286,1.00,1.00
2016.07.18 03:43:19.195,9.34864,9.35296,1.00,1.00
2016.07.18 03:43:21.205,9.34864,9.35286,1.00,1.00
2016.07.18 03:43:26.396,9.34904,9.35326,1.00,1.00
2016.07.18 03:43:26.815,9.34884,9.35326,1.00,1.00
2016.07.18 03:43:27.220,9.34864,9.35326,1.50,1.00
2016.07.18 03:43:27.322,9.34874,9.35326,1.00,1.00
2016.07.18 03:43:27.423,9.34864,9.35326,1.50,1.00
2016.07.18 03:43:27.616,9.34854,9.35326,1.50,1.00
2016.07.18 03:43:27.718,9.34844,9.35326,1.50,1.00
2016.07.18 03:43:27.819,9.34854,9.35326,1.00,1.00
2016.07.18 03:43:28.123,9.34864,9.35316,1.00,1.00
2016.07.18 03:43:28.436,9.34884,9.35326,1.00,1.00
2016.07.18 03:43:28.892,9.34853,9.35327,1.00,1.00
2016.07.18 03:43:29.094,9.34834,9.35326,1.00,1.00
2016.07.18 03:43:29.348,9.34844,9.35326,1.00,1.00
2016.07.18 03:43:29.651,9.34834,9.35316,1.00,1.00
2016.07.18 03:43:29.974,9.34874,9.35316,1.00,1.00
2016.07.18 03:43:30.126,9.34864,9.35316,1.00,1.00
2016.07.18 03:43:30.426,9.34874,9.35316,1.00,1.00
2016.07.18 03:43:30.628,9.34884,9.35336,1.00,1.00
2016.07.18 03:43:30.927,9.34854,9.35336,1.00,1.00
2016.07.18 03:43:31.129,9.34854,9.35326,1.00,1.00
2016.07.18 03:43:31.426,9.34834,9.35326,1.00,1.00
2016.07.18 03:43:31.527,9.34834,9.35326,1.00,1.60
2016.07.18 03:43:31.631,9.34804,9.35316,1.00,1.00
2016.07.18 03:43:32.120,9.34814,9.35306,1.00,1.00
2016.07.18 03:43:32.424,9.34834,9.35296,1.00,1.00
2016.07.18 03:43:32.633,9.34814,9.35296,1.00,1.00
2016.07.18 03:43:32.936,9.34834,9.35286,1.00,1.00
2016.07.18 03:43:33.246,9.34854,9.35296,1.00,1.00
2016.07.18 03:43:33.449,9.34844,9.35296,1.00,1.00
2016.07.18 03:43:33.652,9.34844,9.35286,1.00,1.00
2016.07.18 03:43:33.966,9.34854,9.35296,1.00,1.00
2016.07.18 03:43:36.130,9.34854,9.35306,1.00,1.00
2016.07.18 03:43:37.132,9.34854,9.35296,1.00,1.00
2016.07.18 03:43:38.134,9.34854,9.35306,1.00,1.00
2016.07.18 03:43:39.156,9.34854,9.35296,1.00,1.00
2016.07.18 03:43:41.260,9.34864,9.35306,1.00,1.00
2016.07.18 03:43:41.362,9.34853,9.35307,1.00,1.00
2016.07.18 03:43:41.574,9.34863,9.35307,1.00,1.00
2016.07.18 03:43:42.615,9.34864,9.35306,1.00,1.00
2016.07.18 03:43:43.869,9.34874,9.35306,1.00,1.00
2016.07.18 03:43:44.171,9.34844,9.35306,1.50,1.00
2016.07.18 03:43:44.869,9.34864,9.35306,1.00,1.00
2016.07.18 03:43:45.174,9.34864,9.35296,1.00,1.00
2016.07.18 03:43:45.624,9.34874,9.35296,1.00,1.00
2016.07.18 03:43:59.286,9.34883,9.35296,1.00,1.00
2016.07.18 03:43:59.387,9.34864,9.35296,1.00,1.00
2016.07.18 03:43:59.885,9.34874,9.35296,1.00,1.00
2016.07.18 03:44:02.377,9.34874,9.35306,1.00,1.00
2016.07.18 03:44:04.379,9.34874,9.35296,1.00,1.00
2016.07.18 03:44:06.085,9.34874,9.35306,1.00,1.00
2016.07.18 03:44:09.886,9.34874,9.35297,1.00,1.00
2016.07.18 03:44:20.862,9.34894,9.35297,1.00,1.00
2016.07.18 03:44:20.913,9.34894,9.35316,1.00,1.00
2016.07.18 03:44:21.083,9.34874,9.35316,1.50,1.00
2016.07.18 03:44:21.336,9.34924,9.35356,1.00,1.00
2016.07.18 03:44:21.438,9.34894,9.35366,1.00,1.50
2016.07.18 03:44:21.640,9.34904,9.35356,1.00,1.00
2016.07.18 03:44:21.944,9.34914,9.35356,1.00,1.00
2016.07.18 03:44:22.114,9.34894,9.35356,1.00,1.00
2016.07.18 03:44:22.417,9.34923,9.35367,1.00,1.00
2016.07.18 03:44:22.620,9.34914,9.35366,1.00,1.00
2016.07.18 03:44:22.943,9.34924,9.35366,1.00,1.00
2016.07.18 03:44:31.635,9.34924,9.35376,1.00,1.00
2016.07.18 03:44:32.667,9.34914,9.35376,1.00,1.00
2016.07.18 03:44:33.169,9.34934,9.35376,1.00,1.00
2016.07.18 03:44:33.923,9.34924,9.35376,1.00,1.00
2016.07.18 03:44:34.125,9.34933,9.35377,1.00,1.00
2016.07.18 03:44:41.859,9.34934,9.35366,1.00,1.00
2016.07.18 03:44:42.659,9.34914,9.35376,1.00,1.50
2016.07.18 03:44:42.861,9.34903,9.35367,1.00,1.00
2016.07.18 03:44:43.159,9.34914,9.35366,1.00,1.00
2016.07.18 03:44:43.362,9.34894,9.35366,1.00,1.00
2016.07.18 03:44:43.665,9.34914,9.35356,1.00,1.00
2016.07.18 03:44:43.969,9.34934,9.35366,1.00,1.00
2016.07.18 03:44:44.136,9.34924,9.35366,1.00,1.00
2016.07.18 03:44:44.683,9.34904,9.35366,1.00,1.00
2016.07.18 03:44:45.167,9.34914,9.35356,1.00,1.00
2016.07.18 03:44:45.471,9.34924,9.35366,1.00,1.00
2016.07.18 03:44:46.175,9.34904,9.35366,1.00,1.50
2016.07.18 03:44:46.364,9.34884,9.35356,1.00,1.00
2016.07.18 03:44:46.877,9.34924,9.35356,1.00,1.00
2016.07.18 03:44:47.640,9.34914,9.35356,1.00,1.00
2016.07.18 03:44:47.864,9.34884,9.35356,1.00,1.00
2016.07.18 03:44:48.167,9.34904,9.35356,1.00,1.00
2016.07.18 03:44:48.471,9.34923,9.35357,1.00,1.00
2016.07.18 03:44:48.673,9.34924,9.35366,1.00,1.00
2016.07.18 03:44:48.875,9.34914,9.35366,1.00,1.00
2016.07.18 03:44:49.181,9.34904,9.35356,1.00,1.00
2016.07.18 03:44:49.356,9.34894,9.35356,1.00,1.00
2016.07.18 03:44:49.670,9.34904,9.35356,1.00,1.00
2016.07.18 03:44:49.973,9.34924,9.35356,1.00,1.00
2016.07.18 03:44:50.373,9.34914,9.35356,1.00,1.00
2016.07.18 03:44:50.683,9.34904,9.35356,1.00,1.00
2016.07.18 03:44:50.864,9.34894,9.35356,1.00,1.00
2016.07.18 03:44:51.187,9.34903,9.35357,1.00,1.00
2016.07.18 03:44:51.522,9.34914,9.35356,1.00,1.00
2016.07.18 03:44:51.667,9.34904,9.35356,1.00,1.00
2016.07.18 03:44:51.847,9.34904,9.35346,1.00,1.00
2016.07.18 03:44:52.188,9.34894,9.35346,1.00,1.00
2016.07.18 03:44:52.590,9.34913,9.35346,1.00,1.00
2016.07.18 03:44:52.864,9.34894,9.35356,1.50,1.00
2016.07.18 03:44:53.090,9.34904,9.35356,1.00,1.00
2016.07.18 03:44:53.435,9.34914,9.35346,1.50,1.00
2016.07.18 03:44:53.929,9.34924,9.35346,1.00,1.00
2016.07.18 03:44:53.981,9.34924,9.35366,1.50,1.00
2016.07.18 03:44:55.697,9.34924,9.35376,1.50,1.00
2016.07.18 03:44:56.656,9.34924,9.35366,1.50,1.00
2016.07.18 03:44:58.659,9.34924,9.35376,1.50,1.00
2016.07.18 03:45:00.663,9.34924,9.35366,1.50,1.00
2016.07.18 03:45:02.169,9.34924,9.35376,1.50,1.00
2016.07.18 03:45:02.884,9.34934,9.35376,1.00,1.00
2016.07.18 03:45:03.202,9.34914,9.35366,1.00,1.00
2016.07.18 03:45:03.686,9.34924,9.35366,1.00,1.00
2016.07.18 03:45:03.919,9.34904,9.35366,1.00,1.00
2016.07.18 03:45:04.222,9.34914,9.35366,1.00,1.00
2016.07.18 03:45:04.526,9.34934,9.35366,1.00,1.00
2016.07.18 03:45:04.688,9.34924,9.35366,1.00,1.00
2016.07.18 03:45:05.185,9.34914,9.35366,1.00,1.00
2016.07.18 03:45:05.431,9.34904,9.35366,1.00,1.00
2016.07.18 03:45:05.686,9.34934,9.35386,1.00,1.00
2016.07.18 03:45:05.990,9.34944,9.35386,1.00,1.00
2016.07.18 03:45:06.377,9.34924,9.35386,1.00,1.00
2016.07.18 03:45:06.694,9.34934,9.35386,1.00,1.00
2016.07.18 03:45:08.200,9.34924,9.35386,1.00,1.00
2016.07.18 03:45:08.600,9.34924,9.35376,1.00,1.00
2016.07.18 03:45:08.726,9.34914,9.35376,1.00,1.00
2016.07.18 03:45:09.427,9.34904,9.35376,1.00,1.00
2016.07.18 03:45:09.907,9.34914,9.35366,1.00,1.00
2016.07.18 03:45:10.585,9.34904,9.35366,1.00,1.00
2016.07.18 03:45:11.587,9.34904,9.35356,1.00,1.00
2016.07.18 03:45:12.088,9.34904,9.35346,1.00,1.00
2016.07.18 03:45:14.692,9.34894,9.35346,1.00,1.00
2016.07.18 03:45:15.122,9.34884,9.35346,1.00,1.00
2016.07.18 03:45:15.365,9.34884,9.35336,1.00,1.00
2016.07.18 03:45:15.416,9.34844,9.35316,1.00,1.00
2016.07.18 03:45:15.518,9.34844,9.35316,1.00,1.60
2016.07.18 03:45:15.670,9.34784,9.35256,1.00,1.00
2016.07.18 03:45:15.923,9.34814,9.35286,1.00,1.00
2016.07.18 03:45:16.426,9.34824,9.35296,1.00,1.00
2016.07.18 03:45:16.774,9.34814,9.35286,1.00,1.00
2016.07.18 03:45:17.077,9.34824,9.35296,1.00,1.00
2016.07.18 03:45:17.398,9.34834,9.35286,1.00,1.00
2016.07.18 03:45:17.930,9.34824,9.35286,1.00,1.00
2016.07.18 03:45:18.426,9.34844,9.35286,1.00,1.00
2016.07.18 03:45:18.755,9.34834,9.35276,1.00,1.00
2016.07.18 03:45:19.085,9.34844,9.35276,1.00,1.00
2016.07.18 03:45:20.102,9.34834,9.35276,1.00,1.00
2016.07.18 03:45:20.604,9.34854,9.35296,1.00,1.00
2016.07.18 03:45:20.919,9.34863,9.35307,1.00,1.00
2016.07.18 03:45:25.112,9.34864,9.35296,1.00,1.00
2016.07.18 03:45:25.613,9.34854,9.35306,1.00,1.00
2016.07.18 03:45:26.615,9.34854,9.35296,1.00,1.00
2016.07.18 03:45:27.417,9.34864,9.35306,1.00,1.00
2016.07.18 03:45:28.618,9.34864,9.35296,1.00,1.00
2016.07.18 03:45:30.162,9.34874,9.35316,1.00,1.00
2016.07.18 03:45:40.166,9.34884,9.35316,1.00,1.00
2016.07.18 03:45:40.368,9.34874,9.35316,1.00,1.00
2016.07.18 03:45:40.860,9.34864,9.35316,1.00,1.00
2016.07.18 03:45:41.189,9.34854,9.35316,1.00,1.00
2016.07.18 03:45:41.342,9.34874,9.35316,1.00,1.00
2016.07.18 03:45:41.655,9.34894,9.35326,1.00,1.00
2016.07.18 03:45:42.189,9.34884,9.35326,1.00,1.00
2016.07.18 03:45:42.341,9.34864,9.35326,1.00,1.00
2016.07.18 03:45:42.645,9.34854,9.35316,1.00,1.00
2016.07.18 03:45:42.955,9.34874,9.35316,1.00,1.00
2016.07.18 03:45:43.269,9.34884,9.35316,1.00,1.00
2016.07.18 03:45:43.692,9.34874,9.35326,1.00,1.00
2016.07.18 03:45:43.844,9.34864,9.35316,1.00,1.00
2016.07.18 03:45:44.157,9.34854,9.35316,1.00,1.00
2016.07.18 03:45:44.359,9.34874,9.35316,1.00,1.00
2016.07.18 03:45:44.663,9.34884,9.35326,1.00,1.00
2016.07.18 03:45:45.144,9.34884,9.35316,1.00,1.00
2016.07.18 03:45:45.347,9.34864,9.35316,1.00,1.00
2016.07.18 03:45:45.848,9.34884,9.35316,1.00,1.00
2016.07.18 03:45:46.146,9.34863,9.35327,1.00,1.00
2016.07.18 03:45:46.349,9.34864,9.35316,1.00,1.00
2016.07.18 03:45:46.851,9.34874,9.35316,1.00,1.00
2016.07.18 03:45:47.666,9.34884,9.35326,1.00,1.00
2016.07.18 03:45:50.679,9.34884,9.35316,1.00,1.00
2016.07.18 03:45:51.654,9.34884,9.35326,1.00,1.00
2016.07.18 03:45:56.211,9.34844,9.35316,1.00,1.00
2016.07.18 03:45:56.675,9.34864,9.35316,1.00,1.00
2016.07.18 03:45:56.978,9.34854,9.35306,1.00,1.00
2016.07.18 03:45:57.282,9.34873,9.35307,1.00,1.00
2016.07.18 03:45:57.383,9.34884,9.35326,1.00,1.00
2016.07.18 03:45:57.662,9.34894,9.35326,1.00,1.00
2016.07.18 03:45:57.865,9.34884,9.35326,1.00,1.00
2016.07.18 03:45:58.178,9.34864,9.35326,1.00,1.00
2016.07.18 03:45:58.387,9.34854,9.35326,1.00,1.00
2016.07.18 03:45:58.489,9.34864,9.35316,1.00,1.00
2016.07.18 03:45:58.813,9.34884,9.35316,1.00,1.00
2016.07.18 03:45:59.078,9.34883,9.35327,1.00,1.00
2016.07.18 03:45:59.667,9.34864,9.35326,1.00,1.00
2016.07.18 03:46:00.173,9.34874,9.35316,1.00,1.00
2016.07.18 03:46:00.510,9.34884,9.35316,1.00,1.00
2016.07.18 03:46:00.860,9.34894,9.35326,1.00,1.00
2016.07.18 03:46:00.911,9.34884,9.35326,1.00,1.00
2016.07.18 03:46:01.171,9.34863,9.35327,1.00,1.00
2016.07.18 03:46:01.374,9.34854,9.35316,1.00,1.00
2016.07.18 03:46:01.723,9.34874,9.35316,1.00,1.00
2016.07.18 03:46:01.875,9.34864,9.35316,1.00,1.00
2016.07.18 03:46:02.389,9.34884,9.35326,1.00,1.00
2016.07.18 03:46:03.377,9.34894,9.35326,1.00,1.00
2016.07.18 03:46:05.380,9.34894,9.35336,1.00,1.00
2016.07.18 03:46:05.481,9.34884,9.35336,1.00,1.00
2016.07.18 03:46:06.482,9.34884,9.35326,1.00,1.00
2016.07.18 03:46:10.891,9.34894,9.35336,1.00,1.00
2016.07.18 03:46:12.924,9.34884,9.35326,1.00,1.00
2016.07.18 03:46:13.317,9.34874,9.35326,1.00,1.00
2016.07.18 03:46:13.419,9.34864,9.35326,1.00,1.00
2016.07.18 03:46:13.616,9.34844,9.35316,1.00,1.00
2016.07.18 03:46:14.118,9.34824,9.35296,1.07,1.00
2016.07.18 03:46:14.271,9.34824,9.35296,1.00,1.00
2016.07.18 03:46:14.943,9.34864,9.35296,1.00,1.00
2016.07.18 03:46:15.146,9.34873,9.35317,1.00,1.00
2016.07.18 03:46:15.406,9.34884,9.35316,1.00,1.00
2016.07.18 03:46:15.926,9.34834,9.35306,1.00,1.00
2016.07.18 03:46:16.418,9.34844,9.35306,1.00,1.00
2016.07.18 03:46:16.905,9.34884,9.35326,1.00,1.00
2016.07.18 03:46:17.428,9.34894,9.35326,1.00,1.00
2016.07.18 03:46:17.631,9.34874,9.35326,1.00,1.00
2016.07.18 03:46:17.934,9.34844,9.35316,1.00,1.00
2016.07.18 03:46:18.136,9.34854,9.35326,1.00,1.00
2016.07.18 03:46:18.481,9.34834,9.35306,1.00,1.00
2016.07.18 03:46:18.807,9.34863,9.35307,1.00,1.00
2016.07.18 03:46:19.132,9.34884,9.35326,1.00,1.00
2016.07.18 03:46:19.433,9.34894,9.35336,1.00,1.00
2016.07.18 03:46:19.636,9.34884,9.35336,1.00,1.00
2016.07.18 03:46:19.911,9.34864,9.35336,1.00,1.50
2016.07.18 03:46:20.114,9.34883,9.35327,1.00,1.00
2016.07.18 03:46:20.435,9.34854,9.35326,1.00,1.00
2016.07.18 03:46:20.953,9.34864,9.35316,1.00,1.00
2016.07.18 03:46:21.435,9.34874,9.35316,1.00,1.00
2016.07.18 03:46:21.738,9.34864,9.35316,1.00,1.00
2016.07.18 03:46:21.940,9.34884,9.35326,1.00,1.00
2016.07.18 03:46:22.143,9.34864,9.35326,1.00,1.00
2016.07.18 03:46:22.619,9.34864,9.35316,1.00,1.00
2016.07.18 03:46:24.122,9.34864,9.35306,1.00,1.00
2016.07.18 03:46:59.470,9.34864,9.35296,1.00,1.00
2016.07.18 03:46:59.571,9.34844,9.35296,1.00,1.00
2016.07.18 03:46:59.673,9.34804,9.35276,1.00,1.00
2016.07.18 03:46:59.774,9.34814,9.35286,1.00,1.00
2016.07.18 03:47:00.410,9.34804,9.35276,1.00,1.00
2016.07.18 03:47:00.916,9.34814,9.35266,1.00,1.00
2016.07.18 03:47:01.198,9.34804,9.35266,1.00,1.00
2016.07.18 03:47:01.712,9.34824,9.35256,1.00,1.00
2016.07.18 03:47:01.916,9.34814,9.35256,1.00,1.00
2016.07.18 03:47:02.421,9.34824,9.35256,1.00,1.00
2016.07.18 03:47:02.914,9.34824,9.35266,1.00,1.00
2016.07.18 03:47:03.377,9.34824,9.35256,1.00,1.00
2016.07.18 03:47:03.717,9.34834,9.35276,1.00,1.00
2016.07.18 03:47:03.919,9.34824,9.35276,1.00,1.00
2016.07.18 03:47:04.415,9.34833,9.35277,1.00,1.00
2016.07.18 03:47:04.923,9.34844,9.35286,1.00,1.00
2016.07.18 03:47:11.621,9.34854,9.35286,1.00,1.00
2016.07.18 03:47:11.897,9.34844,9.35286,1.00,1.00
2016.07.18 03:47:12.623,9.34834,9.35276,1.00,1.00
2016.07.18 03:47:12.972,9.34854,9.35296,1.00,1.00
2016.07.18 03:47:13.280,9.34844,9.35286,1.00,1.00
2016.07.18 03:47:13.583,9.34854,9.35296,1.00,1.00
2016.07.18 03:47:13.887,9.34864,9.35306,1.00,1.00
2016.07.18 03:47:13.938,9.34854,9.35306,1.00,1.00
2016.07.18 03:47:15.092,9.34854,9.35296,1.00,1.00
2016.07.18 03:47:18.196,9.34844,9.35296,1.00,1.00
2016.07.18 03:47:19.646,9.34814,9.35286,1.00,1.50
2016.07.18 03:47:19.949,9.34793,9.35267,1.00,1.00
2016.07.18 03:47:20.400,9.34804,9.35266,1.00,1.00
2016.07.18 03:47:20.713,9.34814,9.35266,1.00,1.00
2016.07.18 03:47:21.032,9.34834,9.35266,1.00,1.00
2016.07.18 03:47:21.414,9.34844,9.35276,1.00,1.00
2016.07.18 03:47:21.603,9.34833,9.35277,1.00,1.00
2016.07.18 03:47:22.122,9.34824,9.35276,1.00,1.00
2016.07.18 03:47:22.606,9.34833,9.35267,1.00,1.00
2016.07.18 03:47:22.912,9.34843,9.35267,1.00,1.00
2016.07.18 03:47:23.622,9.34824,9.35266,1.00,1.00
2016.07.18 03:47:24.123,9.34834,9.35266,1.00,1.00
2016.07.18 03:47:24.410,9.34843,9.35277,1.00,1.00
2016.07.18 03:47:24.953,9.34844,9.35286,1.00,1.00
2016.07.18 03:47:29.023,9.34844,9.35276,1.00,1.00
2016.07.18 03:47:36.372,9.34834,9.35276,1.00,1.00
2016.07.18 03:47:36.676,9.34794,9.35266,1.00,1.00
2016.07.18 03:47:37.173,9.34804,9.35266,1.00,1.00
2016.07.18 03:47:37.477,9.34824,9.35266,1.00,1.00
2016.07.18 03:47:37.862,9.34844,9.35276,1.00,1.00
2016.07.18 03:47:38.153,9.34834,9.35286,1.00,1.00
2016.07.18 03:47:38.399,9.34834,9.35276,1.00,1.00
2016.07.18 03:47:39.657,9.34844,9.35286,1.00,1.00
2016.07.18 03:47:39.871,9.34844,9.35296,1.00,1.00
2016.07.18 03:47:40.206,9.34854,9.35296,1.00,1.00
2016.07.18 03:47:46.367,9.34853,9.35287,1.00,1.00
2016.07.18 03:47:49.674,9.34844,9.35296,1.00,1.00
2016.07.18 03:47:49.876,9.34854,9.35296,1.00,1.00
2016.07.18 03:47:50.186,9.34874,9.35316,1.00,1.00
2016.07.18 03:47:50.389,9.34843,9.35317,1.00,1.00
2016.07.18 03:47:50.876,9.34844,9.35306,1.00,1.00
2016.07.18 03:47:51.199,9.34833,9.35307,1.00,1.00
2016.07.18 03:47:51.402,9.34864,9.35296,1.00,1.00
2016.07.18 03:47:51.679,9.34854,9.35296,1.00,1.00
2016.07.18 03:47:51.882,9.34834,9.35296,1.00,1.00
2016.07.18 03:47:52.194,9.34863,9.35307,1.00,1.00
2016.07.18 03:47:52.498,9.34854,9.35296,1.00,1.00
2016.07.18 03:47:52.801,9.34864,9.35296,1.00,1.00
2016.07.18 03:47:52.903,9.34873,9.35317,1.00,1.00
2016.07.18 03:47:53.106,9.34854,9.35316,1.00,1.00
2016.07.18 03:47:53.612,9.34864,9.35306,1.00,1.00
2016.07.18 03:47:55.934,9.34853,9.35307,1.00,1.00
2016.07.18 03:47:56.098,9.34854,9.35296,1.00,1.00
2016.07.18 03:47:56.421,9.34864,9.35296,1.00,1.00
2016.07.18 03:47:56.921,9.34873,9.35317,1.00,1.00
2016.07.18 03:47:57.124,9.34884,9.35336,1.00,1.00
2016.07.18 03:47:57.437,9.34864,9.35326,1.00,1.00
2016.07.18 03:47:57.637,9.34874,9.35326,1.00,1.00
2016.07.18 03:47:57.937,9.34844,9.35316,1.00,1.00
2016.07.18 03:47:58.111,9.34834,9.35306,1.00,1.00
2016.07.18 03:47:58.415,9.34854,9.35316,1.00,1.00
2016.07.18 03:47:58.890,9.34854,9.35306,1.00,1.00
2016.07.18 03:47:59.401,9.34864,9.35306,1.00,1.00
2016.07.18 03:47:59.604,9.34874,9.35326,1.00,1.00
2016.07.18 03:47:59.908,9.34864,9.35316,1.00,1.00
2016.07.18 03:48:00.432,9.34874,9.35316,1.00,1.00
2016.07.18 03:48:00.634,9.34864,9.35316,1.00,1.00
2016.07.18 03:48:00.917,9.34874,9.35316,1.00,1.00
2016.07.18 03:48:02.796,9.34864,9.35316,1.00,1.00
2016.07.18 03:48:02.898,9.34874,9.35316,1.00,1.00
2016.07.18 03:48:03.840,9.34874,9.35306,1.00,1.00
2016.07.18 03:48:12.116,9.34884,9.35316,1.00,1.00
2016.07.18 03:48:12.423,9.34854,9.35316,1.00,1.00
2016.07.18 03:48:12.620,9.34834,9.35306,1.00,1.00
2016.07.18 03:48:12.925,9.34844,9.35306,1.00,1.00
2016.07.18 03:48:13.229,9.34834,9.35296,1.00,1.00
2016.07.18 03:48:13.533,9.34853,9.35297,1.00,1.00
2016.07.18 03:48:13.867,9.34874,9.35306,1.00,1.00
2016.07.18 03:48:15.122,9.34874,9.35316,1.00,1.00
2016.07.18 03:48:15.613,9.34884,9.35306,1.00,1.00
2016.07.18 03:48:15.929,9.34874,9.35316,1.00,1.00
2016.07.18 03:48:16.132,9.34864,9.35316,1.00,1.00
2016.07.18 03:48:16.462,9.34884,9.35316,1.00,1.00
2016.07.18 03:48:16.923,9.34894,9.35336,1.00,1.00
2016.07.18 03:48:17.431,9.34883,9.35337,1.00,1.00
2016.07.18 03:48:17.921,9.34864,9.35336,1.00,1.50
2016.07.18 03:48:18.432,9.34884,9.35326,1.00,1.00
2016.07.18 03:48:18.933,9.34894,9.35336,1.00,1.00
2016.07.18 03:48:19.434,9.34883,9.35337,1.00,1.00
2016.07.18 03:48:19.936,9.34873,9.35337,1.00,1.00
2016.07.18 03:48:20.420,9.34884,9.35326,1.00,1.00
2016.07.18 03:48:22.122,9.34884,9.35316,1.00,1.00
2016.07.18 03:48:25.974,9.34874,9.35316,1.00,1.00
2016.07.18 03:48:35.150,9.34854,9.35316,1.00,1.00
2016.07.18 03:48:35.480,9.34864,9.35316,1.00,1.00
2016.07.18 03:48:35.998,9.34864,9.35306,1.00,1.00
2016.07.18 03:48:43.866,9.34854,9.35296,1.00,1.00
2016.07.18 03:48:44.204,9.34834,9.35296,1.00,1.00
2016.07.18 03:48:44.306,9.34844,9.35296,1.00,1.00
2016.07.18 03:48:45.683,9.34844,9.35286,1.00,1.00
2016.07.18 03:48:47.303,9.34854,9.35286,1.00,1.00
2016.07.18 03:48:47.570,9.34863,9.35297,1.00,1.00
2016.07.18 03:48:47.671,9.34874,9.35316,1.00,1.00
2016.07.18 03:48:47.874,9.34893,9.35327,1.00,1.00
2016.07.18 03:48:48.177,9.34884,9.35336,1.00,1.00
2016.07.18 03:48:48.380,9.34884,9.35326,1.00,1.00
2016.07.18 03:48:48.724,9.34864,9.35326,1.00,1.00
2016.07.18 03:48:48.876,9.34834,9.35306,1.00,1.00
2016.07.18 03:48:49.381,9.34844,9.35316,1.00,1.50
2016.07.18 03:48:49.686,9.34854,9.35306,1.00,1.00
2016.07.18 03:48:50.003,9.34864,9.35306,1.00,1.00
2016.07.18 03:48:50.330,9.34874,9.35316,1.00,1.00
2016.07.18 03:48:51.207,9.34884,9.35326,1.00,1.00
2016.07.18 03:49:00.624,9.34894,9.35326,1.00,1.00
2016.07.18 03:49:00.927,9.34884,9.35326,1.00,1.00
2016.07.18 03:49:01.619,9.34874,9.35326,1.00,1.00
2016.07.18 03:49:01.929,9.34894,9.35326,1.00,1.00
2016.07.18 03:49:08.616,9.34874,9.35326,1.00,1.00
2016.07.18 03:49:11.094,9.34874,9.35316,1.00,1.00
2016.07.18 03:49:21.924,9.34864,9.35316,1.00,1.00
2016.07.18 03:49:22.126,9.34864,9.35306,1.00,1.00
2016.07.18 03:49:22.429,9.34874,9.35316,1.00,1.00
2016.07.18 03:49:22.958,9.34884,9.35326,1.00,1.00
2016.07.18 03:49:23.458,9.34874,9.35326,1.00,1.00
2016.07.18 03:49:23.928,9.34864,9.35326,1.00,1.00
2016.07.18 03:49:24.130,9.34874,9.35316,1.00,1.00
2016.07.18 03:49:24.428,9.34864,9.35326,1.00,1.00
2016.07.18 03:49:24.946,9.34854,9.35316,1.00,1.00
2016.07.18 03:49:25.161,9.34814,9.35286,1.00,1.00
2016.07.18 03:49:25.633,9.34834,9.35296,1.00,1.00
2016.07.18 03:49:26.162,9.34854,9.35296,1.00,1.00
2016.07.18 03:49:26.332,9.34854,9.35306,1.00,1.00
2016.07.18 03:49:26.629,9.34863,9.35307,1.00,1.00
2016.07.18 03:49:27.835,9.34854,9.35316,1.00,1.00
2016.07.18 03:49:28.138,9.34864,9.35316,1.00,1.00
2016.07.18 03:49:29.332,9.34854,9.35306,1.00,1.00
2016.07.18 03:49:29.669,9.34834,9.35306,1.00,1.00
2016.07.18 03:49:30.834,9.34834,9.35296,1.00,1.00
2016.07.18 03:49:31.835,9.34834,9.35286,1.00,1.00
2016.07.18 03:49:33.837,9.34834,9.35276,1.00,1.00
2016.07.18 03:49:39.658,9.34844,9.35286,1.00,1.00
2016.07.18 03:49:39.846,9.34834,9.35286,1.00,1.00
2016.07.18 03:49:42.149,9.34833,9.35277,1.00,1.00
2016.07.18 03:49:43.163,9.34814,9.35276,1.00,1.00
2016.07.18 03:49:43.378,9.34824,9.35276,1.00,1.00
2016.07.18 03:49:44.671,9.34824,9.35266,1.00,1.00
2016.07.18 03:49:48.694,9.34824,9.35256,1.00,1.00
2016.07.18 03:50:17.009,9.34824,9.35266,1.00,1.00
2016.07.18 03:50:18.313,9.34814,9.35266,1.00,1.00
2016.07.18 03:50:18.737,9.34804,9.35256,1.00,1.00
2016.07.18 03:50:19.335,9.34794,9.35256,1.00,1.00
2016.07.18 03:50:19.437,9.34774,9.35246,1.00,1.00
2016.07.18 03:50:19.542,9.34753,9.35227,1.00,1.00
2016.07.18 03:50:19.644,9.34734,9.35206,1.00,1.00
2016.07.18 03:50:19.948,9.34723,9.35197,1.00,1.00
2016.07.18 03:50:20.638,9.34714,9.35186,1.00,1.00
2016.07.18 03:50:21.161,9.34723,9.35197,1.00,1.50
2016.07.18 03:50:21.225,9.34714,9.35186,1.00,1.00
2016.07.18 03:50:21.526,9.34724,9.35186,1.00,1.00
2016.07.18 03:50:22.166,9.34734,9.35176,1.00,1.00
2016.07.18 03:50:23.431,9.34744,9.35176,1.00,1.00
2016.07.18 03:50:23.634,9.34734,9.35176,1.00,1.00
2016.07.18 03:50:23.848,9.34724,9.35176,1.00,1.00
2016.07.18 03:50:24.170,9.34743,9.35177,1.00,1.00
2016.07.18 03:50:24.474,9.34773,9.35207,1.00,1.00
2016.07.18 03:50:24.651,9.34784,9.35226,1.00,1.00
2016.07.18 03:50:25.056,9.34774,9.35226,1.00,1.00
2016.07.18 03:50:25.157,9.34764,9.35226,1.00,1.00
2016.07.18 03:50:25.372,9.34764,9.35216,1.00,1.00
2016.07.18 03:50:27.645,9.34764,9.35206,1.00,1.00
2016.07.18 03:50:49.433,9.34734,9.35196,1.00,1.00
2016.07.18 03:50:49.600,9.34744,9.35196,1.00,1.00
2016.07.18 03:50:49.929,9.34724,9.35196,1.00,1.00
2016.07.18 03:50:50.130,9.34714,9.35186,1.00,1.00
2016.07.18 03:50:50.586,9.34724,9.35176,1.00,1.00
2016.07.18 03:50:51.420,9.34744,9.35176,1.00,1.00
2016.07.18 03:50:51.623,9.34734,9.35176,1.00,1.00
2016.07.18 03:50:51.899,9.34744,9.35176,1.00,1.00
2016.07.18 03:50:52.112,9.34743,9.35187,1.00,1.00
2016.07.18 03:50:52.404,9.34734,9.35176,1.00,1.00
2016.07.18 03:50:52.937,9.34744,9.35176,1.00,1.00
2016.07.18 03:50:53.439,9.34764,9.35196,1.00,1.00
2016.07.18 03:50:54.431,9.34744,9.35196,1.00,1.00
2016.07.18 03:50:54.640,9.34764,9.35206,1.00,1.00
2016.07.18 03:50:55.646,9.34774,9.35216,1.00,1.00
2016.07.18 03:50:55.920,9.34774,9.35226,1.00,1.00
2016.07.18 03:50:56.442,9.34784,9.35226,1.00,1.00
2016.07.18 03:50:57.751,9.34794,9.35236,1.00,1.00
2016.07.18 03:50:57.921,9.34784,9.35236,1.00,1.00
2016.07.18 03:50:58.130,9.34794,9.35236,1.00,1.00
2016.07.18 03:50:58.524,9.34804,9.35246,1.00,1.00
2016.07.18 03:50:58.880,9.34814,9.35256,1.00,1.00
2016.07.18 03:50:58.931,9.34824,9.35276,1.00,1.00
2016.07.18 03:51:00.928,9.34834,9.35276,1.00,1.00
2016.07.18 03:51:01.153,9.34834,9.35286,1.00,1.35
2016.07.18 03:51:01.356,9.34824,9.35286,1.00,1.00
2016.07.18 03:51:01.659,9.34834,9.35286,1.00,1.00
2016.07.18 03:51:02.644,9.34834,9.35276,1.00,1.00
2016.07.18 03:51:03.647,9.34834,9.35286,1.00,1.00
2016.07.18 03:51:04.649,9.34834,9.35276,1.00,1.00
2016.07.18 03:51:05.592,9.34834,9.35286,1.00,1.00
2016.07.18 03:51:05.854,9.34844,9.35296,1.00,1.60
2016.07.18 03:51:06.157,9.34844,9.35306,1.00,1.60
2016.07.18 03:51:06.462,9.34854,9.35306,1.00,1.60
2016.07.18 03:51:09.058,9.34854,9.35306,1.00,1.60
2016.07.18 03:51:09.328,9.34854,9.35306,1.00,1.00
2016.07.18 03:51:09.379,9.34864,9.35326,1.00,1.00
2016.07.18 03:51:12.867,9.34863,9.35317,1.00,1.00
2016.07.18 03:51:13.171,9.34854,9.35316,1.00,1.00
2016.07.18 03:51:13.711,9.34864,9.35316,1.00,1.00
2016.07.18 03:51:13.914,9.34854,9.35316,1.00,1.00
2016.07.18 03:51:19.681,9.34854,9.35306,1.00,1.00
2016.07.18 03:51:35.736,9.34844,9.35306,1.00,1.00
2016.07.18 03:51:35.938,9.34834,9.35306,1.00,1.00
2016.07.18 03:51:36.455,9.34844,9.35296,1.00,1.00
2016.07.18 03:51:37.052,9.34834,9.35296,1.00,1.00
2016.07.18 03:51:40.342,9.34834,9.35286,1.00,1.00
2016.07.18 03:52:19.424,9.34824,9.35286,1.00,1.00
2016.07.18 03:52:19.602,9.34834,9.35286,1.00,1.00
2016.07.18 03:52:19.906,9.34844,9.35286,1.00,1.00
2016.07.18 03:52:21.906,9.34844,9.35296,1.00,1.00
2016.07.18 03:52:22.907,9.34844,9.35286,1.00,1.00
2016.07.18 03:52:23.208,9.34833,9.35297,1.00,1.00
2016.07.18 03:52:24.210,9.34833,9.35287,1.00,1.00
2016.07.18 03:52:30.134,9.34834,9.35296,1.00,1.00
2016.07.18 03:52:30.235,9.34844,9.35296,1.00,1.00
2016.07.18 03:52:30.586,9.34854,9.35306,1.00,1.00
2016.07.18 03:52:30.927,9.34864,9.35316,1.00,1.00
2016.07.18 03:52:34.848,9.34854,9.35316,1.00,1.00
2016.07.18 03:52:36.847,9.34854,9.35306,1.00,1.00
2016.07.18 03:52:38.136,9.34864,9.35316,1.00,1.00
2016.07.18 03:52:44.189,9.34854,9.35316,1.00,1.00
2016.07.18 03:52:46.152,9.34854,9.35306,1.00,1.00
2016.07.18 03:52:51.203,9.34833,9.35307,1.00,1.00
2016.07.18 03:52:51.387,9.34844,9.35306,1.00,1.00
2016.07.18 03:52:52.668,9.34844,9.35296,1.00,1.00
2016.07.18 03:52:56.175,9.34844,9.35286,1.00,1.00
2016.07.18 03:53:00.583,9.34843,9.35297,1.00,1.00
2016.07.18 03:53:02.430,9.34854,9.35306,1.00,1.00
2016.07.18 03:53:02.594,9.34854,9.35316,1.00,1.00
2016.07.18 03:53:03.417,9.34834,9.35306,1.00,1.00
2016.07.18 03:53:03.631,9.34824,9.35296,1.00,1.00
2016.07.18 03:53:03.968,9.34844,9.35306,1.00,1.00
2016.07.18 03:53:05.936,9.34844,9.35296,1.00,1.00
2016.07.18 03:53:06.637,9.34844,9.35306,1.00,1.00
2016.07.18 03:53:06.938,9.34854,9.35306,1.00,1.00
2016.07.18 03:53:17.046,9.34844,9.35306,1.00,1.00
2016.07.18 03:53:21.329,9.34844,9.35296,1.00,1.00
2016.07.18 03:53:31.443,9.34854,9.35306,1.00,1.00
2016.07.18 03:53:31.545,9.34854,9.35316,1.00,1.00
2016.07.18 03:53:31.646,9.34863,9.35327,1.00,1.00
2016.07.18 03:53:31.857,9.34854,9.35326,1.00,1.00
2016.07.18 03:53:32.177,9.34843,9.35317,1.00,1.00
2016.07.18 03:53:32.436,9.34854,9.35316,1.00,1.00
2016.07.18 03:53:38.859,9.34804,9.35276,1.00,1.00
2016.07.18 03:53:39.162,9.34814,9.35286,1.00,1.00
2016.07.18 03:53:40.162,9.34804,9.35276,1.00,1.00
2016.07.18 03:53:40.467,9.34814,9.35286,1.00,1.00
2016.07.18 03:53:41.158,9.34814,9.35276,1.00,1.00
2016.07.18 03:53:43.161,9.34814,9.35266,1.00,1.00
2016.07.18 03:53:45.067,9.34803,9.35267,1.00,1.00
2016.07.18 03:53:45.668,9.34794,9.35256,1.00,1.00
2016.07.18 03:53:47.571,9.34803,9.35247,1.00,1.00
2016.07.18 03:53:50.619,9.34813,9.35247,1.00,1.00
2016.07.18 03:53:50.922,9.34804,9.35266,1.00,1.00
2016.07.18 03:53:51.201,9.34804,9.35256,1.00,1.00
2016.07.18 03:53:51.879,9.34814,9.35246,1.00,1.00
2016.07.18 03:53:52.416,9.34794,9.35256,1.00,1.00
2016.07.18 03:53:52.916,9.34803,9.35247,1.00,1.00
2016.07.18 03:53:53.896,9.34814,9.35246,1.00,1.00
2016.07.18 03:53:54.098,9.34804,9.35246,1.00,1.00
2016.07.18 03:53:54.401,9.34814,9.35246,1.00,1.00
2016.07.18 03:53:58.915,9.34834,9.35276,1.00,1.00
2016.07.18 03:54:05.913,9.34823,9.35277,1.00,1.00
2016.07.18 03:54:06.114,9.34834,9.35276,1.00,1.00
2016.07.18 03:54:07.101,9.34834,9.35266,1.00,1.00
2016.07.18 03:54:08.103,9.34834,9.35276,1.00,1.00
2016.07.18 03:54:09.625,9.34844,9.35286,1.00,1.00
2016.07.18 03:54:09.929,9.34864,9.35296,1.00,1.00
2016.07.18 03:54:10.233,9.34874,9.35306,1.00,1.00
2016.07.18 03:54:10.451,9.34864,9.35316,1.00,1.00
2016.07.18 03:54:11.159,9.34853,9.35307,1.00,1.00
2016.07.18 03:54:11.424,9.34864,9.35306,1.00,1.00
2016.07.18 03:54:11.810,9.34874,9.35316,1.00,1.00
2016.07.18 03:54:12.411,9.34874,9.35306,1.00,1.00
2016.07.18 03:54:13.413,9.34874,9.35316,1.00,1.00
2016.07.18 03:54:15.616,9.34874,9.35306,1.00,1.00
2016.07.18 03:54:19.625,9.34873,9.35317,1.00,1.00
2016.07.18 03:54:19.970,9.34884,9.35316,1.00,1.00
2016.07.18 03:54:20.141,9.34884,9.35326,1.00,1.00
2016.07.18 03:54:27.660,9.34874,9.35326,1.00,1.00
2016.07.18 03:54:28.181,9.34864,9.35326,1.00,1.00
2016.07.18 03:54:29.375,9.34834,9.35306,1.00,1.00
2016.07.18 03:54:29.684,9.34824,9.35296,1.00,1.00
2016.07.18 03:54:30.001,9.34834,9.35306,1.00,1.50
2016.07.18 03:54:30.673,9.34844,9.35306,1.00,1.00
2016.07.18 03:54:30.994,9.34854,9.35296,1.00,1.00
2016.07.18 03:54:31.365,9.34844,9.35296,1.00,1.00
2016.07.18 03:54:32.676,9.34824,9.35296,1.00,1.50
2016.07.18 03:54:33.178,9.34833,9.35287,1.00,1.00
2016.07.18 03:54:33.659,9.34854,9.35296,1.00,1.00
2016.07.18 03:54:34.189,9.34844,9.35296,1.00,1.00
2016.07.18 03:54:34.695,9.34834,9.35296,1.00,1.00
2016.07.18 03:54:34.898,9.34824,9.35296,1.00,1.50
2016.07.18 03:54:35.390,9.34834,9.35296,1.00,1.00
2016.07.18 03:54:36.191,9.34834,9.35286,1.00,1.00
2016.07.18 03:54:38.153,9.34833,9.35277,1.00,1.00
2016.07.18 03:54:38.553,9.34833,9.35287,1.00,1.00
2016.07.18 03:54:38.854,9.34824,9.35286,1.00,1.00
2016.07.18 03:54:39.856,9.34824,9.35276,1.00,1.00
2016.07.18 03:54:59.116,9.34834,9.35276,1.00,1.00
2016.07.18 03:54:59.432,9.34844,9.35276,1.00,1.00
2016.07.18 03:54:59.635,9.34854,9.35296,1.00,1.00
2016.07.18 03:55:00.086,9.34844,9.35296,1.00,1.00
2016.07.18 03:55:00.387,9.34854,9.35296,1.00,1.00
2016.07.18 03:55:01.391,9.34864,9.35306,1.00,1.00
2016.07.18 03:55:01.899,9.34874,9.35316,1.00,1.00
2016.07.18 03:55:02.102,9.34864,9.35316,1.00,1.00
2016.07.18 03:55:02.936,9.34853,9.35317,1.00,1.00
2016.07.18 03:55:03.139,9.34864,9.35306,1.00,1.00
2016.07.18 03:55:06.539,9.34854,9.35306,1.00,1.00
2016.07.18 03:55:06.640,9.34844,9.35306,1.00,1.00
2016.07.18 03:55:07.156,9.34834,9.35306,1.00,1.50
2016.07.18 03:55:07.362,9.34844,9.35296,1.00,1.00
2016.07.18 03:55:08.365,9.34844,9.35286,1.00,1.00
2016.07.18 03:55:08.439,9.34834,9.35286,1.00,1.00
2016.07.18 03:55:10.168,9.34844,9.35276,1.00,1.00
2016.07.18 03:55:10.482,9.34854,9.35286,1.00,1.00
2016.07.18 03:55:10.896,9.34874,9.35306,1.00,1.00
2016.07.18 03:55:10.948,9.34874,9.35316,1.00,1.00
2016.07.18 03:55:11.050,9.34884,9.35326,1.00,1.00
2016.07.18 03:55:11.152,9.34874,9.35326,1.00,1.00
2016.07.18 03:55:11.356,9.34884,9.35326,1.00,1.00
2016.07.18 03:55:15.089,9.34894,9.35336,1.00,1.00
2016.07.18 03:55:18.062,9.34894,9.35326,1.00,1.00
2016.07.18 03:55:20.767,9.34884,9.35336,1.00,1.00
2016.07.18 03:55:20.867,9.34894,9.35336,1.00,1.00
2016.07.18 03:55:22.769,9.34893,9.35327,1.00,1.00
2016.07.18 03:55:23.687,9.34894,9.35336,1.00,1.00
2016.07.18 03:55:23.889,9.34874,9.35336,1.00,1.00
2016.07.18 03:55:24.375,9.34884,9.35326,1.00,1.00
2016.07.18 03:55:24.684,9.34873,9.35327,1.00,1.00
2016.07.18 03:55:24.887,9.34884,9.35326,1.00,1.00
2016.07.18 03:55:25.190,9.34894,9.35326,1.00,1.00
2016.07.18 03:55:25.687,9.34884,9.35326,1.00,1.00
2016.07.18 03:55:25.890,9.34874,9.35326,1.00,1.00
2016.07.18 03:55:26.210,9.34864,9.35326,1.00,1.00
2016.07.18 03:55:26.414,9.34873,9.35327,1.00,1.00
2016.07.18 03:55:26.718,9.34884,9.35326,1.00,1.00
2016.07.18 03:55:27.037,9.34894,9.35326,1.00,1.00
2016.07.18 03:55:27.177,9.34884,9.35326,1.00,1.00
2016.07.18 03:55:27.419,9.34873,9.35327,1.00,1.00
2016.07.18 03:55:27.723,9.34864,9.35326,1.00,1.00
2016.07.18 03:55:28.220,9.34884,9.35316,1.00,1.00
2016.07.18 03:55:28.718,9.34894,9.35336,1.00,1.00
2016.07.18 03:55:29.122,9.34873,9.35337,1.00,1.00
2016.07.18 03:55:29.617,9.34864,9.35326,1.00,1.00
2016.07.18 03:55:29.921,9.34874,9.35326,1.00,1.00
2016.07.18 03:55:30.123,9.34864,9.35326,1.00,1.00
2016.07.18 03:55:30.623,9.34874,9.35316,1.00,1.00
2016.07.18 03:55:31.116,9.34894,9.35336,1.00,1.00
2016.07.18 03:55:31.625,9.34874,9.35326,1.00,1.00
2016.07.18 03:55:32.116,9.34864,9.35326,1.00,1.00
2016.07.18 03:55:32.590,9.34874,9.35316,1.00,1.00
2016.07.18 03:55:33.117,9.34894,9.35336,1.00,1.00
2016.07.18 03:55:33.626,9.34874,9.35326,1.00,1.00
2016.07.18 03:55:34.116,9.34864,9.35326,1.00,1.00
2016.07.18 03:55:34.420,9.34854,9.35326,1.00,1.00
2016.07.18 03:55:34.626,9.34874,9.35316,1.00,1.00
2016.07.18 03:55:35.116,9.34894,9.35326,1.00,1.00
2016.07.18 03:55:35.616,9.34873,9.35327,1.00,1.00
2016.07.18 03:55:36.118,9.34864,9.35326,1.00,1.00
2016.07.18 03:55:36.422,9.34854,9.35326,1.00,1.00
2016.07.18 03:55:36.624,9.34874,9.35316,1.00,1.00
2016.07.18 03:55:37.127,9.34894,9.35326,1.00,1.00
2016.07.18 03:55:37.627,9.34874,9.35326,1.00,1.00
2016.07.18 03:55:37.930,9.34884,9.35326,1.00,1.00
2016.07.18 03:55:38.133,9.34844,9.35316,1.00,1.00
2016.07.18 03:55:38.437,9.34834,9.35306,1.00,1.00
2016.07.18 03:55:38.740,9.34864,9.35316,1.00,1.00
2016.07.18 03:55:38.942,9.34854,9.35316,1.00,1.00
2016.07.18 03:55:39.105,9.34864,9.35306,1.00,1.00
2016.07.18 03:55:39.411,9.34884,9.35316,1.00,1.00
2016.07.18 03:55:39.718,9.34894,9.35326,1.00,1.00
2016.07.18 03:55:39.921,9.34884,9.35326,1.00,1.00
2016.07.18 03:55:40.123,9.34873,9.35327,1.00,1.00
2016.07.18 03:55:40.410,9.34863,9.35327,1.00,1.00
2016.07.18 03:55:40.616,9.34884,9.35316,1.00,1.00
2016.07.18 03:55:40.920,9.34894,9.35326,1.00,1.00
2016.07.18 03:55:41.414,9.34884,9.35326,1.00,1.00
2016.07.18 03:55:41.617,9.34863,9.35327,1.00,1.00
2016.07.18 03:55:41.920,9.34854,9.35326,1.00,1.00
2016.07.18 03:55:42.123,9.34874,9.35316,1.00,1.00
2016.07.18 03:55:42.426,9.34894,9.35326,1.00,1.00
2016.07.18 03:55:42.915,9.34884,9.35326,1.00,1.00
2016.07.18 03:55:44.915,9.34884,9.35316,1.00,1.00
2016.07.18 03:55:45.116,9.34863,9.35317,1.00,1.00
2016.07.18 03:55:45.420,9.34854,9.35316,1.00,1.00
2016.07.18 03:55:45.624,9.34874,9.35316,1.00,1.00
2016.07.18 03:55:45.928,9.34884,9.35316,1.00,1.00
2016.07.18 03:55:46.157,9.34893,9.35327,1.00,1.00
2016.07.18 03:55:46.462,9.34884,9.35336,1.00,1.00
2016.07.18 03:55:46.665,9.34864,9.35326,1.00,1.00
2016.07.18 03:55:47.458,9.34893,9.35327,1.00,1.00
2016.07.18 03:55:47.930,9.34894,9.35336,1.00,1.00
2016.07.18 03:55:48.422,9.34884,9.35336,1.00,1.00
2016.07.18 03:55:48.942,9.34873,9.35327,1.00,1.00
2016.07.18 03:55:49.442,9.34884,9.35326,1.00,1.00
2016.07.18 03:55:49.930,9.34894,9.35326,1.00,1.00
2016.07.18 03:55:50.132,9.34903,9.35337,1.00,1.00
2016.07.18 03:55:50.234,9.34894,9.35336,1.00,1.00
2016.07.18 03:55:50.443,9.34884,9.35336,1.00,1.00
2016.07.18 03:55:50.932,9.34864,9.35336,1.00,1.50
2016.07.18 03:55:51.134,9.34844,9.35316,1.00,1.00
2016.07.18 03:55:51.446,9.34834,9.35306,1.00,1.00
2016.07.18 03:55:54.336,9.34834,9.35296,1.00,1.00
2016.07.18 03:55:57.265,9.34834,9.35296,1.00,1.60
2016.07.18 03:55:57.367,9.34804,9.35276,1.00,1.00
2016.07.18 03:55:57.671,9.34794,9.35266,1.00,1.00
2016.07.18 03:56:00.149,9.34794,9.35256,1.00,1.00
2016.07.18 03:56:01.151,9.34794,9.35246,1.00,1.00
2016.07.18 03:56:04.156,9.34794,9.35236,1.00,1.00
2016.07.18 03:56:10.376,9.34804,9.35246,1.00,1.00
2016.07.18 03:56:10.679,9.34824,9.35256,1.00,1.00
2016.07.18 03:56:10.983,9.34834,9.35266,1.00,1.00
2016.07.18 03:56:11.327,9.34844,9.35276,1.00,1.00
2016.07.18 03:56:11.378,9.34834,9.35276,1.00,1.00
2016.07.18 03:56:11.681,9.34844,9.35276,1.00,1.00
2016.07.18 03:56:17.416,9.34864,9.35296,1.00,1.00
2016.07.18 03:56:17.618,9.34854,9.35296,1.00,1.00
2016.07.18 03:56:18.125,9.34864,9.35296,1.00,1.00
2016.07.18 03:56:21.424,9.34834,9.35296,1.00,1.00
2016.07.18 03:56:21.626,9.34854,9.35296,1.00,1.00
2016.07.18 03:56:21.929,9.34844,9.35296,1.00,1.00
2016.07.18 03:56:22.121,9.34844,9.35286,1.00,1.00
2016.07.18 03:56:22.444,9.34864,9.35296,1.00,1.00
2016.07.18 03:56:22.597,9.34854,9.35296,1.00,1.00
2016.07.18 03:56:22.900,9.34864,9.35306,1.00,1.00
2016.07.18 03:56:23.244,9.34874,9.35316,1.00,1.00
2016.07.18 03:56:28.401,9.34874,9.35306,1.00,1.00
2016.07.18 03:56:29.926,9.34834,9.35306,1.00,1.00
2016.07.18 03:56:30.128,9.34823,9.35297,1.00,1.00
2016.07.18 03:56:30.446,9.34814,9.35286,1.00,1.00
2016.07.18 03:56:30.948,9.34824,9.35286,1.00,1.00
2016.07.18 03:56:31.448,9.34834,9.35276,1.00,1.00
2016.07.18 03:56:31.949,9.34824,9.35286,1.00,1.00
2016.07.18 03:56:32.615,9.34834,9.35276,1.00,1.00
2016.07.18 03:56:33.116,9.34844,9.35276,1.00,1.00
2016.07.18 03:56:33.419,9.34834,9.35276,1.00,1.00
2016.07.18 03:56:33.933,9.34844,9.35266,1.00,1.00
2016.07.18 03:56:34.917,9.34834,9.35276,1.00,1.00
2016.07.18 03:56:35.921,9.34834,9.35266,1.00,1.00
2016.07.18 03:56:38.221,9.34844,9.35276,1.00,1.00
2016.07.18 03:56:38.325,9.34834,9.35276,1.00,1.00
2016.07.18 03:56:38.823,9.34834,9.35266,1.00,1.00
2016.07.18 03:56:39.128,9.34814,9.35266,1.00,1.00
2016.07.18 03:56:39.431,9.34804,9.35266,1.00,1.00
2016.07.18 03:56:39.634,9.34824,9.35266,1.00,1.00
2016.07.18 03:56:39.938,9.34834,9.35266,1.00,1.00
2016.07.18 03:56:40.430,9.34824,9.35266,1.00,1.00
2016.07.18 03:56:40.662,9.34814,9.35266,1.00,1.00
2016.07.18 03:56:40.931,9.34814,9.35256,1.00,1.00
2016.07.18 03:56:41.234,9.34823,9.35257,1.00,1.00
2016.07.18 03:56:41.538,9.34834,9.35266,1.00,1.00
2016.07.18 03:56:41.969,9.34824,9.35266,1.00,1.00
2016.07.18 03:56:42.133,9.34814,9.35266,1.00,1.00
2016.07.18 03:56:42.437,9.34814,9.35256,1.00,1.00
2016.07.18 03:56:42.741,9.34824,9.35256,1.00,1.00
2016.07.18 03:56:43.085,9.34834,9.35266,1.00,1.00
2016.07.18 03:56:43.365,9.34824,9.35266,1.00,1.00
2016.07.18 03:56:43.642,9.34813,9.35267,1.00,1.00
2016.07.18 03:56:44.142,9.34824,9.35256,1.00,1.00
2016.07.18 03:56:44.446,9.34834,9.35266,1.00,1.00
2016.07.18 03:56:44.875,9.34843,9.35277,1.00,1.00
2016.07.18 03:56:45.379,9.34834,9.35276,1.00,1.00
2016.07.18 03:56:47.337,9.34834,9.35266,1.00,1.00
2016.07.18 03:56:48.847,9.34814,9.35266,1.00,1.00
2016.07.18 03:56:49.162,9.34824,9.35266,1.00,1.00
2016.07.18 03:56:49.367,9.34814,9.35266,1.00,1.00
2016.07.18 03:56:49.874,9.34834,9.35266,1.00,1.00
2016.07.18 03:56:58.657,9.34864,9.35296,1.00,1.00
2016.07.18 03:56:58.860,9.34854,9.35296,1.00,1.00
2016.07.18 03:56:59.164,9.34864,9.35296,1.00,1.00
2016.07.18 03:56:59.656,9.34854,9.35296,1.00,1.00
2016.07.18 03:56:59.874,9.34874,9.35316,1.00,1.00
2016.07.18 03:57:00.177,9.34864,9.35316,1.00,1.00
2016.07.18 03:57:00.365,9.34874,9.35316,1.00,1.00
2016.07.18 03:57:05.711,9.34864,9.35316,1.00,1.00
2016.07.18 03:57:05.902,9.34854,9.35316,1.00,1.00
2016.07.18 03:57:06.404,9.34864,9.35306,1.00,1.00
2016.07.18 03:57:07.868,9.34854,9.35306,1.00,1.00
2016.07.18 03:57:08.973,9.34864,9.35316,1.00,1.00
2016.07.18 03:57:09.950,9.34864,9.35306,1.00,1.00
2016.07.18 03:57:14.928,9.34854,9.35306,1.00,1.00
2016.07.18 03:57:15.228,9.34864,9.35306,1.00,1.00
2016.07.18 03:57:17.081,9.34864,9.35296,1.00,1.00
2016.07.18 03:57:19.086,9.34854,9.35306,1.00,1.00
2016.07.18 03:57:19.385,9.34864,9.35306,1.00,1.00
2016.07.18 03:57:21.388,9.34864,9.35296,1.00,1.00
2016.07.18 03:57:41.674,9.34824,9.35296,1.00,1.00
2016.07.18 03:57:41.927,9.34814,9.35286,1.00,1.00
2016.07.18 03:57:43.131,9.34814,9.35276,1.00,1.00
2016.07.18 03:57:44.133,9.34813,9.35267,1.00,1.00
2016.07.18 03:57:45.137,9.34814,9.35256,1.00,1.00
2016.07.18 03:57:47.142,9.34814,9.35246,1.00,1.00
2016.07.18 03:57:52.282,9.34823,9.35257,1.00,1.00
2016.07.18 03:58:01.714,9.34854,9.35286,1.00,1.00
2016.07.18 03:58:01.916,9.34844,9.35286,1.00,1.00
2016.07.18 03:58:02.410,9.34854,9.35296,1.00,1.00
2016.07.18 03:58:02.714,9.34864,9.35306,1.00,1.00
2016.07.18 03:58:06.880,9.34864,9.35296,1.00,1.00
2016.07.18 03:58:09.889,9.34854,9.35306,1.00,1.00
2016.07.18 03:58:10.413,9.34864,9.35306,1.00,1.00
2016.07.18 03:58:12.393,9.34864,9.35296,1.00,1.00
2016.07.18 03:58:13.405,9.34864,9.35306,1.00,1.00
2016.07.18 03:58:17.626,9.34824,9.35296,1.00,1.00
2016.07.18 03:58:17.929,9.34814,9.35286,1.00,1.00
2016.07.18 03:58:18.232,9.34824,9.35286,1.00,1.00
2016.07.18 03:58:19.104,9.34824,9.35276,1.00,1.00
2016.07.18 03:58:20.106,9.34824,9.35266,1.00,1.00
2016.07.18 03:58:21.124,9.34823,9.35257,1.00,1.00
2016.07.18 03:58:31.739,9.34824,9.35266,1.00,1.00
2016.07.18 03:58:31.840,9.34834,9.35266,1.00,1.00
2016.07.18 03:58:32.276,9.34824,9.35266,1.00,1.00
2016.07.18 03:58:35.245,9.34824,9.35256,1.00,1.00
2016.07.18 03:58:37.663,9.34844,9.35286,1.00,1.00
2016.07.18 03:58:38.149,9.34854,9.35296,1.00,1.00
2016.07.18 03:58:38.461,9.34864,9.35306,1.00,1.00
2016.07.18 03:58:38.663,9.34853,9.35307,1.00,1.00
2016.07.18 03:58:40.862,9.34854,9.35296,1.00,1.00
2016.07.18 03:58:44.158,9.34844,9.35296,1.00,1.00
2016.07.18 03:58:45.159,9.34844,9.35286,1.00,1.00
2016.07.18 03:58:45.711,9.34834,9.35286,1.00,1.00
2016.07.18 03:58:46.161,9.34844,9.35286,1.00,1.00
2016.07.18 03:58:47.162,9.34844,9.35276,1.00,1.00
2016.07.18 03:58:56.376,9.34833,9.35277,1.00,1.00
2016.07.18 03:58:56.477,9.34824,9.35276,1.00,1.00
2016.07.18 03:58:57.878,9.34824,9.35266,1.00,1.00
2016.07.18 03:59:00.581,9.34824,9.35256,1.00,1.00
2016.07.18 03:59:07.625,9.34814,9.35256,1.00,1.00
2016.07.18 03:59:07.925,9.34804,9.35256,1.00,1.00
2016.07.18 03:59:08.431,9.34794,9.35256,1.00,1.00
2016.07.18 03:59:08.611,9.34784,9.35246,1.00,1.00
2016.07.18 03:59:09.122,9.34784,9.35236,1.00,1.00
2016.07.18 03:59:09.596,9.34794,9.35236,1.00,1.00
2016.07.18 03:59:10.926,9.34794,9.35226,1.00,1.00
2016.07.18 03:59:13.608,9.34794,9.35216,1.00,1.00
2016.07.18 03:59:15.151,9.34794,9.35226,1.00,1.00
2016.07.18 03:59:19.012,9.34784,9.35226,1.00,1.00
2016.07.18 03:59:19.114,9.34784,9.35216,1.00,1.00
2016.07.18 03:59:22.420,9.34784,9.35206,1.00,1.00
2016.07.18 03:59:23.663,9.34774,9.35216,1.00,1.00
2016.07.18 03:59:23.923,9.34764,9.35206,1.00,1.00
2016.07.18 03:59:24.226,9.34774,9.35216,1.00,1.00
2016.07.18 03:59:26.630,9.34774,9.35206,1.00,1.00
2016.07.18 03:59:27.632,9.34774,9.35216,1.00,1.00
2016.07.18 03:59:30.377,9.34784,9.35226,1.00,1.00
2016.07.18 03:59:30.478,9.34774,9.35226,1.00,1.00
2016.07.18 03:59:30.541,9.34784,9.35226,1.00,1.00
2016.07.18 03:59:32.546,9.34774,9.35226,1.00,1.00
2016.07.18 03:59:32.850,9.34783,9.35227,1.00,1.00
2016.07.18 03:59:33.147,9.34774,9.35226,1.00,1.00
2016.07.18 03:59:34.149,9.34774,9.35216,1.00,1.00
2016.07.18 03:59:41.862,9.34784,9.35226,1.00,1.00
2016.07.18 03:59:42.163,9.34794,9.35236,1.00,1.00
2016.07.18 03:59:50.682,9.34784,9.35236,1.00,1.00
2016.07.18 03:59:50.783,9.34774,9.35236,1.00,1.00
2016.07.18 03:59:50.884,9.34784,9.35226,1.00,1.00
2016.07.18 03:59:51.087,9.34774,9.35226,1.00,1.00
2016.07.18 03:59:53.221,9.34784,9.35226,1.00,1.00
2016.07.18 03:59:53.725,9.34783,9.35227,1.00,1.00
