2016.10.21 17:00:01.429,8.98619,8.98761,1.00,1.00
2016.10.21 17:00:03.854,8.98606,8.98748,1.00,1.00
2016.10.21 17:00:18.781,8.98599,8.98741,1.00,1.00
2016.10.21 17:00:30.592,8.98612,8.98754,1.00,1.00
2016.10.21 17:00:31.614,8.98597,8.98739,1.00,1.00
2016.10.21 17:00:32.042,8.9861,8.98752,1.00,1.00
2016.10.21 17:00:32.347,8.98625,8.98767,1.00,1.00
2016.10.21 17:00:33.261,8.98611,8.98753,1.00,1.00
2016.10.21 17:00:34.009,8.98598,8.9874,1.00,1.00
2016.10.21 17:00:34.433,8.98585,8.98727,1.00,1.00
2016.10.21 17:00:34.738,8.98572,8.98714,1.00,1.00
2016.10.21 17:00:35.079,8.98587,8.98729,1.00,1.00
2016.10.21 17:00:36.636,8.98614,8.98756,1.00,1.00
2016.10.21 17:00:36.942,8.9863,8.98772,1.00,1.00
2016.10.21 17:00:37.491,8.98643,8.98785,1.00,1.00
2016.10.21 17:00:38.876,8.98658,8.988,1.00,1.00
2016.10.21 17:00:39.223,8.98655,8.98797,1.00,1.00
2016.10.21 17:00:40.969,8.9864,8.98784,1.00,1.00
2016.10.21 17:00:41.071,8.98657,8.98799,1.00,1.00
2016.10.21 17:00:41.861,8.98642,8.98784,1.00,1.00
2016.10.21 17:00:48.560,8.98629,8.98771,1.00,1.00
2016.10.21 17:00:48.974,8.98642,8.98786,1.00,1.00
2016.10.21 17:00:54.476,8.98656,8.98798,1.00,1.00
2016.10.21 17:00:55.483,8.98669,8.98811,1.00,1.00
2016.10.21 17:00:55.790,8.98655,8.98797,1.00,1.00
2016.10.21 17:00:56.770,8.98657,8.98799,1.00,1.00
2016.10.21 17:00:58.922,8.98651,8.98793,1.00,1.00
2016.10.21 17:00:59.604,8.98664,8.98806,1.00,1.00
2016.10.21 17:00:59.750,8.9865,8.98794,1.00,1.00
2016.10.21 17:01:00.521,8.98665,8.98807,1.00,1.00
2016.10.21 17:01:02.438,8.9865,8.98794,1.00,1.00
2016.10.21 17:01:04.803,8.98637,8.98779,1.00,1.00
2016.10.21 17:01:04.854,8.98649,8.98793,1.00,1.00
2016.10.21 17:01:04.932,8.98636,8.98778,1.00,1.00
2016.10.21 17:01:05.238,8.98623,8.98765,1.00,1.00
2016.10.21 17:01:07.325,8.98637,8.98779,1.00,1.00
2016.10.21 17:01:09.901,8.98624,8.98766,1.00,1.00
2016.10.21 17:01:17.798,8.98611,8.98753,1.00,1.00
2016.10.21 17:01:18.111,8.98624,8.98766,1.00,1.00
2016.10.21 17:01:18.569,8.98611,8.98753,1.00,1.00
2016.10.21 17:01:18.873,8.98624,8.98766,1.00,1.00
2016.10.21 17:01:19.183,8.98613,8.98755,1.00,1.00
2016.10.21 17:01:19.725,8.98612,8.98756,1.00,1.00
2016.10.21 17:01:20.561,8.98626,8.98768,1.00,1.00
2016.10.21 17:01:20.902,8.98613,8.98755,1.00,1.00
2016.10.21 17:01:21.698,8.98628,8.9877,1.00,1.00
2016.10.21 17:01:30.789,8.98615,8.98757,1.00,1.00
2016.10.21 17:01:31.587,8.98628,8.9877,1.00,1.00
2016.10.21 17:01:31.881,8.98612,8.98756,1.00,1.00
2016.10.21 17:01:39.181,8.98607,8.98749,1.00,1.00
2016.10.21 17:01:41.817,8.9862,8.98762,1.00,1.00
2016.10.21 17:01:43.892,8.98634,8.98778,1.00,1.00
2016.10.21 17:01:44.095,8.98622,8.98764,1.00,1.00
2016.10.21 17:01:44.668,8.9861,8.98752,1.00,1.00
2016.10.21 17:01:59.149,8.98617,8.98759,1.00,1.00
2016.10.21 17:02:10.045,8.98604,8.98746,1.00,1.00
2016.10.21 17:02:10.850,8.98618,8.9876,1.00,1.00
2016.10.21 17:02:11.470,8.98604,8.98746,1.00,1.00
2016.10.21 17:02:11.799,8.98606,8.98748,1.00,1.00
2016.10.21 17:02:12.635,8.98618,8.9876,1.00,1.00
2016.10.21 17:02:12.940,8.98604,8.98746,1.00,1.00
2016.10.21 17:02:13.245,8.98617,8.98759,1.00,1.00
2016.10.21 17:02:13.552,8.98619,8.98763,1.00,1.00
2016.10.21 17:02:14.082,8.98604,8.98746,1.00,1.00
2016.10.21 17:02:14.397,8.9862,8.98762,1.00,1.00
2016.10.21 17:02:14.701,8.98617,8.98759,1.00,1.00
2016.10.21 17:02:15.378,8.98618,8.9876,1.00,1.00
2016.10.21 17:02:15.480,8.98604,8.98748,1.00,1.00
2016.10.21 17:02:15.861,8.98619,8.98763,1.00,1.00
2016.10.21 17:02:16.164,8.98606,8.98748,1.00,1.00
2016.10.21 17:02:16.773,8.9862,8.98762,1.00,1.00
2016.10.21 17:02:17.145,8.98604,8.98746,1.00,1.00
2016.10.21 17:02:17.943,8.98617,8.98759,1.00,1.00
2016.10.21 17:02:18.785,8.98604,8.98746,1.00,1.00
2016.10.21 17:02:19.133,8.98617,8.98759,1.00,1.00
2016.10.21 17:02:19.488,8.98604,8.98746,1.00,1.00
2016.10.21 17:02:19.794,8.98617,8.98759,1.00,1.00
2016.10.21 17:02:20.344,8.98618,8.9876,1.00,1.00
2016.10.21 17:02:20.749,8.98604,8.98746,1.00,1.00
2016.10.21 17:02:21.255,8.9862,8.98762,1.00,1.00
2016.10.21 17:02:21.981,8.98604,8.98746,1.00,1.00
2016.10.21 17:02:30.778,8.98584,8.98726,1.50,1.00
2016.10.21 17:02:30.829,8.98584,8.98726,1.00,1.00
2016.10.21 17:02:31.632,8.98597,8.98739,1.00,1.00
2016.10.21 17:02:32.400,8.98584,8.98726,1.00,1.00
2016.10.21 17:02:33.619,8.98571,8.98713,1.00,1.00
2016.10.21 17:02:35.481,8.98585,8.98727,1.00,1.00
2016.10.21 17:02:36.278,8.98586,8.98728,1.00,1.00
2016.10.21 17:02:37.726,8.98573,8.98715,1.00,1.00
2016.10.21 17:02:38.032,8.98586,8.98728,1.00,1.00
2016.10.21 17:02:38.906,8.98581,8.98723,1.00,1.00
2016.10.21 17:02:47.814,8.98567,8.98709,1.00,1.00
2016.10.21 17:02:59.256,8.9857,8.98712,1.00,1.00
2016.10.21 17:03:10.248,8.98584,8.98726,1.00,1.00
2016.10.21 17:03:18.721,8.9857,8.98712,1.00,1.00
2016.10.21 17:03:19.027,8.98568,8.9871,1.00,1.00
2016.10.21 17:03:20.786,8.98554,8.98696,1.00,1.00
2016.10.21 17:03:26.673,8.98567,8.98709,1.00,1.00
2016.10.21 17:03:35.411,8.98582,8.98724,1.00,1.00
2016.10.21 17:03:35.590,8.98566,8.9871,1.00,1.00
2016.10.21 17:03:38.908,8.98568,8.9871,1.00,1.00
2016.10.21 17:03:42.809,8.98555,8.98697,1.00,1.00
2016.10.21 17:03:44.867,8.98566,8.98708,1.00,1.00
2016.10.21 17:03:45.178,8.98563,8.98705,1.00,1.00
2016.10.21 17:03:46.955,8.9855,8.98692,1.00,1.00
2016.10.21 17:03:49.403,8.98582,8.98724,1.00,1.00
2016.10.21 17:03:49.715,8.98566,8.98708,1.00,1.00
2016.10.21 17:03:50.380,8.98553,8.98695,1.00,1.00
2016.10.21 17:03:53.538,8.98537,8.98679,1.00,1.00
2016.10.21 17:03:54.366,8.98554,8.98696,1.00,1.00
2016.10.21 17:03:58.846,8.98547,8.98689,1.00,1.00
2016.10.21 17:04:16.190,8.98534,8.98676,1.00,1.00
2016.10.21 17:04:18.194,8.98521,8.98663,1.00,1.00
2016.10.21 17:04:18.904,8.98514,8.98656,1.00,1.00
2016.10.21 17:04:23.331,8.98527,8.98669,1.00,1.00
2016.10.21 17:04:23.949,8.98511,8.98653,1.00,1.00
2016.10.21 17:04:26.840,8.98524,8.98666,1.00,1.00
2016.10.21 17:04:31.325,8.98511,8.98653,1.00,1.00
2016.10.21 17:04:58.221,8.98525,8.98667,1.00,1.00
2016.10.21 17:04:59.271,8.98527,8.98669,1.00,1.00
2016.10.21 17:05:05.206,8.98514,8.98656,1.00,1.00
2016.10.21 17:05:06.122,8.98527,8.98669,1.00,1.00
2016.10.21 17:05:06.427,8.98522,8.98664,1.00,1.00
2016.10.21 17:05:16.716,8.98535,8.98677,1.00,1.00
2016.10.21 17:05:19.126,8.98544,8.98686,1.00,1.00
2016.10.21 17:05:20.366,8.98531,8.98673,1.00,1.00
2016.10.21 17:05:20.680,8.98546,8.98688,1.00,1.00
2016.10.21 17:05:21.269,8.98531,8.98673,1.00,1.00
2016.10.21 17:05:34.209,8.98544,8.98686,1.00,1.00
2016.10.21 17:05:36.259,8.98531,8.98673,1.00,1.00
2016.10.21 17:05:37.206,8.98544,8.98686,1.00,1.00
2016.10.21 17:05:38.793,8.98541,8.98683,1.00,1.00
2016.10.21 17:05:42.218,8.98553,8.98697,1.00,1.00
2016.10.21 17:05:50.020,8.98568,8.9871,1.00,1.00
2016.10.21 17:05:50.658,8.98567,8.98709,1.00,1.00
2016.10.21 17:05:56.035,8.9858,8.98722,1.00,1.00
2016.10.21 17:05:56.341,8.98566,8.98708,1.00,1.00
2016.10.21 17:05:56.836,8.98579,8.98721,1.00,1.00
2016.10.21 17:05:57.145,8.98566,8.98708,1.00,1.00
2016.10.21 17:05:57.555,8.9858,8.98722,1.00,1.00
2016.10.21 17:05:58.830,8.98577,8.98719,1.00,1.00
2016.10.21 17:06:06.353,8.98564,8.98706,1.00,1.00
2016.10.21 17:06:07.661,8.98551,8.98693,1.00,1.00
2016.10.21 17:06:08.187,8.98552,8.98694,1.00,1.00
2016.10.21 17:06:09.285,8.98565,8.98707,1.00,1.00
2016.10.21 17:06:10.189,8.98551,8.98693,1.00,1.00
2016.10.21 17:06:11.580,8.98564,8.98706,1.00,1.00
2016.10.21 17:06:12.392,8.98551,8.98693,1.00,1.00
2016.10.21 17:06:12.973,8.98564,8.98706,1.00,1.00
2016.10.21 17:06:13.985,8.98551,8.98693,1.00,1.00
2016.10.21 17:06:16.909,8.98564,8.98706,1.00,1.00
2016.10.21 17:06:17.221,8.98549,8.98691,1.00,1.00
2016.10.21 17:06:17.528,8.98562,8.98704,1.00,1.00
2016.10.21 17:06:18.895,8.98558,8.987,1.00,1.00
2016.10.21 17:06:19.302,8.98571,8.98713,1.00,1.00
2016.10.21 17:06:21.823,8.98557,8.98699,1.00,1.00
2016.10.21 17:06:22.989,8.9857,8.98712,1.00,1.00
2016.10.21 17:06:28.486,8.98583,8.98725,1.00,1.00
2016.10.21 17:06:28.945,8.9857,8.98712,1.00,1.00
2016.10.21 17:06:38.934,8.98567,8.98709,1.00,1.00
2016.10.21 17:06:43.048,8.98554,8.98696,1.00,1.00
2016.10.21 17:06:49.460,8.98541,8.98683,1.00,1.00
2016.10.21 17:06:54.280,8.98554,8.98696,1.00,1.00
2016.10.21 17:06:58.916,8.9855,8.98692,1.00,1.00
2016.10.21 17:07:17.331,8.98532,8.98676,1.00,1.00
2016.10.21 17:07:38.908,8.98539,8.98683,1.00,1.00
2016.10.21 17:07:39.314,8.98522,8.98664,1.00,1.00
2016.10.21 17:07:42.815,8.98535,8.98677,1.00,1.00
2016.10.21 17:07:59.156,8.98528,8.9867,1.00,1.00
2016.10.21 17:08:15.137,8.9851,8.98652,1.00,1.00
2016.10.21 17:08:15.441,8.98524,8.98666,1.00,1.00
2016.10.21 17:08:18.933,8.98521,8.98663,1.00,1.00
2016.10.21 17:08:38.877,8.98522,8.98664,1.00,1.00
2016.10.21 17:08:43.003,8.98535,8.98679,1.00,1.00
2016.10.21 17:08:43.407,8.98522,8.98666,1.00,1.00
2016.10.21 17:08:48.783,8.98509,8.98651,1.00,1.00
2016.10.21 17:08:58.894,8.98508,8.9865,1.00,1.00
2016.10.21 17:09:04.519,8.98521,8.98663,1.00,1.00
2016.10.21 17:09:08.241,8.98507,8.98651,1.00,1.00
2016.10.21 17:09:18.134,8.9852,8.98664,1.00,1.00
2016.10.21 17:09:18.845,8.98519,8.98661,1.00,1.00
2016.10.21 17:09:22.871,8.98505,8.98647,1.00,1.00
2016.10.21 17:09:38.875,8.985,8.98642,1.00,1.00
2016.10.21 17:09:51.768,8.98486,8.98628,1.00,1.00
2016.10.21 17:09:54.186,8.98472,8.98616,1.00,1.00
2016.10.21 17:09:55.308,8.98459,8.98601,1.00,1.00
2016.10.21 17:09:56.724,8.98445,8.98587,1.00,1.00
2016.10.21 17:09:56.932,8.98431,8.98575,1.00,1.00
2016.10.21 17:09:57.339,8.9842,8.98562,1.00,1.00
2016.10.21 17:09:57.814,8.98407,8.98549,1.00,1.00
2016.10.21 17:09:58.923,8.98405,8.98547,1.00,1.00
2016.10.21 17:10:06.953,8.98392,8.98534,1.00,1.00
2016.10.21 17:10:17.996,8.98378,8.9852,1.00,1.00
2016.10.21 17:10:18.855,8.98382,8.98524,1.00,1.00
2016.10.21 17:10:23.173,8.98368,8.9851,1.00,1.00
2016.10.21 17:10:31.529,8.98354,8.98496,1.00,1.00
2016.10.21 17:10:33.020,8.98341,8.98483,1.00,1.00
2016.10.21 17:10:35.716,8.98327,8.98469,1.00,1.00
2016.10.21 17:10:41.233,8.98312,8.98454,1.00,1.00
2016.10.21 17:10:46.722,8.98299,8.98441,1.00,1.00
2016.10.21 17:10:55.531,8.98313,8.98455,1.00,1.00
2016.10.21 17:10:56.134,8.983,8.98442,1.00,1.00
2016.10.21 17:10:58.836,8.98297,8.98439,1.00,1.00
2016.10.21 17:11:01.203,8.98284,8.98426,1.00,1.00
2016.10.21 17:11:07.829,8.98271,8.98413,1.00,1.00
2016.10.21 17:11:09.755,8.98286,8.98428,1.00,1.00
2016.10.21 17:11:18.504,8.98273,8.98415,1.00,1.00
2016.10.21 17:11:18.809,8.98286,8.98428,1.00,1.00
2016.10.21 17:11:18.911,8.98278,8.98422,1.00,1.00
2016.10.21 17:11:38.639,8.98266,8.98408,1.00,1.00
2016.10.21 17:11:39.133,8.98258,8.984,1.00,1.00
2016.10.21 17:11:40.146,8.98271,8.98413,1.00,1.00
2016.10.21 17:11:40.552,8.98258,8.984,1.00,1.00
2016.10.21 17:11:40.965,8.98273,8.98415,1.00,1.00
2016.10.21 17:11:41.270,8.98259,8.98401,1.00,1.00
2016.10.21 17:11:43.209,8.98258,8.984,1.00,1.00
2016.10.21 17:11:53.246,8.98272,8.98414,1.00,1.00
2016.10.21 17:11:54.074,8.98257,8.98399,1.00,1.00
2016.10.21 17:11:56.082,8.9827,8.98412,1.00,1.00
2016.10.21 17:11:57.240,8.98257,8.98399,1.00,1.00
2016.10.21 17:11:57.693,8.9827,8.98412,1.00,1.00
2016.10.21 17:11:58.455,8.98283,8.98425,1.00,1.00
2016.10.21 17:11:58.899,8.98274,8.98416,1.00,1.00
2016.10.21 17:12:01.555,8.9826,8.98402,1.00,1.00
2016.10.21 17:12:04.861,8.98247,8.98389,1.00,1.00
2016.10.21 17:12:17.603,8.98261,8.98403,1.00,1.00
2016.10.21 17:12:18.890,8.98263,8.98405,1.00,1.00
2016.10.21 17:12:19.313,8.98249,8.98391,1.00,1.00
2016.10.21 17:12:20.694,8.98262,8.98404,1.00,1.00
2016.10.21 17:12:20.999,8.98249,8.98391,1.00,1.00
2016.10.21 17:12:21.834,8.98263,8.98405,1.00,1.00
2016.10.21 17:12:24.619,8.98277,8.98419,1.00,1.00
2016.10.21 17:12:25.522,8.98264,8.98406,1.00,1.00
2016.10.21 17:12:25.837,8.98277,8.98419,1.00,1.00
2016.10.21 17:12:30.730,8.9829,8.98432,1.00,1.00
2016.10.21 17:12:31.037,8.98304,8.98446,1.00,1.00
2016.10.21 17:12:31.405,8.98318,8.9846,1.00,1.00
2016.10.21 17:12:39.251,8.98317,8.98459,1.00,1.00
2016.10.21 17:12:59.314,8.98314,8.98456,1.00,1.00
2016.10.21 17:13:18.892,8.98318,8.9846,1.00,1.00
2016.10.21 17:13:23.968,8.98331,8.98473,1.00,1.00
2016.10.21 17:13:33.049,8.98318,8.9846,1.00,1.00
2016.10.21 17:13:34.165,8.98331,8.98473,1.00,1.00
2016.10.21 17:13:35.457,8.98344,8.98486,1.00,1.00
2016.10.21 17:13:35.761,8.98331,8.98473,1.00,1.00
2016.10.21 17:13:38.871,8.98335,8.98477,1.00,1.00
2016.10.21 17:13:42.284,8.98431,8.98477,2.10,1.00
2016.10.21 17:13:42.335,8.98509,8.986,1.00,3.75
2016.10.21 17:13:42.386,8.98509,8.98636,1.00,1.00
2016.10.21 17:13:42.437,8.98444,8.98571,1.60,2.50
2016.10.21 17:13:42.488,8.98464,8.9857,1.00,2.50
2016.10.21 17:13:42.539,8.98547,8.98689,1.60,1.00
2016.10.21 17:13:42.591,8.98585,8.98689,1.00,1.00
2016.10.21 17:13:42.642,8.98585,8.98707,1.00,1.00
2016.10.21 17:13:42.743,8.98585,8.98724,1.00,1.00
2016.10.21 17:13:42.845,8.98594,8.98736,1.00,1.00
2016.10.21 17:13:42.947,8.98631,8.98775,1.00,1.00
2016.10.21 17:13:43.049,8.98645,8.98787,1.00,1.00
2016.10.21 17:13:43.151,8.9866,8.98804,1.00,1.00
2016.10.21 17:13:43.666,8.98674,8.98816,1.00,1.00
2016.10.21 17:13:44.073,8.98687,8.98829,1.00,1.00
2016.10.21 17:13:44.378,8.98701,8.98843,1.00,1.00
2016.10.21 17:13:46.116,8.98714,8.98856,1.00,1.00
2016.10.21 17:13:46.420,8.98741,8.98883,1.00,1.00
2016.10.21 17:13:50.162,8.98755,8.98897,1.00,1.00
2016.10.21 17:13:50.489,8.98798,8.9894,1.00,1.00
2016.10.21 17:13:51.462,8.98812,8.98954,1.00,1.00
2016.10.21 17:13:59.036,8.98814,8.98956,1.00,1.00
2016.10.21 17:13:59.342,8.98849,8.98991,1.00,1.00
2016.10.21 17:14:04.609,8.9889,8.99032,1.00,1.00
2016.10.21 17:14:04.660,8.9889,8.99032,1.00,1.00
2016.10.21 17:14:04.762,8.98904,8.99046,1.00,1.00
2016.10.21 17:14:04.813,8.98938,8.99082,1.00,1.00
2016.10.21 17:14:04.865,8.98938,8.99082,1.00,1.00
2016.10.21 17:14:04.916,8.98955,8.99097,1.00,1.00
2016.10.21 17:14:06.919,8.98941,8.99083,1.00,1.00
2016.10.21 17:14:11.629,8.98987,8.99129,1.00,1.00
2016.10.21 17:14:11.720,8.98987,8.99129,1.00,1.00
2016.10.21 17:14:11.772,8.98987,8.99129,1.60,1.00
2016.10.21 17:14:11.975,8.98987,8.99129,1.00,1.00
2016.10.21 17:14:18.416,8.9897,8.99112,1.37,1.00
2016.10.21 17:14:18.467,8.9897,8.99112,1.00,1.00
2016.10.21 17:14:18.518,8.98955,8.99099,1.00,1.00
2016.10.21 17:14:18.569,8.98955,8.99099,1.00,1.00
2016.10.21 17:14:19.073,8.98948,8.9909,1.00,1.00
2016.10.21 17:14:19.378,8.98934,8.99076,1.00,1.00
2016.10.21 17:14:20.445,8.9892,8.99062,1.00,1.00
2016.10.21 17:14:23.560,8.98926,8.99062,2.10,1.00
2016.10.21 17:14:23.611,8.98955,8.99062,1.00,1.00
2016.10.21 17:14:23.662,8.98975,8.99117,1.00,1.00
2016.10.21 17:14:23.764,8.98988,8.9913,1.00,1.00
2016.10.21 17:14:23.816,8.98988,8.9913,1.60,1.00
2016.10.21 17:14:24.172,8.98988,8.9913,1.60,1.00
2016.10.21 17:14:25.021,8.98988,8.9913,1.00,1.00
2016.10.21 17:14:25.720,8.98988,8.99128,1.00,1.00
2016.10.21 17:14:25.771,8.98966,8.99108,1.00,1.00
2016.10.21 17:14:26.086,8.98966,8.99098,1.00,1.00
2016.10.21 17:14:26.137,8.98936,8.99078,1.00,1.00
2016.10.21 17:14:27.936,8.98923,8.99065,1.00,1.00
2016.10.21 17:14:28.241,8.9891,8.99052,1.00,1.00
2016.10.21 17:14:31.345,8.98897,8.99039,1.00,1.00
2016.10.21 17:14:31.664,8.98897,8.99039,1.00,1.00
2016.10.21 17:14:31.989,8.98868,8.9901,1.00,1.00
2016.10.21 17:14:32.460,8.98853,8.98997,1.00,1.00
2016.10.21 17:14:32.561,8.98841,8.98983,1.00,1.00
2016.10.21 17:14:32.866,8.98825,8.98967,1.00,1.00
2016.10.21 17:14:33.728,8.98811,8.98955,1.00,1.00
2016.10.21 17:14:33.779,8.98799,8.98941,1.00,1.00
2016.10.21 17:14:37.797,8.98895,8.98941,2.10,1.00
2016.10.21 17:14:37.848,8.98939,8.98944,1.00,1.00
2016.10.21 17:14:38.262,8.98955,8.99097,1.00,1.00
2016.10.21 17:14:38.313,8.98955,8.99097,1.00,1.00
2016.10.21 17:14:38.414,8.9892,8.99062,1.00,1.00
2016.10.21 17:14:38.719,8.98903,8.99045,1.00,1.00
2016.10.21 17:14:38.871,8.98905,8.99049,1.00,1.00
2016.10.21 17:14:38.973,8.98893,8.99035,1.00,1.00
2016.10.21 17:14:40.075,8.9888,8.99022,1.00,1.00
2016.10.21 17:14:43.060,8.98949,8.99022,1.35,1.00
2016.10.21 17:14:43.111,8.9897,8.99096,1.00,1.00
2016.10.21 17:14:43.162,8.98985,8.99121,1.00,1.00
2016.10.21 17:14:43.213,8.98985,8.99127,1.00,1.00
2016.10.21 17:14:43.315,8.98985,8.99127,1.60,1.00
2016.10.21 17:14:43.366,8.99008,8.9915,1.00,1.00
2016.10.21 17:14:43.417,8.99008,8.9915,1.00,1.00
2016.10.21 17:14:43.518,8.99008,8.9915,1.60,1.00
2016.10.21 17:14:43.569,8.99008,8.9915,1.97,1.00
2016.10.21 17:14:43.721,8.99008,8.9915,1.97,1.00
2016.10.21 17:14:43.772,8.99008,8.9915,1.37,1.00
2016.10.21 17:14:47.515,8.99008,8.9915,1.00,1.00
2016.10.21 17:14:48.099,8.99008,8.9915,1.00,1.00
2016.10.21 17:14:55.921,8.98995,8.99137,1.00,1.00
2016.10.21 17:14:55.973,8.98995,8.99132,1.00,1.00
2016.10.21 17:14:56.024,8.9897,8.99112,1.00,1.00
2016.10.21 17:14:56.075,8.9897,8.99106,1.00,1.00
2016.10.21 17:14:56.126,8.98944,8.99086,1.00,1.00
2016.10.21 17:14:56.489,8.9893,8.99072,1.00,1.00
2016.10.21 17:14:58.938,8.98929,8.99071,1.00,1.00
2016.10.21 17:15:01.060,8.98963,8.99071,1.00,1.00
2016.10.21 17:15:01.111,8.98983,8.99125,1.00,1.00
2016.10.21 17:15:04.221,8.9897,8.99112,1.00,1.00
2016.10.21 17:15:04.526,8.98935,8.99077,1.00,1.00
2016.10.21 17:15:09.309,8.9898,8.99077,1.00,1.00
2016.10.21 17:15:09.360,8.99,8.99142,1.00,1.00
2016.10.21 17:15:09.411,8.99,8.99142,1.00,1.00
2016.10.21 17:15:09.992,8.99013,8.99155,1.00,1.00
2016.10.21 17:15:14.521,8.99014,8.99155,1.00,1.00
2016.10.21 17:15:15.146,8.99031,8.99173,1.00,1.00
2016.10.21 17:15:15.218,8.99034,8.99173,1.00,1.00
2016.10.21 17:15:15.272,8.99054,8.99196,1.00,1.00
2016.10.21 17:15:15.323,8.99071,8.99196,1.00,1.00
2016.10.21 17:15:15.374,8.99091,8.99233,1.00,1.00
2016.10.21 17:15:15.425,8.99091,8.99233,1.50,1.00
2016.10.21 17:15:15.476,8.99111,8.99253,1.00,1.00
2016.10.21 17:15:15.959,8.99124,8.99266,1.00,1.00
2016.10.21 17:15:18.861,8.99132,8.99274,1.00,1.00
2016.10.21 17:15:22.369,8.9921,8.99274,1.00,1.00
2016.10.21 17:15:22.420,8.99249,8.99391,1.00,1.00
2016.10.21 17:15:22.471,8.99265,8.99407,1.00,1.00
2016.10.21 17:15:22.776,8.99324,8.99466,1.00,1.00
2016.10.21 17:15:26.710,8.99324,8.99456,1.00,1.00
2016.10.21 17:15:27.369,8.99324,8.99466,1.00,1.50
2016.10.21 17:15:27.420,8.99324,8.99456,1.00,1.00
2016.10.21 17:15:31.318,8.99342,8.99484,1.00,1.00
2016.10.21 17:15:33.099,8.99342,8.99439,1.00,1.00
2016.10.21 17:15:33.150,8.99276,8.99418,1.00,1.00
2016.10.21 17:15:33.201,8.99259,8.99401,1.00,1.00
2016.10.21 17:15:33.506,8.99246,8.99388,1.00,1.00
2016.10.21 17:15:38.888,8.99245,8.99387,1.00,1.00
2016.10.21 17:15:40.408,8.99231,8.99373,1.00,1.00
2016.10.21 17:15:41.210,8.99215,8.99357,1.00,1.00
2016.10.21 17:15:45.676,8.99201,8.99343,1.00,1.00
2016.10.21 17:15:45.769,8.99201,8.99343,1.00,1.00
2016.10.21 17:15:45.871,8.99228,8.99343,1.00,1.00
2016.10.21 17:15:45.922,8.99248,8.9939,1.00,1.00
2016.10.21 17:15:45.973,8.99251,8.9939,1.00,1.00
2016.10.21 17:15:46.024,8.99271,8.99413,1.00,1.00
2016.10.21 17:15:46.618,8.99288,8.9943,1.00,1.00
2016.10.21 17:15:47.442,8.99274,8.99416,1.00,1.00
2016.10.21 17:15:47.762,8.99287,8.99429,1.00,1.00
2016.10.21 17:15:48.360,8.99287,8.99424,1.00,1.00
2016.10.21 17:15:48.411,8.99262,8.99404,1.00,1.00
2016.10.21 17:15:48.513,8.99248,8.9939,1.00,1.00
2016.10.21 17:15:48.818,8.99218,8.9936,1.00,1.00
2016.10.21 17:15:49.262,8.992,8.99342,1.00,1.00
2016.10.21 17:15:51.541,8.99249,8.99342,1.00,1.00
2016.10.21 17:15:51.643,8.99303,8.99445,1.00,1.00
2016.10.21 17:15:51.744,8.99316,8.99458,1.00,1.00
2016.10.21 17:15:52.048,8.9934,8.99482,1.00,1.00
2016.10.21 17:15:52.904,8.99353,8.99495,1.00,1.00
2016.10.21 17:15:53.887,8.99353,8.99473,1.00,1.00
2016.10.21 17:15:53.938,8.99311,8.99453,1.00,1.00
2016.10.21 17:15:54.040,8.99295,8.99437,1.00,1.00
2016.10.21 17:15:54.356,8.99262,8.99404,1.00,1.00
2016.10.21 17:15:54.812,8.99242,8.99384,1.00,1.00
2016.10.21 17:16:11.858,8.99229,8.99371,1.00,1.00
2016.10.21 17:16:12.187,8.99215,8.99357,1.00,1.00
2016.10.21 17:16:19.510,8.99207,8.99349,1.00,1.00
2016.10.21 17:16:36.223,8.99192,8.99334,1.00,1.00
2016.10.21 17:16:38.511,8.99207,8.99349,1.00,1.00
2016.10.21 17:16:38.882,8.99197,8.99339,1.00,1.00
2016.10.21 17:16:58.363,8.99184,8.99326,1.00,1.00
2016.10.21 17:16:58.841,8.99187,8.99329,1.00,1.00
2016.10.21 17:17:18.894,8.99193,8.99335,1.00,1.00
2016.10.21 17:18:14.291,8.99194,8.99335,1.00,1.00
2016.10.21 17:18:14.545,8.99211,8.99353,1.00,1.00
2016.10.21 17:18:15.931,8.99224,8.99368,1.00,1.00
2016.10.21 17:18:19.208,8.9922,8.99364,1.00,1.00
2016.10.21 17:18:20.296,8.9922,8.99364,1.00,1.00
2016.10.21 17:18:23.461,8.9922,8.99364,1.00,1.00
2016.10.21 17:18:26.146,8.99205,8.99349,1.00,1.00
2016.10.21 17:18:26.985,8.99205,8.99349,1.00,1.00
2016.10.21 17:18:29.162,8.99223,8.99365,1.00,1.00
2016.10.21 17:18:32.524,8.99223,8.99365,1.00,1.00
2016.10.21 17:18:32.625,8.99223,8.99365,1.50,1.00
2016.10.21 17:18:32.676,8.99243,8.99385,1.00,1.00
2016.10.21 17:18:38.888,8.99244,8.99386,1.00,1.00
2016.10.21 17:18:42.094,8.99244,8.99386,1.00,1.00
2016.10.21 17:18:42.297,8.99258,8.994,1.00,1.00
2016.10.21 17:19:18.849,8.99259,8.99401,1.00,1.00
2016.10.21 17:19:29.782,8.99239,8.9938,1.00,1.00
2016.10.21 17:19:30.328,8.99238,8.9938,1.00,1.00
2016.10.21 17:19:33.994,8.9925,8.99392,1.00,1.00
2016.10.21 17:19:38.964,8.99243,8.99385,1.00,1.00
2016.10.21 17:19:42.190,8.9923,8.99372,1.00,1.00
2016.10.21 17:19:58.907,8.99219,8.99361,1.00,1.00
2016.10.21 17:20:18.947,8.99223,8.99365,1.00,1.00
2016.10.21 17:20:24.597,8.99236,8.99378,1.00,1.00
2016.10.21 17:20:27.669,8.99222,8.99364,1.00,1.00
2016.10.21 17:20:38.781,8.99224,8.99366,1.00,1.00
2016.10.21 17:20:53.165,8.99167,8.9929,1.00,1.00
2016.10.21 17:20:53.217,8.99128,8.9927,1.00,1.00
2016.10.21 17:20:53.320,8.99115,8.99257,1.00,1.00
2016.10.21 17:20:53.738,8.99127,8.99269,1.00,1.00
2016.10.21 17:20:53.841,8.99077,8.99219,1.00,1.00
2016.10.21 17:20:53.994,8.99092,8.99206,1.00,1.00
2016.10.21 17:20:54.049,8.99074,8.99186,1.00,1.00
2016.10.21 17:20:54.336,8.99032,8.99174,1.00,1.00
2016.10.21 17:20:54.387,8.99032,8.99174,1.00,1.00
2016.10.21 17:20:54.438,8.99018,8.99159,1.00,1.00
2016.10.21 17:20:54.590,8.99018,8.99159,1.00,1.00
2016.10.21 17:20:54.642,8.99032,8.99174,1.00,1.00
2016.10.21 17:20:54.947,8.99018,8.99143,1.00,1.00
2016.10.21 17:20:55.304,8.99001,8.99143,1.00,1.00
2016.10.21 17:20:55.824,8.98993,8.99129,1.00,1.00
2016.10.21 17:20:56.604,8.98987,8.99129,1.00,1.00
2016.10.21 17:20:58.917,8.98976,8.99118,1.00,1.00
2016.10.21 17:21:03.051,8.98998,8.9914,1.00,1.00
2016.10.21 17:21:07.579,8.99008,8.9914,1.00,1.00
2016.10.21 17:21:07.630,8.99012,8.99154,1.00,1.00
2016.10.21 17:21:07.681,8.99027,8.99171,1.00,1.00
2016.10.21 17:21:07.782,8.9904,8.99182,1.00,1.00
2016.10.21 17:21:08.086,8.99023,8.99165,1.00,1.00
2016.10.21 17:21:11.051,8.99035,8.99177,1.00,1.00
2016.10.21 17:21:16.588,8.99021,8.99165,1.00,1.00
2016.10.21 17:21:18.951,8.99023,8.99165,1.00,1.00
2016.10.21 17:21:25.137,8.99023,8.99165,1.00,1.00
2016.10.21 17:21:28.013,8.99024,8.99165,1.00,1.00
2016.10.21 17:21:28.571,8.99023,8.99165,1.00,1.00
2016.10.21 17:21:30.922,8.99036,8.99178,1.00,1.00
2016.10.21 17:21:31.125,8.99036,8.99178,1.50,1.00
2016.10.21 17:21:31.176,8.99056,8.99198,1.00,1.00
2016.10.21 17:21:34.321,8.99042,8.99184,1.00,1.00
2016.10.21 17:21:35.899,8.99055,8.99199,1.00,1.00
2016.10.21 17:21:38.892,8.9905,8.99192,1.00,1.00
2016.10.21 17:21:58.967,8.99053,8.99195,1.00,1.00
2016.10.21 17:22:18.891,8.9905,8.99192,1.00,1.00
2016.10.21 17:22:19.790,8.99063,8.99205,1.00,1.00
2016.10.21 17:22:33.252,8.9905,8.99192,1.00,1.00
2016.10.21 17:22:33.658,8.9905,8.99192,1.00,1.00
2016.10.21 17:22:33.814,8.9905,8.99192,1.00,1.00
2016.10.21 17:22:34.655,8.9905,8.99192,1.00,1.00
2016.10.21 17:22:38.317,8.9905,8.99192,1.00,1.00
2016.10.21 17:22:38.623,8.99063,8.99207,1.00,1.00
2016.10.21 17:22:39.019,8.99057,8.99199,1.00,1.00
2016.10.21 17:23:18.903,8.99054,8.99196,1.00,1.00
2016.10.21 17:23:25.344,8.99054,8.99196,1.50,1.00
2016.10.21 17:23:25.395,8.99054,8.99196,1.00,1.00
2016.10.21 17:23:26.304,8.99054,8.99196,1.50,1.00
2016.10.21 17:23:28.662,8.99054,8.99196,1.00,1.00
2016.10.21 17:23:38.644,8.99054,8.99196,1.00,1.00
2016.10.21 17:23:39.518,8.99054,8.99196,1.00,1.00
2016.10.21 17:23:39.906,8.99058,8.992,1.00,1.00
2016.10.21 17:23:43.494,8.99058,8.992,1.00,1.00
2016.10.21 17:23:45.112,8.99072,8.99214,1.00,1.00
2016.10.21 17:23:46.374,8.99072,8.99214,1.00,1.00
2016.10.21 17:23:50.366,8.99074,8.99214,1.00,1.00
2016.10.21 17:23:51.609,8.99074,8.99201,1.00,1.00
2016.10.21 17:23:55.071,8.99073,8.99201,1.00,1.00
2016.10.21 17:23:55.682,8.99074,8.99201,1.00,1.00
2016.10.21 17:23:58.952,8.99084,8.99205,1.00,1.00
2016.10.21 17:23:59.206,8.99074,8.99205,1.00,1.00
2016.10.21 17:23:59.693,8.99084,8.99205,1.00,1.00
2016.10.21 17:24:00.159,8.99074,8.99205,1.00,1.00
2016.10.21 17:24:00.549,8.99064,8.99205,1.00,1.00
2016.10.21 17:24:01.077,8.99064,8.99205,1.50,1.00
2016.10.21 17:24:01.178,8.99074,8.99205,1.00,1.00
2016.10.21 17:24:04.290,8.99064,8.99205,1.00,1.00
2016.10.21 17:24:05.271,8.99074,8.99205,1.00,1.00
2016.10.21 17:24:06.272,8.99064,8.99205,1.00,1.00
2016.10.21 17:24:10.112,8.99076,8.99218,1.00,1.00
2016.10.21 17:24:10.214,8.99064,8.99205,1.00,1.00
2016.10.21 17:24:10.879,8.99064,8.99205,1.50,1.00
2016.10.21 17:24:11.385,8.99074,8.99205,1.00,1.00
2016.10.21 17:24:15.178,8.99064,8.99205,1.00,1.00
2016.10.21 17:24:15.431,8.99074,8.99205,1.00,1.00
2016.10.21 17:24:18.838,8.99074,8.99199,1.00,1.00
2016.10.21 17:24:24.712,8.99064,8.99199,1.00,1.00
2016.10.21 17:24:25.186,8.99074,8.99199,1.00,1.00
2016.10.21 17:24:26.737,8.99073,8.99199,1.00,1.00
2016.10.21 17:24:27.244,8.99074,8.99199,1.00,1.00
2016.10.21 17:24:38.906,8.99074,8.99198,1.00,1.00
2016.10.21 17:24:39.641,8.99084,8.99198,1.00,1.00
2016.10.21 17:24:47.762,8.99064,8.99198,1.00,1.00
2016.10.21 17:24:54.032,8.99056,8.99198,1.00,1.00
2016.10.21 17:24:54.144,8.99064,8.99198,1.00,1.00
2016.10.21 17:24:54.808,8.99056,8.99198,1.00,1.00
2016.10.21 17:24:55.414,8.99064,8.99198,1.00,1.00
2016.10.21 17:24:55.953,8.99074,8.99198,1.00,1.00
2016.10.21 17:24:58.839,8.99074,8.99202,1.00,1.00
2016.10.21 17:25:01.636,8.99084,8.99202,1.00,1.00
2016.10.21 17:25:02.858,8.99074,8.99202,1.00,1.00
2016.10.21 17:25:04.641,8.99084,8.99202,1.00,1.00
2016.10.21 17:25:18.871,8.99084,8.99195,1.00,1.00
2016.10.21 17:25:24.843,8.99074,8.99193,1.00,1.00
2016.10.21 17:25:24.894,8.99074,8.99173,1.00,1.00
2016.10.21 17:25:25.097,8.99074,8.99173,1.50,1.00
2016.10.21 17:25:25.685,8.99074,8.99173,1.00,1.00
2016.10.21 17:25:25.988,8.99074,8.99173,1.50,1.00
2016.10.21 17:25:29.612,8.99074,8.99173,1.00,1.00
2016.10.21 17:25:35.238,8.99074,8.99173,1.50,1.00
2016.10.21 17:25:35.582,8.99074,8.99173,1.00,1.00
2016.10.21 17:25:39.344,8.99074,8.99173,1.50,1.00
2016.10.21 17:25:40.744,8.99074,8.99173,1.00,1.00
2016.10.21 17:25:58.841,8.99074,8.99176,1.00,1.00
2016.10.21 17:26:02.557,8.99074,8.99176,1.50,1.00
2016.10.21 17:26:03.743,8.99074,8.99176,1.00,1.00
2016.10.21 17:26:05.277,8.99064,8.99176,1.00,1.00
2016.10.21 17:26:10.080,8.99073,8.99176,1.00,1.00
2016.10.21 17:26:10.280,8.99064,8.99176,1.00,1.00
2016.10.21 17:26:11.217,8.99074,8.99176,1.00,1.00
2016.10.21 17:26:12.112,8.99044,8.99176,1.50,1.00
2016.10.21 17:26:12.163,8.99044,8.99176,1.00,1.00
2016.10.21 17:26:12.925,8.99034,8.99176,1.00,1.00
2016.10.21 17:26:13.285,8.99032,8.99176,1.00,1.00
2016.10.21 17:26:18.897,8.99032,8.99174,1.00,1.00
2016.10.21 17:26:29.624,8.99032,8.99174,1.00,1.00
2016.10.21 17:26:32.401,8.99046,8.99188,1.00,1.00
2016.10.21 17:26:38.819,8.9904,8.99182,1.00,1.00
2016.10.21 17:26:40.839,8.99024,8.99153,1.00,1.00
2016.10.21 17:26:41.057,8.99014,8.99153,1.00,1.00
2016.10.21 17:26:41.862,8.99023,8.99153,1.00,1.00
2016.10.21 17:26:42.065,8.99011,8.99153,1.00,1.00
2016.10.21 17:26:42.404,8.99026,8.99168,1.00,1.00
2016.10.21 17:26:42.776,8.9904,8.99184,1.00,1.00
2016.10.21 17:26:42.877,8.99056,8.99198,1.00,1.00
2016.10.21 17:26:58.876,8.99052,8.99194,1.00,1.00
2016.10.21 17:27:01.080,8.99065,8.99207,1.00,1.00
2016.10.21 17:27:01.613,8.99052,8.99194,1.00,1.00
2016.10.21 17:27:18.916,8.99048,8.9919,1.00,1.00
2016.10.21 17:27:26.039,8.99067,8.99209,1.00,1.00
2016.10.21 17:27:26.378,8.99055,8.99197,1.00,1.00
2016.10.21 17:27:39.138,8.99049,8.99191,1.00,1.00
2016.10.21 17:27:42.108,8.99049,8.99191,1.00,1.00
2016.10.21 17:27:55.030,8.99054,8.99191,1.00,1.00
2016.10.21 17:27:58.646,8.99049,8.99191,1.00,1.00
2016.10.21 17:27:58.883,8.99055,8.99197,1.00,1.00
2016.10.21 17:28:14.706,8.99055,8.99197,1.00,1.00
2016.10.21 17:28:15.063,8.99055,8.99197,1.00,1.00
2016.10.21 17:28:17.317,8.99055,8.99197,1.00,1.00
2016.10.21 17:28:18.840,8.99053,8.99195,1.00,1.00
2016.10.21 17:28:24.667,8.99108,8.9925,1.00,1.00
2016.10.21 17:28:25.245,8.99053,8.99195,1.00,1.00
2016.10.21 17:28:28.553,8.99063,8.99195,1.00,1.00
2016.10.21 17:28:32.857,8.99064,8.99195,1.00,1.00
2016.10.21 17:28:33.061,8.99054,8.99195,1.00,1.00
2016.10.21 17:28:34.048,8.99063,8.99195,1.00,1.00
2016.10.21 17:28:34.858,8.99054,8.99195,1.00,1.00
2016.10.21 17:28:39.452,8.99053,8.99195,1.00,1.00
2016.10.21 17:28:44.366,8.99054,8.99195,1.00,1.00
2016.10.21 17:28:49.087,8.99053,8.99195,1.00,1.00
2016.10.21 17:28:49.705,8.99054,8.99195,1.00,1.00
2016.10.21 17:28:58.890,8.99054,8.99185,1.00,1.00
2016.10.21 17:29:00.504,8.99044,8.99185,1.00,1.00
2016.10.21 17:29:03.198,8.99043,8.99185,1.00,1.00
2016.10.21 17:29:18.591,8.99054,8.99185,1.00,1.00
2016.10.21 17:29:19.296,8.99054,8.99183,1.00,1.00
2016.10.21 17:29:49.725,8.99064,8.99183,1.00,1.00
2016.10.21 17:29:50.201,8.99064,8.99197,1.00,1.00
2016.10.21 17:29:50.883,8.9907,8.99212,1.00,1.00
2016.10.21 17:29:53.542,8.99084,8.99212,1.00,1.00
2016.10.21 17:29:58.985,8.99084,8.99225,1.00,1.00
2016.10.21 17:30:00.165,8.99094,8.99225,1.00,1.00
2016.10.21 17:30:00.847,8.99104,8.99225,1.00,1.00
2016.10.21 17:30:01.651,8.99114,8.99225,1.00,1.00
2016.10.21 17:30:01.703,8.99114,8.99238,1.00,1.00
2016.10.21 17:30:02.236,8.99134,8.99238,1.00,1.00
2016.10.21 17:30:02.559,8.99124,8.99238,1.00,1.00
2016.10.21 17:30:02.660,8.99114,8.99238,1.35,1.00
2016.10.21 17:30:02.712,8.99114,8.99238,1.00,1.00
2016.10.21 17:30:02.762,8.99124,8.99238,1.00,1.00
2016.10.21 17:30:03.485,8.99113,8.99238,1.00,1.00
2016.10.21 17:30:03.927,8.99104,8.99238,1.00,1.00
2016.10.21 17:30:03.979,8.99096,8.99238,1.00,1.00
2016.10.21 17:30:04.081,8.99104,8.99238,1.00,1.00
2016.10.21 17:30:04.182,8.99096,8.99238,1.00,1.00
2016.10.21 17:30:04.388,8.99104,8.99238,1.00,1.00
2016.10.21 17:30:05.207,8.99104,8.99225,1.00,1.00
2016.10.21 17:30:05.556,8.99094,8.99225,1.00,1.00
2016.10.21 17:30:06.595,8.99104,8.99225,1.00,1.00
2016.10.21 17:30:07.051,8.99094,8.99225,1.00,1.00
2016.10.21 17:30:07.395,8.99104,8.99225,1.00,1.00
2016.10.21 17:30:11.892,8.99094,8.99225,1.00,1.00
2016.10.21 17:30:12.096,8.99084,8.99225,1.00,1.00
2016.10.21 17:30:17.509,8.99083,8.99225,1.00,1.00
2016.10.21 17:30:18.021,8.99084,8.99225,1.00,1.00
2016.10.21 17:30:19.427,8.99084,8.99217,1.00,1.00
2016.10.21 17:30:23.917,8.99075,8.99217,1.00,1.00
2016.10.21 17:30:29.697,8.99075,8.99217,1.00,1.00
2016.10.21 17:30:31.603,8.99075,8.99217,1.00,1.00
2016.10.21 17:30:38.858,8.99076,8.9922,1.00,1.00
2016.10.21 17:30:48.792,8.9909,8.99234,1.00,1.00
2016.10.21 17:30:51.650,8.9909,8.99234,1.00,1.00
2016.10.21 17:30:57.892,8.99078,8.9922,1.00,1.00
2016.10.21 17:30:58.796,8.99082,8.99224,1.00,1.00
2016.10.21 17:31:09.094,8.99082,8.99224,1.00,1.00
2016.10.21 17:31:09.145,8.99082,8.99224,1.00,1.00
2016.10.21 17:31:12.007,8.99082,8.99224,1.00,1.00
2016.10.21 17:31:12.768,8.99069,8.99211,1.00,1.00
2016.10.21 17:31:19.422,8.99074,8.99216,1.00,1.00
2016.10.21 17:31:25.687,8.99091,8.99233,1.00,1.00
2016.10.21 17:31:26.245,8.9909,8.99234,1.00,1.00
2016.10.21 17:31:27.265,8.99077,8.99219,1.00,1.00
2016.10.21 17:31:50.485,8.99074,8.99205,1.00,1.00
2016.10.21 17:31:50.638,8.99064,8.99205,1.00,1.00
2016.10.21 17:31:50.831,8.99074,8.99205,1.00,1.00
2016.10.21 17:31:51.648,8.99064,8.99205,1.00,1.00
2016.10.21 17:31:54.844,8.99077,8.99219,1.00,1.00
2016.10.21 17:31:58.823,8.99074,8.99216,1.00,1.00
2016.10.21 17:32:06.518,8.99084,8.99216,1.00,1.00
2016.10.21 17:32:15.948,8.99094,8.99216,1.00,1.00
2016.10.21 17:32:18.033,8.99084,8.99216,1.00,1.00
2016.10.21 17:32:20.948,8.99094,8.99216,1.00,1.00
2016.10.21 17:32:23.741,8.99083,8.99216,1.00,1.00
2016.10.21 17:32:23.844,8.99094,8.99216,1.00,1.00
2016.10.21 17:32:29.546,8.99103,8.99216,1.00,1.00
2016.10.21 17:32:29.901,8.99103,8.99229,1.00,1.00
2016.10.21 17:32:30.493,8.99094,8.99229,1.00,1.00
2016.10.21 17:32:33.084,8.99103,8.99229,1.00,1.00
2016.10.21 17:32:33.390,8.99114,8.99229,1.00,1.00
2016.10.21 17:32:33.978,8.99124,8.99229,1.00,1.00
2016.10.21 17:32:34.294,8.99134,8.99229,1.00,1.00
2016.10.21 17:32:34.396,8.99134,8.99242,1.00,1.00
2016.10.21 17:32:34.797,8.99134,8.99225,1.00,1.00
2016.10.21 17:32:35.054,8.99114,8.99225,1.00,1.00
2016.10.21 17:32:35.207,8.99114,8.99211,1.00,1.00
2016.10.21 17:32:38.943,8.99114,8.9921,1.00,1.00
2016.10.21 17:32:42.669,8.99104,8.9921,1.00,1.00
2016.10.21 17:32:43.500,8.99113,8.9921,1.00,1.00
2016.10.21 17:32:46.603,8.99124,8.9921,1.00,1.00
2016.10.21 17:32:47.216,8.99114,8.9921,1.00,1.00
2016.10.21 17:32:51.788,8.99114,8.99196,1.00,1.00
2016.10.21 17:32:56.800,8.99124,8.99196,1.00,1.00
2016.10.21 17:32:58.826,8.99124,8.99197,1.00,1.00
2016.10.21 17:33:02.202,8.99133,8.99197,1.00,1.00
2016.10.21 17:33:03.518,8.99144,8.99197,1.00,1.00
2016.10.21 17:33:06.945,8.99144,8.99211,1.00,1.00
2016.10.21 17:33:07.393,8.99114,8.99211,1.00,1.00
2016.10.21 17:33:09.605,8.99123,8.99211,1.00,1.00
2016.10.21 17:33:09.961,8.99123,8.99199,1.00,1.00
2016.10.21 17:33:11.404,8.99114,8.99199,1.00,1.00
2016.10.21 17:33:12.115,8.99124,8.99199,1.00,1.00
2016.10.21 17:33:14.931,8.99134,8.99199,1.00,1.00
2016.10.21 17:33:14.983,8.99134,8.99213,1.00,1.00
2016.10.21 17:33:15.306,8.99143,8.99213,1.00,1.00
2016.10.21 17:33:17.844,8.99134,8.99213,1.00,1.00
2016.10.21 17:33:18.904,8.99134,8.99214,1.00,1.00
2016.10.21 17:33:19.471,8.99134,8.99198,1.00,1.00
2016.10.21 17:33:23.083,8.99134,8.99212,1.00,1.00
2016.10.21 17:33:23.611,8.99134,8.99199,1.00,1.00
2016.10.21 17:33:23.662,8.99124,8.99199,1.00,1.00
2016.10.21 17:33:23.989,8.99124,8.99213,1.00,1.00
2016.10.21 17:33:24.053,8.99134,8.99213,1.00,1.00
2016.10.21 17:33:24.262,8.99123,8.99213,1.00,1.00
2016.10.21 17:33:24.372,8.99124,8.99196,1.00,1.00
2016.10.21 17:33:24.894,8.99124,8.99199,1.00,1.00
2016.10.21 17:33:26.450,8.99114,8.99199,1.00,1.00
2016.10.21 17:33:26.655,8.99123,8.99199,1.00,1.00
2016.10.21 17:33:32.013,8.99134,8.99214,1.00,1.00
2016.10.21 17:33:33.442,8.99124,8.99197,1.00,1.00
2016.10.21 17:33:34.160,8.99134,8.99199,1.00,1.00
2016.10.21 17:33:35.224,8.99134,8.99212,1.00,1.00
2016.10.21 17:33:35.822,8.99134,8.99197,1.00,1.00
2016.10.21 17:33:36.075,8.99124,8.99197,1.00,1.00
2016.10.21 17:33:38.827,8.99124,8.99201,1.00,1.00
2016.10.21 17:33:40.244,8.99124,8.99215,1.00,1.00
2016.10.21 17:33:40.542,8.99134,8.99215,1.00,1.00
2016.10.21 17:33:42.368,8.99144,8.99215,1.00,1.00
2016.10.21 17:33:44.551,8.99143,8.99215,1.00,1.00
2016.10.21 17:33:45.084,8.99144,8.99215,1.00,1.00
2016.10.21 17:33:55.550,8.99143,8.99215,1.00,1.00
2016.10.21 17:33:57.417,8.99133,8.99215,1.00,1.00
2016.10.21 17:33:58.362,8.99144,8.99215,1.00,1.00
2016.10.21 17:33:59.037,8.99144,8.99219,1.00,1.00
2016.10.21 17:34:05.453,8.99154,8.99232,1.00,1.00
2016.10.21 17:34:07.827,8.99144,8.99232,1.50,1.00
2016.10.21 17:34:08.030,8.99144,8.99232,1.00,1.00
2016.10.21 17:34:08.574,8.99154,8.99232,1.00,1.00
2016.10.21 17:34:12.152,8.99154,8.99232,1.50,1.00
2016.10.21 17:34:12.254,8.99154,8.99232,1.00,1.00
2016.10.21 17:34:12.438,8.99154,8.99232,1.50,1.00
2016.10.21 17:34:12.826,8.99164,8.99232,1.00,1.00
2016.10.21 17:34:13.049,8.99144,8.9923,1.00,1.00
2016.10.21 17:34:13.100,8.99134,8.9921,1.00,1.00
2016.10.21 17:34:13.202,8.99134,8.99196,1.00,1.00
2016.10.21 17:34:13.253,8.99124,8.99196,1.00,1.00
2016.10.21 17:34:14.015,8.99134,8.99196,1.00,1.00
2016.10.21 17:34:14.167,8.99124,8.99196,1.00,1.00
2016.10.21 17:34:17.691,8.99084,8.99196,6.22,1.00
2016.10.21 17:34:18.903,8.99124,8.99195,1.00,1.00
2016.10.21 17:34:22.941,8.99124,8.99182,1.00,1.00
2016.10.21 17:34:23.432,8.99124,8.99191,1.00,1.00
2016.10.21 17:34:25.755,8.99104,8.99178,1.00,1.00
2016.10.21 17:34:29.269,8.99064,8.99178,7.20,1.00
2016.10.21 17:34:35.307,8.99104,8.99178,1.00,1.00
2016.10.21 17:34:38.748,8.99093,8.99178,1.00,1.00
2016.10.21 17:34:38.887,8.99093,8.99175,1.00,1.00
2016.10.21 17:34:39.772,8.99094,8.99175,1.00,1.00
2016.10.21 17:34:41.083,8.99104,8.99175,1.00,1.00
2016.10.21 17:34:42.966,8.99113,8.99175,1.00,1.00
2016.10.21 17:34:43.538,8.99114,8.99175,1.00,1.00
2016.10.21 17:34:45.845,8.99104,8.99175,1.00,1.00
2016.10.21 17:34:45.947,8.99114,8.99175,1.00,1.00
2016.10.21 17:34:46.434,8.99124,8.99175,1.00,1.00
2016.10.21 17:34:46.485,8.99123,8.99189,1.00,1.00
2016.10.21 17:34:46.896,8.99114,8.99189,1.00,1.00
2016.10.21 17:34:47.894,8.99124,8.99189,1.00,1.00
2016.10.21 17:34:48.812,8.99114,8.99189,1.00,1.00
2016.10.21 17:34:50.594,8.99104,8.99189,1.00,1.00
2016.10.21 17:34:57.209,8.99094,8.99189,1.00,1.00
2016.10.21 17:34:57.836,8.99094,8.99176,1.00,1.00
2016.10.21 17:34:58.371,8.99084,8.99176,1.00,1.00
2016.10.21 17:34:58.474,8.99094,8.99176,1.00,1.00
2016.10.21 17:35:05.888,8.99084,8.99176,1.00,1.00
2016.10.21 17:35:09.069,8.99093,8.99176,1.00,1.00
2016.10.21 17:35:12.898,8.99094,8.99176,1.00,1.00
2016.10.21 17:35:15.441,8.99094,8.99189,1.00,1.00
2016.10.21 17:35:18.367,8.99104,8.99189,1.00,1.00
2016.10.21 17:35:18.878,8.99104,8.99198,1.00,1.00
2016.10.21 17:35:20.495,8.99124,8.99198,1.00,1.00
2016.10.21 17:35:20.597,8.99114,8.99198,1.00,1.00
2016.10.21 17:35:20.888,8.99124,8.99198,1.00,1.00
2016.10.21 17:35:21.398,8.99134,8.99198,1.00,1.00
2016.10.21 17:35:21.914,8.99123,8.99198,1.00,1.00
2016.10.21 17:35:22.241,8.99134,8.99212,1.00,1.00
2016.10.21 17:35:22.530,8.99124,8.99212,1.00,1.00
2016.10.21 17:35:22.944,8.99134,8.99212,1.00,1.00
2016.10.21 17:35:23.096,8.99124,8.99212,1.00,1.00
2016.10.21 17:35:23.198,8.99134,8.99212,1.00,1.00
2016.10.21 17:35:23.678,8.99124,8.99212,1.00,1.00
2016.10.21 17:35:27.321,8.99134,8.99212,1.00,1.00
2016.10.21 17:35:28.081,8.99144,8.99212,1.00,1.00
2016.10.21 17:35:28.136,8.99134,8.99212,1.00,1.00
2016.10.21 17:35:28.432,8.99144,8.99212,1.00,1.00
2016.10.21 17:35:30.923,8.99134,8.99212,1.00,1.00
2016.10.21 17:35:31.039,8.99124,8.99212,1.00,1.00
2016.10.21 17:35:31.727,8.99134,8.99197,1.00,1.00
2016.10.21 17:35:32.039,8.99124,8.99211,1.00,1.00
2016.10.21 17:35:32.640,8.99134,8.99211,1.00,1.00
2016.10.21 17:35:35.463,8.99134,8.99224,1.00,1.00
2016.10.21 17:35:36.231,8.99154,8.99224,1.00,1.00
2016.10.21 17:35:36.638,8.99144,8.99224,1.00,1.00
2016.10.21 17:35:36.945,8.99154,8.99224,1.00,1.00
2016.10.21 17:35:37.279,8.99154,8.99238,1.00,1.00
2016.10.21 17:35:37.330,8.99164,8.99238,1.00,1.00
2016.10.21 17:35:37.840,8.99174,8.99238,1.00,1.00
2016.10.21 17:35:37.942,8.99164,8.99238,1.00,1.00
2016.10.21 17:35:37.993,8.99164,8.99252,1.00,1.00
2016.10.21 17:35:38.534,8.99163,8.99252,1.00,1.00
2016.10.21 17:35:38.880,8.99163,8.99245,1.00,1.00
2016.10.21 17:35:39.435,8.99174,8.99245,1.00,1.00
2016.10.21 17:35:39.956,8.99164,8.99245,1.00,1.00
2016.10.21 17:35:40.617,8.99174,8.99245,1.00,1.00
2016.10.21 17:35:41.235,8.99184,8.99245,1.00,1.00
2016.10.21 17:35:41.337,8.99194,8.99245,1.35,1.00
2016.10.21 17:35:41.388,8.99194,8.99265,1.35,1.00
2016.10.21 17:35:41.439,8.99204,8.99265,1.00,1.00
2016.10.21 17:35:41.490,8.99204,8.99284,1.00,1.00
2016.10.21 17:35:41.827,8.99214,8.993,1.00,1.00
2016.10.21 17:35:41.879,8.99224,8.99314,1.00,1.00
2016.10.21 17:35:42.082,8.99223,8.99331,1.00,1.00
2016.10.21 17:35:42.184,8.99194,8.99331,1.00,1.00
2016.10.21 17:35:42.387,8.99204,8.99331,1.00,1.00
2016.10.21 17:35:42.770,8.99204,8.99345,1.00,1.00
2016.10.21 17:35:43.081,8.99218,8.9936,1.00,1.00
2016.10.21 17:35:43.488,8.99224,8.9936,1.00,1.00
2016.10.21 17:35:43.866,8.99218,8.9936,1.00,1.00
2016.10.21 17:35:44.303,8.99205,8.99347,1.00,1.00
2016.10.21 17:35:45.796,8.99192,8.99334,1.00,1.00
2016.10.21 17:35:52.840,8.99179,8.99321,1.00,1.00
2016.10.21 17:35:58.930,8.99172,8.99316,1.00,1.00
2016.10.21 17:36:07.874,8.99174,8.99316,1.00,1.00
2016.10.21 17:36:11.881,8.99161,8.99303,1.00,1.00
2016.10.21 17:36:18.865,8.99153,8.99295,1.00,1.00
2016.10.21 17:36:19.175,8.99166,8.99308,1.00,1.00
2016.10.21 17:36:25.716,8.99153,8.99295,1.00,1.00
2016.10.21 17:36:36.914,8.99144,8.99282,1.00,1.00
2016.10.21 17:36:37.650,8.99154,8.99282,1.00,1.00
2016.10.21 17:36:37.920,8.99143,8.99282,1.00,1.00
2016.10.21 17:36:39.077,8.99143,8.99285,1.50,1.00
2016.10.21 17:36:39.447,8.99144,8.99285,1.00,1.00
2016.10.21 17:36:44.937,8.99143,8.99285,1.00,1.00
2016.10.21 17:36:45.732,8.99134,8.99272,1.00,1.00
2016.10.21 17:36:48.645,8.99144,8.99272,1.00,1.00
2016.10.21 17:36:52.700,8.99154,8.99272,1.00,1.00
2016.10.21 17:36:53.899,8.99144,8.99272,1.00,1.00
2016.10.21 17:36:59.284,8.99154,8.99274,1.00,1.00
2016.10.21 17:36:59.425,8.99144,8.99274,1.00,1.00
2016.10.21 17:37:00.693,8.99144,8.99257,1.00,1.00
2016.10.21 17:37:01.286,8.99134,8.99271,1.00,1.00
2016.10.21 17:37:02.183,8.99144,8.99271,1.00,1.00
2016.10.21 17:37:05.541,8.99154,8.99271,1.00,1.00
2016.10.21 17:37:06.414,8.99134,8.99254,1.00,1.00
2016.10.21 17:37:09.559,8.99114,8.99254,1.00,1.00
2016.10.21 17:37:09.610,8.99124,8.99254,1.00,1.00
2016.10.21 17:37:09.763,8.99138,8.9928,1.00,1.00
2016.10.21 17:37:09.874,8.99156,8.99298,1.00,1.00
2016.10.21 17:37:09.977,8.99198,8.9934,1.00,1.00
2016.10.21 17:37:10.119,8.99211,8.99353,1.00,1.00
2016.10.21 17:37:10.272,8.99197,8.99341,1.00,1.00
2016.10.21 17:37:10.593,8.99197,8.99311,1.00,1.00
2016.10.21 17:37:10.692,8.99149,8.99291,1.00,1.00
2016.10.21 17:37:11.252,8.99134,8.99276,1.00,1.00
2016.10.21 17:37:23.488,8.99119,8.99261,1.00,1.00
2016.10.21 17:37:39.042,8.99118,8.9926,1.00,1.00
2016.10.21 17:37:42.795,8.99101,8.99243,1.00,1.00
2016.10.21 17:37:45.515,8.99088,8.9923,1.00,1.00
2016.10.21 17:37:45.821,8.99101,8.99243,1.00,1.00
2016.10.21 17:37:51.380,8.99088,8.9923,1.00,1.00
2016.10.21 17:37:55.646,8.99101,8.99243,1.00,1.00
2016.10.21 17:37:58.987,8.99092,8.99234,1.00,1.00
2016.10.21 17:38:18.872,8.991,8.99242,1.00,1.00
2016.10.21 17:38:38.907,8.99099,8.99241,1.00,1.00
2016.10.21 17:38:58.916,8.99097,8.99239,1.00,1.00
2016.10.21 17:39:18.259,8.99111,8.99253,1.00,1.00
2016.10.21 17:39:19.059,8.99104,8.99246,1.00,1.00
2016.10.21 17:39:32.465,8.99091,8.99233,1.00,1.00
2016.10.21 17:39:38.926,8.99097,8.99239,1.00,1.00
2016.10.21 17:39:51.660,8.99083,8.99225,1.00,1.00
2016.10.21 17:39:58.943,8.99085,8.99227,1.00,1.00
2016.10.21 17:40:18.897,8.9909,8.99234,1.00,1.00
2016.10.21 17:40:28.831,8.99107,8.99249,1.00,1.00
2016.10.21 17:40:29.136,8.99093,8.99235,1.00,1.00
2016.10.21 17:40:35.798,8.99079,8.99221,1.00,1.00
2016.10.21 17:40:38.912,8.99084,8.99226,1.00,1.00
2016.10.21 17:40:58.944,8.99091,8.99233,1.00,1.00
2016.10.21 17:41:18.877,8.99086,8.99228,1.00,1.00
2016.10.21 17:41:22.898,8.99099,8.99241,1.00,1.00
2016.10.21 17:41:25.483,8.99086,8.99228,1.00,1.00
2016.10.21 17:41:27.640,8.99073,8.99215,1.00,1.00
2016.10.21 17:41:28.109,8.99086,8.99228,1.00,1.00
2016.10.21 17:41:28.700,8.99085,8.99229,1.00,1.00
2016.10.21 17:41:33.025,8.99103,8.99245,1.00,1.00
2016.10.21 17:41:33.348,8.99089,8.99231,1.00,1.00
2016.10.21 17:41:49.159,8.99075,8.99217,1.00,1.00
2016.10.21 17:41:51.554,8.99061,8.99203,1.00,1.00
2016.10.21 17:41:51.655,8.99074,8.99218,1.00,1.00
2016.10.21 17:41:58.867,8.99063,8.99205,1.00,1.00
2016.10.21 17:42:01.221,8.99076,8.99218,1.00,1.00
2016.10.21 17:42:18.981,8.99076,8.9922,1.00,1.00
2016.10.21 17:42:23.188,8.99063,8.99207,1.00,1.00
2016.10.21 17:42:38.876,8.99065,8.99207,1.00,1.00
2016.10.21 17:42:52.474,8.99144,8.99262,1.00,1.00
2016.10.21 17:42:52.525,8.99144,8.99276,1.00,1.50
2016.10.21 17:42:52.704,8.99166,8.99276,1.00,1.00
2016.10.21 17:42:52.756,8.99166,8.99286,1.00,1.00
2016.10.21 17:42:52.858,8.99186,8.99286,1.00,1.00
2016.10.21 17:42:52.909,8.99186,8.99296,1.00,1.00
2016.10.21 17:42:53.120,8.99222,8.99296,1.00,1.00
2016.10.21 17:42:53.453,8.99246,8.99336,1.00,1.00
2016.10.21 17:42:53.707,8.99246,8.99366,1.00,1.00
2016.10.21 17:42:57.319,8.99246,8.99376,1.00,1.00
2016.10.21 17:42:57.404,8.99246,8.99366,1.00,1.00
2016.10.21 17:42:58.942,8.9925,8.99366,1.00,1.00
2016.10.21 17:43:05.782,8.9925,8.99376,1.00,1.00
2016.10.21 17:43:05.894,8.9925,8.99367,1.00,1.00
2016.10.21 17:43:06.742,8.9925,8.99366,1.00,1.00
2016.10.21 17:43:07.764,8.9925,8.99377,1.00,1.00
2016.10.21 17:43:14.512,8.9925,8.99376,1.00,1.00
2016.10.21 17:43:16.935,8.9925,8.99386,1.00,1.00
2016.10.21 17:43:17.660,8.9925,8.99376,1.00,1.00
2016.10.21 17:43:18.971,8.99251,8.99376,1.00,1.00
2016.10.21 17:43:23.332,8.99251,8.99387,1.00,1.00
2016.10.21 17:43:23.921,8.99251,8.99376,1.00,1.00
2016.10.21 17:43:23.972,8.99251,8.99386,1.00,1.00
2016.10.21 17:43:24.074,8.99251,8.99376,1.00,1.00
2016.10.21 17:43:28.746,8.99251,8.99386,1.00,1.00
2016.10.21 17:43:33.296,8.99251,8.99376,1.00,1.00
2016.10.21 17:43:35.624,8.99251,8.99386,1.00,1.00
2016.10.21 17:43:38.862,8.99255,8.99386,1.00,1.00
2016.10.21 17:43:46.197,8.99255,8.99376,1.00,1.00
2016.10.21 17:43:46.300,8.99255,8.99386,1.00,1.00
2016.10.21 17:43:48.467,8.99255,8.99396,1.00,1.00
2016.10.21 17:43:48.856,8.9927,8.99396,1.00,1.00
2016.10.21 17:43:48.907,8.9927,8.99411,1.00,1.00
2016.10.21 17:43:49.009,8.99281,8.99416,1.00,1.00
2016.10.21 17:43:49.448,8.99281,8.99423,1.00,1.00
2016.10.21 17:43:58.896,8.9928,8.99422,1.00,1.00
2016.10.21 17:44:00.040,8.99293,8.99435,1.00,1.00
2016.10.21 17:44:00.093,8.99305,8.99446,1.00,1.00
2016.10.21 17:44:00.146,8.9931,8.99446,1.00,1.00
2016.10.21 17:44:00.198,8.99327,8.99466,1.00,1.00
2016.10.21 17:44:00.249,8.99327,8.99466,1.00,1.00
2016.10.21 17:44:00.691,8.99313,8.99455,1.00,1.00
2016.10.21 17:44:00.927,8.99313,8.99436,1.00,1.00
2016.10.21 17:44:01.120,8.99313,8.99446,1.00,1.00
2016.10.21 17:44:01.222,8.99326,8.99446,1.00,1.00
2016.10.21 17:44:01.902,8.99313,8.99446,1.00,1.00
2016.10.21 17:44:02.004,8.99313,8.99436,1.00,1.00
2016.10.21 17:44:02.872,8.99313,8.99446,1.00,1.00
2016.10.21 17:44:03.349,8.99313,8.99437,1.00,1.00
2016.10.21 17:44:10.533,8.99313,8.99426,1.00,1.00
2016.10.21 17:44:10.634,8.9931,8.99426,1.00,1.00
2016.10.21 17:44:10.993,8.9931,8.99431,1.00,1.00
2016.10.21 17:44:13.637,8.9931,8.99436,1.00,1.00
2016.10.21 17:44:14.159,8.9931,8.99426,1.00,1.00
2016.10.21 17:44:17.059,8.9931,8.99416,1.00,1.00
2016.10.21 17:44:23.619,8.99296,8.99416,1.00,1.00
2016.10.21 17:44:23.670,8.99296,8.99416,1.00,1.50
2016.10.21 17:44:25.693,8.99296,8.99406,1.00,1.00
2016.10.21 17:44:25.897,8.99296,8.99416,1.00,1.50
2016.10.21 17:44:26.228,8.99279,8.99416,1.00,1.50
2016.10.21 17:44:26.418,8.99279,8.99407,1.00,1.00
2016.10.21 17:44:26.900,8.99279,8.99416,1.00,1.00
2016.10.21 17:44:31.077,8.99279,8.99402,1.00,1.00
2016.10.21 17:44:32.124,8.99279,8.99416,1.00,1.00
2016.10.21 17:44:32.381,8.99294,8.99426,1.00,1.00
2016.10.21 17:44:32.884,8.99294,8.99427,1.00,1.00
2016.10.21 17:44:35.401,8.99294,8.99426,1.00,1.00
2016.10.21 17:44:38.052,8.99294,8.99416,1.00,1.00
2016.10.21 17:44:38.545,8.99279,8.99416,1.00,1.50
2016.10.21 17:44:38.648,8.99279,8.99406,1.00,1.00
2016.10.21 17:44:38.835,8.99279,8.99416,1.00,1.50
2016.10.21 17:44:38.889,8.99279,8.9941,1.00,1.00
2016.10.21 17:44:44.820,8.99279,8.99406,1.00,1.00
2016.10.21 17:44:44.926,8.99279,8.9941,1.00,1.00
2016.10.21 17:44:45.378,8.99279,8.99406,1.00,1.00
2016.10.21 17:44:46.756,8.99279,8.99407,1.00,1.00
2016.10.21 17:44:47.438,8.99279,8.99406,1.00,1.00
2016.10.21 17:44:59.358,8.99279,8.99414,1.00,1.00
2016.10.21 17:45:03.333,8.99279,8.99406,1.00,1.00
2016.10.21 17:45:03.807,8.99284,8.99406,1.00,1.00
2016.10.21 17:45:04.154,8.99284,8.99416,1.00,1.00
2016.10.21 17:45:04.205,8.99298,8.99416,1.00,1.00
2016.10.21 17:45:07.875,8.99285,8.99416,1.00,1.00
2016.10.21 17:45:07.928,8.99279,8.99411,1.00,1.00
2016.10.21 17:45:07.979,8.99269,8.99411,1.00,1.00
2016.10.21 17:45:08.030,8.99268,8.99393,1.00,1.00
2016.10.21 17:45:08.401,8.99268,8.99387,1.00,1.00
2016.10.21 17:45:08.452,8.99268,8.99406,1.00,1.50
2016.10.21 17:45:08.503,8.99268,8.99406,1.00,1.00
2016.10.21 17:45:08.554,8.99277,8.99416,1.00,1.00
2016.10.21 17:45:08.709,8.99277,8.99406,1.00,1.00
2016.10.21 17:45:09.336,8.99268,8.9939,1.00,1.00
2016.10.21 17:45:18.838,8.99268,8.99391,1.00,1.00
2016.10.21 17:45:23.455,8.99268,8.9941,1.50,1.00
2016.10.21 17:45:24.135,8.99268,8.99406,1.50,1.00
2016.10.21 17:45:24.415,8.99268,8.9941,1.50,1.00
2016.10.21 17:45:26.945,8.99268,8.99406,1.50,1.00
2016.10.21 17:45:27.138,8.99268,8.9941,1.50,1.00
2016.10.21 17:45:33.070,8.99268,8.99396,1.50,1.00
2016.10.21 17:45:33.240,8.99268,8.99406,1.50,1.00
2016.10.21 17:45:34.193,8.99268,8.99407,1.50,1.00
2016.10.21 17:45:34.356,8.99268,8.9941,1.50,1.00
2016.10.21 17:45:39.153,8.99271,8.99413,1.00,1.00
2016.10.21 17:45:39.204,8.99286,8.99413,1.00,1.00
2016.10.21 17:45:39.510,8.99286,8.99406,1.50,1.00
2016.10.21 17:45:39.815,8.99286,8.99406,1.00,1.00
2016.10.21 17:45:39.866,8.99286,8.99416,1.00,1.50
2016.10.21 17:45:40.881,8.99286,8.99406,1.00,1.00
2016.10.21 17:45:41.181,8.99286,8.99416,1.00,1.50
2016.10.21 17:45:42.776,8.99286,8.99416,1.00,1.00
2016.10.21 17:45:47.651,8.99286,8.99416,1.00,1.50
2016.10.21 17:45:49.374,8.99286,8.99416,1.00,1.00
2016.10.21 17:45:58.946,8.99286,8.99419,1.00,1.00
2016.10.21 17:46:13.449,8.99286,8.99416,1.00,1.00
2016.10.21 17:46:14.736,8.99286,8.99419,1.00,1.00
2016.10.21 17:46:16.384,8.99286,8.99416,1.00,1.00
2016.10.21 17:46:17.541,8.99286,8.99419,1.00,1.00
2016.10.21 17:46:17.643,8.99286,8.99416,1.00,1.00
2016.10.21 17:46:17.744,8.99286,8.99419,1.00,1.00
2016.10.21 17:46:18.860,8.99286,8.9942,1.00,1.00
2016.10.21 17:46:19.930,8.99286,8.99416,1.00,1.00
2016.10.21 17:46:20.032,8.99286,8.9942,1.00,1.00
2016.10.21 17:46:20.790,8.99285,8.9942,1.00,1.00
2016.10.21 17:46:22.096,8.9929,8.99426,1.00,1.00
2016.10.21 17:46:22.148,8.9929,8.99416,1.00,1.00
2016.10.21 17:46:23.870,8.9929,8.99426,1.00,1.00
2016.10.21 17:46:26.289,8.9929,8.99416,1.00,1.00
2016.10.21 17:46:32.838,8.9929,8.99406,1.00,1.00
2016.10.21 17:46:32.986,8.9929,8.99416,1.00,1.00
2016.10.21 17:46:33.500,8.9929,8.99406,1.00,1.00
2016.10.21 17:46:37.796,8.9929,8.99416,1.00,1.00
2016.10.21 17:46:38.955,8.99286,8.99416,1.50,1.00
2016.10.21 17:46:52.942,8.99286,8.99426,1.50,1.00
2016.10.21 17:46:58.947,8.99287,8.99426,1.00,1.00
2016.10.21 17:47:00.216,8.99287,8.99416,1.00,1.00
2016.10.21 17:47:08.022,8.99287,8.99426,1.00,1.00
2016.10.21 17:47:17.700,8.99287,8.99429,1.00,1.00
2016.10.21 17:47:18.880,8.99289,8.99431,1.00,1.00
2016.10.21 17:47:22.816,8.99324,8.99446,1.00,1.00
2016.10.21 17:47:23.121,8.99324,8.99436,1.00,1.00
2016.10.21 17:47:23.377,8.99324,8.99455,1.00,1.00
2016.10.21 17:47:23.974,8.99313,8.99455,1.00,1.00
2016.10.21 17:47:24.380,8.99313,8.99446,1.00,1.00
2016.10.21 17:47:26.899,8.99334,8.99446,1.00,1.00
2016.10.21 17:47:27.125,8.99334,8.99467,1.00,1.00
2016.10.21 17:47:32.143,8.99334,8.99469,1.00,1.00
2016.10.21 17:47:32.245,8.99341,8.99483,1.00,1.00
2016.10.21 17:47:38.846,8.99337,8.99479,1.00,1.00
2016.10.21 17:48:08.996,8.99337,8.99476,1.00,1.00
2016.10.21 17:48:09.897,8.99337,8.99479,1.00,1.00
2016.10.21 17:48:10.091,8.99337,8.99476,1.00,1.00
2016.10.21 17:48:12.025,8.99337,8.99479,1.00,1.00
2016.10.21 17:48:19.120,8.99334,8.99472,1.00,1.00
2016.10.21 17:48:26.097,8.99328,8.99472,1.00,1.00
2016.10.21 17:48:26.250,8.99325,8.99457,1.00,1.00
2016.10.21 17:48:30.683,8.99328,8.9947,1.00,1.00
2016.10.21 17:48:38.861,8.99331,8.99473,1.00,1.00
2016.10.21 17:48:58.890,8.99329,8.99471,1.00,1.00
2016.10.21 17:49:07.991,8.99325,8.99458,1.00,1.00
2016.10.21 17:49:17.967,8.99324,8.99458,1.00,1.00
2016.10.21 17:49:18.960,8.99324,8.99462,1.00,1.00
2016.10.21 17:49:23.321,8.99324,8.99448,1.00,1.00
2016.10.21 17:49:26.046,8.99324,8.99434,1.00,1.00
2016.10.21 17:49:31.558,8.99324,8.99447,1.00,1.00
2016.10.21 17:49:33.974,8.99324,8.99465,1.00,1.00
2016.10.21 17:49:37.732,8.99325,8.99465,1.00,1.00
2016.10.21 17:49:38.888,8.99325,8.99462,1.00,1.00
2016.10.21 17:49:58.893,8.99325,8.99463,1.00,1.00
2016.10.21 17:50:18.939,8.99325,8.9946,1.00,1.00
2016.10.21 17:50:20.458,8.99332,8.99474,1.00,1.00
2016.10.21 17:50:22.623,8.99332,8.99472,1.00,1.00
2016.10.21 17:50:22.776,8.99329,8.99471,1.00,1.00
2016.10.21 17:50:22.878,8.99329,8.99466,1.00,1.00
2016.10.21 17:50:23.212,8.99325,8.99458,1.00,1.00
2016.10.21 17:50:24.558,8.99325,8.99458,1.00,1.00
2016.10.21 17:50:24.710,8.99325,8.99426,1.00,1.00
2016.10.21 17:50:28.312,8.99325,8.99436,1.00,1.00
2016.10.21 17:50:49.344,8.99325,8.99446,1.00,1.00
2016.10.21 17:50:52.658,8.99315,8.99426,1.00,1.00
2016.10.21 17:50:53.155,8.99315,8.9943,1.00,1.00
2016.10.21 17:50:53.705,8.99315,8.99436,1.00,1.00
2016.10.21 17:50:54.316,8.99315,8.99426,1.00,1.00
2016.10.21 17:50:54.368,8.99315,8.99445,1.00,1.00
2016.10.21 17:50:58.906,8.99315,8.99453,1.00,1.00
2016.10.21 17:51:02.868,8.99313,8.99453,1.00,1.00
2016.10.21 17:51:04.020,8.99337,8.99453,1.00,1.00
2016.10.21 17:51:04.622,8.99339,8.99481,1.00,1.00
2016.10.21 17:51:18.871,8.9934,8.99482,1.00,1.00
2016.10.21 17:51:21.559,8.99337,8.9947,1.00,1.00
2016.10.21 17:51:24.621,8.99336,8.9947,1.00,1.00
2016.10.21 17:51:25.838,8.99341,8.99483,1.00,1.00
2016.10.21 17:51:29.911,8.99341,8.99476,1.00,1.00
2016.10.21 17:51:30.011,8.99341,8.99483,1.00,1.00
2016.10.21 17:51:32.518,8.99341,8.99476,1.00,1.00
2016.10.21 17:51:36.836,8.99341,8.99483,1.00,1.00
2016.10.21 17:51:36.938,8.99341,8.99476,1.00,1.00
2016.10.21 17:51:37.686,8.99337,8.9947,1.00,1.00
2016.10.21 17:51:38.983,8.99337,8.99473,1.00,1.00
2016.10.21 17:51:57.712,8.99343,8.99485,1.00,1.00
2016.10.21 17:51:58.943,8.9934,8.99482,1.00,1.00
2016.10.21 17:52:10.167,8.9934,8.99476,1.00,1.00
2016.10.21 17:52:10.894,8.9934,8.99466,1.00,1.00
2016.10.21 17:52:13.214,8.9934,8.99456,1.00,1.00
2016.10.21 17:52:13.400,8.9934,8.99466,1.00,1.00
2016.10.21 17:52:15.636,8.9934,8.99456,1.00,1.00
2016.10.21 17:52:18.834,8.99337,8.99456,1.50,1.00
2016.10.21 17:52:19.139,8.99337,8.99446,1.50,1.00
2016.10.21 17:52:19.241,8.99337,8.99456,1.50,1.00
2016.10.21 17:52:19.409,8.99337,8.99466,1.50,1.00
2016.10.21 17:52:19.637,8.99337,8.99456,1.50,1.00
2016.10.21 17:52:20.342,8.99337,8.99446,1.50,1.00
2016.10.21 17:52:21.572,8.99337,8.99456,1.50,1.00
2016.10.21 17:52:23.473,8.99337,8.99456,1.00,1.00
2016.10.21 17:52:23.524,8.99337,8.99466,1.00,1.00
2016.10.21 17:52:24.937,8.99337,8.99456,1.00,1.00
2016.10.21 17:52:28.244,8.99337,8.99466,1.00,1.00
2016.10.21 17:52:34.114,8.99337,8.99466,1.00,1.00
2016.10.21 17:52:34.431,8.99337,8.99466,1.00,1.50
2016.10.21 17:52:39.032,8.99337,8.99466,1.00,1.00
2016.10.21 17:52:46.489,8.99337,8.99446,1.00,1.00
2016.10.21 17:52:48.287,8.99337,8.99457,1.00,1.00
2016.10.21 17:52:49.871,8.99337,8.99446,1.00,1.00
2016.10.21 17:52:51.186,8.99337,8.99457,1.00,1.00
2016.10.21 17:52:51.251,8.99337,8.99446,1.00,1.00
2016.10.21 17:52:52.114,8.99337,8.99467,1.00,1.00
2016.10.21 17:52:52.341,8.99337,8.99456,1.00,1.00
2016.10.21 17:52:54.195,8.99337,8.99466,1.00,1.00
2016.10.21 17:52:55.503,8.99337,8.99456,1.00,1.00
2016.10.21 17:52:56.631,8.99337,8.99466,1.00,1.00
2016.10.21 17:52:58.947,8.9933,8.99466,1.00,1.00
2016.10.21 17:52:58.998,8.9933,8.99451,1.00,1.00
2016.10.21 17:52:59.382,8.9933,8.9946,1.00,1.00
2016.10.21 17:53:00.396,8.9933,8.99466,1.50,1.00
2016.10.21 17:53:00.447,8.9933,8.99456,1.50,1.00
2016.10.21 17:53:00.847,8.9933,8.99455,1.00,1.00
2016.10.21 17:53:01.618,8.9933,8.99447,1.00,1.00
2016.10.21 17:53:01.923,8.9933,8.99436,1.00,1.00
2016.10.21 17:53:02.127,8.9933,8.99441,1.00,1.00
2016.10.21 17:53:02.229,8.9933,8.99466,1.00,1.00
2016.10.21 17:53:02.506,8.9933,8.99456,1.00,1.00
2016.10.21 17:53:03.143,8.9933,8.99446,1.00,1.00
2016.10.21 17:53:03.448,8.9933,8.99456,1.00,1.00
2016.10.21 17:53:03.662,8.9933,8.99466,1.00,1.00
2016.10.21 17:53:03.995,8.9933,8.99471,1.00,1.00
2016.10.21 17:53:04.222,8.9933,8.99466,1.00,1.00
2016.10.21 17:53:11.444,8.9933,8.99458,1.00,1.00
2016.10.21 17:53:11.822,8.9933,8.99456,1.00,1.00
2016.10.21 17:53:13.145,8.9933,8.99458,1.00,1.00
2016.10.21 17:53:13.889,8.9933,8.99457,1.00,1.00
2016.10.21 17:53:14.142,8.9933,8.99446,1.00,1.00
2016.10.21 17:53:15.549,8.9933,8.99456,1.00,1.00
2016.10.21 17:53:16.394,8.9933,8.99457,1.00,1.00
2016.10.21 17:53:17.013,8.9933,8.99446,1.00,1.00
2016.10.21 17:53:17.524,8.9933,8.99447,1.00,1.00
2016.10.21 17:53:17.677,8.9933,8.99456,1.00,1.00
2016.10.21 17:53:18.919,8.9933,8.99466,1.00,1.00
2016.10.21 17:53:22.936,8.9933,8.99466,1.00,1.00
2016.10.21 17:53:22.987,8.9933,8.99456,1.00,1.00
2016.10.21 17:53:23.088,8.9933,8.99466,1.00,1.00
2016.10.21 17:53:24.767,8.9933,8.99456,1.00,1.00
2016.10.21 17:53:27.853,8.9933,8.99446,1.00,1.00
2016.10.21 17:53:34.677,8.9933,8.99466,1.00,1.00
2016.10.21 17:53:38.444,8.9933,8.99456,1.00,1.00
2016.10.21 17:53:42.248,8.9933,8.99446,1.00,1.00
2016.10.21 17:53:43.530,8.9933,8.99456,1.00,1.00
2016.10.21 17:53:50.151,8.9933,8.99466,1.00,1.00
2016.10.21 17:53:50.519,8.9933,8.99468,1.00,1.00
2016.10.21 17:53:51.973,8.9933,8.99466,1.00,1.00
2016.10.21 17:53:59.019,8.99331,8.99466,1.00,1.00
2016.10.21 17:54:11.469,8.99331,8.99473,1.00,1.00
2016.10.21 17:54:11.570,8.99331,8.99466,1.00,1.00
2016.10.21 17:54:18.923,8.9933,8.99466,1.00,1.00
2016.10.21 17:54:22.184,8.9933,8.99446,1.00,1.00
2016.10.21 17:54:31.651,8.9933,8.99436,1.00,1.00
2016.10.21 17:54:41.169,8.9933,8.99446,1.00,1.00
2016.10.21 17:54:49.866,8.99325,8.99446,1.00,1.00
2016.10.21 17:54:51.640,8.99309,8.99446,1.00,1.00
2016.10.21 17:54:52.985,8.99297,8.99432,1.00,1.00
2016.10.21 17:54:53.086,8.99307,8.99446,1.00,1.00
2016.10.21 17:54:53.719,8.99307,8.99436,1.00,1.00
2016.10.21 17:54:54.900,8.99307,8.99426,1.00,1.00
2016.10.21 17:54:55.205,8.99307,8.99446,1.00,1.00
2016.10.21 17:54:57.411,8.99307,8.99437,1.00,1.00
2016.10.21 17:54:57.688,8.99307,8.99446,1.00,1.00
2016.10.21 17:54:59.183,8.99309,8.99446,1.00,1.00
2016.10.21 17:55:02.629,8.99309,8.99436,1.00,1.00
2016.10.21 17:55:03.693,8.99309,8.99446,1.00,1.00
2016.10.21 17:55:03.794,8.99309,8.99451,1.00,1.00
2016.10.21 17:55:06.510,8.99309,8.99446,1.00,1.00
2016.10.21 17:55:12.558,8.99309,8.99436,1.00,1.00
2016.10.21 17:55:12.919,8.99309,8.99446,1.00,1.00
2016.10.21 17:55:18.324,8.99309,8.99436,1.00,1.00
2016.10.21 17:55:18.869,8.99309,8.99437,1.00,1.00
2016.10.21 17:55:18.971,8.99306,8.99437,1.00,1.00
2016.10.21 17:55:19.303,8.99306,8.99446,1.00,1.00
2016.10.21 17:55:24.558,8.99306,8.99436,1.00,1.00
2016.10.21 17:55:37.684,8.99306,8.99426,1.00,1.00
2016.10.21 17:55:37.999,8.99306,8.99436,1.00,1.00
2016.10.21 17:55:38.101,8.99306,8.99426,1.00,1.00
2016.10.21 17:55:39.173,8.99311,8.99426,1.00,1.00
2016.10.21 17:55:40.604,8.99311,8.99416,1.00,1.00
2016.10.21 17:55:43.373,8.99311,8.99406,1.00,1.42
2016.10.21 17:55:43.526,8.99297,8.99406,1.00,1.42
2016.10.21 17:55:43.687,8.99297,8.99416,1.00,1.80
2016.10.21 17:55:46.027,8.99297,8.99416,1.00,2.10
2016.10.21 17:55:47.074,8.99297,8.99406,1.00,1.12
2016.10.21 17:55:47.177,8.99297,8.99416,1.00,1.10
2016.10.21 17:55:50.791,8.99297,8.99407,1.00,1.20
2016.10.21 17:55:50.994,8.99297,8.99416,1.00,1.72
2016.10.21 17:55:56.746,8.99297,8.99416,1.00,1.72
2016.10.21 17:55:56.797,8.99297,8.99406,1.00,1.80
2016.10.21 17:55:56.847,8.99297,8.99406,1.00,1.80
2016.10.21 17:55:56.898,8.99297,8.99396,1.00,1.95
2016.10.21 17:55:57.101,8.99297,8.99406,1.00,1.00
2016.10.21 17:55:57.152,8.99297,8.99406,1.00,1.00
2016.10.21 17:55:57.417,8.99297,8.99411,1.00,1.00
2016.10.21 17:55:57.467,8.99297,8.99416,1.00,1.00
2016.10.21 17:55:57.620,8.99297,8.99426,1.00,1.00
2016.10.21 17:56:00.149,8.99297,8.99416,1.00,1.00
2016.10.21 17:56:00.200,8.99297,8.99426,1.00,1.00
2016.10.21 17:56:00.835,8.99297,8.99425,1.00,1.00
2016.10.21 17:56:00.977,8.993,8.99426,1.00,1.00
2016.10.21 17:56:01.130,8.993,8.99436,1.00,1.00
2016.10.21 17:56:01.232,8.993,8.99426,1.00,1.00
2016.10.21 17:56:01.537,8.993,8.99416,1.00,1.00
2016.10.21 17:56:01.640,8.993,8.99416,1.00,1.87
2016.10.21 17:56:01.843,8.993,8.99416,1.00,1.00
2016.10.21 17:56:01.945,8.993,8.99426,1.00,1.00
2016.10.21 17:56:02.578,8.993,8.99436,1.00,1.00
2016.10.21 17:56:02.659,8.993,8.99426,1.00,1.00
2016.10.21 17:56:02.965,8.993,8.99416,1.00,1.00
2016.10.21 17:56:03.236,8.993,8.99426,1.00,1.00
2016.10.21 17:56:05.159,8.993,8.99417,1.00,1.00
2016.10.21 17:56:05.210,8.993,8.99426,1.00,1.00
2016.10.21 17:56:05.456,8.993,8.99436,1.00,1.00
2016.10.21 17:56:07.087,8.993,8.99442,1.00,1.00
2016.10.21 17:56:08.147,8.993,8.99436,1.00,1.00
2016.10.21 17:56:08.344,8.993,8.99436,1.00,1.00
2016.10.21 17:56:08.395,8.99298,8.99429,1.00,1.00
2016.10.21 17:56:08.700,8.99298,8.99414,1.00,1.00
2016.10.21 17:56:17.172,8.99298,8.99427,1.00,1.00
2016.10.21 17:56:17.618,8.99319,8.99427,1.00,1.00
2016.10.21 17:56:17.669,8.99319,8.99436,1.00,1.00
2016.10.21 17:56:17.872,8.99319,8.99446,1.00,1.00
2016.10.21 17:56:18.410,8.99319,8.99447,1.00,1.00
2016.10.21 17:56:18.917,8.99319,8.99444,1.00,1.00
2016.10.21 17:56:23.087,8.99319,8.99436,1.00,1.00
2016.10.21 17:56:23.798,8.99319,8.99426,1.00,1.00
2016.10.21 17:56:23.900,8.99319,8.99437,1.00,1.00
2016.10.21 17:56:24.401,8.99319,8.99436,1.00,1.00
2016.10.21 17:56:27.400,8.99319,8.99426,1.00,1.00
2016.10.21 17:56:27.655,8.99319,8.99436,1.00,1.00
2016.10.21 17:56:28.064,8.99319,8.99444,1.00,1.00
2016.10.21 17:56:43.763,8.99319,8.99458,1.00,1.00
2016.10.21 17:56:43.915,8.99319,8.99456,1.00,1.00
2016.10.21 17:56:44.528,8.99319,8.99444,1.00,1.00
2016.10.21 17:56:47.659,8.99319,8.99457,1.00,1.00
2016.10.21 17:56:58.887,8.99319,8.99454,1.00,1.00
2016.10.21 17:57:18.846,8.99319,8.9945,1.00,1.00
2016.10.21 17:57:21.015,8.99319,8.99432,1.00,1.00
2016.10.21 17:57:21.117,8.99321,8.99463,1.00,1.00
2016.10.21 17:57:21.359,8.99329,8.99463,1.00,1.00
2016.10.21 17:57:21.878,8.99307,8.99451,1.00,1.00
2016.10.21 17:57:23.132,8.99324,8.99467,1.00,1.00
2016.10.21 17:57:24.134,8.99324,8.99468,1.00,1.00
2016.10.21 17:57:24.541,8.99324,8.99466,1.00,1.00
2016.10.21 17:57:26.947,8.99324,8.99468,1.00,1.00
2016.10.21 17:57:28.610,8.99324,8.99466,1.00,1.00
2016.10.21 17:57:32.053,8.99325,8.99453,1.00,1.00
2016.10.21 17:57:40.482,8.99325,8.99466,1.00,1.00
2016.10.21 17:57:40.533,8.99343,8.99476,1.00,1.00
2016.10.21 17:57:40.685,8.99343,8.99485,1.00,1.00
2016.10.21 17:57:46.975,8.99325,8.99467,1.00,1.00
2016.10.21 17:57:49.725,8.99325,8.99467,1.00,1.00
2016.10.21 17:57:56.171,8.99325,8.99466,1.00,1.00
2016.10.21 17:57:57.036,8.99325,8.99467,1.00,1.00
2016.10.21 17:57:58.902,8.99323,8.99459,1.00,1.00
2016.10.21 17:58:00.119,8.99323,8.99459,1.00,1.00
2016.10.21 17:58:00.322,8.99334,8.99476,1.00,1.00
2016.10.21 17:58:05.596,8.99334,8.99466,1.00,1.00
2016.10.21 17:58:05.797,8.99334,8.99476,1.00,1.00
2016.10.21 17:58:07.075,8.99334,8.99466,1.00,1.00
2016.10.21 17:58:07.597,8.99334,8.99476,1.00,1.00
2016.10.21 17:58:07.698,8.99334,8.99466,1.00,1.00
2016.10.21 17:58:08.197,8.99334,8.99476,1.00,1.00
2016.10.21 17:58:08.299,8.99334,8.99466,1.00,1.00
2016.10.21 17:58:12.438,8.99334,8.99476,1.00,1.50
2016.10.21 17:58:13.452,8.99334,8.99466,1.00,1.00
2016.10.21 17:58:15.112,8.99334,8.99476,1.00,1.50
2016.10.21 17:58:15.690,8.99334,8.99476,1.00,1.00
2016.10.21 17:58:19.035,8.99333,8.99475,1.00,1.00
2016.10.21 17:58:19.149,8.99333,8.99475,1.00,1.00
2016.10.21 17:58:20.478,8.99348,8.9949,1.00,1.00
2016.10.21 17:58:20.691,8.99335,8.99477,1.00,1.00
2016.10.21 17:58:21.475,8.99322,8.99463,1.00,1.00
2016.10.21 17:58:22.820,8.99321,8.99463,1.00,1.00
2016.10.21 17:58:29.308,8.99334,8.99476,1.00,1.00
2016.10.21 17:58:29.870,8.99321,8.99463,1.00,1.00
2016.10.21 17:58:33.277,8.99322,8.99463,1.00,1.00
2016.10.21 17:58:38.870,8.99326,8.99468,1.00,1.00
2016.10.21 17:58:59.350,8.99332,8.99474,1.00,1.00
2016.10.21 17:59:02.357,8.99322,8.99461,1.00,1.00
2016.10.21 17:59:04.408,8.99321,8.99461,1.00,1.00
2016.10.21 17:59:05.648,8.99333,8.99475,1.00,1.00
2016.10.21 17:59:05.800,8.99321,8.99459,1.00,1.00
2016.10.21 17:59:12.304,8.9933,8.99472,1.00,1.00
2016.10.21 17:59:17.499,8.99317,8.99459,1.00,1.00
2016.10.21 17:59:18.286,8.9933,8.99467,1.00,1.00
2016.10.21 17:59:18.389,8.99313,8.99455,1.00,1.00
2016.10.21 17:59:18.440,8.99313,8.99455,1.00,1.00
2016.10.21 17:59:19.072,8.9931,8.99446,1.00,1.00
2016.10.21 17:59:19.227,8.9931,8.99436,1.00,1.00
2016.10.21 17:59:19.894,8.9931,8.99447,1.00,1.00
2016.10.21 17:59:20.403,8.99307,8.99449,1.00,1.00
2016.10.21 17:59:20.454,8.99307,8.99449,1.00,1.00
2016.10.21 17:59:27.925,8.99307,8.99446,1.00,1.00
2016.10.21 17:59:27.976,8.99307,8.99446,1.00,1.00
2016.10.21 17:59:32.280,8.99307,8.99436,1.00,1.00
2016.10.21 17:59:35.752,8.99307,8.99446,1.00,1.00
2016.10.21 17:59:37.182,8.99307,8.99436,1.00,1.00
2016.10.21 17:59:38.922,8.99306,8.99436,1.00,1.00
2016.10.21 17:59:40.370,8.99306,8.99436,1.50,1.00
2016.10.21 17:59:45.156,8.99306,8.99432,1.00,1.00
2016.10.21 17:59:45.761,8.99315,8.99446,1.00,1.00
2016.10.21 17:59:45.813,8.99315,8.99436,1.00,1.00
2016.10.21 17:59:46.950,8.99315,8.99426,1.00,1.00
2016.10.21 17:59:47.545,8.99315,8.99436,1.00,1.00
2016.10.21 17:59:48.748,8.99315,8.99426,1.00,1.00
2016.10.21 17:59:48.850,8.99315,8.99436,1.00,1.00
2016.10.21 17:59:49.564,8.99315,8.99426,1.00,1.00
2016.10.21 17:59:49.885,8.99315,8.99436,1.00,1.00
2016.10.21 17:59:50.350,8.99315,8.99426,1.00,2.10
2016.10.21 17:59:51.197,8.99315,8.99426,1.00,1.00
2016.10.21 17:59:51.697,8.99315,8.99426,1.00,1.42
2016.10.21 17:59:51.859,8.99315,8.99426,1.00,1.00
2016.10.21 17:59:52.686,8.99315,8.99436,1.00,1.00
2016.10.21 17:59:52.893,8.99315,8.99426,1.00,1.00
2016.10.21 17:59:54.102,8.99315,8.99436,1.00,1.00
2016.10.21 17:59:54.691,8.99315,8.99426,1.00,1.00
2016.10.21 17:59:55.976,8.99315,8.99436,1.00,1.00
2016.10.21 17:59:57.613,8.99315,8.99436,1.00,1.00
2016.10.21 17:59:58.660,8.99315,8.99426,1.00,1.00
2016.10.21 17:59:58.864,8.99311,8.99426,1.50,1.00
2016.10.21 17:59:58.915,8.99311,8.99436,1.50,1.00
