2016.10.27 10:00:01.453,8.98793,8.98943,1.00,1.00
2016.10.27 10:00:01.759,8.98758,8.98908,1.00,1.00
2016.10.27 10:00:05.192,8.98802,8.98952,1.00,1.00
2016.10.27 10:00:05.504,8.98781,8.98931,1.00,1.00
2016.10.27 10:00:06.444,8.98781,8.98824,1.00,2.50
2016.10.27 10:00:06.496,8.98614,8.98764,1.60,1.00
2016.10.27 10:00:06.547,8.98638,8.98784,1.60,1.00
2016.10.27 10:00:06.598,8.98638,8.98788,1.60,1.00
2016.10.27 10:00:06.801,8.98638,8.98788,1.00,1.00
2016.10.27 10:00:06.954,8.98627,8.98777,1.00,1.00
2016.10.27 10:00:07.258,8.98615,8.98765,1.00,1.00
2016.10.27 10:00:12.753,8.98692,8.98786,1.00,1.00
2016.10.27 10:00:12.804,8.98692,8.98842,1.00,1.00
2016.10.27 10:00:12.855,8.9871,8.98846,1.00,1.00
2016.10.27 10:00:12.906,8.9871,8.9886,1.00,1.00
2016.10.27 10:00:13.058,8.98692,8.98842,1.00,1.00
2016.10.27 10:00:13.560,8.98669,8.98819,1.00,1.00
2016.10.27 10:00:13.865,8.98682,8.98832,1.00,1.00
2016.10.27 10:00:14.270,8.98698,8.98848,1.00,1.00
2016.10.27 10:00:17.873,8.98738,8.98888,1.00,1.00
2016.10.27 10:00:18.180,8.98748,8.98898,1.00,1.00
2016.10.27 10:00:19.238,8.98759,8.98909,1.00,1.00
2016.10.27 10:00:19.895,8.9877,8.9892,1.00,1.00
2016.10.27 10:00:19.997,8.98781,8.98933,1.00,1.00
2016.10.27 10:00:20.534,8.98735,8.98885,1.00,1.00
2016.10.27 10:00:20.933,8.98712,8.98862,1.00,1.00
2016.10.27 10:00:21.440,8.98711,8.98861,1.00,1.00
2016.10.27 10:00:21.844,8.98723,8.98873,1.00,1.00
2016.10.27 10:00:22.981,8.98747,8.98897,1.00,1.00
2016.10.27 10:00:26.431,8.9874,8.9889,1.00,1.00
2016.10.27 10:00:35.239,8.98757,8.98907,1.00,1.00
2016.10.27 10:00:36.159,8.9877,8.9892,1.00,1.00
2016.10.27 10:00:36.463,8.9878,8.9893,1.00,1.00
2016.10.27 10:00:37.303,8.98768,8.98918,1.00,1.00
2016.10.27 10:00:37.616,8.98794,8.98944,1.00,1.00
2016.10.27 10:00:37.920,8.98805,8.98955,1.00,1.00
2016.10.27 10:00:38.535,8.98816,8.98966,1.00,1.00
2016.10.27 10:00:40.482,8.98827,8.98977,1.00,1.00
2016.10.27 10:00:46.388,8.98816,8.98966,1.00,1.00
2016.10.27 10:00:52.522,8.98827,8.98977,1.00,1.00
2016.10.27 10:00:53.197,8.98838,8.98988,1.00,1.00
2016.10.27 10:00:53.501,8.98861,8.99011,1.00,1.00
2016.10.27 10:00:53.805,8.98873,8.99023,1.00,1.00
2016.10.27 10:00:54.462,8.98883,8.99035,1.00,1.00
2016.10.27 10:00:54.983,8.98899,8.99049,1.00,1.00
2016.10.27 10:00:58.173,8.9891,8.9906,1.00,1.00
2016.10.27 10:00:58.683,8.98921,8.99071,1.00,1.00
2016.10.27 10:00:58.987,8.98949,8.99099,1.00,1.00
2016.10.27 10:00:59.291,8.9896,8.9911,1.00,1.00
2016.10.27 10:01:00.487,8.98971,8.99121,1.00,1.00
2016.10.27 10:01:01.596,8.98982,8.99134,1.00,1.00
2016.10.27 10:01:02.692,8.98996,8.99146,1.00,1.50
2016.10.27 10:01:02.997,8.98965,8.99115,1.00,1.00
2016.10.27 10:01:03.321,8.98955,8.99105,1.00,1.00
2016.10.27 10:01:04.350,8.98943,8.99093,1.00,1.00
2016.10.27 10:01:05.755,8.98931,8.99081,1.00,1.00
2016.10.27 10:01:06.394,8.98934,8.99086,1.00,1.00
2016.10.27 10:01:07.005,8.98921,8.99071,1.00,1.00
2016.10.27 10:01:07.379,8.98896,8.99046,1.00,1.00
2016.10.27 10:01:08.519,8.98885,8.99035,1.00,1.00
2016.10.27 10:01:08.822,8.98871,8.99021,1.00,1.00
2016.10.27 10:01:09.496,8.98881,8.99031,1.00,1.00
2016.10.27 10:01:09.819,8.98891,8.99041,1.00,1.00
2016.10.27 10:01:12.373,8.98891,8.99036,1.00,1.00
2016.10.27 10:01:14.908,8.98891,8.99041,1.00,1.00
2016.10.27 10:01:25.440,8.98905,8.99055,1.00,1.00
2016.10.27 10:01:26.380,8.98908,8.99058,1.00,1.00
2016.10.27 10:01:28.621,8.98908,8.99056,1.00,1.00
2016.10.27 10:01:29.554,8.98887,8.9903,1.00,1.00
2016.10.27 10:01:29.605,8.9888,8.9903,1.00,1.00
2016.10.27 10:01:29.656,8.98868,8.99018,1.00,1.00
2016.10.27 10:01:35.519,8.98868,8.99018,1.60,1.00
2016.10.27 10:01:35.721,8.989,8.9905,1.00,1.00
2016.10.27 10:01:35.772,8.9895,8.9907,1.00,1.00
2016.10.27 10:01:35.823,8.9895,8.991,1.00,1.00
2016.10.27 10:01:35.975,8.98938,8.99088,1.00,1.00
2016.10.27 10:01:46.427,8.98932,8.99082,1.00,1.00
2016.10.27 10:01:49.761,8.98921,8.99071,1.00,1.00
2016.10.27 10:02:02.357,8.9891,8.9906,1.00,1.00
2016.10.27 10:02:02.775,8.98899,8.99049,1.00,1.00
2016.10.27 10:02:11.654,8.9891,8.9906,1.00,1.00
2016.10.27 10:02:11.958,8.98899,8.99049,1.00,1.00
2016.10.27 10:02:12.364,8.98887,8.99037,1.00,1.00
2016.10.27 10:02:13.089,8.98875,8.99025,1.00,1.00
2016.10.27 10:02:13.403,8.98861,8.99011,1.00,1.00
2016.10.27 10:02:14.417,8.98872,8.99022,1.00,1.00
2016.10.27 10:02:14.725,8.98882,8.99032,1.00,1.00
2016.10.27 10:02:15.029,8.98872,8.99022,1.00,1.00
2016.10.27 10:02:15.334,8.98884,8.99034,1.00,1.00
2016.10.27 10:02:15.749,8.98872,8.99022,1.00,1.00
2016.10.27 10:02:16.076,8.98847,8.98997,1.00,1.00
2016.10.27 10:02:16.381,8.98827,8.98977,1.00,1.00
2016.10.27 10:02:16.787,8.98816,8.98966,1.00,1.00
2016.10.27 10:02:17.173,8.98816,8.98954,1.00,1.00
2016.10.27 10:02:17.224,8.98784,8.98934,1.00,1.00
2016.10.27 10:02:17.376,8.98774,8.98924,1.00,1.00
2016.10.27 10:02:18.556,8.98763,8.98913,1.00,1.00
2016.10.27 10:02:19.351,8.98776,8.98926,1.00,1.00
2016.10.27 10:02:21.445,8.98788,8.98938,1.00,1.00
2016.10.27 10:02:21.749,8.98799,8.98946,1.00,1.00
2016.10.27 10:02:22.108,8.9882,8.98966,1.00,1.00
2016.10.27 10:02:22.159,8.98809,8.98959,1.00,1.00
2016.10.27 10:02:23.972,8.98809,8.98956,1.00,1.00
2016.10.27 10:02:26.182,8.98798,8.98948,1.00,1.00
2016.10.27 10:02:26.386,8.98789,8.98939,1.00,1.00
2016.10.27 10:02:29.354,8.98759,8.98909,1.00,1.00
2016.10.27 10:02:29.658,8.98733,8.98883,1.00,1.00
2016.10.27 10:02:29.963,8.9871,8.9886,1.00,1.00
2016.10.27 10:02:30.673,8.9867,8.9882,1.00,1.00
2016.10.27 10:02:30.977,8.98738,8.98888,1.00,1.00
2016.10.27 10:02:31.287,8.98727,8.98877,1.00,1.00
2016.10.27 10:02:32.431,8.98727,8.98876,1.00,1.00
2016.10.27 10:02:34.084,8.98727,8.98866,1.00,1.00
2016.10.27 10:02:35.551,8.98727,8.98867,1.00,1.00
2016.10.27 10:02:35.855,8.98765,8.98876,1.00,1.00
2016.10.27 10:02:36.008,8.98774,8.98896,1.00,1.00
2016.10.27 10:02:36.109,8.98763,8.98897,1.00,1.00
2016.10.27 10:02:36.616,8.98763,8.98896,1.00,1.00
2016.10.27 10:02:40.651,8.98763,8.98886,1.00,1.00
2016.10.27 10:02:40.702,8.98744,8.98886,1.00,1.00
2016.10.27 10:02:41.006,8.98733,8.98883,1.00,1.00
2016.10.27 10:02:41.107,8.98721,8.98871,1.00,1.00
2016.10.27 10:02:41.411,8.98716,8.98866,1.00,1.00
2016.10.27 10:02:43.014,8.98728,8.98878,1.00,1.00
2016.10.27 10:02:43.317,8.98725,8.98875,1.00,1.00
2016.10.27 10:02:46.504,8.98804,8.98916,1.00,1.00
2016.10.27 10:02:46.606,8.98793,8.98916,1.00,1.00
2016.10.27 10:02:46.860,8.98793,8.98926,1.00,1.00
2016.10.27 10:02:47.181,8.98793,8.98916,1.00,1.00
2016.10.27 10:02:50.976,8.98793,8.98917,1.00,1.00
2016.10.27 10:02:51.027,8.9878,8.98917,1.00,1.00
2016.10.27 10:02:51.331,8.98768,8.98916,1.00,1.00
2016.10.27 10:02:51.433,8.9875,8.989,1.00,1.00
2016.10.27 10:02:52.884,8.9875,8.98896,1.00,1.00
2016.10.27 10:02:53.581,8.9875,8.98897,1.00,1.00
2016.10.27 10:02:53.632,8.98737,8.98887,1.00,1.00
2016.10.27 10:02:54.981,8.98737,8.98886,1.00,1.00
2016.10.27 10:02:55.506,8.98737,8.98887,1.00,1.00
2016.10.27 10:03:06.337,8.98738,8.98888,1.00,1.00
2016.10.27 10:03:08.784,8.98777,8.98896,1.00,1.00
2016.10.27 10:03:08.886,8.98765,8.98896,1.00,1.00
2016.10.27 10:03:08.988,8.98748,8.98896,1.00,1.00
2016.10.27 10:03:09.090,8.98736,8.98886,1.00,1.00
2016.10.27 10:03:13.658,8.98736,8.98876,1.00,1.00
2016.10.27 10:03:15.447,8.98736,8.98866,1.00,1.00
2016.10.27 10:03:16.431,8.98736,8.98856,1.00,1.00
2016.10.27 10:03:16.533,8.98736,8.98866,1.00,1.00
2016.10.27 10:03:16.584,8.98724,8.98866,1.00,1.00
2016.10.27 10:03:16.635,8.98724,8.98856,1.00,1.00
2016.10.27 10:03:16.686,8.98709,8.98856,1.00,1.00
2016.10.27 10:03:16.737,8.98709,8.98859,1.00,1.00
2016.10.27 10:03:16.838,8.9873,8.98876,1.00,1.00
2016.10.27 10:03:17.223,8.98724,8.98874,1.00,1.00
2016.10.27 10:03:17.274,8.98724,8.98866,1.00,1.00
2016.10.27 10:03:17.376,8.98724,8.98874,1.00,1.00
2016.10.27 10:03:17.679,8.98724,8.98866,1.00,1.00
2016.10.27 10:03:19.350,8.98724,8.98874,1.00,1.00
2016.10.27 10:03:20.279,8.98724,8.98866,1.00,1.00
2016.10.27 10:03:22.146,8.98724,8.98874,1.00,1.00
2016.10.27 10:03:23.150,8.98724,8.98866,1.00,1.00
2016.10.27 10:03:23.821,8.98724,8.98874,1.00,1.00
2016.10.27 10:03:26.657,8.98715,8.98865,1.00,1.00
2016.10.27 10:03:32.242,8.98703,8.98853,1.00,1.00
2016.10.27 10:03:32.681,8.9869,8.9884,1.00,1.00
2016.10.27 10:03:40.727,8.98702,8.98852,1.00,1.00
2016.10.27 10:03:45.635,8.98713,8.98863,1.00,1.00
2016.10.27 10:03:46.173,8.98712,8.98862,1.00,1.00
2016.10.27 10:03:46.477,8.987,8.9885,1.00,1.00
2016.10.27 10:03:49.083,8.98712,8.98856,1.00,1.00
2016.10.27 10:03:52.149,8.98712,8.98846,1.00,1.00
2016.10.27 10:03:56.789,8.98699,8.98846,1.00,1.00
2016.10.27 10:03:57.488,8.98699,8.98836,1.00,1.00
2016.10.27 10:03:58.855,8.98689,8.98836,1.00,1.00
2016.10.27 10:03:59.108,8.98678,8.98828,1.00,1.00
2016.10.27 10:03:59.209,8.98678,8.98826,1.00,1.00
2016.10.27 10:04:00.117,8.98678,8.98816,1.00,1.00
2016.10.27 10:04:00.219,8.98678,8.98826,1.00,1.00
2016.10.27 10:04:00.320,8.98678,8.98828,1.00,1.00
2016.10.27 10:04:02.233,8.98664,8.98814,1.00,1.00
2016.10.27 10:04:04.050,8.98654,8.98804,1.00,1.00
2016.10.27 10:04:05.105,8.98668,8.98818,1.00,1.00
2016.10.27 10:04:05.410,8.98719,8.98846,1.00,1.00
2016.10.27 10:04:05.511,8.98708,8.98846,1.00,1.00
2016.10.27 10:04:05.613,8.98708,8.98858,1.00,1.00
2016.10.27 10:04:06.253,8.9872,8.9887,1.00,1.00
2016.10.27 10:04:06.584,8.98746,8.98886,1.00,1.00
2016.10.27 10:04:06.636,8.98734,8.98884,1.00,1.00
2016.10.27 10:04:09.867,8.98724,8.98874,1.00,1.00
2016.10.27 10:04:11.767,8.98714,8.98864,1.00,1.00
2016.10.27 10:04:16.233,8.98701,8.98851,1.00,1.00
2016.10.27 10:04:16.864,8.98673,8.98823,1.00,1.00
2016.10.27 10:04:17.169,8.98684,8.98834,1.00,1.00
2016.10.27 10:04:26.689,8.98698,8.98848,1.00,1.00
2016.10.27 10:04:28.922,8.98708,8.98858,1.00,1.00
2016.10.27 10:04:32.597,8.98707,8.98857,1.00,1.00
2016.10.27 10:04:42.118,8.98694,8.98846,1.00,1.00
2016.10.27 10:04:42.220,8.98685,8.98835,1.00,1.00
2016.10.27 10:04:46.331,8.98682,8.98832,1.00,1.00
2016.10.27 10:04:50.143,8.98669,8.98819,1.00,1.00
2016.10.27 10:05:06.887,8.98664,8.98814,1.00,1.00
2016.10.27 10:05:10.489,8.98648,8.988,1.00,1.00
2016.10.27 10:05:15.362,8.98636,8.98788,1.00,1.00
2016.10.27 10:05:15.845,8.9864,8.98777,1.22,1.00
2016.10.27 10:05:15.896,8.98647,8.98797,1.00,1.00
2016.10.27 10:05:15.997,8.98634,8.98786,1.00,1.00
2016.10.27 10:05:20.544,8.98634,8.98783,1.00,1.00
2016.10.27 10:05:20.595,8.98623,8.98773,1.00,1.00
2016.10.27 10:05:20.646,8.98623,8.98773,1.37,1.00
2016.10.27 10:05:20.978,8.98623,8.98773,1.00,1.00
2016.10.27 10:05:21.030,8.98619,8.98769,1.00,1.00
2016.10.27 10:05:24.353,8.98608,8.98758,1.00,1.00
2016.10.27 10:05:26.395,8.98606,8.98756,1.00,1.00
2016.10.27 10:05:29.198,8.98592,8.98742,1.00,1.00
2016.10.27 10:05:33.395,8.98576,8.98726,1.00,1.00
2016.10.27 10:05:33.788,8.98576,8.98715,1.00,1.00
2016.10.27 10:05:33.839,8.98545,8.98695,1.00,1.00
2016.10.27 10:05:37.617,8.98534,8.98684,1.00,1.00
2016.10.27 10:05:37.939,8.98523,8.98673,1.00,1.00
2016.10.27 10:05:38.141,8.98496,8.98648,1.00,1.00
2016.10.27 10:05:38.344,8.98486,8.98636,1.00,1.00
2016.10.27 10:05:39.048,8.98471,8.98621,1.00,1.00
2016.10.27 10:05:41.333,8.9846,8.9861,1.00,1.00
2016.10.27 10:05:46.421,8.98456,8.98606,1.00,1.00
2016.10.27 10:05:49.324,8.98443,8.98593,1.00,1.00
2016.10.27 10:05:52.537,8.98443,8.98524,1.00,1.00
2016.10.27 10:05:52.590,8.98383,8.98503,1.00,1.00
2016.10.27 10:05:52.641,8.98355,8.98505,1.00,1.00
2016.10.27 10:05:52.693,8.98367,8.98505,1.00,1.00
2016.10.27 10:05:52.744,8.98387,8.98537,1.00,1.00
2016.10.27 10:05:52.795,8.98387,8.98535,1.00,1.00
2016.10.27 10:05:52.998,8.98365,8.98515,1.00,1.00
2016.10.27 10:05:54.239,8.98376,8.98526,1.00,1.00
2016.10.27 10:05:54.544,8.9839,8.98539,1.00,1.00
2016.10.27 10:05:55.378,8.98394,8.98539,1.00,1.00
2016.10.27 10:05:55.536,8.98404,8.98554,1.00,1.00
2016.10.27 10:05:58.169,8.98415,8.98565,1.00,1.00
2016.10.27 10:06:03.878,8.98416,8.98565,1.00,1.00
2016.10.27 10:06:03.980,8.9845,8.986,1.00,1.00
2016.10.27 10:06:04.081,8.98467,8.98617,1.00,1.00
2016.10.27 10:06:06.449,8.98469,8.98619,1.00,1.00
2016.10.27 10:06:12.770,8.9848,8.98607,1.92,1.00
2016.10.27 10:06:12.872,8.98467,8.98619,1.00,1.00
2016.10.27 10:06:13.202,8.98453,8.98603,1.00,1.00
2016.10.27 10:06:25.108,8.98403,8.98553,1.37,1.00
2016.10.27 10:06:25.210,8.9839,8.9854,1.00,1.00
2016.10.27 10:06:25.261,8.9839,8.98535,1.00,1.00
2016.10.27 10:06:25.312,8.98365,8.98515,1.00,1.00
2016.10.27 10:06:25.414,8.98348,8.98498,1.00,1.00
2016.10.27 10:06:25.915,8.98427,8.98518,1.00,1.00
2016.10.27 10:06:25.966,8.98427,8.98577,1.00,1.00
2016.10.27 10:06:26.017,8.98438,8.98588,1.00,1.00
2016.10.27 10:06:26.669,8.9844,8.98592,1.00,1.00
2016.10.27 10:06:30.882,8.98455,8.98605,1.00,1.00
2016.10.27 10:06:43.571,8.98466,8.98616,1.00,1.00
2016.10.27 10:06:46.358,8.98464,8.98614,1.00,1.00
2016.10.27 10:06:46.662,8.9845,8.986,1.00,1.00
2016.10.27 10:06:57.493,8.98437,8.98589,1.00,1.00
2016.10.27 10:06:57.970,8.98427,8.98577,1.00,1.00
2016.10.27 10:06:58.484,8.98438,8.98588,1.00,1.00
2016.10.27 10:06:58.788,8.98458,8.9861,1.00,1.00
2016.10.27 10:07:05.296,8.9847,8.9862,1.00,1.00
2016.10.27 10:07:06.389,8.98464,8.98614,1.00,1.00
2016.10.27 10:07:26.393,8.98466,8.98616,1.00,1.00
2016.10.27 10:07:35.332,8.98477,8.98627,1.00,1.00
2016.10.27 10:07:38.680,8.9856,8.9871,1.00,1.00
2016.10.27 10:07:39.137,8.98578,8.98728,1.00,1.00
2016.10.27 10:07:39.745,8.9859,8.9874,1.00,1.00
2016.10.27 10:07:41.343,8.98576,8.98726,1.00,1.00
2016.10.27 10:07:43.726,8.98591,8.98741,1.00,1.00
2016.10.27 10:08:00.727,8.9858,8.9873,1.00,1.00
2016.10.27 10:08:06.523,8.98571,8.98721,1.00,1.00
2016.10.27 10:08:13.884,8.98582,8.98732,1.00,1.00
2016.10.27 10:08:19.376,8.98571,8.98721,1.00,1.00
2016.10.27 10:08:21.442,8.98571,8.98721,1.00,1.09
2016.10.27 10:08:25.366,8.98583,8.98733,1.00,1.61
2016.10.27 10:08:25.886,8.98583,8.98733,1.00,1.42
2016.10.27 10:08:25.988,8.98572,8.98722,1.00,1.00
2016.10.27 10:08:26.564,8.98574,8.98724,1.00,1.00
2016.10.27 10:08:36.889,8.98574,8.98706,1.00,1.00
2016.10.27 10:08:38.012,8.98587,8.98706,1.00,1.00
2016.10.27 10:08:38.519,8.98587,8.98727,1.00,1.02
2016.10.27 10:08:39.847,8.98587,8.98736,1.00,1.09
2016.10.27 10:08:40.388,8.98587,8.98737,1.00,2.13
2016.10.27 10:08:42.140,8.98587,8.98736,1.00,1.07
2016.10.27 10:08:42.656,8.98587,8.98737,1.00,2.20
2016.10.27 10:08:45.814,8.98587,8.98737,1.00,1.84
2016.10.27 10:08:46.740,8.98592,8.98742,1.00,1.84
2016.10.27 10:08:53.135,8.98578,8.98728,1.00,1.61
2016.10.27 10:09:22.830,8.98578,8.98728,1.00,1.00
2016.10.27 10:09:22.881,8.98619,8.98746,1.00,1.00
2016.10.27 10:09:22.932,8.98619,8.98769,1.00,1.00
2016.10.27 10:09:23.432,8.98604,8.98754,1.00,1.00
2016.10.27 10:09:26.159,8.98604,8.98746,1.00,1.00
2016.10.27 10:09:26.365,8.98597,8.98746,1.00,1.00
2016.10.27 10:09:27.723,8.98586,8.98736,1.00,1.00
2016.10.27 10:09:45.629,8.98565,8.98715,1.00,1.00
2016.10.27 10:09:45.731,8.98553,8.98705,1.00,1.00
2016.10.27 10:09:45.935,8.98539,8.98691,1.00,1.00
2016.10.27 10:09:46.374,8.98532,8.98684,1.00,1.00
2016.10.27 10:10:04.057,8.98564,8.98694,1.00,1.00
2016.10.27 10:10:04.157,8.98585,8.98735,1.00,1.00
2016.10.27 10:10:05.150,8.98602,8.98752,1.00,1.00
2016.10.27 10:10:06.395,8.98603,8.98753,1.00,1.00
2016.10.27 10:10:09.812,8.98616,8.98766,1.00,1.00
2016.10.27 10:10:10.154,8.98673,8.98825,1.00,1.00
2016.10.27 10:10:10.240,8.98703,8.98846,1.00,1.00
2016.10.27 10:10:10.291,8.98703,8.98853,1.00,1.00
2016.10.27 10:10:14.861,8.98703,8.98846,1.00,1.00
2016.10.27 10:10:16.078,8.98703,8.98853,1.00,1.00
2016.10.27 10:10:21.031,8.98715,8.98865,1.00,1.00
2016.10.27 10:10:21.436,8.98725,8.98875,1.00,1.00
2016.10.27 10:10:22.235,8.98735,8.98885,1.00,1.00
2016.10.27 10:10:22.539,8.9875,8.989,1.00,1.00
2016.10.27 10:10:22.981,8.98777,8.98927,1.00,1.00
2016.10.27 10:10:26.621,8.98793,8.98943,1.00,1.00
2016.10.27 10:10:26.926,8.98793,8.98936,1.00,1.00
2016.10.27 10:10:27.129,8.98781,8.98931,1.00,1.00
2016.10.27 10:10:28.150,8.98821,8.98973,1.00,1.00
2016.10.27 10:10:28.252,8.98835,8.98985,1.00,1.00
2016.10.27 10:10:28.783,8.98846,8.98998,1.00,1.00
2016.10.27 10:10:32.688,8.98846,8.98996,1.00,1.00
2016.10.27 10:10:33.172,8.98846,8.98998,1.00,1.00
2016.10.27 10:10:40.726,8.98835,8.98985,1.00,1.00
2016.10.27 10:10:43.172,8.98846,8.98996,1.00,1.00
2016.10.27 10:10:44.409,8.98864,8.99006,1.00,1.00
2016.10.27 10:10:44.613,8.98864,8.99014,1.00,1.00
2016.10.27 10:10:45.758,8.98885,8.99035,1.00,1.00
2016.10.27 10:10:46.557,8.98883,8.99033,1.00,1.00
2016.10.27 10:10:48.330,8.98893,8.99043,1.00,1.00
2016.10.27 10:10:53.823,8.98905,8.99055,1.00,1.00
2016.10.27 10:10:54.811,8.98894,8.99044,1.00,1.00
2016.10.27 10:10:55.806,8.98907,8.99057,1.00,1.00
2016.10.27 10:10:56.330,8.98907,8.99056,1.00,1.00
2016.10.27 10:10:58.403,8.98907,8.99057,1.00,1.00
2016.10.27 10:10:59.144,8.98921,8.99066,1.00,1.00
2016.10.27 10:10:59.617,8.98921,8.99071,1.00,1.00
2016.10.27 10:11:01.020,8.98934,8.99084,1.00,1.00
2016.10.27 10:11:01.758,8.98945,8.99095,1.00,1.00
2016.10.27 10:11:03.060,8.98919,8.99069,1.00,1.00
2016.10.27 10:11:03.364,8.98907,8.99057,1.00,1.00
2016.10.27 10:11:06.346,8.98905,8.99055,1.00,1.00
2016.10.27 10:11:26.329,8.98909,8.99059,1.00,1.00
2016.10.27 10:11:41.417,8.9892,8.9907,1.00,1.00
2016.10.27 10:11:41.722,8.98907,8.99057,1.00,1.00
2016.10.27 10:11:46.346,8.98912,8.99062,1.00,1.00
2016.10.27 10:11:46.816,8.98901,8.99051,1.00,1.00
2016.10.27 10:11:50.880,8.98889,8.99039,1.00,1.00
2016.10.27 10:11:51.831,8.98871,8.99021,1.00,1.00
2016.10.27 10:11:57.394,8.98856,8.99006,1.00,1.00
2016.10.27 10:11:57.898,8.98843,8.98993,1.00,1.00
2016.10.27 10:12:00.794,8.98828,8.98978,1.00,1.00
2016.10.27 10:12:01.098,8.98817,8.98967,1.00,1.00
2016.10.27 10:12:02.588,8.98829,8.98979,1.00,1.00
2016.10.27 10:12:03.890,8.98829,8.98976,1.00,1.00
2016.10.27 10:12:05.634,8.98829,8.98966,1.00,1.00
2016.10.27 10:12:06.322,8.9884,8.98966,1.00,1.00
2016.10.27 10:12:06.627,8.98845,8.98966,1.00,1.00
2016.10.27 10:12:07.139,8.98845,8.98967,1.00,1.00
2016.10.27 10:12:08.430,8.98845,8.98976,1.00,1.00
2016.10.27 10:12:10.820,8.98856,8.98976,1.00,1.00
2016.10.27 10:12:16.981,8.98856,8.98987,1.00,1.00
2016.10.27 10:12:19.817,8.98856,8.98996,1.00,1.00
2016.10.27 10:12:21.456,8.98856,8.98987,1.00,1.00
2016.10.27 10:12:21.764,8.98867,8.98987,1.00,1.00
2016.10.27 10:12:21.916,8.98856,8.98987,1.00,1.00
2016.10.27 10:12:22.581,8.98856,8.98986,1.00,1.00
2016.10.27 10:12:22.910,8.98856,8.99006,1.00,1.50
2016.10.27 10:12:23.438,8.98866,8.99006,1.00,1.00
2016.10.27 10:12:24.911,8.98854,8.99004,1.00,1.00
2016.10.27 10:12:26.357,8.98855,8.99005,1.00,1.00
2016.10.27 10:12:33.479,8.98867,8.99006,1.00,1.00
2016.10.27 10:12:33.783,8.98878,8.98996,1.00,1.00
2016.10.27 10:12:34.093,8.98904,8.99006,1.00,1.00
2016.10.27 10:12:34.195,8.98904,8.99016,1.00,1.00
2016.10.27 10:12:34.296,8.98917,8.99016,1.00,1.00
2016.10.27 10:12:35.218,8.98917,8.99026,1.00,1.00
2016.10.27 10:12:35.422,8.98917,8.99016,1.00,1.00
2016.10.27 10:12:35.727,8.9893,8.99016,1.00,1.00
2016.10.27 10:12:37.426,8.9893,8.99006,1.00,1.00
2016.10.27 10:12:41.932,8.9893,8.99016,1.00,1.00
2016.10.27 10:12:42.033,8.9893,8.99026,1.00,1.00
2016.10.27 10:12:42.586,8.9893,8.99036,1.00,1.00
2016.10.27 10:12:43.621,8.9893,8.99046,1.00,1.00
2016.10.27 10:12:44.674,8.98916,8.99046,1.00,1.50
2016.10.27 10:12:44.826,8.98916,8.99036,1.00,1.00
2016.10.27 10:12:46.514,8.98918,8.99036,1.00,1.00
2016.10.27 10:12:46.838,8.98918,8.99026,1.00,1.00
2016.10.27 10:12:48.585,8.98918,8.99016,1.00,1.00
2016.10.27 10:12:48.636,8.98844,8.98994,1.00,1.00
2016.10.27 10:12:48.687,8.98834,8.98984,1.00,1.00
2016.10.27 10:12:49.966,8.98823,8.98973,1.00,1.00
2016.10.27 10:12:59.825,8.98823,8.98967,1.00,1.00
2016.10.27 10:13:00.697,8.98823,8.98966,1.00,1.00
2016.10.27 10:13:05.140,8.98808,8.98958,1.00,1.00
2016.10.27 10:13:05.444,8.98796,8.98946,1.00,1.00
2016.10.27 10:13:05.749,8.98751,8.98901,1.00,1.00
2016.10.27 10:13:06.370,8.98755,8.98905,1.00,1.00
2016.10.27 10:13:06.674,8.98729,8.98881,1.00,1.00
2016.10.27 10:13:06.978,8.98719,8.98869,1.00,1.00
2016.10.27 10:13:12.193,8.98709,8.98859,1.00,1.00
2016.10.27 10:13:12.790,8.98697,8.98847,1.00,1.00
2016.10.27 10:13:19.672,8.98707,8.98857,1.00,1.00
2016.10.27 10:13:24.420,8.98717,8.98867,1.00,1.00
2016.10.27 10:13:26.180,8.98707,8.98857,1.00,1.00
2016.10.27 10:13:26.484,8.98712,8.98862,1.00,1.00
2016.10.27 10:13:49.906,8.98726,8.98876,1.00,1.00
2016.10.27 10:14:03.190,8.98714,8.98864,1.00,1.00
2016.10.27 10:14:06.380,8.98717,8.98867,1.00,1.00
2016.10.27 10:14:12.193,8.98728,8.98878,1.00,1.00
2016.10.27 10:14:19.403,8.98727,8.98877,1.00,1.00
2016.10.27 10:14:20.998,8.98717,8.98867,1.00,1.00
2016.10.27 10:14:23.836,8.98705,8.98855,1.00,1.00
2016.10.27 10:14:26.584,8.987,8.9885,1.00,1.00
2016.10.27 10:14:31.165,8.98714,8.98864,1.00,1.00
2016.10.27 10:14:31.481,8.98736,8.98886,1.00,1.00
2016.10.27 10:14:31.785,8.98724,8.98874,1.00,1.00
2016.10.27 10:14:35.630,8.98735,8.98885,1.00,1.00
2016.10.27 10:14:36.046,8.98779,8.98905,1.00,1.00
2016.10.27 10:14:36.097,8.98779,8.98929,1.00,1.00
2016.10.27 10:14:40.707,8.9878,8.98929,1.00,1.00
2016.10.27 10:14:40.758,8.988,8.98946,1.00,1.00
2016.10.27 10:14:40.910,8.98813,8.98963,1.00,1.00
2016.10.27 10:14:42.241,8.98802,8.98952,1.00,1.00
2016.10.27 10:14:43.336,8.9879,8.9894,1.00,1.00
2016.10.27 10:14:43.943,8.98777,8.98929,1.00,1.00
2016.10.27 10:14:44.045,8.98764,8.98914,1.00,1.00
2016.10.27 10:14:44.940,8.98753,8.98903,1.00,1.00
2016.10.27 10:14:46.367,8.98752,8.98902,1.00,1.00
2016.10.27 10:14:50.191,8.98763,8.98913,1.00,1.00
2016.10.27 10:15:06.391,8.98764,8.98914,1.00,1.00
2016.10.27 10:15:09.483,8.98775,8.98925,1.00,1.00
2016.10.27 10:15:26.318,8.98772,8.98922,1.00,1.00
2016.10.27 10:15:32.061,8.98755,8.98905,1.00,1.00
2016.10.27 10:15:32.213,8.9878,8.98932,1.00,1.00
2016.10.27 10:15:46.571,8.98782,8.98932,1.00,1.00
2016.10.27 10:15:46.875,8.98746,8.98896,1.00,1.00
2016.10.27 10:15:47.179,8.98721,8.9887,1.00,1.00
2016.10.27 10:15:47.280,8.9875,8.989,1.00,1.00
2016.10.27 10:15:47.382,8.98764,8.98914,1.00,1.00
2016.10.27 10:15:48.167,8.98736,8.98886,1.00,1.00
2016.10.27 10:15:48.472,8.98714,8.98864,1.00,1.00
2016.10.27 10:15:48.775,8.9876,8.9891,1.00,1.00
2016.10.27 10:15:51.377,8.9876,8.98906,1.00,1.00
2016.10.27 10:15:51.569,8.9876,8.9891,1.00,1.00
2016.10.27 10:15:51.872,8.9874,8.9889,1.00,1.00
2016.10.27 10:15:52.177,8.98698,8.98848,1.00,1.00
2016.10.27 10:15:54.981,8.98721,8.98871,1.00,1.00
2016.10.27 10:16:00.630,8.98733,8.98883,1.00,1.00
2016.10.27 10:16:01.617,8.9872,8.9887,1.00,1.00
2016.10.27 10:16:01.921,8.98709,8.98859,1.00,1.00
2016.10.27 10:16:02.811,8.98721,8.98866,1.00,1.00
2016.10.27 10:16:02.916,8.98698,8.98848,1.00,1.00
2016.10.27 10:16:03.018,8.98687,8.98837,1.00,1.00
2016.10.27 10:16:03.323,8.98709,8.98861,1.00,1.00
2016.10.27 10:16:03.527,8.98699,8.98849,1.00,1.00
2016.10.27 10:16:03.832,8.98711,8.98861,1.00,1.00
2016.10.27 10:16:04.440,8.98686,8.98836,1.00,1.00
2016.10.27 10:16:04.744,8.98675,8.98825,1.00,1.00
2016.10.27 10:16:05.049,8.98652,8.98802,1.00,1.00
2016.10.27 10:16:06.428,8.98654,8.98804,1.00,1.00
2016.10.27 10:16:06.918,8.98667,8.98817,1.00,1.00
2016.10.27 10:16:07.412,8.98677,8.98827,1.00,1.00
2016.10.27 10:16:11.227,8.98706,8.98856,1.00,1.00
2016.10.27 10:16:11.531,8.98717,8.98856,1.00,1.00
2016.10.27 10:16:11.866,8.98717,8.98846,1.00,1.00
2016.10.27 10:16:11.967,8.98717,8.98867,1.00,1.00
2016.10.27 10:16:21.267,8.98703,8.98853,1.00,1.00
2016.10.27 10:16:21.470,8.98705,8.98857,1.00,1.00
2016.10.27 10:16:22.503,8.98689,8.98839,1.00,1.00
2016.10.27 10:16:22.835,8.98673,8.98823,1.00,1.00
2016.10.27 10:16:23.742,8.98686,8.98836,1.00,1.00
2016.10.27 10:16:26.388,8.98688,8.98838,1.00,1.00
2016.10.27 10:16:29.335,8.98688,8.98822,1.00,1.00
2016.10.27 10:16:29.589,8.98677,8.98819,1.00,1.00
2016.10.27 10:16:29.691,8.98662,8.98812,1.00,1.00
2016.10.27 10:16:30.164,8.98662,8.98787,1.00,1.00
2016.10.27 10:16:31.292,8.9865,8.98787,1.00,1.00
2016.10.27 10:16:31.343,8.9865,8.988,1.00,1.00
2016.10.27 10:16:31.394,8.98638,8.98788,1.00,1.00
2016.10.27 10:16:31.792,8.98618,8.98764,1.00,1.00
2016.10.27 10:16:31.843,8.98614,8.98764,1.00,1.00
2016.10.27 10:16:33.003,8.98603,8.98753,1.00,1.00
2016.10.27 10:16:33.590,8.98587,8.98737,1.00,1.00
2016.10.27 10:16:34.978,8.98572,8.98724,1.00,1.00
2016.10.27 10:16:36.816,8.98562,8.98712,1.00,1.00
2016.10.27 10:16:37.196,8.98572,8.98724,1.00,1.00
2016.10.27 10:16:38.792,8.98584,8.98734,1.00,1.00
2016.10.27 10:16:40.027,8.98573,8.98723,1.00,1.00
2016.10.27 10:16:40.336,8.98634,8.98766,1.00,1.01
2016.10.27 10:16:40.438,8.98619,8.98766,1.00,1.01
2016.10.27 10:16:41.653,8.98619,8.98769,1.00,1.00
2016.10.27 10:16:42.225,8.98619,8.98769,1.00,1.01
2016.10.27 10:16:43.137,8.98619,8.98769,1.00,1.01
2016.10.27 10:16:45.770,8.98619,8.98769,1.00,1.00
2016.10.27 10:16:45.922,8.98632,8.98782,1.00,1.00
2016.10.27 10:16:46.228,8.98655,8.98805,1.00,1.00
2016.10.27 10:16:46.599,8.98673,8.98823,1.00,1.00
2016.10.27 10:16:46.910,8.98692,8.98842,1.00,1.00
2016.10.27 10:16:51.068,8.98692,8.98812,1.00,1.00
2016.10.27 10:16:51.157,8.98667,8.98817,1.00,1.00
2016.10.27 10:16:56.151,8.98656,8.98806,1.00,1.00
2016.10.27 10:16:56.455,8.98632,8.98782,1.00,1.00
2016.10.27 10:16:57.297,8.98594,8.98744,1.00,1.00
2016.10.27 10:16:57.464,8.98574,8.98726,1.00,1.00
2016.10.27 10:16:57.871,8.98564,8.98714,1.00,1.00
2016.10.27 10:16:58.459,8.98532,8.98682,1.00,1.00
2016.10.27 10:16:58.763,8.98519,8.98669,1.00,1.00
2016.10.27 10:16:59.169,8.98499,8.98649,1.00,1.00
2016.10.27 10:16:59.271,8.98478,8.9863,1.00,1.00
2016.10.27 10:16:59.887,8.98466,8.98616,1.00,1.00
2016.10.27 10:17:00.191,8.98453,8.98603,1.00,1.00
2016.10.27 10:17:00.496,8.98409,8.98559,1.00,1.00
2016.10.27 10:17:02.501,8.98397,8.98547,1.00,1.00
2016.10.27 10:17:03.102,8.98435,8.98585,1.00,1.00
2016.10.27 10:17:03.426,8.98461,8.98611,1.00,1.00
2016.10.27 10:17:06.395,8.98459,8.98609,1.00,1.00
2016.10.27 10:17:07.390,8.98448,8.98598,1.00,1.00
2016.10.27 10:17:12.022,8.98437,8.98587,1.00,1.00
2016.10.27 10:17:12.327,8.98425,8.98575,1.00,1.00
2016.10.27 10:17:15.736,8.98436,8.98586,1.00,1.00
2016.10.27 10:17:16.077,8.98446,8.98596,1.00,1.00
2016.10.27 10:17:18.354,8.98457,8.98607,1.00,1.00
2016.10.27 10:17:18.860,8.98456,8.98606,1.00,1.50
2016.10.27 10:17:19.846,8.98467,8.98617,1.00,1.00
2016.10.27 10:17:24.166,8.98456,8.98606,1.00,1.00
2016.10.27 10:17:24.479,8.98444,8.98594,1.00,1.00
2016.10.27 10:17:25.386,8.98444,8.98588,1.00,1.00
2016.10.27 10:17:25.964,8.98455,8.98605,1.00,1.00
2016.10.27 10:17:26.044,8.98439,8.98589,1.00,1.00
2016.10.27 10:17:26.549,8.9844,8.9859,1.00,1.00
2016.10.27 10:17:26.857,8.98535,8.98685,1.00,1.00
2016.10.27 10:17:26.959,8.98517,8.98669,1.00,1.00
2016.10.27 10:17:27.060,8.98501,8.9865,1.00,1.00
2016.10.27 10:17:27.212,8.98513,8.98663,1.00,1.00
2016.10.27 10:17:27.364,8.98526,8.98676,1.00,1.00
2016.10.27 10:17:27.935,8.98526,8.98662,1.00,1.00
2016.10.27 10:17:30.897,8.98526,8.98676,1.00,1.00
2016.10.27 10:17:46.216,8.98534,8.98684,1.50,1.00
2016.10.27 10:17:46.521,8.98536,8.98686,1.00,1.50
2016.10.27 10:17:46.948,8.98524,8.98674,1.00,1.00
2016.10.27 10:17:47.254,8.98538,8.98686,1.00,1.00
2016.10.27 10:17:47.720,8.98549,8.98686,1.00,1.00
2016.10.27 10:17:49.608,8.98522,8.98657,1.00,1.00
2016.10.27 10:17:49.709,8.98505,8.98655,1.00,1.00
2016.10.27 10:17:49.760,8.98505,8.98646,1.00,1.00
2016.10.27 10:17:50.064,8.98522,8.98646,1.00,1.00
2016.10.27 10:17:54.529,8.98511,8.98646,1.00,1.00
2016.10.27 10:17:54.630,8.985,8.98646,1.00,1.00
2016.10.27 10:18:04.931,8.98513,8.98646,1.00,1.00
2016.10.27 10:18:06.329,8.98516,8.98646,1.00,1.00
2016.10.27 10:18:15.043,8.98504,8.98646,1.00,1.00
2016.10.27 10:18:16.967,8.98515,8.98646,1.00,1.00
2016.10.27 10:18:17.671,8.98505,8.98646,1.00,1.00
2016.10.27 10:18:18.171,8.98491,8.98641,1.00,1.00
2016.10.27 10:18:18.963,8.98479,8.98629,1.00,1.00
2016.10.27 10:18:19.577,8.98564,8.98646,1.00,1.00
2016.10.27 10:18:19.628,8.98564,8.98709,1.00,1.35
2016.10.27 10:18:19.783,8.98564,8.98672,1.00,1.00
2016.10.27 10:18:19.885,8.9855,8.98672,1.00,1.00
2016.10.27 10:18:19.937,8.98534,8.98672,1.00,1.00
2016.10.27 10:18:20.039,8.98511,8.98661,1.00,1.00
2016.10.27 10:18:20.140,8.98501,8.98651,1.00,1.00
2016.10.27 10:18:22.986,8.98512,8.98662,1.00,1.00
2016.10.27 10:18:25.983,8.98501,8.98651,1.00,1.00
2016.10.27 10:18:26.560,8.98503,8.98655,1.00,1.00
2016.10.27 10:18:35.571,8.98493,8.98643,1.00,1.00
2016.10.27 10:18:46.818,8.98494,8.98644,1.00,1.00
2016.10.27 10:18:53.172,8.98505,8.98655,1.00,1.00
2016.10.27 10:18:54.759,8.98518,8.98668,1.00,1.00
2016.10.27 10:18:55.424,8.9853,8.9868,1.00,1.00
2016.10.27 10:18:57.653,8.98518,8.98668,1.00,1.00
2016.10.27 10:19:01.678,8.98531,8.98681,1.00,1.00
2016.10.27 10:19:01.780,8.98541,8.98693,1.00,1.00
2016.10.27 10:19:04.174,8.9853,8.9868,1.00,1.00
2016.10.27 10:19:06.386,8.98533,8.98683,1.00,1.00
2016.10.27 10:19:14.285,8.98548,8.98698,1.00,1.00
2016.10.27 10:19:15.491,8.98561,8.98711,1.00,1.00
2016.10.27 10:19:16.002,8.98561,8.98711,1.00,1.00
2016.10.27 10:19:16.307,8.98573,8.98723,1.00,1.01
2016.10.27 10:19:17.045,8.98573,8.98723,1.00,1.01
2016.10.27 10:19:17.348,8.98584,8.98734,1.00,1.01
2016.10.27 10:19:17.702,8.98594,8.98746,1.00,1.02
2016.10.27 10:19:17.905,8.98594,8.98746,1.00,1.00
2016.10.27 10:19:19.842,8.98587,8.9868,1.00,1.00
2016.10.27 10:19:19.894,8.9853,8.9868,1.00,1.00
2016.10.27 10:19:19.945,8.98516,8.98666,1.00,1.00
2016.10.27 10:19:20.249,8.98571,8.98721,1.00,1.00
2016.10.27 10:19:26.367,8.98573,8.98723,1.00,1.00
2016.10.27 10:19:39.680,8.98573,8.98716,1.00,1.00
2016.10.27 10:19:41.787,8.98562,8.98712,1.00,1.00
2016.10.27 10:19:42.343,8.98562,8.98706,1.00,1.00
2016.10.27 10:19:43.898,8.9855,8.987,1.00,1.00
2016.10.27 10:19:44.202,8.9855,8.98696,1.00,1.00
2016.10.27 10:19:45.228,8.98535,8.98685,1.00,1.00
2016.10.27 10:19:46.304,8.98525,8.98675,1.00,1.00
2016.10.27 10:20:01.597,8.98511,8.98663,1.00,1.00
2016.10.27 10:20:06.176,8.98522,8.98674,1.00,1.00
2016.10.27 10:20:06.646,8.9853,8.9868,1.00,1.00
2016.10.27 10:20:15.434,8.98541,8.98693,1.00,1.00
2016.10.27 10:20:23.624,8.98532,8.98682,1.00,1.00
2016.10.27 10:20:24.114,8.98545,8.98695,1.00,1.00
2016.10.27 10:20:26.318,8.98541,8.98691,1.00,1.00
2016.10.27 10:20:27.067,8.98621,8.98726,1.00,1.00
2016.10.27 10:20:27.169,8.98555,8.98702,1.60,1.00
2016.10.27 10:20:27.271,8.98688,8.98806,1.00,1.00
2016.10.27 10:20:27.322,8.98679,8.98806,1.00,1.00
2016.10.27 10:20:27.374,8.98679,8.98829,1.00,1.00
2016.10.27 10:20:27.425,8.98663,8.98813,1.00,1.00
2016.10.27 10:20:27.729,8.98649,8.98799,1.00,1.00
2016.10.27 10:20:46.389,8.98645,8.98795,1.00,1.00
2016.10.27 10:20:49.879,8.9866,8.98806,1.00,1.00
2016.10.27 10:20:50.133,8.9866,8.9881,1.00,1.00
2016.10.27 10:20:50.886,8.98683,8.98833,1.00,1.00
2016.10.27 10:20:55.162,8.98683,8.98826,1.00,1.00
2016.10.27 10:21:00.688,8.98683,8.98816,1.00,1.00
2016.10.27 10:21:00.891,8.98683,8.98826,1.00,1.00
2016.10.27 10:21:04.379,8.98683,8.98816,1.00,1.00
2016.10.27 10:21:05.955,8.98683,8.98826,1.00,1.00
2016.10.27 10:21:06.549,8.98684,8.98826,1.00,1.00
2016.10.27 10:21:06.600,8.98684,8.98816,1.00,1.00
2016.10.27 10:21:06.702,8.98684,8.98826,1.00,1.00
2016.10.27 10:21:09.057,8.98684,8.98834,1.00,1.00
2016.10.27 10:21:12.839,8.98684,8.98826,1.00,1.00
2016.10.27 10:21:13.143,8.98684,8.98834,1.00,1.00
2016.10.27 10:21:14.460,8.98684,8.98827,1.00,1.00
2016.10.27 10:21:18.663,8.98684,8.98816,1.00,1.00
2016.10.27 10:21:20.173,8.98684,8.98826,1.00,1.00
2016.10.27 10:21:24.352,8.98684,8.98816,1.00,1.00
2016.10.27 10:21:24.931,8.98684,8.98827,1.00,1.00
2016.10.27 10:21:25.360,8.98684,8.98834,1.00,1.00
2016.10.27 10:21:26.181,8.98684,8.98826,1.00,1.00
2016.10.27 10:21:26.525,8.98686,8.98826,1.00,1.00
2016.10.27 10:21:28.686,8.98686,8.98836,1.00,1.00
2016.10.27 10:21:30.557,8.98686,8.98826,1.00,1.00
2016.10.27 10:21:32.720,8.98686,8.98816,1.00,1.00
2016.10.27 10:21:33.711,8.98675,8.98816,1.00,1.00
2016.10.27 10:21:35.016,8.98675,8.98806,1.00,1.00
2016.10.27 10:21:39.697,8.98675,8.98816,1.00,1.00
2016.10.27 10:21:39.770,8.98675,8.98825,1.00,1.00
2016.10.27 10:21:40.252,8.98688,8.98826,1.00,1.00
2016.10.27 10:21:40.596,8.98688,8.98836,1.00,1.00
2016.10.27 10:21:45.238,8.98688,8.98826,1.00,1.00
2016.10.27 10:21:45.441,8.98674,8.98826,1.00,1.00
2016.10.27 10:21:45.543,8.98687,8.98836,1.00,1.00
2016.10.27 10:21:45.994,8.98687,8.98827,1.00,1.00
2016.10.27 10:21:46.372,8.98684,8.98826,1.00,1.00
2016.10.27 10:21:46.423,8.98684,8.98816,1.00,1.00
2016.10.27 10:21:47.668,8.98684,8.98806,1.00,1.00
2016.10.27 10:21:49.640,8.98684,8.98817,1.00,1.00
2016.10.27 10:21:51.082,8.98684,8.98826,1.00,1.00
2016.10.27 10:21:51.356,8.98684,8.98834,1.00,1.00
2016.10.27 10:21:53.867,8.98684,8.98826,1.00,1.00
2016.10.27 10:21:55.188,8.98684,8.98827,1.00,1.00
2016.10.27 10:21:55.808,8.98684,8.98826,1.00,1.00
2016.10.27 10:21:57.533,8.98684,8.98817,1.00,1.00
2016.10.27 10:22:00.017,8.98684,8.98826,1.00,1.00
2016.10.27 10:22:00.287,8.98684,8.98816,1.00,1.00
2016.10.27 10:22:02.230,8.98673,8.98816,1.00,1.00
2016.10.27 10:22:03.005,8.98673,8.98823,1.00,1.00
2016.10.27 10:22:06.336,8.9868,8.98826,1.00,1.00
2016.10.27 10:22:06.438,8.9868,8.9883,1.00,1.00
2016.10.27 10:22:08.903,8.9868,8.98826,1.00,1.00
2016.10.27 10:22:09.940,8.9868,8.98816,1.00,1.00
2016.10.27 10:22:11.042,8.98667,8.98816,1.00,1.00
2016.10.27 10:22:11.448,8.98667,8.98816,1.00,1.69
2016.10.27 10:22:11.550,8.98667,8.98806,1.00,1.00
2016.10.27 10:22:11.811,8.98667,8.98806,1.00,1.26
2016.10.27 10:22:19.434,8.98667,8.98806,1.00,1.00
2016.10.27 10:22:19.640,8.98667,8.98806,1.00,1.32
2016.10.27 10:22:23.356,8.98667,8.98806,1.00,1.00
2016.10.27 10:22:24.229,8.98667,8.98806,1.00,1.21
2016.10.27 10:22:41.023,8.98618,8.98768,1.00,1.00
2016.10.27 10:22:41.402,8.98577,8.98727,1.00,1.00
2016.10.27 10:22:41.932,8.98566,8.98716,1.00,1.00
2016.10.27 10:22:42.337,8.98555,8.98705,1.00,1.00
2016.10.27 10:22:45.135,8.98567,8.98717,1.00,1.00
2016.10.27 10:22:46.304,8.98568,8.9872,1.00,1.00
2016.10.27 10:23:00.745,8.98569,8.98721,1.00,1.00
2016.10.27 10:23:02.575,8.98583,8.98733,1.00,1.00
2016.10.27 10:23:06.743,8.98585,8.98735,1.00,1.00
2016.10.27 10:23:20.717,8.98573,8.98723,1.00,1.00
2016.10.27 10:23:22.681,8.98573,8.98723,1.00,1.00
2016.10.27 10:23:22.757,8.98573,8.98723,1.00,1.00
2016.10.27 10:23:22.859,8.98573,8.98723,1.00,1.00
2016.10.27 10:23:24.325,8.98573,8.98723,1.00,1.00
2016.10.27 10:23:24.412,8.98551,8.98701,1.00,1.00
2016.10.27 10:23:24.517,8.9854,8.9869,1.00,1.00
2016.10.27 10:23:24.858,8.9853,8.9868,1.00,1.00
2016.10.27 10:23:26.180,8.98505,8.98657,1.00,1.00
2016.10.27 10:23:26.233,8.98495,8.98645,1.00,1.00
2016.10.27 10:23:26.854,8.98484,8.98634,1.00,1.00
2016.10.27 10:23:27.057,8.98473,8.98625,1.00,1.00
2016.10.27 10:23:27.411,8.98456,8.98608,1.00,1.00
2016.10.27 10:23:27.715,8.98404,8.98556,1.00,1.00
2016.10.27 10:23:28.019,8.98394,8.98544,1.00,1.00
2016.10.27 10:23:28.522,8.98405,8.98555,1.00,1.00
2016.10.27 10:23:28.955,8.98395,8.98545,1.00,1.00
2016.10.27 10:23:43.775,8.98382,8.98532,1.00,1.00
2016.10.27 10:23:44.080,8.98385,8.98535,1.00,1.00
2016.10.27 10:23:44.704,8.98372,8.98522,1.00,1.00
2016.10.27 10:23:46.411,8.98367,8.98517,1.00,1.00
2016.10.27 10:24:03.862,8.98368,8.98518,1.00,1.00
2016.10.27 10:24:06.162,8.98379,8.98529,1.00,1.00
2016.10.27 10:24:06.629,8.98375,8.98525,1.00,1.00
2016.10.27 10:24:07.286,8.98389,8.98539,1.00,1.00
2016.10.27 10:24:11.481,8.98375,8.98525,1.00,1.00
2016.10.27 10:24:19.934,8.98386,8.98536,1.00,1.00
2016.10.27 10:24:23.439,8.98374,8.98524,1.00,1.00
2016.10.27 10:24:26.323,8.98376,8.98526,1.00,1.00
2016.10.27 10:24:33.662,8.98364,8.98514,1.00,1.00
2016.10.27 10:24:37.155,8.98342,8.98492,1.00,1.00
2016.10.27 10:24:37.586,8.98303,8.98453,1.37,1.00
2016.10.27 10:24:37.637,8.98303,8.98453,1.00,1.00
2016.10.27 10:24:37.688,8.98287,8.98437,1.00,1.00
2016.10.27 10:24:37.992,8.98229,8.98379,1.00,1.00
2016.10.27 10:24:46.599,8.9823,8.9838,1.00,1.00
2016.10.27 10:24:49.692,8.98219,8.98369,1.00,1.00
2016.10.27 10:24:49.996,8.98182,8.98332,1.00,1.00
2016.10.27 10:24:50.300,8.9817,8.9832,1.00,1.00
2016.10.27 10:24:56.886,8.9817,8.98316,1.00,1.00
2016.10.27 10:24:56.937,8.98146,8.98296,1.00,1.00
2016.10.27 10:24:57.140,8.98131,8.98281,1.00,1.00
2016.10.27 10:25:06.364,8.98134,8.98284,1.00,1.00
2016.10.27 10:25:16.355,8.98145,8.98295,1.00,1.00
2016.10.27 10:25:19.582,8.98133,8.98283,1.00,1.00
2016.10.27 10:25:26.396,8.98138,8.98288,1.00,1.00
2016.10.27 10:25:38.083,8.98125,8.98275,1.00,1.00
2016.10.27 10:25:38.942,8.98044,8.98187,1.00,1.00
2016.10.27 10:25:38.993,8.98025,8.98175,1.00,1.00
2016.10.27 10:25:40.033,8.98013,8.98163,1.00,1.00
2016.10.27 10:25:40.355,8.97998,8.98148,1.00,1.00
2016.10.27 10:25:41.919,8.97987,8.98137,1.00,1.00
2016.10.27 10:25:42.021,8.97971,8.98123,1.00,1.00
2016.10.27 10:25:45.119,8.97984,8.98134,1.00,1.00
2016.10.27 10:25:45.423,8.9797,8.9812,1.00,1.00
2016.10.27 10:25:46.523,8.97981,8.98131,1.00,1.00
2016.10.27 10:25:54.526,8.97992,8.98142,1.00,1.00
2016.10.27 10:26:06.726,8.98015,8.98157,1.00,1.00
2016.10.27 10:26:06.778,8.98015,8.98165,1.00,1.00
2016.10.27 10:26:26.368,8.98018,8.9817,1.00,1.00
2016.10.27 10:26:29.398,8.98029,8.98179,1.00,1.00
2016.10.27 10:26:46.432,8.98024,8.98176,1.00,1.00
2016.10.27 10:26:53.822,8.98036,8.98186,1.00,1.00
2016.10.27 10:27:01.076,8.98024,8.98174,1.00,1.00
2016.10.27 10:27:06.374,8.98027,8.98177,1.00,1.00
2016.10.27 10:27:13.504,8.98015,8.98165,1.00,1.00
2016.10.27 10:27:26.479,8.98021,8.98171,1.00,1.00
2016.10.27 10:27:29.651,8.98008,8.98158,1.00,1.00
2016.10.27 10:27:46.304,8.98002,8.98152,1.00,1.00
2016.10.27 10:27:51.722,8.98002,8.98152,1.67,1.00
2016.10.27 10:27:52.657,8.98014,8.98164,1.00,1.00
2016.10.27 10:27:55.175,8.98024,8.98164,1.00,1.00
2016.10.27 10:27:55.429,8.98028,8.98178,1.00,1.00
2016.10.27 10:27:57.150,8.98028,8.98178,1.67,1.00
2016.10.27 10:27:58.343,8.98028,8.98178,1.00,1.00
2016.10.27 10:28:05.570,8.98017,8.98167,1.00,1.00
2016.10.27 10:28:26.411,8.98016,8.98166,1.00,1.00
2016.10.27 10:28:31.213,8.98006,8.98156,1.00,1.00
2016.10.27 10:28:44.460,8.97994,8.98144,1.00,1.00
2016.10.27 10:28:46.340,8.97998,8.98148,1.00,1.00
2016.10.27 10:28:50.427,8.98009,8.98159,1.00,1.00
2016.10.27 10:28:51.160,8.97988,8.98136,1.00,1.00
2016.10.27 10:28:51.212,8.97986,8.98136,1.00,1.00
2016.10.27 10:28:51.263,8.97975,8.98125,1.00,1.00
2016.10.27 10:28:51.836,8.9794,8.9809,1.00,1.00
2016.10.27 10:28:54.934,8.97952,8.98102,1.00,1.00
2016.10.27 10:28:59.365,8.97941,8.98091,1.00,1.00
2016.10.27 10:28:59.705,8.97931,8.98081,1.00,1.00
2016.10.27 10:29:00.009,8.97906,8.98056,1.00,1.50
2016.10.27 10:29:00.401,8.97864,8.98014,1.00,1.00
2016.10.27 10:29:00.718,8.97839,8.97989,1.00,1.00
2016.10.27 10:29:01.023,8.97793,8.97943,1.00,1.00
2016.10.27 10:29:01.369,8.97784,8.97933,1.00,1.00
2016.10.27 10:29:01.679,8.97795,8.97945,1.00,1.00
2016.10.27 10:29:02.060,8.97808,8.97958,1.00,1.00
2016.10.27 10:29:02.695,8.97814,8.97958,1.00,1.00
2016.10.27 10:29:02.898,8.97808,8.97958,1.00,1.00
2016.10.27 10:29:04.264,8.97798,8.97948,1.00,1.00
2016.10.27 10:29:04.568,8.97804,8.97948,1.00,1.00
2016.10.27 10:29:04.720,8.97798,8.97948,1.00,1.00
2016.10.27 10:29:05.024,8.97804,8.97948,1.00,1.00
2016.10.27 10:29:05.680,8.97814,8.97948,1.00,1.00
2016.10.27 10:29:06.351,8.97814,8.97958,1.00,1.00
2016.10.27 10:29:07.730,8.97808,8.97958,1.00,1.00
2016.10.27 10:29:07.884,8.97748,8.97898,1.00,1.00
2016.10.27 10:29:08.189,8.97744,8.97889,1.00,1.00
2016.10.27 10:29:08.290,8.9775,8.979,1.00,1.00
2016.10.27 10:29:08.726,8.97761,8.97911,1.00,1.00
2016.10.27 10:29:20.887,8.9775,8.979,1.00,1.00
2016.10.27 10:29:21.203,8.97737,8.97887,1.00,1.00
2016.10.27 10:29:22.227,8.97724,8.97874,1.00,1.00
2016.10.27 10:29:23.179,8.97734,8.97874,1.00,1.00
2016.10.27 10:29:23.381,8.97724,8.97874,1.50,1.00
2016.10.27 10:29:23.534,8.97735,8.97885,1.00,1.00
2016.10.27 10:29:24.120,8.97723,8.97873,1.00,1.00
2016.10.27 10:29:24.424,8.97754,8.97873,1.00,1.00
2016.10.27 10:29:24.475,8.97724,8.97873,1.00,1.00
2016.10.27 10:29:24.526,8.97735,8.97885,1.00,1.00
2016.10.27 10:29:24.913,8.97723,8.97873,1.00,1.00
2016.10.27 10:29:25.668,8.97724,8.97873,1.00,1.00
2016.10.27 10:29:26.174,8.97734,8.97873,1.00,1.00
2016.10.27 10:29:26.225,8.97738,8.97888,1.00,1.00
2016.10.27 10:29:26.679,8.97741,8.97891,1.00,1.00
2016.10.27 10:29:26.988,8.97727,8.97877,1.00,1.00
2016.10.27 10:29:27.704,8.97727,8.97877,1.67,1.00
2016.10.27 10:29:28.662,8.97734,8.97878,2.55,1.00
2016.10.27 10:29:28.713,8.97728,8.97878,1.00,1.00
2016.10.27 10:29:30.425,8.97728,8.97878,1.67,1.00
2016.10.27 10:29:30.883,8.97734,8.97878,2.63,1.00
2016.10.27 10:29:31.036,8.97739,8.97889,1.67,1.00
2016.10.27 10:29:31.425,8.97739,8.97889,1.00,1.00
2016.10.27 10:29:32.188,8.97739,8.97889,1.67,1.00
2016.10.27 10:29:32.391,8.97739,8.97889,1.00,1.00
2016.10.27 10:29:34.136,8.97739,8.97889,1.67,1.00
2016.10.27 10:29:34.656,8.97739,8.97889,1.00,1.00
2016.10.27 10:29:35.616,8.97739,8.97889,1.67,1.00
2016.10.27 10:29:36.286,8.97739,8.97889,1.00,1.00
2016.10.27 10:29:37.110,8.97744,8.97889,2.36,1.00
2016.10.27 10:29:37.497,8.97751,8.97901,1.67,1.00
2016.10.27 10:29:37.952,8.97751,8.97901,1.00,1.00
2016.10.27 10:29:38.155,8.97751,8.97901,1.67,1.00
2016.10.27 10:29:39.567,8.97751,8.97901,1.67,1.00
2016.10.27 10:29:39.922,8.97751,8.97901,1.00,1.00
2016.10.27 10:29:40.897,8.97751,8.97901,1.67,1.00
2016.10.27 10:29:41.146,8.97751,8.97901,1.00,1.00
2016.10.27 10:29:41.434,8.97751,8.97901,1.67,1.00
2016.10.27 10:29:42.188,8.97764,8.97901,1.96,1.00
2016.10.27 10:29:42.239,8.97768,8.97918,1.67,1.00
2016.10.27 10:29:42.442,8.97768,8.97918,1.00,1.00
2016.10.27 10:29:45.162,8.97757,8.97907,1.00,1.00
2016.10.27 10:29:46.352,8.97759,8.97911,1.00,1.00
2016.10.27 10:29:53.471,8.97749,8.97899,1.00,1.00
2016.10.27 10:29:58.687,8.9776,8.9791,1.00,1.00
2016.10.27 10:29:59.122,8.97747,8.97899,1.00,1.00
2016.10.27 10:30:01.375,8.9776,8.9791,1.00,1.00
2016.10.27 10:30:05.015,8.9776,8.9791,1.67,1.00
2016.10.27 10:30:05.096,8.97771,8.97921,1.00,1.00
2016.10.27 10:30:05.197,8.9776,8.9791,1.00,1.00
2016.10.27 10:30:06.019,8.97737,8.97887,1.00,1.00
2016.10.27 10:30:06.356,8.97752,8.97902,1.00,1.00
2016.10.27 10:30:06.874,8.97751,8.97901,1.00,1.00
2016.10.27 10:30:09.639,8.97751,8.97901,1.67,1.00
2016.10.27 10:30:09.925,8.97751,8.97901,1.00,1.00
2016.10.27 10:30:11.205,8.97763,8.97913,1.00,1.00
2016.10.27 10:30:11.541,8.97751,8.97901,1.00,1.00
2016.10.27 10:30:14.264,8.97751,8.97901,1.67,1.00
2016.10.27 10:30:14.353,8.97751,8.97901,1.00,1.00
2016.10.27 10:30:21.687,8.97751,8.97901,1.67,1.00
2016.10.27 10:30:21.788,8.97762,8.97912,1.00,1.00
2016.10.27 10:30:21.891,8.97762,8.97912,1.67,1.00
2016.10.27 10:30:22.398,8.97762,8.97912,1.00,1.00
2016.10.27 10:30:23.365,8.97762,8.97912,1.67,1.00
2016.10.27 10:30:23.871,8.97762,8.97912,1.00,1.00
2016.10.27 10:30:25.065,8.97762,8.97912,1.67,1.00
2016.10.27 10:30:26.291,8.97766,8.97916,1.00,1.00
2016.10.27 10:30:27.015,8.97754,8.97904,1.00,1.00
2016.10.27 10:30:29.897,8.97769,8.97919,1.00,1.00
2016.10.27 10:30:31.126,8.97756,8.97906,1.00,1.00
2016.10.27 10:30:31.429,8.97768,8.97918,1.00,1.00
2016.10.27 10:30:31.858,8.97747,8.97897,1.00,1.00
2016.10.27 10:30:32.649,8.97759,8.97909,1.00,1.00
2016.10.27 10:30:32.953,8.97748,8.97898,1.00,1.00
2016.10.27 10:30:37.113,8.97737,8.97887,1.00,1.00
2016.10.27 10:30:38.440,8.97726,8.97876,1.00,1.00
2016.10.27 10:30:38.745,8.97737,8.97887,1.00,1.00
2016.10.27 10:30:40.651,8.97744,8.97887,1.00,1.00
2016.10.27 10:30:40.991,8.97751,8.97901,1.00,1.00
2016.10.27 10:30:46.544,8.97745,8.97895,1.00,1.00
2016.10.27 10:30:51.376,8.97753,8.97895,1.00,1.00
2016.10.27 10:30:51.477,8.97756,8.97906,1.00,1.00
2016.10.27 10:30:52.959,8.97742,8.97892,1.00,1.00
2016.10.27 10:30:54.382,8.97744,8.97892,1.00,1.00
2016.10.27 10:30:54.901,8.97742,8.97892,1.00,1.00
2016.10.27 10:30:55.882,8.97744,8.97892,1.00,1.00
2016.10.27 10:30:56.701,8.97753,8.97903,1.00,1.00
2016.10.27 10:30:56.853,8.97742,8.97892,1.00,1.00
2016.10.27 10:30:57.374,8.97744,8.97892,1.00,1.00
2016.10.27 10:30:57.887,8.97742,8.97892,1.00,1.00
2016.10.27 10:30:58.868,8.97744,8.97892,1.00,1.00
2016.10.27 10:30:58.971,8.97754,8.97904,1.00,1.00
2016.10.27 10:31:02.114,8.97741,8.97891,1.00,1.00
2016.10.27 10:31:02.421,8.97744,8.97891,1.00,1.00
2016.10.27 10:31:02.769,8.97741,8.97891,1.00,1.00
2016.10.27 10:31:03.615,8.97744,8.97891,1.00,1.00
2016.10.27 10:31:04.115,8.97741,8.97891,1.00,1.00
2016.10.27 10:31:04.775,8.97744,8.97891,1.00,1.00
2016.10.27 10:31:05.584,8.97754,8.97904,1.00,1.00
2016.10.27 10:31:05.686,8.97764,8.97916,1.00,1.00
2016.10.27 10:31:05.787,8.97753,8.97903,1.00,1.00
2016.10.27 10:31:06.416,8.97759,8.97909,1.00,1.00
2016.10.27 10:31:06.890,8.97747,8.97897,1.00,1.00
2016.10.27 10:31:09.989,8.97759,8.97909,1.00,1.00
2016.10.27 10:31:13.969,8.97747,8.97897,1.00,1.00
2016.10.27 10:31:21.322,8.97759,8.97909,1.00,1.00
2016.10.27 10:31:22.244,8.97747,8.97899,1.00,1.00
2016.10.27 10:31:22.938,8.97759,8.97909,1.00,1.00
2016.10.27 10:31:24.004,8.97771,8.97921,1.00,1.00
2016.10.27 10:31:24.495,8.97782,8.97932,1.00,1.00
2016.10.27 10:31:26.423,8.97778,8.97928,1.00,1.00
2016.10.27 10:31:30.070,8.97767,8.97917,1.00,1.00
2016.10.27 10:31:30.947,8.97756,8.97906,1.00,1.00
2016.10.27 10:31:32.341,8.97746,8.97896,1.00,1.00
2016.10.27 10:31:33.629,8.97757,8.97907,1.00,1.00
2016.10.27 10:31:36.824,8.97746,8.97896,1.00,1.00
2016.10.27 10:31:37.959,8.9776,8.9791,1.00,1.00
2016.10.27 10:31:45.548,8.97873,8.9793,1.00,1.00
2016.10.27 10:31:45.599,8.97873,8.98023,1.00,1.00
2016.10.27 10:31:45.650,8.97852,8.98002,1.00,1.00
2016.10.27 10:31:45.956,8.97818,8.97968,1.60,1.00
2016.10.27 10:31:46.057,8.97818,8.97968,1.00,1.00
2016.10.27 10:31:46.261,8.97806,8.97956,1.60,1.00
2016.10.27 10:31:46.312,8.97806,8.97956,1.60,1.00
2016.10.27 10:31:46.363,8.97804,8.97954,1.60,1.00
2016.10.27 10:31:46.885,8.97804,8.97954,2.10,1.00
2016.10.27 10:31:48.871,8.97819,8.97969,1.00,1.00
2016.10.27 10:31:51.469,8.97808,8.97958,1.60,1.00
2016.10.27 10:31:54.059,8.97808,8.97958,1.35,1.00
2016.10.27 10:31:54.865,8.97808,8.97958,1.60,1.00
2016.10.27 10:31:56.786,8.97808,8.97958,1.00,1.00
2016.10.27 10:32:05.010,8.97808,8.97958,1.60,1.00
2016.10.27 10:32:06.311,8.97797,8.97947,1.60,1.00
2016.10.27 10:32:06.615,8.97784,8.97934,1.60,1.00
2016.10.27 10:32:06.768,8.97784,8.97934,1.00,1.00
2016.10.27 10:32:06.819,8.97774,8.97924,1.60,1.00
2016.10.27 10:32:07.498,8.97774,8.97924,1.00,1.00
2016.10.27 10:32:09.062,8.97774,8.97924,1.60,1.00
2016.10.27 10:32:09.866,8.97774,8.97924,1.00,1.00
2016.10.27 10:32:10.120,8.97784,8.97924,1.00,1.00
2016.10.27 10:32:10.701,8.97774,8.97924,2.10,1.00
2016.10.27 10:32:10.803,8.97774,8.97924,2.10,1.00
2016.10.27 10:32:12.038,8.97764,8.97914,1.60,1.00
2016.10.27 10:32:12.737,8.97762,8.97914,1.60,1.00
2016.10.27 10:32:12.788,8.97762,8.97914,1.00,1.00
2016.10.27 10:32:13.243,8.97753,8.97903,1.60,1.00
2016.10.27 10:32:13.294,8.97753,8.97903,1.35,1.00
2016.10.27 10:32:14.057,8.97741,8.97893,1.60,1.00
2016.10.27 10:32:14.512,8.97743,8.97893,1.60,1.00
2016.10.27 10:32:15.042,8.97731,8.97881,1.60,1.00
2016.10.27 10:32:15.958,8.97734,8.97881,1.35,1.00
2016.10.27 10:32:16.621,8.97744,8.97881,1.00,1.00
2016.10.27 10:32:16.672,8.97744,8.97893,1.00,1.00
2016.10.27 10:32:17.369,8.97743,8.97893,1.00,1.00
2016.10.27 10:32:18.927,8.97744,8.97893,1.00,1.00
2016.10.27 10:32:19.391,8.97755,8.97905,1.00,1.00
2016.10.27 10:32:19.846,8.97744,8.97894,2.10,1.00
2016.10.27 10:32:19.949,8.97756,8.97906,1.00,1.00
2016.10.27 10:32:20.522,8.97756,8.97906,1.60,1.00
2016.10.27 10:32:20.674,8.97764,8.97906,1.00,1.00
2016.10.27 10:32:20.983,8.97767,8.97917,1.00,1.00
2016.10.27 10:32:21.421,8.97767,8.97917,1.60,1.00
2016.10.27 10:32:21.775,8.97767,8.97917,1.00,1.00
2016.10.27 10:32:22.487,8.97755,8.97905,1.60,1.00
2016.10.27 10:32:22.538,8.97755,8.97905,1.60,1.00
2016.10.27 10:32:22.792,8.97755,8.97905,1.00,1.00
2016.10.27 10:32:22.844,8.97745,8.97895,1.60,1.00
2016.10.27 10:32:22.947,8.97756,8.97906,1.00,1.00
2016.10.27 10:32:23.440,8.97764,8.97906,1.00,1.00
2016.10.27 10:32:23.694,8.97774,8.97919,1.00,1.00
2016.10.27 10:32:23.846,8.97784,8.97919,1.00,1.00
2016.10.27 10:32:23.947,8.97774,8.97919,1.00,1.00
2016.10.27 10:32:24.150,8.97769,8.97919,1.60,1.00
2016.10.27 10:32:25.012,8.97769,8.97919,1.00,1.00
2016.10.27 10:32:30.276,8.97769,8.97919,1.60,1.00
2016.10.27 10:32:31.362,8.97774,8.97919,1.00,1.00
2016.10.27 10:32:33.031,8.97774,8.97919,1.60,1.00
2016.10.27 10:32:34.510,8.97794,8.97919,1.00,1.00
2016.10.27 10:32:34.613,8.97784,8.97919,1.00,1.00
2016.10.27 10:32:34.715,8.97794,8.97919,1.00,1.00
2016.10.27 10:32:34.817,8.97784,8.97919,1.00,1.00
2016.10.27 10:32:35.020,8.97794,8.97919,1.00,1.00
2016.10.27 10:32:35.172,8.97794,8.97932,1.00,1.00
2016.10.27 10:32:38.576,8.97794,8.97943,1.00,1.00
2016.10.27 10:32:38.627,8.97804,8.97943,1.00,1.00
2016.10.27 10:32:38.728,8.97794,8.97943,1.00,1.00
2016.10.27 10:32:39.138,8.97814,8.97943,1.00,1.00
2016.10.27 10:32:39.429,8.97804,8.97943,1.00,1.00
2016.10.27 10:32:41.529,8.97794,8.97943,1.00,1.00
2016.10.27 10:32:42.924,8.97804,8.97954,1.00,1.00
2016.10.27 10:32:43.908,8.97815,8.97965,1.00,1.00
2016.10.27 10:32:46.329,8.97812,8.97962,1.00,1.00
2016.10.27 10:32:49.024,8.97801,8.97951,1.60,1.00
2016.10.27 10:32:49.076,8.97801,8.97951,1.00,1.00
2016.10.27 10:32:49.502,8.97791,8.97941,1.60,1.00
2016.10.27 10:32:51.303,8.9778,8.9793,1.00,1.00
2016.10.27 10:32:52.591,8.97769,8.97919,1.00,1.00
2016.10.27 10:32:55.905,8.97754,8.97906,1.60,1.00
2016.10.27 10:32:56.028,8.97754,8.97906,1.00,1.00
2016.10.27 10:32:56.534,8.97767,8.97917,1.00,1.00
2016.10.27 10:33:01.877,8.97754,8.97904,1.60,1.00
2016.10.27 10:33:02.233,8.97765,8.97915,1.00,1.00
2016.10.27 10:33:02.385,8.97774,8.97915,1.00,1.00
2016.10.27 10:33:02.986,8.9778,8.9793,1.00,1.00
2016.10.27 10:33:03.919,8.97784,8.9793,1.00,1.00
2016.10.27 10:33:06.229,8.97794,8.9793,1.00,1.00
2016.10.27 10:33:06.287,8.97794,8.97941,1.00,1.00
2016.10.27 10:33:06.389,8.97799,8.97951,1.00,1.00
2016.10.27 10:33:10.675,8.97794,8.97938,1.00,1.00
2016.10.27 10:33:17.447,8.97801,8.97951,1.00,1.00
2016.10.27 10:33:22.463,8.97789,8.97939,1.00,1.00
2016.10.27 10:33:22.769,8.97778,8.97928,1.60,1.00
2016.10.27 10:33:23.023,8.97778,8.97928,1.00,1.00
2016.10.27 10:33:23.946,8.97767,8.97917,1.00,1.00
2016.10.27 10:33:24.526,8.97755,8.97905,1.00,1.00
2016.10.27 10:33:25.118,8.97757,8.97907,1.00,1.00
2016.10.27 10:33:25.431,8.97745,8.97895,1.00,1.00
2016.10.27 10:33:26.434,8.97747,8.97897,1.00,1.00
2016.10.27 10:33:28.753,8.97754,8.97897,1.00,1.00
2016.10.27 10:33:29.918,8.97747,8.97897,1.00,1.00
2016.10.27 10:33:30.618,8.97754,8.97897,1.00,1.00
2016.10.27 10:33:30.821,8.97747,8.97897,1.00,1.00
2016.10.27 10:33:30.974,8.97757,8.97907,1.00,1.00
2016.10.27 10:33:34.949,8.97764,8.97907,1.00,1.00
2016.10.27 10:33:35.648,8.97774,8.97907,1.00,1.00
2016.10.27 10:33:36.095,8.97774,8.97919,1.00,1.00
2016.10.27 10:33:36.146,8.97769,8.97919,1.00,1.00
2016.10.27 10:33:38.846,8.97756,8.97906,1.00,1.00
2016.10.27 10:33:44.688,8.97738,8.97888,1.60,1.00
2016.10.27 10:33:44.850,8.97726,8.97876,1.00,1.00
2016.10.27 10:33:45.346,8.97737,8.97887,1.00,1.00
2016.10.27 10:33:45.903,8.97726,8.97876,1.00,1.00
2016.10.27 10:33:46.242,8.97715,8.97865,1.00,1.00
2016.10.27 10:33:46.776,8.97695,8.97845,1.00,1.00
2016.10.27 10:33:48.177,8.97704,8.97845,1.00,1.00
2016.10.27 10:33:48.228,8.97713,8.97856,1.00,1.00
2016.10.27 10:33:48.380,8.97706,8.97856,1.00,1.00
2016.10.27 10:33:48.482,8.97722,8.97872,1.00,1.00
2016.10.27 10:33:50.009,8.97724,8.97872,1.00,1.00
2016.10.27 10:33:50.093,8.97722,8.97872,1.00,1.00
2016.10.27 10:33:53.545,8.97711,8.97861,1.00,1.00
2016.10.27 10:34:07.187,8.9771,8.9786,1.00,1.00
2016.10.27 10:34:07.496,8.97699,8.97849,1.00,1.00
2016.10.27 10:34:08.052,8.97687,8.97837,1.00,1.00
2016.10.27 10:34:08.563,8.97676,8.97826,1.00,1.00
2016.10.27 10:34:11.472,8.97687,8.97837,1.00,1.00
2016.10.27 10:34:17.288,8.97687,8.97837,1.60,1.00
2016.10.27 10:34:17.541,8.97676,8.97826,1.60,1.00
2016.10.27 10:34:19.090,8.97676,8.97826,1.60,1.00
2016.10.27 10:34:19.293,8.97676,8.97826,1.60,1.00
2016.10.27 10:34:20.136,8.97676,8.97826,1.60,1.00
2016.10.27 10:34:20.785,8.97687,8.97837,1.00,1.00
2016.10.27 10:34:20.887,8.97702,8.97852,1.00,1.00
2016.10.27 10:34:21.454,8.97803,8.97953,1.00,1.00
2016.10.27 10:34:21.759,8.97789,8.97939,1.00,1.00
2016.10.27 10:34:22.064,8.97758,8.97908,1.00,1.00
2016.10.27 10:34:26.282,8.9776,8.9791,1.00,1.00
2016.10.27 10:34:26.587,8.97708,8.97858,1.00,1.00
2016.10.27 10:34:27.121,8.97695,8.97847,1.00,1.00
2016.10.27 10:34:27.323,8.9771,8.9786,1.00,1.00
2016.10.27 10:34:27.627,8.97733,8.97883,1.00,1.00
2016.10.27 10:34:28.103,8.97746,8.97896,1.00,1.00
2016.10.27 10:34:29.892,8.97733,8.97883,1.00,1.00
2016.10.27 10:34:30.197,8.97722,8.97872,1.00,1.00
2016.10.27 10:34:30.808,8.97741,8.97891,1.00,1.00
2016.10.27 10:34:32.191,8.97752,8.97902,1.00,1.00
2016.10.27 10:34:32.496,8.97773,8.97923,1.00,1.00
2016.10.27 10:34:36.218,8.97756,8.97906,1.00,1.00
2016.10.27 10:34:36.561,8.97745,8.97895,1.00,1.00
2016.10.27 10:34:46.616,8.97743,8.97893,1.00,1.00
2016.10.27 10:34:53.629,8.97754,8.97904,1.00,1.00
2016.10.27 10:35:03.856,8.9774,8.97892,1.00,1.00
2016.10.27 10:35:03.958,8.97729,8.97879,1.00,1.00
2016.10.27 10:35:04.060,8.97714,8.97866,1.00,1.00
2016.10.27 10:35:04.263,8.97727,8.97877,1.00,1.00
2016.10.27 10:35:06.387,8.97722,8.97872,1.00,1.00
2016.10.27 10:35:09.768,8.97689,8.97839,1.00,1.00
2016.10.27 10:35:10.073,8.977,8.9785,1.00,1.00
2016.10.27 10:35:12.781,8.97713,8.97863,1.00,1.00
2016.10.27 10:35:12.882,8.97723,8.97875,1.00,1.00
2016.10.27 10:35:15.608,8.97713,8.97863,1.00,1.00
2016.10.27 10:35:15.913,8.97583,8.97733,1.60,1.00
2016.10.27 10:35:16.015,8.97598,8.97748,1.00,1.00
2016.10.27 10:35:16.066,8.97615,8.97748,1.00,1.00
2016.10.27 10:35:16.117,8.97634,8.97786,1.00,1.00
2016.10.27 10:35:20.349,8.97651,8.97801,1.00,1.00
2016.10.27 10:35:20.653,8.97673,8.97823,1.00,1.00
2016.10.27 10:35:22.220,8.97662,8.97812,1.00,1.00
2016.10.27 10:35:24.821,8.97703,8.97853,1.00,1.00
2016.10.27 10:35:26.225,8.97716,8.97866,1.00,1.00
2016.10.27 10:35:26.513,8.97704,8.97856,1.00,1.00
2016.10.27 10:35:31.951,8.97716,8.97866,1.00,1.00
2016.10.27 10:35:46.695,8.97713,8.97865,1.00,1.00
2016.10.27 10:35:47.170,8.97703,8.97853,1.00,1.00
2016.10.27 10:35:48.991,8.97692,8.97842,1.00,1.00
2016.10.27 10:35:51.277,8.97678,8.97828,1.00,1.00
2016.10.27 10:35:52.290,8.97667,8.97817,1.00,1.00
2016.10.27 10:35:55.385,8.97679,8.97829,1.00,1.00
2016.10.27 10:35:56.806,8.97691,8.97841,1.00,1.00
2016.10.27 10:35:57.126,8.97705,8.97855,1.00,1.00
2016.10.27 10:35:57.430,8.97692,8.97842,1.00,1.00
2016.10.27 10:35:57.790,8.97703,8.97855,1.00,1.00
2016.10.27 10:35:59.288,8.97693,8.97843,1.00,1.00
2016.10.27 10:36:09.129,8.97681,8.97831,1.00,1.00
2016.10.27 10:36:09.439,8.97693,8.97843,1.00,1.00
2016.10.27 10:36:14.635,8.97682,8.97832,1.00,1.00
2016.10.27 10:36:15.224,8.97672,8.97822,1.00,1.00
2016.10.27 10:36:15.559,8.97661,8.97811,1.00,1.00
2016.10.27 10:36:16.947,8.97672,8.97822,1.00,1.00
2016.10.27 10:36:17.489,8.9773,8.9788,1.00,1.00
2016.10.27 10:36:18.550,8.97743,8.97893,1.00,1.00
2016.10.27 10:36:19.382,8.97775,8.97893,1.00,1.00
2016.10.27 10:36:19.435,8.97806,8.97946,1.00,1.00
2016.10.27 10:36:19.695,8.97806,8.97956,1.00,1.50
2016.10.27 10:36:20.771,8.97796,8.97946,1.00,1.00
2016.10.27 10:36:20.822,8.97778,8.9793,1.00,1.00
2016.10.27 10:36:21.612,8.97769,8.97919,1.00,1.00
2016.10.27 10:36:22.635,8.97758,8.97908,1.00,1.00
2016.10.27 10:36:26.332,8.9776,8.9791,1.00,1.00
2016.10.27 10:36:31.444,8.97749,8.97899,1.00,1.00
2016.10.27 10:36:31.836,8.97761,8.97911,1.00,1.00
2016.10.27 10:36:46.601,8.97764,8.97914,1.00,1.00
2016.10.27 10:36:51.886,8.97748,8.97898,1.00,1.00
2016.10.27 10:36:53.719,8.97735,8.97885,1.00,1.00
2016.10.27 10:36:54.117,8.97722,8.97872,1.00,1.00
2016.10.27 10:36:58.739,8.9771,8.97862,1.00,1.00
2016.10.27 10:37:00.850,8.97699,8.97849,1.00,1.00
2016.10.27 10:37:01.183,8.97711,8.97861,1.00,1.00
2016.10.27 10:37:01.872,8.97711,8.97856,1.00,1.00
2016.10.27 10:37:04.156,8.97711,8.97846,1.00,1.00
2016.10.27 10:37:06.456,8.97709,8.97846,1.00,1.00
2016.10.27 10:37:07.484,8.97709,8.97856,1.00,1.00
2016.10.27 10:37:08.158,8.97641,8.97856,1.35,1.00
2016.10.27 10:37:08.991,8.97668,8.97856,3.75,1.00
2016.10.27 10:37:09.321,8.97731,8.97876,1.00,1.00
2016.10.27 10:37:09.626,8.97761,8.97876,1.00,1.00
2016.10.27 10:37:09.728,8.97778,8.97916,1.00,1.00
2016.10.27 10:37:09.830,8.97789,8.97916,1.00,1.00
2016.10.27 10:37:10.414,8.97789,8.97926,1.00,1.00
2016.10.27 10:37:10.616,8.97789,8.97936,1.00,1.00
2016.10.27 10:37:10.920,8.97789,8.97939,1.00,1.00
2016.10.27 10:37:11.123,8.97789,8.97936,1.00,1.00
2016.10.27 10:37:11.840,8.97789,8.97939,1.00,1.00
2016.10.27 10:37:12.042,8.97789,8.97936,1.00,1.00
2016.10.27 10:37:13.334,8.97789,8.97937,1.00,1.00
2016.10.27 10:37:14.348,8.97789,8.97926,1.00,1.00
2016.10.27 10:37:14.399,8.97766,8.97916,1.00,1.00
2016.10.27 10:37:15.562,8.97754,8.97904,1.00,1.00
2016.10.27 10:37:18.114,8.97754,8.97896,1.00,1.00
2016.10.27 10:37:19.375,8.97754,8.97904,1.00,1.00
2016.10.27 10:37:21.143,8.97754,8.97896,1.00,1.00
2016.10.27 10:37:23.747,8.97754,8.97886,1.00,1.00
2016.10.27 10:37:24.191,8.97754,8.97876,1.00,1.00
2016.10.27 10:37:24.293,8.97754,8.97887,1.00,1.00
2016.10.27 10:37:25.221,8.97754,8.97876,1.00,1.00
2016.10.27 10:37:26.466,8.97745,8.97866,1.00,1.00
2016.10.27 10:37:27.198,8.97745,8.97856,1.00,1.00
2016.10.27 10:37:30.465,8.97745,8.97846,1.00,1.00
2016.10.27 10:37:31.819,8.97725,8.97846,1.00,1.00
2016.10.27 10:37:31.871,8.97714,8.97846,1.00,1.00
2016.10.27 10:37:31.922,8.97734,8.97846,1.00,1.00
2016.10.27 10:37:33.397,8.97734,8.97836,1.00,1.00
2016.10.27 10:37:37.112,8.97734,8.97856,1.00,1.00
2016.10.27 10:37:37.446,8.97745,8.97866,1.00,1.00
2016.10.27 10:37:40.835,8.97745,8.97856,1.00,1.00
2016.10.27 10:37:42.990,8.97745,8.97866,1.00,1.00
2016.10.27 10:37:43.390,8.97745,8.97856,1.00,1.00
2016.10.27 10:37:46.317,8.97741,8.97856,1.00,1.00
2016.10.27 10:37:47.703,8.97741,8.97846,1.00,1.00
2016.10.27 10:37:51.188,8.97741,8.97836,1.00,1.00
2016.10.27 10:37:54.165,8.9773,8.97836,1.00,1.00
2016.10.27 10:37:55.266,8.9773,8.97826,1.00,1.00
2016.10.27 10:37:55.840,8.97718,8.97826,1.00,1.00
2016.10.27 10:37:55.941,8.97707,8.97826,1.00,1.00
2016.10.27 10:37:55.992,8.97707,8.97816,1.00,1.00
2016.10.27 10:37:56.618,8.97707,8.97806,1.00,1.00
2016.10.27 10:37:58.629,8.97707,8.97816,1.00,1.00
2016.10.27 10:37:59.049,8.97707,8.97826,1.00,1.00
2016.10.27 10:38:00.383,8.9773,8.97826,1.00,1.00
2016.10.27 10:38:00.449,8.9773,8.97836,1.00,1.00
2016.10.27 10:38:00.652,8.97741,8.97836,1.00,1.00
2016.10.27 10:38:01.971,8.97727,8.97836,1.00,1.00
2016.10.27 10:38:03.145,8.97727,8.97846,1.00,1.00
2016.10.27 10:38:04.571,8.97727,8.97836,1.00,1.00
2016.10.27 10:38:06.435,8.97729,8.97846,1.00,1.00
2016.10.27 10:38:08.685,8.97718,8.97846,1.00,1.00
2016.10.27 10:38:09.572,8.97718,8.97856,1.00,1.00
2016.10.27 10:38:10.585,8.97718,8.97866,1.00,1.00
2016.10.27 10:38:13.374,8.9773,8.97866,1.00,1.00
2016.10.27 10:38:15.852,8.9773,8.97856,1.00,1.00
2016.10.27 10:38:18.664,8.9773,8.97867,1.00,1.00
2016.10.27 10:38:18.866,8.9773,8.97856,1.00,1.00
2016.10.27 10:38:19.762,8.9773,8.97866,1.00,1.00
2016.10.27 10:38:21.243,8.9773,8.97876,1.00,1.00
2016.10.27 10:38:25.986,8.9773,8.97866,1.00,1.00
2016.10.27 10:38:26.532,8.97724,8.97866,1.00,1.00
2016.10.27 10:38:28.233,8.97734,8.97866,1.00,1.00
2016.10.27 10:38:28.436,8.97734,8.97876,1.00,1.00
2016.10.27 10:38:28.639,8.97723,8.97873,1.00,1.00
2016.10.27 10:38:28.740,8.97711,8.97861,1.00,1.00
2016.10.27 10:38:35.936,8.97711,8.97856,1.00,1.00
2016.10.27 10:38:36.469,8.97711,8.97861,1.00,1.00
2016.10.27 10:38:47.870,8.97723,8.97873,1.00,1.00
2016.10.27 10:38:48.308,8.97735,8.97885,1.00,1.00
2016.10.27 10:38:50.990,8.97749,8.97899,1.00,1.00
2016.10.27 10:38:51.293,8.97738,8.97888,1.00,1.00
2016.10.27 10:38:54.638,8.97762,8.97906,1.00,1.00
2016.10.27 10:38:55.041,8.97762,8.97896,1.00,1.00
2016.10.27 10:38:57.236,8.97751,8.97896,1.00,1.00
2016.10.27 10:38:57.660,8.97751,8.97886,1.00,1.00
2016.10.27 10:38:58.937,8.97738,8.97886,1.00,1.00
2016.10.27 10:38:59.140,8.97738,8.97876,1.00,1.00
2016.10.27 10:39:00.938,8.97738,8.97877,1.00,1.00
2016.10.27 10:39:01.375,8.97727,8.97876,1.00,1.00
2016.10.27 10:39:01.929,8.97727,8.97866,1.00,1.00
2016.10.27 10:39:06.075,8.97727,8.97876,1.00,1.00
2016.10.27 10:39:08.186,8.97727,8.97877,1.00,1.00
2016.10.27 10:39:09.152,8.97727,8.97876,1.00,1.00
2016.10.27 10:39:11.452,8.97727,8.97877,1.00,1.00
2016.10.27 10:39:11.791,8.97737,8.97889,1.00,1.00
2016.10.27 10:39:13.782,8.97752,8.97896,1.00,1.00
2016.10.27 10:39:14.460,8.97741,8.97891,1.00,1.00
2016.10.27 10:39:15.680,8.97753,8.97896,1.00,1.00
2016.10.27 10:39:21.907,8.97764,8.97896,1.00,1.00
2016.10.27 10:39:24.606,8.97764,8.97886,1.00,1.00
2016.10.27 10:39:28.116,8.97764,8.97896,1.00,1.00
2016.10.27 10:39:29.933,8.97764,8.97906,1.00,1.00
2016.10.27 10:39:30.339,8.97752,8.97902,1.00,1.00
2016.10.27 10:39:30.441,8.97752,8.97896,1.00,1.00
2016.10.27 10:39:30.542,8.97741,8.97891,1.00,1.00
2016.10.27 10:39:30.745,8.97752,8.97896,1.00,1.00
2016.10.27 10:39:31.380,8.97741,8.97891,1.00,1.00
2016.10.27 10:39:31.838,8.97752,8.97896,1.00,1.00
2016.10.27 10:39:33.372,8.9774,8.9789,1.00,1.00
2016.10.27 10:39:33.473,8.9773,8.9788,1.00,1.00
2016.10.27 10:39:33.777,8.97741,8.97891,1.00,1.00
2016.10.27 10:39:33.879,8.97728,8.9788,1.00,1.00
2016.10.27 10:39:33.980,8.97739,8.97891,1.00,1.00
2016.10.27 10:39:34.616,8.97729,8.97879,1.00,1.00
2016.10.27 10:39:38.262,8.97744,8.97886,1.00,1.00
2016.10.27 10:39:38.667,8.97744,8.97894,1.00,1.00
2016.10.27 10:39:39.632,8.97733,8.97885,1.00,1.00
2016.10.27 10:39:46.369,8.97728,8.97878,1.00,1.00
2016.10.27 10:39:47.872,8.97728,8.97876,1.00,1.00
2016.10.27 10:39:51.137,8.97728,8.97878,1.00,1.00
2016.10.27 10:39:53.084,8.97728,8.97876,1.00,1.00
2016.10.27 10:39:58.943,8.97741,8.97876,1.00,1.00
2016.10.27 10:40:00.839,8.97728,8.97876,1.00,1.00
2016.10.27 10:40:01.885,8.97738,8.97886,1.00,1.00
2016.10.27 10:40:03.838,8.97738,8.97877,1.00,1.00
2016.10.27 10:40:06.088,8.97738,8.97886,1.00,1.00
2016.10.27 10:40:06.365,8.97734,8.97886,1.00,1.50
2016.10.27 10:40:08.863,8.97724,8.97874,1.00,1.00
2016.10.27 10:40:26.116,8.97714,8.97864,1.00,1.00
2016.10.27 10:40:26.421,8.97705,8.97855,1.00,1.00
2016.10.27 10:40:32.086,8.97727,8.97876,1.00,1.00
2016.10.27 10:40:32.434,8.97738,8.97866,1.00,1.00
2016.10.27 10:40:33.035,8.97738,8.97876,1.00,1.00
2016.10.27 10:40:37.960,8.97738,8.97886,1.00,1.00
2016.10.27 10:40:41.582,8.97738,8.97887,1.00,1.00
2016.10.27 10:40:41.997,8.97726,8.97876,1.00,1.00
2016.10.27 10:40:43.888,8.97715,8.97865,1.00,1.00
2016.10.27 10:40:45.457,8.97727,8.97876,1.00,1.00
2016.10.27 10:40:46.151,8.97737,8.97886,1.00,1.00
2016.10.27 10:40:46.658,8.97726,8.97876,1.00,1.00
2016.10.27 10:40:47.027,8.97728,8.97878,1.00,1.00
2016.10.27 10:40:47.433,8.97728,8.97876,1.00,1.00
2016.10.27 10:40:48.941,8.97728,8.97878,1.00,1.00
2016.10.27 10:40:52.921,8.9774,8.97878,1.00,1.00
2016.10.27 10:41:00.012,8.97728,8.97878,1.00,1.00
2016.10.27 10:41:04.370,8.9774,8.9789,1.00,1.00
2016.10.27 10:41:06.331,8.97731,8.97881,1.00,1.00
2016.10.27 10:41:09.238,8.97711,8.97844,1.00,1.00
2016.10.27 10:41:09.289,8.97694,8.97844,1.00,1.00
2016.10.27 10:41:10.052,8.97705,8.97855,1.00,1.00
2016.10.27 10:41:13.330,8.97723,8.97873,1.00,1.00
2016.10.27 10:41:13.633,8.9774,8.9789,1.00,1.00
2016.10.27 10:41:17.478,8.97751,8.97901,1.00,1.00
2016.10.27 10:41:25.481,8.9774,8.9789,1.00,1.00
2016.10.27 10:41:26.709,8.97744,8.97894,1.00,1.00
2016.10.27 10:41:39.183,8.97755,8.97905,1.00,1.00
2016.10.27 10:41:40.196,8.97772,8.97922,1.00,1.00
2016.10.27 10:41:40.501,8.97818,8.9797,1.00,1.00
2016.10.27 10:41:40.603,8.9783,8.9798,1.00,1.00
2016.10.27 10:41:42.834,8.97885,8.98,1.00,1.00
2016.10.27 10:41:42.886,8.97873,8.98023,1.00,1.00
2016.10.27 10:41:43.190,8.97858,8.9801,1.00,1.00
2016.10.27 10:41:43.393,8.97871,8.98021,1.00,1.00
2016.10.27 10:41:43.698,8.97902,8.98052,1.00,1.00
2016.10.27 10:41:44.294,8.97913,8.98063,1.00,1.00
2016.10.27 10:41:44.948,8.979,8.98052,1.00,1.00
2016.10.27 10:41:45.023,8.97881,8.98029,1.00,1.00
2016.10.27 10:41:45.075,8.97879,8.98029,1.00,1.00
2016.10.27 10:41:45.126,8.9789,8.9804,1.00,1.00
2016.10.27 10:41:45.432,8.97927,8.98075,1.00,1.00
2016.10.27 10:41:45.688,8.97928,8.98078,1.00,1.00
2016.10.27 10:41:45.739,8.97916,8.98066,1.00,1.00
2016.10.27 10:41:46.219,8.97902,8.98052,1.00,1.00
2016.10.27 10:42:01.767,8.97913,8.98063,1.00,1.00
2016.10.27 10:42:06.351,8.97914,8.98064,1.00,1.00
2016.10.27 10:42:13.688,8.97903,8.98053,1.00,1.00
2016.10.27 10:42:26.406,8.97906,8.98056,1.00,1.00
2016.10.27 10:42:46.328,8.97908,8.98058,1.00,1.00
2016.10.27 10:42:52.310,8.97834,8.98106,1.37,1.00
2016.10.27 10:42:54.603,8.97834,8.98116,1.97,1.00
2016.10.27 10:42:55.535,8.97834,8.98116,1.97,1.00
2016.10.27 10:42:55.872,8.9792,8.9807,1.00,1.00
2016.10.27 10:43:04.758,8.97931,8.98081,1.00,1.00
2016.10.27 10:43:06.388,8.97927,8.98079,1.00,1.00
2016.10.27 10:43:11.690,8.97917,8.98067,1.00,1.00
2016.10.27 10:43:18.835,8.97928,8.98078,1.00,1.00
2016.10.27 10:43:28.537,8.97914,8.98064,1.00,1.00
2016.10.27 10:43:29.830,8.97926,8.98076,1.00,1.00
2016.10.27 10:43:30.881,8.97913,8.98063,1.00,1.00
2016.10.27 10:43:31.542,8.97924,8.98074,1.00,1.00
2016.10.27 10:43:31.847,8.97935,8.98085,1.00,1.00
2016.10.27 10:43:32.153,8.97923,8.98073,1.00,1.00
2016.10.27 10:43:46.420,8.97925,8.98075,1.00,1.00
2016.10.27 10:43:58.889,8.97938,8.98088,1.00,1.00
2016.10.27 10:43:59.493,8.9795,8.981,1.00,1.00
2016.10.27 10:43:59.953,8.97938,8.98088,1.00,1.00
2016.10.27 10:44:00.827,8.9795,8.981,1.00,1.00
2016.10.27 10:44:06.750,8.97948,8.98098,1.00,1.00
2016.10.27 10:44:10.083,8.97938,8.98088,1.00,1.00
2016.10.27 10:44:26.383,8.97935,8.98085,1.00,1.00
2016.10.27 10:44:38.340,8.97946,8.98096,1.00,1.00
2016.10.27 10:44:39.340,8.97935,8.98085,1.00,1.00
2016.10.27 10:44:41.563,8.97947,8.98097,1.00,1.00
2016.10.27 10:44:44.525,8.97957,8.98109,1.00,1.00
2016.10.27 10:44:46.044,8.97969,8.98119,1.00,1.00
2016.10.27 10:44:47.670,8.9798,8.9813,1.00,1.00
2016.10.27 10:44:54.921,8.9798,8.98127,1.00,1.00
2016.10.27 10:44:56.324,8.9798,8.98126,1.00,1.00
2016.10.27 10:44:56.430,8.9798,8.9813,1.00,1.12
2016.10.27 10:45:01.086,8.97967,8.98117,1.00,1.00
2016.10.27 10:45:04.184,8.97955,8.98105,1.00,1.00
2016.10.27 10:45:06.419,8.97958,8.98108,1.00,1.00
2016.10.27 10:45:08.092,8.97969,8.98119,1.00,1.00
2016.10.27 10:45:19.888,8.97957,8.98107,1.00,1.00
2016.10.27 10:45:20.636,8.97968,8.98118,1.00,1.00
2016.10.27 10:45:26.524,8.97965,8.98115,1.00,1.00
2016.10.27 10:45:33.098,8.97952,8.98102,1.00,1.00
2016.10.27 10:45:41.671,8.97964,8.98114,1.00,1.00
2016.10.27 10:45:46.388,8.9796,8.9811,1.00,1.00
2016.10.27 10:45:50.386,8.9795,8.981,1.00,1.00
2016.10.27 10:45:55.473,8.97939,8.98089,1.00,1.00
2016.10.27 10:45:55.777,8.9795,8.981,1.00,1.00
2016.10.27 10:45:56.406,8.97939,8.98089,1.00,1.00
2016.10.27 10:46:06.537,8.9794,8.9809,1.00,1.00
2016.10.27 10:46:26.337,8.97951,8.98101,1.00,1.00
2016.10.27 10:46:27.619,8.97952,8.98102,1.00,1.00
2016.10.27 10:46:39.282,8.97962,8.98112,1.00,1.00
2016.10.27 10:46:39.587,8.97917,8.98067,1.00,1.00
2016.10.27 10:46:39.976,8.97897,8.98038,1.00,1.00
2016.10.27 10:46:40.027,8.97888,8.98038,1.00,1.00
2016.10.27 10:46:40.179,8.97899,8.98051,1.00,1.00
2016.10.27 10:46:40.995,8.97885,8.98035,1.00,1.00
2016.10.27 10:46:42.283,8.97867,8.98017,1.00,1.00
2016.10.27 10:46:42.587,8.97852,8.98004,1.00,1.00
2016.10.27 10:46:43.213,8.97831,8.97981,1.00,1.00
2016.10.27 10:46:44.271,8.9782,8.9797,1.00,1.00
2016.10.27 10:46:45.067,8.97809,8.97959,1.00,1.00
2016.10.27 10:46:45.573,8.97797,8.97947,1.00,1.00
2016.10.27 10:46:46.100,8.97783,8.97933,1.00,1.00
2016.10.27 10:46:46.404,8.97781,8.97931,1.00,1.00
2016.10.27 10:46:46.707,8.9777,8.9792,1.00,1.00
2016.10.27 10:46:47.479,8.97759,8.97909,1.00,1.00
2016.10.27 10:46:49.516,8.97759,8.97897,1.00,2.10
2016.10.27 10:46:49.618,8.97727,8.97877,1.00,1.60
2016.10.27 10:46:49.720,8.9771,8.9786,1.00,1.00
2016.10.27 10:46:49.822,8.97699,8.97849,1.00,1.00
2016.10.27 10:46:50.332,8.97687,8.97837,1.00,1.00
2016.10.27 10:46:50.636,8.97675,8.97825,1.00,1.00
2016.10.27 10:46:50.991,8.97661,8.97811,1.00,1.00
2016.10.27 10:46:51.296,8.97645,8.97795,1.00,1.00
2016.10.27 10:46:57.429,8.97659,8.97809,1.00,1.00
2016.10.27 10:46:57.733,8.97672,8.97822,1.00,1.00
2016.10.27 10:47:02.067,8.97672,8.978,1.00,2.10
2016.10.27 10:47:02.467,8.97617,8.97767,1.00,1.00
2016.10.27 10:47:02.518,8.9763,8.9778,1.00,1.00
2016.10.27 10:47:02.822,8.976,8.9775,1.00,1.00
2016.10.27 10:47:03.599,8.97588,8.97738,1.00,1.00
2016.10.27 10:47:03.903,8.9756,8.9771,1.00,1.00
2016.10.27 10:47:04.207,8.9754,8.97689,1.00,1.00
2016.10.27 10:47:04.309,8.97524,8.97674,1.00,1.00
2016.10.27 10:47:04.811,8.97524,8.97667,1.00,1.00
2016.10.27 10:47:04.863,8.97497,8.97647,1.00,1.00
2016.10.27 10:47:07.310,8.97497,8.97626,1.00,1.00
2016.10.27 10:47:09.842,8.97485,8.97626,1.00,1.00
2016.10.27 10:47:13.379,8.97485,8.97635,1.00,1.00
2016.10.27 10:47:13.430,8.97497,8.97647,1.00,1.00
2016.10.27 10:47:16.654,8.97507,8.97659,1.00,1.00
2016.10.27 10:47:18.956,8.97497,8.97647,1.00,1.00
2016.10.27 10:47:19.765,8.97508,8.97658,1.00,1.00
2016.10.27 10:47:20.068,8.9752,8.97662,1.00,2.10
2016.10.27 10:47:20.170,8.97494,8.97644,1.00,1.60
2016.10.27 10:47:20.271,8.97473,8.97623,1.00,1.00
2016.10.27 10:47:20.373,8.97453,8.97603,1.00,1.00
2016.10.27 10:47:25.615,8.97457,8.97603,1.00,1.00
2016.10.27 10:47:25.666,8.97477,8.97627,1.00,1.00
2016.10.27 10:47:25.768,8.97493,8.97629,1.00,1.00
2016.10.27 10:47:25.819,8.97493,8.97643,1.00,1.00
2016.10.27 10:47:26.275,8.97504,8.97654,1.00,1.00
2016.10.27 10:47:26.763,8.97504,8.9765,1.00,1.00
2016.10.27 10:47:30.522,8.97504,8.97656,1.00,1.00
2016.10.27 10:47:36.964,8.97464,8.97607,1.00,1.00
2016.10.27 10:47:37.015,8.97457,8.97607,1.00,1.00
2016.10.27 10:47:41.119,8.97474,8.97624,1.00,1.00
2016.10.27 10:47:41.424,8.97485,8.97635,1.00,1.00
2016.10.27 10:47:43.801,8.97498,8.97648,1.00,1.00
2016.10.27 10:47:45.315,8.97509,8.97659,1.00,1.00
2016.10.27 10:47:46.237,8.97513,8.97663,1.00,1.00
2016.10.27 10:47:46.570,8.97519,8.97669,1.00,1.00
2016.10.27 10:47:47.895,8.97543,8.97693,1.00,1.00
2016.10.27 10:47:53.936,8.9753,8.9768,1.00,1.00
2016.10.27 10:47:57.048,8.97541,8.97691,1.00,1.00
2016.10.27 10:47:59.156,8.97531,8.97681,1.00,1.00
2016.10.27 10:47:59.359,8.97541,8.97693,1.00,1.00
2016.10.27 10:48:06.383,8.97546,8.97696,1.00,1.00
2016.10.27 10:48:11.671,8.97534,8.97684,1.00,1.00
2016.10.27 10:48:12.020,8.97529,8.97681,1.00,1.00
2016.10.27 10:48:22.754,8.97533,8.97683,1.00,1.00
2016.10.27 10:48:23.007,8.9752,8.97672,1.00,1.00
2016.10.27 10:48:24.586,8.97532,8.97682,1.00,1.00
2016.10.27 10:48:25.800,8.9752,8.97672,1.00,1.00
2016.10.27 10:48:26.307,8.97535,8.97685,1.00,1.00
2016.10.27 10:48:26.965,8.97536,8.97686,1.00,1.00
2016.10.27 10:48:28.335,8.97523,8.97673,1.00,1.00
2016.10.27 10:48:32.612,8.97511,8.97661,1.00,1.00
2016.10.27 10:48:33.055,8.97522,8.97672,1.00,1.00
2016.10.27 10:48:35.413,8.97543,8.97695,1.00,1.00
2016.10.27 10:48:46.339,8.97546,8.97698,1.00,1.00
2016.10.27 10:48:47.604,8.97536,8.97686,1.00,1.00
2016.10.27 10:48:56.133,8.97549,8.97699,1.00,1.00
2016.10.27 10:49:06.392,8.97546,8.97696,1.00,1.00
2016.10.27 10:49:06.699,8.97557,8.97707,1.00,1.00
2016.10.27 10:49:07.003,8.97568,8.97718,1.00,1.00
2016.10.27 10:49:08.273,8.97558,8.97708,1.00,1.00
2016.10.27 10:49:08.578,8.97546,8.97696,1.00,1.00
2016.10.27 10:49:11.090,8.97534,8.97684,1.00,1.00
2016.10.27 10:49:11.395,8.97523,8.97673,1.00,1.00
2016.10.27 10:49:26.333,8.9752,8.9767,1.00,1.00
2016.10.27 10:49:34.661,8.97508,8.9766,1.00,1.00
2016.10.27 10:49:34.763,8.97581,8.97637,1.00,1.00
2016.10.27 10:49:34.814,8.97576,8.9764,1.00,1.00
2016.10.27 10:49:35.018,8.9747,8.9762,1.00,1.00
2016.10.27 10:49:35.833,8.97483,8.97633,1.00,1.00
2016.10.27 10:49:37.137,8.97471,8.97621,1.00,1.00
2016.10.27 10:49:46.387,8.97479,8.97631,1.00,1.00
2016.10.27 10:49:58.175,8.97491,8.97641,1.00,1.00
2016.10.27 10:50:00.866,8.9748,8.9763,1.00,1.00
2016.10.27 10:50:01.296,8.9749,8.9764,1.00,1.00
2016.10.27 10:50:03.232,8.97502,8.97652,1.00,1.00
2016.10.27 10:50:03.621,8.97507,8.97652,1.00,1.00
2016.10.27 10:50:03.672,8.97526,8.97676,1.00,1.50
2016.10.27 10:50:03.723,8.97514,8.97664,1.00,1.00
2016.10.27 10:50:05.259,8.97485,8.97635,1.00,1.00
2016.10.27 10:50:06.317,8.97482,8.97632,1.00,1.00
2016.10.27 10:50:08.334,8.97431,8.97635,1.00,1.00
2016.10.27 10:50:08.436,8.97414,8.97635,1.00,1.00
2016.10.27 10:50:08.875,8.97396,8.97635,1.00,1.00
2016.10.27 10:50:09.408,8.97396,8.97636,1.00,1.00
2016.10.27 10:50:09.510,8.97396,8.97646,1.00,1.00
2016.10.27 10:50:09.865,8.97396,8.97629,1.00,1.00
2016.10.27 10:50:10.467,8.9738,8.97629,1.00,1.00
2016.10.27 10:50:11.011,8.9738,8.9763,1.00,1.00
2016.10.27 10:50:19.816,8.9738,8.97624,1.00,1.00
2016.10.27 10:50:20.171,8.97395,8.97624,1.00,1.00
2016.10.27 10:50:20.622,8.97425,8.97624,1.00,1.00
2016.10.27 10:50:20.674,8.97425,8.97649,1.00,1.00
2016.10.27 10:50:21.989,8.97425,8.97675,1.00,1.37
2016.10.27 10:50:22.185,8.97425,8.97669,1.00,1.00
2016.10.27 10:50:26.360,8.97432,8.97669,1.00,1.00
2016.10.27 10:50:29.562,8.97432,8.97667,1.00,1.00
2016.10.27 10:50:30.363,8.97432,8.97669,1.00,1.00
2016.10.27 10:50:31.528,8.97432,8.97651,1.00,1.00
2016.10.27 10:50:37.254,8.9745,8.97651,1.00,1.00
2016.10.27 10:50:44.384,8.9745,8.97622,1.00,1.00
2016.10.27 10:50:46.447,8.97448,8.97622,1.00,1.00
2016.10.27 10:50:47.471,8.97448,8.97641,1.00,1.00
2016.10.27 10:50:51.402,8.97448,8.97616,1.00,1.00
2016.10.27 10:50:57.844,8.97448,8.97636,1.00,1.00
2016.10.27 10:51:02.512,8.97448,8.97656,1.00,1.00
2016.10.27 10:51:04.162,8.97448,8.97647,1.00,1.00
2016.10.27 10:51:04.665,8.97448,8.97646,1.00,1.00
2016.10.27 10:51:06.302,8.97457,8.97646,1.00,1.00
2016.10.27 10:51:07.548,8.97457,8.97656,1.00,1.00
2016.10.27 10:51:08.106,8.97457,8.97663,1.00,1.00
2016.10.27 10:51:10.825,8.97457,8.97639,1.00,1.00
2016.10.27 10:51:12.025,8.97473,8.97639,1.00,1.00
2016.10.27 10:51:12.584,8.97473,8.97638,1.00,1.00
2016.10.27 10:51:13.476,8.97473,8.97658,1.00,1.00
2016.10.27 10:51:15.817,8.97454,8.97658,1.00,1.00
2016.10.27 10:51:15.868,8.97404,8.97658,1.60,1.00
2016.10.27 10:51:16.020,8.97408,8.97651,2.10,1.00
2016.10.27 10:51:26.634,8.97481,8.97651,1.00,1.00
2016.10.27 10:51:46.291,8.9748,8.97651,1.00,1.00
2016.10.27 10:51:47.487,8.9748,8.97664,1.00,1.00
2016.10.27 10:51:53.825,8.97495,8.97664,1.00,1.00
2016.10.27 10:51:53.876,8.97495,8.97678,1.00,1.00
2016.10.27 10:51:54.302,8.97512,8.97678,1.00,1.00
2016.10.27 10:51:54.410,8.97512,8.97735,1.00,1.00
2016.10.27 10:51:54.714,8.97527,8.97735,1.00,1.00
2016.10.27 10:51:54.765,8.97527,8.97771,1.00,1.75
2016.10.27 10:51:55.070,8.97527,8.97707,1.00,1.00
2016.10.27 10:51:55.374,8.97548,8.9776,1.00,1.00
2016.10.27 10:51:55.927,8.97548,8.97749,1.00,1.00
2016.10.27 10:51:56.231,8.97548,8.97707,1.00,1.00
2016.10.27 10:51:56.446,8.97532,8.97707,1.00,1.00
2016.10.27 10:52:06.355,8.97528,8.97707,1.00,1.00
2016.10.27 10:52:08.199,8.97512,8.97707,1.00,1.00
2016.10.27 10:52:17.098,8.97512,8.97686,1.00,1.00
2016.10.27 10:52:20.876,8.97512,8.97706,1.00,1.00
2016.10.27 10:52:23.112,8.97512,8.97686,1.00,1.00
2016.10.27 10:52:26.356,8.9752,8.97686,1.00,1.00
2016.10.27 10:52:46.392,8.97519,8.97686,1.00,1.00
2016.10.27 10:53:06.331,8.9752,8.97686,1.00,1.00
2016.10.27 10:53:11.753,8.97536,8.97707,1.00,1.00
2016.10.27 10:53:11.851,8.97536,8.9775,1.00,1.00
2016.10.27 10:53:11.902,8.97536,8.97746,1.00,1.00
2016.10.27 10:53:12.206,8.97536,8.97706,1.00,1.00
2016.10.27 10:53:12.751,8.97519,8.97706,1.00,1.00
2016.10.27 10:53:21.708,8.97503,8.97706,1.00,1.00
2016.10.27 10:53:23.145,8.97503,8.97686,1.00,1.00
2016.10.27 10:53:26.369,8.97497,8.97686,1.00,1.00
2016.10.27 10:53:33.297,8.97497,8.97706,1.75,1.00
2016.10.27 10:53:37.966,8.97497,8.97681,1.75,1.00
2016.10.27 10:53:50.695,8.97494,8.97681,1.00,1.00
2016.10.27 10:54:03.138,8.97494,8.97706,1.00,1.00
2016.10.27 10:54:03.239,8.97494,8.97726,1.00,1.00
2016.10.27 10:54:04.063,8.97494,8.97716,1.00,1.00
2016.10.27 10:54:05.427,8.97494,8.97696,1.00,1.00
2016.10.27 10:54:05.784,8.97513,8.97696,1.00,1.00
2016.10.27 10:54:06.394,8.97512,8.97696,1.00,1.00
2016.10.27 10:54:07.141,8.97512,8.97716,1.00,1.00
2016.10.27 10:54:10.580,8.97513,8.97738,1.00,1.00
2016.10.27 10:54:10.631,8.97533,8.97738,1.00,1.00
2016.10.27 10:54:11.037,8.97533,8.97766,1.00,1.60
2016.10.27 10:54:11.657,8.97533,8.97758,1.00,1.00
2016.10.27 10:54:12.095,8.97533,8.97738,1.00,1.00
2016.10.27 10:54:12.431,8.97533,8.97718,1.00,1.00
2016.10.27 10:54:14.726,8.97534,8.97766,1.00,1.60
2016.10.27 10:54:15.509,8.97581,8.97781,1.00,2.10
2016.10.27 10:54:15.561,8.97581,8.97826,1.00,1.35
2016.10.27 10:54:16.575,8.97581,8.97793,1.00,1.00
2016.10.27 10:54:16.905,8.97581,8.97831,1.00,1.60
2016.10.27 10:54:17.058,8.97581,8.97794,1.00,1.00
2016.10.27 10:54:17.732,8.97562,8.97794,1.12,1.00
2016.10.27 10:54:18.234,8.97597,8.97794,2.10,1.00
2016.10.27 10:54:18.685,8.976,8.97812,2.10,1.00
2016.10.27 10:54:18.787,8.97611,8.97812,2.10,1.00
2016.10.27 10:54:19.294,8.97615,8.97813,2.10,1.00
2016.10.27 10:54:22.718,8.97621,8.97813,2.10,1.00
2016.10.27 10:54:23.659,8.97624,8.9783,2.10,1.00
2016.10.27 10:54:23.761,8.97624,8.97833,2.10,1.00
2016.10.27 10:54:28.584,8.97624,8.97853,2.10,1.50
2016.10.27 10:54:28.841,8.97634,8.97884,1.00,1.50
2016.10.27 10:54:28.943,8.97634,8.97859,1.00,1.00
2016.10.27 10:54:29.477,8.97634,8.97858,1.00,1.00
2016.10.27 10:54:30.828,8.97648,8.97884,2.10,1.00
2016.10.27 10:54:30.931,8.97649,8.97896,1.60,1.00
2016.10.27 10:54:31.032,8.97676,8.97896,2.10,1.00
2016.10.27 10:54:31.184,8.97682,8.97926,1.60,1.00
2016.10.27 10:54:31.286,8.97682,8.97926,1.60,1.00
2016.10.27 10:54:31.387,8.97682,8.97932,1.60,1.00
2016.10.27 10:54:33.896,8.97682,8.97926,1.60,1.00
2016.10.27 10:54:34.200,8.97682,8.97926,1.60,1.00
2016.10.27 10:54:34.851,8.97698,8.97948,1.60,1.00
2016.10.27 10:54:41.278,8.97698,8.97948,1.60,1.00
2016.10.27 10:54:44.122,8.97698,8.97946,1.60,1.00
2016.10.27 10:54:45.148,8.97698,8.97936,1.60,1.00
2016.10.27 10:54:45.930,8.97698,8.97926,1.60,1.00
2016.10.27 10:54:46.739,8.97696,8.97926,1.60,1.00
2016.10.27 10:54:47.113,8.97696,8.97936,1.60,1.00
2016.10.27 10:54:47.762,8.97696,8.97926,1.60,1.00
2016.10.27 10:54:47.946,8.97734,8.97966,2.10,1.00
2016.10.27 10:54:48.048,8.97755,8.97966,2.10,1.00
2016.10.27 10:54:48.455,8.97753,8.97974,2.10,1.00
2016.10.27 10:54:48.557,8.97734,8.97974,2.10,1.00
2016.10.27 10:54:48.975,8.97734,8.97966,2.10,1.00
2016.10.27 10:54:49.286,8.9776,8.97956,2.10,1.00
2016.10.27 10:54:49.439,8.9776,8.97974,2.10,1.00
2016.10.27 10:54:49.490,8.9776,8.97986,2.10,1.00
2016.10.27 10:54:49.541,8.97774,8.97986,2.10,1.00
2016.10.27 10:54:49.845,8.97794,8.97986,2.10,1.00
2016.10.27 10:54:51.448,8.97794,8.97976,2.10,1.00
2016.10.27 10:54:52.164,8.97794,8.97987,2.10,1.00
2016.10.27 10:54:53.836,8.97794,8.97996,2.10,1.00
2016.10.27 10:54:54.191,8.97794,8.98008,2.10,1.00
2016.10.27 10:54:54.242,8.97794,8.98016,2.10,1.00
2016.10.27 10:54:54.665,8.97794,8.98025,2.10,1.00
2016.10.27 10:54:55.637,8.97794,8.98017,2.10,1.00
2016.10.27 10:54:56.835,8.97794,8.98016,2.10,1.00
2016.10.27 10:54:59.689,8.97794,8.98017,2.10,1.00
2016.10.27 10:55:00.277,8.97794,8.98016,2.10,1.00
2016.10.27 10:55:00.589,8.97794,8.98006,2.10,1.00
2016.10.27 10:55:01.162,8.97794,8.97996,2.10,1.00
2016.10.27 10:55:02.188,8.97794,8.97986,2.10,1.00
2016.10.27 10:55:03.498,8.97794,8.97996,2.10,1.00
2016.10.27 10:55:04.625,8.97794,8.98006,2.10,1.00
2016.10.27 10:55:05.395,8.97794,8.98016,2.10,1.00
2016.10.27 10:55:06.240,8.97794,8.98026,2.10,1.00
2016.10.27 10:55:07.378,8.97794,8.98016,2.10,1.00
2016.10.27 10:55:09.085,8.97794,8.98026,2.10,1.00
2016.10.27 10:55:10.381,8.97794,8.98036,2.10,1.00
2016.10.27 10:55:10.780,8.97794,8.98026,2.10,1.00
2016.10.27 10:55:10.983,8.97794,8.98037,2.10,1.00
2016.10.27 10:55:11.432,8.97794,8.98027,2.10,1.00
2016.10.27 10:55:13.406,8.97794,8.98017,2.10,1.00
2016.10.27 10:55:15.035,8.97794,8.98016,2.10,1.00
2016.10.27 10:55:18.938,8.97794,8.98006,2.10,1.00
2016.10.27 10:55:24.277,8.97824,8.98006,2.10,1.00
2016.10.27 10:55:28.170,8.97824,8.98016,2.10,1.00
2016.10.27 10:55:29.677,8.97824,8.98006,2.10,1.00
2016.10.27 10:55:29.930,8.97824,8.98016,2.10,1.00
2016.10.27 10:55:30.475,8.97824,8.98026,2.10,1.00
2016.10.27 10:55:35.164,8.97824,8.98016,2.10,1.00
2016.10.27 10:55:37.296,8.97841,8.98016,2.10,1.00
2016.10.27 10:55:37.629,8.97846,8.98016,1.00,1.00
2016.10.27 10:55:37.718,8.97846,8.98096,1.00,1.00
2016.10.27 10:55:41.136,8.97846,8.98087,1.00,1.00
2016.10.27 10:55:41.800,8.97846,8.98086,1.00,1.00
2016.10.27 10:55:42.178,8.97846,8.98076,1.00,1.00
2016.10.27 10:55:44.856,8.97853,8.98076,1.00,1.00
2016.10.27 10:55:45.178,8.97873,8.98076,1.00,1.00
2016.10.27 10:55:46.499,8.97869,8.98076,1.00,1.00
2016.10.27 10:55:46.702,8.97869,8.98066,1.00,1.00
2016.10.27 10:55:49.338,8.97852,8.98066,1.00,1.00
2016.10.27 10:55:49.493,8.97852,8.98076,1.00,1.00
2016.10.27 10:55:49.594,8.97852,8.98087,1.00,1.00
2016.10.27 10:55:50.377,8.97852,8.98086,1.00,1.00
2016.10.27 10:55:51.938,8.97852,8.98076,1.00,1.00
2016.10.27 10:55:54.302,8.97874,8.98076,2.10,1.00
2016.10.27 10:55:54.504,8.97874,8.98097,2.10,1.00
2016.10.27 10:55:54.555,8.9789,8.98102,2.10,1.00
2016.10.27 10:55:55.315,8.97926,8.98116,1.00,1.00
2016.10.27 10:55:55.431,8.9796,8.98176,2.10,1.00
2016.10.27 10:55:56.449,8.97964,8.98178,2.10,1.00
2016.10.27 10:56:01.142,8.97964,8.98193,2.10,1.00
2016.10.27 10:56:03.282,8.97975,8.98193,2.10,1.00
2016.10.27 10:56:03.628,8.97978,8.98193,2.10,1.00
2016.10.27 10:56:04.261,8.97984,8.98193,2.10,1.00
2016.10.27 10:56:06.352,8.97984,8.98203,2.10,1.00
2016.10.27 10:56:14.566,8.97984,8.98196,2.10,1.00
2016.10.27 10:56:15.511,8.97988,8.98203,2.10,1.00
2016.10.27 10:56:17.685,8.97994,8.98224,2.10,1.00
2016.10.27 10:56:17.888,8.97994,8.98216,2.10,1.00
2016.10.27 10:56:18.092,8.97994,8.98236,2.10,1.50
2016.10.27 10:56:19.124,8.97994,8.98226,2.10,1.00
2016.10.27 10:56:19.428,8.97994,8.98236,2.10,1.00
2016.10.27 10:56:20.611,8.97994,8.98216,2.10,1.00
2016.10.27 10:56:21.380,8.97994,8.98226,2.10,1.00
2016.10.27 10:56:21.633,8.97994,8.98236,2.10,1.50
2016.10.27 10:56:22.141,8.97994,8.98216,2.10,1.00
2016.10.27 10:56:22.720,8.97993,8.98216,2.10,1.00
2016.10.27 10:56:23.247,8.97994,8.98216,2.10,1.00
2016.10.27 10:56:25.929,8.97994,8.98226,2.10,1.50
2016.10.27 10:56:26.478,8.97994,8.98225,2.10,1.00
2016.10.27 10:56:29.346,8.97994,8.98216,2.10,1.00
2016.10.27 10:56:32.446,8.97994,8.98206,2.10,1.00
2016.10.27 10:56:32.649,8.97994,8.98225,2.85,1.00
2016.10.27 10:56:33.107,8.98012,8.98225,2.10,1.00
2016.10.27 10:56:33.765,8.9801,8.98225,2.10,1.00
2016.10.27 10:56:34.745,8.9801,8.98241,2.10,1.00
2016.10.27 10:56:46.358,8.9801,8.98239,2.10,1.00
2016.10.27 10:56:47.511,8.98014,8.98239,2.10,1.00
2016.10.27 10:56:48.386,8.98014,8.98255,2.10,1.00
2016.10.27 10:56:48.794,8.98018,8.98255,2.10,1.00
2016.10.27 10:56:49.466,8.98022,8.98271,2.10,1.00
2016.10.27 10:56:53.111,8.98033,8.98271,2.10,1.00
2016.10.27 10:56:58.635,8.98033,8.98266,2.10,1.00
2016.10.27 10:56:59.026,8.98033,8.98271,2.10,1.00
2016.10.27 10:56:59.569,8.98034,8.98271,2.10,1.00
2016.10.27 10:56:59.772,8.98021,8.98271,1.00,1.00
2016.10.27 10:56:59.924,8.98021,8.98266,1.00,1.00
2016.10.27 10:57:00.228,8.98021,8.98256,1.00,1.00
2016.10.27 10:57:00.705,8.98014,8.98246,2.10,1.00
2016.10.27 10:57:00.908,8.98014,8.98256,2.10,1.50
2016.10.27 10:57:01.110,8.98014,8.98246,2.10,1.00
2016.10.27 10:57:01.616,8.98014,8.98256,2.10,1.50
2016.10.27 10:57:01.920,8.98014,8.98246,2.10,1.00
2016.10.27 10:57:04.743,8.98009,8.98226,2.10,1.00
2016.10.27 10:57:04.950,8.98009,8.98236,2.10,1.00
2016.10.27 10:57:06.634,8.98009,8.98226,2.10,1.00
2016.10.27 10:57:07.437,8.98007,8.98216,2.10,1.00
2016.10.27 10:57:07.539,8.97996,8.98216,2.10,1.00
2016.10.27 10:57:07.793,8.97993,8.98216,2.10,1.00
2016.10.27 10:57:08.952,8.97993,8.98218,2.10,1.00
2016.10.27 10:57:09.310,8.97996,8.98218,2.10,1.00
2016.10.27 10:57:09.780,8.97992,8.98218,2.10,1.00
2016.10.27 10:57:15.064,8.97992,8.98216,2.10,1.00
2016.10.27 10:57:15.165,8.97992,8.98218,2.10,1.00
2016.10.27 10:57:19.518,8.97999,8.98218,2.10,1.00
2016.10.27 10:57:26.444,8.98002,8.98226,2.10,1.00
2016.10.27 10:57:32.032,8.98013,8.98226,2.10,1.00
2016.10.27 10:57:36.280,8.98014,8.98226,2.10,1.00
2016.10.27 10:57:46.727,8.98012,8.98235,2.10,1.00
2016.10.27 10:57:50.412,8.98014,8.98219,2.10,1.00
2016.10.27 10:57:51.846,8.98009,8.98236,2.10,1.00
2016.10.27 10:57:55.122,8.98014,8.98252,2.10,1.00
2016.10.27 10:57:58.885,8.98014,8.98246,2.10,1.00
2016.10.27 10:57:59.181,8.98014,8.98252,2.10,1.00
2016.10.27 10:58:00.137,8.98014,8.98246,2.10,1.00
2016.10.27 10:58:00.188,8.98014,8.98252,2.10,1.00
2016.10.27 10:58:01.375,8.98014,8.98246,2.10,1.00
2016.10.27 10:58:01.679,8.98014,8.98252,2.10,1.00
2016.10.27 10:58:02.704,8.98014,8.98247,2.10,1.00
2016.10.27 10:58:03.108,8.98014,8.98252,2.10,1.00
2016.10.27 10:58:04.129,8.98014,8.98246,2.10,1.00
2016.10.27 10:58:04.231,8.98014,8.98252,2.10,1.00
2016.10.27 10:58:06.729,8.98014,8.98256,2.10,1.50
2016.10.27 10:58:07.434,8.98014,8.98246,2.10,1.00
2016.10.27 10:58:07.930,8.98014,8.98256,2.10,1.50
2016.10.27 10:58:09.083,8.98014,8.98246,2.10,1.00
2016.10.27 10:58:09.826,8.98014,8.98256,2.10,1.50
2016.10.27 10:58:10.631,8.98014,8.98246,2.10,1.00
2016.10.27 10:58:10.934,8.98014,8.98256,2.10,1.50
2016.10.27 10:58:11.136,8.98014,8.98247,2.10,1.94
2016.10.27 10:58:11.238,8.98014,8.98246,2.10,1.00
2016.10.27 10:58:11.684,8.98014,8.98246,2.10,1.34
2016.10.27 10:58:12.227,8.98013,8.98246,2.10,1.20
2016.10.27 10:58:12.613,8.98014,8.98246,2.10,1.00
2016.10.27 10:58:12.847,8.98014,8.98236,2.10,1.41
2016.10.27 10:58:13.255,8.98014,8.98256,2.10,1.62
2016.10.27 10:58:14.118,8.98014,8.98256,2.10,1.59
2016.10.27 10:58:14.321,8.98014,8.98246,2.10,1.20
2016.10.27 10:58:14.529,8.98014,8.98256,2.10,1.30
2016.10.27 10:58:15.946,8.98014,8.98256,2.10,1.50
2016.10.27 10:58:16.049,8.98014,8.98256,2.10,1.30
2016.10.27 10:58:17.962,8.98014,8.98247,2.10,1.12
2016.10.27 10:58:18.268,8.98014,8.98236,2.10,1.15
2016.10.27 10:58:18.370,8.98014,8.98236,2.10,1.12
2016.10.27 10:58:18.573,8.98014,8.98236,2.10,1.28
2016.10.27 10:58:23.059,8.98014,8.98216,2.10,1.00
2016.10.27 10:58:23.262,8.97994,8.98217,2.10,1.00
2016.10.27 10:58:23.668,8.97994,8.98207,2.10,1.00
2016.10.27 10:58:24.201,8.97994,8.98206,2.10,1.70
2016.10.27 10:58:24.353,8.9799,8.98196,2.10,1.00
2016.10.27 10:58:24.580,8.9799,8.98196,2.10,1.23
2016.10.27 10:58:27.024,8.97973,8.98186,2.10,1.12
2016.10.27 10:58:27.178,8.97973,8.98177,2.10,1.12
2016.10.27 10:58:28.797,8.9798,8.98177,2.10,1.12
2016.10.27 10:58:29.284,8.9798,8.98166,2.10,1.00
2016.10.27 10:58:29.372,8.97971,8.98177,2.10,1.12
2016.10.27 10:58:32.795,8.97964,8.98177,2.10,1.12
2016.10.27 10:58:33.429,8.97964,8.98176,2.10,1.12
2016.10.27 10:58:33.805,8.97967,8.98176,2.10,1.12
2016.10.27 10:58:38.040,8.97971,8.98186,2.10,1.27
2016.10.27 10:58:38.968,8.97978,8.98196,2.10,2.20
2016.10.27 10:58:39.272,8.97975,8.98196,2.10,2.20
2016.10.27 10:58:39.526,8.97972,8.98196,2.10,1.59
2016.10.27 10:58:40.056,8.97975,8.98196,2.10,1.81
2016.10.27 10:58:40.600,8.97975,8.98196,2.10,1.21
2016.10.27 10:58:43.418,8.97975,8.98196,2.10,1.55
2016.10.27 10:58:45.092,8.97984,8.98196,2.10,1.61
2016.10.27 10:58:46.416,8.97977,8.98189,2.10,1.34
2016.10.27 10:58:46.771,8.97973,8.98189,2.10,1.34
2016.10.27 10:58:47.024,8.97971,8.98189,2.10,1.34
2016.10.27 10:58:49.642,8.97971,8.98189,2.10,1.20
2016.10.27 10:58:49.771,8.97974,8.98189,2.10,1.20
2016.10.27 10:58:56.808,8.97977,8.98189,2.10,1.00
2016.10.27 10:58:57.263,8.9798,8.98189,2.10,1.00
2016.10.27 10:59:05.105,8.97964,8.9813,1.00,1.00
2016.10.27 10:59:05.156,8.97923,8.9813,2.10,1.00
2016.10.27 10:59:05.258,8.97923,8.98147,2.10,1.00
2016.10.27 10:59:05.310,8.97946,8.98147,2.10,1.00
2016.10.27 10:59:05.362,8.97946,8.98164,2.10,1.00
2016.10.27 10:59:05.623,8.97946,8.98167,2.10,1.00
2016.10.27 10:59:05.674,8.9795,8.98176,2.10,1.50
2016.10.27 10:59:05.725,8.9795,8.98166,2.10,1.00
2016.10.27 10:59:06.134,8.9795,8.98176,2.10,1.50
2016.10.27 10:59:06.286,8.97953,8.98176,2.10,1.50
2016.10.27 10:59:06.387,8.97953,8.98181,2.10,1.00
2016.10.27 10:59:07.082,8.97931,8.98181,1.00,1.00
2016.10.27 10:59:07.184,8.97931,8.98152,1.00,3.75
2016.10.27 10:59:07.286,8.97914,8.98152,2.85,3.75
2016.10.27 10:59:07.438,8.97924,8.98138,1.00,1.75
2016.10.27 10:59:07.944,8.97923,8.98121,1.00,1.12
2016.10.27 10:59:08.096,8.97914,8.98121,3.60,1.12
2016.10.27 10:59:08.832,8.97914,8.98121,2.85,1.75
2016.10.27 10:59:09.143,8.97924,8.98121,1.00,1.75
2016.10.27 10:59:09.593,8.97924,8.98121,1.00,1.00
2016.10.27 10:59:10.558,8.9793,8.98121,2.10,1.00
2016.10.27 10:59:10.710,8.9793,8.98138,2.10,1.00
2016.10.27 10:59:10.811,8.97946,8.98138,2.10,1.00
2016.10.27 10:59:10.913,8.97946,8.98154,2.10,1.00
2016.10.27 10:59:11.065,8.97935,8.98154,2.10,1.00
2016.10.27 10:59:11.267,8.97933,8.98154,2.10,1.00
2016.10.27 10:59:11.520,8.9793,8.98154,2.10,1.00
2016.10.27 10:59:11.774,8.9793,8.98167,2.10,1.00
2016.10.27 10:59:12.676,8.9793,8.98157,2.10,1.00
2016.10.27 10:59:13.010,8.97935,8.98157,2.10,1.00
2016.10.27 10:59:13.315,8.97935,8.98146,2.10,1.00
2016.10.27 10:59:14.368,8.97932,8.98156,2.10,1.00
2016.10.27 10:59:14.763,8.97934,8.98156,2.10,1.00
2016.10.27 10:59:15.085,8.97938,8.98146,2.10,1.00
2016.10.27 10:59:15.137,8.97938,8.98157,2.10,1.50
2016.10.27 10:59:15.289,8.97948,8.98157,2.10,1.50
2016.10.27 10:59:15.791,8.97956,8.98166,2.10,1.50
2016.10.27 10:59:15.944,8.97956,8.98176,2.10,1.50
2016.10.27 10:59:15.995,8.97956,8.98172,2.10,1.00
2016.10.27 10:59:16.323,8.97963,8.98167,2.10,1.00
2016.10.27 10:59:16.830,8.97963,8.98166,2.10,1.50
2016.10.27 10:59:16.933,8.97963,8.98176,2.10,1.50
2016.10.27 10:59:17.403,8.97969,8.98176,2.10,1.50
2016.10.27 10:59:17.950,8.97969,8.98166,2.10,1.00
2016.10.27 10:59:21.032,8.97969,8.98176,2.10,1.50
2016.10.27 10:59:22.395,8.97969,8.98186,2.10,1.00
2016.10.27 10:59:22.956,8.97969,8.98176,2.10,1.00
2016.10.27 10:59:23.159,8.97969,8.98186,2.10,1.00
2016.10.27 10:59:24.303,8.97969,8.98187,2.10,1.00
2016.10.27 10:59:27.283,8.97973,8.98187,2.10,1.00
2016.10.27 10:59:27.385,8.97973,8.98192,2.10,1.00
2016.10.27 10:59:28.062,8.97976,8.98192,2.10,1.00
2016.10.27 10:59:28.393,8.97976,8.98186,2.10,1.00
2016.10.27 10:59:32.376,8.97976,8.98192,2.10,1.00
2016.10.27 10:59:34.575,8.97976,8.98186,2.10,1.00
2016.10.27 10:59:37.397,8.97976,8.98176,2.10,1.00
2016.10.27 10:59:39.052,8.97982,8.98176,2.10,1.00
2016.10.27 10:59:39.205,8.97982,8.98186,2.10,1.00
2016.10.27 10:59:39.687,8.97982,8.98176,2.10,1.00
2016.10.27 10:59:42.025,8.97985,8.98186,2.10,1.50
2016.10.27 10:59:42.132,8.97985,8.98196,2.10,1.50
2016.10.27 10:59:44.305,8.97987,8.98196,2.10,1.00
2016.10.27 10:59:46.441,8.97987,8.98186,2.10,1.00
2016.10.27 10:59:51.269,8.97987,8.98196,2.10,1.50
2016.10.27 10:59:52.441,8.97987,8.9821,2.10,1.37
2016.10.27 10:59:54.536,8.9799,8.9821,2.10,1.37
2016.10.27 10:59:55.103,8.9799,8.9821,2.10,1.00
2016.10.27 10:59:55.782,8.9799,8.9821,2.10,1.00
2016.10.27 10:59:58.981,8.97994,8.98234,2.10,1.00
2016.10.27 10:59:59.059,8.98016,8.98234,1.00,1.00
2016.10.27 10:59:59.110,8.98024,8.98263,2.10,1.00
2016.10.27 10:59:59.162,8.98034,8.98263,1.00,1.00
2016.10.27 10:59:59.213,8.98044,8.98287,1.00,1.00
2016.10.27 10:59:59.264,8.98044,8.98296,1.50,1.00
2016.10.27 10:59:59.316,8.98063,8.98313,1.00,1.12
2016.10.27 10:59:59.621,8.98063,8.98306,1.00,1.00
