2011.05.18 08:00:19.219,7.91637,7.91842,1.04,3.00
2011.05.18 08:00:29.732,7.91619,7.91842,1.04,3.00
2011.05.18 08:00:34.219,7.91663,7.91842,3.75,3.00
2011.05.18 08:00:34.440,7.91663,7.91913,4.04,1.50
2011.05.18 08:00:46.923,7.91663,7.91888,4.04,1.50
2011.05.18 08:00:47.141,7.91641,7.91842,1.04,3.38
2011.05.18 08:00:47.504,7.91617,7.91842,1.04,3.38
2011.05.18 08:00:54.319,7.91618,7.91836,1.04,1.50
2011.05.18 08:00:56.451,7.91648,7.91843,1.50,4.50
2011.05.18 08:00:56.779,7.91678,7.91852,1.50,1.13
2011.05.18 08:01:04.032,7.91657,7.91852,1.50,1.13
2011.05.18 08:01:07.640,7.91657,7.91847,1.50,1.50
2011.05.18 08:01:10.690,7.91648,7.91817,2.25,1.50
2011.05.18 08:01:14.894,7.91648,7.9184,4.50,1.50
2011.05.18 08:01:15.013,7.91648,7.91774,3.75,1.35
2011.05.18 08:01:15.460,7.91599,7.91767,1.04,1.50
2011.05.18 08:01:16.212,7.91599,7.91767,1.04,1.50
2011.05.18 08:01:17.092,7.91599,7.91767,1.04,1.50
2011.05.18 08:01:19.040,7.91599,7.91767,1.04,1.50
2011.05.18 08:01:21.191,7.91588,7.91767,1.42,1.50
2011.05.18 08:01:29.951,7.91517,7.91621,3.00,1.50
2011.05.18 08:01:30.280,7.91454,7.91621,1.04,1.50
2011.05.18 08:01:30.504,7.91542,7.91621,3.75,1.50
2011.05.18 08:01:30.623,7.91542,7.91705,3.75,1.50
2011.05.18 08:01:30.740,7.91578,7.91729,3.75,1.50
2011.05.18 08:01:30.852,7.91578,7.91806,3.75,1.50
2011.05.18 08:01:30.963,7.91578,7.91811,3.75,1.50
2011.05.18 08:01:35.151,7.91563,7.91814,4.04,1.50
2011.05.18 08:01:40.481,7.91562,7.91787,1.04,3.75
2011.05.18 08:01:40.591,7.91543,7.91787,1.04,4.50
2011.05.18 08:01:40.861,7.91543,7.91787,1.04,4.50
2011.05.18 08:01:42.891,7.91518,7.91767,1.04,4.50
2011.05.18 08:01:43.220,7.91512,7.91762,1.04,3.00
2011.05.18 08:01:44.681,7.91535,7.91762,2.39,3.00
2011.05.18 08:01:44.791,7.91535,7.91762,2.39,2.25
2011.05.18 08:01:45.122,7.91607,7.91821,3.75,1.50
2011.05.18 08:01:45.231,7.91607,7.91821,3.75,1.50
2011.05.18 08:01:46.931,7.91607,7.91797,3.75,1.50
2011.05.18 08:01:47.260,7.91528,7.91767,1.04,4.50
2011.05.18 08:01:53.321,7.91612,7.91774,3.75,1.50
2011.05.18 08:01:53.652,7.91748,7.918,2.25,1.50
2011.05.18 08:01:53.762,7.91718,7.91762,3.75,3.75
2011.05.18 08:01:53.872,7.91685,7.91762,1.04,3.75
2011.05.18 08:01:53.981,7.91547,7.91767,1.50,4.50
2011.05.18 08:01:54.202,7.91534,7.91767,1.04,4.50
2011.05.18 08:01:54.423,7.91598,7.91815,4.50,1.50
2011.05.18 08:01:54.654,7.91593,7.91837,4.50,1.50
2011.05.18 08:01:55.732,7.91618,7.91847,1.04,1.50
2011.05.18 08:01:56.264,7.91537,7.91743,1.04,1.13
2011.05.18 08:01:56.383,7.91496,7.91636,1.04,1.50
2011.05.18 08:01:56.492,7.91595,7.91647,1.35,1.50
2011.05.18 08:01:56.601,7.91555,7.91774,2.10,1.50
2011.05.18 08:01:56.821,7.91555,7.91764,2.10,1.50
2011.05.18 08:01:57.040,7.91555,7.91788,2.10,1.50
2011.05.18 08:01:57.596,7.91487,7.91759,3.67,1.50
2011.05.18 08:01:57.714,7.91487,7.91739,3.67,1.50
2011.05.18 08:02:01.112,7.9151,7.91737,1.04,1.50
2011.05.18 08:02:02.033,7.9151,7.91737,1.04,1.50
2011.05.18 08:02:03.765,7.91507,7.91701,1.04,1.50
2011.05.18 08:02:03.885,7.91496,7.917,1.04,1.50
2011.05.18 08:02:04.971,7.91496,7.917,1.04,1.50
2011.05.18 08:02:06.084,7.91496,7.917,1.04,1.50
2011.05.18 08:02:07.380,7.91507,7.917,1.50,1.50
2011.05.18 08:02:09.092,7.91523,7.91697,1.13,1.50
2011.05.18 08:02:09.376,7.91498,7.91697,1.50,1.50
2011.05.18 08:02:09.493,7.91579,7.9172,2.10,1.50
2011.05.18 08:02:09.721,7.91579,7.91728,2.39,4.50
2011.05.18 08:02:09.831,7.91582,7.91728,1.04,3.75
2011.05.18 08:02:09.941,7.91593,7.91728,4.04,3.75
2011.05.18 08:02:10.050,7.91617,7.91875,4.04,1.50
2011.05.18 08:02:14.191,7.91608,7.91854,4.04,1.50
2011.05.18 08:02:14.301,7.91643,7.91854,3.75,1.50
2011.05.18 08:02:14.410,7.91643,7.91889,4.04,1.50
2011.05.18 08:02:19.111,7.91635,7.91862,1.04,3.75
2011.05.18 08:02:19.330,7.91617,7.91862,1.04,4.50
2011.05.18 08:02:24.490,7.91614,7.91862,1.04,4.50
2011.05.18 08:02:27.681,7.91618,7.9187,4.04,1.50
2011.05.18 08:02:28.130,7.91618,7.91834,4.04,2.10
2011.05.18 08:02:28.463,7.91524,7.91672,1.04,4.50
2011.05.18 08:02:28.681,7.91612,7.91802,3.75,1.50
2011.05.18 08:02:28.792,7.91608,7.91802,3.75,1.50
2011.05.18 08:02:28.901,7.91608,7.91831,3.75,1.50
2011.05.18 08:02:31.973,7.91584,7.91688,3.75,4.50
2011.05.18 08:02:32.201,7.9149,7.91686,1.04,1.50
2011.05.18 08:02:33.092,7.91482,7.91666,1.04,1.50
2011.05.18 08:02:34.181,7.9146,7.91666,1.04,1.50
2011.05.18 08:02:34.402,7.91408,7.91586,1.04,1.50
2011.05.18 08:02:34.865,7.91416,7.91586,1.04,1.50
2011.05.18 08:02:34.990,7.91416,7.91587,1.04,4.50
2011.05.18 08:02:35.106,7.91416,7.91642,1.04,1.50
2011.05.18 08:02:35.225,7.91405,7.91633,1.04,1.50
2011.05.18 08:02:35.566,7.91543,7.91636,3.75,1.50
2011.05.18 08:02:35.685,7.91543,7.91763,3.75,1.50
2011.05.18 08:02:35.914,7.91543,7.91787,3.75,1.50
2011.05.18 08:02:36.146,7.91543,7.91801,3.75,1.50
2011.05.18 08:02:36.482,7.91458,7.91598,4.50,4.50
2011.05.18 08:02:36.593,7.91457,7.91596,2.25,1.50
2011.05.18 08:02:36.822,7.91424,7.91592,1.04,3.00
2011.05.18 08:02:36.933,7.91424,7.91592,1.04,3.75
2011.05.18 08:02:37.915,7.91519,7.91552,3.75,3.75
2011.05.18 08:02:38.037,7.91542,7.91635,3.75,3.00
2011.05.18 08:02:38.262,7.91542,7.91756,3.75,1.50
2011.05.18 08:02:38.371,7.91538,7.91723,3.75,1.50
2011.05.18 08:02:40.490,7.91533,7.91692,3.75,1.50
2011.05.18 08:02:40.601,7.91463,7.91602,1.04,5.25
2011.05.18 08:02:40.711,7.91434,7.91602,1.04,5.25
2011.05.18 08:02:40.821,7.91417,7.91602,1.04,5.25
2011.05.18 08:03:42.201,7.91409,7.91603,1.04,2.25
2011.05.18 08:03:42.645,7.91431,7.9166,1.04,1.50
2011.05.18 08:03:46.520,7.91479,7.9166,3.75,1.50
2011.05.18 08:03:46.850,7.91431,7.91617,1.04,1.50
2011.05.18 08:04:17.492,7.91448,7.91626,1.50,1.50
2011.05.18 08:04:23.311,7.91448,7.91626,1.50,1.50
2011.05.18 08:04:23.943,7.91448,7.91626,1.50,1.50
2011.05.18 08:04:25.891,7.91447,7.91626,1.50,1.50
2011.05.18 08:04:27.223,7.91448,7.91626,1.50,1.50
2011.05.18 08:04:27.652,7.91448,7.91626,1.50,1.50
2011.05.18 08:04:28.031,7.91448,7.91626,1.50,1.50
2011.05.18 08:04:30.640,7.91448,7.91626,1.50,1.50
2011.05.18 08:04:40.191,7.91448,7.91626,1.50,1.50
2011.05.18 08:05:30.480,7.91431,7.91632,1.04,3.00
2011.05.18 08:05:31.490,7.91468,7.91632,1.50,3.00
2011.05.18 08:05:35.092,7.91494,7.91636,1.13,1.50
2011.05.18 08:05:40.903,7.91497,7.91663,1.50,1.50
2011.05.18 08:05:41.133,7.91498,7.91685,1.50,1.50
2011.05.18 08:05:42.002,7.91602,7.91685,3.75,1.50
2011.05.18 08:05:46.514,7.91478,7.91677,1.50,1.50
2011.05.18 08:05:46.631,7.91474,7.91677,1.13,1.50
2011.05.18 08:05:50.041,7.91494,7.91677,1.13,1.50
2011.05.18 08:05:59.982,7.91498,7.91683,1.50,3.00
2011.05.18 08:06:01.142,7.91589,7.917,3.75,1.50
2011.05.18 08:06:01.502,7.91612,7.917,3.75,1.50
2011.05.18 08:06:02.328,7.91497,7.917,1.13,1.50
2011.05.18 08:06:03.071,7.915,7.91703,1.13,1.50
2011.05.18 08:06:09.469,7.91508,7.91702,1.50,1.50
2011.05.18 08:06:10.464,7.91497,7.91677,1.04,1.50
2011.05.18 08:06:10.801,7.91498,7.91677,1.50,1.13
2011.05.18 08:06:19.422,7.91498,7.91699,1.50,1.13
2011.05.18 08:06:24.101,7.91499,7.91699,1.50,1.13
2011.05.18 08:06:24.211,7.91522,7.91699,4.50,1.13
2011.05.18 08:06:29.932,7.91544,7.91712,1.13,1.50
2011.05.18 08:06:30.262,7.91517,7.9171,1.35,1.50
2011.05.18 08:06:31.220,7.91517,7.917,1.35,1.13
2011.05.18 08:06:32.033,7.91517,7.917,1.35,1.13
2011.05.18 08:06:32.704,7.91517,7.91703,1.35,1.13
2011.05.18 08:06:40.673,7.91517,7.917,1.35,1.13
2011.05.18 08:06:41.263,7.91547,7.91711,1.50,1.50
2011.05.18 08:06:41.483,7.91528,7.9172,3.75,1.50
2011.05.18 08:06:43.383,7.91517,7.91712,1.35,1.50
2011.05.18 08:06:43.712,7.91527,7.91721,3.00,1.50
2011.05.18 08:06:46.961,7.91517,7.91713,1.35,2.25
2011.05.18 08:06:47.182,7.91545,7.91713,1.13,1.50
2011.05.18 08:06:47.292,7.91517,7.91713,1.64,1.50
2011.05.18 08:06:47.772,7.91509,7.91715,1.04,1.50
2011.05.18 08:06:50.441,7.91478,7.917,2.54,1.13
2011.05.18 08:06:50.553,7.91478,7.91677,2.54,3.75
2011.05.18 08:06:50.663,7.91428,7.91674,2.54,1.50
2011.05.18 08:06:50.881,7.91428,7.91664,2.54,1.50
2011.05.18 08:06:53.771,7.91435,7.91664,1.04,1.50
2011.05.18 08:06:55.663,7.91428,7.91664,1.04,1.50
2011.05.18 08:06:55.891,7.91428,7.91641,1.04,1.50
2011.05.18 08:06:56.220,7.91398,7.91576,1.04,1.50
2011.05.18 08:07:20.595,7.91399,7.91576,1.04,1.50
2011.05.18 08:07:20.712,7.91399,7.91577,1.04,3.75
2011.05.18 08:07:20.931,7.91437,7.91601,1.04,3.75
2011.05.18 08:07:21.043,7.91437,7.91666,1.04,1.50
2011.05.18 08:07:21.150,7.91439,7.91667,1.04,1.50
2011.05.18 08:07:33.063,7.91448,7.91643,1.50,1.50
2011.05.18 08:08:10.201,7.91396,7.916,1.04,1.50
2011.05.18 08:08:26.433,7.91396,7.916,1.04,1.50
2011.05.18 08:08:30.440,7.91396,7.916,1.04,1.50
2011.05.18 08:08:37.581,7.91396,7.916,1.04,1.50
2011.05.18 08:08:37.690,7.91396,7.916,1.04,1.50
2011.05.18 08:08:41.251,7.91428,7.91625,3.00,1.50
2011.05.18 08:08:41.474,7.91448,7.91625,1.50,1.50
2011.05.18 08:08:41.593,7.91447,7.91669,1.50,1.13
2011.05.18 08:08:47.764,7.91448,7.91669,1.50,1.13
2011.05.18 08:08:48.336,7.91507,7.91672,1.50,4.13
2011.05.18 08:09:01.203,7.91514,7.91678,1.13,1.50
2011.05.18 08:09:01.534,7.91602,7.91772,3.75,1.50
2011.05.18 08:09:01.763,7.91598,7.91779,3.75,1.50
2011.05.18 08:09:02.121,7.91598,7.91784,3.75,1.50
2011.05.18 08:09:02.345,7.91598,7.91761,3.75,1.50
2011.05.18 08:09:02.464,7.91598,7.91784,3.75,1.50
2011.05.18 08:09:26.778,7.91592,7.91784,3.75,1.50
2011.05.18 08:09:26.896,7.91592,7.91784,3.75,1.50
2011.05.18 08:09:27.123,7.91592,7.9179,3.75,1.50
2011.05.18 08:09:27.341,7.91588,7.91794,3.75,1.50
2011.05.18 08:09:32.475,7.91572,7.91794,3.75,1.50
2011.05.18 08:09:32.592,7.91572,7.91797,4.04,1.50
2011.05.18 08:09:35.533,7.91537,7.91769,1.04,1.13
2011.05.18 08:09:35.760,7.91537,7.91769,1.04,1.13
2011.05.18 08:10:06.951,7.91545,7.91769,1.04,1.13
2011.05.18 08:10:08.892,7.91527,7.91769,1.04,1.13
2011.05.18 08:10:14.033,7.91518,7.91764,3.29,1.13
2011.05.18 08:10:14.252,7.91518,7.91764,3.29,1.13
2011.05.18 08:10:37.750,7.91518,7.91767,3.29,1.50
2011.05.18 08:10:37.971,7.91519,7.91764,1.04,1.13
2011.05.18 08:10:45.164,7.91518,7.91743,3.29,1.50
2011.05.18 08:10:45.398,7.91517,7.91723,1.04,1.50
2011.05.18 08:10:48.181,7.91517,7.91723,1.04,1.50
2011.05.18 08:10:48.971,7.91504,7.91723,1.04,1.50
2011.05.18 08:11:17.211,7.91517,7.91723,1.04,1.50
2011.05.18 08:11:20.015,7.91559,7.91743,4.64,4.50
2011.05.18 08:11:20.127,7.91582,7.91809,4.04,1.13
2011.05.18 08:11:22.271,7.91557,7.91788,2.54,4.50
2011.05.18 08:11:22.602,7.91538,7.91789,2.54,1.50
2011.05.18 08:11:22.991,7.91539,7.91791,1.04,1.50
2011.05.18 08:11:23.430,7.91539,7.91764,1.04,1.35
2011.05.18 08:11:23.543,7.91539,7.9173,1.50,1.50
2011.05.18 08:11:23.762,7.91524,7.91726,1.04,1.50
2011.05.18 08:11:33.963,7.9152,7.91713,1.13,1.50
2011.05.18 08:11:54.213,7.9152,7.91714,1.13,1.50
2011.05.18 08:12:02.676,7.91514,7.91714,1.13,1.50
2011.05.18 08:12:05.321,7.91514,7.91713,1.13,1.50
2011.05.18 08:12:06.471,7.91508,7.91693,1.04,1.50
2011.05.18 08:13:02.444,7.91514,7.91696,1.13,1.50
2011.05.18 08:13:02.565,7.9152,7.91706,1.13,1.50
2011.05.18 08:13:02.684,7.91547,7.91706,1.50,1.50
2011.05.18 08:13:04.190,7.91547,7.91718,1.50,1.50
2011.05.18 08:13:04.732,7.91598,7.91726,1.35,1.50
2011.05.18 08:13:04.844,7.91598,7.91727,1.35,3.75
2011.05.18 08:13:04.953,7.91612,7.9181,3.75,1.50
2011.05.18 08:13:05.063,7.91612,7.9181,3.75,1.50
2011.05.18 08:13:05.171,7.91584,7.91813,1.04,4.50
2011.05.18 08:13:07.263,7.91583,7.91808,1.04,4.50
2011.05.18 08:13:13.060,7.91597,7.9181,1.50,1.13
2011.05.18 08:13:14.084,7.91598,7.9181,1.50,1.13
2011.05.18 08:13:15.274,7.91598,7.91807,1.50,4.50
2011.05.18 08:13:15.604,7.91598,7.91807,1.50,4.50
2011.05.18 08:13:22.776,7.91581,7.91741,1.04,1.50
2011.05.18 08:13:22.891,7.91557,7.91741,1.04,1.50
2011.05.18 08:13:23.001,7.91534,7.91731,1.13,1.50
2011.05.18 08:13:23.612,7.91534,7.91731,1.13,1.50
2011.05.18 08:13:26.395,7.91534,7.91731,1.13,1.50
2011.05.18 08:13:26.873,7.91534,7.91731,1.13,1.50
2011.05.18 08:14:15.223,7.91534,7.91731,1.13,1.50
2011.05.18 08:14:20.520,7.91534,7.91731,1.13,1.50
2011.05.18 08:14:32.910,7.91534,7.91731,1.13,1.50
2011.05.18 08:14:41.405,7.91534,7.91731,1.13,1.50
2011.05.18 08:14:51.897,7.91534,7.91731,1.13,1.50
2011.05.18 08:15:15.562,7.91534,7.91731,1.13,1.50
2011.05.18 08:15:16.271,7.91548,7.91752,1.50,1.50
2011.05.18 08:15:24.671,7.91548,7.91752,1.50,1.50
2011.05.18 08:15:24.781,7.91548,7.91745,1.50,1.50
2011.05.18 08:15:26.092,7.91548,7.91745,1.50,1.50
2011.05.18 08:16:15.981,7.91558,7.91748,1.35,4.50
2011.05.18 08:16:16.201,7.91597,7.91808,1.50,1.50
2011.05.18 08:16:16.425,7.91597,7.91809,1.50,1.13
2011.05.18 08:16:16.652,7.91597,7.91809,1.50,1.13
2011.05.18 08:16:18.075,7.91598,7.91809,1.50,1.13
2011.05.18 08:16:18.462,7.91598,7.91809,1.50,1.13
2011.05.18 08:16:20.439,7.91598,7.91809,1.50,1.13
2011.05.18 08:16:47.184,7.91598,7.91809,1.50,1.13
2011.05.18 08:16:49.112,7.91598,7.91809,1.50,1.13
2011.05.18 08:16:51.243,7.91598,7.91809,1.50,1.13
2011.05.18 08:16:51.422,7.91598,7.91809,1.50,1.13
2011.05.18 08:16:54.432,7.91598,7.91813,1.50,4.50
2011.05.18 08:16:54.872,7.91599,7.91828,1.04,1.50
2011.05.18 08:16:55.982,7.91599,7.91828,1.04,1.50
2011.05.18 08:16:57.907,7.91599,7.91828,1.04,1.50
2011.05.18 08:16:58.320,7.91598,7.91828,1.04,1.50
2011.05.18 08:16:58.454,7.91599,7.91828,1.04,1.50
2011.05.18 08:17:03.936,7.91599,7.91828,1.04,1.50
2011.05.18 08:17:04.207,7.91599,7.91828,1.04,1.50
2011.05.18 08:17:04.761,7.91598,7.91828,1.04,1.50
2011.05.18 08:17:50.563,7.91576,7.91773,1.04,4.50
2011.05.18 08:17:50.895,7.91618,7.91782,3.75,1.50
2011.05.18 08:17:51.015,7.91624,7.91841,1.04,1.50
2011.05.18 08:17:53.057,7.91624,7.91828,1.04,1.50
2011.05.18 08:17:53.181,7.91579,7.9177,1.35,1.50
2011.05.18 08:17:53.296,7.91587,7.91795,3.75,1.50
2011.05.18 08:17:53.414,7.9162,7.91843,1.04,4.50
2011.05.18 08:18:34.433,7.9161,7.91833,1.04,4.50
2011.05.18 08:18:39.773,7.91642,7.91848,1.13,1.13
2011.05.18 08:18:39.992,7.91644,7.9185,1.04,1.13
2011.05.18 08:18:42.771,7.91644,7.91848,1.04,1.13
2011.05.18 08:18:42.924,7.91644,7.9185,1.04,1.13
2011.05.18 08:18:43.244,7.91644,7.91848,1.04,1.13
2011.05.18 08:18:53.516,7.91637,7.91848,1.04,1.13
2011.05.18 08:18:55.084,7.91637,7.9185,1.04,1.13
2011.05.18 08:18:56.622,7.91637,7.91848,1.04,1.13
2011.05.18 08:19:02.233,7.91637,7.91848,1.04,1.13
2011.05.18 08:19:02.744,7.91628,7.9185,2.54,1.50
2011.05.18 08:19:02.864,7.91608,7.91822,3.14,1.50
2011.05.18 08:19:14.480,7.91593,7.91799,1.04,1.50
2011.05.18 08:19:26.232,7.91578,7.91701,1.79,1.50
2011.05.18 08:19:26.452,7.91528,7.91701,1.50,1.13
2011.05.18 08:19:27.744,7.91522,7.91752,1.27,1.50
2011.05.18 08:19:27.854,7.91552,7.91743,3.75,1.50
2011.05.18 08:19:28.183,7.91548,7.91752,2.85,1.50
2011.05.18 08:19:29.486,7.91548,7.91737,2.25,1.50
2011.05.18 08:19:29.604,7.91512,7.91716,1.04,1.50
2011.05.18 08:19:32.102,7.91512,7.91688,1.04,1.13
2011.05.18 08:19:33.415,7.91512,7.91683,1.04,1.13
2011.05.18 08:19:36.954,7.91506,7.91692,1.04,1.50
2011.05.18 08:19:45.073,7.91497,7.91693,1.04,1.50
2011.05.18 08:19:45.298,7.91477,7.916,1.50,2.10
2011.05.18 08:19:45.633,7.91378,7.91572,3.00,1.50
2011.05.18 08:19:45.745,7.91378,7.91592,1.50,1.50
2011.05.18 08:19:45.863,7.91378,7.91597,1.50,1.50
2011.05.18 08:19:46.083,7.91408,7.91618,1.04,1.50
2011.05.18 08:19:46.414,7.91408,7.9162,1.04,1.35
2011.05.18 08:19:46.523,7.91476,7.91638,1.35,4.50
2011.05.18 08:19:46.741,7.91476,7.91642,1.35,1.13
2011.05.18 08:19:47.122,7.91477,7.91642,1.50,1.13
2011.05.18 08:19:47.670,7.91563,7.91672,1.35,1.13
2011.05.18 08:19:49.504,7.91518,7.91669,1.35,1.50
2011.05.18 08:20:22.391,7.91518,7.91688,1.35,1.50
2011.05.18 08:20:22.724,7.91597,7.91783,2.25,1.35
2011.05.18 08:20:22.834,7.91569,7.91783,1.04,1.35
2011.05.18 08:20:23.432,7.91569,7.91783,1.04,1.35
2011.05.18 08:20:23.542,7.91608,7.91825,6.00,1.35
2011.05.18 08:20:23.873,7.91588,7.91806,2.54,1.35
2011.05.18 08:20:23.981,7.91588,7.91799,2.54,1.35
2011.05.18 08:20:33.141,7.91562,7.91771,1.04,1.35
2011.05.18 08:20:34.701,7.91567,7.91771,1.04,1.35
2011.05.18 08:20:35.208,7.91557,7.91763,1.04,1.50
2011.05.18 08:20:45.344,7.91557,7.91732,1.04,1.73
2011.05.18 08:20:45.787,7.91547,7.91722,1.50,1.35
2011.05.18 08:20:54.299,7.91547,7.91733,1.50,1.35
2011.05.18 08:20:59.732,7.91544,7.91714,1.04,1.35
2011.05.18 08:21:15.805,7.91547,7.91714,1.50,1.35
2011.05.18 08:21:42.783,7.91538,7.91714,1.50,1.35
2011.05.18 08:21:55.212,7.91533,7.91732,1.04,4.50
2011.05.18 08:21:58.404,7.9152,7.91724,1.04,1.50
2011.05.18 08:21:59.883,7.91557,7.91739,1.50,1.50
2011.05.18 08:22:00.214,7.91548,7.91739,1.50,1.50
2011.05.18 08:22:03.933,7.91537,7.91722,1.50,1.50
2011.05.18 08:22:04.484,7.91528,7.91716,1.50,1.50
2011.05.18 08:22:11.549,7.91521,7.91727,1.04,1.50
2011.05.18 08:22:11.774,7.91508,7.91657,1.04,2.10
2011.05.18 08:22:11.883,7.9147,7.91657,1.04,2.10
2011.05.18 08:22:12.102,7.91456,7.91657,1.04,2.48
2011.05.18 08:22:19.966,7.9144,7.91525,1.04,1.50
2011.05.18 08:22:34.743,7.9144,7.91653,1.04,4.35
2011.05.18 08:22:35.074,7.91437,7.91662,1.04,6.00
2011.05.18 08:22:40.172,7.91437,7.91583,1.04,1.35
2011.05.18 08:22:40.393,7.91387,7.91583,1.04,1.35
2011.05.18 08:22:40.722,7.91377,7.91491,1.50,2.10
2011.05.18 08:22:43.463,7.91377,7.91567,1.50,1.35
2011.05.18 08:22:45.112,7.91377,7.91491,1.50,2.10
2011.05.18 08:22:46.997,7.91368,7.91491,1.50,2.10
2011.05.18 08:23:00.670,7.91377,7.91491,1.50,2.10
2011.05.18 08:23:12.237,7.91367,7.91491,1.79,2.10
2011.05.18 08:23:25.583,7.91377,7.91543,1.50,1.35
2011.05.18 08:23:26.043,7.91368,7.91556,1.50,1.35
2011.05.18 08:23:27.083,7.91368,7.91568,1.50,1.50
2011.05.18 08:23:27.195,7.91377,7.91568,1.50,1.50
2011.05.18 08:23:29.483,7.91377,7.91475,1.04,2.10
2011.05.18 08:23:29.592,7.91368,7.91475,1.50,2.10
2011.05.18 08:23:31.193,7.91377,7.91475,1.50,2.10
2011.05.18 08:23:32.377,7.91368,7.91475,1.50,2.10
2011.05.18 08:23:40.452,7.91366,7.91475,1.04,2.10
2011.05.18 08:23:46.444,7.91352,7.91475,1.79,2.10
2011.05.18 08:23:50.033,7.91366,7.91475,1.04,2.10
2011.05.18 08:23:50.252,7.91362,7.91475,1.04,2.10
2011.05.18 08:24:08.182,7.91366,7.91475,1.04,2.10
2011.05.18 08:24:10.222,7.91352,7.91475,1.79,2.10
2011.05.18 08:24:13.462,7.91366,7.91475,1.04,2.10
2011.05.18 08:24:14.033,7.91352,7.91475,1.79,2.10
2011.05.18 08:24:15.750,7.91366,7.91475,1.04,2.10
2011.05.18 08:24:15.867,7.91352,7.91475,1.79,2.10
2011.05.18 08:24:16.947,7.91366,7.91475,1.04,2.10
2011.05.18 08:24:29.541,7.91366,7.9157,1.04,1.50
2011.05.18 08:25:00.111,7.91366,7.9157,1.04,1.50
2011.05.18 08:25:00.444,7.91357,7.91482,1.04,1.35
2011.05.18 08:25:00.553,7.91352,7.91482,1.13,1.35
2011.05.18 08:25:03.113,7.91352,7.91482,1.13,1.35
2011.05.18 08:25:04.113,7.91352,7.91482,1.13,1.35
2011.05.18 08:25:04.553,7.91358,7.91537,1.13,4.50
2011.05.18 08:25:04.996,7.91358,7.91567,1.42,1.73
2011.05.18 08:25:06.132,7.91363,7.91567,1.04,1.73
2011.05.18 08:25:06.462,7.91339,7.91486,1.50,2.10
2011.05.18 08:25:10.955,7.91339,7.91531,1.50,1.35
2011.05.18 08:25:11.064,7.91339,7.91505,1.50,1.35
2011.05.18 08:25:13.086,7.91312,7.91494,1.04,1.35
2011.05.18 08:25:14.102,7.91312,7.91494,1.04,1.35
2011.05.18 08:25:14.434,7.91312,7.91512,1.04,1.50
2011.05.18 08:25:14.543,7.91348,7.91512,1.50,1.50
2011.05.18 08:25:15.937,7.91344,7.91512,1.13,1.50
2011.05.18 08:25:16.053,7.91326,7.91438,1.04,2.10
2011.05.18 08:25:23.264,7.91338,7.91518,6.75,1.35
2011.05.18 08:25:25.245,7.91339,7.91505,1.79,1.35
2011.05.18 08:25:26.233,7.91323,7.915,1.04,1.35
2011.05.18 08:25:29.004,7.91298,7.915,2.54,1.35
2011.05.18 08:25:29.115,7.91294,7.91442,1.50,2.25
2011.05.18 08:25:29.223,7.91247,7.91423,1.04,3.75
2011.05.18 08:25:29.336,7.91247,7.91423,1.04,3.75
2011.05.18 08:25:29.452,7.91247,7.91462,1.04,6.75
2011.05.18 08:25:31.773,7.91247,7.91423,1.04,3.75
2011.05.18 08:25:31.883,7.91247,7.91423,1.04,3.75
2011.05.18 08:25:32.323,7.91247,7.91423,1.04,3.75
2011.05.18 08:25:32.798,7.91247,7.91447,1.04,3.75
2011.05.18 08:25:40.985,7.91247,7.91352,1.04,1.50
2011.05.18 08:25:41.215,7.91167,7.91346,1.50,1.50
2011.05.18 08:25:41.332,7.91145,7.91346,1.13,1.50
2011.05.18 08:25:41.767,7.91128,7.91324,1.50,1.50
2011.05.18 08:25:41.884,7.91128,7.91309,1.50,1.50
2011.05.18 08:25:42.513,7.91173,7.91332,3.75,1.50
2011.05.18 08:25:42.733,7.91173,7.91343,3.75,1.50
2011.05.18 08:25:45.634,7.91125,7.91169,3.75,1.50
2011.05.18 08:25:45.744,7.91125,7.91169,2.25,1.50
2011.05.18 08:25:45.855,7.91091,7.91194,1.50,3.75
2011.05.18 08:25:45.965,7.9088,7.91172,4.88,5.25
2011.05.18 08:25:46.083,7.90868,7.91122,1.50,5.25
2011.05.18 08:25:46.742,7.90968,7.91082,2.10,4.50
2011.05.18 08:25:46.963,7.91033,7.91268,3.75,2.10
2011.05.18 08:25:47.075,7.90942,7.91238,3.75,4.35
2011.05.18 08:25:51.453,7.90962,7.91218,3.75,3.75
2011.05.18 08:25:51.563,7.90938,7.91182,3.75,2.63
2011.05.18 08:25:51.985,7.90928,7.91182,2.54,3.00
2011.05.18 08:25:52.313,7.90928,7.91177,2.54,4.13
2011.05.18 08:25:55.172,7.90928,7.91175,3.29,1.13
2011.05.18 08:26:32.165,7.91052,7.91218,1.35,3.00
2011.05.18 08:26:32.273,7.91088,7.91267,1.50,1.50
2011.05.18 08:26:32.386,7.91092,7.91288,1.50,1.13
2011.05.18 08:26:32.504,7.91161,7.91292,1.35,1.50
2011.05.18 08:26:32.614,7.91198,7.91311,2.63,1.50
2011.05.18 08:26:32.726,7.91198,7.91405,2.25,1.50
2011.05.18 08:26:32.843,7.91198,7.9143,2.25,1.50
2011.05.18 08:26:37.755,7.91191,7.91343,1.04,4.35
2011.05.18 08:26:37.974,7.91143,7.91347,1.04,4.35
2011.05.18 08:26:38.082,7.9114,7.91347,1.04,4.35
2011.05.18 08:26:38.196,7.91116,7.91347,1.04,4.35
2011.05.18 08:26:38.563,7.91105,7.91343,1.04,4.35
2011.05.18 08:26:51.833,7.91101,7.91343,1.04,4.50
2011.05.18 08:26:51.943,7.91143,7.91355,3.75,1.50
2011.05.18 08:27:11.094,7.91137,7.91355,3.75,1.50
2011.05.18 08:27:11.204,7.91137,7.91357,3.75,1.50
2011.05.18 08:27:37.742,7.91137,7.91389,3.75,1.50
2011.05.18 08:27:49.583,7.91137,7.91389,3.75,1.50
2011.05.18 08:27:50.042,7.91133,7.91387,3.75,4.50
2011.05.18 08:28:08.515,7.91107,7.91357,2.25,3.75
2011.05.18 08:28:08.735,7.91107,7.91346,2.25,1.50
2011.05.18 08:28:08.843,7.91103,7.91322,3.75,3.00
2011.05.18 08:28:08.956,7.91068,7.91317,2.25,4.73
2011.05.18 08:28:09.075,7.91068,7.91242,2.25,3.75
2011.05.18 08:28:09.186,7.91028,7.91242,1.04,3.75
2011.05.18 08:28:12.425,7.91028,7.91242,1.04,4.35
2011.05.18 08:28:12.753,7.90947,7.91182,1.50,2.63
2011.05.18 08:28:14.024,7.90988,7.91182,3.75,2.25
2011.05.18 08:28:14.133,7.90988,7.9123,3.75,1.50
2011.05.18 08:28:14.244,7.90988,7.91235,3.75,1.50
2011.05.18 08:28:20.006,7.90993,7.91235,3.75,1.50
2011.05.18 08:28:20.125,7.90993,7.9124,3.75,1.50
2011.05.18 08:28:20.463,7.90993,7.9124,3.75,1.50
2011.05.18 08:28:20.682,7.90988,7.91242,3.75,4.50
2011.05.18 08:28:23.636,7.90988,7.91242,4.50,4.50
2011.05.18 08:28:23.974,7.91039,7.91242,4.50,3.75
2011.05.18 08:28:24.193,7.91124,7.91313,3.75,1.13
2011.05.18 08:28:24.633,7.91143,7.91397,3.75,5.25
2011.05.18 08:28:24.920,7.91143,7.91397,3.75,4.50
2011.05.18 08:28:31.193,7.91192,7.91397,3.75,4.50
2011.05.18 08:28:31.522,7.91215,7.91401,3.75,1.50
2011.05.18 08:28:51.474,7.91215,7.91303,3.75,3.00
2011.05.18 08:28:51.584,7.9108,7.91301,3.75,1.50
2011.05.18 08:28:57.397,7.911,7.91281,3.75,1.50
2011.05.18 08:28:57.514,7.91201,7.91312,3.75,1.50
2011.05.18 08:28:57.624,7.91201,7.91393,3.75,2.93
2011.05.18 08:28:57.734,7.91195,7.91442,3.75,2.25
2011.05.18 08:28:57.843,7.91195,7.91433,3.75,2.25
2011.05.18 08:29:10.357,7.91221,7.91432,3.75,2.25
2011.05.18 08:29:10.834,7.91215,7.91432,3.75,2.25
2011.05.18 08:29:13.813,7.91215,7.9143,3.75,3.75
2011.05.18 08:29:14.143,7.9115,7.91332,3.75,2.63
2011.05.18 08:29:16.546,7.91221,7.91403,3.75,1.50
2011.05.18 08:29:16.664,7.91221,7.91443,3.75,2.25
2011.05.18 08:29:34.503,7.91216,7.91443,3.75,2.25
2011.05.18 08:29:34.613,7.91216,7.91433,3.75,2.25
2011.05.18 08:29:36.244,7.9122,7.91433,3.75,2.25
2011.05.18 08:29:36.354,7.9122,7.91443,3.75,2.25
2011.05.18 08:29:38.283,7.91216,7.91432,3.75,2.25
2011.05.18 08:29:38.863,7.91216,7.91432,3.75,3.00
2011.05.18 08:29:39.083,7.91175,7.91427,3.75,1.50
2011.05.18 08:29:39.193,7.91175,7.91362,3.75,2.25
2011.05.18 08:29:39.304,7.91156,7.91362,3.75,3.00
2011.05.18 08:29:39.522,7.91156,7.91342,3.75,2.25
2011.05.18 08:29:42.094,7.91125,7.91342,3.75,2.25
2011.05.18 08:29:42.205,7.91125,7.91312,3.75,2.25
2011.05.18 08:29:42.424,7.91145,7.91333,3.75,2.25
2011.05.18 08:29:49.814,7.91077,7.91333,2.25,2.25
2011.05.18 08:29:50.942,7.91077,7.91333,3.00,2.25
2011.05.18 08:29:51.274,7.91333,7.91413,1.13,3.00
2011.05.18 08:29:51.493,7.91318,7.91626,3.00,1.50
2011.05.18 08:29:51.933,7.91298,7.91603,3.00,1.50
2011.05.18 08:29:52.044,7.91348,7.91598,1.50,1.13
2011.05.18 08:29:52.155,7.91348,7.91603,1.50,3.75
2011.05.18 08:29:52.264,7.91348,7.91598,1.50,1.13
2011.05.18 08:29:52.593,7.91388,7.91571,1.50,1.13
2011.05.18 08:29:53.032,7.91388,7.91568,1.50,1.13
2011.05.18 08:29:53.362,7.91318,7.91523,1.50,2.25
2011.05.18 08:29:53.694,7.91353,7.91533,1.50,2.25
2011.05.18 08:29:54.972,7.91447,7.91582,1.50,2.25
2011.05.18 08:29:55.085,7.91447,7.91612,1.50,1.50
2011.05.18 08:29:55.194,7.91454,7.91628,1.50,1.13
2011.05.18 08:29:55.304,7.91458,7.91693,3.00,1.50
2011.05.18 08:29:55.525,7.91542,7.91698,1.13,1.13
2011.05.18 08:29:56.833,7.91542,7.91698,1.13,1.13
2011.05.18 08:29:57.392,7.91542,7.91698,1.13,1.13
2011.05.18 08:29:59.123,7.91542,7.91698,1.13,1.13
2011.05.18 08:30:00.664,7.91542,7.91702,1.13,1.13
2011.05.18 08:30:00.773,7.91569,7.91702,1.50,1.13
2011.05.18 08:30:01.115,7.91592,7.91702,1.13,1.13
2011.05.18 08:30:01.334,7.91548,7.91702,1.50,1.13
2011.05.18 08:30:01.907,7.91629,7.91822,1.50,3.00
2011.05.18 08:30:02.375,7.91673,7.91822,1.13,2.25
2011.05.18 08:30:02.491,7.91647,7.91902,3.00,1.50
2011.05.18 08:30:02.716,7.91647,7.91883,3.00,1.13
2011.05.18 08:30:02.935,7.91667,7.91883,3.00,1.50
2011.05.18 08:30:03.044,7.91667,7.91916,3.00,1.50
2011.05.18 08:30:03.155,7.91699,7.91883,1.50,1.50
2011.05.18 08:30:04.958,7.91712,7.91913,1.13,1.50
2011.05.18 08:30:05.513,7.91712,7.91873,1.13,1.50
2011.05.18 08:30:06.029,7.91681,7.91873,1.50,1.50
2011.05.18 08:30:06.242,7.91675,7.91868,1.50,1.13
2011.05.18 08:30:07.304,7.91675,7.91868,1.50,1.13
2011.05.18 08:30:07.524,7.91669,7.91868,1.50,1.13
2011.05.18 08:30:07.745,7.91648,7.91868,1.50,1.13
2011.05.18 08:30:07.854,7.91662,7.91868,1.13,1.13
2011.05.18 08:30:08.230,7.91647,7.91893,2.25,1.50
2011.05.18 08:30:08.347,7.91554,7.91842,1.04,2.25
2011.05.18 08:30:08.465,7.91597,7.91842,1.50,2.25
2011.05.18 08:30:08.796,7.91597,7.91842,1.50,2.25
2011.05.18 08:30:09.133,7.91597,7.91742,1.50,2.25
2011.05.18 08:30:09.244,7.91418,7.91742,1.04,2.25
2011.05.18 08:30:09.353,7.91398,7.91487,2.25,3.75
2011.05.18 08:30:09.463,7.9106,7.91487,1.04,3.75
2011.05.18 08:30:09.574,7.91152,7.91441,1.13,1.50
2011.05.18 08:30:10.168,7.91177,7.91441,1.50,1.50
2011.05.18 08:30:10.281,7.91068,7.91436,1.13,1.50
2011.05.18 08:30:10.966,7.91197,7.91372,1.50,3.00
2011.05.18 08:30:11.077,7.91173,7.91372,1.50,3.00
2011.05.18 08:30:12.153,7.91162,7.91372,1.50,2.63
2011.05.18 08:30:14.044,7.91162,7.91372,1.50,3.00
2011.05.18 08:30:14.154,7.91169,7.91402,1.50,2.25
2011.05.18 08:30:14.374,7.91172,7.91402,1.50,3.00
2011.05.18 08:30:15.095,7.91168,7.91382,1.50,3.00
2011.05.18 08:30:15.314,7.91187,7.91406,2.25,1.50
2011.05.18 08:30:15.644,7.91252,7.91452,1.13,1.50
2011.05.18 08:30:16.973,7.91247,7.91453,1.13,1.50
2011.05.18 08:30:17.084,7.91245,7.91453,1.13,1.50
2011.05.18 08:30:19.798,7.91247,7.91452,1.13,1.50
2011.05.18 08:30:19.915,7.91248,7.91452,1.50,1.50
2011.05.18 08:30:21.616,7.91257,7.91461,2.25,1.50
2011.05.18 08:30:21.953,7.91418,7.91722,2.25,1.13
2011.05.18 08:30:22.273,7.91407,7.91718,2.25,1.13
2011.05.18 08:30:23.295,7.91427,7.91678,2.25,1.13
2011.05.18 08:30:23.562,7.91427,7.91678,2.25,1.13
2011.05.18 08:30:24.955,7.91427,7.91678,2.25,1.13
2011.05.18 08:30:27.473,7.91427,7.91678,2.25,1.13
2011.05.18 08:30:30.082,7.91427,7.91678,2.25,1.13
2011.05.18 08:30:30.733,7.91427,7.91678,2.25,1.13
2011.05.18 08:30:31.665,7.91427,7.91678,2.25,1.13
2011.05.18 08:30:32.124,7.91439,7.91678,3.75,1.13
2011.05.18 08:30:35.195,7.91439,7.91678,3.75,1.13
2011.05.18 08:30:35.922,7.91439,7.91678,3.75,1.13
2011.05.18 08:30:36.034,7.91415,7.91642,4.50,3.00
2011.05.18 08:30:36.364,7.91377,7.91642,3.75,3.00
2011.05.18 08:30:37.861,7.9144,7.91642,3.75,2.25
2011.05.18 08:30:41.996,7.91416,7.91634,3.75,1.50
2011.05.18 08:30:43.483,7.91416,7.91642,3.75,3.00
2011.05.18 08:30:43.596,7.91346,7.916,3.75,3.75
2011.05.18 08:30:43.713,7.91351,7.91605,3.75,3.75
2011.05.18 08:30:44.044,7.91351,7.91605,3.75,4.50
2011.05.18 08:30:44.784,7.91356,7.9161,3.75,4.50
2011.05.18 08:30:45.114,7.91301,7.91555,4.04,3.75
2011.05.18 08:30:45.443,7.91324,7.91452,1.50,2.25
2011.05.18 08:30:47.704,7.91246,7.91432,1.50,3.00
2011.05.18 08:30:48.207,7.91246,7.91381,1.50,4.50
2011.05.18 08:30:48.333,7.91208,7.91333,1.50,2.25
2011.05.18 08:30:48.444,7.91146,7.91333,4.50,2.25
2011.05.18 08:30:48.555,7.91208,7.91333,1.50,2.25
2011.05.18 08:30:48.662,7.91146,7.91333,4.50,2.25
2011.05.18 08:30:48.883,7.91177,7.91386,3.00,1.50
2011.05.18 08:30:48.995,7.91269,7.91386,1.13,1.50
2011.05.18 08:30:49.324,7.91327,7.91512,1.50,1.50
2011.05.18 08:30:49.874,7.91327,7.91512,1.50,1.50
2011.05.18 08:30:52.201,7.91328,7.91484,1.13,1.13
2011.05.18 08:30:52.886,7.91336,7.91484,4.50,1.13
2011.05.18 08:30:52.994,7.91336,7.91484,4.50,1.13
2011.05.18 08:30:53.542,7.91336,7.91484,4.50,1.13
2011.05.18 08:30:54.064,7.91336,7.91484,4.50,1.13
2011.05.18 08:31:00.907,7.91336,7.91484,4.50,1.13
2011.05.18 08:31:09.324,7.91336,7.91502,4.50,1.50
2011.05.18 08:31:09.653,7.9131,7.91492,3.75,3.75
2011.05.18 08:31:15.402,7.9131,7.91483,3.75,1.13
2011.05.18 08:31:17.233,7.91287,7.91461,4.50,3.75
2011.05.18 08:31:17.345,7.91217,7.91376,1.50,2.10
2011.05.18 08:31:18.467,7.91205,7.91376,3.75,2.10
2011.05.18 08:31:23.683,7.91205,7.91433,3.75,3.00
2011.05.18 08:31:23.795,7.9129,7.91433,3.75,3.00
2011.05.18 08:31:23.904,7.9129,7.91463,3.75,1.50
2011.05.18 08:31:24.013,7.9129,7.9148,3.75,1.50
2011.05.18 08:31:24.499,7.91266,7.91436,3.75,2.10
2011.05.18 08:31:24.614,7.91185,7.91433,4.04,2.85
2011.05.18 08:31:24.837,7.91211,7.91407,4.50,1.35
2011.05.18 08:31:24.956,7.91211,7.91407,3.75,1.35
2011.05.18 08:31:27.163,7.91211,7.91407,3.75,1.50
2011.05.18 08:31:27.494,7.91135,7.91353,4.50,3.00
2011.05.18 08:31:27.603,7.91135,7.91323,4.50,2.25
2011.05.18 08:31:28.042,7.91135,7.91323,4.50,3.00
2011.05.18 08:31:29.843,7.91121,7.91302,4.50,3.00
2011.05.18 08:31:30.174,7.91171,7.91318,3.75,1.13
2011.05.18 08:31:30.685,7.91171,7.91332,4.50,1.13
2011.05.18 08:31:30.798,7.91186,7.91339,3.75,1.50
2011.05.18 08:31:30.916,7.91261,7.91343,3.75,1.50
2011.05.18 08:31:31.255,7.91261,7.91403,3.75,1.50
2011.05.18 08:31:31.363,7.91261,7.91426,3.75,1.50
2011.05.18 08:31:31.584,7.91265,7.91426,3.75,1.50
2011.05.18 08:31:31.694,7.91265,7.91426,3.75,1.50
2011.05.18 08:31:35.324,7.91285,7.91442,3.75,1.50
2011.05.18 08:31:44.867,7.91291,7.91446,3.75,1.50
2011.05.18 08:31:45.473,7.91286,7.91471,3.75,1.50
2011.05.18 08:31:45.693,7.91286,7.91467,3.75,1.50
2011.05.18 08:31:56.505,7.91291,7.91462,3.75,1.50
2011.05.18 08:31:56.725,7.91291,7.91462,3.75,1.50
2011.05.18 08:31:57.055,7.91285,7.91471,3.75,1.50
2011.05.18 08:31:57.276,7.91291,7.91462,3.75,1.50
2011.05.18 08:32:05.178,7.91295,7.91452,3.75,1.50
2011.05.18 08:32:05.405,7.91295,7.91453,3.75,1.50
2011.05.18 08:32:05.735,7.91301,7.91457,3.75,1.50
2011.05.18 08:32:07.094,7.91301,7.91457,3.75,1.50
2011.05.18 08:32:09.263,7.91311,7.91463,3.75,1.50
2011.05.18 08:32:09.374,7.91311,7.91465,3.75,1.50
2011.05.18 08:32:09.487,7.91311,7.91483,3.75,1.13
2011.05.18 08:32:09.606,7.91396,7.91489,3.75,1.50
2011.05.18 08:32:09.724,7.91396,7.91489,3.75,1.50
2011.05.18 08:32:09.944,7.91396,7.91508,3.75,1.50
2011.05.18 08:32:10.055,7.91336,7.91532,3.75,1.35
2011.05.18 08:32:10.163,7.91345,7.91532,3.75,1.35
2011.05.18 08:32:11.765,7.91371,7.91532,3.75,1.35
2011.05.18 08:32:11.986,7.91371,7.91532,3.75,1.35
2011.05.18 08:32:14.284,7.91365,7.91532,3.75,1.35
2011.05.18 08:32:14.503,7.91365,7.91532,3.75,1.35
2011.05.18 08:32:15.503,7.91365,7.91532,3.75,1.35
2011.05.18 08:32:15.614,7.91376,7.91532,3.75,1.35
2011.05.18 08:32:18.703,7.91351,7.91466,3.75,1.50
2011.05.18 08:32:18.924,7.9135,7.91472,3.75,1.50
2011.05.18 08:32:19.035,7.9135,7.91472,3.75,1.50
2011.05.18 08:32:20.015,7.91326,7.91448,3.75,1.35
2011.05.18 08:32:20.124,7.91251,7.91448,3.75,1.35
2011.05.18 08:32:20.234,7.91251,7.91472,3.75,1.50
2011.05.18 08:32:20.344,7.91251,7.91461,3.75,1.50
2011.05.18 08:32:20.673,7.91251,7.91455,3.75,1.50
2011.05.18 08:32:21.223,7.91256,7.91451,3.75,1.50
2011.05.18 08:32:59.840,7.91261,7.9145,3.75,1.50
2011.05.18 08:33:07.774,7.91196,7.9145,1.04,1.50
2011.05.18 08:33:07.887,7.91272,7.91524,1.04,1.50
2011.05.18 08:33:08.115,7.91272,7.91473,1.04,2.25
2011.05.18 08:33:08.443,7.91309,7.91473,1.04,2.25
2011.05.18 08:33:10.552,7.91352,7.91512,1.04,2.25
2011.05.18 08:33:10.667,7.91336,7.91512,1.04,2.25
2011.05.18 08:33:10.784,7.91311,7.91512,1.04,2.25
2011.05.18 08:33:14.075,7.91336,7.91502,1.04,2.25
2011.05.18 08:33:16.475,7.91322,7.91511,4.50,4.50
2011.05.18 08:33:16.694,7.91346,7.91526,4.50,1.50
2011.05.18 08:33:17.027,7.91435,7.91552,3.75,3.00
2011.05.18 08:33:17.144,7.91435,7.91573,3.75,1.50
2011.05.18 08:33:17.254,7.91425,7.91573,3.75,1.50
2011.05.18 08:33:17.363,7.91425,7.91601,3.75,1.50
2011.05.18 08:33:29.256,7.91357,7.91442,1.04,1.50
2011.05.18 08:33:29.365,7.91296,7.91442,1.04,3.75
2011.05.18 08:33:29.475,7.91347,7.91463,3.00,1.99
2011.05.18 08:33:29.694,7.91441,7.91572,3.75,1.50
2011.05.18 08:33:29.804,7.91416,7.91572,3.75,1.50
2011.05.18 08:33:30.027,7.91405,7.91562,3.75,1.50
2011.05.18 08:33:30.253,7.91405,7.91576,3.75,1.50
2011.05.18 08:33:31.204,7.91405,7.91533,3.75,1.50
2011.05.18 08:33:31.317,7.91328,7.91446,2.25,1.50
2011.05.18 08:33:31.436,7.91256,7.91442,1.04,3.00
2011.05.18 08:33:31.861,7.91236,7.91476,4.04,1.35
2011.05.18 08:33:32.416,7.91231,7.91456,4.04,1.35
2011.05.18 08:33:32.632,7.91231,7.91451,3.75,1.50
2011.05.18 08:33:34.870,7.91231,7.91427,3.75,1.50
2011.05.18 08:33:36.474,7.91165,7.91302,2.10,2.25
2011.05.18 08:33:36.584,7.91165,7.91329,2.10,1.50
2011.05.18 08:33:36.698,7.91129,7.91344,1.35,1.50
2011.05.18 08:33:36.816,7.91225,7.91344,3.75,1.50
2011.05.18 08:33:37.034,7.91225,7.91357,3.75,1.50
2011.05.18 08:33:38.133,7.91301,7.91357,3.75,1.50
2011.05.18 08:33:38.464,7.91321,7.915,3.75,1.50
2011.05.18 08:33:38.684,7.9141,7.91518,3.75,1.50
2011.05.18 08:33:38.905,7.9141,7.91579,3.75,1.50
2011.05.18 08:33:39.015,7.91386,7.91577,3.75,1.50
2011.05.18 08:33:39.125,7.91375,7.91577,3.75,1.50
2011.05.18 08:33:42.983,7.91405,7.91552,3.75,1.50
2011.05.18 08:33:43.204,7.91405,7.91573,3.75,3.00
2011.05.18 08:33:43.314,7.9147,7.91583,3.75,1.50
2011.05.18 08:33:43.423,7.9147,7.91623,3.75,1.50
2011.05.18 08:33:45.697,7.91313,7.91619,1.04,1.50
2011.05.18 08:33:45.817,7.91314,7.91437,2.25,1.50
2011.05.18 08:33:45.934,7.91211,7.91437,1.13,1.50
2011.05.18 08:33:46.045,7.9139,7.91455,3.75,3.00
2011.05.18 08:33:46.155,7.9139,7.91483,3.75,3.06
2011.05.18 08:33:46.266,7.91367,7.91558,3.75,1.50
2011.05.18 08:33:46.377,7.91326,7.91558,3.75,1.50
2011.05.18 08:33:46.494,7.91326,7.9156,3.75,1.50
2011.05.18 08:33:46.770,7.91331,7.9156,3.75,1.50
2011.05.18 08:33:46.891,7.91331,7.91524,3.75,1.50
2011.05.18 08:33:48.522,7.91351,7.91503,3.75,1.50
2011.05.18 08:33:49.674,7.91366,7.91503,3.75,1.50
2011.05.18 08:33:50.003,7.91366,7.91512,3.75,1.50
2011.05.18 08:33:50.113,7.91371,7.91512,3.75,1.50
2011.05.18 08:33:51.924,7.91371,7.91439,3.75,2.10
2011.05.18 08:33:52.258,7.91205,7.91412,4.04,3.00
2011.05.18 08:33:52.378,7.91169,7.91412,1.64,2.25
2011.05.18 08:33:52.705,7.91191,7.91412,3.75,3.00
2011.05.18 08:33:54.487,7.91211,7.91406,3.75,1.50
2011.05.18 08:33:54.715,7.91205,7.91406,3.75,1.50
2011.05.18 08:33:55.056,7.9121,7.91404,3.75,1.50
2011.05.18 08:33:55.521,7.9121,7.91404,3.75,1.50
2011.05.18 08:33:56.466,7.9121,7.91404,4.50,1.50
2011.05.18 08:33:56.694,7.91305,7.91449,3.75,1.50
2011.05.18 08:33:56.915,7.91305,7.91473,4.35,1.50
2011.05.18 08:33:57.244,7.91396,7.91536,3.75,1.50
2011.05.18 08:33:57.357,7.91396,7.91539,3.75,1.35
2011.05.18 08:33:57.475,7.91396,7.91539,3.75,1.35
2011.05.18 08:33:57.985,7.91396,7.91519,3.75,1.50
2011.05.18 08:33:58.204,7.9134,7.91519,3.75,1.50
2011.05.18 08:33:58.325,7.9136,7.91539,3.75,1.35
2011.05.18 08:33:58.545,7.9136,7.91519,3.75,1.50
2011.05.18 08:33:59.495,7.9136,7.91518,3.75,1.50
2011.05.18 08:33:59.604,7.9136,7.91513,3.75,1.50
2011.05.18 08:33:59.712,7.9136,7.91518,3.75,1.50
2011.05.18 08:34:02.176,7.9136,7.91518,3.75,1.50
2011.05.18 08:34:03.314,7.9136,7.91518,3.75,1.50
2011.05.18 08:34:03.424,7.91356,7.91518,3.75,1.50
2011.05.18 08:34:03.534,7.9135,7.91505,3.75,1.50
2011.05.18 08:34:03.644,7.9135,7.91472,3.75,1.50
2011.05.18 08:34:16.095,7.91366,7.91491,3.75,1.50
2011.05.18 08:34:16.203,7.91366,7.91516,3.75,1.50
2011.05.18 08:34:17.065,7.91366,7.91516,3.75,1.50
2011.05.18 08:34:21.185,7.91366,7.91533,3.75,1.50
2011.05.18 08:34:21.403,7.91375,7.91539,3.75,1.35
2011.05.18 08:34:21.734,7.91416,7.91585,3.75,1.50
2011.05.18 08:34:21.843,7.91406,7.91585,3.75,1.50
2011.05.18 08:34:22.062,7.91406,7.91578,3.75,1.50
2011.05.18 08:34:57.285,7.91461,7.91578,1.50,1.50
2011.05.18 08:34:57.394,7.91541,7.91613,3.75,1.13
2011.05.18 08:34:57.506,7.91541,7.9164,3.75,1.50
2011.05.18 08:34:57.614,7.91541,7.91672,3.75,1.13
2011.05.18 08:34:57.724,7.91541,7.91672,3.75,1.13
2011.05.18 08:34:58.053,7.91541,7.91672,3.75,1.13
2011.05.18 08:34:59.142,7.91541,7.91672,3.75,1.13
2011.05.18 08:35:00.114,7.91541,7.91672,3.75,1.13
2011.05.18 08:35:01.272,7.91541,7.91672,3.75,1.13
2011.05.18 08:35:02.123,7.91541,7.91672,3.75,1.13
2011.05.18 08:35:04.244,7.91541,7.91672,3.75,1.13
2011.05.18 08:35:13.786,7.91541,7.91672,3.75,1.13
2011.05.18 08:35:14.019,7.91536,7.91667,3.75,1.13
2011.05.18 08:35:15.115,7.91536,7.91667,3.75,1.13
2011.05.18 08:35:17.104,7.91536,7.91667,3.75,1.13
2011.05.18 08:35:18.057,7.91536,7.91667,3.75,1.13
2011.05.18 08:35:26.954,7.91536,7.91667,3.75,1.13
2011.05.18 08:35:39.463,7.91536,7.91632,3.75,1.35
2011.05.18 08:35:39.574,7.91461,7.91632,1.04,1.35
2011.05.18 08:35:39.795,7.91435,7.91615,3.75,1.35
2011.05.18 08:35:52.713,7.91399,7.91607,4.04,1.35
2011.05.18 08:35:52.933,7.91386,7.91496,4.79,1.50
2011.05.18 08:35:53.043,7.91295,7.91496,4.42,1.50
2011.05.18 08:36:12.173,7.91295,7.91442,4.04,1.50
2011.05.18 08:36:12.503,7.91254,7.91404,1.04,1.35
2011.05.18 08:36:16.744,7.9139,7.91433,3.75,2.25
2011.05.18 08:36:16.854,7.9139,7.91477,3.75,1.50
2011.05.18 08:36:16.966,7.9139,7.91516,3.75,1.35
2011.05.18 08:36:17.075,7.91317,7.91506,2.54,1.50
2011.05.18 08:36:17.183,7.91305,7.915,3.75,1.50
2011.05.18 08:36:18.514,7.91325,7.91457,3.75,1.13
2011.05.18 08:36:23.972,7.91325,7.91452,3.75,1.50
2011.05.18 08:36:27.484,7.91325,7.91452,3.75,1.50
2011.05.18 08:36:27.705,7.91271,7.91429,3.75,1.50
2011.05.18 08:36:27.816,7.91271,7.91412,3.75,1.50
2011.05.18 08:36:28.035,7.91271,7.91414,3.75,1.50
2011.05.18 08:36:29.284,7.91271,7.91414,3.75,1.50
2011.05.18 08:36:30.046,7.91271,7.91414,3.75,1.50
2011.05.18 08:36:32.244,7.91271,7.91414,3.75,1.50
2011.05.18 08:36:35.453,7.91271,7.91414,3.75,1.50
2011.05.18 08:36:37.640,7.91271,7.91414,3.75,1.50
2011.05.18 08:36:38.087,7.91271,7.91414,3.75,1.50
2011.05.18 08:36:38.208,7.91271,7.91414,3.75,1.50
2011.05.18 08:36:38.983,7.91271,7.91414,3.75,1.50
2011.05.18 08:36:59.194,7.91271,7.91414,3.75,1.50
2011.05.18 08:37:00.135,7.91271,7.91414,3.75,1.50
2011.05.18 08:37:06.153,7.91271,7.91414,3.75,1.50
2011.05.18 08:37:06.375,7.91266,7.91414,3.75,1.50
2011.05.18 08:37:08.167,7.91266,7.91418,3.75,1.50
2011.05.18 08:37:19.418,7.91266,7.91418,3.75,1.50
2011.05.18 08:37:19.747,7.91266,7.91418,3.75,1.50
2011.05.18 08:37:25.225,7.91266,7.91418,3.75,1.50
2011.05.18 08:37:41.467,7.91266,7.91418,3.75,1.50
2011.05.18 08:37:41.674,7.91266,7.91418,3.75,1.50
2011.05.18 08:37:44.473,7.91266,7.91418,3.75,1.88
2011.05.18 08:37:44.913,7.91261,7.91418,3.75,1.13
2011.05.18 08:37:45.993,7.91261,7.91418,3.75,1.13
2011.05.18 08:38:22.885,7.91261,7.91418,3.75,1.13
2011.05.18 08:38:22.995,7.91275,7.91432,3.75,1.50
2011.05.18 08:38:23.324,7.91321,7.91453,3.75,1.13
2011.05.18 08:38:23.434,7.91321,7.91433,3.75,1.50
2011.05.18 08:38:23.544,7.91275,7.91433,4.50,1.50
2011.05.18 08:38:23.654,7.91275,7.91433,3.75,1.50
2011.05.18 08:38:24.974,7.91275,7.91427,3.75,1.50
2011.05.18 08:38:25.305,7.9132,7.91427,3.75,1.50
2011.05.18 08:38:25.525,7.9132,7.91455,3.75,1.50
2011.05.18 08:38:25.635,7.91326,7.91455,3.75,1.50
2011.05.18 08:38:28.107,7.91326,7.91457,3.75,1.13
2011.05.18 08:38:37.630,7.91176,7.91376,4.42,2.10
2011.05.18 08:38:37.748,7.91176,7.91376,4.13,2.10
2011.05.18 08:38:48.164,7.91196,7.91342,3.75,1.50
2011.05.18 08:38:48.275,7.9119,7.91353,4.13,1.50
2011.05.18 08:38:56.005,7.9119,7.91303,4.50,1.13
2011.05.18 08:38:56.115,7.9119,7.91302,4.13,1.50
2011.05.18 08:38:56.665,7.91191,7.91303,4.50,1.13
2011.05.18 08:38:59.136,7.91147,7.91303,1.79,1.13
2011.05.18 08:39:00.143,7.91147,7.91351,1.79,1.50
2011.05.18 08:39:00.255,7.91332,7.91376,3.75,3.75
2011.05.18 08:39:00.365,7.91215,7.91403,2.10,1.50
2011.05.18 08:39:00.476,7.91256,7.91428,3.75,1.50
2011.05.18 08:39:00.596,7.91256,7.91428,3.75,1.50
2011.05.18 08:39:02.776,7.91296,7.91428,3.75,1.50
2011.05.18 08:39:03.259,7.91285,7.91432,3.75,1.50
2011.05.18 08:39:13.244,7.91291,7.91422,4.50,1.50
2011.05.18 08:39:13.576,7.913,7.91464,4.50,1.35
2011.05.18 08:39:13.796,7.913,7.91482,4.50,2.85
2011.05.18 08:39:17.668,7.91363,7.91482,2.10,2.25
2011.05.18 08:39:17.898,7.91318,7.91553,1.04,1.50
2011.05.18 08:39:18.018,7.91337,7.91553,1.04,1.50
2011.05.18 08:39:18.565,7.91386,7.91566,3.75,1.35
2011.05.18 08:39:41.944,7.914,7.91566,3.75,1.35
2011.05.18 08:39:42.166,7.914,7.91577,3.75,1.50
2011.05.18 08:39:42.386,7.914,7.91582,3.75,1.50
2011.05.18 08:39:42.497,7.91385,7.91582,3.75,1.50
2011.05.18 08:39:52.524,7.9139,7.91582,3.75,1.50
2011.05.18 08:39:52.744,7.9139,7.91585,3.75,1.50
2011.05.18 08:40:11.375,7.9139,7.91562,3.75,1.50
2011.05.18 08:40:11.595,7.91337,7.91562,1.04,1.50
2011.05.18 08:40:11.704,7.91336,7.91522,4.50,2.25
2011.05.18 08:40:18.058,7.91336,7.91522,3.75,2.25
2011.05.18 08:40:47.766,7.91346,7.91522,3.75,2.25
2011.05.18 08:40:47.876,7.91346,7.91532,3.75,3.00
2011.05.18 08:40:48.417,7.91346,7.91532,3.75,3.00
2011.05.18 08:40:50.096,7.91346,7.91531,3.75,1.50
2011.05.18 08:40:50.484,7.9135,7.91532,3.75,3.38
2011.05.18 08:40:50.814,7.9135,7.9153,3.75,1.50
2011.05.18 08:40:51.144,7.9135,7.91512,3.75,1.50
2011.05.18 08:40:51.476,7.9138,7.91532,3.75,1.50
2011.05.18 08:40:51.584,7.9138,7.91532,3.75,1.50
2011.05.18 08:40:54.115,7.9138,7.91525,3.75,1.50
2011.05.18 08:40:54.636,7.9138,7.91533,3.75,1.50
2011.05.18 08:41:06.097,7.9138,7.91525,3.75,1.50
2011.05.18 08:41:07.490,7.9138,7.91525,3.75,1.50
2011.05.18 08:41:10.399,7.9138,7.91533,3.75,1.50
2011.05.18 08:41:43.374,7.9138,7.91537,3.75,1.13
2011.05.18 08:41:50.956,7.9138,7.91537,3.75,1.88
2011.05.18 08:41:51.484,7.91328,7.91537,1.04,1.88
2011.05.18 08:41:52.616,7.91328,7.91537,1.04,1.13
2011.05.18 08:42:00.914,7.91333,7.91537,1.13,1.13
2011.05.18 08:42:01.246,7.91385,7.91542,3.75,1.13
2011.05.18 08:42:24.977,7.91406,7.91562,2.10,1.50
2011.05.18 08:42:25.305,7.91506,7.91604,3.75,1.50
2011.05.18 08:42:25.849,7.9144,7.91627,3.75,1.50
2011.05.18 08:42:26.748,7.91497,7.91627,3.75,1.50
2011.05.18 08:42:26.981,7.91521,7.91692,4.35,1.50
2011.05.18 08:42:27.096,7.91636,7.91692,3.75,1.50
2011.05.18 08:42:27.205,7.91636,7.9173,3.75,1.50
2011.05.18 08:42:27.316,7.9156,7.9173,3.75,1.50
2011.05.18 08:42:27.426,7.9156,7.91728,3.75,1.50
2011.05.18 08:42:29.224,7.91576,7.91728,3.75,1.50
2011.05.18 08:42:29.444,7.91576,7.91745,3.75,1.50
2011.05.18 08:42:36.447,7.91555,7.91725,3.75,1.35
2011.05.18 08:42:36.556,7.91521,7.91702,3.75,1.50
2011.05.18 08:42:37.616,7.91521,7.91702,3.75,1.50
2011.05.18 08:42:37.723,7.91545,7.91702,3.75,1.50
2011.05.18 08:42:38.092,7.91545,7.91703,4.50,3.00
2011.05.18 08:42:38.212,7.91545,7.91725,3.75,1.35
2011.05.18 08:42:38.476,7.9155,7.91717,3.75,1.50
2011.05.18 08:42:38.807,7.9155,7.91715,4.50,1.50
2011.05.18 08:42:39.457,7.91546,7.91712,3.75,2.63
2011.05.18 08:42:39.574,7.91546,7.91712,3.75,3.38
2011.05.18 08:42:39.904,7.91541,7.91722,4.50,4.13
2011.05.18 08:42:40.236,7.91632,7.91727,3.75,1.50
2011.05.18 08:42:40.348,7.916,7.9174,3.75,1.50
2011.05.18 08:42:40.575,7.91595,7.91748,4.50,1.50
2011.05.18 08:42:43.690,7.91575,7.91761,4.50,1.50
2011.05.18 08:42:44.026,7.91571,7.91753,4.50,3.00
2011.05.18 08:42:45.615,7.91565,7.91742,4.50,1.50
2011.05.18 08:42:47.064,7.91565,7.91726,4.50,1.50
2011.05.18 08:42:47.704,7.91565,7.91726,4.50,1.50
2011.05.18 08:42:47.925,7.91556,7.91726,3.75,1.50
2011.05.18 08:42:48.036,7.9155,7.91714,3.75,1.50
2011.05.18 08:42:49.107,7.9155,7.9171,3.75,1.50
2011.05.18 08:42:50.194,7.9155,7.9171,3.75,1.50
2011.05.18 08:42:52.266,7.91531,7.91688,3.75,1.13
2011.05.18 08:42:52.375,7.91531,7.9171,3.75,1.50
2011.05.18 08:42:52.487,7.91531,7.91688,3.75,1.73
2011.05.18 08:42:52.597,7.91459,7.91655,1.50,1.35
2011.05.18 08:42:52.827,7.91445,7.91653,4.50,3.38
2011.05.18 08:42:54.786,7.91441,7.91622,4.50,3.00
2011.05.18 08:43:07.015,7.91441,7.91492,3.75,2.25
2011.05.18 08:43:07.125,7.91303,7.91492,1.04,2.25
2011.05.18 08:43:07.236,7.91413,7.91492,1.50,2.25
2011.05.18 08:43:07.344,7.91413,7.91513,1.50,1.37
2011.05.18 08:43:07.456,7.91346,7.9164,1.50,1.50
2011.05.18 08:43:07.565,7.9137,7.9164,1.04,1.50
2011.05.18 08:43:07.785,7.91565,7.9164,3.75,1.50
2011.05.18 08:43:08.004,7.91565,7.91726,3.75,1.50
2011.05.18 08:43:08.335,7.91571,7.91758,3.75,1.50
2011.05.18 08:43:08.445,7.91571,7.91758,3.75,1.50
2011.05.18 08:43:09.575,7.91515,7.91713,3.75,1.50
2011.05.18 08:43:09.685,7.91515,7.91678,3.75,1.50
2011.05.18 08:43:10.014,7.91515,7.9165,3.75,1.50
2011.05.18 08:43:12.696,7.9146,7.9165,3.75,1.50
2011.05.18 08:43:12.917,7.9146,7.91633,3.75,1.50
2011.05.18 08:43:13.028,7.91431,7.91633,3.75,1.50
2011.05.18 08:43:13.367,7.91431,7.9161,3.75,1.50
2011.05.18 08:43:15.134,7.91425,7.9161,3.75,1.50
2011.05.18 08:43:15.355,7.91425,7.91607,3.75,1.50
2011.05.18 08:43:37.184,7.91425,7.91583,3.75,1.50
2011.05.18 08:43:48.005,7.91431,7.91583,3.75,1.50
2011.05.18 08:43:50.309,7.9142,7.91609,3.75,1.50
2011.05.18 08:43:50.428,7.9142,7.91603,3.75,3.75
2011.05.18 08:43:50.767,7.91426,7.91602,3.75,1.50
2011.05.18 08:43:52.495,7.9142,7.91606,3.75,1.50
2011.05.18 08:43:52.918,7.9142,7.91602,3.75,3.00
2011.05.18 08:43:57.506,7.91416,7.91598,3.75,1.50
2011.05.18 08:43:57.616,7.91416,7.91573,3.75,1.50
2011.05.18 08:43:57.944,7.9142,7.91578,3.75,1.50
2011.05.18 08:43:58.991,7.9142,7.91578,3.75,1.50
2011.05.18 08:44:00.434,7.91415,7.91578,3.75,1.50
2011.05.18 08:44:01.050,7.91415,7.91598,3.75,1.50
2011.05.18 08:44:08.036,7.91421,7.91592,3.75,1.50
2011.05.18 08:44:08.145,7.91421,7.91592,3.75,1.50
2011.05.18 08:44:25.636,7.91421,7.91577,3.75,1.50
2011.05.18 08:44:31.895,7.91421,7.91582,3.75,1.50
2011.05.18 08:44:32.005,7.91415,7.91582,3.75,1.50
2011.05.18 08:44:32.115,7.91415,7.91582,3.75,1.50
2011.05.18 08:44:33.055,7.91415,7.91574,3.75,1.50
2011.05.18 08:44:34.167,7.91415,7.91592,3.75,1.50
2011.05.18 08:44:34.895,7.91415,7.91574,3.75,1.50
2011.05.18 08:44:35.707,7.91415,7.91592,3.75,1.50
2011.05.18 08:44:44.467,7.91415,7.91574,3.75,1.50
2011.05.18 08:44:44.615,7.91415,7.91592,3.75,1.50
2011.05.18 08:44:45.107,7.91415,7.91574,3.75,1.50
2011.05.18 08:44:46.574,7.9142,7.91574,3.75,1.50
2011.05.18 08:44:47.785,7.91411,7.91592,3.75,3.38
2011.05.18 08:44:47.895,7.91411,7.91592,3.75,3.38
2011.05.18 08:44:48.595,7.91411,7.91593,3.75,1.50
2011.05.18 08:44:48.815,7.91415,7.91593,3.75,1.50
2011.05.18 08:44:52.916,7.9141,7.91592,3.75,1.50
2011.05.18 08:44:53.135,7.9141,7.91592,3.75,1.50
2011.05.18 08:45:07.495,7.91416,7.91593,3.75,3.75
2011.05.18 08:45:07.825,7.91416,7.91572,3.75,1.50
2011.05.18 08:45:07.937,7.9141,7.91532,3.75,1.50
2011.05.18 08:45:09.298,7.9141,7.91523,3.75,1.50
2011.05.18 08:45:10.416,7.9141,7.91533,3.75,1.50
2011.05.18 08:45:10.636,7.91405,7.91533,3.75,1.50
2011.05.18 08:45:10.750,7.91405,7.91537,3.75,1.50
2011.05.18 08:45:10.866,7.9136,7.91537,3.75,1.50
2011.05.18 08:45:13.054,7.9136,7.91492,3.75,1.13
2011.05.18 08:45:14.025,7.9136,7.91492,3.75,1.13
2011.05.18 08:45:17.745,7.9136,7.91493,3.75,3.38
2011.05.18 08:45:17.857,7.91311,7.91493,3.75,3.38
2011.05.18 08:45:17.967,7.91311,7.91493,3.75,3.38
2011.05.18 08:45:18.293,7.91311,7.91465,3.75,1.50
2011.05.18 08:45:19.095,7.91311,7.91465,3.75,1.50
2011.05.18 08:45:20.186,7.91311,7.91465,3.75,1.50
2011.05.18 08:45:46.196,7.91322,7.91465,4.13,1.50
2011.05.18 08:45:46.528,7.91345,7.91482,3.75,1.50
2011.05.18 08:45:46.647,7.9135,7.91496,3.75,1.50
2011.05.18 08:45:46.988,7.91416,7.91566,3.75,1.50
2011.05.18 08:45:47.326,7.9143,7.91567,3.75,1.50
2011.05.18 08:45:47.567,7.9143,7.91591,3.75,1.50
2011.05.18 08:45:47.785,7.9143,7.91567,3.75,1.50
2011.05.18 08:45:48.036,7.9143,7.91572,3.75,1.50
2011.05.18 08:45:49.145,7.91436,7.91582,3.75,1.50
2011.05.18 08:45:50.134,7.91436,7.91582,3.75,1.50
2011.05.18 08:45:54.605,7.91436,7.91573,3.75,1.50
2011.05.18 08:45:54.947,7.91386,7.91535,3.75,1.50
2011.05.18 08:45:55.067,7.91365,7.91535,3.75,1.50
2011.05.18 08:45:55.287,7.91371,7.91528,3.75,1.13
2011.05.18 08:45:55.399,7.91371,7.91528,3.75,1.13
2011.05.18 08:46:04.496,7.91371,7.91525,3.75,1.50
2011.05.18 08:46:04.935,7.91415,7.91541,3.75,1.50
2011.05.18 08:46:05.047,7.91415,7.91585,3.75,1.50
2011.05.18 08:46:05.156,7.91415,7.91585,4.50,1.13
2011.05.18 08:46:05.266,7.914,7.91583,4.50,1.13
2011.05.18 08:46:05.597,7.91395,7.91578,3.75,1.13
2011.05.18 08:46:05.814,7.91395,7.91578,3.75,1.13
2011.05.18 08:46:08.236,7.91376,7.9156,3.75,1.50
2011.05.18 08:46:08.568,7.9137,7.91528,3.75,1.13
2011.05.18 08:46:08.905,7.91356,7.91504,3.75,1.50
2011.05.18 08:46:09.018,7.91356,7.91507,3.75,1.13
2011.05.18 08:46:09.136,7.91351,7.91507,3.75,1.13
2011.05.18 08:46:10.119,7.91351,7.91503,3.75,1.50
2011.05.18 08:46:11.048,7.91351,7.91503,3.75,1.50
2011.05.18 08:46:12.085,7.91351,7.91503,3.75,1.50
2011.05.18 08:46:13.146,7.91351,7.91503,3.75,1.50
2011.05.18 08:46:13.438,7.91345,7.91477,3.75,1.13
2011.05.18 08:46:13.665,7.91351,7.91482,3.75,1.13
2011.05.18 08:46:13.884,7.91351,7.91483,3.75,1.13
2011.05.18 08:46:13.995,7.91345,7.91483,3.75,1.50
2011.05.18 08:46:15.184,7.91345,7.91478,3.75,1.13
2011.05.18 08:46:17.914,7.91345,7.91498,3.75,1.50
2011.05.18 08:46:18.025,7.91351,7.91498,3.75,1.50
2011.05.18 08:46:18.135,7.91351,7.91502,3.75,1.50
2011.05.18 08:46:18.246,7.91375,7.91532,3.75,1.13
2011.05.18 08:46:18.355,7.91375,7.91553,3.75,1.50
2011.05.18 08:46:18.797,7.91375,7.91544,4.50,1.50
2011.05.18 08:46:20.434,7.91375,7.91544,3.75,1.50
2011.05.18 08:46:20.765,7.91375,7.91536,4.50,1.13
2011.05.18 08:46:22.606,7.91375,7.91537,3.75,1.50
2011.05.18 08:46:22.716,7.91375,7.91537,4.50,1.50
2011.05.18 08:46:23.045,7.9135,7.91532,4.50,3.75
2011.05.18 08:46:23.155,7.9135,7.91532,3.75,3.75
2011.05.18 08:47:19.535,7.9135,7.91517,4.50,1.50
2011.05.18 08:47:20.608,7.91345,7.91511,4.50,1.50
2011.05.18 08:47:21.164,7.91345,7.91511,3.75,1.50
2011.05.18 08:47:32.233,7.91345,7.91511,4.50,1.50
2011.05.18 08:47:38.909,7.91345,7.91511,4.50,1.50
2011.05.18 08:47:48.805,7.91345,7.91511,4.50,1.50
2011.05.18 08:47:49.182,7.91345,7.91511,4.50,1.50
2011.05.18 08:47:59.317,7.91357,7.91509,1.50,1.13
2011.05.18 08:47:59.424,7.91358,7.91509,1.50,1.13
2011.05.18 08:47:59.855,7.91358,7.91518,1.50,1.50
2011.05.18 08:48:00.987,7.91402,7.91536,4.50,1.13
2011.05.18 08:48:10.343,7.91425,7.91554,3.75,1.50
2011.05.18 08:48:10.565,7.9142,7.91554,4.13,1.50
2011.05.18 08:48:16.725,7.9142,7.91564,3.75,1.50
2011.05.18 08:48:16.836,7.91398,7.91562,1.13,1.50
2011.05.18 08:48:18.706,7.91398,7.91562,1.50,1.50
2011.05.18 08:48:18.926,7.91396,7.91562,4.13,1.50
2011.05.18 08:48:19.147,7.91421,7.91578,3.75,1.50
2011.05.18 08:48:28.077,7.91421,7.91578,4.50,1.50
2011.05.18 08:48:38.015,7.91421,7.91571,3.75,1.50
2011.05.18 08:48:38.234,7.91397,7.91571,1.13,1.50
2011.05.18 08:48:39.127,7.91397,7.91571,1.13,1.50
2011.05.18 08:48:39.405,7.91397,7.91571,1.13,1.50
2011.05.18 08:48:40.118,7.91397,7.91558,1.13,1.50
2011.05.18 08:48:42.428,7.91397,7.91558,1.13,1.50
2011.05.18 08:48:42.768,7.91397,7.91558,1.13,1.50
2011.05.18 08:48:43.147,7.91397,7.91558,1.13,1.50
2011.05.18 08:48:45.216,7.91395,7.91558,4.13,1.50
2011.05.18 08:48:45.327,7.91421,7.91558,3.75,1.50
2011.05.18 08:48:45.435,7.91421,7.91558,4.50,1.50
2011.05.18 08:48:48.139,7.91427,7.91585,1.13,1.50
2011.05.18 08:48:51.211,7.91427,7.91585,1.13,1.50
2011.05.18 08:48:51.435,7.91427,7.91585,1.13,1.50
2011.05.18 08:48:56.337,7.91427,7.91585,1.13,1.50
2011.05.18 08:48:59.985,7.91427,7.91585,1.13,1.50
2011.05.18 08:49:00.420,7.91427,7.91585,1.13,1.50
2011.05.18 08:49:11.455,7.91477,7.91608,1.50,1.50
2011.05.18 08:49:11.787,7.9157,7.91669,2.25,1.50
2011.05.18 08:49:11.896,7.91597,7.91732,3.00,1.50
2011.05.18 08:49:12.116,7.91646,7.91732,3.75,1.50
2011.05.18 08:49:12.476,7.91687,7.91781,3.75,1.50
2011.05.18 08:49:12.708,7.9171,7.91793,3.75,1.50
2011.05.18 08:49:12.826,7.9167,7.91793,3.75,1.50
2011.05.18 08:49:12.938,7.9167,7.91811,3.75,1.50
2011.05.18 08:49:14.077,7.91665,7.91808,3.75,1.50
2011.05.18 08:49:14.188,7.91665,7.91808,3.75,1.50
2011.05.18 08:49:18.904,7.91665,7.91803,4.50,1.50
2011.05.18 08:49:19.236,7.91716,7.91853,3.75,1.13
2011.05.18 08:49:19.345,7.91721,7.91853,3.75,1.13
2011.05.18 08:49:19.456,7.91737,7.91883,3.75,1.50
2011.05.18 08:49:19.565,7.9176,7.91883,3.75,1.50
2011.05.18 08:49:19.677,7.9176,7.91893,3.75,1.13
2011.05.18 08:49:19.785,7.91735,7.91901,3.75,1.50
2011.05.18 08:49:19.895,7.91735,7.91893,3.75,1.13
2011.05.18 08:49:21.078,7.91735,7.9189,3.75,1.50
2011.05.18 08:49:22.119,7.91735,7.9189,3.75,1.50
2011.05.18 08:49:23.716,7.91677,7.9189,4.04,1.50
2011.05.18 08:49:23.826,7.91659,7.91776,1.04,1.50
2011.05.18 08:49:23.936,7.91575,7.91776,4.13,1.50
2011.05.18 08:49:24.048,7.9156,7.91761,4.42,1.50
2011.05.18 08:49:24.168,7.9156,7.9176,4.13,1.50
2011.05.18 08:49:41.476,7.9165,7.9174,3.75,1.50
2011.05.18 08:49:41.585,7.9165,7.91779,3.75,1.50
2011.05.18 08:49:41.695,7.9165,7.91779,3.75,1.50
2011.05.18 08:49:41.805,7.91646,7.91789,3.75,1.50
2011.05.18 08:49:41.916,7.91646,7.91789,3.75,1.50
2011.05.18 08:49:45.985,7.91666,7.91795,3.75,1.50
2011.05.18 08:49:46.384,7.91671,7.91795,3.75,1.50
2011.05.18 08:49:58.555,7.91671,7.91795,3.75,1.50
2011.05.18 08:49:58.666,7.91655,7.91801,3.75,1.50
2011.05.18 08:49:59.098,7.91655,7.91805,3.75,1.50
2011.05.18 08:50:04.485,7.91655,7.91774,3.75,1.50
2011.05.18 08:50:04.855,7.9165,7.9175,3.75,1.50
2011.05.18 08:50:05.077,7.9159,7.9175,3.75,1.50
2011.05.18 08:50:21.495,7.91577,7.91733,2.25,1.50
2011.05.18 08:50:21.606,7.91571,7.91733,3.75,1.50
2011.05.18 08:50:21.717,7.91571,7.91727,3.75,1.50
2011.05.18 08:50:21.825,7.91565,7.91727,4.13,1.50
2011.05.18 08:51:46.045,7.91567,7.91727,1.13,1.50
2011.05.18 08:51:46.156,7.91548,7.91727,3.38,1.50
2011.05.18 08:51:46.265,7.91571,7.91727,3.75,1.50
2011.05.18 08:51:52.586,7.91568,7.91727,1.13,1.50
2011.05.18 08:52:00.777,7.91547,7.91722,2.25,1.50
2011.05.18 08:52:00.888,7.9154,7.91722,3.75,1.50
2011.05.18 08:52:01.010,7.9154,7.91717,3.75,1.50
2011.05.18 08:52:01.577,7.91545,7.91692,3.75,1.50
2011.05.18 08:52:02.136,7.91545,7.91692,4.50,1.50
2011.05.18 08:52:03.129,7.91545,7.91692,4.50,1.50
2011.05.18 08:52:05.404,7.91545,7.91692,3.75,1.50
2011.05.18 08:52:05.755,7.91545,7.91692,3.75,1.50
2011.05.18 08:52:05.866,7.91531,7.91692,3.75,1.50
2011.05.18 08:52:32.405,7.91531,7.91673,3.75,1.35
2011.05.18 08:52:32.515,7.91518,7.91673,2.25,1.35
2011.05.18 08:52:32.625,7.91486,7.91672,3.75,1.50
2011.05.18 08:52:32.956,7.91486,7.91642,3.75,1.13
2011.05.18 08:53:11.157,7.91486,7.9166,3.75,1.50
2011.05.18 08:53:11.267,7.91481,7.9166,3.75,1.50
2011.05.18 08:53:41.315,7.91486,7.91638,3.75,1.13
2011.05.18 08:53:41.535,7.91486,7.91661,3.75,1.50
2011.05.18 08:53:51.738,7.91486,7.91648,3.75,1.13
2011.05.18 08:53:51.969,7.9149,7.91648,3.75,1.13
2011.05.18 08:53:52.308,7.91495,7.91652,3.75,1.13
2011.05.18 08:53:52.417,7.91495,7.91652,3.75,1.13
2011.05.18 08:53:53.918,7.91495,7.91681,3.75,2.25
2011.05.18 08:53:54.136,7.91516,7.91692,3.75,1.13
2011.05.18 08:53:54.247,7.9151,7.91692,3.75,1.13
2011.05.18 08:53:54.356,7.9151,7.91692,3.75,1.88
2011.05.18 08:53:54.685,7.91505,7.91668,3.75,1.50
2011.05.18 08:53:55.924,7.91505,7.91663,3.75,1.50
2011.05.18 08:53:56.040,7.9149,7.9165,3.75,1.13
2011.05.18 08:53:56.267,7.9149,7.91652,3.75,1.13
2011.05.18 08:53:56.377,7.9147,7.9165,3.75,1.50
2011.05.18 08:53:56.487,7.9147,7.91633,3.75,1.13
2011.05.18 08:53:56.706,7.9147,7.91633,3.75,1.13
2011.05.18 08:53:57.095,7.91475,7.91633,3.75,1.13
2011.05.18 08:54:11.499,7.91471,7.91653,3.75,1.13
2011.05.18 08:54:11.619,7.91471,7.91651,3.75,1.50
2011.05.18 08:54:11.956,7.91476,7.91637,3.75,1.13
2011.05.18 08:54:12.549,7.91481,7.91637,3.75,1.13
2011.05.18 08:55:12.203,7.91468,7.91637,2.25,1.13
2011.05.18 08:55:12.424,7.91468,7.91637,2.25,1.88
2011.05.18 08:55:13.025,7.91468,7.91557,2.25,4.50
2011.05.18 08:55:13.246,7.91305,7.91507,4.42,1.50
2011.05.18 08:55:28.800,7.91189,7.91368,1.50,1.35
2011.05.18 08:55:29.027,7.91147,7.91368,1.04,1.35
2011.05.18 08:55:29.141,7.91155,7.91368,3.75,1.35
2011.05.18 08:55:29.520,7.91137,7.91269,2.25,2.10
2011.05.18 08:55:29.637,7.91108,7.91269,1.04,2.10
2011.05.18 08:55:29.749,7.91118,7.91343,1.04,2.85
2011.05.18 08:55:41.476,7.9122,7.91318,4.13,1.35
2011.05.18 08:55:41.588,7.9122,7.91342,4.13,1.50
2011.05.18 08:55:41.696,7.9122,7.91348,4.13,1.13
2011.05.18 08:55:41.806,7.9122,7.91366,4.13,1.50
2011.05.18 08:55:41.916,7.9122,7.91391,4.42,1.50
2011.05.18 08:55:42.027,7.91258,7.91422,1.04,1.50
2011.05.18 08:55:42.137,7.9133,7.91432,3.75,3.00
2011.05.18 08:55:42.248,7.9133,7.91508,3.75,1.50
2011.05.18 08:55:45.466,7.9135,7.91462,3.75,2.25
2011.05.18 08:55:45.688,7.9127,7.91436,3.75,1.50
2011.05.18 08:55:45.797,7.9127,7.91436,3.75,1.50
2011.05.18 08:55:46.016,7.91266,7.91433,4.13,1.50
2011.05.18 08:55:51.744,7.9127,7.91422,3.75,1.50
2011.05.18 08:55:53.897,7.9127,7.91354,3.75,2.10
2011.05.18 08:55:54.006,7.91258,7.91354,2.25,2.10
2011.05.18 08:55:54.117,7.91195,7.91354,1.04,2.10
2011.05.18 08:55:54.228,7.91147,7.91354,1.04,2.10
2011.05.18 08:55:54.449,7.91113,7.91319,1.04,1.35
2011.05.18 08:55:55.007,7.91113,7.91322,1.04,3.00
2011.05.18 08:55:55.117,7.91115,7.91322,1.04,3.00
2011.05.18 08:55:59.136,7.9114,7.91323,4.50,1.13
2011.05.18 08:55:59.357,7.9116,7.91323,3.75,1.13
2011.05.18 08:55:59.579,7.91191,7.91344,3.75,1.50
2011.05.18 08:55:59.800,7.91175,7.91358,3.75,1.13
2011.05.18 08:56:14.487,7.91175,7.91359,3.75,1.50
2011.05.18 08:56:14.598,7.9118,7.91362,3.75,1.13
2011.05.18 08:56:14.926,7.9118,7.91362,3.75,1.13
2011.05.18 08:56:25.978,7.9119,7.91363,3.75,1.50
2011.05.18 08:56:26.197,7.91185,7.9137,3.75,1.50
2011.05.18 08:56:33.876,7.91185,7.91343,3.75,1.50
2011.05.18 08:56:33.986,7.91167,7.91343,2.25,1.50
2011.05.18 08:56:34.096,7.9114,7.91321,4.50,1.50
2011.05.18 08:56:34.988,7.91185,7.9134,3.75,1.50
2011.05.18 08:56:35.102,7.91185,7.91348,3.75,1.35
2011.05.18 08:56:37.319,7.91191,7.91363,3.75,1.50
2011.05.18 08:56:37.547,7.91218,7.91387,2.25,1.13
2011.05.18 08:56:37.987,7.91231,7.91387,3.75,1.13
2011.05.18 08:57:32.655,7.91231,7.91387,3.75,1.13
2011.05.18 08:57:38.896,7.91218,7.91387,2.25,1.13
2011.05.18 08:57:49.976,7.91309,7.91387,2.10,1.13
2011.05.18 08:57:50.309,7.91455,7.91653,3.75,3.00
2011.05.18 08:57:50.648,7.91465,7.91683,3.75,1.13
2011.05.18 08:57:50.761,7.91465,7.91672,3.75,1.50
2011.05.18 08:57:50.877,7.91455,7.91672,3.75,1.50
2011.05.18 08:57:51.097,7.91455,7.91658,3.75,1.13
2011.05.18 08:57:51.207,7.91455,7.9161,3.75,2.10
2011.05.18 08:57:51.649,7.9135,7.9157,1.04,2.10
2011.05.18 08:57:51.978,7.91325,7.91599,4.79,1.50
2011.05.18 08:57:52.087,7.91325,7.91599,4.79,1.50
2011.05.18 08:57:52.746,7.91341,7.9158,4.04,1.50
2011.05.18 08:57:54.209,7.91432,7.9158,3.75,1.50
2011.05.18 08:57:54.442,7.91455,7.91613,3.75,1.13
2011.05.18 08:57:54.926,7.91455,7.9162,3.75,1.13
2011.05.18 08:57:55.147,7.91461,7.9162,3.75,1.13
2011.05.18 08:58:00.398,7.91461,7.91633,3.75,1.50
2011.05.18 08:58:00.507,7.91495,7.91644,3.75,1.50
2011.05.18 08:58:00.728,7.91495,7.91668,3.75,1.50
2011.05.18 08:58:00.840,7.91516,7.91672,3.75,1.50
2011.05.18 08:58:01.177,7.91497,7.91672,2.25,1.50
2011.05.18 08:58:01.644,7.915,7.91662,3.75,1.50
2011.05.18 08:58:01.756,7.915,7.91662,3.75,1.50
2011.05.18 08:58:03.498,7.91586,7.91678,3.75,1.50
2011.05.18 08:58:03.717,7.91586,7.9173,4.50,1.50
2011.05.18 08:58:03.938,7.91562,7.91762,4.50,1.50
2011.05.18 08:58:11.439,7.91615,7.9176,3.75,1.50
2011.05.18 08:58:12.007,7.91622,7.91801,3.75,1.50
2011.05.18 08:58:12.116,7.91622,7.91813,3.75,1.50
2011.05.18 08:58:12.228,7.91667,7.91798,4.13,1.50
2011.05.18 08:58:12.557,7.9169,7.91822,3.75,1.13
2011.05.18 08:58:12.887,7.91701,7.9185,3.75,1.50
2011.05.18 08:58:13.446,7.91701,7.9185,3.75,1.50
2011.05.18 08:58:14.007,7.91701,7.91812,3.75,1.50
2011.05.18 08:58:14.116,7.91646,7.91812,4.13,1.50
2011.05.18 08:58:24.307,7.91646,7.91801,3.75,1.50
2011.05.18 08:58:24.418,7.91622,7.91792,3.75,1.50
2011.05.18 08:58:24.529,7.91625,7.91792,4.13,1.50
2011.05.18 08:58:25.079,7.9162,7.91762,3.75,1.50
2011.05.18 08:58:26.391,7.9162,7.91763,3.75,1.50
2011.05.18 08:58:26.771,7.9159,7.91753,3.75,1.50
2011.05.18 08:58:26.896,7.91506,7.91693,4.04,3.00
2011.05.18 08:58:27.009,7.91506,7.91685,3.75,1.13
2011.05.18 08:58:27.127,7.915,7.91685,3.75,1.13
2011.05.18 08:58:27.238,7.915,7.91682,3.75,1.13
2011.05.18 08:58:28.920,7.915,7.91676,3.75,1.13
2011.05.18 08:58:29.257,7.91515,7.91673,3.75,1.13
2011.05.18 08:58:38.659,7.91522,7.91673,3.75,1.13
2011.05.18 08:58:38.988,7.91546,7.91727,4.50,1.13
2011.05.18 08:58:39.097,7.91546,7.91727,3.75,1.13
2011.05.18 08:58:39.207,7.91566,7.91722,4.13,1.13
2011.05.18 08:58:39.537,7.91596,7.91752,3.75,1.13
2011.05.18 08:58:39.868,7.91596,7.91752,4.50,1.13
2011.05.18 08:58:40.957,7.91672,7.91783,1.35,3.00
2011.05.18 08:58:41.067,7.91751,7.91858,4.13,1.13
2011.05.18 08:58:41.178,7.91751,7.91859,3.75,1.13
2011.05.18 08:58:41.289,7.91727,7.91859,3.75,1.13
2011.05.18 08:58:41.397,7.91725,7.91863,3.75,1.50
2011.05.18 08:58:41.511,7.91751,7.91863,3.75,1.50
2011.05.18 08:58:41.736,7.91726,7.91857,3.75,1.13
2011.05.18 08:58:42.686,7.91708,7.91843,2.25,1.35
2011.05.18 08:58:42.797,7.9165,7.91842,4.04,2.85
2011.05.18 08:58:43.017,7.9165,7.91833,3.75,1.13
2011.05.18 08:58:43.237,7.9165,7.91833,3.75,1.13
2011.05.18 08:58:43.949,7.91695,7.91827,3.75,1.13
2011.05.18 08:58:44.169,7.91695,7.9185,3.75,1.50
2011.05.18 08:58:44.397,7.917,7.91856,3.75,1.50
2011.05.18 08:58:46.166,7.917,7.91856,3.75,1.50
2011.05.18 08:58:47.566,7.917,7.91856,3.75,1.50
2011.05.18 08:58:51.638,7.917,7.91856,3.75,1.50
2011.05.18 08:58:51.746,7.917,7.91833,3.75,1.50
2011.05.18 08:58:51.859,7.91671,7.91833,3.75,1.50
2011.05.18 08:58:51.978,7.91671,7.91843,3.75,1.50
2011.05.18 08:58:52.090,7.91665,7.91836,4.13,1.50
2011.05.18 08:58:52.426,7.91671,7.91831,3.75,1.50
2011.05.18 08:59:13.917,7.91623,7.91831,3.75,1.50
2011.05.18 08:59:14.028,7.91623,7.91721,3.75,1.50
2011.05.18 08:59:14.137,7.916,7.91721,1.04,1.50
2011.05.18 08:59:14.248,7.91516,7.91697,1.13,1.50
2011.05.18 08:59:14.357,7.91508,7.91697,3.29,1.50
2011.05.18 08:59:14.468,7.91508,7.91697,3.00,1.50
2011.05.18 08:59:14.906,7.91511,7.91712,4.50,1.50
2011.05.18 08:59:15.019,7.91646,7.91722,4.50,2.25
2011.05.18 08:59:15.348,7.91625,7.91794,4.50,1.50
2011.05.18 08:59:17.488,7.9164,7.91811,4.50,1.50
2011.05.18 08:59:17.707,7.9164,7.91819,3.75,1.50
2011.05.18 08:59:18.736,7.9164,7.91819,4.50,1.50
2011.05.18 08:59:18.848,7.91641,7.91843,1.04,2.25
2011.05.18 08:59:19.070,7.9167,7.91856,4.50,1.35
2011.05.18 08:59:19.189,7.9167,7.91856,4.50,1.35
2011.05.18 08:59:19.300,7.9166,7.91856,4.50,1.35
2011.05.18 08:59:19.416,7.9166,7.91856,3.75,1.35
2011.05.18 08:59:19.526,7.9166,7.91858,3.75,1.35
2011.05.18 08:59:20.537,7.9167,7.91865,3.75,1.35
2011.05.18 08:59:20.867,7.9167,7.91865,4.50,1.35
2011.05.18 08:59:28.039,7.9167,7.9189,4.50,1.50
2011.05.18 08:59:28.147,7.91685,7.9189,4.50,1.50
2011.05.18 08:59:28.591,7.91681,7.91902,3.75,1.50
2011.05.18 08:59:34.281,7.91781,7.91935,3.75,1.50
2011.05.18 08:59:34.514,7.91767,7.91871,2.25,1.50
2011.05.18 08:59:34.632,7.91736,7.91871,1.04,1.50
2011.05.18 08:59:34.746,7.91691,7.91871,4.04,1.50
2011.05.18 08:59:34.966,7.91691,7.91871,4.04,1.50
2011.05.18 08:59:35.302,7.9165,7.9178,1.04,1.35
2011.05.18 08:59:35.417,7.91607,7.9178,1.50,1.35
2011.05.18 08:59:35.527,7.91598,7.9178,1.50,1.35
2011.05.18 08:59:37.131,7.91598,7.9178,1.50,1.35
2011.05.18 08:59:37.478,7.91686,7.9178,3.75,1.35
2011.05.18 08:59:37.860,7.9167,7.91838,3.75,1.50
2011.05.18 08:59:44.277,7.91665,7.91854,3.75,1.50
2011.05.18 08:59:45.998,7.91645,7.91854,4.50,1.50
2011.05.18 08:59:52.757,7.91645,7.9183,4.50,1.50
2011.05.18 08:59:54.216,7.91645,7.91803,4.50,1.50
2011.05.18 08:59:54.548,7.9157,7.91742,3.75,1.50
2011.05.18 08:59:54.899,7.9157,7.91742,3.75,1.50
2011.05.18 08:59:55.013,7.91547,7.91733,3.75,3.00
2011.05.18 08:59:55.132,7.91545,7.91727,3.75,1.50
2011.05.18 08:59:55.362,7.91556,7.91736,3.75,1.50
2011.05.18 08:59:55.849,7.91615,7.91736,3.75,1.50
2011.05.18 08:59:56.175,7.91488,7.91712,1.04,1.50
2011.05.18 08:59:56.507,7.91128,7.9158,1.04,5.25
2011.05.18 08:59:58.019,7.91168,7.9156,1.04,6.00
2011.05.18 08:59:58.358,7.91168,7.91407,1.04,1.35
2011.05.18 08:59:58.849,7.91157,7.91407,1.04,1.35
