2014.04.23 15:00:00.321,8.28848,8.28976,1.19,1.19
2014.04.23 15:00:00.816,8.28832,8.28955,1.19,1.00
2014.04.23 15:00:00.867,8.28823,8.28955,1.19,1.19
2014.04.23 15:00:01.266,8.28786,8.28936,1.19,1.19
2014.04.23 15:00:01.368,8.28786,8.28874,1.19,2.10
2014.04.23 15:00:01.418,8.28769,8.28874,1.00,2.10
2014.04.23 15:00:01.469,8.28732,8.28863,1.00,1.60
2014.04.23 15:00:01.520,8.28732,8.28863,1.19,1.60
2014.04.23 15:00:01.828,8.28749,8.28913,1.19,1.19
2014.04.23 15:00:02.165,8.28764,8.28925,1.19,1.19
2014.04.23 15:00:02.579,8.28764,8.28898,1.19,1.00
2014.04.23 15:00:03.007,8.28742,8.28898,1.19,1.19
2014.04.23 15:00:03.371,8.28766,8.28924,1.19,1.19
2014.04.23 15:00:04.449,8.28762,8.28922,1.19,1.19
2014.04.23 15:00:06.124,8.28761,8.28922,1.19,1.19
2014.04.23 15:00:06.740,8.28765,8.28926,1.19,1.19
2014.04.23 15:00:07.044,8.28752,8.28835,1.19,1.00
2014.04.23 15:00:07.095,8.28732,8.28835,1.19,1.00
2014.04.23 15:00:07.348,8.2871,8.28835,1.19,1.00
2014.04.23 15:00:07.500,8.2871,8.28812,1.19,1.00
2014.04.23 15:00:08.276,8.2871,8.28812,1.19,1.00
2014.04.23 15:00:08.579,8.2874,8.28817,1.19,1.00
2014.04.23 15:00:08.933,8.28709,8.28791,1.19,1.00
2014.04.23 15:00:08.984,8.28686,8.28791,1.19,1.00
2014.04.23 15:00:09.035,8.28662,8.28767,1.19,1.60
2014.04.23 15:00:09.187,8.28661,8.28767,1.19,2.10
2014.04.23 15:00:09.237,8.28657,8.28747,1.69,1.00
2014.04.23 15:00:09.570,8.28657,8.28685,1.50,1.00
2014.04.23 15:00:09.875,8.28524,8.28681,1.19,1.19
2014.04.23 15:00:10.389,8.28513,8.28661,1.19,1.19
2014.04.23 15:00:11.397,8.28517,8.28661,1.19,1.19
2014.04.23 15:00:11.701,8.28536,8.28661,1.19,1.00
2014.04.23 15:00:12.801,8.28536,8.2868,1.19,1.19
2014.04.23 15:00:13.194,8.28548,8.2868,1.19,1.00
2014.04.23 15:00:14.433,8.28541,8.2868,1.19,1.19
2014.04.23 15:00:15.538,8.28544,8.2868,1.19,1.19
2014.04.23 15:00:16.955,8.28558,8.2869,1.19,1.00
2014.04.23 15:00:17.259,8.2854,8.2869,1.19,1.19
2014.04.23 15:00:17.872,8.28529,8.28688,1.19,1.19
2014.04.23 15:00:18.941,8.28535,8.2869,1.19,1.19
2014.04.23 15:00:19.448,8.2855,8.2869,1.19,1.19
2014.04.23 15:00:20.462,8.28542,8.28687,1.19,1.19
2014.04.23 15:00:21.469,8.28532,8.28687,1.19,1.19
2014.04.23 15:00:22.515,8.28532,8.28672,1.69,1.19
2014.04.23 15:00:22.818,8.28431,8.28595,1.00,1.00
2014.04.23 15:00:22.869,8.28417,8.28569,1.00,1.00
2014.04.23 15:00:23.193,8.28447,8.2858,2.48,1.19
2014.04.23 15:00:23.347,8.28489,8.28653,1.19,1.00
2014.04.23 15:00:23.551,8.28523,8.28678,1.00,1.19
2014.04.23 15:00:24.083,8.2854,8.28678,2.10,1.19
2014.04.23 15:00:24.134,8.28547,8.28678,2.67,1.00
2014.04.23 15:00:24.185,8.28591,8.28678,1.00,1.00
2014.04.23 15:00:24.287,8.28594,8.28708,1.19,1.00
2014.04.23 15:00:24.439,8.28614,8.28708,1.19,1.00
2014.04.23 15:00:24.540,8.28566,8.28708,1.19,1.00
2014.04.23 15:00:25.725,8.28555,8.28708,1.19,1.19
2014.04.23 15:00:26.811,8.28567,8.28708,1.19,1.19
2014.04.23 15:00:28.648,8.28581,8.28708,1.19,1.00
2014.04.23 15:00:29.733,8.28593,8.28708,1.19,1.00
2014.04.23 15:00:30.051,8.2861,8.28708,1.19,1.00
2014.04.23 15:00:30.234,8.2861,8.28729,1.19,1.00
2014.04.23 15:00:31.038,8.2863,8.28729,1.19,1.00
2014.04.23 15:00:31.353,8.2863,8.28729,1.19,2.85
2014.04.23 15:00:31.454,8.2854,8.28692,1.00,1.50
2014.04.23 15:00:31.555,8.2854,8.28686,1.00,1.00
2014.04.23 15:00:31.606,8.28521,8.28686,1.60,1.00
2014.04.23 15:00:31.657,8.28568,8.28686,1.19,1.00
2014.04.23 15:00:31.758,8.28587,8.28706,1.19,1.00
2014.04.23 15:00:31.809,8.28587,8.28713,1.19,1.00
2014.04.23 15:00:32.153,8.28587,8.28717,1.19,1.00
2014.04.23 15:00:33.167,8.286,8.28717,1.19,1.00
2014.04.23 15:00:35.226,8.2859,8.28717,1.19,1.00
2014.04.23 15:00:36.935,8.286,8.28717,1.19,1.00
2014.04.23 15:00:38.354,8.28592,8.28717,1.19,1.00
2014.04.23 15:00:39.450,8.28597,8.28717,1.19,1.00
2014.04.23 15:00:41.278,8.28606,8.28717,1.19,1.00
2014.04.23 15:00:42.523,8.28599,8.28717,1.19,1.00
2014.04.23 15:00:43.715,8.28599,8.28717,1.19,1.00
2014.04.23 15:00:45.222,8.28596,8.28717,1.19,1.00
2014.04.23 15:00:46.246,8.28606,8.28717,1.19,1.00
2014.04.23 15:00:47.326,8.28611,8.28717,1.19,1.00
2014.04.23 15:00:48.781,8.28611,8.28745,1.19,1.19
2014.04.23 15:00:49.932,8.28591,8.28745,1.19,1.19
2014.04.23 15:00:50.016,8.28607,8.28745,1.19,1.19
2014.04.23 15:00:51.153,8.28609,8.28745,1.19,1.19
2014.04.23 15:00:52.722,8.2861,8.28745,1.19,1.19
2014.04.23 15:00:54.381,8.2862,8.28745,1.19,1.25
2014.04.23 15:00:56.798,8.28622,8.28745,1.19,1.00
2014.04.23 15:00:58.919,8.28603,8.28745,1.19,1.19
2014.04.23 15:01:00.064,8.28613,8.28745,1.19,1.19
2014.04.23 15:01:01.364,8.28617,8.28745,1.19,1.19
2014.04.23 15:01:02.176,8.28583,8.28732,1.19,1.00
2014.04.23 15:01:02.227,8.28583,8.28696,1.19,1.00
2014.04.23 15:01:02.278,8.28559,8.28696,1.19,1.19
2014.04.23 15:01:02.430,8.28574,8.28708,1.19,1.19
2014.04.23 15:01:02.582,8.28594,8.28736,1.19,1.19
2014.04.23 15:01:03.930,8.28592,8.28741,1.19,1.19
2014.04.23 15:01:07.423,8.28597,8.28741,1.19,1.19
2014.04.23 15:01:08.918,8.28597,8.28741,1.19,1.19
2014.04.23 15:01:10.268,8.28597,8.28741,1.19,1.19
2014.04.23 15:01:10.471,8.28615,8.28756,1.19,1.00
2014.04.23 15:01:10.673,8.28622,8.28756,1.19,1.19
2014.04.23 15:01:11.695,8.28614,8.28766,1.19,1.19
2014.04.23 15:01:12.794,8.28607,8.28766,1.19,1.19
2014.04.23 15:01:13.793,8.28614,8.28767,1.19,1.19
2014.04.23 15:01:15.923,8.28596,8.28758,1.19,1.19
2014.04.23 15:01:17.659,8.28605,8.2875,1.19,1.19
2014.04.23 15:01:18.698,8.28599,8.2875,1.19,1.19
2014.04.23 15:01:19.927,8.28597,8.2875,1.19,1.19
2014.04.23 15:01:23.926,8.28585,8.2875,1.19,1.19
2014.04.23 15:01:25.340,8.28596,8.2875,1.19,1.19
2014.04.23 15:01:26.285,8.28594,8.2875,1.19,1.19
2014.04.23 15:01:27.568,8.28595,8.2875,1.19,1.19
2014.04.23 15:01:31.012,8.28591,8.2875,1.19,1.19
2014.04.23 15:01:33.190,8.28585,8.2875,1.19,1.19
2014.04.23 15:01:34.530,8.28602,8.28766,1.19,1.19
2014.04.23 15:01:36.548,8.28602,8.28766,1.19,1.19
2014.04.23 15:01:36.872,8.28602,8.28637,1.00,1.00
2014.04.23 15:01:36.973,8.2849,8.28618,1.50,1.00
2014.04.23 15:01:37.024,8.28487,8.28649,1.00,1.00
2014.04.23 15:01:37.075,8.28487,8.28649,1.19,1.19
2014.04.23 15:01:37.176,8.28499,8.28649,1.54,1.19
2014.04.23 15:01:37.278,8.28513,8.28659,1.19,1.00
2014.04.23 15:01:37.379,8.28575,8.28723,1.00,1.19
2014.04.23 15:01:37.481,8.2854,8.28707,1.19,1.19
2014.04.23 15:01:38.476,8.28551,8.28705,1.19,1.19
2014.04.23 15:01:38.861,8.28551,8.28688,1.00,1.19
2014.04.23 15:01:38.912,8.28509,8.28659,1.19,1.19
2014.04.23 15:01:39.365,8.28489,8.28651,1.19,1.19
2014.04.23 15:01:40.507,8.28494,8.28651,1.19,1.19
2014.04.23 15:01:40.891,8.28517,8.2866,1.19,1.50
2014.04.23 15:01:40.993,8.28582,8.28702,1.19,7.69
2014.04.23 15:01:41.246,8.28485,8.28648,1.19,1.69
2014.04.23 15:01:41.297,8.28483,8.28648,1.19,1.69
2014.04.23 15:01:42.516,8.2849,8.28647,1.19,1.19
2014.04.23 15:01:44.942,8.2849,8.28656,1.19,1.19
2014.04.23 15:01:46.032,8.2849,8.28656,1.19,1.19
2014.04.23 15:01:47.791,8.2849,8.28656,1.19,1.19
2014.04.23 15:01:48.474,8.28491,8.28633,1.19,1.19
2014.04.23 15:01:49.320,8.28481,8.28613,1.79,1.19
2014.04.23 15:01:49.371,8.28508,8.28646,1.88,1.19
2014.04.23 15:01:49.422,8.28513,8.28664,1.00,1.19
2014.04.23 15:01:49.473,8.28513,8.28664,1.19,1.00
2014.04.23 15:01:49.524,8.2858,8.28685,1.00,1.00
2014.04.23 15:01:49.827,8.28572,8.28722,1.19,1.19
2014.04.23 15:01:52.067,8.28582,8.28713,1.00,1.19
2014.04.23 15:01:53.275,8.28582,8.28708,1.00,1.19
2014.04.23 15:01:56.646,8.28582,8.28709,1.00,1.19
2014.04.23 15:01:57.661,8.28573,8.28699,1.00,1.19
2014.04.23 15:01:57.762,8.28542,8.28699,1.19,1.19
2014.04.23 15:01:58.860,8.28529,8.28688,1.19,1.19
2014.04.23 15:01:59.472,8.28495,8.28657,1.19,1.19
2014.04.23 15:02:00.175,8.28515,8.28673,1.00,1.00
2014.04.23 15:02:00.226,8.28515,8.2868,1.00,1.00
2014.04.23 15:02:00.277,8.28524,8.28688,1.19,1.19
2014.04.23 15:02:00.479,8.28486,8.28653,1.19,1.19
2014.04.23 15:02:00.766,8.28494,8.28648,1.19,1.19
2014.04.23 15:02:01.752,8.28476,8.28634,1.19,1.19
2014.04.23 15:02:03.762,8.28463,8.28626,1.19,1.19
2014.04.23 15:02:05.112,8.28463,8.28623,1.19,1.19
2014.04.23 15:02:06.145,8.28463,8.28623,1.19,1.19
2014.04.23 15:02:08.239,8.28463,8.28623,1.19,1.19
2014.04.23 15:02:09.725,8.28455,8.28621,1.19,1.19
2014.04.23 15:02:11.016,8.28455,8.28612,1.19,1.19
2014.04.23 15:02:11.219,8.28477,8.28629,1.19,1.19
2014.04.23 15:02:11.422,8.28508,8.2866,1.19,1.19
2014.04.23 15:02:12.442,8.28497,8.28663,1.19,1.19
2014.04.23 15:02:12.544,8.28544,8.28691,1.19,1.19
2014.04.23 15:02:12.847,8.28554,8.28691,1.00,1.19
2014.04.23 15:02:13.417,8.28562,8.28691,1.00,1.19
2014.04.23 15:02:13.468,8.28562,8.28713,1.19,1.19
2014.04.23 15:02:14.627,8.28562,8.28716,1.19,1.19
2014.04.23 15:02:17.157,8.28562,8.28698,1.00,1.19
2014.04.23 15:02:18.640,8.28562,8.28715,1.19,1.19
2014.04.23 15:02:23.065,8.28562,8.28701,1.00,1.19
2014.04.23 15:02:23.792,8.2855,8.28701,1.19,1.19
2014.04.23 15:02:24.276,8.2855,8.287,1.19,1.19
2014.04.23 15:02:25.788,8.2855,8.28694,1.19,1.19
2014.04.23 15:02:28.256,8.2855,8.28688,1.00,1.19
2014.04.23 15:02:33.209,8.2855,8.2868,1.00,1.19
2014.04.23 15:02:35.864,8.2855,8.28683,1.00,1.19
2014.04.23 15:02:40.255,8.2855,8.2868,1.00,1.19
2014.04.23 15:02:43.306,8.2855,8.28679,1.00,1.19
2014.04.23 15:02:44.504,8.28548,8.28679,1.00,1.19
2014.04.23 15:02:46.380,8.28548,8.28713,1.00,1.00
2014.04.23 15:02:46.482,8.28574,8.28734,1.00,1.19
2014.04.23 15:02:46.793,8.28574,8.28703,1.00,1.19
2014.04.23 15:02:47.605,8.28574,8.28706,1.00,1.19
2014.04.23 15:02:48.628,8.28574,8.28701,1.00,1.19
2014.04.23 15:02:49.653,8.28574,8.28696,1.00,1.19
2014.04.23 15:02:53.317,8.28574,8.28689,1.00,1.19
2014.04.23 15:02:54.603,8.28574,8.28687,1.00,1.19
2014.04.23 15:02:55.762,8.28574,8.28689,1.00,1.19
2014.04.23 15:03:01.424,8.28574,8.28738,1.00,1.19
2014.04.23 15:03:01.526,8.28574,8.28726,1.00,1.19
2014.04.23 15:03:03.433,8.28574,8.28714,1.00,1.19
2014.04.23 15:03:04.359,8.28574,8.28711,1.00,1.19
2014.04.23 15:03:05.384,8.28574,8.28701,1.00,1.19
2014.04.23 15:03:06.508,8.28571,8.28701,1.00,1.19
2014.04.23 15:03:07.097,8.28571,8.28712,1.00,1.19
2014.04.23 15:03:10.311,8.28571,8.287,1.00,1.19
2014.04.23 15:03:10.960,8.28563,8.287,1.00,1.19
2014.04.23 15:03:11.162,8.28555,8.287,1.19,1.19
2014.04.23 15:03:11.401,8.28555,8.28704,1.19,1.19
2014.04.23 15:03:13.002,8.28555,8.28698,1.19,1.19
2014.04.23 15:03:14.121,8.28563,8.28698,1.00,1.19
2014.04.23 15:03:14.231,8.28556,8.28694,1.00,1.19
2014.04.23 15:03:14.332,8.28563,8.28694,1.00,1.19
2014.04.23 15:03:14.535,8.28578,8.28717,1.19,1.19
2014.04.23 15:03:15.627,8.28578,8.28745,1.19,1.19
2014.04.23 15:03:15.729,8.28593,8.28758,1.19,1.19
2014.04.23 15:03:16.799,8.28617,8.28758,1.00,1.19
2014.04.23 15:03:17.103,8.28675,8.28778,1.00,1.19
2014.04.23 15:03:17.154,8.2869,8.28801,1.00,1.19
2014.04.23 15:03:17.255,8.28687,8.28835,1.19,1.19
2014.04.23 15:03:17.457,8.28687,8.28841,1.19,1.19
2014.04.23 15:03:17.760,8.28764,8.28903,1.19,1.19
2014.04.23 15:03:17.811,8.28774,8.28903,1.00,1.19
2014.04.23 15:03:18.249,8.28782,8.28922,1.19,1.19
2014.04.23 15:03:19.494,8.28766,8.28933,1.19,1.69
2014.04.23 15:03:20.462,8.28766,8.28912,1.19,1.19
2014.04.23 15:03:21.288,8.28764,8.28914,1.19,1.54
2014.04.23 15:03:21.870,8.28726,8.28893,1.19,1.19
2014.04.23 15:03:22.497,8.28726,8.2888,1.19,1.69
2014.04.23 15:03:24.711,8.28714,8.28839,1.00,1.19
2014.04.23 15:03:24.762,8.28693,8.28839,1.19,1.19
2014.04.23 15:03:25.015,8.28675,8.28825,1.19,1.19
2014.04.23 15:03:26.049,8.28675,8.28823,1.19,1.19
2014.04.23 15:03:26.759,8.28675,8.28809,1.00,1.19
2014.04.23 15:03:26.809,8.28665,8.28809,1.19,1.19
2014.04.23 15:03:27.779,8.28655,8.288,1.19,1.19
2014.04.23 15:03:28.231,8.28692,8.288,1.00,1.19
2014.04.23 15:03:28.283,8.28692,8.28825,1.00,1.19
2014.04.23 15:03:28.334,8.28703,8.28825,1.00,1.19
2014.04.23 15:03:28.642,8.28711,8.2884,1.19,1.19
2014.04.23 15:03:29.442,8.28711,8.28854,1.19,1.19
2014.04.23 15:03:29.883,8.2873,8.28854,1.19,1.19
2014.04.23 15:03:30.463,8.28746,8.28895,1.19,1.19
2014.04.23 15:03:31.653,8.28746,8.28911,1.19,1.79
2014.04.23 15:03:32.675,8.28756,8.28912,1.19,1.79
2014.04.23 15:03:33.871,8.28749,8.28909,1.19,1.79
2014.04.23 15:03:34.876,8.28747,8.28912,1.19,2.29
2014.04.23 15:03:35.096,8.28757,8.28912,1.19,1.79
2014.04.23 15:03:35.198,8.28757,8.28908,1.19,1.79
2014.04.23 15:03:37.353,8.28757,8.28911,1.19,1.79
2014.04.23 15:03:38.961,8.28757,8.28913,1.19,1.79
2014.04.23 15:03:39.773,8.28757,8.28913,1.19,1.79
2014.04.23 15:03:40.119,8.28762,8.28913,1.19,2.29
2014.04.23 15:03:40.297,8.28762,8.28913,1.19,1.79
2014.04.23 15:03:42.008,8.28762,8.28914,1.19,1.79
2014.04.23 15:03:43.230,8.28752,8.28914,1.19,1.79
2014.04.23 15:03:45.419,8.28758,8.28914,1.19,1.79
2014.04.23 15:03:47.351,8.28756,8.28914,1.19,2.29
2014.04.23 15:03:48.701,8.28766,8.28914,1.19,2.29
2014.04.23 15:03:50.380,8.28769,8.28914,1.19,2.29
2014.04.23 15:03:51.399,8.2875,8.28913,1.19,1.79
2014.04.23 15:03:52.377,8.2875,8.28912,1.19,1.79
2014.04.23 15:03:54.205,8.28761,8.28902,1.19,1.54
2014.04.23 15:03:54.408,8.2874,8.28902,1.19,1.54
2014.04.23 15:03:55.855,8.28743,8.28902,1.19,1.54
2014.04.23 15:03:56.855,8.28753,8.28902,1.19,1.54
2014.04.23 15:03:58.059,8.28753,8.28902,1.19,1.54
2014.04.23 15:03:59.090,8.28753,8.28902,1.19,1.54
2014.04.23 15:04:00.095,8.28753,8.28902,1.19,1.54
2014.04.23 15:04:00.698,8.28753,8.28902,1.19,1.54
2014.04.23 15:04:01.037,8.28753,8.28902,1.19,1.54
2014.04.23 15:04:03.739,8.28748,8.28902,1.19,1.54
2014.04.23 15:04:05.467,8.28738,8.28904,1.19,1.79
2014.04.23 15:04:08.952,8.28738,8.28899,1.19,1.79
2014.04.23 15:04:11.375,8.28741,8.28899,1.19,1.79
2014.04.23 15:04:12.414,8.28738,8.28899,1.19,1.79
2014.04.23 15:04:12.890,8.28738,8.28899,1.19,1.79
2014.04.23 15:04:14.395,8.28738,8.28899,1.19,1.79
2014.04.23 15:04:17.618,8.28733,8.28898,1.19,1.79
2014.04.23 15:04:18.229,8.28714,8.28879,1.19,1.19
2014.04.23 15:04:18.688,8.28714,8.28855,1.00,1.19
2014.04.23 15:04:18.790,8.28692,8.28847,1.19,1.19
2014.04.23 15:04:19.998,8.28692,8.28853,1.19,1.19
2014.04.23 15:04:21.803,8.28692,8.28849,1.19,1.19
2014.04.23 15:04:25.160,8.28692,8.28851,1.19,1.19
2014.04.23 15:04:26.039,8.28664,8.2883,1.19,1.19
2014.04.23 15:04:26.764,8.28655,8.28814,1.19,1.19
2014.04.23 15:04:28.974,8.28647,8.28802,1.19,1.19
2014.04.23 15:04:35.444,8.28647,8.28811,1.19,1.19
2014.04.23 15:04:35.546,8.28647,8.28809,1.19,1.19
2014.04.23 15:04:38.927,8.28647,8.28809,1.19,1.19
2014.04.23 15:04:41.377,8.28647,8.28798,1.19,1.19
2014.04.23 15:04:43.830,8.28638,8.28798,1.19,1.19
2014.04.23 15:04:46.400,8.28647,8.28803,1.19,1.19
2014.04.23 15:04:47.926,8.28647,8.28805,1.19,1.19
2014.04.23 15:04:50.963,8.28647,8.28796,1.19,1.19
2014.04.23 15:04:53.573,8.28638,8.28798,1.19,1.19
2014.04.23 15:04:54.789,8.28638,8.28803,1.19,1.19
2014.04.23 15:04:56.402,8.28651,8.28814,1.19,1.19
2014.04.23 15:04:58.515,8.28661,8.28825,1.19,1.19
2014.04.23 15:05:01.567,8.28661,8.28821,1.19,1.19
2014.04.23 15:05:02.850,8.28661,8.28822,1.19,1.19
2014.04.23 15:05:06.295,8.28658,8.28811,1.19,1.19
2014.04.23 15:05:09.644,8.28663,8.28829,1.19,1.19
2014.04.23 15:05:09.745,8.28681,8.28829,1.19,1.19
2014.04.23 15:05:11.145,8.28716,8.28843,1.19,1.19
2014.04.23 15:05:13.898,8.28716,8.28842,1.19,1.19
2014.04.23 15:05:15.086,8.28724,8.28842,1.00,1.19
2014.04.23 15:05:15.207,8.28724,8.28842,1.19,1.19
2014.04.23 15:05:16.279,8.28724,8.28842,1.19,1.19
2014.04.23 15:05:17.826,8.28724,8.28842,1.19,1.19
2014.04.23 15:05:18.994,8.28724,8.28842,1.00,1.19
2014.04.23 15:05:20.833,8.28724,8.28842,1.00,1.19
2014.04.23 15:05:22.088,8.28724,8.28842,1.19,1.19
2014.04.23 15:05:23.552,8.28724,8.28842,1.19,1.19
2014.04.23 15:05:25.782,8.28724,8.28842,1.00,1.19
2014.04.23 15:05:27.697,8.28724,8.28842,1.00,1.19
2014.04.23 15:05:27.798,8.28709,8.28842,1.19,1.19
2014.04.23 15:05:27.900,8.28697,8.28844,1.00,1.19
2014.04.23 15:05:28.001,8.28697,8.2883,1.00,1.19
2014.04.23 15:05:28.355,8.2865,8.28803,1.19,1.19
2014.04.23 15:05:29.568,8.28629,8.28793,1.19,1.19
2014.04.23 15:05:30.961,8.28628,8.28793,1.19,1.19
2014.04.23 15:05:31.943,8.2863,8.28793,1.19,1.19
2014.04.23 15:05:32.187,8.28681,8.28826,1.00,1.19
2014.04.23 15:05:32.288,8.28681,8.28847,1.19,1.19
2014.04.23 15:05:32.446,8.28692,8.28859,1.19,1.69
2014.04.23 15:05:33.569,8.28692,8.28856,1.19,1.19
2014.04.23 15:05:34.886,8.28692,8.28842,1.00,1.19
2014.04.23 15:05:34.937,8.28681,8.28842,1.25,1.19
2014.04.23 15:05:34.988,8.28681,8.28829,1.25,1.19
2014.04.23 15:05:35.292,8.28631,8.28789,1.19,1.19
2014.04.23 15:05:36.293,8.28631,8.28798,1.19,1.19
2014.04.23 15:05:39.194,8.28666,8.28832,1.19,1.00
2014.04.23 15:05:39.295,8.28697,8.28862,1.00,1.25
2014.04.23 15:05:39.397,8.28714,8.28872,1.00,1.19
2014.04.23 15:05:40.253,8.28694,8.2883,1.19,1.19
2014.04.23 15:05:40.357,8.28663,8.2883,1.19,1.19
2014.04.23 15:05:41.871,8.28648,8.28812,1.19,1.19
2014.04.23 15:05:42.979,8.28628,8.28793,1.69,1.19
2014.04.23 15:05:44.358,8.28628,8.28793,1.19,1.19
2014.04.23 15:05:45.464,8.28628,8.28793,1.19,1.19
2014.04.23 15:05:46.778,8.28633,8.28793,1.19,1.19
2014.04.23 15:05:48.273,8.28628,8.28793,1.19,1.19
2014.04.23 15:05:48.876,8.28673,8.28813,1.00,1.19
2014.04.23 15:05:48.978,8.28685,8.28838,1.19,1.19
2014.04.23 15:05:49.314,8.28685,8.28851,1.19,1.19
2014.04.23 15:05:50.197,8.28692,8.28859,1.19,1.19
2014.04.23 15:05:51.195,8.28701,8.28867,1.19,1.19
2014.04.23 15:05:53.025,8.28705,8.28867,1.19,1.19
2014.04.23 15:05:54.866,8.28686,8.28831,1.19,1.19
2014.04.23 15:05:55.787,8.28706,8.2887,1.19,1.19
2014.04.23 15:05:58.964,8.28706,8.2887,1.19,1.19
2014.04.23 15:05:59.233,8.28719,8.2887,1.19,1.19
2014.04.23 15:06:00.669,8.28719,8.2887,1.19,1.19
2014.04.23 15:06:05.345,8.28712,8.2887,1.19,1.19
2014.04.23 15:06:05.447,8.28706,8.2887,1.19,1.19
2014.04.23 15:06:07.775,8.28709,8.2887,1.19,1.19
2014.04.23 15:06:07.977,8.28731,8.2889,1.19,1.54
2014.04.23 15:06:08.180,8.28731,8.28878,1.00,1.19
2014.04.23 15:06:08.383,8.28694,8.28854,1.19,1.19
2014.04.23 15:06:08.778,8.28722,8.28863,1.00,1.19
2014.04.23 15:06:08.879,8.28737,8.2889,1.19,1.79
2014.04.23 15:06:09.697,8.28737,8.28901,1.19,1.79
2014.04.23 15:06:11.507,8.28737,8.28901,1.19,1.79
2014.04.23 15:06:15.383,8.28737,8.28901,1.19,2.29
2014.04.23 15:06:15.484,8.28737,8.28901,1.19,1.79
2014.04.23 15:06:19.641,8.28739,8.28901,1.19,1.79
2014.04.23 15:06:20.736,8.28744,8.28901,1.19,1.79
2014.04.23 15:06:21.738,8.28744,8.28901,1.19,1.79
2014.04.23 15:06:22.942,8.28742,8.28901,1.19,1.79
2014.04.23 15:06:23.662,8.28726,8.28892,1.19,1.19
2014.04.23 15:06:23.763,8.28744,8.28901,1.19,1.19
2014.04.23 15:06:24.265,8.28771,8.28923,1.19,2.48
2014.04.23 15:06:25.006,8.28757,8.28921,1.19,1.79
2014.04.23 15:06:25.670,8.28778,8.28933,1.19,1.19
2014.04.23 15:06:26.686,8.28778,8.28922,1.19,1.19
2014.04.23 15:06:27.909,8.28768,8.28933,1.69,1.79
2014.04.23 15:06:28.982,8.28776,8.2894,1.19,1.79
2014.04.23 15:06:30.051,8.28772,8.28922,1.19,1.19
2014.04.23 15:06:31.451,8.28775,8.28933,1.19,1.19
2014.04.23 15:06:32.473,8.2877,8.28932,1.19,3.42
2014.04.23 15:06:34.057,8.28784,8.28933,1.19,1.19
2014.04.23 15:06:37.012,8.28791,8.28933,1.19,1.19
2014.04.23 15:06:38.062,8.28794,8.28933,1.19,1.19
2014.04.23 15:06:39.712,8.28785,8.28933,1.19,1.19
2014.04.23 15:06:41.106,8.28774,8.28932,1.19,1.19
2014.04.23 15:06:43.292,8.28778,8.28933,1.19,1.19
2014.04.23 15:06:44.201,8.28755,8.28919,1.19,1.79
2014.04.23 15:06:45.448,8.28755,8.28919,1.19,1.79
2014.04.23 15:06:47.446,8.2875,8.28889,1.19,1.19
2014.04.23 15:06:47.649,8.28723,8.28881,1.19,1.19
2014.04.23 15:06:48.824,8.28723,8.28848,1.19,1.00
2014.04.23 15:06:48.875,8.28704,8.28848,1.19,1.19
2014.04.23 15:06:50.171,8.28707,8.28848,1.19,1.19
2014.04.23 15:06:51.182,8.28709,8.28863,1.19,1.19
2014.04.23 15:06:52.429,8.2871,8.28863,1.19,1.19
2014.04.23 15:06:53.612,8.28709,8.28863,1.19,1.19
2014.04.23 15:06:55.148,8.28708,8.28863,1.19,1.19
2014.04.23 15:06:56.737,8.28709,8.28863,1.19,1.19
2014.04.23 15:06:57.926,8.28705,8.28863,1.19,1.19
2014.04.23 15:06:58.980,8.28716,8.2885,1.19,1.19
2014.04.23 15:07:00.669,8.28712,8.28863,1.19,1.19
2014.04.23 15:07:02.494,8.2871,8.28863,1.19,1.19
2014.04.23 15:07:05.241,8.2871,8.28863,1.19,1.19
2014.04.23 15:07:08.249,8.2871,8.28863,1.19,1.19
2014.04.23 15:07:09.214,8.28712,8.28863,1.19,1.19
2014.04.23 15:07:10.486,8.287,8.2885,1.19,1.19
2014.04.23 15:07:11.598,8.28699,8.2885,1.19,1.19
2014.04.23 15:07:13.889,8.28701,8.2885,1.19,1.19
2014.04.23 15:07:16.036,8.28706,8.2885,1.19,1.19
2014.04.23 15:07:17.521,8.28702,8.2885,1.19,1.19
2014.04.23 15:07:18.821,8.28697,8.2885,1.19,1.19
2014.04.23 15:07:19.023,8.28688,8.28832,1.19,1.19
2014.04.23 15:07:19.876,8.28679,8.28832,1.19,1.19
2014.04.23 15:07:24.712,8.28679,8.28832,1.19,1.19
2014.04.23 15:07:26.608,8.28679,8.28832,1.19,1.19
2014.04.23 15:07:29.768,8.2869,8.28832,1.00,1.19
2014.04.23 15:07:30.288,8.28689,8.28832,1.25,1.19
2014.04.23 15:07:30.604,8.28689,8.28832,1.19,1.19
2014.04.23 15:07:32.724,8.28689,8.28832,1.19,1.19
2014.04.23 15:07:33.814,8.28689,8.28832,1.19,1.19
2014.04.23 15:07:36.401,8.28689,8.28832,1.19,1.19
2014.04.23 15:07:40.836,8.28688,8.28832,1.19,1.19
2014.04.23 15:07:42.048,8.28688,8.28832,1.19,1.19
2014.04.23 15:07:43.856,8.2868,8.28832,1.19,1.19
2014.04.23 15:07:45.594,8.2868,8.28832,1.19,1.19
2014.04.23 15:07:48.980,8.2868,8.28832,1.19,1.19
2014.04.23 15:07:56.311,8.2868,8.28832,1.19,1.19
2014.04.23 15:08:04.204,8.2868,8.28832,1.19,1.19
2014.04.23 15:08:05.389,8.28685,8.28832,1.19,1.19
2014.04.23 15:08:06.837,8.28685,8.28832,1.19,1.19
2014.04.23 15:08:10.735,8.28685,8.28832,1.19,1.19
2014.04.23 15:08:11.737,8.28685,8.28832,1.19,1.19
2014.04.23 15:08:14.222,8.28685,8.28831,1.19,1.19
2014.04.23 15:08:14.977,8.28692,8.28831,1.00,1.19
2014.04.23 15:08:15.492,8.28692,8.28831,1.25,1.19
2014.04.23 15:08:16.473,8.28692,8.28814,1.19,1.19
2014.04.23 15:08:18.983,8.28692,8.28835,1.19,1.19
2014.04.23 15:08:22.136,8.28683,8.28835,1.19,1.19
2014.04.23 15:08:23.507,8.28678,8.28812,1.69,1.19
2014.04.23 15:08:25.064,8.28664,8.2883,1.19,1.19
2014.04.23 15:08:26.174,8.28672,8.28838,1.19,1.69
2014.04.23 15:08:27.267,8.28676,8.28838,1.19,1.69
2014.04.23 15:08:28.274,8.28675,8.28838,1.19,1.69
2014.04.23 15:08:30.022,8.28675,8.28838,1.19,1.69
2014.04.23 15:08:35.236,8.28681,8.28838,1.19,1.19
2014.04.23 15:08:40.621,8.28681,8.28838,1.19,1.69
2014.04.23 15:08:41.679,8.28679,8.28838,1.19,1.69
2014.04.23 15:08:48.993,8.28677,8.28838,1.19,1.19
2014.04.23 15:08:51.732,8.28678,8.2884,1.19,1.19
2014.04.23 15:08:52.936,8.28677,8.2884,1.19,1.19
2014.04.23 15:08:54.160,8.28676,8.2884,1.19,1.19
2014.04.23 15:08:55.498,8.28673,8.2884,1.69,1.19
2014.04.23 15:08:58.172,8.28674,8.2884,1.19,1.19
2014.04.23 15:09:02.438,8.28679,8.28842,1.19,1.19
2014.04.23 15:09:03.703,8.28664,8.28809,1.19,1.19
2014.04.23 15:09:04.057,8.28641,8.288,1.19,1.19
2014.04.23 15:09:05.034,8.28673,8.28839,1.19,1.19
2014.04.23 15:09:06.055,8.28672,8.28836,1.19,1.19
2014.04.23 15:09:09.067,8.28672,8.28836,1.19,1.19
2014.04.23 15:09:12.379,8.28676,8.28828,1.19,1.19
2014.04.23 15:09:13.198,8.28736,8.28842,1.19,1.00
2014.04.23 15:09:13.250,8.28736,8.2887,1.19,1.19
2014.04.23 15:09:14.892,8.28718,8.2887,1.19,1.19
2014.04.23 15:09:14.994,8.28698,8.28861,1.19,1.19
2014.04.23 15:09:16.224,8.2869,8.28836,1.19,1.19
2014.04.23 15:09:18.023,8.28687,8.28826,1.19,1.19
2014.04.23 15:09:20.216,8.28681,8.28826,1.19,1.19
2014.04.23 15:09:21.968,8.28679,8.28826,1.19,1.19
2014.04.23 15:09:23.075,8.28683,8.28826,1.19,1.19
2014.04.23 15:09:24.477,8.28682,8.28826,1.19,1.19
2014.04.23 15:09:26.029,8.28671,8.28826,1.19,1.19
2014.04.23 15:09:32.622,8.28651,8.28818,1.19,1.19
2014.04.23 15:09:32.723,8.28651,8.28811,1.19,1.19
2014.04.23 15:09:33.027,8.28643,8.28767,1.19,1.00
2014.04.23 15:09:34.162,8.28629,8.28767,1.19,1.19
2014.04.23 15:09:35.588,8.2863,8.28767,1.19,1.19
2014.04.23 15:09:40.249,8.28631,8.2876,1.19,1.19
2014.04.23 15:09:41.638,8.28632,8.2876,1.19,1.19
2014.04.23 15:09:42.949,8.28635,8.2876,1.19,1.25
2014.04.23 15:09:44.218,8.28634,8.2877,1.19,1.19
2014.04.23 15:09:47.310,8.28638,8.28778,1.19,1.19
2014.04.23 15:09:48.414,8.28635,8.28778,1.19,1.19
2014.04.23 15:09:49.919,8.28632,8.28778,1.19,1.19
2014.04.23 15:09:52.867,8.28637,8.28771,1.19,1.19
2014.04.23 15:09:53.935,8.28646,8.28771,1.19,1.19
2014.04.23 15:09:55.244,8.28642,8.28781,1.19,1.19
2014.04.23 15:09:57.435,8.28647,8.28781,1.19,1.19
2014.04.23 15:09:58.933,8.2864,8.28781,1.19,1.19
2014.04.23 15:10:00.229,8.28647,8.28781,1.19,1.19
2014.04.23 15:10:01.257,8.2865,8.28781,1.19,1.19
2014.04.23 15:10:02.353,8.28648,8.28781,1.19,1.19
2014.04.23 15:10:03.468,8.28646,8.28781,1.19,1.19
2014.04.23 15:10:05.128,8.28647,8.28781,1.19,1.19
2014.04.23 15:10:08.545,8.28678,8.28781,1.19,1.00
2014.04.23 15:10:08.646,8.28657,8.28789,1.69,1.19
2014.04.23 15:10:10.134,8.28667,8.28789,1.19,1.00
2014.04.23 15:10:11.481,8.28697,8.28799,1.00,1.19
2014.04.23 15:10:11.793,8.28708,8.28792,1.00,1.19
2014.04.23 15:10:12.612,8.28698,8.28792,1.00,1.19
2014.04.23 15:10:13.198,8.28698,8.28808,1.00,1.19
2014.04.23 15:10:14.046,8.28707,8.28808,1.00,1.19
2014.04.23 15:10:14.096,8.28707,8.28808,1.00,1.19
2014.04.23 15:10:16.113,8.28707,8.28815,1.25,1.19
2014.04.23 15:10:16.639,8.28708,8.28807,1.00,1.19
2014.04.23 15:10:17.564,8.28698,8.28807,1.19,1.19
2014.04.23 15:10:17.615,8.28698,8.28807,1.19,1.19
2014.04.23 15:10:18.911,8.28698,8.28807,1.19,1.19
2014.04.23 15:10:20.468,8.28687,8.28807,1.19,1.19
2014.04.23 15:10:21.450,8.28688,8.28807,1.19,1.19
2014.04.23 15:10:21.754,8.28692,8.28826,1.19,1.19
2014.04.23 15:10:22.973,8.28732,8.28844,1.19,1.00
2014.04.23 15:10:23.024,8.28732,8.28853,1.19,1.00
2014.04.23 15:10:23.377,8.2875,8.28862,1.19,1.00
2014.04.23 15:10:23.983,8.28766,8.28872,1.19,1.00
2014.04.23 15:10:24.135,8.28766,8.28885,1.19,1.00
2014.04.23 15:10:25.083,8.2877,8.28885,1.19,1.00
2014.04.23 15:10:26.509,8.28776,8.28885,1.19,1.00
2014.04.23 15:10:26.710,8.28776,8.28891,1.19,1.00
2014.04.23 15:10:28.659,8.28776,8.28905,1.19,1.19
2014.04.23 15:10:29.361,8.28775,8.28905,1.19,1.19
2014.04.23 15:10:30.990,8.28793,8.28922,1.19,1.19
2014.04.23 15:10:32.156,8.28791,8.28922,1.19,1.19
2014.04.23 15:10:33.273,8.28794,8.28926,1.19,1.19
2014.04.23 15:10:34.730,8.28805,8.28934,1.19,1.79
2014.04.23 15:10:34.986,8.28828,8.28954,1.19,1.19
2014.04.23 15:10:35.543,8.28843,8.28966,1.19,1.25
2014.04.23 15:10:36.502,8.28841,8.28966,1.19,1.00
2014.04.23 15:10:37.600,8.28839,8.28966,1.19,1.19
2014.04.23 15:10:39.104,8.2885,8.28966,1.19,1.00
2014.04.23 15:10:41.352,8.28847,8.28966,1.19,1.00
2014.04.23 15:10:41.464,8.28838,8.28966,1.19,1.19
2014.04.23 15:10:42.933,8.28844,8.28982,1.19,1.19
2014.04.23 15:10:45.208,8.28854,8.28982,1.19,1.19
2014.04.23 15:10:46.418,8.28857,8.28982,1.19,1.19
2014.04.23 15:10:47.908,8.28856,8.28982,1.19,1.19
2014.04.23 15:10:50.741,8.28856,8.28986,1.19,1.19
2014.04.23 15:10:52.017,8.28862,8.28986,1.19,1.19
2014.04.23 15:10:53.232,8.28867,8.28995,1.19,1.19
2014.04.23 15:10:54.540,8.28859,8.29003,1.19,1.19
2014.04.23 15:10:55.830,8.28872,8.29003,1.19,1.19
2014.04.23 15:10:59.071,8.28877,8.29003,1.19,1.19
2014.04.23 15:11:01.799,8.28875,8.29003,1.19,1.19
2014.04.23 15:11:09.621,8.28861,8.29003,1.19,1.19
2014.04.23 15:11:11.163,8.28858,8.29003,1.00,1.00
2014.04.23 15:11:11.264,8.28848,8.29003,1.00,1.00
2014.04.23 15:11:11.416,8.28827,8.28979,1.00,1.00
2014.04.23 15:11:11.729,8.28845,8.28996,1.19,1.19
2014.04.23 15:11:12.478,8.28857,8.29022,1.19,1.19
2014.04.23 15:11:14.179,8.28863,8.29021,1.19,1.19
2014.04.23 15:11:18.453,8.28865,8.29021,1.19,1.19
2014.04.23 15:11:21.551,8.28874,8.29021,1.19,1.19
2014.04.23 15:11:23.767,8.28887,8.29021,1.19,1.19
2014.04.23 15:11:31.202,8.28858,8.29021,1.19,1.19
2014.04.23 15:11:32.302,8.28858,8.29021,1.19,1.19
2014.04.23 15:11:33.353,8.28861,8.29021,1.19,1.19
2014.04.23 15:11:34.844,8.28879,8.29021,1.19,1.19
2014.04.23 15:11:36.555,8.28888,8.29021,1.19,1.19
2014.04.23 15:11:40.419,8.28897,8.29025,1.19,1.00
2014.04.23 15:11:40.470,8.28901,8.29025,1.19,1.00
2014.04.23 15:11:40.520,8.28902,8.29066,1.19,1.00
2014.04.23 15:11:40.622,8.2893,8.29097,1.19,1.19
2014.04.23 15:11:41.108,8.28952,8.29101,1.19,1.19
2014.04.23 15:11:41.828,8.28974,8.2911,1.19,1.19
2014.04.23 15:11:42.927,8.2899,8.29133,1.19,1.19
2014.04.23 15:11:44.123,8.28992,8.29131,1.19,1.19
2014.04.23 15:11:45.363,8.28992,8.2913,1.19,1.19
2014.04.23 15:11:46.382,8.28985,8.29138,1.19,1.19
2014.04.23 15:11:47.882,8.28962,8.29121,1.19,1.19
2014.04.23 15:11:49.074,8.28955,8.29113,1.19,1.19
2014.04.23 15:11:49.388,8.2898,8.29146,1.79,1.19
2014.04.23 15:11:49.489,8.29035,8.29154,1.19,1.00
2014.04.23 15:11:49.541,8.29036,8.29174,1.19,1.19
2014.04.23 15:11:50.721,8.29036,8.29195,1.19,1.19
2014.04.23 15:11:51.111,8.29049,8.29195,1.19,1.19
2014.04.23 15:11:51.263,8.29064,8.29219,1.19,1.19
2014.04.23 15:11:52.922,8.29124,8.29283,1.00,2.63
2014.04.23 15:11:53.023,8.29134,8.29262,1.19,1.00
2014.04.23 15:11:53.327,8.2909,8.29231,1.19,1.19
2014.04.23 15:11:55.275,8.29075,8.29231,1.19,1.19
2014.04.23 15:11:56.250,8.29073,8.29231,1.19,1.19
2014.04.23 15:11:57.592,8.29051,8.29205,1.19,1.19
2014.04.23 15:11:59.072,8.29061,8.29213,1.19,1.19
2014.04.23 15:12:00.494,8.29071,8.29222,1.19,1.19
2014.04.23 15:12:01.507,8.29064,8.29222,1.19,1.19
2014.04.23 15:12:02.532,8.29063,8.2921,1.19,1.19
2014.04.23 15:12:03.870,8.29062,8.2921,1.19,1.19
2014.04.23 15:12:04.073,8.29085,8.29236,1.19,1.19
2014.04.23 15:12:08.017,8.291,8.29258,1.19,1.19
2014.04.23 15:12:10.454,8.29102,8.29258,1.19,1.19
2014.04.23 15:12:12.494,8.29103,8.29258,1.19,1.19
2014.04.23 15:12:13.531,8.29102,8.29258,1.19,1.19
2014.04.23 15:12:14.672,8.29091,8.29258,1.19,1.19
2014.04.23 15:12:15.951,8.29084,8.29235,1.19,1.19
2014.04.23 15:12:17.141,8.2909,8.29255,1.19,1.19
2014.04.23 15:12:18.477,8.29088,8.29252,1.19,1.19
2014.04.23 15:12:19.452,8.29088,8.29252,1.19,1.19
2014.04.23 15:12:22.516,8.29088,8.29252,1.19,1.19
2014.04.23 15:12:23.514,8.29088,8.29252,1.19,1.19
2014.04.23 15:12:25.027,8.29096,8.29251,1.19,1.19
2014.04.23 15:12:27.028,8.29096,8.29252,1.19,1.19
2014.04.23 15:12:32.455,8.29096,8.29257,1.19,1.19
2014.04.23 15:12:34.565,8.29096,8.29256,1.19,1.19
2014.04.23 15:12:35.771,8.29096,8.29256,1.19,1.19
2014.04.23 15:12:37.629,8.29096,8.29255,1.19,1.19
2014.04.23 15:12:42.574,8.29096,8.29261,1.19,1.19
2014.04.23 15:12:44.214,8.29094,8.2926,1.19,1.19
2014.04.23 15:12:47.294,8.29094,8.29255,1.19,1.19
2014.04.23 15:12:49.125,8.29094,8.2926,1.19,1.19
2014.04.23 15:12:50.420,8.29094,8.2926,1.19,1.19
2014.04.23 15:12:51.036,8.29094,8.29162,1.19,1.00
2014.04.23 15:12:51.138,8.29028,8.29123,1.00,3.10
2014.04.23 15:12:51.189,8.29027,8.29088,1.88,1.00
2014.04.23 15:12:51.342,8.289,8.29028,1.00,1.00
2014.04.23 15:12:51.393,8.2888,8.29028,1.00,1.00
2014.04.23 15:12:51.444,8.28875,8.2893,1.19,1.00
2014.04.23 15:12:51.548,8.28858,8.2893,1.50,1.00
2014.04.23 15:12:51.700,8.28858,8.28914,1.00,1.00
2014.04.23 15:12:52.206,8.28858,8.28941,1.00,1.00
2014.04.23 15:12:52.640,8.2885,8.28941,1.00,1.00
2014.04.23 15:12:52.792,8.28781,8.28894,1.19,1.19
2014.04.23 15:12:53.953,8.28766,8.28906,1.19,1.19
2014.04.23 15:12:54.155,8.28766,8.28882,1.19,1.19
2014.04.23 15:12:54.206,8.28757,8.28863,1.19,1.00
2014.04.23 15:12:54.257,8.28757,8.28863,1.25,1.19
2014.04.23 15:12:55.772,8.2876,8.28863,2.10,1.19
2014.04.23 15:12:55.874,8.2876,8.28863,2.10,1.00
2014.04.23 15:12:55.975,8.28819,8.28898,1.19,1.00
2014.04.23 15:12:56.177,8.28819,8.28927,1.19,1.00
2014.04.23 15:12:56.279,8.28847,8.28927,1.19,1.00
2014.04.23 15:12:57.462,8.28847,8.28927,1.19,1.00
2014.04.23 15:12:58.479,8.28847,8.28945,1.19,1.00
2014.04.23 15:12:59.108,8.28851,8.28945,1.19,1.00
2014.04.23 15:13:01.226,8.28858,8.28945,1.19,1.00
2014.04.23 15:13:02.625,8.28858,8.28945,1.19,1.00
2014.04.23 15:13:02.676,8.28858,8.28977,1.19,1.19
2014.04.23 15:13:03.945,8.28857,8.28977,1.19,1.00
2014.04.23 15:13:04.934,8.28852,8.28977,1.19,1.00
2014.04.23 15:13:06.071,8.28852,8.28991,1.19,1.19
2014.04.23 15:13:06.944,8.28852,8.28991,1.19,1.19
2014.04.23 15:13:09.155,8.28852,8.28991,1.19,1.19
2014.04.23 15:13:10.809,8.28861,8.28991,1.19,1.19
2014.04.23 15:13:12.268,8.28862,8.28991,1.19,1.19
2014.04.23 15:13:13.557,8.28869,8.28991,1.19,1.00
2014.04.23 15:13:14.725,8.28872,8.28991,1.19,1.00
2014.04.23 15:13:15.411,8.28848,8.28991,1.19,1.19
2014.04.23 15:13:15.461,8.28848,8.28966,1.19,1.00
2014.04.23 15:13:15.512,8.28844,8.28966,1.19,1.00
2014.04.23 15:13:18.433,8.28837,8.28966,1.19,1.19
2014.04.23 15:13:19.424,8.28838,8.28966,1.19,1.25
2014.04.23 15:13:20.146,8.28852,8.28966,1.19,1.00
2014.04.23 15:13:20.298,8.28887,8.29051,1.19,1.19
2014.04.23 15:13:20.552,8.2889,8.29043,1.19,1.19
2014.04.23 15:13:21.370,8.28905,8.29043,1.19,1.19
2014.04.23 15:13:21.673,8.28925,8.29091,1.19,1.19
2014.04.23 15:13:22.670,8.28927,8.29092,1.19,1.19
2014.04.23 15:13:24.177,8.28933,8.29092,1.19,1.19
2014.04.23 15:13:25.430,8.28949,8.29101,1.19,1.19
2014.04.23 15:13:25.734,8.28968,8.29124,1.19,1.19
2014.04.23 15:13:27.340,8.28977,8.29135,1.19,1.19
2014.04.23 15:13:28.938,8.28973,8.29135,1.19,1.19
2014.04.23 15:13:31.133,8.28968,8.29135,1.19,1.19
2014.04.23 15:13:35.129,8.28974,8.29135,1.19,1.19
2014.04.23 15:13:36.579,8.29011,8.29135,2.10,1.19
2014.04.23 15:13:36.680,8.29035,8.29145,1.60,1.00
2014.04.23 15:13:36.731,8.2909,8.29145,1.00,1.00
2014.04.23 15:13:36.933,8.29069,8.29138,1.19,1.00
2014.04.23 15:13:36.984,8.29012,8.29138,1.19,1.00
2014.04.23 15:13:37.034,8.29007,8.2912,1.19,1.00
2014.04.23 15:13:37.186,8.28996,8.2912,1.19,1.25
2014.04.23 15:13:37.590,8.28996,8.29091,1.19,1.60
2014.04.23 15:13:37.692,8.28975,8.29091,1.00,1.60
2014.04.23 15:13:37.743,8.28975,8.29067,1.00,1.00
2014.04.23 15:13:38.046,8.28997,8.29137,1.19,1.19
2014.04.23 15:13:39.082,8.28986,8.29143,1.19,1.19
2014.04.23 15:13:39.694,8.29026,8.29146,1.19,1.00
2014.04.23 15:13:39.744,8.29026,8.29167,1.19,1.19
2014.04.23 15:13:40.929,8.29044,8.29163,1.19,1.19
2014.04.23 15:13:44.109,8.29044,8.29163,1.00,1.19
2014.04.23 15:13:44.210,8.29027,8.29163,1.25,1.19
2014.04.23 15:13:44.828,8.28996,8.29112,1.19,2.10
2014.04.23 15:13:44.930,8.28976,8.29112,1.19,3.98
2014.04.23 15:13:45.032,8.28931,8.2909,1.19,1.79
2014.04.23 15:13:46.253,8.28904,8.29059,1.19,1.19
2014.04.23 15:13:46.930,8.28951,8.29059,1.19,1.00
2014.04.23 15:13:47.233,8.28985,8.29143,1.19,1.19
2014.04.23 15:13:48.958,8.28985,8.29143,1.19,1.19
2014.04.23 15:13:50.722,8.28979,8.29143,1.19,1.19
2014.04.23 15:13:54.449,8.28997,8.29143,1.19,1.19
2014.04.23 15:13:55.584,8.28994,8.29143,1.19,1.19
2014.04.23 15:13:56.824,8.28991,8.29143,1.19,1.19
2014.04.23 15:13:59.116,8.29001,8.29143,1.19,1.19
2014.04.23 15:14:01.363,8.29001,8.29143,1.19,1.19
2014.04.23 15:14:02.557,8.29003,8.29143,1.19,1.19
2014.04.23 15:14:03.239,8.28985,8.29143,1.69,1.19
2014.04.23 15:14:04.427,8.28985,8.29143,1.19,1.19
2014.04.23 15:14:05.392,8.28988,8.29143,1.19,1.19
2014.04.23 15:14:06.513,8.28989,8.29143,1.19,1.19
2014.04.23 15:14:07.126,8.29006,8.29143,1.19,1.19
2014.04.23 15:14:07.228,8.29035,8.29151,1.19,1.00
2014.04.23 15:14:07.278,8.29035,8.29178,1.19,1.19
2014.04.23 15:14:08.653,8.29042,8.29185,1.19,1.19
2014.04.23 15:14:09.948,8.29042,8.29185,1.19,1.19
2014.04.23 15:14:12.042,8.29042,8.29185,1.19,1.19
2014.04.23 15:14:14.926,8.29042,8.29175,1.19,1.19
2014.04.23 15:14:16.293,8.29042,8.29175,1.19,1.19
2014.04.23 15:14:17.421,8.29042,8.29175,1.19,1.19
2014.04.23 15:14:20.409,8.29042,8.29175,1.19,1.19
2014.04.23 15:14:24.878,8.29042,8.29175,1.19,1.19
2014.04.23 15:14:26.243,8.29042,8.29175,1.19,1.19
2014.04.23 15:14:26.740,8.29045,8.29175,1.19,1.19
2014.04.23 15:14:28.261,8.29045,8.29175,1.19,1.19
2014.04.23 15:14:29.602,8.29045,8.29175,1.19,1.19
2014.04.23 15:14:29.919,8.29045,8.29153,1.19,1.00
2014.04.23 15:14:30.667,8.29045,8.29178,1.19,1.19
2014.04.23 15:14:30.769,8.29045,8.29178,1.19,1.19
2014.04.23 15:14:33.726,8.29045,8.29178,1.19,1.19
2014.04.23 15:14:35.248,8.29045,8.29178,1.19,1.19
2014.04.23 15:14:36.825,8.29045,8.29178,1.19,1.19
2014.04.23 15:14:38.540,8.29045,8.29178,1.19,1.19
2014.04.23 15:14:41.761,8.29045,8.29178,1.19,1.19
2014.04.23 15:14:43.573,8.29045,8.29178,1.19,1.19
2014.04.23 15:14:44.576,8.29045,8.29178,1.19,1.19
2014.04.23 15:14:47.438,8.29045,8.29178,1.19,1.19
2014.04.23 15:14:49.134,8.29045,8.29178,1.19,1.19
2014.04.23 15:14:50.752,8.29045,8.29178,1.19,1.19
2014.04.23 15:14:51.956,8.29045,8.29178,1.19,1.19
2014.04.23 15:14:55.970,8.29045,8.29197,1.19,1.19
2014.04.23 15:14:58.363,8.29034,8.29174,1.19,1.19
2014.04.23 15:15:00.756,8.29034,8.29174,1.69,1.19
2014.04.23 15:15:02.453,8.29049,8.29174,1.19,1.19
2014.04.23 15:15:02.893,8.29047,8.29174,1.19,1.19
2014.04.23 15:15:02.995,8.29045,8.29174,1.19,1.00
2014.04.23 15:15:04.216,8.29044,8.29174,1.00,1.19
2014.04.23 15:15:09.139,8.29044,8.29174,1.00,1.19
2014.04.23 15:15:11.748,8.29044,8.29174,1.00,1.19
2014.04.23 15:15:12.500,8.29037,8.29174,1.00,1.19
2014.04.23 15:15:14.200,8.29037,8.29174,1.00,1.00
2014.04.23 15:15:14.308,8.29037,8.29174,1.00,1.19
2014.04.23 15:15:14.362,8.29043,8.29174,1.19,1.00
2014.04.23 15:15:15.768,8.29045,8.29174,1.19,1.00
2014.04.23 15:15:17.935,8.29037,8.29174,1.19,1.19
2014.04.23 15:15:19.161,8.29046,8.29195,1.19,1.19
2014.04.23 15:15:21.258,8.29061,8.29195,1.19,1.19
2014.04.23 15:15:22.587,8.29061,8.29161,1.19,1.00
2014.04.23 15:15:22.649,8.29031,8.29161,1.19,1.00
2014.04.23 15:15:22.700,8.29031,8.29146,1.19,1.00
2014.04.23 15:15:22.751,8.29013,8.29146,1.19,1.19
2014.04.23 15:15:22.807,8.29013,8.29138,1.19,1.00
2014.04.23 15:15:24.487,8.2901,8.29138,1.19,1.00
2014.04.23 15:15:25.385,8.29024,8.29138,1.19,1.00
2014.04.23 15:15:25.486,8.29024,8.29154,1.19,1.00
2014.04.23 15:15:25.587,8.29024,8.29164,1.19,1.00
2014.04.23 15:15:27.481,8.29021,8.29164,1.19,1.19
2014.04.23 15:15:29.689,8.28998,8.29122,1.19,1.19
2014.04.23 15:15:29.791,8.28982,8.29111,1.19,1.19
2014.04.23 15:15:31.302,8.28983,8.29111,1.19,1.19
2014.04.23 15:15:32.612,8.28983,8.29111,1.19,1.19
2014.04.23 15:15:34.216,8.28984,8.29111,1.19,1.19
2014.04.23 15:15:34.458,8.29019,8.29111,1.19,1.00
2014.04.23 15:15:34.509,8.29019,8.29139,1.19,1.00
2014.04.23 15:15:34.611,8.29019,8.29153,1.19,1.00
2014.04.23 15:15:39.143,8.29026,8.29153,1.19,1.25
2014.04.23 15:15:39.672,8.29044,8.29153,1.19,1.00
2014.04.23 15:15:39.773,8.2901,8.29145,1.19,1.00
2014.04.23 15:15:40.449,8.2898,8.29145,1.19,1.00
2014.04.23 15:15:40.749,8.2898,8.29145,1.19,1.19
2014.04.23 15:15:41.368,8.2898,8.29133,1.00,1.19
2014.04.23 15:15:41.470,8.2898,8.29113,1.00,1.19
2014.04.23 15:15:41.521,8.28927,8.29093,1.00,1.00
2014.04.23 15:15:41.622,8.28917,8.29082,1.00,1.00
2014.04.23 15:15:42.168,8.28917,8.29082,1.00,1.19
2014.04.23 15:15:42.809,8.28917,8.29082,1.00,1.00
2014.04.23 15:15:43.263,8.28908,8.29073,1.00,1.00
2014.04.23 15:15:43.584,8.28894,8.29061,1.00,1.25
2014.04.23 15:15:43.635,8.28894,8.29055,1.00,1.19
2014.04.23 15:15:44.449,8.28894,8.29028,1.00,1.19
2014.04.23 15:15:44.501,8.28882,8.29028,1.00,1.19
2014.04.23 15:15:44.552,8.28882,8.29043,1.00,1.19
2014.04.23 15:15:44.603,8.28868,8.29032,1.00,1.19
2014.04.23 15:15:45.763,8.28848,8.29013,1.00,1.19
2014.04.23 15:15:46.426,8.28857,8.29024,1.00,1.19
2014.04.23 15:15:49.588,8.28843,8.29008,1.00,1.00
2014.04.23 15:15:49.689,8.2885,8.29017,1.00,1.00
2014.04.23 15:15:52.939,8.28834,8.29001,1.00,1.00
2014.04.23 15:15:53.785,8.28823,8.28988,1.19,1.00
2014.04.23 15:15:55.020,8.28831,8.28997,1.00,1.00
2014.04.23 15:16:00.943,8.28851,8.28999,1.00,1.19
2014.04.23 15:16:01.044,8.28871,8.29037,1.00,1.69
2014.04.23 15:16:01.145,8.28858,8.29025,1.00,1.19
2014.04.23 15:16:01.246,8.28869,8.29035,1.00,1.19
2014.04.23 15:16:01.458,8.28878,8.29044,1.00,1.00
2014.04.23 15:16:02.639,8.28887,8.29054,1.00,1.00
2014.04.23 15:16:02.690,8.28887,8.29054,1.19,1.00
2014.04.23 15:16:04.947,8.28887,8.29054,1.19,1.00
2014.04.23 15:16:06.457,8.28887,8.29054,1.00,1.19
2014.04.23 15:16:06.558,8.28878,8.29045,1.00,1.00
2014.04.23 15:16:07.304,8.28888,8.29055,1.19,1.00
2014.04.23 15:16:09.918,8.28888,8.29055,1.19,1.00
2014.04.23 15:16:11.240,8.28888,8.29055,1.00,1.00
2014.04.23 15:16:11.291,8.28894,8.2906,1.00,1.00
2014.04.23 15:16:11.825,8.289,8.2906,1.00,1.00
2014.04.23 15:16:11.876,8.28905,8.29069,1.00,1.00
2014.04.23 15:16:11.978,8.28921,8.29086,1.00,1.00
2014.04.23 15:16:19.055,8.28922,8.29086,1.00,1.00
2014.04.23 15:16:19.107,8.28942,8.29107,1.00,1.00
2014.04.23 15:16:19.208,8.28949,8.29116,1.00,1.00
2014.04.23 15:16:19.309,8.2893,8.29096,1.00,1.00
2014.04.23 15:16:19.676,8.28923,8.29088,1.00,1.00
2014.04.23 15:16:20.096,8.28915,8.29079,1.00,1.00
2014.04.23 15:16:20.423,8.28958,8.29122,1.00,1.00
2014.04.23 15:16:28.940,8.28949,8.29116,1.00,1.00
2014.04.23 15:16:36.975,8.28959,8.29123,1.00,1.00
2014.04.23 15:16:49.855,8.28948,8.29115,1.00,1.00
2014.04.23 15:16:51.188,8.28948,8.29115,1.00,1.19
2014.04.23 15:16:53.900,8.28948,8.29115,1.00,1.19
2014.04.23 15:16:55.853,8.28948,8.29115,1.00,1.19
2014.04.23 15:17:04.244,8.28948,8.29115,1.00,1.19
2014.04.23 15:17:10.195,8.28955,8.29121,1.00,1.19
2014.04.23 15:17:10.302,8.28955,8.29121,1.00,1.19
2014.04.23 15:17:11.435,8.28955,8.29121,1.00,1.19
2014.04.23 15:17:14.028,8.28955,8.29121,1.00,1.19
2014.04.23 15:17:14.501,8.28955,8.29121,1.00,1.00
2014.04.23 15:17:15.668,8.28946,8.2911,1.00,1.00
2014.04.23 15:17:22.426,8.2895,8.2911,1.00,1.00
2014.04.23 15:17:24.177,8.28946,8.2911,1.00,1.00
2014.04.23 15:17:24.406,8.28948,8.2911,1.00,1.00
2014.04.23 15:17:25.385,8.28946,8.2911,1.00,1.00
2014.04.23 15:17:28.946,8.28938,8.29103,1.00,1.00
2014.04.23 15:17:29.047,8.28914,8.29074,1.00,1.00
2014.04.23 15:17:29.486,8.289,8.29067,1.50,1.00
2014.04.23 15:17:30.225,8.289,8.29067,1.69,1.00
2014.04.23 15:17:31.687,8.289,8.29067,1.19,1.19
2014.04.23 15:17:32.697,8.28894,8.29058,1.25,1.19
2014.04.23 15:17:32.798,8.28901,8.29068,1.00,1.19
2014.04.23 15:17:34.610,8.28901,8.29065,1.00,1.19
2014.04.23 15:17:35.698,8.28901,8.29068,1.00,1.00
2014.04.23 15:17:35.749,8.28943,8.2911,1.00,1.00
2014.04.23 15:17:44.800,8.28943,8.2911,1.00,1.19
2014.04.23 15:17:46.505,8.28943,8.2911,1.00,1.19
2014.04.23 15:17:48.669,8.28943,8.2911,1.00,1.00
2014.04.23 15:17:55.864,8.28945,8.29111,1.00,1.00
2014.04.23 15:18:03.503,8.28936,8.29101,1.00,1.00
2014.04.23 15:18:09.219,8.28944,8.29109,1.00,1.00
2014.04.23 15:18:11.383,8.28949,8.29109,1.00,1.00
2014.04.23 15:18:12.475,8.28944,8.29109,1.00,1.00
2014.04.23 15:18:12.727,8.28949,8.29109,1.00,1.00
2014.04.23 15:18:18.415,8.28944,8.29109,1.00,1.00
2014.04.23 15:18:19.185,8.28948,8.29109,1.00,1.00
2014.04.23 15:18:23.946,8.28952,8.29116,1.00,1.00
2014.04.23 15:18:24.691,8.28943,8.2911,1.00,1.00
2014.04.23 15:18:24.792,8.28952,8.29116,1.00,1.00
2014.04.23 15:18:25.602,8.28943,8.29107,1.00,1.00
2014.04.23 15:18:27.762,8.28951,8.29115,1.00,1.00
2014.04.23 15:18:28.722,8.28942,8.29106,1.00,1.00
2014.04.23 15:18:29.530,8.28948,8.29106,1.00,1.00
2014.04.23 15:18:29.581,8.28969,8.29134,1.00,1.00
2014.04.23 15:18:29.632,8.28969,8.29134,1.00,1.19
2014.04.23 15:18:29.683,8.28957,8.29114,1.00,1.00
2014.04.23 15:18:30.665,8.28948,8.29114,1.19,1.00
2014.04.23 15:18:30.725,8.28948,8.29114,1.19,1.00
2014.04.23 15:18:32.960,8.28948,8.29114,1.00,1.00
2014.04.23 15:18:33.061,8.28941,8.29102,1.00,1.00
2014.04.23 15:18:33.874,8.28947,8.29102,1.88,1.00
2014.04.23 15:18:34.076,8.28971,8.29134,1.19,1.00
2014.04.23 15:18:34.625,8.2898,8.29147,1.00,1.19
2014.04.23 15:18:35.248,8.2898,8.29147,1.00,1.00
2014.04.23 15:18:35.774,8.2898,8.29147,1.19,1.19
2014.04.23 15:18:37.005,8.28989,8.29154,1.19,1.19
2014.04.23 15:18:37.999,8.28989,8.29154,1.19,1.19
2014.04.23 15:18:38.705,8.29002,8.29163,1.19,1.19
2014.04.23 15:18:39.534,8.2902,8.29176,1.19,1.19
2014.04.23 15:18:41.047,8.29011,8.29176,1.19,1.19
2014.04.23 15:18:41.149,8.29024,8.29179,1.19,1.19
2014.04.23 15:18:43.718,8.29018,8.29184,1.19,1.19
2014.04.23 15:18:45.931,8.29018,8.29184,1.19,1.19
2014.04.23 15:18:47.716,8.29027,8.29184,1.19,1.19
2014.04.23 15:18:52.308,8.2902,8.29184,1.19,1.69
2014.04.23 15:18:53.353,8.29018,8.29183,1.19,1.19
2014.04.23 15:18:55.334,8.29018,8.29182,1.19,1.19
2014.04.23 15:19:00.390,8.29027,8.29184,1.19,1.19
2014.04.23 15:19:02.298,8.29038,8.29183,1.19,1.19
2014.04.23 15:19:03.534,8.29039,8.2919,1.19,1.19
2014.04.23 15:19:04.520,8.29043,8.2919,1.19,1.19
2014.04.23 15:19:09.235,8.29032,8.29184,1.19,1.19
2014.04.23 15:19:11.989,8.29033,8.29183,1.19,1.19
2014.04.23 15:19:12.290,8.29024,8.29169,1.00,1.19
2014.04.23 15:19:13.427,8.29024,8.29162,1.19,1.19
2014.04.23 15:19:19.561,8.28978,8.29162,2.63,1.34
2014.04.23 15:19:19.874,8.29004,8.29146,1.19,1.34
2014.04.23 15:19:20.216,8.29008,8.29169,1.19,1.34
2014.04.23 15:19:20.763,8.29008,8.29169,1.19,1.34
2014.04.23 15:19:21.228,8.29013,8.29179,1.19,1.34
2014.04.23 15:19:21.976,8.29013,8.29179,1.19,1.34
2014.04.23 15:19:23.417,8.29012,8.29172,1.19,1.19
2014.04.23 15:19:24.787,8.29005,8.29172,1.19,1.19
2014.04.23 15:19:26.521,8.29005,8.29172,1.19,1.19
2014.04.23 15:19:27.458,8.29028,8.29177,1.00,1.19
2014.04.23 15:19:27.762,8.29123,8.29233,1.00,1.19
2014.04.23 15:19:28.015,8.29126,8.29243,2.29,1.19
2014.04.23 15:19:28.116,8.29121,8.29243,1.19,1.19
2014.04.23 15:19:28.217,8.29115,8.29226,1.19,1.19
2014.04.23 15:19:29.624,8.29096,8.29208,1.19,1.19
2014.04.23 15:19:29.725,8.29076,8.29195,1.19,1.19
2014.04.23 15:19:30.180,8.29096,8.29195,1.00,1.19
2014.04.23 15:19:30.483,8.29188,8.29229,1.88,1.19
2014.04.23 15:19:31.410,8.29185,8.29229,1.00,1.19
2014.04.23 15:19:31.511,8.29147,8.29221,1.88,1.19
2014.04.23 15:19:32.873,8.29147,8.29223,1.88,1.19
2014.04.23 15:19:33.876,8.29147,8.29217,1.88,1.19
2014.04.23 15:19:34.146,8.291,8.29185,1.19,1.00
2014.04.23 15:19:34.197,8.291,8.29157,1.00,1.19
2014.04.23 15:19:34.247,8.29038,8.29157,3.00,1.19
2014.04.23 15:19:34.349,8.29037,8.29145,1.88,1.19
2014.04.23 15:19:34.653,8.29096,8.29145,1.00,1.19
2014.04.23 15:19:34.982,8.29126,8.29156,1.00,1.19
2014.04.23 15:19:35.394,8.29126,8.29171,1.00,1.19
2014.04.23 15:19:35.495,8.29138,8.29171,1.00,1.19
2014.04.23 15:19:36.251,8.2912,8.29171,1.00,1.19
2014.04.23 15:19:36.302,8.29115,8.29169,1.88,1.19
2014.04.23 15:19:36.606,8.29147,8.29186,1.88,1.19
2014.04.23 15:19:36.707,8.29035,8.29119,1.00,1.19
2014.04.23 15:19:36.758,8.29064,8.2911,1.00,1.19
2014.04.23 15:19:37.061,8.29073,8.29117,1.00,1.19
2014.04.23 15:19:37.387,8.29076,8.29117,1.00,1.19
2014.04.23 15:19:37.990,8.29065,8.29113,1.00,1.19
2014.04.23 15:19:38.193,8.29054,8.29113,1.00,1.19
2014.04.23 15:19:38.244,8.2902,8.29113,1.00,1.19
2014.04.23 15:19:38.295,8.29059,8.29113,1.00,1.19
2014.04.23 15:19:38.637,8.29052,8.29107,1.00,1.19
2014.04.23 15:19:39.353,8.29058,8.29108,1.00,1.19
2014.04.23 15:19:40.415,8.2905,8.29111,1.00,1.19
2014.04.23 15:19:40.466,8.29054,8.29085,1.00,1.00
2014.04.23 15:19:40.697,8.29058,8.29111,1.00,1.19
2014.04.23 15:19:42.544,8.29053,8.29109,1.00,1.19
2014.04.23 15:19:42.848,8.29025,8.29067,2.50,1.00
2014.04.23 15:19:42.900,8.28928,8.29028,1.00,1.19
2014.04.23 15:19:42.951,8.28989,8.29028,1.88,1.00
2014.04.23 15:19:43.002,8.29008,8.29087,2.50,1.00
2014.04.23 15:19:43.204,8.29024,8.29087,1.00,1.00
2014.04.23 15:19:43.255,8.28999,8.29054,1.88,1.00
2014.04.23 15:19:43.473,8.29013,8.29102,1.88,1.69
2014.04.23 15:19:45.002,8.29014,8.29096,1.88,1.19
2014.04.23 15:19:45.996,8.29012,8.29082,1.88,1.19
2014.04.23 15:19:47.616,8.29012,8.29082,1.88,1.19
2014.04.23 15:19:48.325,8.28935,8.29098,1.00,1.19
2014.04.23 15:19:48.601,8.28935,8.29097,1.00,1.19
2014.04.23 15:19:49.231,8.28923,8.29088,1.19,1.19
2014.04.23 15:19:49.984,8.28957,8.29097,1.00,1.19
2014.04.23 15:19:50.514,8.28957,8.29101,1.00,1.19
2014.04.23 15:19:51.439,8.28957,8.29119,1.00,1.25
2014.04.23 15:19:51.490,8.28968,8.29135,1.00,1.19
2014.04.23 15:19:51.822,8.28977,8.29141,1.00,1.19
2014.04.23 15:19:52.545,8.28977,8.29142,1.00,1.19
2014.04.23 15:19:53.540,8.28984,8.2915,1.00,1.19
2014.04.23 15:19:53.871,8.28984,8.29143,1.00,1.19
2014.04.23 15:19:54.074,8.28946,8.29111,1.19,1.19
2014.04.23 15:19:54.175,8.2895,8.29111,1.19,1.19
2014.04.23 15:19:55.357,8.28951,8.29096,1.19,1.19
2014.04.23 15:19:56.358,8.2895,8.29095,1.19,1.19
2014.04.23 15:19:57.569,8.28946,8.29086,1.19,1.19
2014.04.23 15:20:00.534,8.28946,8.29099,1.69,1.19
2014.04.23 15:20:01.190,8.28946,8.29099,1.00,1.19
2014.04.23 15:20:01.684,8.28935,8.29099,1.19,1.19
2014.04.23 15:20:01.735,8.28935,8.29081,1.19,1.19
2014.04.23 15:20:02.222,8.28981,8.29081,1.00,1.19
2014.04.23 15:20:02.273,8.28981,8.29134,1.00,1.19
2014.04.23 15:20:02.374,8.28981,8.29148,1.00,1.19
2014.04.23 15:20:02.960,8.28981,8.29108,1.00,1.00
2014.04.23 15:20:03.162,8.28981,8.29133,1.00,1.19
2014.04.23 15:20:04.965,8.28981,8.29148,1.00,1.19
2014.04.23 15:20:09.774,8.2898,8.29147,1.00,1.19
2014.04.23 15:20:10.414,8.2898,8.29135,1.00,1.00
2014.04.23 15:20:25.193,8.28973,8.29135,1.00,1.00
2014.04.23 15:20:33.553,8.28973,8.29135,1.00,1.23
2014.04.23 15:20:33.604,8.28965,8.2913,1.00,1.00
2014.04.23 15:20:33.655,8.28965,8.29113,1.00,2.48
2014.04.23 15:20:33.706,8.28935,8.29102,1.00,1.00
2014.04.23 15:20:33.807,8.28912,8.29074,1.19,1.00
2014.04.23 15:20:34.320,8.28901,8.29065,1.19,1.00
2014.04.23 15:20:34.736,8.28908,8.29063,1.25,1.19
2014.04.23 15:20:36.418,8.28908,8.2905,1.25,1.19
2014.04.23 15:20:36.954,8.28907,8.29051,1.00,1.19
2014.04.23 15:20:37.167,8.28907,8.29054,1.00,1.19
2014.04.23 15:20:38.150,8.28907,8.29055,1.19,1.19
2014.04.23 15:20:40.461,8.28907,8.29059,1.19,1.19
2014.04.23 15:20:46.028,8.28932,8.29072,1.19,1.19
2014.04.23 15:20:46.230,8.28909,8.29057,1.19,1.19
2014.04.23 15:20:47.172,8.28907,8.29055,1.19,1.19
2014.04.23 15:20:51.872,8.28907,8.29042,1.00,1.19
2014.04.23 15:20:52.042,8.28917,8.29042,1.00,1.19
2014.04.23 15:20:52.264,8.28917,8.29044,1.25,1.19
2014.04.23 15:20:53.585,8.28917,8.29048,1.19,1.19
2014.04.23 15:20:54.163,8.28923,8.29055,1.19,1.19
2014.04.23 15:20:54.712,8.28917,8.29052,1.19,1.19
2014.04.23 15:20:57.203,8.28907,8.29055,1.00,1.19
2014.04.23 15:20:57.322,8.28917,8.29055,1.00,1.19
2014.04.23 15:20:58.315,8.28905,8.29055,1.00,1.19
2014.04.23 15:20:58.467,8.28898,8.29053,1.00,1.19
2014.04.23 15:20:59.634,8.28908,8.29053,1.00,1.19
2014.04.23 15:21:00.795,8.28908,8.29063,1.00,1.19
2014.04.23 15:21:02.493,8.28908,8.29065,1.19,1.19
2014.04.23 15:21:03.499,8.28908,8.29066,1.19,1.19
2014.04.23 15:21:04.504,8.28918,8.29065,1.19,1.19
2014.04.23 15:21:05.508,8.28919,8.29065,1.19,1.19
2014.04.23 15:21:06.716,8.2894,8.29069,1.19,1.19
2014.04.23 15:21:08.222,8.28927,8.29061,1.19,1.00
2014.04.23 15:21:09.362,8.2894,8.29061,1.19,1.19
2014.04.23 15:21:10.532,8.2894,8.29061,1.19,1.19
2014.04.23 15:21:14.147,8.28918,8.29061,1.00,1.19
2014.04.23 15:21:15.071,8.28898,8.29061,1.19,1.19
2014.04.23 15:21:15.237,8.28898,8.29054,1.00,1.19
2014.04.23 15:21:15.822,8.28952,8.29061,1.00,1.19
2014.04.23 15:21:16.024,8.29042,8.29159,2.10,1.00
2014.04.23 15:21:16.075,8.29028,8.29118,1.00,1.00
2014.04.23 15:21:16.328,8.28986,8.29118,1.00,1.00
2014.04.23 15:21:16.429,8.28986,8.29134,1.00,1.00
2014.04.23 15:21:16.480,8.28965,8.2913,1.00,1.00
2014.04.23 15:21:16.733,8.28965,8.2913,1.69,1.00
2014.04.23 15:21:17.052,8.28985,8.29151,1.00,1.19
2014.04.23 15:21:18.958,8.28985,8.29151,1.19,1.19
2014.04.23 15:21:22.329,8.28985,8.29151,1.19,1.19
2014.04.23 15:21:23.454,8.28985,8.2914,1.19,1.00
2014.04.23 15:21:24.638,8.28985,8.2914,1.19,1.00
2014.04.23 15:21:26.062,8.28985,8.2914,1.19,1.00
2014.04.23 15:21:26.984,8.2901,8.29166,1.19,1.19
2014.04.23 15:21:27.449,8.2901,8.29124,1.19,1.00
2014.04.23 15:21:27.893,8.29009,8.29124,1.00,1.00
2014.04.23 15:21:27.945,8.28996,8.29124,1.00,1.00
2014.04.23 15:21:27.996,8.28996,8.29088,1.00,1.00
2014.04.23 15:21:28.046,8.28975,8.29088,1.00,1.00
2014.04.23 15:21:28.148,8.28971,8.29088,1.00,1.00
2014.04.23 15:21:28.249,8.28971,8.29126,1.00,1.25
2014.04.23 15:21:29.673,8.28956,8.29123,1.00,1.00
2014.04.23 15:21:31.175,8.28956,8.29108,1.00,1.00
2014.04.23 15:21:32.252,8.28948,8.29108,1.00,1.00
2014.04.23 15:21:34.853,8.28937,8.29102,1.00,1.00
2014.04.23 15:21:36.567,8.28937,8.29102,1.00,1.19
2014.04.23 15:21:37.601,8.28937,8.29102,1.00,1.19
2014.04.23 15:21:37.892,8.28937,8.29102,1.00,1.00
2014.04.23 15:21:40.699,8.28937,8.29102,1.00,1.19
2014.04.23 15:21:44.012,8.28937,8.29102,1.00,1.19
2014.04.23 15:21:45.146,8.2894,8.29102,1.00,1.00
2014.04.23 15:21:45.197,8.2896,8.29108,1.00,1.19
2014.04.23 15:21:45.400,8.2896,8.29108,1.00,1.00
2014.04.23 15:21:45.451,8.2896,8.29108,1.00,1.19
2014.04.23 15:21:45.502,8.2895,8.29108,1.00,1.19
2014.04.23 15:21:45.950,8.2895,8.29108,1.00,1.00
2014.04.23 15:21:47.247,8.28965,8.29108,1.00,1.00
2014.04.23 15:21:47.586,8.28949,8.29108,1.00,1.00
2014.04.23 15:21:50.502,8.28966,8.29108,1.00,1.00
2014.04.23 15:21:51.474,8.2895,8.29108,1.00,1.00
2014.04.23 15:21:55.861,8.28936,8.29101,1.00,1.00
2014.04.23 15:21:57.853,8.28936,8.29101,1.00,1.19
2014.04.23 15:22:00.252,8.28936,8.29101,1.00,1.00
2014.04.23 15:22:01.482,8.28936,8.29101,1.00,1.69
2014.04.23 15:22:03.462,8.28955,8.29101,1.00,1.19
2014.04.23 15:22:03.563,8.28955,8.29108,1.00,1.19
2014.04.23 15:22:03.614,8.2894,8.29106,1.00,1.19
2014.04.23 15:22:03.664,8.2894,8.29101,1.00,1.19
2014.04.23 15:22:03.950,8.2894,8.29106,1.00,1.00
2014.04.23 15:22:11.231,8.2894,8.29106,1.00,1.19
2014.04.23 15:22:17.019,8.2895,8.29108,1.00,1.19
2014.04.23 15:22:17.070,8.2895,8.29108,1.00,1.19
2014.04.23 15:22:17.544,8.28941,8.29105,1.00,1.25
2014.04.23 15:22:18.664,8.28941,8.29104,1.00,1.19
2014.04.23 15:22:19.793,8.28941,8.29105,1.00,1.19
2014.04.23 15:22:20.471,8.28941,8.29105,1.00,1.00
2014.04.23 15:22:27.301,8.28951,8.29108,1.00,1.00
2014.04.23 15:22:34.633,8.28984,8.29108,2.10,1.00
2014.04.23 15:22:34.686,8.28984,8.29135,2.10,1.00
2014.04.23 15:22:34.737,8.29001,8.29146,1.60,1.00
2014.04.23 15:22:35.027,8.29001,8.29168,1.60,1.00
2014.04.23 15:22:35.803,8.29001,8.29168,1.60,1.19
2014.04.23 15:22:36.106,8.29092,8.29163,2.10,1.00
2014.04.23 15:22:36.207,8.29117,8.29179,1.19,1.00
2014.04.23 15:22:36.309,8.29117,8.29179,1.19,1.00
2014.04.23 15:22:36.410,8.29082,8.29179,1.19,1.00
2014.04.23 15:22:36.461,8.29066,8.29195,1.19,1.00
2014.04.23 15:22:36.512,8.29041,8.29195,1.19,1.19
2014.04.23 15:22:37.743,8.29022,8.29183,1.19,1.19
2014.04.23 15:22:37.896,8.29022,8.29161,1.00,1.19
2014.04.23 15:22:38.036,8.28978,8.29116,1.00,1.00
2014.04.23 15:22:38.087,8.2896,8.29116,1.00,1.00
2014.04.23 15:22:38.188,8.2896,8.29126,1.00,1.00
2014.04.23 15:22:38.844,8.2896,8.29123,1.00,1.00
2014.04.23 15:22:39.168,8.28953,8.29117,1.00,1.00
2014.04.23 15:22:39.218,8.28953,8.29117,1.19,1.00
2014.04.23 15:22:40.406,8.28953,8.29117,1.19,1.00
2014.04.23 15:22:42.562,8.28953,8.29117,1.19,1.00
2014.04.23 15:22:44.074,8.28953,8.29117,1.00,1.00
2014.04.23 15:22:49.302,8.28953,8.29117,1.19,1.00
2014.04.23 15:22:51.618,8.2896,8.29123,1.00,1.00
2014.04.23 15:22:54.750,8.2896,8.29125,1.00,1.00
2014.04.23 15:22:55.546,8.28937,8.29103,1.19,1.00
2014.04.23 15:22:55.849,8.28929,8.29085,1.19,1.19
2014.04.23 15:22:56.203,8.28921,8.29085,1.00,1.19
2014.04.23 15:22:57.254,8.28912,8.29079,1.19,1.19
2014.04.23 15:22:59.283,8.28912,8.29079,1.19,1.19
2014.04.23 15:23:01.680,8.28898,8.29062,1.19,1.00
2014.04.23 15:23:01.731,8.28898,8.29062,1.19,1.19
2014.04.23 15:23:03.001,8.28892,8.29056,1.19,1.19
2014.04.23 15:23:05.030,8.28892,8.29056,1.19,1.79
2014.04.23 15:23:05.132,8.28889,8.29056,1.00,1.79
2014.04.23 15:23:05.183,8.28868,8.29016,1.00,1.00
2014.04.23 15:23:05.636,8.28868,8.29009,1.19,1.19
2014.04.23 15:23:07.508,8.28868,8.29009,1.19,1.19
2014.04.23 15:23:08.712,8.28867,8.29009,1.19,1.19
2014.04.23 15:23:09.749,8.28868,8.29009,1.19,1.19
2014.04.23 15:23:14.381,8.28871,8.29009,1.19,1.25
2014.04.23 15:23:19.369,8.28858,8.29009,1.19,1.19
2014.04.23 15:23:20.474,8.2887,8.29009,1.19,1.19
2014.04.23 15:23:21.776,8.2887,8.29009,1.19,1.19
2014.04.23 15:23:24.183,8.28868,8.29009,1.00,1.00
2014.04.23 15:23:25.104,8.28886,8.29009,1.19,1.00
2014.04.23 15:23:25.875,8.28886,8.29008,1.19,1.00
2014.04.23 15:23:28.633,8.28889,8.29008,1.19,1.00
2014.04.23 15:23:34.236,8.2889,8.29008,1.19,1.00
2014.04.23 15:23:38.421,8.28888,8.29008,1.19,1.19
2014.04.23 15:23:39.732,8.28888,8.29008,1.00,1.19
2014.04.23 15:23:41.043,8.28888,8.29008,1.19,1.19
2014.04.23 15:23:42.039,8.28888,8.29008,1.19,1.19
2014.04.23 15:23:43.158,8.28888,8.29008,1.19,1.25
2014.04.23 15:23:47.628,8.28894,8.29023,1.19,1.19
2014.04.23 15:23:48.792,8.28895,8.29023,1.19,1.19
2014.04.23 15:23:50.985,8.28914,8.29023,1.19,1.00
2014.04.23 15:23:51.316,8.28925,8.29023,1.00,1.19
2014.04.23 15:23:51.418,8.28925,8.29023,1.00,1.00
2014.04.23 15:23:51.469,8.28925,8.29032,1.00,1.00
2014.04.23 15:23:51.521,8.28928,8.29032,1.19,1.00
2014.04.23 15:23:51.572,8.2894,8.29052,1.19,1.00
2014.04.23 15:23:51.624,8.2894,8.29105,1.19,1.00
2014.04.23 15:23:51.675,8.28952,8.29117,1.00,1.00
2014.04.23 15:23:51.991,8.28959,8.29125,1.00,1.00
2014.04.23 15:23:52.630,8.28959,8.29125,1.19,1.00
2014.04.23 15:23:57.868,8.28959,8.29125,1.19,1.00
2014.04.23 15:23:57.970,8.28959,8.29125,1.00,1.00
2014.04.23 15:23:58.980,8.28959,8.29125,1.19,1.00
2014.04.23 15:24:00.331,8.28959,8.29125,1.00,1.00
2014.04.23 15:24:01.939,8.28959,8.29125,1.19,1.00
2014.04.23 15:24:01.989,8.2897,8.29135,1.00,1.00
2014.04.23 15:24:11.206,8.2897,8.29135,1.19,1.00
2014.04.23 15:24:11.931,8.28981,8.29145,1.00,1.19
2014.04.23 15:24:14.754,8.28981,8.29145,1.00,1.00
2014.04.23 15:24:16.871,8.28981,8.29145,1.00,1.19
2014.04.23 15:24:20.893,8.28981,8.29145,1.00,1.19
2014.04.23 15:24:21.233,8.28988,8.29154,1.00,1.19
2014.04.23 15:24:22.271,8.28974,8.2914,1.00,1.19
2014.04.23 15:24:22.474,8.28983,8.29147,1.00,1.19
2014.04.23 15:24:22.575,8.28983,8.29147,1.00,1.19
2014.04.23 15:24:23.482,8.28993,8.29158,1.00,1.19
2014.04.23 15:24:24.011,8.28993,8.29158,1.00,1.19
2014.04.23 15:24:24.687,8.28993,8.29158,1.00,1.19
2014.04.23 15:24:28.178,8.28993,8.29158,1.19,1.19
2014.04.23 15:24:29.401,8.28993,8.29158,1.19,1.00
2014.04.23 15:24:29.502,8.29015,8.29158,1.19,1.00
2014.04.23 15:24:29.842,8.29034,8.29158,1.19,1.00
2014.04.23 15:24:29.945,8.29034,8.2919,1.19,1.19
2014.04.23 15:24:30.798,8.29039,8.29187,1.69,1.19
2014.04.23 15:24:32.260,8.29039,8.29186,1.69,1.19
2014.04.23 15:24:35.502,8.29045,8.29196,1.19,1.19
2014.04.23 15:24:35.840,8.29061,8.29196,2.29,1.19
2014.04.23 15:24:35.891,8.29071,8.29203,1.79,1.00
2014.04.23 15:24:35.942,8.2911,8.29226,1.00,1.19
2014.04.23 15:24:36.245,8.29116,8.29243,1.19,1.19
2014.04.23 15:24:36.296,8.29136,8.29267,1.19,1.19
2014.04.23 15:24:39.282,8.29126,8.29252,1.19,1.19
2014.04.23 15:24:40.832,8.29131,8.29255,1.19,1.19
2014.04.23 15:24:43.253,8.29127,8.29251,1.19,1.19
2014.04.23 15:24:48.116,8.29125,8.29251,1.19,1.19
2014.04.23 15:24:49.335,8.29134,8.29258,1.19,1.19
2014.04.23 15:24:56.862,8.29127,8.29251,1.19,1.19
2014.04.23 15:25:01.666,8.29126,8.29239,1.19,1.19
2014.04.23 15:25:13.952,8.29142,8.29239,1.19,1.00
2014.04.23 15:25:14.004,8.29142,8.2927,1.19,1.19
2014.04.23 15:25:14.054,8.29157,8.29281,1.19,1.19
2014.04.23 15:25:15.345,8.29155,8.29281,1.19,1.19
2014.04.23 15:25:17.892,8.29156,8.29282,1.19,1.19
2014.04.23 15:25:19.361,8.29153,8.29279,1.19,1.19
2014.04.23 15:25:22.150,8.29153,8.29235,1.19,1.00
2014.04.23 15:25:22.201,8.29128,8.29235,1.19,1.00
2014.04.23 15:25:22.481,8.29128,8.29254,1.19,1.19
2014.04.23 15:25:23.415,8.2914,8.29254,1.19,1.19
2014.04.23 15:25:23.769,8.2914,8.29236,1.19,1.00
2014.04.23 15:25:25.932,8.29131,8.29236,1.19,1.00
2014.04.23 15:25:28.742,8.29129,8.29236,1.19,1.19
2014.04.23 15:25:30.856,8.29127,8.29236,1.19,1.19
2014.04.23 15:25:32.496,8.29123,8.29236,1.19,1.69
2014.04.23 15:25:32.799,8.29126,8.29204,1.19,1.00
2014.04.23 15:25:32.850,8.29093,8.29204,1.19,1.19
2014.04.23 15:25:33.052,8.29118,8.2927,1.19,1.19
2014.04.23 15:25:34.003,8.29118,8.29247,1.19,1.00
2014.04.23 15:25:34.329,8.29125,8.29247,1.19,1.19
2014.04.23 15:25:38.481,8.29109,8.29202,1.19,1.19
2014.04.23 15:25:39.449,8.29109,8.29234,1.19,1.19
2014.04.23 15:25:40.788,8.29121,8.29223,1.19,1.00
2014.04.23 15:25:43.892,8.29129,8.29223,1.19,1.00
2014.04.23 15:25:45.546,8.29117,8.29223,1.19,1.19
2014.04.23 15:25:46.514,8.29118,8.29244,1.19,1.19
2014.04.23 15:25:48.328,8.29116,8.29235,1.19,1.19
2014.04.23 15:25:49.341,8.29116,8.29232,1.19,1.19
2014.04.23 15:25:51.852,8.29118,8.29244,1.19,1.19
2014.04.23 15:25:52.859,8.29124,8.29248,1.19,1.19
2014.04.23 15:25:54.066,8.29123,8.29239,1.19,1.19
2014.04.23 15:25:55.117,8.29116,8.29236,1.19,1.19
2014.04.23 15:25:58.155,8.29116,8.29231,1.19,1.19
2014.04.23 15:25:59.348,8.29116,8.29228,1.19,1.19
2014.04.23 15:26:01.096,8.29116,8.29233,1.00,1.19
2014.04.23 15:26:03.272,8.29116,8.29233,1.00,1.19
2014.04.23 15:26:14.560,8.29113,8.29233,1.00,1.19
2014.04.23 15:26:16.221,8.29113,8.2924,1.00,1.19
2014.04.23 15:26:17.444,8.29141,8.2927,1.19,1.19
2014.04.23 15:26:18.980,8.29133,8.29257,1.19,1.19
2014.04.23 15:26:22.730,8.29145,8.29284,1.19,1.19
2014.04.23 15:26:23.831,8.29145,8.29269,1.19,1.19
2014.04.23 15:26:31.922,8.29132,8.29257,1.19,1.19
2014.04.23 15:26:35.019,8.2913,8.29254,1.19,1.19
2014.04.23 15:26:36.145,8.29129,8.29253,1.19,1.19
2014.04.23 15:26:38.791,8.29124,8.29257,1.19,1.69
2014.04.23 15:26:40.168,8.2912,8.29257,1.19,1.19
2014.04.23 15:26:41.783,8.29123,8.29257,1.19,1.19
2014.04.23 15:26:42.893,8.29121,8.29257,1.19,1.19
2014.04.23 15:26:44.316,8.29116,8.29207,1.69,1.60
2014.04.23 15:26:44.417,8.29096,8.29176,1.00,1.00
2014.04.23 15:26:44.468,8.2907,8.29176,1.19,1.00
2014.04.23 15:26:44.519,8.2907,8.29164,1.19,1.00
2014.04.23 15:26:44.570,8.29047,8.29164,1.00,1.19
2014.04.23 15:26:44.621,8.2906,8.29184,1.00,1.00
2014.04.23 15:26:44.722,8.2906,8.29203,1.00,1.19
2014.04.23 15:26:44.773,8.29106,8.29234,1.19,1.69
2014.04.23 15:26:45.769,8.29114,8.29234,1.19,1.19
2014.04.23 15:26:46.298,8.29114,8.292,1.19,1.00
2014.04.23 15:26:47.091,8.2911,8.292,1.19,1.00
2014.04.23 15:26:47.193,8.29087,8.292,1.19,1.19
2014.04.23 15:26:47.294,8.29084,8.29155,1.19,1.00
2014.04.23 15:26:48.183,8.29082,8.29155,1.19,1.00
2014.04.23 15:26:50.218,8.29088,8.29155,1.19,1.00
2014.04.23 15:26:51.232,8.29043,8.29155,1.19,1.00
2014.04.23 15:26:51.910,8.29032,8.29155,1.19,1.00
2014.04.23 15:26:52.111,8.29037,8.29155,1.19,1.00
2014.04.23 15:26:53.227,8.29036,8.29155,1.19,1.00
2014.04.23 15:26:56.777,8.29032,8.29155,1.19,1.00
2014.04.23 15:26:56.957,8.29032,8.29184,1.19,1.19
2014.04.23 15:26:59.189,8.29032,8.2915,1.00,1.19
2014.04.23 15:26:59.240,8.29011,8.29136,1.00,1.19
2014.04.23 15:26:59.291,8.28972,8.29136,1.00,1.19
2014.04.23 15:26:59.392,8.28961,8.29126,1.00,1.00
2014.04.23 15:26:59.594,8.28952,8.29117,1.00,1.00
2014.04.23 15:27:00.456,8.28942,8.29109,1.00,1.00
2014.04.23 15:27:01.338,8.28953,8.29109,2.10,1.00
2014.04.23 15:27:01.439,8.28974,8.29138,1.60,1.00
2014.04.23 15:27:01.540,8.29016,8.29166,1.00,1.00
2014.04.23 15:27:01.843,8.29023,8.29167,1.00,1.19
2014.04.23 15:27:03.031,8.28949,8.29113,1.00,1.00
2014.04.23 15:27:03.700,8.28939,8.29104,1.00,1.00
2014.04.23 15:27:04.827,8.28939,8.2905,1.00,2.10
2014.04.23 15:27:04.879,8.28921,8.2905,1.00,2.85
2014.04.23 15:27:05.031,8.28879,8.29017,1.00,1.19
2014.04.23 15:27:05.441,8.28879,8.28973,1.00,1.00
2014.04.23 15:27:05.746,8.28876,8.28883,1.00,1.00
2014.04.23 15:27:05.797,8.28838,8.28883,1.00,1.00
2014.04.23 15:27:05.848,8.28838,8.28894,1.00,1.00
2014.04.23 15:27:05.899,8.28819,8.28894,1.00,1.00
2014.04.23 15:27:05.950,8.28819,8.2891,1.19,1.00
2014.04.23 15:27:06.477,8.28807,8.28911,1.19,1.00
2014.04.23 15:27:06.630,8.2877,8.28904,1.19,1.00
2014.04.23 15:27:06.731,8.28718,8.28826,1.19,1.00
2014.04.23 15:27:06.832,8.28718,8.28814,1.00,1.00
2014.04.23 15:27:07.286,8.28718,8.28816,1.00,1.00
2014.04.23 15:27:07.388,8.28718,8.2884,1.00,1.00
2014.04.23 15:27:07.489,8.28718,8.28852,1.00,1.00
2014.04.23 15:27:07.848,8.28715,8.28852,1.25,1.00
2014.04.23 15:27:07.950,8.28701,8.28852,1.19,1.00
2014.04.23 15:27:08.052,8.28711,8.28877,1.19,1.00
2014.04.23 15:27:08.666,8.28711,8.28877,1.00,1.00
2014.04.23 15:27:08.716,8.2873,8.28877,1.00,1.00
2014.04.23 15:27:09.021,8.28757,8.28896,1.00,1.00
2014.04.23 15:27:09.072,8.28757,8.28905,1.00,1.00
2014.04.23 15:27:09.438,8.28757,8.28915,1.00,1.00
2014.04.23 15:27:09.489,8.2879,8.28915,1.00,1.00
2014.04.23 15:27:10.226,8.28805,8.28915,1.00,1.00
2014.04.23 15:27:10.479,8.28791,8.28915,1.00,1.00
2014.04.23 15:27:11.497,8.28791,8.29005,1.00,1.00
2014.04.23 15:27:11.649,8.28825,8.29038,1.00,1.00
2014.04.23 15:27:11.953,8.28825,8.28932,1.00,1.00
2014.04.23 15:27:12.054,8.28826,8.28971,1.00,1.00
2014.04.23 15:27:12.909,8.28826,8.28982,1.00,1.00
2014.04.23 15:27:13.010,8.28879,8.28982,1.00,1.00
2014.04.23 15:27:13.061,8.28879,8.29027,1.00,1.00
2014.04.23 15:27:13.162,8.28879,8.29037,1.00,1.00
2014.04.23 15:27:13.465,8.28881,8.29046,1.00,1.00
2014.04.23 15:27:13.667,8.28894,8.29046,1.00,1.00
2014.04.23 15:27:13.847,8.28894,8.29056,1.00,1.00
2014.04.23 15:27:14.763,8.28889,8.29056,1.00,1.00
2014.04.23 15:27:17.161,8.28932,8.29056,1.00,1.00
2014.04.23 15:27:17.262,8.28932,8.29092,1.00,1.00
2014.04.23 15:27:19.159,8.28936,8.29103,1.00,1.00
2014.04.23 15:27:20.478,8.28946,8.29112,1.00,1.00
2014.04.23 15:27:23.326,8.28946,8.29083,1.00,2.10
2014.04.23 15:27:23.427,8.28897,8.29025,1.00,1.00
2014.04.23 15:27:23.478,8.28889,8.29025,1.00,1.00
2014.04.23 15:27:23.529,8.28889,8.29014,1.00,1.00
2014.04.23 15:27:26.089,8.28889,8.29014,1.00,1.19
2014.04.23 15:27:26.979,8.28878,8.29014,1.00,1.19
2014.04.23 15:27:27.887,8.28877,8.29014,1.00,1.19
2014.04.23 15:27:28.328,8.2887,8.29014,1.19,1.19
2014.04.23 15:27:28.901,8.28897,8.29014,1.00,1.19
2014.04.23 15:27:29.869,8.28907,8.29014,1.00,1.19
2014.04.23 15:27:30.889,8.28917,8.29014,1.00,1.19
2014.04.23 15:27:31.292,8.28917,8.29014,1.00,1.19
2014.04.23 15:27:31.343,8.28908,8.29014,1.00,1.19
2014.04.23 15:27:31.790,8.28908,8.29007,1.00,1.00
2014.04.23 15:27:32.385,8.28897,8.29007,1.00,1.00
2014.04.23 15:27:32.436,8.28897,8.29026,1.00,1.00
2014.04.23 15:27:32.487,8.28927,8.29036,1.00,1.00
2014.04.23 15:27:32.538,8.28927,8.29055,1.00,1.00
2014.04.23 15:27:32.589,8.28927,8.29086,1.00,1.00
2014.04.23 15:27:32.690,8.28927,8.29086,1.19,1.00
2014.04.23 15:27:33.421,8.28929,8.29094,1.19,1.00
2014.04.23 15:27:33.750,8.28927,8.29087,1.19,1.00
2014.04.23 15:27:36.288,8.28927,8.29056,1.19,2.10
2014.04.23 15:27:36.389,8.28927,8.29056,1.00,2.10
2014.04.23 15:27:36.440,8.28902,8.2899,1.00,1.00
2014.04.23 15:27:36.902,8.28894,8.28983,1.00,1.19
2014.04.23 15:27:37.569,8.28894,8.28991,1.00,1.19
2014.04.23 15:27:38.539,8.28894,8.28991,1.00,1.19
2014.04.23 15:27:39.656,8.28894,8.28991,1.00,1.19
2014.04.23 15:27:40.297,8.28925,8.28991,1.00,1.19
2014.04.23 15:27:40.468,8.28887,8.28991,1.00,1.19
2014.04.23 15:27:41.166,8.28887,8.28991,1.00,1.19
2014.04.23 15:27:43.752,8.28887,8.28983,1.00,1.19
2014.04.23 15:27:44.883,8.28887,8.28983,1.00,1.19
2014.04.23 15:27:46.971,8.28887,8.28983,1.00,1.00
2014.04.23 15:27:52.647,8.28886,8.28983,1.00,1.00
2014.04.23 15:27:52.800,8.28919,8.29067,1.00,1.00
2014.04.23 15:27:52.902,8.28919,8.29082,1.00,1.00
2014.04.23 15:27:52.952,8.28919,8.29082,1.19,1.00
2014.04.23 15:27:54.869,8.28941,8.29082,1.00,1.00
2014.04.23 15:27:56.943,8.28941,8.29091,1.00,1.00
2014.04.23 15:27:57.947,8.28941,8.29083,1.00,1.00
2014.04.23 15:27:58.132,8.28941,8.2909,1.00,1.00
2014.04.23 15:27:59.918,8.28941,8.2909,1.19,1.25
2014.04.23 15:28:00.931,8.28941,8.2909,1.19,1.19
2014.04.23 15:28:02.346,8.28941,8.29042,1.19,1.00
2014.04.23 15:28:02.650,8.28941,8.29011,1.00,1.19
2014.04.23 15:28:02.807,8.28911,8.28994,1.00,1.19
2014.04.23 15:28:03.559,8.28911,8.28994,1.00,1.19
2014.04.23 15:28:06.074,8.28911,8.28992,1.00,1.19
2014.04.23 15:28:07.221,8.28911,8.28986,1.00,1.19
2014.04.23 15:28:08.735,8.28911,8.28986,1.19,1.00
2014.04.23 15:28:09.742,8.28911,8.28986,1.19,1.00
2014.04.23 15:28:10.850,8.28911,8.28986,1.19,1.00
2014.04.23 15:28:11.868,8.28911,8.28986,1.19,1.00
2014.04.23 15:28:12.966,8.28911,8.28986,1.19,1.00
2014.04.23 15:28:14.085,8.28911,8.28986,1.19,1.00
2014.04.23 15:28:14.896,8.28918,8.29001,1.19,1.00
2014.04.23 15:28:14.997,8.28922,8.29078,1.19,1.00
2014.04.23 15:28:15.048,8.28948,8.29078,1.00,1.00
2014.04.23 15:28:16.263,8.28948,8.29078,1.19,1.00
2014.04.23 15:28:17.294,8.28948,8.29078,1.25,1.00
2014.04.23 15:28:19.264,8.28948,8.29086,1.00,1.00
2014.04.23 15:28:32.418,8.28923,8.29086,1.19,1.00
2014.04.23 15:28:32.570,8.28899,8.29064,1.19,1.00
2014.04.23 15:28:32.671,8.28889,8.29053,1.00,1.00
2014.04.23 15:28:33.959,8.28873,8.29037,1.00,1.00
2014.04.23 15:28:39.781,8.28852,8.28983,1.00,1.00
2014.04.23 15:28:39.831,8.28833,8.28983,1.00,1.60
2014.04.23 15:28:39.932,8.28797,8.28947,1.00,1.00
2014.04.23 15:28:40.034,8.28797,8.28936,1.00,1.00
2014.04.23 15:28:40.084,8.28783,8.28936,1.00,1.00
2014.04.23 15:28:40.135,8.28787,8.28936,1.00,1.00
2014.04.23 15:28:40.458,8.28783,8.28935,1.19,1.19
2014.04.23 15:28:42.081,8.28783,8.28932,1.69,1.19
2014.04.23 15:28:45.020,8.28783,8.28868,1.69,2.10
2014.04.23 15:28:45.071,8.2878,8.28868,1.19,2.10
2014.04.23 15:28:45.172,8.28754,8.28868,1.00,2.10
2014.04.23 15:28:45.223,8.28754,8.28825,1.00,1.00
2014.04.23 15:28:45.425,8.28699,8.28819,1.19,1.19
2014.04.23 15:28:45.476,8.28717,8.28842,1.19,1.19
2014.04.23 15:28:45.578,8.28699,8.28858,1.00,1.00
2014.04.23 15:28:45.730,8.28691,8.28854,1.00,1.00
2014.04.23 15:28:45.818,8.28688,8.28844,1.19,1.19
2014.04.23 15:28:46.672,8.28684,8.28835,1.00,1.19
2014.04.23 15:28:46.773,8.28664,8.28783,1.00,1.00
2014.04.23 15:28:46.824,8.28626,8.28783,1.00,1.00
2014.04.23 15:28:46.925,8.28616,8.28783,1.19,1.00
2014.04.23 15:28:46.976,8.28616,8.28783,1.25,1.00
2014.04.23 15:28:47.685,8.28624,8.28783,1.00,1.00
2014.04.23 15:28:48.466,8.28616,8.28777,1.00,1.00
2014.04.23 15:28:48.516,8.28634,8.28777,1.00,1.00
2014.04.23 15:28:48.719,8.28644,8.28805,1.00,1.00
2014.04.23 15:28:49.445,8.28644,8.28788,1.00,1.00
2014.04.23 15:28:50.509,8.28628,8.28788,1.00,1.00
2014.04.23 15:28:53.517,8.28628,8.28795,1.00,1.00
2014.04.23 15:28:53.618,8.28748,8.28795,3.98,1.00
2014.04.23 15:28:53.719,8.28826,8.28988,1.00,1.38
2014.04.23 15:28:53.770,8.28924,8.28988,1.00,1.00
2014.04.23 15:28:53.821,8.28935,8.28998,1.00,1.13
2014.04.23 15:28:53.973,8.28956,8.28998,1.19,1.00
2014.04.23 15:28:54.024,8.28956,8.29018,1.19,1.00
2014.04.23 15:28:54.075,8.28956,8.29099,1.19,1.00
2014.04.23 15:28:54.176,8.28958,8.29124,1.19,1.19
2014.04.23 15:28:54.278,8.2897,8.29126,1.00,1.19
2014.04.23 15:28:54.381,8.28963,8.29126,1.19,1.19
2014.04.23 15:28:55.268,8.28956,8.29121,1.69,1.19
2014.04.23 15:28:56.176,8.28956,8.29049,1.19,1.00
2014.04.23 15:28:56.277,8.28956,8.29049,1.00,1.00
2014.04.23 15:28:56.379,8.28956,8.29113,1.00,1.19
2014.04.23 15:28:57.279,8.28956,8.29049,1.00,1.00
2014.04.23 15:28:57.809,8.28956,8.2905,1.00,1.00
2014.04.23 15:28:58.945,8.28956,8.29077,1.00,1.00
2014.04.23 15:28:59.097,8.28943,8.29077,1.00,1.00
2014.04.23 15:29:00.704,8.28943,8.29047,1.00,1.00
2014.04.23 15:29:01.126,8.28943,8.29077,1.00,1.00
2014.04.23 15:29:02.446,8.28943,8.2911,1.00,1.19
2014.04.23 15:29:04.199,8.28943,8.29101,1.00,1.19
2014.04.23 15:29:04.697,8.28943,8.29003,1.00,1.00
2014.04.23 15:29:04.748,8.28874,8.28983,1.19,1.00
2014.04.23 15:29:04.798,8.28876,8.28973,1.19,1.00
2014.04.23 15:29:05.102,8.28837,8.28917,1.19,1.00
2014.04.23 15:29:05.305,8.28837,8.28918,1.19,1.00
2014.04.23 15:29:05.406,8.2879,8.28918,1.19,1.00
2014.04.23 15:29:05.508,8.28782,8.28911,1.19,1.19
2014.04.23 15:29:05.812,8.28766,8.28856,1.19,1.00
2014.04.23 15:29:06.197,8.28766,8.28837,1.19,1.00
2014.04.23 15:29:06.629,8.28767,8.28867,1.19,1.00
2014.04.23 15:29:06.680,8.28767,8.28867,1.00,1.19
2014.04.23 15:29:06.731,8.28767,8.28855,1.00,1.00
2014.04.23 15:29:07.035,8.28767,8.28847,1.00,1.19
2014.04.23 15:29:07.830,8.28728,8.28855,1.79,1.19
2014.04.23 15:29:07.881,8.28757,8.28862,1.88,1.00
2014.04.23 15:29:07.932,8.28792,8.28939,1.00,1.00
2014.04.23 15:29:08.033,8.28769,8.28959,1.00,1.00
2014.04.23 15:29:08.084,8.28769,8.28961,1.00,1.00
2014.04.23 15:29:08.185,8.2879,8.28961,1.00,1.00
2014.04.23 15:29:08.287,8.28774,8.28956,1.00,1.00
2014.04.23 15:29:08.439,8.28768,8.28956,1.00,1.00
2014.04.23 15:29:08.489,8.28768,8.28956,1.19,1.00
2014.04.23 15:29:08.929,8.28746,8.28901,1.00,1.00
2014.04.23 15:29:08.980,8.28728,8.28901,1.05,1.00
2014.04.23 15:29:09.132,8.28841,8.28901,1.65,1.00
2014.04.23 15:29:09.182,8.28841,8.28933,1.65,1.00
2014.04.23 15:29:09.536,8.28734,8.28933,1.95,1.00
2014.04.23 15:29:09.637,8.28719,8.28933,1.00,1.00
2014.04.23 15:29:09.688,8.2874,8.28933,1.00,1.00
2014.04.23 15:29:09.789,8.28725,8.28933,1.00,1.00
2014.04.23 15:29:10.157,8.28725,8.28953,1.00,1.00
2014.04.23 15:29:10.208,8.28738,8.28953,1.00,1.00
2014.04.23 15:29:10.511,8.28755,8.28953,1.00,1.00
2014.04.23 15:29:11.388,8.28743,8.28953,1.00,1.00
2014.04.23 15:29:12.194,8.28769,8.28953,1.00,1.00
2014.04.23 15:29:12.498,8.28774,8.28938,1.00,1.00
2014.04.23 15:29:12.599,8.28774,8.28947,1.00,1.00
2014.04.23 15:29:12.934,8.28737,8.2894,1.00,1.00
2014.04.23 15:29:13.036,8.28728,8.28909,1.13,1.00
2014.04.23 15:29:13.342,8.28734,8.28907,1.19,1.00
2014.04.23 15:29:13.646,8.2874,8.28907,1.19,1.00
2014.04.23 15:29:14.139,8.28767,8.28907,1.19,1.00
2014.04.23 15:29:14.240,8.28767,8.28915,1.19,1.00
2014.04.23 15:29:14.493,8.28768,8.28956,1.69,1.19
2014.04.23 15:29:14.594,8.28785,8.28974,1.19,1.19
2014.04.23 15:29:14.874,8.2881,8.28974,1.00,1.19
2014.04.23 15:29:14.925,8.28817,8.28974,1.00,1.00
2014.04.23 15:29:15.027,8.28843,8.29022,1.00,1.00
2014.04.23 15:29:15.128,8.28869,8.29034,1.00,1.00
2014.04.23 15:29:15.908,8.2888,8.29045,1.00,1.00
2014.04.23 15:29:16.702,8.28868,8.29033,1.00,1.00
2014.04.23 15:29:17.078,8.28877,8.29041,1.00,1.00
2014.04.23 15:29:18.408,8.28858,8.29023,1.00,1.00
2014.04.23 15:29:18.610,8.28858,8.29023,1.00,1.60
2014.04.23 15:29:18.661,8.28844,8.29008,1.00,1.00
2014.04.23 15:29:18.762,8.28817,8.28982,1.00,1.00
2014.04.23 15:29:18.864,8.28807,8.28971,1.19,1.00
2014.04.23 15:29:19.224,8.28798,8.28965,1.19,1.00
2014.04.23 15:29:19.683,8.28812,8.28977,1.00,1.25
2014.04.23 15:29:19.885,8.28812,8.28961,1.19,1.19
2014.04.23 15:29:19.987,8.28812,8.28979,1.19,1.19
2014.04.23 15:29:20.978,8.28858,8.29006,1.00,1.00
2014.04.23 15:29:21.029,8.28858,8.29024,1.00,1.00
2014.04.23 15:29:21.131,8.2887,8.29034,1.00,1.00
2014.04.23 15:29:21.232,8.28878,8.29043,1.00,1.00
2014.04.23 15:29:27.462,8.28889,8.29054,1.00,1.00
2014.04.23 15:29:29.501,8.28888,8.29055,1.00,1.00
2014.04.23 15:29:29.975,8.28877,8.29043,1.00,1.00
2014.04.23 15:29:30.733,8.28887,8.29054,1.00,1.00
2014.04.23 15:29:35.436,8.28899,8.29063,1.00,1.00
2014.04.23 15:29:35.739,8.2891,8.29074,1.00,1.00
2014.04.23 15:29:36.742,8.28925,8.29083,1.19,1.00
2014.04.23 15:29:36.844,8.28946,8.29111,1.00,1.19
2014.04.23 15:29:37.751,8.28946,8.29111,1.19,1.19
2014.04.23 15:29:38.136,8.28946,8.29111,1.00,1.69
2014.04.23 15:29:38.593,8.28913,8.29078,1.19,1.69
2014.04.23 15:29:39.678,8.28913,8.29068,1.00,1.19
2014.04.23 15:29:39.780,8.28892,8.29059,1.00,1.19
2014.04.23 15:29:40.720,8.28892,8.29059,1.25,1.00
2014.04.23 15:29:40.771,8.28921,8.29079,1.00,1.00
2014.04.23 15:29:40.907,8.28921,8.29088,1.00,1.00
2014.04.23 15:29:42.536,8.28921,8.29088,1.00,1.19
2014.04.23 15:29:43.847,8.28907,8.29073,1.19,1.00
2014.04.23 15:29:44.050,8.28907,8.29073,1.00,1.00
2014.04.23 15:29:44.151,8.28915,8.29082,1.00,1.00
2014.04.23 15:29:44.252,8.28899,8.29065,1.00,1.00
2014.04.23 15:29:44.353,8.28891,8.29058,1.00,1.00
2014.04.23 15:29:45.935,8.28879,8.29043,1.00,1.00
2014.04.23 15:29:49.492,8.28869,8.29033,1.00,1.00
2014.04.23 15:29:49.694,8.28875,8.29042,1.00,1.00
2014.04.23 15:29:49.796,8.28884,8.29048,1.00,1.00
2014.04.23 15:29:50.937,8.28873,8.29039,1.00,1.00
2014.04.23 15:29:51.039,8.28862,8.29029,1.00,1.00
2014.04.23 15:29:55.231,8.28855,8.29021,1.00,1.00
2014.04.23 15:29:55.534,8.28863,8.29029,1.00,1.00
2014.04.23 15:29:55.686,8.28855,8.29022,1.00,1.00
2014.04.23 15:29:55.787,8.28866,8.29033,1.00,1.00
2014.04.23 15:29:59.371,8.28876,8.29042,1.00,1.00
2014.04.23 15:30:01.905,8.28857,8.29061,1.00,1.00
2014.04.23 15:30:01.956,8.28825,8.29085,1.00,1.00
2014.04.23 15:30:05.862,8.28804,8.29085,1.00,1.00
2014.04.23 15:30:05.913,8.28801,8.29076,1.00,1.00
2014.04.23 15:30:06.246,8.28815,8.2898,1.00,1.00
2014.04.23 15:30:07.297,8.28805,8.28969,1.00,1.00
2014.04.23 15:30:07.399,8.28764,8.29029,1.00,1.00
2014.04.23 15:30:07.450,8.28775,8.29029,1.00,1.00
2014.04.23 15:30:07.601,8.28795,8.29061,1.00,1.00
2014.04.23 15:30:08.366,8.28842,8.29007,1.00,1.00
2014.04.23 15:30:08.503,8.28833,8.28999,1.00,1.00
2014.04.23 15:30:08.606,8.28796,8.28962,1.00,1.00
2014.04.23 15:30:09.796,8.28788,8.28955,1.00,1.00
2014.04.23 15:30:10.447,8.28785,8.29043,1.00,1.00
2014.04.23 15:30:10.498,8.288,8.29043,1.00,1.00
2014.04.23 15:30:10.548,8.288,8.29063,1.00,1.00
2014.04.23 15:30:11.409,8.28802,8.29006,1.00,1.00
2014.04.23 15:30:11.712,8.28784,8.28948,1.00,1.00
2014.04.23 15:30:11.915,8.28776,8.28941,1.00,1.00
2014.04.23 15:30:12.452,8.28763,8.28927,1.00,1.00
2014.04.23 15:30:12.553,8.28775,8.28942,1.00,1.00
2014.04.23 15:30:12.655,8.28777,8.28941,1.00,1.00
2014.04.23 15:30:12.757,8.28768,8.28933,1.00,1.00
2014.04.23 15:30:13.207,8.28751,8.28915,1.00,1.00
2014.04.23 15:30:14.262,8.28778,8.28915,1.00,1.00
2014.04.23 15:30:14.313,8.28798,8.28962,1.00,1.00
2014.04.23 15:30:14.414,8.28805,8.2897,1.00,1.00
2014.04.23 15:30:15.297,8.28813,8.2898,1.00,1.00
2014.04.23 15:30:18.004,8.28823,8.2899,1.00,1.00
2014.04.23 15:30:18.469,8.28774,8.29037,1.00,1.00
2014.04.23 15:30:19.974,8.28771,8.29037,1.00,1.00
2014.04.23 15:30:21.545,8.2878,8.29037,1.00,1.00
2014.04.23 15:30:23.337,8.28799,8.29065,1.00,1.00
2014.04.23 15:30:38.874,8.28847,8.29014,1.00,1.00
2014.04.23 15:30:39.179,8.28838,8.29004,1.00,1.00
2014.04.23 15:30:39.529,8.2883,8.28995,1.00,1.00
2014.04.23 15:30:40.186,8.28786,8.29052,1.00,1.00
2014.04.23 15:30:40.237,8.2878,8.29036,1.00,1.00
2014.04.23 15:30:41.136,8.28787,8.2905,1.00,1.00
2014.04.23 15:30:41.196,8.2884,8.29004,1.00,1.00
2014.04.23 15:30:41.502,8.28825,8.28989,1.00,1.00
2014.04.23 15:30:42.153,8.28833,8.29,1.00,1.00
2014.04.23 15:30:42.406,8.28813,8.2902,1.00,1.00
2014.04.23 15:30:42.507,8.28787,8.2905,1.00,1.00
2014.04.23 15:30:42.608,8.28836,8.29001,1.00,1.00
2014.04.23 15:30:42.711,8.28828,8.28994,1.00,1.00
2014.04.23 15:30:42.964,8.28826,8.28991,1.00,1.00
2014.04.23 15:30:43.168,8.28818,8.28984,1.00,1.00
2014.04.23 15:30:43.378,8.28805,8.28968,1.00,1.00
2014.04.23 15:30:43.429,8.28802,8.28968,1.00,1.00
2014.04.23 15:30:43.834,8.2878,8.29018,1.00,1.00
2014.04.23 15:30:44.137,8.28802,8.28969,1.00,1.00
2014.04.23 15:30:45.688,8.28758,8.29018,1.00,1.00
2014.04.23 15:30:45.934,8.28796,8.29,1.00,1.00
2014.04.23 15:30:46.035,8.28788,8.28993,1.00,1.00
2014.04.23 15:30:46.086,8.28808,8.28973,1.00,1.00
2014.04.23 15:30:46.545,8.28797,8.28964,1.00,1.00
2014.04.23 15:30:46.855,8.28778,8.28983,1.00,1.00
2014.04.23 15:30:46.906,8.28758,8.29015,1.00,1.00
2014.04.23 15:30:47.411,8.28809,8.28976,1.00,1.00
2014.04.23 15:30:48.394,8.28765,8.29031,1.00,1.00
2014.04.23 15:30:48.546,8.28758,8.29018,1.00,1.00
2014.04.23 15:30:48.850,8.28758,8.29037,1.00,1.00
2014.04.23 15:30:48.901,8.28758,8.29039,1.00,1.00
2014.04.23 15:30:48.952,8.28805,8.28972,1.00,1.00
2014.04.23 15:30:49.523,8.2881,8.28976,1.00,1.00
2014.04.23 15:30:49.835,8.288,8.28966,1.00,1.00
2014.04.23 15:30:50.138,8.28793,8.28957,1.00,1.00
2014.04.23 15:30:55.050,8.28776,8.28941,1.00,1.00
2014.04.23 15:30:55.874,8.28776,8.28931,1.00,1.00
2014.04.23 15:30:57.004,8.28785,8.2895,1.00,1.00
2014.04.23 15:30:57.206,8.28799,8.28966,1.00,1.00
2014.04.23 15:30:57.577,8.28803,8.28966,1.00,1.00
2014.04.23 15:30:58.444,8.28799,8.28958,1.00,1.00
2014.04.23 15:30:58.495,8.28793,8.28957,1.00,1.00
2014.04.23 15:30:58.546,8.28793,8.28953,1.00,1.00
2014.04.23 15:30:58.596,8.28769,8.28933,1.00,1.00
2014.04.23 15:30:59.758,8.28769,8.28914,1.00,1.00
2014.04.23 15:30:59.809,8.28756,8.28914,1.00,1.00
2014.04.23 15:30:59.944,8.28756,8.28923,1.00,1.00
2014.04.23 15:31:00.747,8.28766,8.28923,1.00,1.00
2014.04.23 15:31:00.899,8.28766,8.28932,1.00,1.00
2014.04.23 15:31:01.051,8.28777,8.28938,1.00,1.00
2014.04.23 15:31:01.203,8.28777,8.28941,1.00,1.00
2014.04.23 15:31:02.736,8.28793,8.28941,1.00,1.00
2014.04.23 15:31:02.975,8.28793,8.28952,1.00,1.00
2014.04.23 15:31:03.177,8.28785,8.28949,1.00,1.00
2014.04.23 15:31:03.228,8.28761,8.28918,1.00,1.00
2014.04.23 15:31:03.531,8.28754,8.28902,1.00,1.00
2014.04.23 15:31:03.683,8.28746,8.28902,1.00,1.00
2014.04.23 15:31:03.733,8.28746,8.28859,1.00,1.00
2014.04.23 15:31:04.334,8.28738,8.28859,1.00,1.00
2014.04.23 15:31:05.933,8.28738,8.28887,1.00,1.00
2014.04.23 15:31:06.237,8.28738,8.28904,1.00,1.00
2014.04.23 15:31:06.389,8.28773,8.28908,1.00,1.00
2014.04.23 15:31:06.724,8.28773,8.28894,1.00,1.00
2014.04.23 15:31:07.434,8.28773,8.28908,1.00,1.00
2014.04.23 15:31:07.996,8.28773,8.28894,1.00,1.00
2014.04.23 15:31:08.664,8.28766,8.28894,1.00,1.00
2014.04.23 15:31:08.973,8.28766,8.28908,1.00,1.00
2014.04.23 15:31:09.436,8.28766,8.28895,1.00,1.00
2014.04.23 15:31:10.426,8.28766,8.28908,1.00,1.00
2014.04.23 15:31:10.988,8.28766,8.28896,1.00,1.00
2014.04.23 15:31:11.968,8.28766,8.2891,1.00,1.00
2014.04.23 15:31:12.385,8.28766,8.28896,1.00,1.00
2014.04.23 15:31:13.494,8.28766,8.2891,1.00,1.00
2014.04.23 15:31:13.797,8.28774,8.2891,1.00,1.00
2014.04.23 15:31:13.855,8.28774,8.28924,1.00,1.00
2014.04.23 15:31:18.457,8.28774,8.28912,1.00,1.00
2014.04.23 15:31:33.713,8.28768,8.28912,1.00,1.00
2014.04.23 15:31:47.756,8.28768,8.2893,1.00,1.00
2014.04.23 15:31:47.958,8.28768,8.28935,1.00,1.00
2014.04.23 15:31:48.009,8.28786,8.28947,1.00,1.00
2014.04.23 15:31:48.402,8.28795,8.28947,1.00,1.00
2014.04.23 15:31:48.722,8.28795,8.28959,1.00,1.00
2014.04.23 15:31:53.045,8.28804,8.2896,1.00,1.00
2014.04.23 15:31:54.037,8.28804,8.2894,1.00,1.00
2014.04.23 15:31:54.996,8.28815,8.28969,1.00,1.00
2014.04.23 15:31:56.255,8.28815,8.28979,1.50,1.00
2014.04.23 15:31:56.796,8.28824,8.28979,1.00,1.00
2014.04.23 15:31:57.126,8.28824,8.28972,1.00,1.00
2014.04.23 15:31:58.722,8.28824,8.2898,1.00,1.00
2014.04.23 15:31:58.975,8.28813,8.28969,1.00,1.00
2014.04.23 15:31:59.963,8.28805,8.28969,1.00,1.00
2014.04.23 15:32:00.241,8.28806,8.28971,1.00,1.00
2014.04.23 15:32:00.292,8.28813,8.28971,1.00,1.00
2014.04.23 15:32:00.699,8.28817,8.28981,1.00,1.00
2014.04.23 15:32:00.750,8.28828,8.28981,1.00,1.00
2014.04.23 15:32:00.917,8.28828,8.2899,1.00,1.00
2014.04.23 15:32:01.091,8.28837,8.29004,1.00,1.00
2014.04.23 15:32:01.444,8.28828,8.29016,1.00,1.00
2014.04.23 15:32:04.434,8.28836,8.29016,1.00,1.00
2014.04.23 15:32:07.374,8.28828,8.29016,1.00,1.00
2014.04.23 15:32:07.576,8.28828,8.28958,1.00,1.00
2014.04.23 15:32:07.677,8.28816,8.28958,1.00,1.00
2014.04.23 15:32:07.778,8.28816,8.28948,1.00,1.00
2014.04.23 15:32:08.599,8.28783,8.28948,1.00,1.00
2014.04.23 15:32:09.969,8.28815,8.28948,1.00,1.00
2014.04.23 15:32:10.121,8.28815,8.28968,1.00,1.00
2014.04.23 15:32:10.172,8.28839,8.29007,1.00,1.00
2014.04.23 15:32:10.223,8.28839,8.29029,1.00,1.00
2014.04.23 15:32:10.755,8.28822,8.29012,1.00,1.00
2014.04.23 15:32:11.684,8.28822,8.28977,1.00,1.00
2014.04.23 15:32:11.735,8.28812,8.28977,1.00,1.00
2014.04.23 15:32:11.786,8.28791,8.28925,1.00,1.00
2014.04.23 15:32:11.937,8.2876,8.28925,1.00,1.00
2014.04.23 15:32:12.254,8.28775,8.28925,1.00,1.00
2014.04.23 15:32:12.922,8.2876,8.28925,1.00,1.00
2014.04.23 15:32:13.193,8.28751,8.28917,1.00,1.00
2014.04.23 15:32:14.464,8.28782,8.28917,1.00,1.00
2014.04.23 15:32:14.767,8.28816,8.28929,1.00,1.00
2014.04.23 15:32:14.817,8.28816,8.28971,1.00,1.00
2014.04.23 15:32:14.919,8.28816,8.2898,1.00,1.00
2014.04.23 15:32:15.442,8.28815,8.28953,1.00,1.00
2014.04.23 15:32:15.694,8.28824,8.28989,1.00,1.00
2014.04.23 15:32:15.897,8.28824,8.29009,1.00,1.00
2014.04.23 15:32:15.998,8.28824,8.29014,1.00,1.00
2014.04.23 15:32:18.451,8.28805,8.28991,1.00,1.00
2014.04.23 15:32:18.778,8.28837,8.29025,1.00,1.00
2014.04.23 15:32:23.259,8.28822,8.29012,1.00,1.00
2014.04.23 15:32:23.728,8.28805,8.28988,1.00,1.00
2014.04.23 15:32:24.031,8.28819,8.28972,1.00,1.00
2014.04.23 15:32:24.284,8.28791,8.28949,1.00,1.00
2014.04.23 15:32:24.719,8.28785,8.28949,1.00,1.00
2014.04.23 15:32:28.669,8.28785,8.28941,1.00,1.00
2014.04.23 15:32:28.753,8.28785,8.28949,1.00,1.00
2014.04.23 15:32:29.411,8.28803,8.28949,1.00,1.00
2014.04.23 15:32:29.714,8.28814,8.28979,1.00,1.00
2014.04.23 15:32:29.815,8.28825,8.28979,1.00,1.00
2014.04.23 15:32:29.967,8.28825,8.2899,1.00,1.00
2014.04.23 15:32:30.513,8.28836,8.2899,1.00,1.00
2014.04.23 15:32:30.715,8.28836,8.29024,1.00,1.00
2014.04.23 15:32:57.161,8.28817,8.29052,1.00,1.00
2014.04.23 15:33:13.385,8.28883,8.29049,1.00,1.00
2014.04.23 15:33:13.688,8.28916,8.2908,1.00,1.00
2014.04.23 15:33:13.991,8.29042,8.29085,1.00,1.00
2014.04.23 15:33:14.244,8.29052,8.29118,1.00,1.00
2014.04.23 15:33:17.874,8.29058,8.29118,1.88,1.00
2014.04.23 15:33:17.975,8.2908,8.29157,1.00,1.00
2014.04.23 15:33:18.077,8.2909,8.29157,1.00,1.00
2014.04.23 15:33:18.393,8.29105,8.29172,1.00,1.19
2014.04.23 15:33:18.444,8.29105,8.29172,1.00,1.00
2014.04.23 15:33:18.974,8.29105,8.29148,1.00,1.00
2014.04.23 15:33:20.253,8.29105,8.29167,1.00,1.19
2014.04.23 15:33:20.815,8.29105,8.29167,1.00,1.19
2014.04.23 15:33:21.384,8.2909,8.29167,1.00,1.19
2014.04.23 15:33:21.435,8.2909,8.29167,1.00,1.19
2014.04.23 15:33:21.495,8.2909,8.29167,1.00,1.19
2014.04.23 15:33:22.457,8.291,8.29167,1.00,1.19
2014.04.23 15:33:22.508,8.291,8.29167,1.00,1.00
2014.04.23 15:33:24.702,8.2913,8.29167,1.00,1.00
2014.04.23 15:33:24.753,8.2913,8.29201,1.00,1.69
2014.04.23 15:33:24.854,8.2913,8.29201,1.00,1.19
2014.04.23 15:33:24.971,8.2913,8.29185,1.00,1.00
2014.04.23 15:33:28.692,8.29167,8.29185,1.88,1.00
2014.04.23 15:33:28.743,8.29167,8.2923,1.88,1.19
2014.04.23 15:33:28.794,8.29167,8.29233,1.88,1.19
2014.04.23 15:33:28.895,8.29178,8.29233,1.88,1.19
2014.04.23 15:33:29.774,8.29178,8.29233,1.88,1.19
2014.04.23 15:33:30.291,8.29155,8.29233,1.00,1.19
2014.04.23 15:33:30.443,8.29105,8.29233,1.19,1.19
2014.04.23 15:33:33.216,8.29066,8.29228,1.00,1.19
2014.04.23 15:33:33.267,8.29046,8.29144,1.19,1.00
2014.04.23 15:33:33.318,8.29046,8.29144,1.00,1.00
2014.04.23 15:33:33.419,8.29038,8.29144,1.00,1.00
2014.04.23 15:33:33.470,8.29038,8.29202,1.00,1.00
2014.04.23 15:33:33.520,8.29038,8.29202,1.19,1.19
2014.04.23 15:33:34.451,8.29035,8.29131,1.19,1.00
2014.04.23 15:33:34.502,8.2903,8.29131,1.19,1.00
2014.04.23 15:33:36.000,8.2903,8.29131,1.19,1.00
2014.04.23 15:33:36.254,8.2901,8.29131,1.19,1.00
2014.04.23 15:33:36.562,8.2901,8.29115,1.19,1.00
2014.04.23 15:33:37.012,8.2901,8.29165,1.19,1.19
2014.04.23 15:33:38.432,8.2901,8.29165,1.00,1.00
2014.04.23 15:33:38.483,8.28989,8.29113,1.00,1.00
2014.04.23 15:33:38.534,8.28949,8.29113,1.00,1.19
2014.04.23 15:33:38.585,8.28928,8.29087,1.00,1.00
2014.04.23 15:33:38.636,8.28926,8.29087,1.00,1.00
2014.04.23 15:33:38.788,8.28926,8.2904,1.00,1.00
2014.04.23 15:33:39.124,8.28926,8.29024,1.00,1.00
2014.04.23 15:33:39.667,8.28906,8.29024,1.00,1.00
2014.04.23 15:33:39.718,8.28846,8.29024,1.00,1.00
2014.04.23 15:33:39.768,8.2881,8.28986,1.00,1.00
2014.04.23 15:33:40.072,8.28844,8.29009,1.00,1.00
2014.04.23 15:33:40.390,8.28854,8.29018,1.00,1.00
2014.04.23 15:33:41.518,8.28854,8.29,1.00,1.00
2014.04.23 15:33:41.619,8.28833,8.29,1.00,1.00
2014.04.23 15:33:41.670,8.288,8.29,1.00,1.00
2014.04.23 15:33:42.894,8.288,8.28992,1.00,1.88
2014.04.23 15:33:43.200,8.28739,8.28903,1.00,1.00
2014.04.23 15:33:43.251,8.28723,8.2889,1.00,1.00
2014.04.23 15:33:43.403,8.28717,8.28875,1.00,1.00
2014.04.23 15:33:43.656,8.2871,8.28875,1.00,1.00
2014.04.23 15:33:43.908,8.28689,8.28886,1.00,1.00
2014.04.23 15:33:43.959,8.2865,8.28886,1.00,1.00
2014.04.23 15:33:44.060,8.28638,8.28826,1.00,1.00
2014.04.23 15:33:44.363,8.28683,8.28847,1.00,1.00
2014.04.23 15:33:45.115,8.2869,8.28857,1.00,1.00
2014.04.23 15:33:47.644,8.28684,8.28848,1.00,1.00
2014.04.23 15:33:47.971,8.2862,8.28784,1.00,1.00
2014.04.23 15:33:50.380,8.28631,8.28796,1.00,1.00
2014.04.23 15:33:53.439,8.2863,8.28868,1.00,1.50
2014.04.23 15:33:53.491,8.28654,8.28868,1.00,1.00
2014.04.23 15:33:53.541,8.2866,8.28898,1.00,1.00
2014.04.23 15:33:53.592,8.28709,8.28898,1.00,1.00
2014.04.23 15:33:53.895,8.28666,8.2887,1.00,1.00
2014.04.23 15:33:54.063,8.28666,8.2885,1.00,1.00
2014.04.23 15:33:54.489,8.28666,8.28873,1.00,1.00
2014.04.23 15:33:54.737,8.28666,8.28894,1.00,1.00
2014.04.23 15:33:54.889,8.28679,8.28894,1.00,1.00
2014.04.23 15:33:55.041,8.28692,8.28916,1.00,1.00
2014.04.23 15:33:55.092,8.28711,8.28916,1.00,1.00
2014.04.23 15:33:55.823,8.28711,8.28933,1.00,1.00
2014.04.23 15:33:55.925,8.28722,8.28933,1.00,1.00
2014.04.23 15:33:56.228,8.28734,8.28933,1.00,1.00
2014.04.23 15:33:56.278,8.28734,8.28949,1.00,1.00
2014.04.23 15:33:57.423,8.28746,8.28949,1.00,1.00
2014.04.23 15:33:57.754,8.2876,8.28949,1.00,1.00
2014.04.23 15:33:58.237,8.2876,8.28966,1.00,1.00
2014.04.23 15:33:58.440,8.28772,8.28966,1.00,1.00
2014.04.23 15:33:58.815,8.28797,8.28966,1.00,1.00
2014.04.23 15:33:59.271,8.28797,8.28998,1.00,1.00
2014.04.23 15:33:59.544,8.28814,8.28998,1.00,1.00
2014.04.23 15:34:00.994,8.28814,8.2902,1.00,1.00
2014.04.23 15:34:03.371,8.28814,8.2902,1.00,1.60
2014.04.23 15:34:03.472,8.28784,8.28992,1.50,1.88
2014.04.23 15:34:03.523,8.28712,8.28931,1.00,1.00
2014.04.23 15:34:03.624,8.28698,8.28931,1.00,1.00
2014.04.23 15:34:03.732,8.28723,8.28928,1.00,1.00
2014.04.23 15:34:04.074,8.28733,8.28888,1.00,1.00
2014.04.23 15:34:04.444,8.28733,8.28863,1.00,1.00
2014.04.23 15:34:04.746,8.28724,8.28863,1.00,1.00
2014.04.23 15:34:04.848,8.28715,8.28863,1.00,1.00
2014.04.23 15:34:04.899,8.28684,8.28777,1.00,3.98
2014.04.23 15:34:04.950,8.28613,8.28686,1.00,1.60
2014.04.23 15:34:05.052,8.28603,8.28653,3.03,1.00
2014.04.23 15:34:05.241,8.28613,8.28733,1.00,1.00
2014.04.23 15:34:05.292,8.28668,8.28775,1.00,1.00
2014.04.23 15:34:05.343,8.28668,8.28832,1.00,1.00
2014.04.23 15:34:05.394,8.28699,8.2875,1.00,1.00
2014.04.23 15:34:05.495,8.28682,8.2875,1.00,1.00
2014.04.23 15:34:05.647,8.28663,8.2875,1.00,1.00
2014.04.23 15:34:05.698,8.28592,8.2875,1.00,1.00
2014.04.23 15:34:05.849,8.28571,8.2875,1.00,1.00
2014.04.23 15:34:06.931,8.28571,8.28732,1.00,1.00
2014.04.23 15:34:08.942,8.28571,8.28757,1.00,1.00
2014.04.23 15:34:16.881,8.28669,8.28757,1.00,1.00
2014.04.23 15:34:16.982,8.28744,8.28856,1.00,1.00
2014.04.23 15:34:17.084,8.28744,8.28863,1.00,1.00
2014.04.23 15:34:17.418,8.28737,8.28863,1.00,1.00
2014.04.23 15:34:18.926,8.28743,8.28863,1.00,1.00
2014.04.23 15:34:23.869,8.28743,8.28881,1.00,1.00
2014.04.23 15:34:24.880,8.28743,8.28842,1.00,1.00
2014.04.23 15:34:24.982,8.28706,8.28842,1.00,1.00
2014.04.23 15:34:25.083,8.28693,8.28842,1.00,1.00
2014.04.23 15:34:26.181,8.28681,8.28823,1.00,1.00
2014.04.23 15:34:27.057,8.28666,8.28823,1.00,1.00
2014.04.23 15:34:31.406,8.28659,8.28823,1.00,1.00
2014.04.23 15:34:34.552,8.28651,8.28817,1.00,1.00
2014.04.23 15:34:40.819,8.28644,8.28809,1.00,1.00
2014.04.23 15:34:43.470,8.28652,8.28819,1.00,1.00
2014.04.23 15:34:45.095,8.28652,8.28819,1.00,1.60
2014.04.23 15:34:45.145,8.28644,8.28792,1.00,1.88
2014.04.23 15:34:45.448,8.28644,8.28742,1.00,1.00
2014.04.23 15:34:45.578,8.28592,8.28742,1.00,1.00
2014.04.23 15:34:45.651,8.28559,8.28726,1.00,1.00
2014.04.23 15:34:50.776,8.28559,8.28714,1.00,1.00
2014.04.23 15:34:50.826,8.28531,8.28695,1.00,1.00
2014.04.23 15:34:51.167,8.28521,8.28686,1.00,1.00
2014.04.23 15:34:53.015,8.28547,8.28714,1.00,1.00
2014.04.23 15:34:56.138,8.2856,8.28724,1.00,1.00
2014.04.23 15:34:59.625,8.28574,8.28724,1.00,1.00
2014.04.23 15:34:59.675,8.28593,8.28758,1.00,1.00
2014.04.23 15:34:59.776,8.28636,8.28758,1.00,1.00
2014.04.23 15:34:59.979,8.28636,8.28788,1.00,1.19
2014.04.23 15:35:02.929,8.28643,8.28788,1.00,1.19
2014.04.23 15:35:03.365,8.28694,8.28788,1.00,1.19
2014.04.23 15:35:03.415,8.28694,8.28824,1.00,1.19
2014.04.23 15:35:03.466,8.28704,8.28824,1.00,1.19
2014.04.23 15:35:03.517,8.28704,8.2885,1.00,1.19
2014.04.23 15:35:03.820,8.28704,8.28857,1.19,1.19
2014.04.23 15:35:04.546,8.28704,8.28857,1.79,1.19
2014.04.23 15:35:04.851,8.28804,8.28933,1.00,1.00
2014.04.23 15:35:04.902,8.28804,8.28878,1.00,1.00
2014.04.23 15:35:05.461,8.28804,8.28902,1.00,1.00
2014.04.23 15:35:06.167,8.28811,8.28902,1.00,1.00
2014.04.23 15:35:06.622,8.28802,8.28902,1.00,1.00
2014.04.23 15:35:06.673,8.28802,8.28847,1.00,1.00
2014.04.23 15:35:06.725,8.28781,8.28847,1.00,1.00
2014.04.23 15:35:06.776,8.28757,8.28847,1.00,1.00
2014.04.23 15:35:06.827,8.28748,8.28847,1.00,1.00
2014.04.23 15:35:06.978,8.28755,8.28847,1.00,1.00
2014.04.23 15:35:07.430,8.28755,8.28865,1.00,1.00
2014.04.23 15:35:16.335,8.28755,8.28843,1.00,2.10
2014.04.23 15:35:16.639,8.28753,8.28828,1.00,2.10
2014.04.23 15:35:16.690,8.2869,8.28828,1.00,2.10
2014.04.23 15:35:16.791,8.28687,8.28821,1.00,1.60
2014.04.23 15:35:16.842,8.28654,8.28821,1.00,1.60
2014.04.23 15:35:16.893,8.28692,8.28832,1.00,1.19
2014.04.23 15:35:17.045,8.28741,8.28908,1.00,1.00
2014.04.23 15:35:17.701,8.28741,8.28899,1.00,1.00
2014.04.23 15:35:37.639,8.28746,8.28899,1.00,1.00
2014.04.23 15:35:44.394,8.28746,8.28877,1.00,1.00
2014.04.23 15:35:57.278,8.28746,8.28891,1.00,1.25
2014.04.23 15:35:58.132,8.28744,8.28891,1.00,1.25
2014.04.23 15:35:59.347,8.28744,8.28891,1.00,1.19
2014.04.23 15:36:00.558,8.28744,8.28891,1.00,1.19
2014.04.23 15:36:05.484,8.28744,8.28891,1.00,1.00
2014.04.23 15:36:07.211,8.28744,8.28865,1.00,1.19
2014.04.23 15:36:07.565,8.28744,8.28843,1.00,1.19
2014.04.23 15:36:07.761,8.28737,8.28843,1.00,1.19
2014.04.23 15:36:07.912,8.28681,8.28843,1.00,1.19
2014.04.23 15:36:09.155,8.28681,8.28836,1.00,1.19
2014.04.23 15:36:10.273,8.28681,8.28843,1.00,1.19
2014.04.23 15:36:12.731,8.28673,8.28837,1.19,1.19
2014.04.23 15:36:12.781,8.28673,8.28826,1.00,1.19
2014.04.23 15:36:14.564,8.28673,8.28826,1.00,1.19
2014.04.23 15:36:14.899,8.2868,8.28826,1.00,1.19
2014.04.23 15:36:15.288,8.2867,8.28826,1.00,1.19
2014.04.23 15:36:15.695,8.2867,8.28826,1.00,1.19
2014.04.23 15:36:15.747,8.28654,8.28799,1.00,1.00
2014.04.23 15:36:15.797,8.28654,8.28799,1.00,1.19
2014.04.23 15:36:16.389,8.28657,8.28786,1.00,1.19
2014.04.23 15:36:16.891,8.28654,8.28786,1.00,1.19
2014.04.23 15:36:17.195,8.28639,8.28787,1.00,1.19
2014.04.23 15:36:17.296,8.28639,8.28759,1.00,1.00
2014.04.23 15:36:18.281,8.28639,8.28783,1.00,1.19
2014.04.23 15:36:19.218,8.28639,8.28783,1.00,1.19
2014.04.23 15:36:19.589,8.28675,8.28783,2.10,1.19
2014.04.23 15:36:19.640,8.28682,8.28783,1.60,1.00
2014.04.23 15:36:19.742,8.28708,8.28803,3.00,1.00
2014.04.23 15:36:19.792,8.28783,8.28808,1.00,1.00
2014.04.23 15:36:19.995,8.28783,8.28813,1.00,1.00
2014.04.23 15:36:20.096,8.28783,8.28889,1.00,1.19
2014.04.23 15:36:20.893,8.28743,8.2888,1.25,2.29
2014.04.23 15:36:20.944,8.28743,8.28823,1.00,1.00
2014.04.23 15:36:20.995,8.2871,8.28823,1.00,1.00
2014.04.23 15:36:21.046,8.2871,8.2882,1.00,1.19
2014.04.23 15:36:21.097,8.28691,8.2882,1.00,1.19
2014.04.23 15:36:21.148,8.28684,8.2882,1.00,1.19
2014.04.23 15:36:21.411,8.2868,8.28814,1.00,1.19
2014.04.23 15:36:21.462,8.2868,8.28806,1.00,1.19
2014.04.23 15:36:22.139,8.28674,8.28794,1.00,1.19
2014.04.23 15:36:23.344,8.28674,8.28794,1.00,1.19
2014.04.23 15:36:23.908,8.28673,8.28794,1.00,1.19
2014.04.23 15:36:24.328,8.28677,8.28797,1.00,1.19
2014.04.23 15:36:24.379,8.28677,8.2881,1.00,1.19
2014.04.23 15:36:24.628,8.28679,8.28812,1.00,1.19
2014.04.23 15:36:26.159,8.28679,8.28817,1.00,1.19
2014.04.23 15:36:28.071,8.28679,8.28817,1.00,1.19
2014.04.23 15:36:29.300,8.28679,8.28826,1.00,1.19
2014.04.23 15:36:30.018,8.28683,8.28826,1.00,1.19
2014.04.23 15:36:31.150,8.28679,8.28826,1.00,1.19
2014.04.23 15:36:32.641,8.28679,8.28826,1.00,1.19
2014.04.23 15:36:34.120,8.28679,8.28826,1.00,1.19
2014.04.23 15:36:36.339,8.28679,8.28826,1.00,1.19
2014.04.23 15:36:37.362,8.28679,8.28818,1.00,1.19
2014.04.23 15:36:40.857,8.28679,8.28818,1.00,1.19
2014.04.23 15:36:41.158,8.28679,8.28818,1.00,1.19
2014.04.23 15:36:42.002,8.28679,8.28818,1.00,1.19
2014.04.23 15:36:44.149,8.28679,8.28818,1.00,1.19
2014.04.23 15:36:44.461,8.28684,8.28818,1.00,1.19
2014.04.23 15:36:45.914,8.28684,8.28818,1.00,1.19
2014.04.23 15:36:50.743,8.28684,8.28826,1.00,1.19
2014.04.23 15:36:52.989,8.28684,8.28826,1.00,1.19
2014.04.23 15:36:54.217,8.28684,8.28826,1.25,1.19
2014.04.23 15:36:58.165,8.28684,8.28826,1.25,1.25
2014.04.23 15:36:59.083,8.28686,8.28841,1.00,1.19
2014.04.23 15:36:59.442,8.28688,8.2884,1.00,1.19
2014.04.23 15:36:59.797,8.28692,8.2884,1.00,1.19
2014.04.23 15:37:00.052,8.28766,8.28914,1.00,1.19
2014.04.23 15:37:01.137,8.28766,8.28914,1.00,1.19
2014.04.23 15:37:08.522,8.28766,8.28914,1.00,1.19
2014.04.23 15:37:09.267,8.28793,8.28914,1.00,1.19
2014.04.23 15:37:09.420,8.28793,8.28934,1.00,1.19
2014.04.23 15:37:09.623,8.28796,8.28925,1.00,1.19
2014.04.23 15:37:09.959,8.28799,8.28925,1.00,1.19
2014.04.23 15:37:11.416,8.28799,8.28923,1.00,1.19
2014.04.23 15:37:13.560,8.28795,8.28923,1.00,1.19
2014.04.23 15:37:13.662,8.28795,8.28901,1.00,1.19
2014.04.23 15:37:15.483,8.28795,8.28901,1.00,1.19
2014.04.23 15:37:17.601,8.28795,8.2891,1.19,1.19
2014.04.23 15:37:17.856,8.28795,8.28927,1.19,1.19
2014.04.23 15:37:19.277,8.28814,8.28927,1.00,1.19
2014.04.23 15:37:19.581,8.28814,8.28919,1.00,1.19
2014.04.23 15:37:19.914,8.28819,8.28919,1.00,1.19
2014.04.23 15:37:20.516,8.28819,8.28927,1.19,1.19
2014.04.23 15:37:21.754,8.28819,8.2893,1.19,1.19
2014.04.23 15:37:25.218,8.28819,8.28927,1.19,1.19
2014.04.23 15:37:29.150,8.28819,8.28929,1.19,1.19
2014.04.23 15:37:33.400,8.28819,8.28937,1.19,1.19
2014.04.23 15:37:36.822,8.28819,8.28938,1.19,1.19
2014.04.23 15:37:38.240,8.28819,8.2893,1.00,1.19
2014.04.23 15:37:38.857,8.28819,8.28937,1.00,1.19
2014.04.23 15:37:39.389,8.28819,8.28849,1.00,1.00
2014.04.23 15:37:39.440,8.28812,8.28846,1.00,1.00
2014.04.23 15:37:39.491,8.28714,8.28848,1.00,1.00
2014.04.23 15:37:39.542,8.28738,8.28842,2.10,1.19
2014.04.23 15:37:39.795,8.28787,8.28903,1.19,1.19
2014.04.23 15:37:41.690,8.28787,8.28899,1.19,1.19
2014.04.23 15:37:42.029,8.28668,8.28794,1.69,1.19
2014.04.23 15:37:42.534,8.28637,8.28757,1.00,1.19
2014.04.23 15:37:42.585,8.2862,8.28757,1.19,1.19
2014.04.23 15:37:43.438,8.286,8.28736,1.19,1.19
2014.04.23 15:37:43.540,8.28589,8.28737,1.00,1.19
2014.04.23 15:37:44.502,8.28589,8.28733,1.25,1.19
2014.04.23 15:37:45.813,8.28589,8.28715,1.19,1.19
2014.04.23 15:37:46.984,8.28564,8.28714,1.19,1.19
2014.04.23 15:37:47.939,8.2858,8.2871,1.19,1.19
2014.04.23 15:37:48.838,8.2858,8.2863,1.19,1.00
2014.04.23 15:37:48.940,8.28525,8.28606,1.00,1.19
2014.04.23 15:37:48.991,8.28508,8.28606,1.00,1.69
2014.04.23 15:37:49.041,8.28508,8.28592,1.00,1.19
2014.04.23 15:37:49.243,8.28575,8.2868,1.19,1.00
2014.04.23 15:37:49.294,8.28578,8.28682,1.19,1.00
2014.04.23 15:37:49.856,8.28575,8.28703,1.19,1.19
2014.04.23 15:37:50.987,8.28545,8.2868,1.00,1.19
2014.04.23 15:37:51.038,8.28527,8.2868,1.19,1.19
2014.04.23 15:37:51.448,8.2855,8.28692,1.00,1.00
2014.04.23 15:37:51.988,8.28528,8.28692,1.19,1.19
2014.04.23 15:37:52.039,8.28519,8.28686,1.19,1.00
2014.04.23 15:37:52.251,8.28528,8.28692,1.19,1.19
2014.04.23 15:37:52.301,8.28633,8.28692,2.10,1.19
2014.04.23 15:37:52.453,8.28634,8.28712,2.10,1.00
2014.04.23 15:37:52.504,8.28634,8.28764,2.10,1.00
2014.04.23 15:37:52.556,8.28634,8.28776,3.04,1.00
2014.04.23 15:37:52.657,8.28615,8.28743,1.19,1.88
2014.04.23 15:37:52.759,8.28615,8.28743,1.00,1.88
2014.04.23 15:37:52.810,8.28595,8.28682,1.00,1.00
2014.04.23 15:37:52.861,8.28534,8.28653,1.00,2.10
2014.04.23 15:37:53.825,8.28534,8.28625,1.00,1.00
2014.04.23 15:37:54.528,8.28562,8.28625,1.00,1.00
2014.04.23 15:37:56.148,8.2859,8.28629,1.00,1.00
2014.04.23 15:37:56.805,8.2859,8.2863,1.00,1.00
2014.04.23 15:37:58.143,8.2859,8.28653,1.00,2.10
2014.04.23 15:37:58.195,8.2859,8.28679,1.00,1.00
2014.04.23 15:37:58.248,8.28609,8.28679,1.00,1.00
2014.04.23 15:37:58.452,8.28562,8.28679,1.00,1.00
2014.04.23 15:37:59.563,8.28565,8.28683,1.19,1.00
2014.04.23 15:38:00.876,8.28568,8.28633,1.19,1.00
2014.04.23 15:38:00.927,8.28562,8.28633,1.00,1.00
2014.04.23 15:38:00.978,8.28559,8.28633,1.00,1.00
2014.04.23 15:38:01.079,8.28536,8.28627,1.25,1.00
2014.04.23 15:38:01.333,8.28534,8.28649,1.19,1.00
2014.04.23 15:38:01.776,8.28534,8.28651,1.19,1.00
2014.04.23 15:38:02.268,8.28542,8.28651,1.19,1.00
2014.04.23 15:38:02.838,8.28547,8.2869,1.19,1.19
2014.04.23 15:38:02.889,8.28563,8.2869,1.00,1.19
2014.04.23 15:38:03.204,8.28589,8.28705,1.19,1.19
2014.04.23 15:38:04.473,8.28589,8.28705,1.25,1.19
2014.04.23 15:38:04.994,8.28598,8.28705,1.00,1.19
2014.04.23 15:38:05.976,8.28608,8.28705,1.00,1.19
2014.04.23 15:38:06.804,8.28608,8.28705,1.00,1.00
2014.04.23 15:38:07.711,8.28608,8.28705,1.00,1.19
2014.04.23 15:38:10.101,8.28608,8.28703,1.00,1.19
2014.04.23 15:38:11.808,8.28617,8.28703,1.00,1.19
2014.04.23 15:38:12.170,8.28617,8.28699,1.00,1.19
2014.04.23 15:38:12.956,8.28617,8.28697,1.00,1.19
2014.04.23 15:38:16.117,8.28607,8.28697,1.00,1.19
2014.04.23 15:38:17.115,8.28607,8.28697,1.00,1.19
2014.04.23 15:38:18.490,8.28607,8.28698,1.00,1.19
2014.04.23 15:38:20.942,8.28607,8.28696,1.00,1.19
2014.04.23 15:38:24.481,8.28607,8.28707,1.00,1.19
2014.04.23 15:38:28.278,8.28607,8.28705,1.00,1.19
2014.04.23 15:38:30.794,8.28607,8.287,1.00,1.19
2014.04.23 15:38:31.197,8.28607,8.28705,1.00,1.00
2014.04.23 15:38:31.298,8.28607,8.28705,1.00,1.19
2014.04.23 15:38:31.725,8.28607,8.28705,1.00,1.00
2014.04.23 15:38:34.228,8.28607,8.28706,1.25,1.00
2014.04.23 15:38:46.606,8.28617,8.28706,1.00,1.00
2014.04.23 15:38:58.484,8.28617,8.28749,1.00,1.19
2014.04.23 15:38:59.367,8.28617,8.28778,1.00,1.19
2014.04.23 15:39:00.642,8.28613,8.28737,1.00,1.19
2014.04.23 15:39:00.794,8.28569,8.28736,1.00,1.19
2014.04.23 15:39:00.895,8.28561,8.28728,1.19,1.19
2014.04.23 15:39:01.200,8.28575,8.28737,1.00,1.19
2014.04.23 15:39:01.627,8.28588,8.28737,1.00,1.19
2014.04.23 15:39:02.041,8.28588,8.28742,1.00,1.19
2014.04.23 15:39:02.294,8.28568,8.28734,1.19,1.19
2014.04.23 15:39:02.446,8.28568,8.28732,1.00,1.19
2014.04.23 15:39:02.497,8.2856,8.28725,1.00,1.19
2014.04.23 15:39:03.488,8.2856,8.28725,1.00,1.19
2014.04.23 15:39:04.494,8.2856,8.28725,1.00,1.19
2014.04.23 15:39:05.625,8.2856,8.28725,1.00,1.19
2014.04.23 15:39:06.327,8.28571,8.28737,1.00,1.19
2014.04.23 15:39:06.637,8.28586,8.2875,1.00,1.19
2014.04.23 15:39:09.436,8.28586,8.28737,1.00,1.19
2014.04.23 15:39:10.443,8.28586,8.28745,1.00,1.19
2014.04.23 15:39:11.630,8.28586,8.28751,1.00,1.19
2014.04.23 15:39:12.240,8.28586,8.28752,1.00,1.00
2014.04.23 15:39:12.702,8.28599,8.28764,1.00,1.00
2014.04.23 15:39:13.006,8.28599,8.28743,1.00,1.19
2014.04.23 15:39:13.656,8.28591,8.28743,1.00,1.19
2014.04.23 15:39:14.046,8.28591,8.28746,1.00,1.19
2014.04.23 15:39:16.326,8.28591,8.28749,1.00,1.19
2014.04.23 15:39:17.433,8.28591,8.28741,1.00,1.19
2014.04.23 15:39:21.248,8.28591,8.28741,1.00,1.19
2014.04.23 15:39:22.249,8.28591,8.28757,1.00,1.19
2014.04.23 15:39:22.753,8.28591,8.28757,1.00,1.19
2014.04.23 15:39:24.287,8.28591,8.28753,1.00,1.19
2014.04.23 15:39:25.609,8.28591,8.28755,1.19,1.19
2014.04.23 15:39:27.876,8.28591,8.28745,1.00,1.19
2014.04.23 15:39:28.779,8.28598,8.28745,1.00,1.19
2014.04.23 15:39:28.880,8.28598,8.2875,1.00,1.19
2014.04.23 15:39:30.188,8.28598,8.28752,1.00,1.19
2014.04.23 15:39:32.299,8.28598,8.28765,1.00,1.00
2014.04.23 15:39:32.438,8.28598,8.28765,1.19,1.19
2014.04.23 15:39:33.700,8.28598,8.28763,1.19,1.19
2014.04.23 15:39:34.415,8.28598,8.28749,1.00,1.19
2014.04.23 15:39:35.447,8.28598,8.28753,1.00,1.19
2014.04.23 15:39:37.166,8.28598,8.28758,1.00,1.19
2014.04.23 15:39:38.831,8.28598,8.28762,1.19,1.19
2014.04.23 15:39:39.131,8.28598,8.28749,1.00,1.19
2014.04.23 15:39:40.370,8.28598,8.28756,1.00,1.19
2014.04.23 15:39:42.297,8.28598,8.28765,1.00,1.00
2014.04.23 15:39:43.994,8.28598,8.28756,1.00,1.19
2014.04.23 15:39:45.718,8.28598,8.28765,1.19,1.69
2014.04.23 15:39:46.815,8.28598,8.28765,1.19,1.19
2014.04.23 15:39:51.696,8.28598,8.2875,1.00,1.19
2014.04.23 15:39:52.777,8.28598,8.28748,1.00,1.19
2014.04.23 15:39:55.394,8.28598,8.2875,1.00,1.19
2014.04.23 15:39:57.801,8.28598,8.28755,1.00,1.19
2014.04.23 15:39:58.805,8.28598,8.28754,1.00,1.19
2014.04.23 15:40:00.816,8.28598,8.28764,1.00,1.19
2014.04.23 15:40:02.762,8.28598,8.28764,1.19,1.19
2014.04.23 15:40:03.899,8.28598,8.28754,1.00,1.19
2014.04.23 15:40:04.028,8.28583,8.28749,1.00,1.19
2014.04.23 15:40:05.773,8.28583,8.28749,1.00,1.19
2014.04.23 15:40:06.382,8.28579,8.28742,1.00,1.19
2014.04.23 15:40:10.230,8.28589,8.28754,1.00,1.00
2014.04.23 15:40:10.331,8.28592,8.28754,1.19,1.00
2014.04.23 15:40:12.250,8.28592,8.28747,1.19,1.00
2014.04.23 15:40:14.776,8.28592,8.28737,1.19,1.00
2014.04.23 15:40:15.506,8.28595,8.28737,1.19,1.00
2014.04.23 15:40:18.166,8.28579,8.28737,1.00,1.19
2014.04.23 15:40:20.177,8.28579,8.28737,1.69,1.00
2014.04.23 15:40:23.890,8.28579,8.28737,1.00,1.19
2014.04.23 15:40:25.208,8.28579,8.28737,1.00,1.19
2014.04.23 15:40:26.320,8.28579,8.28737,1.00,1.19
2014.04.23 15:40:29.221,8.28579,8.28737,1.19,1.00
2014.04.23 15:40:29.272,8.28579,8.28745,1.69,1.00
2014.04.23 15:40:29.373,8.28579,8.28745,1.69,1.00
2014.04.23 15:40:34.378,8.28579,8.28745,1.69,1.19
2014.04.23 15:40:36.889,8.28579,8.28745,1.50,1.19
2014.04.23 15:40:37.030,8.28579,8.28745,1.50,1.19
2014.04.23 15:40:39.199,8.28579,8.28745,1.50,1.00
2014.04.23 15:40:39.341,8.28579,8.28745,1.50,1.19
2014.04.23 15:40:41.410,8.28579,8.28745,1.50,1.19
2014.04.23 15:40:44.555,8.28579,8.28745,1.50,1.19
2014.04.23 15:40:45.459,8.28579,8.28745,1.50,1.19
2014.04.23 15:40:48.175,8.28579,8.28745,1.69,1.19
2014.04.23 15:40:50.686,8.28579,8.28744,1.00,1.19
2014.04.23 15:40:53.000,8.28579,8.28744,1.00,1.19
2014.04.23 15:40:54.908,8.28579,8.28744,1.00,1.19
2014.04.23 15:40:56.674,8.2858,8.28744,1.00,1.19
2014.04.23 15:40:56.856,8.2858,8.28744,1.00,1.19
2014.04.23 15:40:58.107,8.2858,8.28744,1.00,1.19
2014.04.23 15:40:58.436,8.28594,8.28744,1.00,1.19
2014.04.23 15:40:59.374,8.28594,8.28744,1.00,1.19
2014.04.23 15:41:01.515,8.2858,8.28744,1.19,1.19
2014.04.23 15:41:02.535,8.2858,8.28744,1.19,1.19
2014.04.23 15:41:04.628,8.2858,8.28744,1.00,1.19
2014.04.23 15:41:04.697,8.2858,8.28744,1.00,1.19
2014.04.23 15:41:07.214,8.2858,8.28744,1.19,1.00
2014.04.23 15:41:07.729,8.2858,8.28744,1.00,1.19
2014.04.23 15:41:08.918,8.2858,8.28744,1.00,1.19
2014.04.23 15:41:09.566,8.28581,8.28745,1.00,1.19
2014.04.23 15:41:10.956,8.28581,8.28745,1.00,1.19
2014.04.23 15:41:14.270,8.28581,8.28745,1.00,1.19
2014.04.23 15:41:15.915,8.28581,8.28745,1.00,1.19
2014.04.23 15:41:17.919,8.28581,8.28745,1.00,1.19
2014.04.23 15:41:22.107,8.28581,8.28741,1.00,1.19
2014.04.23 15:41:22.910,8.2858,8.28739,1.00,1.19
2014.04.23 15:41:23.914,8.2858,8.28739,1.00,1.19
2014.04.23 15:41:24.115,8.2858,8.28739,1.00,1.19
2014.04.23 15:41:25.338,8.2858,8.28746,1.50,1.19
2014.04.23 15:41:26.646,8.2858,8.28746,1.50,1.19
2014.04.23 15:41:28.074,8.2858,8.28693,1.50,2.10
2014.04.23 15:41:28.278,8.28538,8.28678,1.19,1.79
2014.04.23 15:41:28.379,8.28586,8.28678,1.00,1.19
2014.04.23 15:41:28.481,8.28568,8.28699,1.00,1.00
2014.04.23 15:41:28.582,8.28574,8.28739,1.00,1.19
2014.04.23 15:41:29.665,8.28568,8.28723,1.00,1.19
2014.04.23 15:41:30.359,8.28568,8.28724,1.00,1.19
2014.04.23 15:41:33.579,8.28568,8.28724,1.00,1.00
2014.04.23 15:41:34.588,8.28568,8.28724,1.19,1.00
2014.04.23 15:41:34.985,8.28568,8.28714,1.19,1.00
2014.04.23 15:41:35.900,8.28568,8.28714,1.19,1.00
2014.04.23 15:41:38.719,8.28568,8.28722,1.19,1.00
2014.04.23 15:41:38.956,8.28568,8.28722,1.00,1.00
2014.04.23 15:41:39.158,8.28568,8.28732,1.00,1.19
2014.04.23 15:41:40.350,8.28568,8.28732,1.00,1.19
2014.04.23 15:41:41.446,8.28568,8.28722,1.00,1.00
2014.04.23 15:41:41.497,8.28557,8.28722,1.19,1.00
2014.04.23 15:41:41.598,8.28557,8.28658,1.19,1.00
2014.04.23 15:41:42.475,8.28557,8.28658,1.19,1.00
2014.04.23 15:41:44.411,8.28557,8.28658,1.19,1.00
2014.04.23 15:41:48.815,8.28565,8.28658,1.19,1.00
2014.04.23 15:41:48.866,8.28565,8.28667,1.19,1.00
2014.04.23 15:41:48.917,8.28557,8.28667,1.19,1.00
2014.04.23 15:41:49.069,8.28565,8.28671,1.19,1.00
2014.04.23 15:41:49.170,8.28574,8.28671,1.00,1.00
2014.04.23 15:41:51.833,8.28574,8.28667,1.00,1.00
2014.04.23 15:41:51.884,8.28566,8.28667,1.19,1.00
2014.04.23 15:41:52.036,8.2858,8.28673,1.00,1.00
2014.04.23 15:41:52.340,8.28595,8.28673,1.00,1.00
2014.04.23 15:41:53.152,8.28595,8.28668,1.00,1.00
2014.04.23 15:41:53.204,8.28581,8.28668,1.00,1.00
2014.04.23 15:41:58.747,8.28581,8.28676,1.00,1.00
2014.04.23 15:42:00.380,8.28581,8.28676,1.19,1.00
2014.04.23 15:42:00.686,8.28603,8.28685,1.00,1.00
2014.04.23 15:42:00.736,8.28603,8.28687,1.00,1.00
2014.04.23 15:42:01.398,8.28603,8.28688,1.00,1.00
2014.04.23 15:42:01.481,8.28603,8.28688,1.19,1.00
2014.04.23 15:42:02.687,8.28603,8.28688,1.00,1.00
2014.04.23 15:42:05.003,8.28603,8.28686,1.00,1.00
2014.04.23 15:42:06.458,8.28603,8.28686,1.19,1.00
2014.04.23 15:42:06.561,8.28603,8.28747,1.19,1.19
2014.04.23 15:42:07.477,8.28603,8.28741,1.19,1.19
2014.04.23 15:42:07.827,8.28603,8.28694,1.19,1.00
2014.04.23 15:42:08.132,8.28587,8.28735,1.19,1.19
2014.04.23 15:42:08.284,8.2859,8.28709,1.19,1.19
2014.04.23 15:42:09.265,8.28557,8.28694,1.19,1.19
2014.04.23 15:42:09.487,8.28551,8.28675,1.19,1.00
2014.04.23 15:42:09.791,8.28548,8.28675,1.19,1.19
2014.04.23 15:42:10.774,8.28548,8.28675,1.19,1.19
2014.04.23 15:42:12.872,8.28548,8.28675,1.19,1.00
2014.04.23 15:42:13.001,8.28548,8.28694,1.19,1.19
2014.04.23 15:42:19.195,8.28557,8.2869,1.00,1.19
2014.04.23 15:42:19.839,8.28557,8.28671,1.00,1.19
2014.04.23 15:42:21.004,8.28557,8.28663,1.00,1.19
2014.04.23 15:42:22.185,8.28529,8.28693,1.25,1.19
2014.04.23 15:42:22.489,8.28532,8.28674,1.00,1.19
2014.04.23 15:42:23.348,8.28532,8.28674,1.00,1.19
2014.04.23 15:42:25.357,8.28532,8.28674,1.00,1.19
2014.04.23 15:42:26.592,8.28532,8.28674,1.00,1.19
2014.04.23 15:42:28.730,8.28532,8.28696,1.19,1.19
2014.04.23 15:42:29.952,8.28547,8.28697,1.00,1.69
2014.04.23 15:42:31.092,8.28547,8.28696,1.19,1.19
2014.04.23 15:42:34.537,8.28528,8.2869,1.69,1.19
2014.04.23 15:42:35.154,8.28538,8.28695,1.19,1.00
2014.04.23 15:42:35.255,8.28549,8.28697,1.19,1.19
2014.04.23 15:42:36.334,8.28557,8.28704,1.00,1.19
2014.04.23 15:42:37.068,8.28557,8.28689,1.19,1.19
2014.04.23 15:42:37.983,8.28567,8.28689,1.00,1.19
2014.04.23 15:42:41.111,8.28549,8.28689,1.19,1.19
2014.04.23 15:42:41.161,8.28549,8.28647,1.19,1.00
2014.04.23 15:42:41.212,8.28549,8.28647,1.00,1.00
2014.04.23 15:42:41.314,8.28521,8.28647,1.00,1.00
2014.04.23 15:42:41.466,8.28521,8.28671,1.00,1.19
2014.04.23 15:42:41.517,8.28528,8.28674,1.19,1.19
2014.04.23 15:42:44.693,8.28528,8.28676,1.19,1.00
2014.04.23 15:42:45.934,8.28528,8.28676,1.00,1.19
2014.04.23 15:42:47.431,8.2853,8.28693,1.19,1.19
2014.04.23 15:42:47.482,8.28551,8.28705,1.00,1.19
2014.04.23 15:42:47.893,8.28551,8.28692,1.19,1.19
2014.04.23 15:42:48.505,8.28551,8.28692,1.19,1.19
2014.04.23 15:42:52.848,8.28558,8.28704,1.69,1.00
2014.04.23 15:42:52.902,8.28558,8.28692,1.69,1.00
2014.04.23 15:42:52.953,8.28558,8.28692,1.19,1.00
2014.04.23 15:42:53.254,8.28558,8.28661,1.19,1.00
2014.04.23 15:42:53.673,8.28558,8.28676,1.19,1.00
2014.04.23 15:42:54.072,8.28558,8.28676,1.00,1.19
2014.04.23 15:42:56.171,8.28558,8.28672,1.00,1.19
2014.04.23 15:42:59.622,8.28558,8.28672,1.00,1.19
2014.04.23 15:43:01.024,8.28558,8.2865,1.00,1.19
2014.04.23 15:43:02.140,8.28558,8.28648,1.00,1.19
2014.04.23 15:43:06.147,8.28558,8.28701,1.00,1.19
2014.04.23 15:43:06.491,8.28558,8.28646,1.00,1.19
2014.04.23 15:43:18.258,8.28558,8.28654,1.00,1.19
2014.04.23 15:43:18.410,8.28543,8.28654,1.00,1.19
2014.04.23 15:43:18.461,8.28524,8.28654,1.25,1.19
2014.04.23 15:43:18.613,8.2848,8.28647,1.00,1.19
2014.04.23 15:43:18.766,8.28488,8.28654,1.00,1.19
2014.04.23 15:43:19.692,8.28488,8.28654,1.00,1.19
2014.04.23 15:43:20.078,8.28507,8.28654,1.00,1.19
2014.04.23 15:43:20.180,8.28507,8.28654,1.19,1.00
2014.04.23 15:43:20.883,8.28501,8.28654,1.19,1.00
2014.04.23 15:43:20.934,8.28501,8.28663,1.19,1.00
2014.04.23 15:43:20.985,8.28499,8.28663,1.00,1.00
2014.04.23 15:43:21.036,8.28513,8.2868,1.00,1.00
2014.04.23 15:43:26.398,8.28513,8.2868,1.00,1.19
2014.04.23 15:43:29.713,8.28513,8.2868,1.00,1.19
2014.04.23 15:43:35.686,8.28513,8.2868,1.00,1.19
2014.04.23 15:43:37.205,8.28513,8.2868,1.00,1.25
2014.04.23 15:43:37.256,8.28527,8.28694,1.00,1.19
2014.04.23 15:43:38.449,8.2852,8.28685,1.00,1.19
2014.04.23 15:43:38.601,8.2852,8.28681,1.00,1.19
2014.04.23 15:43:39.697,8.2852,8.28685,1.00,1.19
2014.04.23 15:43:53.194,8.2852,8.28685,1.00,1.00
2014.04.23 15:43:58.664,8.2852,8.28684,1.00,1.00
2014.04.23 15:43:58.952,8.2852,8.28684,1.19,1.00
2014.04.23 15:44:02.379,8.2852,8.28684,1.19,1.00
2014.04.23 15:44:15.146,8.2852,8.28684,1.25,1.00
2014.04.23 15:44:16.351,8.2852,8.28684,1.19,1.00
2014.04.23 15:44:18.057,8.2852,8.28684,1.19,1.00
2014.04.23 15:44:19.679,8.28519,8.28684,1.19,1.00
2014.04.23 15:44:27.191,8.28519,8.28684,1.19,1.00
2014.04.23 15:44:27.242,8.28526,8.28693,1.19,1.00
2014.04.23 15:44:27.343,8.28519,8.28684,1.19,1.00
2014.04.23 15:44:29.697,8.28519,8.28684,1.19,1.00
2014.04.23 15:44:36.459,8.28523,8.28684,1.19,1.00
2014.04.23 15:44:42.481,8.28523,8.28684,1.19,1.00
2014.04.23 15:44:45.193,8.28523,8.28684,1.19,1.00
2014.04.23 15:44:47.205,8.28523,8.28684,1.19,1.00
2014.04.23 15:44:47.501,8.28523,8.28687,1.19,1.00
2014.04.23 15:44:51.356,8.28523,8.28671,1.19,1.00
2014.04.23 15:44:51.660,8.28523,8.28588,1.19,1.00
2014.04.23 15:44:51.963,8.28478,8.28538,1.19,1.00
2014.04.23 15:44:53.209,8.28488,8.28538,1.19,1.00
2014.04.23 15:44:55.613,8.28488,8.28538,1.19,1.00
2014.04.23 15:45:00.360,8.28472,8.28503,1.19,1.88
2014.04.23 15:45:00.462,8.28425,8.28503,1.19,1.88
2014.04.23 15:45:00.715,8.28425,8.28493,1.19,1.88
2014.04.23 15:45:00.766,8.28388,8.28493,1.19,1.88
2014.04.23 15:45:00.969,8.28371,8.28493,1.19,1.88
2014.04.23 15:45:02.701,8.28378,8.28493,1.19,1.88
2014.04.23 15:45:05.340,8.2843,8.28493,1.00,1.88
2014.04.23 15:45:05.442,8.28414,8.28509,1.00,1.00
2014.04.23 15:45:05.543,8.28423,8.28509,1.19,1.00
2014.04.23 15:45:05.745,8.28387,8.28492,1.19,1.88
2014.04.23 15:45:05.847,8.28371,8.28492,1.19,1.88
2014.04.23 15:45:08.952,8.28363,8.28492,1.19,1.88
2014.04.23 15:45:11.740,8.28358,8.28492,1.19,2.07
2014.04.23 15:45:13.345,8.28358,8.28492,1.19,2.07
2014.04.23 15:45:15.372,8.28358,8.2849,1.25,1.19
2014.04.23 15:45:17.070,8.28358,8.28492,1.19,2.07
2014.04.23 15:45:17.121,8.28388,8.28492,1.00,2.07
2014.04.23 15:45:17.624,8.28388,8.28492,1.19,1.88
2014.04.23 15:45:18.281,8.28401,8.28492,1.19,1.88
2014.04.23 15:45:18.433,8.28401,8.28496,1.19,1.00
2014.04.23 15:45:18.484,8.2841,8.28509,1.19,1.00
2014.04.23 15:45:19.423,8.28441,8.28509,1.19,1.00
2014.04.23 15:45:19.474,8.28441,8.28529,1.19,1.00
2014.04.23 15:45:19.726,8.28426,8.28529,1.19,1.00
2014.04.23 15:45:22.795,8.28424,8.28529,1.19,1.00
2014.04.23 15:45:22.997,8.28419,8.28529,1.19,1.00
2014.04.23 15:45:25.408,8.28418,8.28529,1.19,1.00
2014.04.23 15:45:28.760,8.28417,8.28529,1.19,1.00
2014.04.23 15:45:29.878,8.28418,8.28529,1.19,1.00
2014.04.23 15:45:53.977,8.28458,8.28586,1.00,1.19
2014.04.23 15:45:54.240,8.28458,8.28609,1.00,1.19
2014.04.23 15:45:54.698,8.28458,8.28622,1.19,1.19
2014.04.23 15:45:55.513,8.2846,8.28622,1.19,1.19
2014.04.23 15:45:58.421,8.28461,8.28622,1.19,1.19
2014.04.23 15:45:59.564,8.28473,8.28638,1.19,1.69
2014.04.23 15:46:06.192,8.28474,8.28638,1.19,1.00
2014.04.23 15:46:06.243,8.28484,8.28649,1.19,1.19
2014.04.23 15:46:07.359,8.28492,8.28657,1.00,1.19
2014.04.23 15:46:07.591,8.28492,8.28617,1.00,2.10
2014.04.23 15:46:07.894,8.28451,8.28585,1.19,1.19
2014.04.23 15:46:09.200,8.28451,8.28583,1.19,1.19
2014.04.23 15:46:12.002,8.28451,8.28579,1.19,1.19
2014.04.23 15:46:14.458,8.28451,8.28571,1.19,1.19
2014.04.23 15:46:15.723,8.28441,8.28569,1.19,1.19
2014.04.23 15:46:19.728,8.28441,8.2856,1.19,1.19
2014.04.23 15:46:20.456,8.28461,8.28601,1.19,1.19
2014.04.23 15:46:20.561,8.28482,8.28636,1.19,1.19
2014.04.23 15:46:30.227,8.28482,8.28618,1.00,1.19
2014.04.23 15:46:31.512,8.28482,8.28615,1.00,1.19
2014.04.23 15:46:48.248,8.28482,8.28649,1.00,1.00
2014.04.23 15:46:49.218,8.28482,8.28649,1.00,1.19
2014.04.23 15:46:50.021,8.28482,8.28614,1.00,1.19
2014.04.23 15:46:51.944,8.28493,8.28614,1.00,1.19
2014.04.23 15:46:59.201,8.28493,8.28656,1.00,1.54
2014.04.23 15:46:59.429,8.28493,8.28641,1.00,1.19
2014.04.23 15:46:59.640,8.28493,8.28657,1.00,1.79
2014.04.23 15:46:59.741,8.28493,8.28636,1.25,1.19
2014.04.23 15:47:00.044,8.28517,8.28652,1.19,1.19
2014.04.23 15:47:02.140,8.28517,8.2864,1.19,1.19
2014.04.23 15:47:02.454,8.285,8.28625,1.19,1.19
2014.04.23 15:47:04.130,8.285,8.28628,1.19,1.19
2014.04.23 15:47:08.231,8.285,8.28609,1.00,1.19
2014.04.23 15:47:08.484,8.28449,8.2858,1.19,1.19
2014.04.23 15:47:08.737,8.28449,8.28597,1.69,1.19
2014.04.23 15:47:09.741,8.28465,8.28628,1.19,1.69
2014.04.23 15:47:13.287,8.28472,8.2862,1.19,1.19
2014.04.23 15:47:14.371,8.28499,8.2862,1.00,1.19
2014.04.23 15:47:14.472,8.28523,8.28669,1.00,1.00
2014.04.23 15:47:14.523,8.28543,8.28631,1.00,1.00
2014.04.23 15:47:14.625,8.2849,8.28613,1.19,1.00
2014.04.23 15:47:14.726,8.28468,8.2859,1.19,1.00
2014.04.23 15:47:14.777,8.28456,8.28602,1.19,1.19
2014.04.23 15:47:15.859,8.28475,8.2862,1.25,1.19
2014.04.23 15:47:20.208,8.28475,8.28615,1.00,1.19
2014.04.23 15:47:20.360,8.28459,8.28615,1.00,1.79
2014.04.23 15:47:20.411,8.28459,8.28602,1.00,1.19
2014.04.23 15:47:20.512,8.2844,8.28584,1.00,1.00
2014.04.23 15:47:20.563,8.28419,8.28584,1.00,1.00
2014.04.23 15:47:20.614,8.28419,8.28584,1.00,1.19
2014.04.23 15:47:20.974,8.28419,8.28584,1.00,1.19
2014.04.23 15:47:29.721,8.28419,8.28584,1.00,1.19
2014.04.23 15:47:31.344,8.28419,8.28583,1.00,1.19
2014.04.23 15:47:40.650,8.28412,8.28577,1.00,1.19
2014.04.23 15:47:41.180,8.28412,8.28577,1.00,1.00
2014.04.23 15:47:42.590,8.28412,8.28577,1.00,1.19
2014.04.23 15:47:44.399,8.28427,8.28577,1.00,1.00
2014.04.23 15:47:44.450,8.28446,8.28613,1.00,1.00
2014.04.23 15:47:44.501,8.28468,8.28613,1.00,1.25
2014.04.23 15:47:44.887,8.28487,8.28635,1.00,1.19
2014.04.23 15:47:46.323,8.28487,8.28619,1.00,1.19
2014.04.23 15:47:48.149,8.28487,8.28636,1.00,1.19
2014.04.23 15:47:52.975,8.28487,8.28635,1.00,1.19
2014.04.23 15:47:54.232,8.28487,8.28609,1.00,1.19
2014.04.23 15:47:55.690,8.28487,8.28584,1.00,1.19
2014.04.23 15:47:59.610,8.28487,8.28582,1.00,1.19
2014.04.23 15:48:00.009,8.28487,8.28572,1.00,1.19
2014.04.23 15:48:03.151,8.28487,8.28588,1.00,1.19
2014.04.23 15:48:03.202,8.28496,8.28588,1.00,1.19
2014.04.23 15:48:04.394,8.28486,8.28588,1.00,1.19
2014.04.23 15:48:04.458,8.28486,8.28573,1.00,1.19
2014.04.23 15:48:05.447,8.28472,8.28573,1.00,1.19
2014.04.23 15:48:05.498,8.28472,8.28581,1.00,1.19
2014.04.23 15:48:05.549,8.28416,8.2858,1.00,1.19
2014.04.23 15:48:12.444,8.28402,8.28569,1.00,1.19
2014.04.23 15:48:12.495,8.28402,8.28563,1.00,1.19
2014.04.23 15:48:12.956,8.28402,8.2856,1.00,1.19
2014.04.23 15:48:13.238,8.28402,8.28569,1.00,1.19
2014.04.23 15:48:16.242,8.28401,8.28567,1.00,1.00
2014.04.23 15:48:16.343,8.28401,8.28567,1.00,1.19
2014.04.23 15:48:18.144,8.28401,8.28567,1.00,1.00
2014.04.23 15:48:19.980,8.28383,8.28549,1.00,1.00
2014.04.23 15:48:21.755,8.28383,8.28549,1.00,1.19
2014.04.23 15:48:23.969,8.28383,8.28549,1.00,1.19
2014.04.23 15:48:24.167,8.28383,8.28549,1.00,1.19
2014.04.23 15:48:29.196,8.28395,8.2856,1.00,1.19
2014.04.23 15:48:29.612,8.28383,8.2855,1.00,1.19
2014.04.23 15:48:30.802,8.28383,8.28542,1.00,1.19
2014.04.23 15:48:33.152,8.28383,8.28538,1.00,1.19
2014.04.23 15:48:34.150,8.28383,8.28537,1.00,1.19
2014.04.23 15:48:47.019,8.28383,8.28545,1.00,1.19
2014.04.23 15:48:49.294,8.28383,8.2854,1.00,1.19
2014.04.23 15:48:49.614,8.28385,8.2854,1.00,1.19
2014.04.23 15:48:52.009,8.28385,8.28537,1.00,1.19
2014.04.23 15:48:52.211,8.2841,8.28577,1.00,1.00
2014.04.23 15:48:52.313,8.2841,8.28577,1.00,1.79
2014.04.23 15:48:52.567,8.2841,8.28568,1.00,1.00
2014.04.23 15:48:52.618,8.28442,8.28566,1.00,1.00
2014.04.23 15:48:52.770,8.28368,8.28534,1.00,1.00
2014.04.23 15:49:00.599,8.28414,8.28554,1.00,1.00
2014.04.23 15:49:00.650,8.28414,8.28578,1.00,1.00
2014.04.23 15:49:00.701,8.28423,8.28587,1.00,1.00
2014.04.23 15:49:01.013,8.28424,8.28572,1.00,1.79
2014.04.23 15:49:01.114,8.28368,8.28534,1.00,1.00
2014.04.23 15:49:01.773,8.28358,8.28521,1.00,1.00
2014.04.23 15:49:06.179,8.28398,8.28521,1.00,1.00
2014.04.23 15:49:06.235,8.28398,8.28541,1.00,1.00
2014.04.23 15:49:06.337,8.28413,8.28578,1.00,1.79
2014.04.23 15:49:06.388,8.28413,8.28562,1.00,1.00
2014.04.23 15:49:06.438,8.28396,8.28561,1.00,1.00
2014.04.23 15:49:06.490,8.28396,8.28544,1.00,1.00
2014.04.23 15:49:06.541,8.28346,8.28511,1.00,1.00
2014.04.23 15:49:06.743,8.28349,8.28511,1.00,1.00
2014.04.23 15:49:08.885,8.28349,8.28511,1.00,1.19
2014.04.23 15:49:09.688,8.28385,8.28511,1.00,1.19
2014.04.23 15:49:09.739,8.28385,8.28511,1.00,1.00
2014.04.23 15:49:09.790,8.28385,8.28524,1.00,1.00
2014.04.23 15:49:09.892,8.28385,8.28531,1.00,1.00
2014.04.23 15:49:10.215,8.28385,8.28531,1.19,1.00
2014.04.23 15:49:10.629,8.28403,8.28531,1.00,1.00
2014.04.23 15:49:11.647,8.28368,8.28531,1.19,1.00
2014.04.23 15:49:11.698,8.28368,8.28531,1.25,1.00
2014.04.23 15:49:11.988,8.28368,8.28529,1.00,1.00
2014.04.23 15:49:12.518,8.28368,8.2851,1.00,1.00
2014.04.23 15:49:18.138,8.28377,8.28525,1.88,1.19
2014.04.23 15:49:18.189,8.28377,8.28525,1.88,1.00
2014.04.23 15:49:18.240,8.28377,8.28537,1.88,1.00
2014.04.23 15:49:18.290,8.28398,8.28537,1.19,1.00
2014.04.23 15:49:18.341,8.28406,8.28557,1.19,1.19
2014.04.23 15:49:19.286,8.28406,8.28573,1.19,1.19
2014.04.23 15:49:20.220,8.28394,8.28558,1.00,1.19
2014.04.23 15:49:20.321,8.28344,8.28509,1.19,1.00
2014.04.23 15:49:20.473,8.28351,8.28509,1.00,1.00
2014.04.23 15:49:23.238,8.28351,8.28509,1.19,1.00
2014.04.23 15:49:24.294,8.28351,8.28509,1.00,1.00
2014.04.23 15:49:40.600,8.28351,8.28505,1.00,1.00
2014.04.23 15:49:40.956,8.28351,8.28505,1.00,1.19
2014.04.23 15:49:43.845,8.28351,8.28505,1.00,1.19
2014.04.23 15:49:48.044,8.28351,8.28505,1.00,1.19
2014.04.23 15:49:48.258,8.28351,8.28505,1.00,1.19
2014.04.23 15:49:49.458,8.28351,8.28505,1.00,1.19
2014.04.23 15:49:52.361,8.28351,8.28505,1.00,1.00
2014.04.23 15:49:56.334,8.28351,8.28517,1.00,1.00
2014.04.23 15:49:56.482,8.28351,8.28517,1.00,1.19
2014.04.23 15:49:58.221,8.28351,8.28517,1.00,1.00
2014.04.23 15:49:58.894,8.28351,8.28517,1.00,1.19
2014.04.23 15:50:00.604,8.28351,8.28509,1.00,1.00
2014.04.23 15:50:00.655,8.28352,8.28516,1.00,1.00
2014.04.23 15:50:12.111,8.28351,8.28506,1.00,1.00
2014.04.23 15:50:13.323,8.28351,8.28505,1.00,1.19
2014.04.23 15:50:13.425,8.28351,8.28506,1.00,1.00
2014.04.23 15:50:16.217,8.2835,8.28506,1.00,1.00
2014.04.23 15:50:16.979,8.2835,8.28515,1.00,1.00
2014.04.23 15:50:23.677,8.2835,8.28513,1.00,1.19
2014.04.23 15:50:24.983,8.2835,8.28512,1.00,1.19
2014.04.23 15:50:26.387,8.2835,8.28515,1.00,1.00
2014.04.23 15:50:37.517,8.28352,8.28517,1.00,1.00
2014.04.23 15:50:41.182,8.28352,8.28505,1.00,1.19
2014.04.23 15:50:45.301,8.28352,8.28501,1.00,1.19
2014.04.23 15:50:45.403,8.28352,8.28517,1.00,1.00
2014.04.23 15:50:51.161,8.28352,8.28517,1.00,1.19
2014.04.23 15:50:55.373,8.28352,8.28517,1.00,1.00
2014.04.23 15:50:58.623,8.28353,8.28518,1.00,1.00
2014.04.23 15:51:06.260,8.28353,8.28512,1.00,1.19
2014.04.23 15:51:07.715,8.28345,8.28501,1.00,1.19
2014.04.23 15:51:10.176,8.28345,8.2851,1.00,1.00
2014.04.23 15:51:11.292,8.28345,8.28501,1.00,1.19
2014.04.23 15:51:25.677,8.28345,8.2851,1.00,1.79
2014.04.23 15:51:25.779,8.28306,8.28471,1.19,1.00
2014.04.23 15:51:26.973,8.28306,8.2847,1.00,1.19
2014.04.23 15:51:35.235,8.28296,8.28463,1.19,1.19
2014.04.23 15:51:35.732,8.28305,8.2847,1.00,1.19
2014.04.23 15:51:36.077,8.28305,8.28459,1.00,1.19
2014.04.23 15:51:37.202,8.28305,8.28445,1.00,1.19
2014.04.23 15:51:38.208,8.28305,8.28436,1.00,1.19
2014.04.23 15:51:39.135,8.28297,8.28464,1.00,1.79
2014.04.23 15:51:39.237,8.28281,8.28447,1.19,1.19
2014.04.23 15:51:40.884,8.28293,8.28447,1.00,1.19
2014.04.23 15:51:41.215,8.28281,8.28447,1.19,1.19
2014.04.23 15:51:43.767,8.28281,8.28393,1.19,1.88
2014.04.23 15:51:44.071,8.2827,8.28367,1.19,1.00
2014.04.23 15:51:44.472,8.2827,8.28356,1.19,1.00
2014.04.23 15:51:44.952,8.28259,8.28356,1.19,1.00
2014.04.23 15:51:45.456,8.28243,8.28356,1.19,1.00
2014.04.23 15:51:45.709,8.28243,8.28346,1.19,1.00
2014.04.23 15:51:45.760,8.28222,8.28326,1.19,1.00
2014.04.23 15:51:45.962,8.28229,8.28336,1.19,1.00
2014.04.23 15:51:46.877,8.28207,8.28336,1.19,1.00
2014.04.23 15:51:46.978,8.28207,8.28327,1.00,1.00
2014.04.23 15:51:47.296,8.28184,8.28266,1.00,1.00
2014.04.23 15:51:47.635,8.28199,8.28266,1.00,1.00
2014.04.23 15:51:52.441,8.28174,8.28266,1.00,1.00
2014.04.23 15:51:53.385,8.28174,8.28256,1.00,1.00
2014.04.23 15:51:53.435,8.28141,8.28256,1.00,1.00
2014.04.23 15:51:54.707,8.28141,8.28247,1.00,1.00
2014.04.23 15:51:56.111,8.28141,8.28256,1.00,1.00
2014.04.23 15:51:56.840,8.28141,8.28256,1.19,1.00
2014.04.23 15:52:00.189,8.28141,8.28256,1.19,1.00
2014.04.23 15:52:01.176,8.28147,8.28256,1.19,1.00
2014.04.23 15:52:03.216,8.28167,8.28256,1.19,1.00
2014.04.23 15:52:03.266,8.28167,8.28267,1.19,1.00
2014.04.23 15:52:03.418,8.28182,8.28267,1.19,1.00
2014.04.23 15:52:03.520,8.28203,8.28281,1.00,1.00
2014.04.23 15:52:03.621,8.28203,8.28297,1.00,1.00
2014.04.23 15:52:05.423,8.28222,8.28297,1.00,1.00
2014.04.23 15:52:05.575,8.28222,8.28316,1.19,1.00
2014.04.23 15:52:06.450,8.28227,8.28316,1.19,1.00
2014.04.23 15:52:06.778,8.28247,8.28316,1.19,1.00
2014.04.23 15:52:07.969,8.28247,8.28316,1.19,1.00
2014.04.23 15:52:08.071,8.28247,8.28326,1.19,1.00
2014.04.23 15:52:08.942,8.28247,8.28326,1.00,1.00
2014.04.23 15:52:10.236,8.28247,8.28338,1.00,1.00
2014.04.23 15:52:10.337,8.28247,8.2835,1.19,1.00
2014.04.23 15:52:10.439,8.28247,8.2835,1.00,1.00
2014.04.23 15:52:10.742,8.28247,8.2835,1.19,1.00
2014.04.23 15:52:11.160,8.28259,8.2835,1.00,1.00
2014.04.23 15:52:11.915,8.28238,8.2835,1.19,1.00
2014.04.23 15:52:12.279,8.28238,8.2835,1.19,1.00
2014.04.23 15:52:12.873,8.28238,8.28351,1.19,1.00
2014.04.23 15:52:13.486,8.28238,8.28351,1.00,1.00
2014.04.23 15:52:13.867,8.28238,8.28351,1.19,1.00
2014.04.23 15:52:14.975,8.28238,8.28351,1.19,1.00
2014.04.23 15:52:15.278,8.28256,8.2833,1.19,1.00
2014.04.23 15:52:16.163,8.28256,8.2833,1.00,1.00
2014.04.23 15:52:16.216,8.28236,8.2833,1.19,1.00
2014.04.23 15:52:16.786,8.28236,8.2833,1.19,1.00
2014.04.23 15:52:17.890,8.28236,8.2833,1.00,1.00
2014.04.23 15:52:17.991,8.28236,8.2833,1.19,1.00
2014.04.23 15:52:19.257,8.28236,8.2833,1.19,1.00
2014.04.23 15:52:20.464,8.28236,8.2833,1.19,1.00
2014.04.23 15:52:20.768,8.28236,8.2833,1.00,1.00
2014.04.23 15:52:20.970,8.28236,8.28365,1.00,1.00
2014.04.23 15:52:21.173,8.28236,8.28365,1.19,1.00
2014.04.23 15:52:21.377,8.28236,8.28365,1.00,1.00
2014.04.23 15:52:21.683,8.28296,8.28386,1.00,1.00
2014.04.23 15:52:21.733,8.28296,8.28393,1.00,1.88
2014.04.23 15:52:22.247,8.28277,8.28346,1.00,1.00
2014.04.23 15:52:22.298,8.28251,8.28346,1.19,1.00
2014.04.23 15:52:22.507,8.28268,8.28346,1.00,1.00
2014.04.23 15:52:22.967,8.28268,8.28355,1.00,1.00
2014.04.23 15:52:23.220,8.28268,8.28355,1.19,1.00
2014.04.23 15:52:23.728,8.28268,8.28376,1.19,1.50
2014.04.23 15:52:23.981,8.28311,8.28392,1.00,1.88
2014.04.23 15:52:25.016,8.28328,8.28392,1.00,1.88
2014.04.23 15:52:25.890,8.28328,8.28393,1.00,1.88
2014.04.23 15:52:25.992,8.28257,8.28345,1.00,1.00
2014.04.23 15:52:26.043,8.28257,8.28331,1.19,1.00
2014.04.23 15:52:26.448,8.28279,8.28331,1.00,1.00
2014.04.23 15:52:26.669,8.28265,8.28331,1.00,1.00
2014.04.23 15:52:26.922,8.28265,8.28331,1.19,1.00
2014.04.23 15:52:27.345,8.28265,8.28331,1.19,1.00
2014.04.23 15:52:27.447,8.28244,8.28331,1.19,1.00
2014.04.23 15:52:28.771,8.28244,8.28331,1.00,1.00
2014.04.23 15:52:29.874,8.28244,8.28331,1.19,1.00
2014.04.23 15:52:30.971,8.28244,8.28331,1.00,1.00
2014.04.23 15:52:31.433,8.28258,8.28331,1.00,1.00
2014.04.23 15:52:31.964,8.28244,8.28331,1.00,1.00
2014.04.23 15:52:32.367,8.28244,8.28331,1.19,1.00
2014.04.23 15:52:35.024,8.28244,8.28331,1.19,1.00
2014.04.23 15:52:37.638,8.28244,8.28331,1.19,1.00
2014.04.23 15:52:39.801,8.28244,8.28331,1.19,1.00
2014.04.23 15:52:46.674,8.28244,8.28326,1.19,1.00
2014.04.23 15:52:46.880,8.28244,8.28371,1.19,1.00
2014.04.23 15:52:48.616,8.28244,8.28371,1.19,1.00
2014.04.23 15:52:48.717,8.28244,8.28371,1.00,1.00
2014.04.23 15:52:49.814,8.28244,8.28371,1.19,1.00
2014.04.23 15:52:52.126,8.28244,8.28371,1.00,1.00
2014.04.23 15:52:52.435,8.28244,8.28371,1.19,1.00
2014.04.23 15:52:54.654,8.28244,8.28371,1.19,1.00
2014.04.23 15:52:56.445,8.28219,8.28371,1.19,1.00
2014.04.23 15:52:57.936,8.2822,8.28371,1.19,1.00
2014.04.23 15:53:02.346,8.28219,8.28371,1.19,1.00
2014.04.23 15:53:05.515,8.28231,8.28371,1.19,1.00
2014.04.23 15:53:06.084,8.28231,8.28381,1.19,1.00
2014.04.23 15:53:06.639,8.28219,8.28381,1.19,1.00
2014.04.23 15:53:07.059,8.28219,8.2837,1.19,1.00
2014.04.23 15:53:07.634,8.28232,8.2837,1.19,1.00
2014.04.23 15:53:09.648,8.28219,8.2837,1.19,1.00
2014.04.23 15:53:11.115,8.28229,8.2837,1.19,1.00
2014.04.23 15:53:12.235,8.28219,8.2837,1.19,1.00
2014.04.23 15:53:14.926,8.28228,8.2837,1.19,1.00
2014.04.23 15:53:16.143,8.28233,8.2837,1.19,1.00
2014.04.23 15:53:18.174,8.28221,8.2837,1.19,1.00
2014.04.23 15:53:24.225,8.28233,8.2837,1.19,1.00
2014.04.23 15:53:29.530,8.28239,8.2837,1.19,1.00
2014.04.23 15:53:30.870,8.28239,8.28381,1.19,1.00
2014.04.23 15:53:33.879,8.28237,8.2839,1.19,1.00
2014.04.23 15:53:35.392,8.28237,8.28393,1.19,1.88
2014.04.23 15:53:48.222,8.28234,8.28393,1.19,1.88
2014.04.23 15:53:49.826,8.28236,8.28393,1.19,1.88
2014.04.23 15:53:53.684,8.28233,8.28393,1.19,1.88
2014.04.23 15:53:54.651,8.28234,8.28393,1.19,1.88
2014.04.23 15:53:56.858,8.28213,8.28393,1.19,1.88
2014.04.23 15:53:56.959,8.28213,8.28386,1.19,1.00
2014.04.23 15:53:58.163,8.28213,8.28386,1.19,1.00
2014.04.23 15:53:58.665,8.28213,8.28386,1.00,1.00
2014.04.23 15:54:00.878,8.28213,8.28386,1.19,1.00
2014.04.23 15:54:01.882,8.28213,8.28386,1.00,1.00
2014.04.23 15:54:05.101,8.28213,8.28386,1.19,1.00
2014.04.23 15:54:06.480,8.28213,8.28386,1.19,1.00
2014.04.23 15:54:09.152,8.28213,8.28386,1.00,1.00
2014.04.23 15:54:10.503,8.28213,8.28386,1.19,1.00
2014.04.23 15:54:13.506,8.28213,8.2838,1.00,1.00
2014.04.23 15:54:21.548,8.28213,8.2838,1.19,1.00
2014.04.23 15:54:27.353,8.28213,8.2838,1.00,1.00
2014.04.23 15:54:33.912,8.2822,8.2838,1.19,1.00
2014.04.23 15:54:34.013,8.2822,8.2839,1.19,1.00
2014.04.23 15:54:35.341,8.28235,8.2839,1.19,1.00
2014.04.23 15:54:35.766,8.28235,8.28393,1.19,1.88
2014.04.23 15:54:35.969,8.28263,8.28393,1.19,1.88
2014.04.23 15:54:36.435,8.28273,8.28393,1.19,1.88
2014.04.23 15:54:36.992,8.28275,8.28393,1.19,1.88
2014.04.23 15:54:38.143,8.28275,8.28392,1.19,1.88
2014.04.23 15:54:38.194,8.28274,8.28392,1.00,1.88
2014.04.23 15:54:38.245,8.28233,8.28392,1.00,1.88
2014.04.23 15:54:39.243,8.28233,8.28391,1.00,1.00
2014.04.23 15:54:41.668,8.28209,8.28391,1.00,1.00
2014.04.23 15:54:44.436,8.28226,8.28391,1.00,1.00
2014.04.23 15:54:44.983,8.28226,8.28391,1.19,1.00
2014.04.23 15:54:47.899,8.28226,8.28391,1.19,1.00
2014.04.23 15:54:49.406,8.28226,8.28391,1.19,1.00
2014.04.23 15:54:50.479,8.28226,8.28391,1.19,1.00
2014.04.23 15:54:56.811,8.2826,8.28391,1.00,1.00
2014.04.23 15:54:59.541,8.2826,8.28386,1.00,1.00
2014.04.23 15:55:10.123,8.28272,8.28386,1.00,1.00
2014.04.23 15:55:10.275,8.28272,8.28392,1.00,1.88
2014.04.23 15:55:10.821,8.28272,8.28393,1.00,1.88
2014.04.23 15:55:12.693,8.28291,8.28393,1.00,1.88
2014.04.23 15:55:13.909,8.28291,8.28392,1.00,1.88
2014.04.23 15:55:13.972,8.28277,8.28392,1.00,1.88
2014.04.23 15:55:14.426,8.28292,8.28392,1.00,1.88
2014.04.23 15:55:20.488,8.28265,8.28392,1.00,1.88
2014.04.23 15:55:20.741,8.2828,8.28392,1.00,1.88
2014.04.23 15:55:21.511,8.28265,8.28392,1.00,1.88
2014.04.23 15:55:26.685,8.28265,8.28385,1.00,1.00
2014.04.23 15:55:55.733,8.28265,8.28374,1.00,1.00
2014.04.23 15:56:16.560,8.28265,8.28375,1.00,1.00
2014.04.23 15:56:36.678,8.28265,8.28381,1.00,1.00
2014.04.23 15:56:54.970,8.28237,8.28381,1.00,1.00
2014.04.23 15:56:57.623,8.28237,8.28373,1.00,1.00
2014.04.23 15:57:02.782,8.28237,8.28385,1.00,1.00
2014.04.23 15:57:02.984,8.28237,8.28385,1.19,1.00
2014.04.23 15:57:05.343,8.28237,8.28385,1.19,1.00
2014.04.23 15:57:12.317,8.28237,8.28385,1.00,1.00
2014.04.23 15:57:13.982,8.28237,8.28393,1.25,1.88
2014.04.23 15:57:14.115,8.28237,8.28393,1.19,1.88
2014.04.23 15:57:15.261,8.28237,8.28393,1.19,1.88
2014.04.23 15:57:16.642,8.28239,8.28393,1.19,1.88
2014.04.23 15:57:16.946,8.28237,8.28368,1.00,1.00
2014.04.23 15:57:17.933,8.28237,8.28381,1.00,1.00
2014.04.23 15:57:38.562,8.28237,8.28376,1.00,1.00
2014.04.23 15:57:59.587,8.28237,8.28381,1.00,1.00
2014.04.23 15:58:20.622,8.28237,8.28375,1.00,1.00
2014.04.23 15:58:45.208,8.28238,8.28375,1.00,1.00
2014.04.23 15:58:54.558,8.28215,8.28375,1.00,1.00
2014.04.23 15:59:01.572,8.28215,8.28376,1.00,1.00
2014.04.23 15:59:23.227,8.28215,8.28386,1.00,1.00
2014.04.23 15:59:23.289,8.28215,8.28386,1.19,1.00
2014.04.23 15:59:24.897,8.28215,8.28386,1.19,1.00
2014.04.23 15:59:26.000,8.28215,8.28386,1.19,1.00
2014.04.23 15:59:27.170,8.28215,8.28386,1.00,1.00
2014.04.23 15:59:28.212,8.28215,8.28386,1.19,1.00
2014.04.23 15:59:29.718,8.28215,8.28377,1.00,1.00
2014.04.23 15:59:42.873,8.28215,8.28377,1.19,1.00
2014.04.23 15:59:43.025,8.28215,8.28387,1.19,1.00
2014.04.23 15:59:45.229,8.28215,8.28387,1.19,1.00
2014.04.23 15:59:49.736,8.28215,8.28372,1.19,1.00
2014.04.23 15:59:50.284,8.28214,8.28372,1.00,1.00
2014.04.23 15:59:52.141,8.28214,8.28372,1.19,1.00
2014.04.23 15:59:54.051,8.28214,8.28372,1.00,1.00
2014.04.23 15:59:54.155,8.28214,8.28372,1.19,1.00
2014.04.23 15:59:55.300,8.28214,8.28372,1.19,1.00
2014.04.23 15:59:55.401,8.28214,8.28381,1.19,1.00
2014.04.23 15:59:56.666,8.28214,8.28381,1.19,1.00
2014.04.23 15:59:58.072,8.28214,8.28381,1.19,1.00
