2014.04.28 16:00:00.172,8.31144,8.31291,1.19,1.19
2014.04.28 16:00:27.879,8.31129,8.31278,1.19,1.19
2014.04.28 16:00:28.868,8.3113,8.31254,1.19,1.19
2014.04.28 16:00:30.004,8.31141,8.31268,1.19,1.19
2014.04.28 16:00:30.991,8.31142,8.31269,1.19,1.19
2014.04.28 16:00:33.124,8.31117,8.31333,1.00,2.25
2014.04.28 16:00:33.175,8.31117,8.31337,1.00,1.00
2014.04.28 16:00:33.226,8.312,8.31337,1.19,1.00
2014.04.28 16:00:33.277,8.312,8.31401,1.19,1.00
2014.04.28 16:00:33.328,8.31193,8.31401,1.19,1.00
2014.04.28 16:00:33.429,8.31203,8.31427,1.19,1.19
2014.04.28 16:00:35.315,8.31198,8.31407,1.19,1.19
2014.04.28 16:00:36.322,8.31198,8.31409,1.19,1.19
2014.04.28 16:00:37.069,8.31198,8.31424,1.19,1.19
2014.04.28 16:00:38.031,8.31198,8.31424,1.00,1.00
2014.04.28 16:00:38.630,8.31227,8.31424,1.00,1.00
2014.04.28 16:00:38.934,8.31227,8.31436,1.00,1.00
2014.04.28 16:00:39.181,8.31218,8.31436,1.00,1.00
2014.04.28 16:00:43.862,8.31228,8.31436,1.00,1.00
2014.04.28 16:00:46.395,8.31236,8.31456,1.00,1.00
2014.04.28 16:00:46.446,8.31236,8.31461,1.00,1.00
2014.04.28 16:00:47.057,8.31236,8.31462,1.00,1.00
2014.04.28 16:00:52.913,8.31247,8.31462,1.00,1.00
2014.04.28 16:00:54.862,8.31258,8.31462,1.00,1.00
2014.04.28 16:00:55.881,8.31248,8.31462,1.00,1.00
2014.04.28 16:00:55.982,8.31251,8.31472,1.00,1.50
2014.04.28 16:01:02.589,8.31237,8.31462,1.00,1.00
2014.04.28 16:01:06.744,8.31248,8.31462,1.00,1.00
2014.04.28 16:01:07.083,8.31237,8.31462,1.00,1.00
2014.04.28 16:01:31.864,8.31237,8.31332,1.00,1.88
2014.04.28 16:01:31.965,8.31148,8.31301,1.00,2.10
2014.04.28 16:01:32.118,8.31117,8.31292,1.00,1.50
2014.04.28 16:01:32.169,8.31148,8.31292,1.50,1.50
2014.04.28 16:01:32.220,8.31151,8.31303,1.00,1.00
2014.04.28 16:01:32.271,8.31176,8.31328,1.00,1.00
2014.04.28 16:01:32.322,8.31197,8.31396,1.00,1.00
2014.04.28 16:01:32.423,8.31217,8.31441,1.00,1.00
2014.04.28 16:01:33.181,8.31217,8.31441,1.19,1.19
2014.04.28 16:01:33.403,8.31217,8.31441,1.00,1.00
2014.04.28 16:01:33.505,8.31228,8.31454,1.00,1.00
2014.04.28 16:01:36.930,8.31217,8.31442,1.00,1.00
2014.04.28 16:01:37.332,8.31217,8.3143,1.00,1.00
2014.04.28 16:01:39.569,8.31208,8.3143,1.00,1.00
2014.04.28 16:01:40.147,8.31206,8.3143,1.00,1.00
2014.04.28 16:01:41.653,8.31206,8.31406,1.00,1.19
2014.04.28 16:01:43.241,8.31194,8.31407,1.00,1.19
2014.04.28 16:01:43.663,8.31194,8.3141,1.00,1.19
2014.04.28 16:01:44.635,8.31194,8.31411,1.19,1.19
2014.04.28 16:01:46.641,8.31194,8.31418,1.19,1.19
2014.04.28 16:01:47.757,8.31194,8.31418,1.19,1.69
2014.04.28 16:01:48.705,8.31194,8.31416,1.19,1.19
2014.04.28 16:01:50.980,8.31194,8.31417,1.19,1.19
2014.04.28 16:01:52.338,8.31194,8.31418,1.00,1.00
2014.04.28 16:01:52.389,8.31194,8.31412,1.00,1.50
2014.04.28 16:01:52.490,8.3118,8.31403,1.00,1.88
2014.04.28 16:01:53.437,8.3118,8.31387,1.19,1.19
2014.04.28 16:01:54.411,8.3118,8.31384,1.19,1.19
2014.04.28 16:01:55.423,8.3118,8.31384,1.19,1.19
2014.04.28 16:01:58.442,8.3118,8.31385,1.19,1.19
2014.04.28 16:01:59.250,8.31182,8.31403,1.19,2.07
2014.04.28 16:02:00.649,8.3118,8.31386,1.19,1.19
2014.04.28 16:02:02.477,8.31183,8.31401,1.19,1.19
2014.04.28 16:02:02.584,8.3118,8.31383,1.19,1.19
2014.04.28 16:02:03.629,8.3118,8.31386,1.19,1.19
2014.04.28 16:02:04.596,8.3118,8.31389,1.19,1.19
2014.04.28 16:02:05.603,8.3118,8.31389,1.19,1.19
2014.04.28 16:02:06.507,8.31183,8.31403,1.19,2.07
2014.04.28 16:02:07.514,8.31184,8.31403,1.19,2.07
2014.04.28 16:02:08.518,8.31184,8.31403,1.19,2.07
2014.04.28 16:02:09.521,8.31187,8.31403,1.19,2.07
2014.04.28 16:02:11.031,8.3118,8.314,1.19,1.19
2014.04.28 16:02:12.251,8.3118,8.31403,1.19,2.82
2014.04.28 16:02:18.272,8.31179,8.31403,1.19,3.57
2014.04.28 16:02:20.331,8.31179,8.31403,1.19,3.57
2014.04.28 16:02:23.305,8.31179,8.31403,1.19,2.82
2014.04.28 16:02:24.311,8.31179,8.31403,1.19,2.82
2014.04.28 16:02:31.058,8.31179,8.3138,1.19,1.19
2014.04.28 16:02:31.864,8.31179,8.31389,1.19,1.19
2014.04.28 16:02:33.878,8.31186,8.31388,1.19,1.19
2014.04.28 16:02:39.105,8.31186,8.31407,1.19,1.19
2014.04.28 16:02:40.109,8.31186,8.31412,1.19,4.32
2014.04.28 16:02:41.123,8.31186,8.31408,1.19,1.19
2014.04.28 16:02:42.181,8.31186,8.31407,1.19,1.19
2014.04.28 16:02:49.198,8.31186,8.31408,1.19,1.19
2014.04.28 16:02:50.201,8.31186,8.31412,1.19,4.32
2014.04.28 16:02:51.191,8.31186,8.31407,1.19,1.19
2014.04.28 16:02:55.260,8.31184,8.3141,1.19,1.69
2014.04.28 16:03:01.164,8.31188,8.3141,1.19,1.19
2014.04.28 16:03:02.159,8.31201,8.3141,1.19,1.00
2014.04.28 16:03:09.408,8.31195,8.3141,1.19,1.00
2014.04.28 16:03:14.680,8.31195,8.31411,1.19,1.00
2014.04.28 16:03:19.074,8.31187,8.31411,1.00,1.00
2014.04.28 16:03:20.045,8.31187,8.31403,1.19,1.19
2014.04.28 16:03:21.051,8.31187,8.31404,1.19,1.19
2014.04.28 16:03:22.058,8.31187,8.31405,1.19,1.19
2014.04.28 16:03:23.101,8.31195,8.31411,1.19,1.19
2014.04.28 16:03:23.426,8.31188,8.3141,1.19,1.19
2014.04.28 16:03:24.385,8.31187,8.31411,1.19,1.19
2014.04.28 16:03:25.691,8.31188,8.31411,1.19,1.19
2014.04.28 16:03:26.704,8.31189,8.31411,1.19,1.19
2014.04.28 16:03:28.166,8.31187,8.31411,1.19,1.19
2014.04.28 16:03:29.126,8.312,8.31411,1.19,1.00
2014.04.28 16:03:29.329,8.31187,8.31411,1.19,1.19
2014.04.28 16:03:30.334,8.31187,8.31411,1.19,1.19
2014.04.28 16:03:31.644,8.31202,8.31411,1.19,1.00
2014.04.28 16:03:32.649,8.31201,8.31411,1.19,1.00
2014.04.28 16:03:33.355,8.31217,8.31411,1.19,1.00
2014.04.28 16:03:34.078,8.31187,8.31411,1.00,1.00
2014.04.28 16:03:34.129,8.31198,8.31411,1.00,1.00
2014.04.28 16:03:35.020,8.31198,8.31412,1.00,1.88
2014.04.28 16:03:35.913,8.31198,8.31412,1.19,2.07
2014.04.28 16:03:36.820,8.31198,8.31412,1.19,2.07
2014.04.28 16:03:36.871,8.31202,8.31412,1.19,1.88
2014.04.28 16:03:36.922,8.31202,8.31424,1.19,1.19
2014.04.28 16:03:37.175,8.31198,8.31418,1.19,1.19
2014.04.28 16:03:38.388,8.31198,8.31424,1.19,1.19
2014.04.28 16:03:40.181,8.31198,8.31424,1.19,1.19
2014.04.28 16:03:41.191,8.31207,8.31424,1.19,1.00
2014.04.28 16:03:42.202,8.31209,8.31424,1.19,1.00
2014.04.28 16:03:43.202,8.31207,8.31424,1.19,1.00
2014.04.28 16:03:44.409,8.31222,8.31424,1.19,1.00
2014.04.28 16:03:45.419,8.31225,8.31424,1.19,1.00
2014.04.28 16:03:47.079,8.31198,8.31424,1.00,1.00
2014.04.28 16:03:47.231,8.31211,8.31433,1.00,1.88
2014.04.28 16:03:47.389,8.31211,8.31437,1.00,1.00
2014.04.28 16:03:47.440,8.31197,8.31423,1.00,1.00
2014.04.28 16:03:48.397,8.31208,8.31423,1.00,1.00
2014.04.28 16:03:48.599,8.31197,8.31423,1.50,1.00
2014.04.28 16:03:49.348,8.31197,8.31423,1.69,1.19
2014.04.28 16:03:50.959,8.31207,8.31423,1.00,1.19
2014.04.28 16:03:52.067,8.31207,8.31423,1.00,1.19
2014.04.28 16:03:52.973,8.31207,8.31423,1.00,1.19
2014.04.28 16:03:54.780,8.31207,8.31423,1.00,1.00
2014.04.28 16:04:04.106,8.31197,8.31423,1.50,1.00
2014.04.28 16:04:04.777,8.31187,8.31411,1.00,1.00
2014.04.28 16:04:05.316,8.31188,8.31411,1.00,1.00
2014.04.28 16:04:08.143,8.31198,8.31422,1.00,1.00
2014.04.28 16:04:28.393,8.31198,8.31422,1.19,1.19
2014.04.28 16:04:29.901,8.31191,8.31416,1.19,1.19
2014.04.28 16:04:34.157,8.31191,8.31417,1.00,1.00
2014.04.28 16:04:36.034,8.31191,8.31392,1.00,1.19
2014.04.28 16:04:36.478,8.31191,8.31411,1.19,1.19
2014.04.28 16:04:38.498,8.31191,8.31415,1.19,1.19
2014.04.28 16:04:39.692,8.31191,8.31415,1.19,1.19
2014.04.28 16:04:40.157,8.31191,8.31417,1.00,1.00
2014.04.28 16:04:43.415,8.312,8.31417,1.19,1.00
2014.04.28 16:04:44.786,8.31191,8.31417,1.00,1.00
2014.04.28 16:04:47.603,8.31191,8.31417,1.19,1.19
2014.04.28 16:04:48.608,8.31191,8.31417,1.19,1.19
2014.04.28 16:04:50.616,8.31193,8.31412,1.19,1.19
2014.04.28 16:04:51.623,8.31193,8.31417,1.19,1.69
2014.04.28 16:04:52.633,8.31193,8.31417,1.19,1.19
2014.04.28 16:04:54.646,8.31193,8.31417,1.19,1.19
2014.04.28 16:04:55.552,8.31193,8.31417,1.19,1.19
2014.04.28 16:04:56.577,8.31193,8.31417,1.19,1.19
2014.04.28 16:04:58.569,8.31193,8.31417,1.19,1.19
2014.04.28 16:05:02.632,8.31193,8.31417,1.19,1.19
2014.04.28 16:05:03.679,8.31193,8.31417,1.19,1.19
2014.04.28 16:05:04.634,8.31193,8.31417,1.00,1.00
2014.04.28 16:05:07.945,8.31181,8.31407,1.00,1.00
2014.04.28 16:05:08.561,8.31181,8.31407,1.19,1.19
2014.04.28 16:05:09.037,8.31194,8.31409,1.00,1.19
2014.04.28 16:05:09.564,8.31194,8.31405,1.00,1.19
2014.04.28 16:05:10.569,8.31194,8.31408,1.00,1.19
2014.04.28 16:05:11.576,8.31194,8.31407,1.00,1.19
2014.04.28 16:05:12.582,8.31194,8.31407,1.00,1.19
2014.04.28 16:05:15.090,8.31194,8.31388,1.00,1.19
2014.04.28 16:05:15.192,8.31194,8.31412,1.19,1.19
2014.04.28 16:05:16.202,8.31194,8.31413,1.19,1.19
2014.04.28 16:05:18.103,8.31194,8.31418,1.19,1.19
2014.04.28 16:05:19.142,8.31194,8.31418,1.19,1.19
2014.04.28 16:05:19.455,8.31194,8.31412,1.19,1.19
2014.04.28 16:05:20.317,8.31194,8.31418,1.19,1.19
2014.04.28 16:05:22.129,8.31194,8.31418,1.19,1.19
2014.04.28 16:05:23.338,8.31194,8.31418,1.19,1.19
2014.04.28 16:05:24.143,8.31194,8.31418,1.19,1.19
2014.04.28 16:05:24.591,8.31194,8.31418,1.00,1.00
2014.04.28 16:05:28.602,8.31204,8.31418,1.19,1.00
2014.04.28 16:05:29.092,8.31204,8.31413,1.19,1.00
2014.04.28 16:05:30.576,8.31205,8.31413,1.19,1.00
2014.04.28 16:05:33.596,8.31194,8.31413,1.19,1.00
2014.04.28 16:05:36.119,8.31189,8.31413,1.00,1.00
2014.04.28 16:05:37.122,8.31196,8.31413,1.19,1.00
2014.04.28 16:05:38.642,8.31189,8.31413,1.00,1.00
2014.04.28 16:05:47.521,8.31189,8.31413,1.19,1.19
2014.04.28 16:05:48.405,8.31192,8.31413,1.19,1.25
2014.04.28 16:05:49.427,8.31191,8.31417,1.19,1.19
2014.04.28 16:05:49.990,8.31197,8.31417,1.19,1.00
2014.04.28 16:05:51.996,8.31198,8.31417,1.19,1.00
2014.04.28 16:05:52.308,8.31191,8.31417,1.00,1.00
2014.04.28 16:05:52.618,8.31191,8.31417,1.19,1.19
2014.04.28 16:05:53.656,8.31191,8.31417,1.19,1.19
2014.04.28 16:05:54.619,8.31191,8.31417,1.19,1.19
2014.04.28 16:05:56.629,8.31191,8.31417,1.19,1.19
2014.04.28 16:05:57.033,8.31191,8.31417,1.00,1.00
2014.04.28 16:05:57.344,8.31191,8.31417,1.00,1.60
2014.04.28 16:05:57.547,8.31176,8.314,1.00,1.00
2014.04.28 16:05:57.650,8.31163,8.31389,1.00,1.00
2014.04.28 16:05:58.507,8.31177,8.31403,1.00,1.00
2014.04.28 16:05:58.827,8.31168,8.31389,1.19,1.19
2014.04.28 16:05:59.778,8.31168,8.31369,1.19,1.19
2014.04.28 16:06:01.805,8.31168,8.31367,1.19,1.19
2014.04.28 16:06:02.811,8.31172,8.31369,1.19,1.19
2014.04.28 16:06:08.104,8.31182,8.31384,1.19,1.19
2014.04.28 16:06:09.109,8.31183,8.31385,1.19,1.19
2014.04.28 16:06:10.154,8.31178,8.31389,1.19,1.19
2014.04.28 16:06:17.773,8.31178,8.3129,1.19,2.10
2014.04.28 16:06:17.875,8.31165,8.31257,1.00,1.19
2014.04.28 16:06:17.926,8.31117,8.31257,1.19,1.19
2014.04.28 16:06:18.079,8.31117,8.31263,1.19,1.19
2014.04.28 16:06:18.181,8.31118,8.31293,1.69,1.50
2014.04.28 16:06:18.283,8.31145,8.31331,1.00,1.69
2014.04.28 16:06:19.171,8.31156,8.31324,1.19,1.19
2014.04.28 16:06:20.216,8.31165,8.31332,1.19,1.19
2014.04.28 16:06:21.353,8.31168,8.31337,1.19,1.19
2014.04.28 16:06:23.163,8.31166,8.31339,1.19,1.19
2014.04.28 16:06:25.199,8.31167,8.31338,1.19,1.19
2014.04.28 16:06:26.829,8.31145,8.31288,1.00,2.10
2014.04.28 16:06:26.879,8.31126,8.31288,1.00,2.10
2014.04.28 16:06:26.931,8.31126,8.31261,1.19,1.19
2014.04.28 16:06:27.265,8.31118,8.31237,1.19,1.19
2014.04.28 16:06:28.137,8.31118,8.31234,1.19,1.19
2014.04.28 16:06:30.804,8.31118,8.31219,1.00,1.19
2014.04.28 16:06:31.811,8.31118,8.31216,1.00,1.19
2014.04.28 16:06:33.015,8.31118,8.31215,1.00,1.19
2014.04.28 16:06:34.828,8.31118,8.31217,1.00,1.19
2014.04.28 16:06:35.832,8.31118,8.31216,1.00,1.19
2014.04.28 16:06:36.166,8.31118,8.31288,1.00,2.10
2014.04.28 16:06:36.938,8.31129,8.31286,1.19,1.79
2014.04.28 16:06:38.444,8.31124,8.31255,1.19,1.19
2014.04.28 16:06:43.102,8.31118,8.31241,1.19,1.19
2014.04.28 16:06:44.309,8.31118,8.31228,1.19,1.19
2014.04.28 16:06:45.125,8.31118,8.3123,1.19,1.19
2014.04.28 16:06:46.106,8.31118,8.31227,1.19,1.19
2014.04.28 16:06:48.164,8.31118,8.31226,1.19,1.19
2014.04.28 16:06:55.178,8.31118,8.31242,1.19,1.19
2014.04.28 16:06:56.364,8.31118,8.31226,1.19,1.19
2014.04.28 16:06:57.372,8.31118,8.31227,1.19,1.19
2014.04.28 16:07:00.389,8.31118,8.31227,1.19,1.19
2014.04.28 16:07:01.395,8.31118,8.31224,1.25,1.19
2014.04.28 16:07:02.399,8.31118,8.31232,1.19,1.19
2014.04.28 16:07:03.460,8.31118,8.31237,1.19,1.19
2014.04.28 16:07:04.954,8.31118,8.31234,1.19,1.19
2014.04.28 16:07:05.926,8.31118,8.31237,1.19,1.19
2014.04.28 16:07:07.843,8.31123,8.31249,1.19,1.19
2014.04.28 16:07:08.980,8.31131,8.31255,1.19,1.19
2014.04.28 16:07:09.888,8.3113,8.31256,1.19,1.19
2014.04.28 16:07:10.881,8.31123,8.31247,1.19,1.19
2014.04.28 16:07:11.281,8.31138,8.31264,1.19,1.19
2014.04.28 16:07:11.669,8.31123,8.31249,1.19,1.19
2014.04.28 16:07:11.770,8.31137,8.31274,1.19,1.19
2014.04.28 16:07:12.201,8.31125,8.31251,1.19,1.19
2014.04.28 16:07:17.308,8.31133,8.31257,1.19,1.19
2014.04.28 16:07:18.117,8.31125,8.31249,1.19,1.19
2014.04.28 16:07:20.221,8.31129,8.31253,1.19,1.19
2014.04.28 16:07:28.180,8.3113,8.31259,1.19,1.19
2014.04.28 16:07:36.480,8.31157,8.31282,1.19,1.19
2014.04.28 16:07:36.536,8.31136,8.31267,1.19,1.19
2014.04.28 16:07:37.545,8.31139,8.31265,1.19,1.19
2014.04.28 16:07:38.553,8.31139,8.31263,1.19,1.19
2014.04.28 16:07:40.568,8.31139,8.31265,1.19,1.19
2014.04.28 16:07:41.572,8.3114,8.31264,1.19,1.19
2014.04.28 16:07:42.577,8.31138,8.31264,1.19,1.19
2014.04.28 16:07:43.625,8.31139,8.31265,1.19,1.19
2014.04.28 16:07:45.597,8.31139,8.31263,1.19,1.19
2014.04.28 16:07:46.602,8.31138,8.31264,1.19,1.19
2014.04.28 16:07:47.122,8.31154,8.31283,1.19,1.19
2014.04.28 16:07:47.325,8.31137,8.31264,1.19,1.19
2014.04.28 16:07:48.349,8.31131,8.31257,1.19,1.19
2014.04.28 16:07:51.424,8.31132,8.31256,1.19,1.19
2014.04.28 16:07:54.137,8.31146,8.31281,1.19,1.19
2014.04.28 16:07:56.150,8.31155,8.31281,1.19,1.19
2014.04.28 16:07:57.354,8.31155,8.31279,1.19,1.19
2014.04.28 16:07:58.365,8.31156,8.3128,1.19,1.19
2014.04.28 16:08:00.374,8.31154,8.3128,1.19,1.19
2014.04.28 16:08:02.386,8.31155,8.31281,1.19,1.19
2014.04.28 16:08:05.112,8.31154,8.31284,1.19,1.19
2014.04.28 16:08:07.112,8.31155,8.31283,1.19,1.19
2014.04.28 16:08:12.057,8.31135,8.31269,1.19,1.19
2014.04.28 16:08:13.065,8.31137,8.31263,1.19,1.19
2014.04.28 16:08:14.069,8.31145,8.31269,1.19,1.19
2014.04.28 16:08:17.090,8.31153,8.31279,1.19,1.19
2014.04.28 16:08:22.421,8.31168,8.31292,1.19,1.69
2014.04.28 16:08:22.827,8.31142,8.31281,1.19,1.19
2014.04.28 16:08:23.840,8.31143,8.31267,1.19,1.19
2014.04.28 16:08:25.850,8.31144,8.31268,1.19,1.19
2014.04.28 16:08:26.848,8.31152,8.31276,1.19,1.19
2014.04.28 16:08:32.083,8.31118,8.31292,1.19,1.50
2014.04.28 16:08:33.090,8.3112,8.31292,1.19,1.50
2014.04.28 16:08:34.297,8.31156,8.31283,1.19,1.19
2014.04.28 16:08:46.904,8.31136,8.31273,1.19,1.19
2014.04.28 16:08:47.808,8.3114,8.31271,1.19,1.19
2014.04.28 16:08:48.853,8.31141,8.3127,1.19,1.19
2014.04.28 16:08:49.869,8.3115,8.31274,1.19,1.19
2014.04.28 16:08:50.852,8.3116,8.31292,1.19,1.69
2014.04.28 16:08:50.953,8.3118,8.31292,1.19,1.50
2014.04.28 16:08:51.004,8.3118,8.31326,1.19,1.19
2014.04.28 16:08:51.943,8.31194,8.31326,1.19,1.19
2014.04.28 16:08:52.847,8.31196,8.31328,1.19,1.19
2014.04.28 16:08:53.852,8.31194,8.31331,1.19,1.19
2014.04.28 16:08:55.367,8.31216,8.31351,1.19,1.19
2014.04.28 16:08:57.183,8.31213,8.31354,1.19,1.19
2014.04.28 16:08:58.233,8.31187,8.31342,1.19,1.19
2014.04.28 16:09:03.123,8.31191,8.31339,1.19,1.19
2014.04.28 16:09:16.210,8.31192,8.31338,1.19,1.19
2014.04.28 16:09:28.308,8.31171,8.31354,1.19,1.19
2014.04.28 16:09:34.331,8.3118,8.31341,1.19,1.19
2014.04.28 16:09:35.316,8.31208,8.31342,1.19,1.19
2014.04.28 16:09:37.333,8.31209,8.3134,1.19,1.19
2014.04.28 16:09:38.161,8.31223,8.31349,1.19,1.19
2014.04.28 16:09:39.143,8.31215,8.31355,1.19,1.19
2014.04.28 16:09:40.149,8.31216,8.31355,1.19,1.19
2014.04.28 16:09:42.340,8.31216,8.31355,1.19,1.19
2014.04.28 16:09:43.036,8.31222,8.31355,1.19,1.00
2014.04.28 16:09:43.188,8.31245,8.31404,1.19,1.19
2014.04.28 16:09:44.144,8.31271,8.31395,1.19,1.19
2014.04.28 16:09:46.154,8.31268,8.31394,1.19,1.19
2014.04.28 16:09:52.219,8.31264,8.31406,1.19,1.19
2014.04.28 16:09:55.215,8.31262,8.31407,1.19,1.19
2014.04.28 16:09:58.226,8.31262,8.31408,1.19,1.19
2014.04.28 16:10:00.950,8.31254,8.31388,1.19,1.19
2014.04.28 16:10:01.959,8.31262,8.31388,1.19,1.19
2014.04.28 16:10:04.941,8.31266,8.3139,1.19,1.19
2014.04.28 16:10:11.979,8.31255,8.31386,1.19,1.19
2014.04.28 16:10:12.585,8.31238,8.31369,1.19,1.19
2014.04.28 16:10:13.003,8.31228,8.31352,1.19,1.19
2014.04.28 16:10:13.167,8.31207,8.31334,1.19,1.19
2014.04.28 16:10:13.218,8.31193,8.31318,1.19,1.19
2014.04.28 16:10:14.206,8.31194,8.3132,1.19,1.19
2014.04.28 16:10:14.359,8.31204,8.31355,1.79,1.19
2014.04.28 16:10:14.410,8.31224,8.3137,1.19,1.19
2014.04.28 16:10:14.511,8.31237,8.31361,1.19,1.19
2014.04.28 16:10:14.812,8.31254,8.3137,1.19,1.19
2014.04.28 16:10:15.658,8.31254,8.3137,1.19,1.19
2014.04.28 16:10:16.905,8.31255,8.31383,1.19,1.19
2014.04.28 16:10:17.852,8.31263,8.31382,1.19,1.19
2014.04.28 16:10:18.894,8.31254,8.31378,1.19,1.19
2014.04.28 16:10:19.882,8.31257,8.31382,1.19,1.19
2014.04.28 16:10:20.862,8.31253,8.31377,1.19,1.19
2014.04.28 16:10:22.091,8.3125,8.31382,1.19,1.19
2014.04.28 16:10:23.076,8.31262,8.31382,1.19,1.19
2014.04.28 16:10:23.699,8.31241,8.31365,1.19,1.19
2014.04.28 16:10:24.607,8.31251,8.31383,1.19,1.19
2014.04.28 16:10:25.421,8.31251,8.31375,1.19,1.19
2014.04.28 16:10:26.839,8.31254,8.3138,1.19,1.19
2014.04.28 16:10:27.812,8.31248,8.31374,1.19,1.19
2014.04.28 16:10:29.149,8.31248,8.31402,2.07,1.69
2014.04.28 16:10:29.656,8.31253,8.31379,1.19,1.19
2014.04.28 16:10:31.136,8.31241,8.31365,1.19,1.19
2014.04.28 16:10:31.539,8.31257,8.31389,1.19,1.19
2014.04.28 16:10:32.546,8.31255,8.31379,1.19,1.19
2014.04.28 16:10:33.891,8.31255,8.31395,1.19,1.19
2014.04.28 16:10:34.696,8.31252,8.3138,1.19,1.19
2014.04.28 16:10:36.578,8.31249,8.31403,1.19,1.69
2014.04.28 16:10:37.068,8.31263,8.31391,1.19,1.19
2014.04.28 16:10:38.159,8.31243,8.31369,1.19,1.19
2014.04.28 16:10:39.084,8.31252,8.31402,1.19,1.69
2014.04.28 16:10:39.589,8.31264,8.3139,1.19,1.19
2014.04.28 16:10:39.902,8.31254,8.31378,1.19,1.19
2014.04.28 16:10:40.691,8.31241,8.31365,1.19,1.19
2014.04.28 16:10:41.580,8.3125,8.31402,1.19,1.69
2014.04.28 16:10:42.086,8.3126,8.31392,1.19,1.19
2014.04.28 16:10:43.109,8.31245,8.31374,1.19,1.19
2014.04.28 16:10:44.076,8.31228,8.31402,1.19,1.50
2014.04.28 16:10:44.431,8.31247,8.31402,1.88,1.50
2014.04.28 16:10:44.535,8.31238,8.31403,3.57,1.50
2014.04.28 16:10:44.586,8.31261,8.31391,1.19,1.19
2014.04.28 16:10:45.629,8.31245,8.31374,1.19,1.19
2014.04.28 16:10:46.638,8.31256,8.31402,1.19,1.69
2014.04.28 16:10:47.144,8.31261,8.31391,1.19,1.19
2014.04.28 16:10:48.120,8.31246,8.31373,1.19,1.19
2014.04.28 16:10:49.140,8.31262,8.31389,1.19,1.19
2014.04.28 16:10:50.151,8.31258,8.31382,1.19,1.19
2014.04.28 16:10:50.429,8.3124,8.31365,1.19,1.19
2014.04.28 16:10:51.340,8.31247,8.31402,1.19,1.69
2014.04.28 16:10:51.846,8.3126,8.31392,1.19,1.19
2014.04.28 16:10:52.831,8.31246,8.31373,1.19,1.19
2014.04.28 16:10:53.848,8.31257,8.31401,1.19,1.19
2014.04.28 16:10:55.381,8.31249,8.31373,1.19,1.19
2014.04.28 16:10:56.370,8.31249,8.31398,1.19,1.19
2014.04.28 16:10:56.673,8.31263,8.31387,1.19,1.19
2014.04.28 16:10:57.689,8.3124,8.31366,1.19,1.19
2014.04.28 16:10:58.070,8.31253,8.31383,1.19,1.19
2014.04.28 16:10:58.578,8.3127,8.31394,1.19,1.19
2014.04.28 16:10:59.580,8.31268,8.31394,1.19,1.19
2014.04.28 16:11:00.832,8.31273,8.31398,1.19,1.19
2014.04.28 16:11:01.916,8.31251,8.31375,1.19,1.19
2014.04.28 16:11:02.848,8.31252,8.31396,1.19,1.19
2014.04.28 16:11:03.222,8.31254,8.3138,1.19,1.19
2014.04.28 16:11:05.140,8.31263,8.31391,1.19,1.19
2014.04.28 16:11:06.143,8.3126,8.31386,1.19,1.19
2014.04.28 16:11:07.349,8.31264,8.31391,1.19,1.19
2014.04.28 16:11:08.449,8.31241,8.31365,1.19,1.19
2014.04.28 16:11:09.371,8.3126,8.31389,1.19,1.19
2014.04.28 16:11:10.681,8.3124,8.31366,1.19,1.19
2014.04.28 16:11:11.584,8.31255,8.3139,1.19,1.19
2014.04.28 16:11:12.692,8.31252,8.31378,1.19,1.19
2014.04.28 16:11:13.878,8.31255,8.31381,1.19,1.19
2014.04.28 16:11:14.914,8.31258,8.31384,1.19,1.19
2014.04.28 16:11:16.140,8.31259,8.314,1.19,1.19
2014.04.28 16:11:16.941,8.31253,8.31377,1.19,1.19
2014.04.28 16:11:18.649,8.3125,8.314,1.19,1.19
2014.04.28 16:11:19.673,8.3127,8.31394,1.19,1.19
2014.04.28 16:11:20.852,8.31274,8.31398,1.19,1.19
2014.04.28 16:11:21.868,8.31275,8.31399,1.19,1.19
2014.04.28 16:11:23.089,8.31279,8.31404,1.19,1.19
2014.04.28 16:11:24.076,8.31235,8.31413,1.19,1.69
2014.04.28 16:11:25.096,8.3127,8.31413,1.19,1.19
2014.04.28 16:11:26.558,8.31259,8.31385,1.19,1.19
2014.04.28 16:11:27.402,8.31273,8.31412,1.19,1.19
2014.04.28 16:11:28.685,8.31273,8.31397,1.19,1.19
2014.04.28 16:11:30.019,8.31249,8.31375,1.19,1.19
2014.04.28 16:11:30.627,8.31272,8.31409,1.19,1.19
2014.04.28 16:11:31.636,8.31261,8.31387,1.19,1.19
2014.04.28 16:11:33.320,8.3126,8.31416,1.19,1.19
2014.04.28 16:11:33.624,8.31279,8.31403,1.19,1.19
2014.04.28 16:11:34.671,8.31252,8.31378,1.19,1.19
2014.04.28 16:11:35.533,8.31266,8.31409,1.19,1.19
2014.04.28 16:11:36.879,8.31261,8.31387,1.19,1.19
2014.04.28 16:11:37.877,8.31281,8.31409,1.19,1.19
2014.04.28 16:11:39.379,8.31261,8.31387,1.19,1.19
2014.04.28 16:11:40.399,8.3128,8.3141,1.19,1.19
2014.04.28 16:11:42.106,8.31282,8.31408,1.19,1.19
2014.04.28 16:11:44.114,8.31289,8.31413,1.19,1.19
2014.04.28 16:11:45.966,8.31263,8.31402,1.19,1.19
2014.04.28 16:11:46.933,8.31262,8.31388,1.19,1.19
2014.04.28 16:11:47.052,8.31227,8.31444,1.60,1.00
2014.04.28 16:11:47.102,8.31218,8.31374,1.60,1.00
2014.04.28 16:11:47.406,8.31261,8.31395,1.19,1.19
2014.04.28 16:11:47.879,8.31235,8.31383,1.00,1.19
2014.04.28 16:11:47.981,8.31194,8.31349,1.00,1.00
2014.04.28 16:11:48.082,8.31183,8.31322,2.10,1.19
2014.04.28 16:11:48.183,8.31183,8.31342,2.10,1.19
2014.04.28 16:11:48.285,8.31216,8.31344,1.19,1.19
2014.04.28 16:11:48.854,8.31169,8.31286,1.00,1.19
2014.04.28 16:11:49.006,8.31147,8.31286,1.69,1.19
2014.04.28 16:11:49.057,8.31132,8.31286,1.19,1.19
2014.04.28 16:11:50.151,8.31137,8.31261,1.19,1.19
2014.04.28 16:11:50.863,8.31153,8.31279,1.19,1.19
2014.04.28 16:11:51.576,8.31138,8.31264,1.19,1.19
2014.04.28 16:11:52.579,8.31128,8.31326,1.19,1.19
2014.04.28 16:11:53.572,8.31136,8.31309,1.19,1.19
2014.04.28 16:11:54.122,8.31127,8.31291,1.19,1.19
2014.04.28 16:11:54.785,8.31127,8.31341,1.19,1.19
2014.04.28 16:11:55.787,8.31139,8.31331,1.19,1.19
2014.04.28 16:11:57.093,8.31127,8.31292,1.19,1.19
2014.04.28 16:11:58.110,8.31146,8.31271,1.19,1.19
2014.04.28 16:11:59.164,8.3115,8.31278,1.19,1.19
2014.04.28 16:12:02.124,8.31152,8.31276,1.19,1.19
2014.04.28 16:12:08.121,8.31127,8.31274,1.19,1.19
2014.04.28 16:12:09.379,8.31156,8.3128,1.19,1.19
2014.04.28 16:12:10.369,8.31149,8.31273,1.19,1.19
2014.04.28 16:12:11.373,8.31152,8.31276,1.19,1.19
2014.04.28 16:12:14.385,8.31148,8.31274,1.19,1.19
2014.04.28 16:12:16.414,8.31152,8.31276,1.19,1.19
2014.04.28 16:12:19.423,8.31148,8.31274,1.19,1.19
2014.04.28 16:12:20.828,8.31157,8.31316,1.19,1.19
2014.04.28 16:12:21.031,8.31137,8.31335,1.19,1.19
2014.04.28 16:12:22.034,8.31141,8.31328,1.19,1.19
2014.04.28 16:12:23.037,8.31148,8.3131,1.19,1.19
2014.04.28 16:12:24.083,8.31149,8.3129,1.19,1.19
2014.04.28 16:12:25.057,8.31154,8.31282,1.19,1.19
2014.04.28 16:12:25.390,8.31167,8.31308,1.19,1.19
2014.04.28 16:12:26.363,8.31151,8.31327,1.19,1.19
2014.04.28 16:12:27.369,8.31158,8.31329,1.19,1.19
2014.04.28 16:12:28.375,8.31157,8.3133,1.19,1.19
2014.04.28 16:12:29.426,8.31158,8.31329,1.19,1.19
2014.04.28 16:12:30.399,8.31154,8.31337,1.19,1.19
2014.04.28 16:12:31.393,8.31154,8.31325,1.19,1.19
2014.04.28 16:12:32.441,8.31154,8.31325,1.19,1.19
2014.04.28 16:12:33.695,8.31152,8.31298,1.19,1.19
2014.04.28 16:12:34.934,8.31145,8.31278,1.19,1.19
2014.04.28 16:12:35.930,8.3115,8.31283,1.19,1.19
2014.04.28 16:12:37.126,8.31148,8.31274,1.19,1.19
2014.04.28 16:12:37.928,8.31142,8.3128,1.19,1.19
2014.04.28 16:12:46.076,8.31157,8.31293,1.19,1.19
2014.04.28 16:12:47.179,8.31157,8.31281,1.19,1.19
2014.04.28 16:12:48.190,8.31151,8.31275,1.19,1.19
2014.04.28 16:12:49.156,8.31153,8.31279,1.19,1.19
2014.04.28 16:12:54.685,8.31129,8.3128,1.19,1.19
2014.04.28 16:12:56.836,8.31154,8.31284,1.19,1.19
2014.04.28 16:12:57.804,8.31148,8.3128,1.19,1.19
2014.04.28 16:12:58.809,8.31151,8.31281,1.19,1.19
2014.04.28 16:13:03.835,8.3115,8.31283,1.19,1.19
2014.04.28 16:13:05.847,8.31148,8.3128,1.19,1.19
2014.04.28 16:13:06.851,8.31154,8.31286,1.19,1.19
2014.04.28 16:13:07.856,8.31158,8.31286,1.19,1.19
2014.04.28 16:13:09.864,8.31157,8.31288,1.19,1.19
2014.04.28 16:13:16.835,8.31172,8.31313,1.19,1.19
2014.04.28 16:13:17.812,8.31158,8.31327,1.19,1.19
2014.04.28 16:13:18.818,8.31159,8.31325,1.19,1.19
2014.04.28 16:13:19.343,8.3117,8.31354,1.19,1.19
2014.04.28 16:13:20.449,8.31159,8.31325,1.19,1.19
2014.04.28 16:13:23.547,8.31158,8.31326,1.19,1.19
2014.04.28 16:13:26.484,8.31151,8.31328,1.19,1.19
2014.04.28 16:13:28.468,8.31151,8.31329,1.19,1.19
2014.04.28 16:13:36.000,8.31169,8.31329,1.00,1.19
2014.04.28 16:13:36.051,8.31169,8.3136,1.19,1.19
2014.04.28 16:13:37.046,8.31157,8.31354,1.19,1.19
2014.04.28 16:13:38.117,8.31157,8.31338,1.19,1.19
2014.04.28 16:13:39.125,8.31157,8.31329,1.19,1.19
2014.04.28 16:13:46.159,8.31157,8.31339,1.00,1.19
2014.04.28 16:13:47.181,8.31157,8.3133,1.19,1.19
2014.04.28 16:13:54.811,8.31157,8.31355,1.19,1.19
2014.04.28 16:13:56.719,8.31157,8.31354,1.19,1.19
2014.04.28 16:13:57.934,8.3115,8.31344,1.19,1.19
2014.04.28 16:14:01.248,8.31161,8.31354,1.19,1.19
2014.04.28 16:14:10.406,8.31161,8.31338,1.19,1.19
2014.04.28 16:14:12.701,8.31146,8.3133,1.19,1.19
2014.04.28 16:14:13.302,8.31155,8.31354,1.19,1.19
2014.04.28 16:14:14.233,8.31135,8.31322,1.19,1.19
2014.04.28 16:14:14.334,8.31135,8.313,1.19,1.19
2014.04.28 16:14:14.637,8.31153,8.31287,1.19,1.19
2014.04.28 16:14:15.663,8.31158,8.31287,1.19,1.19
2014.04.28 16:14:16.687,8.31161,8.31299,1.19,1.19
2014.04.28 16:14:18.660,8.31163,8.31303,1.19,1.19
2014.04.28 16:14:20.673,8.31161,8.31307,1.19,1.19
2014.04.28 16:14:21.606,8.31176,8.3132,1.19,1.19
2014.04.28 16:14:22.581,8.3117,8.31336,1.19,1.19
2014.04.28 16:14:23.591,8.31165,8.31341,1.19,1.19
2014.04.28 16:14:26.615,8.31162,8.31347,1.19,1.19
2014.04.28 16:14:28.680,8.31161,8.31348,1.19,1.19
2014.04.28 16:14:29.639,8.31169,8.31337,1.19,1.19
2014.04.28 16:14:30.696,8.31175,8.3135,1.19,1.19
2014.04.28 16:14:37.736,8.3118,8.31342,1.19,1.19
2014.04.28 16:14:38.693,8.3118,8.31351,1.19,1.19
2014.04.28 16:14:55.810,8.31167,8.31343,1.19,1.19
2014.04.28 16:14:56.788,8.31167,8.31342,1.19,1.19
2014.04.28 16:14:57.821,8.31167,8.31351,1.19,1.19
2014.04.28 16:14:58.789,8.31167,8.31342,1.19,1.19
2014.04.28 16:15:03.752,8.31167,8.31354,1.19,1.19
2014.04.28 16:15:04.783,8.31167,8.31343,1.19,1.19
2014.04.28 16:15:05.762,8.31167,8.31329,1.19,1.19
2014.04.28 16:15:06.769,8.31167,8.31347,1.19,1.19
2014.04.28 16:15:07.772,8.31167,8.31348,1.19,1.19
2014.04.28 16:15:17.810,8.31172,8.31361,1.00,1.19
2014.04.28 16:15:20.024,8.31172,8.3136,1.25,1.19
2014.04.28 16:15:24.849,8.31172,8.31358,1.19,1.19
2014.04.28 16:15:47.201,8.31173,8.31357,1.19,1.19
2014.04.28 16:15:59.046,8.31173,8.31344,1.19,1.19
2014.04.28 16:16:00.151,8.31173,8.31356,1.19,1.19
2014.04.28 16:16:02.178,8.31175,8.31361,1.19,1.19
2014.04.28 16:16:04.076,8.31174,8.31359,1.19,1.19
2014.04.28 16:16:05.112,8.31176,8.31369,1.19,1.19
2014.04.28 16:16:06.085,8.31175,8.3137,1.19,1.19
2014.04.28 16:16:06.285,8.31173,8.31351,1.19,1.19
2014.04.28 16:16:07.290,8.31173,8.31351,1.19,1.19
2014.04.28 16:16:08.293,8.31173,8.31353,1.19,1.19
2014.04.28 16:16:09.300,8.31173,8.31352,1.19,1.19
2014.04.28 16:16:10.417,8.31175,8.3136,1.19,1.19
2014.04.28 16:16:11.434,8.31173,8.31364,1.19,1.19
2014.04.28 16:16:13.328,8.31173,8.31344,1.19,1.19
2014.04.28 16:16:13.429,8.31174,8.31361,1.19,1.19
2014.04.28 16:16:15.438,8.31173,8.31365,1.19,1.19
2014.04.28 16:16:19.364,8.31173,8.31351,1.19,1.19
2014.04.28 16:16:20.910,8.31173,8.31375,1.19,1.19
2014.04.28 16:16:22.284,8.31173,8.31364,1.19,1.19
2014.04.28 16:16:24.300,8.31173,8.31365,1.19,1.19
2014.04.28 16:16:26.008,8.31183,8.31382,1.19,1.19
2014.04.28 16:16:27.963,8.31184,8.31377,1.19,1.19
2014.04.28 16:16:28.959,8.3118,8.31371,1.19,1.19
2014.04.28 16:16:29.969,8.31174,8.31376,1.69,1.19
2014.04.28 16:16:31.945,8.31174,8.31377,1.69,1.19
2014.04.28 16:16:33.932,8.31174,8.31363,1.19,1.19
2014.04.28 16:16:34.950,8.31174,8.31366,1.19,1.19
2014.04.28 16:16:36.948,8.31174,8.31377,1.19,1.19
2014.04.28 16:16:43.981,8.31174,8.31376,1.19,1.19
2014.04.28 16:16:47.036,8.31183,8.31386,1.19,1.19
2014.04.28 16:16:53.340,8.31189,8.31378,1.00,1.19
2014.04.28 16:16:54.484,8.31189,8.31398,1.19,1.19
2014.04.28 16:16:55.447,8.31189,8.31399,1.19,1.19
2014.04.28 16:16:56.898,8.31189,8.31398,1.19,1.19
2014.04.28 16:16:57.897,8.31189,8.31398,1.19,1.19
2014.04.28 16:17:02.181,8.31197,8.31413,1.19,2.82
2014.04.28 16:17:03.186,8.3122,8.31413,1.19,2.82
2014.04.28 16:17:05.213,8.3122,8.31413,1.19,2.82
2014.04.28 16:17:06.312,8.31221,8.31413,1.19,2.82
2014.04.28 16:17:07.161,8.31219,8.31413,1.19,2.82
2014.04.28 16:17:08.126,8.31225,8.31413,1.19,2.82
2014.04.28 16:17:08.556,8.31189,8.31413,1.69,2.82
2014.04.28 16:17:09.239,8.31192,8.31403,1.19,1.19
2014.04.28 16:17:10.246,8.31189,8.31399,1.19,1.19
2014.04.28 16:17:12.258,8.31193,8.31392,1.19,1.19
2014.04.28 16:17:14.271,8.31193,8.31394,1.19,1.19
2014.04.28 16:17:15.672,8.31202,8.31403,1.19,1.00
2014.04.28 16:17:15.784,8.31202,8.31413,1.19,2.07
2014.04.28 16:17:16.927,8.31189,8.31395,1.19,1.19
2014.04.28 16:17:17.885,8.31189,8.31397,1.19,1.19
2014.04.28 16:17:19.690,8.31197,8.31413,1.19,2.07
2014.04.28 16:17:20.698,8.31214,8.31413,1.19,2.07
2014.04.28 16:17:21.705,8.31219,8.31413,1.19,2.07
2014.04.28 16:17:23.714,8.31218,8.31413,1.19,2.07
2014.04.28 16:17:24.720,8.31219,8.31413,1.19,2.07
2014.04.28 16:17:28.751,8.31218,8.31413,1.19,2.07
2014.04.28 16:17:30.761,8.31219,8.31413,1.19,2.07
2014.04.28 16:17:31.765,8.31226,8.31413,1.19,2.07
2014.04.28 16:17:33.789,8.31231,8.31413,1.19,2.07
2014.04.28 16:17:37.795,8.31226,8.31412,1.19,1.19
2014.04.28 16:17:39.803,8.31217,8.31412,1.19,1.00
2014.04.28 16:17:40.807,8.31231,8.31412,1.19,1.19
2014.04.28 16:18:30.894,8.31188,8.31384,1.00,1.19
2014.04.28 16:18:30.996,8.31188,8.31394,1.19,1.19
2014.04.28 16:18:31.299,8.31177,8.31377,1.19,1.19
2014.04.28 16:18:32.981,8.31177,8.31375,1.19,1.19
2014.04.28 16:18:33.987,8.31177,8.31378,1.19,1.19
2014.04.28 16:18:34.189,8.31183,8.31397,1.19,1.19
2014.04.28 16:18:35.240,8.31193,8.31393,1.19,1.19
2014.04.28 16:18:36.324,8.31189,8.31372,1.19,1.19
2014.04.28 16:18:37.304,8.31189,8.31366,1.19,1.19
2014.04.28 16:18:38.312,8.31189,8.31369,1.19,1.19
2014.04.28 16:18:39.368,8.31189,8.31372,1.19,1.19
2014.04.28 16:18:40.332,8.31189,8.31371,1.19,1.19
2014.04.28 16:18:41.087,8.31189,8.31389,1.19,1.19
2014.04.28 16:18:42.042,8.31189,8.31373,1.00,1.19
2014.04.28 16:18:42.244,8.31176,8.31373,1.19,1.19
2014.04.28 16:18:43.047,8.31176,8.31379,1.19,1.19
2014.04.28 16:18:44.094,8.31177,8.31368,1.19,1.19
2014.04.28 16:18:45.057,8.31177,8.31374,1.19,1.19
2014.04.28 16:18:46.098,8.31177,8.31371,1.69,1.19
2014.04.28 16:18:47.070,8.31177,8.31371,1.69,1.19
2014.04.28 16:18:49.079,8.31177,8.31371,1.69,1.19
2014.04.28 16:18:51.090,8.31177,8.31372,1.19,1.19
2014.04.28 16:18:53.124,8.31177,8.31371,1.69,1.19
2014.04.28 16:18:54.124,8.31193,8.31395,1.19,1.19
2014.04.28 16:18:54.324,8.31177,8.31378,1.19,1.19
2014.04.28 16:18:55.354,8.31177,8.3137,1.19,1.19
2014.04.28 16:18:56.317,8.31188,8.31374,1.19,1.19
2014.04.28 16:18:57.334,8.31188,8.31374,1.19,1.19
2014.04.28 16:18:58.320,8.31188,8.31372,1.19,1.19
2014.04.28 16:18:59.327,8.31188,8.31372,1.19,1.19
2014.04.28 16:19:01.365,8.31188,8.31371,1.19,1.19
2014.04.28 16:19:02.348,8.31188,8.31372,1.19,1.19
2014.04.28 16:19:04.867,8.31192,8.31392,1.19,1.19
2014.04.28 16:19:05.104,8.31188,8.31374,1.19,1.19
2014.04.28 16:19:06.094,8.31177,8.31371,1.19,1.19
2014.04.28 16:19:07.077,8.31187,8.31373,1.19,1.19
2014.04.28 16:19:08.114,8.31187,8.31374,1.19,1.19
2014.04.28 16:19:10.091,8.31187,8.31373,1.19,1.19
2014.04.28 16:19:11.145,8.31187,8.31374,1.19,1.19
2014.04.28 16:19:12.102,8.31187,8.31374,1.19,1.19
2014.04.28 16:19:13.108,8.31187,8.31373,1.19,1.19
2014.04.28 16:19:16.154,8.31189,8.31392,1.19,1.19
2014.04.28 16:19:16.323,8.31187,8.31374,1.19,1.19
2014.04.28 16:19:17.354,8.31176,8.31372,1.19,1.19
2014.04.28 16:19:19.359,8.31189,8.31375,1.19,1.19
2014.04.28 16:19:22.331,8.31189,8.31374,1.19,1.19
2014.04.28 16:19:23.036,8.3119,8.31395,1.19,1.19
2014.04.28 16:19:23.843,8.31189,8.31381,1.00,1.19
2014.04.28 16:19:23.995,8.31176,8.31381,1.19,1.19
2014.04.28 16:19:24.884,8.31176,8.31375,1.19,1.19
2014.04.28 16:19:25.745,8.31189,8.31375,1.00,1.19
2014.04.28 16:19:26.125,8.31189,8.31377,1.19,1.19
2014.04.28 16:19:26.852,8.31189,8.31379,1.19,1.19
2014.04.28 16:19:28.860,8.31189,8.31378,1.19,1.19
2014.04.28 16:19:29.165,8.31189,8.3139,1.19,1.19
2014.04.28 16:19:29.516,8.31178,8.31352,1.19,1.19
2014.04.28 16:19:30.377,8.31178,8.31351,1.19,1.19
2014.04.28 16:19:41.455,8.31178,8.31356,1.19,1.19
2014.04.28 16:19:51.538,8.31182,8.31354,1.19,1.19
2014.04.28 16:19:52.564,8.31182,8.31354,1.19,1.19
2014.04.28 16:19:54.343,8.3126,8.31412,2.10,1.88
2014.04.28 16:19:54.546,8.31268,8.3143,1.13,1.19
2014.04.28 16:19:54.648,8.31268,8.31394,1.13,1.19
2014.04.28 16:19:54.699,8.3124,8.31394,1.00,1.19
2014.04.28 16:19:54.800,8.3119,8.31394,1.19,1.19
2014.04.28 16:19:55.659,8.3119,8.31382,1.19,1.19
2014.04.28 16:19:56.637,8.31179,8.31377,1.19,1.19
2014.04.28 16:19:57.686,8.3118,8.31378,1.19,1.19
2014.04.28 16:19:58.698,8.31179,8.31377,1.19,1.19
2014.04.28 16:19:59.659,8.31182,8.31365,1.19,1.19
2014.04.28 16:20:01.713,8.31183,8.31364,1.19,1.19
2014.04.28 16:20:02.670,8.31182,8.31365,1.19,1.19
2014.04.28 16:20:05.687,8.31183,8.31364,1.19,1.19
2014.04.28 16:20:06.691,8.31182,8.31365,1.19,1.19
2014.04.28 16:20:07.194,8.3119,8.31388,1.19,1.19
2014.04.28 16:20:08.322,8.31179,8.31373,1.19,1.19
2014.04.28 16:20:09.349,8.31179,8.3137,1.19,1.19
2014.04.28 16:20:10.331,8.31179,8.3137,1.19,1.19
2014.04.28 16:20:11.446,8.31179,8.3137,1.19,1.19
2014.04.28 16:20:13.344,8.31179,8.3137,1.19,1.19
2014.04.28 16:20:14.350,8.31179,8.31369,1.19,1.19
2014.04.28 16:20:14.652,8.31255,8.31403,2.48,1.00
2014.04.28 16:20:14.855,8.31273,8.31439,1.00,1.19
2014.04.28 16:20:15.007,8.31222,8.31413,1.19,1.88
2014.04.28 16:20:15.058,8.31222,8.31413,1.00,2.82
2014.04.28 16:20:15.387,8.31189,8.31395,1.19,1.19
2014.04.28 16:20:16.161,8.31197,8.31379,1.19,1.19
2014.04.28 16:20:17.167,8.31193,8.31377,1.19,1.19
2014.04.28 16:20:19.175,8.3119,8.31383,1.19,1.19
2014.04.28 16:20:23.125,8.31191,8.31382,1.19,1.19
2014.04.28 16:20:24.121,8.3119,8.31381,1.19,1.19
2014.04.28 16:20:25.134,8.3119,8.31381,1.19,1.19
2014.04.28 16:20:26.135,8.31195,8.31377,1.19,1.19
2014.04.28 16:20:26.742,8.31204,8.31411,1.19,1.69
2014.04.28 16:20:27.852,8.31185,8.31376,1.19,1.19
2014.04.28 16:20:28.852,8.3119,8.31382,1.19,1.19
2014.04.28 16:20:30.162,8.31193,8.31383,1.19,1.19
2014.04.28 16:20:31.167,8.31185,8.31375,1.19,1.19
2014.04.28 16:20:34.995,8.312,8.31394,1.19,1.19
2014.04.28 16:20:36.070,8.31207,8.31395,1.19,1.19
2014.04.28 16:20:36.121,8.31187,8.31383,1.19,1.19
2014.04.28 16:20:37.141,8.31179,8.3137,1.19,1.19
2014.04.28 16:20:38.159,8.31183,8.31374,1.19,1.19
2014.04.28 16:20:40.131,8.31182,8.31375,1.19,1.19
2014.04.28 16:20:41.137,8.31183,8.31374,1.19,1.19
2014.04.28 16:20:42.083,8.31187,8.3137,1.19,1.19
2014.04.28 16:20:43.053,8.31186,8.31371,1.19,1.19
2014.04.28 16:20:44.057,8.31187,8.3137,1.19,1.19
2014.04.28 16:20:45.061,8.31186,8.31371,1.19,1.19
2014.04.28 16:20:46.069,8.31187,8.3137,1.19,1.19
2014.04.28 16:20:46.882,8.312,8.31399,1.19,1.19
2014.04.28 16:20:47.101,8.31179,8.31385,1.19,1.19
2014.04.28 16:20:48.091,8.31178,8.31372,1.19,1.19
2014.04.28 16:20:49.081,8.31182,8.31375,1.19,1.19
2014.04.28 16:20:50.086,8.31183,8.31374,1.19,1.19
2014.04.28 16:20:52.095,8.31183,8.31374,1.19,1.19
2014.04.28 16:20:53.098,8.31182,8.31375,1.19,1.19
2014.04.28 16:20:54.103,8.31183,8.31374,1.19,1.19
2014.04.28 16:20:56.110,8.31183,8.31374,1.19,1.19
2014.04.28 16:20:57.144,8.31183,8.31374,1.19,1.19
2014.04.28 16:20:58.116,8.31196,8.31402,1.19,1.19
2014.04.28 16:20:59.332,8.31183,8.31367,1.19,1.19
2014.04.28 16:21:00.323,8.31182,8.31369,1.19,1.19
2014.04.28 16:21:01.471,8.31183,8.31375,1.19,1.19
2014.04.28 16:21:02.332,8.31187,8.31368,1.19,1.19
2014.04.28 16:21:03.337,8.31183,8.31374,1.19,1.19
2014.04.28 16:21:05.348,8.31184,8.31373,1.19,1.19
2014.04.28 16:21:06.371,8.31183,8.31374,1.19,1.19
2014.04.28 16:21:09.393,8.31183,8.31374,1.19,1.19
2014.04.28 16:21:10.399,8.31184,8.31373,1.19,1.19
2014.04.28 16:21:11.852,8.31182,8.31363,1.25,1.19
2014.04.28 16:21:11.953,8.31182,8.31374,1.19,1.19
2014.04.28 16:21:12.823,8.31182,8.3137,1.19,1.19
2014.04.28 16:21:13.864,8.31182,8.31368,1.19,1.19
2014.04.28 16:21:14.851,8.31183,8.31375,1.19,1.19
2014.04.28 16:21:15.837,8.31187,8.31368,1.19,1.19
2014.04.28 16:21:16.841,8.31184,8.31373,1.19,1.19
2014.04.28 16:21:18.908,8.31199,8.3138,1.19,1.19
2014.04.28 16:21:20.913,8.31198,8.31381,1.19,1.19
2014.04.28 16:21:21.925,8.31198,8.31381,1.19,1.19
2014.04.28 16:21:22.204,8.31218,8.31387,1.19,1.19
2014.04.28 16:21:23.194,8.31219,8.31387,1.19,1.19
2014.04.28 16:21:24.101,8.3123,8.31368,1.19,1.19
2014.04.28 16:21:25.107,8.31229,8.31364,1.19,1.19
2014.04.28 16:21:27.631,8.31239,8.31388,1.19,1.19
2014.04.28 16:21:28.533,8.31271,8.31395,1.19,1.19
2014.04.28 16:21:29.544,8.31271,8.31397,1.19,1.19
2014.04.28 16:21:31.551,8.31271,8.31395,1.19,1.19
2014.04.28 16:21:31.901,8.31285,8.31431,1.19,1.19
2014.04.28 16:21:32.891,8.31294,8.31422,1.19,1.19
2014.04.28 16:21:33.898,8.31293,8.31422,1.19,1.19
2014.04.28 16:21:34.872,8.31293,8.31423,1.19,1.19
2014.04.28 16:21:36.820,8.31303,8.31451,1.19,1.19
2014.04.28 16:21:37.225,8.31322,8.31448,1.19,1.19
2014.04.28 16:21:37.334,8.31336,8.31473,1.19,1.69
2014.04.28 16:21:37.538,8.3137,8.31473,1.19,1.50
2014.04.28 16:21:37.589,8.31352,8.31482,1.19,1.00
2014.04.28 16:21:37.691,8.31352,8.31522,1.19,1.00
2014.04.28 16:21:38.231,8.31368,8.31522,1.19,1.00
2014.04.28 16:21:39.523,8.31373,8.31499,1.19,1.19
2014.04.28 16:21:40.450,8.31345,8.31495,1.19,1.19
2014.04.28 16:21:41.432,8.31337,8.31507,1.19,1.19
2014.04.28 16:21:42.181,8.31313,8.31482,1.19,1.19
2014.04.28 16:21:42.573,8.31297,8.31474,1.50,1.19
2014.04.28 16:21:42.674,8.31297,8.3147,1.50,1.19
2014.04.28 16:21:42.725,8.31265,8.3147,1.19,1.19
2014.04.28 16:21:42.877,8.31249,8.31473,1.00,1.00
2014.04.28 16:21:43.318,8.31231,8.31455,1.00,1.00
2014.04.28 16:22:02.583,8.31251,8.31475,1.00,1.00
2014.04.28 16:22:02.685,8.31269,8.31495,1.00,1.00
2014.04.28 16:22:02.815,8.31257,8.31483,1.00,1.00
2014.04.28 16:22:03.140,8.31247,8.31471,1.00,1.00
2014.04.28 16:22:23.022,8.31253,8.31479,1.00,1.00
2014.04.28 16:22:43.169,8.31257,8.31481,1.00,1.00
2014.04.28 16:22:46.018,8.31256,8.3148,1.00,1.00
2014.04.28 16:22:46.321,8.3127,8.31494,1.00,1.00
2014.04.28 16:22:46.423,8.31257,8.31483,1.00,1.00
2014.04.28 16:22:46.575,8.31273,8.31499,1.00,1.00
2014.04.28 16:22:47.179,8.31256,8.31482,1.00,1.00
2014.04.28 16:22:49.051,8.31275,8.31501,1.00,1.00
2014.04.28 16:22:49.744,8.31286,8.31512,1.00,1.00
2014.04.28 16:22:50.172,8.31299,8.31523,1.00,1.00
2014.04.28 16:22:50.732,8.31312,8.31538,1.00,1.00
2014.04.28 16:22:50.943,8.31324,8.3155,1.00,1.00
2014.04.28 16:22:51.933,8.31331,8.31557,1.00,1.00
2014.04.28 16:22:52.237,8.31297,8.31521,1.00,1.00
2014.04.28 16:22:52.592,8.31286,8.3151,1.00,1.00
2014.04.28 16:22:52.996,8.31289,8.31515,1.00,1.00
2014.04.28 16:22:56.816,8.31299,8.31525,1.00,1.00
2014.04.28 16:22:57.119,8.31305,8.31529,1.00,1.00
2014.04.28 16:22:57.686,8.31327,8.31553,1.00,1.00
2014.04.28 16:22:58.795,8.3134,8.31564,1.00,1.00
2014.04.28 16:22:59.225,8.31327,8.31553,1.00,1.00
2014.04.28 16:23:00.100,8.31341,8.31565,1.00,1.00
2014.04.28 16:23:04.330,8.31326,8.31552,1.00,1.00
2014.04.28 16:23:04.584,8.31311,8.31537,1.00,1.00
2014.04.28 16:23:05.741,8.313,8.31524,1.00,1.00
2014.04.28 16:23:06.048,8.31321,8.31537,1.00,1.00
2014.04.28 16:23:06.099,8.31292,8.31516,1.00,1.00
2014.04.28 16:23:06.233,8.31278,8.31504,1.00,1.00
2014.04.28 16:23:07.288,8.31296,8.3152,1.00,1.00
2014.04.28 16:23:10.128,8.31314,8.3154,1.00,1.00
2014.04.28 16:23:10.229,8.31296,8.3152,1.00,1.00
2014.04.28 16:23:10.972,8.31313,8.31539,1.00,1.00
2014.04.28 16:23:11.199,8.31302,8.31526,1.00,1.00
2014.04.28 16:23:12.269,8.31319,8.31545,1.00,1.00
2014.04.28 16:23:14.943,8.31331,8.31557,1.00,1.00
2014.04.28 16:23:15.247,8.31331,8.31555,1.00,1.00
2014.04.28 16:23:15.298,8.31314,8.3154,1.00,1.00
2014.04.28 16:23:16.129,8.31314,8.31538,1.00,1.00
2014.04.28 16:23:16.231,8.31289,8.31515,1.00,1.00
2014.04.28 16:23:17.931,8.31289,8.31508,1.00,1.00
2014.04.28 16:23:18.033,8.31256,8.3148,1.00,1.00
2014.04.28 16:23:20.391,8.31253,8.31477,1.00,1.00
2014.04.28 16:23:21.626,8.31265,8.31489,1.00,1.00
2014.04.28 16:23:22.489,8.31253,8.31477,1.00,1.00
2014.04.28 16:23:24.527,8.31267,8.31491,1.00,1.00
2014.04.28 16:23:24.833,8.31252,8.31476,1.00,1.00
2014.04.28 16:23:26.047,8.31262,8.31488,1.00,1.00
2014.04.28 16:23:26.629,8.31262,8.31453,1.00,2.10
2014.04.28 16:23:26.680,8.31209,8.31413,1.00,1.88
2014.04.28 16:23:26.781,8.31198,8.31413,1.00,1.88
2014.04.28 16:23:26.897,8.31188,8.31412,1.00,1.00
2014.04.28 16:23:28.659,8.31188,8.31391,1.00,1.19
2014.04.28 16:23:30.667,8.31188,8.31392,1.00,1.19
2014.04.28 16:23:31.570,8.31188,8.3138,1.50,1.19
2014.04.28 16:23:33.621,8.31188,8.31371,1.00,1.19
2014.04.28 16:23:34.113,8.31235,8.31371,2.10,1.19
2014.04.28 16:23:34.164,8.31257,8.31413,1.56,1.88
2014.04.28 16:23:34.266,8.31271,8.31484,1.00,1.00
2014.04.28 16:23:34.317,8.31271,8.31441,1.00,2.10
2014.04.28 16:23:34.519,8.31224,8.31402,1.38,1.88
2014.04.28 16:23:34.570,8.31224,8.31402,1.00,1.88
2014.04.28 16:23:34.621,8.31197,8.31402,1.00,1.88
2014.04.28 16:23:34.868,8.31181,8.31402,1.00,1.88
2014.04.28 16:23:34.995,8.31196,8.3142,1.00,1.00
2014.04.28 16:23:35.046,8.31246,8.31472,1.00,1.00
2014.04.28 16:23:37.848,8.31262,8.31486,1.00,1.00
2014.04.28 16:23:38.160,8.31249,8.31475,1.00,1.00
2014.04.28 16:23:43.842,8.31262,8.31488,1.00,1.00
2014.04.28 16:23:44.195,8.31249,8.31475,1.00,1.00
2014.04.28 16:23:44.650,8.31265,8.31491,1.00,1.00
2014.04.28 16:23:45.464,8.31276,8.31502,1.00,1.00
2014.04.28 16:23:45.781,8.31288,8.31512,1.00,1.00
2014.04.28 16:23:50.631,8.313,8.31524,1.00,1.00
2014.04.28 16:23:52.011,8.31294,8.3152,1.00,1.00
2014.04.28 16:23:52.327,8.31306,8.3153,1.00,1.00
2014.04.28 16:23:52.632,8.31291,8.31515,1.00,1.00
2014.04.28 16:23:52.968,8.31304,8.31528,1.00,1.00
2014.04.28 16:24:00.930,8.31316,8.3154,1.00,1.00
2014.04.28 16:24:04.108,8.31331,8.31557,1.00,1.00
2014.04.28 16:24:04.967,8.31292,8.31518,1.00,1.00
2014.04.28 16:24:05.484,8.31293,8.31517,1.00,1.00
2014.04.28 16:24:06.941,8.31311,8.31537,1.00,1.00
2014.04.28 16:24:44.686,8.31323,8.31549,1.00,1.00
2014.04.28 16:24:44.998,8.31313,8.31537,1.00,1.00
2014.04.28 16:24:46.197,8.31324,8.31548,1.00,1.00
2014.04.28 16:24:46.399,8.31309,8.31535,1.00,1.00
2014.04.28 16:24:49.337,8.31323,8.31549,1.00,1.00
2014.04.28 16:24:50.895,8.31334,8.3156,1.00,1.00
2014.04.28 16:24:57.174,8.31313,8.31537,1.00,1.00
2014.04.28 16:25:04.356,8.31301,8.31525,1.00,1.00
2014.04.28 16:25:04.694,8.3129,8.31514,1.00,1.00
2014.04.28 16:25:05.975,8.31311,8.31535,1.00,1.00
2014.04.28 16:25:06.215,8.31299,8.31525,1.00,1.00
2014.04.28 16:25:06.437,8.31303,8.31529,1.00,1.00
2014.04.28 16:25:06.740,8.31305,8.31529,1.00,1.00
2014.04.28 16:25:07.297,8.31322,8.31546,1.00,1.00
2014.04.28 16:25:07.609,8.31309,8.31533,1.00,1.00
2014.04.28 16:25:08.178,8.31322,8.31546,1.00,1.00
2014.04.28 16:25:09.501,8.31308,8.31534,1.00,1.00
2014.04.28 16:25:09.791,8.31319,8.31545,1.00,1.00
2014.04.28 16:25:10.773,8.31307,8.31533,1.00,1.00
2014.04.28 16:25:11.127,8.31318,8.31544,1.00,1.00
2014.04.28 16:25:11.439,8.31329,8.31553,1.00,1.00
2014.04.28 16:25:11.743,8.31299,8.31523,1.00,1.00
2014.04.28 16:25:12.064,8.31314,8.31538,1.00,1.00
2014.04.28 16:25:12.521,8.31301,8.31525,1.00,1.00
2014.04.28 16:25:13.296,8.31313,8.31539,1.00,1.00
2014.04.28 16:25:13.448,8.31301,8.31525,1.00,1.00
2014.04.28 16:25:13.751,8.31297,8.31513,1.50,1.00
2014.04.28 16:25:14.825,8.31297,8.315,1.50,1.00
2014.04.28 16:25:15.192,8.31297,8.31493,1.50,1.00
2014.04.28 16:25:15.496,8.3126,8.31484,1.00,1.00
2014.04.28 16:25:15.953,8.31264,8.31488,1.00,1.00
2014.04.28 16:25:16.260,8.31258,8.31482,1.00,1.00
2014.04.28 16:25:16.311,8.31256,8.31482,1.00,1.00
2014.04.28 16:25:16.715,8.31274,8.315,1.00,1.00
2014.04.28 16:25:17.036,8.31263,8.31487,1.00,1.00
2014.04.28 16:25:17.644,8.31264,8.31488,1.00,1.00
2014.04.28 16:25:19.233,8.31235,8.31461,1.00,1.00
2014.04.28 16:25:24.471,8.31253,8.31479,1.00,1.00
2014.04.28 16:25:24.775,8.3124,8.31466,1.00,1.00
2014.04.28 16:25:25.098,8.31255,8.31481,1.00,1.00
2014.04.28 16:25:25.438,8.31287,8.31503,1.00,1.50
2014.04.28 16:25:25.592,8.31287,8.31511,1.00,1.00
2014.04.28 16:25:26.320,8.31298,8.31524,1.00,1.00
2014.04.28 16:25:26.421,8.31309,8.31535,1.00,1.00
2014.04.28 16:25:27.870,8.31321,8.31545,1.00,1.00
2014.04.28 16:25:30.814,8.31333,8.31557,1.00,1.00
2014.04.28 16:25:31.130,8.31327,8.31553,1.00,1.00
2014.04.28 16:25:31.447,8.31342,8.31566,1.00,1.00
2014.04.28 16:25:32.749,8.31358,8.31582,1.00,1.00
2014.04.28 16:25:33.332,8.3137,8.31596,1.00,1.00
2014.04.28 16:25:33.654,8.31358,8.31584,1.00,1.00
2014.04.28 16:25:34.276,8.31346,8.3157,1.00,1.00
2014.04.28 16:25:34.922,8.31359,8.31583,1.00,1.00
2014.04.28 16:25:36.907,8.31342,8.31568,1.00,1.00
2014.04.28 16:25:37.377,8.31359,8.31583,1.00,1.00
2014.04.28 16:25:37.859,8.31346,8.3157,1.00,1.00
2014.04.28 16:25:38.839,8.3133,8.31556,1.00,1.00
2014.04.28 16:25:54.867,8.31343,8.31567,1.00,1.00
2014.04.28 16:26:13.954,8.31331,8.31557,1.00,1.00
2014.04.28 16:26:17.367,8.31318,8.31544,1.00,1.00
2014.04.28 16:26:17.993,8.31304,8.3153,1.00,1.00
2014.04.28 16:26:18.400,8.31315,8.3153,1.00,1.00
2014.04.28 16:26:18.451,8.31336,8.31554,1.00,1.00
2014.04.28 16:26:18.552,8.313,8.31526,1.00,1.00
2014.04.28 16:26:18.779,8.31288,8.31514,1.00,1.00
2014.04.28 16:26:19.104,8.3128,8.31506,1.00,1.00
2014.04.28 16:26:19.410,8.31253,8.31473,1.10,1.00
2014.04.28 16:26:19.740,8.31249,8.31473,1.00,1.00
2014.04.28 16:26:19.891,8.31234,8.31458,1.00,1.00
2014.04.28 16:26:31.374,8.3122,8.31446,1.00,1.00
2014.04.28 16:26:37.712,8.31209,8.31433,1.00,1.00
2014.04.28 16:26:38.848,8.31197,8.3142,1.00,1.00
2014.04.28 16:26:39.151,8.31197,8.31408,1.00,1.00
2014.04.28 16:26:39.585,8.3122,8.31428,1.00,1.00
2014.04.28 16:26:39.636,8.3122,8.31435,1.00,1.00
2014.04.28 16:26:39.687,8.31201,8.31423,1.00,1.00
2014.04.28 16:26:39.738,8.31199,8.31423,1.00,1.00
2014.04.28 16:26:39.789,8.31197,8.31412,1.00,1.00
2014.04.28 16:26:39.840,8.31188,8.31412,3.00,1.00
2014.04.28 16:26:40.126,8.31209,8.31432,1.00,1.00
2014.04.28 16:26:40.228,8.31194,8.31418,1.00,1.00
2014.04.28 16:26:41.444,8.31188,8.31407,2.25,1.00
2014.04.28 16:26:42.287,8.31194,8.31418,1.00,1.00
2014.04.28 16:26:42.439,8.31209,8.31433,1.00,1.00
2014.04.28 16:26:43.066,8.3122,8.31446,1.00,1.00
2014.04.28 16:26:48.067,8.31246,8.3147,1.00,1.50
2014.04.28 16:26:48.390,8.31217,8.31441,1.00,1.00
2014.04.28 16:26:48.863,8.31234,8.31458,1.00,1.00
2014.04.28 16:26:52.554,8.31253,8.31479,1.00,1.00
2014.04.28 16:26:52.655,8.31239,8.31465,1.00,1.00
2014.04.28 16:26:52.959,8.31252,8.31478,1.00,1.00
2014.04.28 16:26:53.632,8.31241,8.31465,1.00,1.00
2014.04.28 16:26:54.094,8.31236,8.31462,1.00,1.00
2014.04.28 16:26:54.195,8.31253,8.31477,1.00,1.00
2014.04.28 16:26:54.398,8.31255,8.31481,1.00,1.00
2014.04.28 16:26:54.756,8.31243,8.31469,1.00,1.00
2014.04.28 16:26:55.067,8.31256,8.3148,1.00,1.00
2014.04.28 16:26:56.038,8.31269,8.31493,1.00,1.00
2014.04.28 16:26:57.016,8.31282,8.31506,1.00,1.00
2014.04.28 16:26:58.004,8.31294,8.31512,1.00,1.50
2014.04.28 16:26:58.308,8.31306,8.3153,1.00,1.00
2014.04.28 16:26:58.409,8.31308,8.3153,1.50,1.00
2014.04.28 16:26:58.460,8.3132,8.31544,1.00,1.00
2014.04.28 16:26:58.898,8.31331,8.31557,1.00,1.00
2014.04.28 16:26:59.660,8.31342,8.31568,1.00,1.00
2014.04.28 16:27:00.409,8.31356,8.3158,1.00,1.00
2014.04.28 16:27:02.363,8.31367,8.31591,1.00,1.00
2014.04.28 16:27:03.836,8.31354,8.31578,1.00,1.00
2014.04.28 16:27:04.209,8.31368,8.31592,1.00,1.00
2014.04.28 16:27:04.336,8.31348,8.31574,1.00,1.00
2014.04.28 16:27:05.690,8.31328,8.31549,1.00,1.00
2014.04.28 16:27:05.791,8.31325,8.31549,1.00,1.00
2014.04.28 16:27:07.636,8.3134,8.31566,1.00,1.00
2014.04.28 16:27:13.180,8.31353,8.31579,1.00,1.00
2014.04.28 16:27:14.853,8.3137,8.31594,1.00,1.00
2014.04.28 16:27:15.005,8.31354,8.3158,1.00,1.00
2014.04.28 16:27:17.037,8.31343,8.31567,1.00,1.00
2014.04.28 16:27:22.659,8.31359,8.31583,1.00,1.00
2014.04.28 16:27:23.162,8.3136,8.31584,1.00,1.00
2014.04.28 16:27:27.895,8.31347,8.31573,1.00,1.00
2014.04.28 16:27:28.066,8.31368,8.31592,1.00,1.50
2014.04.28 16:27:28.226,8.31355,8.31581,1.00,1.00
2014.04.28 16:27:29.709,8.31343,8.31569,1.00,1.00
2014.04.28 16:27:30.149,8.31361,8.31587,1.00,1.00
2014.04.28 16:27:30.466,8.31351,8.31575,1.00,1.00
2014.04.28 16:27:30.778,8.31364,8.31588,1.00,1.00
2014.04.28 16:27:33.519,8.31351,8.31575,1.00,1.00
2014.04.28 16:27:33.717,8.31361,8.31587,1.00,1.00
2014.04.28 16:27:34.813,8.31351,8.31575,1.00,1.00
2014.04.28 16:27:36.580,8.31361,8.31587,1.00,1.00
2014.04.28 16:27:36.888,8.31351,8.31575,1.00,1.00
2014.04.28 16:27:37.547,8.31362,8.31588,1.00,1.00
2014.04.28 16:27:37.806,8.31351,8.31577,1.00,1.00
2014.04.28 16:27:39.888,8.31362,8.31588,1.00,1.00
2014.04.28 16:27:43.926,8.31374,8.316,1.00,1.00
2014.04.28 16:27:44.238,8.31386,8.3161,1.00,1.00
2014.04.28 16:27:49.890,8.31398,8.31624,1.00,1.00
2014.04.28 16:27:50.307,8.31414,8.31632,1.00,1.50
2014.04.28 16:27:54.709,8.31414,8.31638,1.00,1.00
2014.04.28 16:27:54.861,8.31427,8.31651,1.00,1.00
2014.04.28 16:27:55.094,8.31414,8.3164,1.00,1.00
2014.04.28 16:27:59.471,8.31401,8.31627,1.00,1.00
2014.04.28 16:27:59.821,8.31416,8.3164,1.00,1.00
2014.04.28 16:28:00.525,8.31413,8.31637,1.00,1.00
2014.04.28 16:28:00.856,8.31425,8.31649,1.00,1.00
2014.04.28 16:28:05.797,8.31411,8.31635,1.00,1.00
2014.04.28 16:28:10.149,8.31399,8.31623,1.00,1.00
2014.04.28 16:28:12.664,8.31388,8.31612,1.00,1.00
2014.04.28 16:28:13.136,8.31378,8.31589,1.50,1.00
2014.04.28 16:28:14.714,8.31379,8.31605,1.00,1.00
2014.04.28 16:28:23.587,8.3139,8.31616,1.00,1.00
2014.04.28 16:28:33.018,8.31378,8.31604,2.25,1.00
2014.04.28 16:28:52.999,8.31378,8.31599,1.50,1.00
2014.04.28 16:28:54.739,8.31375,8.31599,1.00,1.00
2014.04.28 16:28:58.214,8.31386,8.3161,1.00,1.00
2014.04.28 16:28:59.868,8.31402,8.31628,1.00,1.00
2014.04.28 16:29:00.283,8.31385,8.31611,1.00,1.00
2014.04.28 16:29:16.185,8.31374,8.31598,1.00,1.00
2014.04.28 16:29:35.754,8.31388,8.31612,1.00,1.00
2014.04.28 16:29:36.211,8.31374,8.316,1.00,1.00
2014.04.28 16:29:36.408,8.31362,8.31586,1.00,1.00
2014.04.28 16:29:50.209,8.31348,8.31574,1.00,1.00
2014.04.28 16:29:50.310,8.3136,8.31586,1.00,1.00
2014.04.28 16:29:50.628,8.31342,8.31568,1.00,1.00
2014.04.28 16:29:51.205,8.31332,8.31556,1.00,1.00
2014.04.28 16:29:55.830,8.31319,8.31543,1.00,1.00
2014.04.28 16:30:16.147,8.31318,8.31537,1.50,1.00
2014.04.28 16:30:36.197,8.31313,8.31537,1.00,1.00
2014.04.28 16:30:36.566,8.31311,8.31537,1.00,1.00
2014.04.28 16:30:45.953,8.31299,8.31523,1.00,1.00
2014.04.28 16:30:46.257,8.31139,8.31343,1.00,1.60
2014.04.28 16:30:46.560,8.31157,8.31272,1.00,1.19
2014.04.28 16:30:46.662,8.31117,8.31272,1.50,1.19
2014.04.28 16:30:47.443,8.31121,8.31277,1.19,1.19
2014.04.28 16:30:49.500,8.3112,8.3129,1.19,1.19
2014.04.28 16:30:50.468,8.31117,8.31283,1.69,1.19
2014.04.28 16:30:51.510,8.31117,8.31279,1.69,1.19
2014.04.28 16:30:53.485,8.31119,8.31265,1.19,1.19
2014.04.28 16:30:56.444,8.31118,8.31277,1.19,1.19
2014.04.28 16:30:58.455,8.31118,8.31279,1.19,1.19
2014.04.28 16:30:59.170,8.31127,8.31304,1.19,1.00
2014.04.28 16:30:59.862,8.31127,8.31298,1.00,1.19
2014.04.28 16:30:59.912,8.31118,8.31298,1.00,1.19
2014.04.28 16:30:59.979,8.31122,8.31298,1.00,1.19
2014.04.28 16:31:00.889,8.31118,8.3128,1.19,1.19
2014.04.28 16:31:01.886,8.31123,8.31269,1.19,1.19
2014.04.28 16:31:02.917,8.31118,8.31279,1.19,1.19
2014.04.28 16:31:03.886,8.31118,8.31279,1.19,1.19
2014.04.28 16:31:04.900,8.31118,8.31281,1.19,1.19
2014.04.28 16:31:05.900,8.31118,8.31282,1.19,1.19
2014.04.28 16:31:06.940,8.31123,8.31283,1.19,1.19
2014.04.28 16:31:07.912,8.31123,8.31264,1.19,1.19
2014.04.28 16:31:09.942,8.31128,8.31275,1.19,1.19
2014.04.28 16:31:10.971,8.31128,8.31267,1.19,1.19
2014.04.28 16:31:11.943,8.31128,8.31266,1.19,1.19
2014.04.28 16:31:12.847,8.31128,8.31267,1.19,1.19
2014.04.28 16:31:17.872,8.31128,8.31256,1.19,1.19
2014.04.28 16:31:18.073,8.31128,8.31307,1.25,1.54
2014.04.28 16:31:18.293,8.31128,8.31304,1.00,1.19
2014.04.28 16:31:19.305,8.31128,8.31292,1.19,1.19
2014.04.28 16:31:20.314,8.31128,8.31267,1.19,1.19
2014.04.28 16:31:21.299,8.31128,8.31277,1.19,1.19
2014.04.28 16:31:22.337,8.31128,8.31277,1.19,1.19
2014.04.28 16:31:23.303,8.31128,8.3126,1.19,1.19
2014.04.28 16:31:24.330,8.31128,8.31258,1.19,1.19
2014.04.28 16:31:25.345,8.31128,8.31258,1.19,1.19
2014.04.28 16:31:27.342,8.31128,8.31257,1.19,1.19
2014.04.28 16:31:29.240,8.3113,8.31258,1.19,1.19
2014.04.28 16:31:30.250,8.31128,8.31264,1.19,1.19
2014.04.28 16:31:31.249,8.31128,8.31265,1.19,1.19
2014.04.28 16:31:33.256,8.31128,8.31257,1.19,1.19
2014.04.28 16:31:35.364,8.31128,8.31257,1.19,1.19
2014.04.28 16:31:36.368,8.31128,8.31256,1.19,1.19
2014.04.28 16:31:38.324,8.31128,8.31256,1.19,1.19
2014.04.28 16:31:40.287,8.31128,8.31269,1.19,1.19
2014.04.28 16:31:42.159,8.31117,8.31239,1.00,1.19
2014.04.28 16:31:42.413,8.31122,8.31266,1.19,1.19
2014.04.28 16:31:42.616,8.31118,8.31232,1.19,1.19
2014.04.28 16:31:43.635,8.31117,8.31232,1.19,1.19
2014.04.28 16:31:44.633,8.31117,8.31227,1.19,1.19
2014.04.28 16:31:46.615,8.31119,8.31225,1.25,1.19
2014.04.28 16:31:48.623,8.31117,8.31234,1.19,1.19
2014.04.28 16:31:51.642,8.31117,8.31225,1.19,1.19
2014.04.28 16:31:52.180,8.31122,8.31272,1.19,1.19
2014.04.28 16:31:53.252,8.31117,8.31263,1.19,1.19
2014.04.28 16:31:53.987,8.31124,8.31234,1.19,1.19
2014.04.28 16:31:54.484,8.31117,8.31228,1.19,1.19
2014.04.28 16:31:56.464,8.31117,8.31241,1.19,1.19
2014.04.28 16:31:57.902,8.31177,8.31297,1.19,1.00
2014.04.28 16:31:57.954,8.31177,8.31313,1.19,1.88
2014.04.28 16:31:58.005,8.31138,8.31322,1.00,1.50
2014.04.28 16:31:58.106,8.31148,8.31364,1.50,1.00
2014.04.28 16:31:58.157,8.31182,8.31408,1.00,1.00
2014.04.28 16:31:59.224,8.31208,8.31432,1.00,1.00
2014.04.28 16:32:00.375,8.31219,8.31445,1.00,1.00
2014.04.28 16:32:01.258,8.31232,8.31456,1.00,1.00
2014.04.28 16:32:05.082,8.31244,8.3147,1.00,1.00
2014.04.28 16:32:25.457,8.31238,8.31462,1.00,1.00
2014.04.28 16:32:40.272,8.31224,8.3145,1.00,1.00
2014.04.28 16:33:00.726,8.31217,8.31441,1.00,1.00
2014.04.28 16:33:21.061,8.31223,8.31447,1.00,1.00
2014.04.28 16:33:41.077,8.31218,8.31444,1.00,1.00
2014.04.28 16:33:59.496,8.3123,8.31454,1.00,1.00
2014.04.28 16:34:09.333,8.31219,8.31443,1.00,1.00
2014.04.28 16:34:14.933,8.3123,8.31456,1.00,1.00
2014.04.28 16:34:15.369,8.31219,8.31445,1.00,1.00
2014.04.28 16:34:21.780,8.3123,8.31456,1.00,1.00
2014.04.28 16:34:41.922,8.31225,8.31451,1.00,1.00
2014.04.28 16:35:02.216,8.31222,8.31448,1.00,1.00
2014.04.28 16:35:14.138,8.31236,8.31462,1.00,1.00
2014.04.28 16:35:34.157,8.31242,8.31466,1.00,1.00
2014.04.28 16:35:54.213,8.31238,8.31462,1.00,1.00
2014.04.28 16:35:57.079,8.31248,8.31474,1.00,1.00
2014.04.28 16:35:57.286,8.31237,8.31461,1.00,1.00
2014.04.28 16:36:18.086,8.31246,8.31472,1.00,1.00
2014.04.28 16:36:38.092,8.31246,8.3147,1.00,1.00
2014.04.28 16:36:51.756,8.31258,8.31484,1.00,1.00
2014.04.28 16:36:51.991,8.31245,8.31471,1.00,1.00
2014.04.28 16:37:02.188,8.3126,8.31486,1.00,1.00
2014.04.28 16:37:12.595,8.31284,8.31508,1.00,1.00
2014.04.28 16:37:15.974,8.31297,8.31521,1.00,1.00
2014.04.28 16:37:36.048,8.31293,8.31519,1.00,1.00
2014.04.28 16:37:56.456,8.31301,8.31525,1.00,1.00
2014.04.28 16:37:58.096,8.31285,8.31509,1.00,1.00
2014.04.28 16:38:01.315,8.31296,8.31522,1.00,1.00
2014.04.28 16:38:21.667,8.31299,8.31525,1.00,1.00
2014.04.28 16:38:29.667,8.31313,8.31537,1.00,1.00
2014.04.28 16:38:29.973,8.31298,8.31522,1.00,1.00
2014.04.28 16:38:30.283,8.31334,8.31546,1.00,1.00
2014.04.28 16:38:31.511,8.31309,8.31535,1.00,1.00
2014.04.28 16:38:31.714,8.31322,8.31546,1.00,1.00
2014.04.28 16:38:32.166,8.31307,8.31533,1.00,1.00
2014.04.28 16:38:40.247,8.31324,8.31548,1.00,1.00
2014.04.28 16:38:40.604,8.31306,8.3153,1.00,1.00
2014.04.28 16:38:47.045,8.31287,8.31511,1.00,1.00
2014.04.28 16:38:47.348,8.31229,8.31453,1.00,1.00
2014.04.28 16:38:47.928,8.31216,8.3144,1.00,1.00
2014.04.28 16:39:00.327,8.31204,8.3143,1.00,1.00
2014.04.28 16:39:00.847,8.31217,8.3143,1.00,1.00
2014.04.28 16:39:00.999,8.31208,8.3143,1.00,1.00
2014.04.28 16:39:05.585,8.31217,8.3143,1.00,1.00
2014.04.28 16:39:10.074,8.31217,8.3143,1.60,1.00
2014.04.28 16:39:10.226,8.31231,8.31457,1.60,1.00
2014.04.28 16:39:10.328,8.31243,8.31469,1.00,1.00
2014.04.28 16:39:10.581,8.31232,8.31458,1.60,1.00
2014.04.28 16:39:11.040,8.31266,8.31458,1.19,1.00
2014.04.28 16:39:12.346,8.31257,8.31458,1.19,1.00
2014.04.28 16:39:15.625,8.31257,8.31444,1.69,1.00
2014.04.28 16:39:15.975,8.31257,8.31444,1.19,1.19
2014.04.28 16:39:16.981,8.31257,8.31444,1.19,1.19
2014.04.28 16:39:18.614,8.31247,8.31429,1.19,1.19
2014.04.28 16:39:26.552,8.31257,8.31409,1.00,1.19
2014.04.28 16:39:26.603,8.31237,8.31409,1.19,1.19
2014.04.28 16:39:26.655,8.31242,8.31428,1.19,1.19
2014.04.28 16:39:26.857,8.31237,8.31395,1.19,1.19
2014.04.28 16:39:27.360,8.31207,8.3138,1.69,1.19
2014.04.28 16:39:28.397,8.31203,8.31368,1.19,1.19
2014.04.28 16:39:28.702,8.31226,8.31394,1.19,1.19
2014.04.28 16:39:28.905,8.31198,8.31395,1.19,1.19
2014.04.28 16:39:29.417,8.31192,8.31378,1.19,1.19
2014.04.28 16:39:30.410,8.31198,8.31383,1.19,1.69
2014.04.28 16:39:30.733,8.31198,8.31383,1.19,1.19
2014.04.28 16:39:31.684,8.31198,8.31383,1.19,1.19
2014.04.28 16:39:36.720,8.31198,8.31383,1.19,1.19
2014.04.28 16:39:37.844,8.31203,8.31383,1.19,1.00
2014.04.28 16:39:37.945,8.31203,8.31403,1.79,1.19
2014.04.28 16:39:38.812,8.31229,8.31414,1.19,1.19
2014.04.28 16:39:39.468,8.31222,8.31401,1.19,1.19
2014.04.28 16:39:39.772,8.31212,8.31383,1.19,1.19
2014.04.28 16:39:39.874,8.31181,8.31364,1.19,1.19
2014.04.28 16:39:39.975,8.31178,8.31348,1.19,1.19
2014.04.28 16:39:40.128,8.31198,8.31368,1.19,1.19
2014.04.28 16:39:41.133,8.31206,8.31382,1.19,1.19
2014.04.28 16:39:43.145,8.31214,8.31381,1.19,1.19
2014.04.28 16:39:44.084,8.31193,8.31369,1.19,1.19
2014.04.28 16:39:45.052,8.31188,8.31362,1.19,1.19
2014.04.28 16:39:48.396,8.31198,8.31369,1.19,1.19
2014.04.28 16:39:49.361,8.31212,8.31385,1.19,1.19
2014.04.28 16:39:54.385,8.31225,8.31393,1.19,1.19
2014.04.28 16:39:58.146,8.31178,8.31391,1.17,1.19
2014.04.28 16:39:58.420,8.31182,8.31393,1.79,1.19
2014.04.28 16:39:59.446,8.31216,8.31391,1.19,1.19
2014.04.28 16:40:07.457,8.31215,8.31392,1.19,1.19
2014.04.28 16:40:21.635,8.31199,8.31373,1.19,1.19
2014.04.28 16:40:21.737,8.31216,8.31392,1.19,1.19
2014.04.28 16:40:22.740,8.31222,8.31395,1.19,1.19
2014.04.28 16:40:23.767,8.31226,8.31394,1.19,1.19
2014.04.28 16:40:24.772,8.31231,8.31395,1.19,1.19
2014.04.28 16:40:25.777,8.31229,8.31395,1.19,1.19
2014.04.28 16:40:26.079,8.31193,8.31383,1.19,1.19
2014.04.28 16:40:27.207,8.3122,8.31393,1.19,1.19
2014.04.28 16:40:29.198,8.31222,8.31393,1.19,1.19
2014.04.28 16:40:30.726,8.31207,8.31363,1.19,1.19
2014.04.28 16:40:31.030,8.31221,8.31354,1.19,1.19
2014.04.28 16:40:31.284,8.31182,8.31327,1.19,1.19
2014.04.28 16:40:31.385,8.31168,8.31291,2.71,1.19
2014.04.28 16:40:31.689,8.31167,8.31291,1.69,1.19
2014.04.28 16:40:32.078,8.31125,8.31277,1.19,1.19
2014.04.28 16:40:32.387,8.31148,8.3129,1.19,1.19
2014.04.28 16:40:32.544,8.31118,8.31276,1.19,1.19
2014.04.28 16:40:33.860,8.31117,8.3124,1.19,1.19
2014.04.28 16:40:34.865,8.31117,8.31245,1.69,1.19
2014.04.28 16:40:36.927,8.31117,8.31237,1.19,1.19
2014.04.28 16:40:38.886,8.31117,8.31235,1.19,1.19
2014.04.28 16:40:39.891,8.31122,8.31235,1.19,1.19
2014.04.28 16:40:43.610,8.31117,8.31248,1.25,1.19
2014.04.28 16:40:43.712,8.31129,8.31273,1.19,1.19
2014.04.28 16:40:44.317,8.31121,8.31253,1.19,1.19
2014.04.28 16:40:45.323,8.31129,8.31253,1.19,1.19
2014.04.28 16:40:50.347,8.31129,8.31253,1.19,1.19
2014.04.28 16:40:51.796,8.31126,8.31259,1.19,1.19
2014.04.28 16:40:53.080,8.31124,8.31248,1.19,1.19
2014.04.28 16:40:57.087,8.31129,8.31253,1.19,1.19
2014.04.28 16:40:58.149,8.31139,8.31282,1.19,1.79
2014.04.28 16:40:59.124,8.3114,8.31282,1.19,1.79
2014.04.28 16:41:00.605,8.31132,8.31258,1.19,1.19
2014.04.28 16:41:02.619,8.31133,8.31257,1.19,1.19
2014.04.28 16:41:03.628,8.31133,8.31257,1.19,1.19
2014.04.28 16:41:04.955,8.3114,8.31273,1.19,1.19
2014.04.28 16:41:09.055,8.31121,8.31256,1.19,1.19
2014.04.28 16:41:10.209,8.31133,8.31259,1.19,1.19
2014.04.28 16:41:14.180,8.31127,8.31248,1.19,1.19
2014.04.28 16:41:16.188,8.31127,8.31249,1.19,1.19
2014.04.28 16:41:20.230,8.31118,8.31244,1.19,1.19
2014.04.28 16:41:28.395,8.31138,8.31278,1.19,1.54
2014.04.28 16:41:29.429,8.3114,8.31279,1.19,1.79
2014.04.28 16:41:32.448,8.31142,8.31283,1.19,1.79
2014.04.28 16:41:33.455,8.31139,8.31284,1.19,1.79
2014.04.28 16:41:38.082,8.31137,8.31283,1.19,1.79
2014.04.28 16:41:39.087,8.31136,8.31283,1.19,1.79
2014.04.28 16:41:41.104,8.31135,8.31283,1.19,1.79
2014.04.28 16:41:47.160,8.31117,8.31283,1.19,1.79
2014.04.28 16:41:48.139,8.31117,8.31265,1.19,1.19
2014.04.28 16:41:50.390,8.31117,8.31248,1.19,1.19
2014.04.28 16:41:51.287,8.31118,8.31244,1.39,1.19
2014.04.28 16:41:52.304,8.31118,8.31239,1.39,1.19
2014.04.28 16:41:53.303,8.31118,8.31239,1.39,1.19
2014.04.28 16:41:55.311,8.31118,8.31238,1.39,1.19
2014.04.28 16:41:56.316,8.31118,8.31238,1.39,1.19
2014.04.28 16:41:57.130,8.31117,8.31282,1.15,1.60
2014.04.28 16:41:57.181,8.31124,8.31282,1.00,1.60
2014.04.28 16:41:57.381,8.31117,8.31282,1.15,1.60
2014.04.28 16:41:57.432,8.31123,8.31282,1.19,1.60
2014.04.28 16:41:58.425,8.31125,8.31265,1.19,1.19
2014.04.28 16:42:07.078,8.31131,8.31282,1.19,1.60
2014.04.28 16:42:08.332,8.31121,8.31282,1.19,1.60
2014.04.28 16:42:09.336,8.31131,8.31282,1.19,1.79
2014.04.28 16:42:09.387,8.31131,8.31282,1.19,1.19
2014.04.28 16:42:09.438,8.31173,8.31282,1.19,1.00
2014.04.28 16:42:09.540,8.31173,8.3136,1.19,1.19
2014.04.28 16:42:09.692,8.31157,8.3135,1.19,1.19
2014.04.28 16:42:11.202,8.31141,8.31329,1.19,1.19
2014.04.28 16:42:11.640,8.31127,8.31295,1.19,1.19
2014.04.28 16:42:12.607,8.31133,8.31283,1.19,1.19
2014.04.28 16:42:13.612,8.31133,8.31284,1.19,1.19
2014.04.28 16:42:14.132,8.31149,8.31302,1.19,1.19
2014.04.28 16:42:14.453,8.31145,8.31295,1.19,1.19
2014.04.28 16:42:15.423,8.31135,8.31281,1.19,1.19
2014.04.28 16:42:16.435,8.31141,8.31276,1.19,1.19
2014.04.28 16:42:17.442,8.3114,8.31277,1.19,1.19
2014.04.28 16:42:18.058,8.31154,8.31301,1.19,1.19
2014.04.28 16:42:19.052,8.31174,8.31301,1.19,1.19
2014.04.28 16:42:20.060,8.31174,8.31301,1.19,1.19
2014.04.28 16:42:21.066,8.31174,8.31301,1.19,1.19
2014.04.28 16:42:21.672,8.31118,8.31298,1.19,1.19
2014.04.28 16:42:21.875,8.31137,8.31298,1.00,1.19
2014.04.28 16:42:22.179,8.31165,8.31306,1.19,1.19
2014.04.28 16:42:23.084,8.31171,8.31314,1.19,1.19
2014.04.28 16:42:24.124,8.31141,8.31298,1.19,1.19
2014.04.28 16:42:24.251,8.31141,8.31308,1.19,1.19
2014.04.28 16:42:25.249,8.31141,8.31271,1.19,1.19
2014.04.28 16:42:26.227,8.31141,8.31265,1.19,1.19
2014.04.28 16:42:26.705,8.31136,8.31266,1.00,1.19
2014.04.28 16:42:26.857,8.31128,8.31301,1.19,1.19
2014.04.28 16:42:26.959,8.31128,8.31318,1.00,1.00
2014.04.28 16:42:27.010,8.3116,8.31318,1.00,1.00
2014.04.28 16:42:27.061,8.3118,8.31352,1.00,1.00
2014.04.28 16:42:27.612,8.3118,8.31353,1.00,1.00
2014.04.28 16:42:27.708,8.3118,8.31406,1.00,1.00
2014.04.28 16:42:27.810,8.31168,8.31392,1.00,1.00
2014.04.28 16:42:28.159,8.31179,8.31403,1.00,1.00
2014.04.28 16:42:29.222,8.31194,8.31418,1.00,1.00
2014.04.28 16:42:29.525,8.31209,8.31433,1.00,1.00
2014.04.28 16:42:30.292,8.31212,8.31438,1.00,1.00
2014.04.28 16:42:30.393,8.31225,8.31449,1.00,1.00
2014.04.28 16:42:30.625,8.3121,8.31436,1.00,1.00
2014.04.28 16:42:51.121,8.31208,8.31432,1.00,1.00
2014.04.28 16:42:59.688,8.3122,8.31444,1.00,1.00
2014.04.28 16:43:10.242,8.31206,8.31432,1.00,1.00
2014.04.28 16:43:21.403,8.31219,8.31443,1.00,1.00
2014.04.28 16:43:21.775,8.31238,8.31462,1.00,1.00
2014.04.28 16:43:41.497,8.31229,8.31453,1.00,1.00
2014.04.28 16:43:41.800,8.31242,8.31466,1.00,1.00
2014.04.28 16:43:46.377,8.3123,8.31454,1.00,1.00
2014.04.28 16:43:51.215,8.3124,8.31466,1.00,1.00
2014.04.28 16:43:56.805,8.31228,8.31454,1.00,1.00
2014.04.28 16:43:57.132,8.31242,8.31466,1.00,1.00
2014.04.28 16:43:57.233,8.31229,8.31455,1.00,1.00
2014.04.28 16:44:01.038,8.31245,8.31469,1.00,1.00
2014.04.28 16:44:01.713,8.31256,8.31482,1.00,1.00
2014.04.28 16:44:05.005,8.31251,8.31475,1.00,1.00
2014.04.28 16:44:25.188,8.31249,8.31473,1.00,1.00
2014.04.28 16:44:38.210,8.31237,8.31461,1.00,1.00
2014.04.28 16:44:58.802,8.3124,8.31466,1.00,1.00
2014.04.28 16:45:18.803,8.31234,8.31458,1.00,1.00
2014.04.28 16:45:39.063,8.31242,8.31466,1.00,1.00
2014.04.28 16:45:59.107,8.31238,8.31462,1.00,1.00
2014.04.28 16:46:12.848,8.31248,8.31474,1.00,1.00
2014.04.28 16:46:13.204,8.31235,8.31461,1.00,1.00
2014.04.28 16:46:13.510,8.31248,8.31474,1.00,1.00
2014.04.28 16:46:13.854,8.31238,8.31462,1.00,1.00
2014.04.28 16:46:34.068,8.31238,8.31464,1.00,1.00
2014.04.28 16:46:36.999,8.31227,8.31451,1.00,1.00
2014.04.28 16:46:57.107,8.31231,8.31455,1.00,1.00
2014.04.28 16:47:17.126,8.31232,8.31458,1.00,1.00
2014.04.28 16:47:37.121,8.31229,8.31453,1.00,1.00
2014.04.28 16:47:37.683,8.3124,8.31464,1.00,1.00
2014.04.28 16:47:58.127,8.31241,8.31467,1.00,1.00
2014.04.28 16:48:18.102,8.31243,8.31467,1.00,1.00
2014.04.28 16:48:58.482,8.31242,8.31466,1.00,1.00
2014.04.28 16:49:15.544,8.3123,8.31454,1.00,1.00
2014.04.28 16:49:35.733,8.31228,8.31452,1.00,1.00
2014.04.28 16:49:55.930,8.3123,8.31454,1.00,1.00
2014.04.28 16:50:14.077,8.31214,8.31438,1.00,1.00
2014.04.28 16:50:14.179,8.31225,8.31451,1.00,1.00
2014.04.28 16:50:14.485,8.31214,8.31438,1.00,1.00
2014.04.28 16:50:18.306,8.31197,8.31423,1.00,1.00
2014.04.28 16:50:20.253,8.3121,8.31434,1.00,1.00
2014.04.28 16:50:23.326,8.31195,8.31421,1.00,1.00
2014.04.28 16:50:29.011,8.31206,8.31432,1.00,1.00
2014.04.28 16:50:48.429,8.31196,8.3142,1.00,1.00
2014.04.28 16:50:49.094,8.31207,8.31431,1.00,1.00
2014.04.28 16:51:01.082,8.31219,8.31445,1.00,1.00
2014.04.28 16:51:03.576,8.31207,8.31433,1.00,1.00
2014.04.28 16:51:03.899,8.31209,8.31435,1.00,1.00
2014.04.28 16:51:04.458,8.31224,8.3145,1.00,1.00
2014.04.28 16:51:06.994,8.31212,8.31438,1.00,1.00
2014.04.28 16:51:10.920,8.31227,8.31451,1.00,1.00
2014.04.28 16:51:11.317,8.31212,8.31436,1.00,1.00
2014.04.28 16:51:11.826,8.31225,8.31451,1.00,1.00
2014.04.28 16:51:12.555,8.3121,8.31436,1.00,1.00
2014.04.28 16:51:33.082,8.31205,8.31431,1.00,1.00
2014.04.28 16:51:53.654,8.31207,8.31433,1.00,1.00
2014.04.28 16:52:30.820,8.31207,8.31431,1.00,1.00
2014.04.28 16:52:48.217,8.31219,8.31445,1.00,1.00
2014.04.28 16:52:49.231,8.31207,8.31433,1.00,1.00
2014.04.28 16:53:07.016,8.31221,8.31445,1.00,1.00
2014.04.28 16:53:10.151,8.3121,8.31434,1.00,1.00
2014.04.28 16:53:10.533,8.31225,8.31449,1.00,1.00
2014.04.28 16:53:10.735,8.31211,8.31437,1.00,1.00
2014.04.28 16:53:10.837,8.31224,8.3145,1.00,1.00
2014.04.28 16:53:11.175,8.3121,8.31436,1.00,1.00
2014.04.28 16:53:12.591,8.31222,8.31446,1.00,1.00
2014.04.28 16:53:14.032,8.3121,8.31434,1.00,1.00
2014.04.28 16:53:14.335,8.31222,8.31446,1.00,1.00
2014.04.28 16:53:24.895,8.31207,8.31433,1.50,1.00
2014.04.28 16:53:25.302,8.3122,8.31444,1.00,1.00
2014.04.28 16:53:34.477,8.31207,8.31432,1.00,1.00
2014.04.28 16:53:36.244,8.31206,8.31432,1.00,1.00
2014.04.28 16:53:36.295,8.31194,8.3142,1.50,1.00
2014.04.28 16:53:37.308,8.31207,8.31431,1.00,1.00
2014.04.28 16:53:44.001,8.31238,8.31464,1.00,1.00
2014.04.28 16:53:44.102,8.31255,8.31479,1.00,1.00
2014.04.28 16:53:44.254,8.31241,8.31467,1.00,1.00
2014.04.28 16:53:46.699,8.31256,8.3148,1.00,1.00
2014.04.28 16:54:03.093,8.31267,8.31493,1.00,1.00
2014.04.28 16:54:23.496,8.3126,8.31486,1.00,1.00
2014.04.28 16:54:44.024,8.31263,8.31487,1.00,1.00
2014.04.28 16:54:56.470,8.3132,8.31546,1.00,1.00
2014.04.28 16:54:56.572,8.31275,8.31499,1.00,1.00
2014.04.28 16:54:57.673,8.31273,8.31499,1.00,1.00
2014.04.28 16:54:57.774,8.31338,8.31499,1.00,1.00
2014.04.28 16:54:58.077,8.31274,8.315,1.00,1.00
2014.04.28 16:54:58.512,8.31261,8.31485,1.00,1.00
2014.04.28 16:55:39.132,8.31257,8.31483,1.00,1.00
2014.04.28 16:55:57.065,8.31273,8.31497,1.00,1.00
2014.04.28 16:55:59.325,8.31261,8.31487,1.00,1.00
2014.04.28 16:56:06.644,8.31272,8.31498,1.00,1.00
2014.04.28 16:56:12.078,8.31262,8.31486,1.00,1.00
2014.04.28 16:56:22.696,8.31274,8.315,1.00,1.00
2014.04.28 16:56:27.003,8.31262,8.31486,1.00,1.00
2014.04.28 16:56:35.935,8.31274,8.31498,1.00,1.00
2014.04.28 16:56:42.456,8.31262,8.31488,1.00,1.00
2014.04.28 16:56:53.409,8.31273,8.31499,1.00,1.00
2014.04.28 16:56:53.771,8.31292,8.31516,1.00,1.00
2014.04.28 16:56:54.736,8.31305,8.31531,1.00,1.00
2014.04.28 16:56:55.202,8.31321,8.31531,1.00,1.00
2014.04.28 16:56:55.640,8.31321,8.31575,1.00,1.00
2014.04.28 16:56:55.692,8.31325,8.31595,1.00,1.00
2014.04.28 16:56:55.743,8.31325,8.31609,1.00,1.00
2014.04.28 16:56:55.895,8.31341,8.31625,1.00,1.00
2014.04.28 16:56:56.198,8.31367,8.31591,1.00,1.00
2014.04.28 16:56:56.820,8.31353,8.31579,1.00,1.00
2014.04.28 16:56:57.980,8.31377,8.31579,1.00,1.00
2014.04.28 16:56:58.132,8.31377,8.31625,1.00,1.00
2014.04.28 16:56:58.183,8.31377,8.31627,1.00,1.00
2014.04.28 16:56:58.284,8.31368,8.31641,1.50,1.00
2014.04.28 16:56:58.638,8.31368,8.3162,1.50,1.00
2014.04.28 16:56:59.043,8.31375,8.31601,1.00,1.00
2014.04.28 16:57:02.042,8.31365,8.31589,1.00,1.00
2014.04.28 16:57:12.955,8.31348,8.31572,1.00,1.00
2014.04.28 16:57:13.394,8.31328,8.31592,1.00,1.00
2014.04.28 16:57:13.496,8.31317,8.31595,1.50,1.00
2014.04.28 16:57:13.648,8.31364,8.31588,1.00,1.00
2014.04.28 16:57:14.789,8.31343,8.31607,1.00,1.00
2014.04.28 16:57:14.891,8.31323,8.31607,1.00,1.00
2014.04.28 16:57:15.144,8.31353,8.31579,1.00,1.00
2014.04.28 16:57:15.465,8.31341,8.31567,1.00,1.00
2014.04.28 16:57:15.870,8.3136,8.31586,1.00,1.00
2014.04.28 16:57:16.334,8.31341,8.31605,1.00,1.00
2014.04.28 16:57:16.435,8.31325,8.31607,1.00,1.00
2014.04.28 16:57:16.587,8.31357,8.31581,1.00,1.00
2014.04.28 16:57:16.924,8.31343,8.31569,1.00,1.00
2014.04.28 16:57:17.898,8.31325,8.31607,1.00,1.00
2014.04.28 16:57:18.101,8.31363,8.31587,1.00,1.00
2014.04.28 16:57:18.407,8.31351,8.31575,1.00,1.00
2014.04.28 16:57:19.399,8.3133,8.31596,1.00,1.00
2014.04.28 16:57:19.500,8.31325,8.31607,1.00,1.00
2014.04.28 16:57:19.608,8.31358,8.31582,1.00,1.00
2014.04.28 16:57:20.919,8.31325,8.31607,1.00,1.00
2014.04.28 16:57:21.072,8.31347,8.31607,1.00,1.00
2014.04.28 16:57:21.375,8.3135,8.31576,1.00,1.00
2014.04.28 16:57:22.418,8.31325,8.31593,1.00,1.00
2014.04.28 16:57:25.445,8.31358,8.31593,1.00,1.00
2014.04.28 16:57:50.904,8.31358,8.31594,1.00,1.00
2014.04.28 16:58:11.669,8.31358,8.31605,1.00,1.00
2014.04.28 16:58:11.720,8.31341,8.31567,1.00,1.00
2014.04.28 16:58:12.023,8.31326,8.3155,1.00,1.00
2014.04.28 16:58:22.781,8.31337,8.31563,1.00,1.00
2014.04.28 16:58:42.964,8.31336,8.3156,1.00,1.00
2014.04.28 16:59:03.141,8.31336,8.31562,1.00,1.00
2014.04.28 16:59:23.136,8.31336,8.3156,1.00,1.00
2014.04.28 16:59:29.769,8.31323,8.31547,1.00,1.00
2014.04.28 16:59:33.863,8.31306,8.3153,1.00,1.00
2014.04.28 16:59:39.829,8.31295,8.31519,1.00,1.00
2014.04.28 16:59:40.611,8.31306,8.3153,1.00,1.00
2014.04.28 16:59:43.582,8.31293,8.31517,1.00,1.00
2014.04.28 16:59:45.877,8.31278,8.31504,1.00,1.00
2014.04.28 16:59:48.150,8.31266,8.31492,1.00,1.00
2014.04.28 16:59:49.230,8.31255,8.31479,1.00,1.00
2014.04.28 16:59:50.772,8.31267,8.31491,1.00,1.00
2014.04.28 16:59:51.125,8.31254,8.31478,1.00,1.00
2014.04.28 16:59:51.945,8.31242,8.31468,1.00,1.00
2014.04.28 16:59:56.052,8.31255,8.31481,1.00,1.00
2014.04.28 16:59:56.359,8.31268,8.31492,1.00,1.00
2014.04.28 16:59:56.832,8.31249,8.31475,1.00,1.00
