2012.06.07 09:00:18.267,7.61476,7.616,1.50,1.50
2012.06.07 09:01:18.456,7.61451,7.61623,1.50,2.25
2012.06.07 09:01:18.584,7.61449,7.61623,1.50,3.75
2012.06.07 09:01:18.655,7.61474,7.61598,1.50,1.50
2012.06.07 09:01:35.768,7.61481,7.61607,1.50,1.50
2012.06.07 09:01:43.282,7.61471,7.61597,1.50,1.50
2012.06.07 09:01:43.616,7.61471,7.61597,2.25,1.50
2012.06.07 09:01:46.784,7.61487,7.61611,1.50,1.50
2012.06.07 09:01:48.785,7.61479,7.61603,1.88,1.50
2012.06.07 09:01:49.670,7.61479,7.61603,1.50,1.50
2012.06.07 09:01:52.339,7.61486,7.61612,1.50,1.88
2012.06.07 09:01:52.611,7.61479,7.61603,1.50,1.50
2012.06.07 09:02:12.635,7.61482,7.61608,1.50,1.50
2012.06.07 09:02:21.596,7.61473,7.61599,1.88,1.50
2012.06.07 09:02:22.337,7.61473,7.61599,1.50,1.50
2012.06.07 09:02:22.472,7.61473,7.61599,1.88,1.50
2012.06.07 09:02:22.951,7.61479,7.61603,1.50,1.50
2012.06.07 09:02:41.519,7.61479,7.61603,1.50,2.25
2012.06.07 09:02:41.595,7.61441,7.61567,1.88,1.50
2012.06.07 09:03:01.519,7.6144,7.61566,1.88,1.50
2012.06.07 09:03:02.127,7.61432,7.61558,2.25,1.50
2012.06.07 09:03:02.199,7.61441,7.61565,1.88,1.50
2012.06.07 09:03:02.509,7.61432,7.61558,2.25,1.50
2012.06.07 09:03:03.558,7.6144,7.61566,1.88,1.50
2012.06.07 09:03:15.278,7.6143,7.61556,2.25,1.50
2012.06.07 09:03:15.918,7.61439,7.61563,1.88,1.50
2012.06.07 09:03:17.630,7.6143,7.61554,2.25,1.50
2012.06.07 09:03:18.326,7.61438,7.61564,1.88,1.50
2012.06.07 09:03:29.856,7.61453,7.61577,1.50,1.50
2012.06.07 09:03:30.152,7.61474,7.61582,1.50,1.13
2012.06.07 09:03:32.946,7.61456,7.61582,1.50,2.63
2012.06.07 09:03:33.277,7.61476,7.61582,1.50,1.13
2012.06.07 09:03:33.800,7.61463,7.61582,1.50,1.13
2012.06.07 09:03:34.363,7.61476,7.61582,1.50,1.13
2012.06.07 09:03:36.136,7.61461,7.61582,1.50,1.13
2012.06.07 09:03:37.154,7.61477,7.61582,1.50,1.13
2012.06.07 09:03:37.228,7.61456,7.61582,1.50,2.63
2012.06.07 09:03:48.936,7.61444,7.6157,1.50,1.50
2012.06.07 09:03:52.798,7.61453,7.61577,1.50,1.50
2012.06.07 09:03:53.159,7.61456,7.61582,1.50,1.88
2012.06.07 09:03:54.759,7.61456,7.61578,1.50,1.13
2012.06.07 09:03:55.421,7.61455,7.61578,1.50,1.13
2012.06.07 09:03:55.491,7.6144,7.61564,1.88,2.25
2012.06.07 09:04:01.748,7.61431,7.61557,2.25,1.50
2012.06.07 09:04:05.307,7.61431,7.61557,2.25,1.50
2012.06.07 09:04:05.390,7.61413,7.61506,1.50,1.50
2012.06.07 09:04:07.284,7.61418,7.61544,3.00,1.50
2012.06.07 09:04:07.833,7.61449,7.61568,1.50,2.25
2012.06.07 09:04:07.969,7.61458,7.61578,1.50,1.13
2012.06.07 09:04:10.026,7.61458,7.61582,1.50,1.13
2012.06.07 09:04:10.486,7.61458,7.61578,1.50,1.13
2012.06.07 09:04:15.741,7.61458,7.61563,1.50,1.50
2012.06.07 09:04:16.067,7.61458,7.61563,1.50,1.50
2012.06.07 09:04:17.169,7.61458,7.61563,1.50,1.50
2012.06.07 09:04:17.771,7.61434,7.61551,2.25,1.50
2012.06.07 09:04:31.327,7.61418,7.61541,1.50,1.50
2012.06.07 09:04:51.673,7.61422,7.61546,2.25,1.50
2012.06.07 09:05:02.950,7.61419,7.61539,1.50,1.50
2012.06.07 09:05:09.068,7.61425,7.61549,2.25,2.25
2012.06.07 09:05:10.642,7.61425,7.61549,2.25,1.50
2012.06.07 09:05:22.907,7.61425,7.61549,2.25,2.25
2012.06.07 09:05:26.178,7.61425,7.61549,2.25,1.50
2012.06.07 09:05:28.488,7.61418,7.6154,1.50,1.50
2012.06.07 09:05:40.958,7.61427,7.61551,2.25,1.50
2012.06.07 09:05:41.153,7.61418,7.6154,1.50,1.50
2012.06.07 09:05:42.633,7.61418,7.6154,1.50,1.50
2012.06.07 09:05:44.620,7.61414,7.6154,3.00,1.50
2012.06.07 09:05:52.939,7.61423,7.61547,2.25,1.50
2012.06.07 09:06:07.155,7.61447,7.61547,1.50,1.50
2012.06.07 09:06:07.226,7.61454,7.61572,2.25,1.50
2012.06.07 09:06:07.359,7.61463,7.61578,1.50,1.50
2012.06.07 09:06:13.507,7.61463,7.61569,1.50,1.50
2012.06.07 09:06:18.247,7.61464,7.61578,1.50,1.50
2012.06.07 09:06:21.467,7.61464,7.6157,1.50,1.50
2012.06.07 09:06:24.767,7.61464,7.61583,1.50,2.25
2012.06.07 09:06:31.698,7.61464,7.61583,1.50,2.25
2012.06.07 09:06:33.202,7.61464,7.61583,1.50,1.50
2012.06.07 09:06:34.076,7.61464,7.61583,1.50,2.25
2012.06.07 09:06:40.888,7.61464,7.61583,1.50,1.50
2012.06.07 09:06:41.277,7.61464,7.61573,1.50,1.50
2012.06.07 09:06:43.557,7.61463,7.61585,1.50,2.25
2012.06.07 09:06:45.168,7.61463,7.61585,1.50,1.50
2012.06.07 09:07:01.598,7.61464,7.61585,1.50,2.25
2012.06.07 09:07:08.402,7.61467,7.61591,2.25,2.25
2012.06.07 09:07:18.463,7.61464,7.61589,1.50,2.25
2012.06.07 09:07:19.738,7.61439,7.61565,1.88,1.50
2012.06.07 09:07:24.091,7.61439,7.61565,1.50,1.50
2012.06.07 09:07:25.412,7.61439,7.61565,1.50,2.25
2012.06.07 09:07:25.750,7.61427,7.61551,2.25,1.50
2012.06.07 09:07:26.611,7.61417,7.61541,2.25,1.50
2012.06.07 09:07:27.028,7.61458,7.61573,1.50,1.13
2012.06.07 09:07:27.973,7.61458,7.61573,1.50,1.13
2012.06.07 09:07:28.338,7.61438,7.61564,1.50,1.50
2012.06.07 09:07:28.909,7.61438,7.61564,1.50,2.25
2012.06.07 09:07:29.675,7.61438,7.61564,1.50,1.50
2012.06.07 09:07:30.949,7.61427,7.61551,2.25,1.50
2012.06.07 09:07:31.849,7.61415,7.6153,1.50,1.50
2012.06.07 09:07:32.310,7.61414,7.6153,1.50,1.50
2012.06.07 09:07:37.767,7.61416,7.6154,2.25,1.50
2012.06.07 09:07:38.682,7.61424,7.61548,2.25,2.25
2012.06.07 09:07:39.391,7.61461,7.61572,1.50,1.13
2012.06.07 09:07:39.457,7.61461,7.61572,1.50,1.13
2012.06.07 09:07:39.528,7.61449,7.61572,1.50,1.13
2012.06.07 09:07:42.956,7.61449,7.61573,1.50,2.63
2012.06.07 09:07:43.672,7.61427,7.61553,2.25,1.50
2012.06.07 09:07:44.932,7.61427,7.61553,2.25,2.25
2012.06.07 09:07:45.245,7.61418,7.61544,2.25,1.50
2012.06.07 09:07:49.283,7.61419,7.61544,1.50,1.50
2012.06.07 09:07:49.489,7.61419,7.61544,1.50,1.50
2012.06.07 09:07:59.144,7.61426,7.61552,2.25,1.50
2012.06.07 09:08:06.902,7.61416,7.6154,2.25,1.50
2012.06.07 09:08:09.551,7.61426,7.6155,2.25,1.50
2012.06.07 09:08:10.596,7.61418,7.61543,1.50,1.50
2012.06.07 09:08:12.816,7.61455,7.61581,1.50,2.25
2012.06.07 09:08:14.338,7.61465,7.61589,1.50,2.25
2012.06.07 09:08:14.655,7.61456,7.61582,1.50,2.25
2012.06.07 09:08:22.822,7.61417,7.61541,2.25,1.50
2012.06.07 09:08:42.745,7.61416,7.6154,2.25,1.50
2012.06.07 09:08:46.740,7.61438,7.61562,1.50,1.50
2012.06.07 09:08:54.495,7.61419,7.61545,2.25,1.50
2012.06.07 09:08:54.687,7.61419,7.61545,1.88,1.50
2012.06.07 09:09:01.487,7.61412,7.61536,2.25,1.50
2012.06.07 09:09:02.146,7.61401,7.61522,1.50,1.50
2012.06.07 09:09:02.768,7.61401,7.61522,1.50,1.50
2012.06.07 09:09:03.895,7.61399,7.61522,1.50,1.50
2012.06.07 09:09:13.401,7.61398,7.61522,1.50,1.50
2012.06.07 09:09:21.557,7.61407,7.61523,1.50,1.50
2012.06.07 09:09:36.728,7.61428,7.61523,1.13,1.50
2012.06.07 09:09:37.579,7.61428,7.61523,1.13,1.50
2012.06.07 09:09:40.669,7.61485,7.61547,2.25,1.50
2012.06.07 09:09:40.737,7.61485,7.61592,2.25,3.12
2012.06.07 09:09:41.226,7.61426,7.61531,1.50,1.50
2012.06.07 09:09:44.476,7.61427,7.61531,1.13,1.50
2012.06.07 09:09:45.950,7.61427,7.61531,1.13,1.50
2012.06.07 09:09:47.028,7.61422,7.61531,1.50,1.50
2012.06.07 09:09:47.276,7.61418,7.61539,1.50,1.50
2012.06.07 09:09:48.541,7.61432,7.61539,1.13,1.50
2012.06.07 09:09:49.427,7.61427,7.61539,1.50,1.50
2012.06.07 09:09:50.688,7.61428,7.61539,1.50,1.50
2012.06.07 09:09:51.588,7.61428,7.61549,1.50,1.50
2012.06.07 09:09:51.715,7.61437,7.61549,1.13,1.50
2012.06.07 09:09:53.712,7.61437,7.61549,1.13,1.50
2012.06.07 09:09:55.626,7.61437,7.61549,1.13,1.50
2012.06.07 09:09:58.708,7.61437,7.61549,1.13,1.50
2012.06.07 09:10:05.437,7.61427,7.61549,1.50,1.50
2012.06.07 09:10:05.508,7.61425,7.6154,1.50,1.50
2012.06.07 09:10:05.828,7.61408,7.61509,1.50,1.50
2012.06.07 09:10:06.148,7.61399,7.61509,1.50,1.50
2012.06.07 09:10:06.480,7.61406,7.61525,1.50,1.50
2012.06.07 09:10:12.509,7.61413,7.61539,2.25,1.50
2012.06.07 09:10:32.658,7.61427,7.6154,1.13,1.50
2012.06.07 09:10:42.595,7.61428,7.6154,1.13,1.50
2012.06.07 09:10:52.887,7.61428,7.61538,1.13,1.50
2012.06.07 09:11:05.690,7.61427,7.61538,1.13,1.50
2012.06.07 09:11:13.288,7.61427,7.61531,1.13,1.50
2012.06.07 09:11:32.966,7.61408,7.61532,3.00,1.50
2012.06.07 09:11:33.939,7.61449,7.61557,1.50,1.50
2012.06.07 09:11:34.008,7.61449,7.61575,1.50,2.25
2012.06.07 09:11:41.350,7.61428,7.61496,1.13,1.50
2012.06.07 09:11:51.296,7.61428,7.61529,1.13,1.50
2012.06.07 09:11:59.597,7.61445,7.61553,1.50,1.50
2012.06.07 09:11:59.666,7.61445,7.61569,1.50,2.25
2012.06.07 09:12:09.645,7.61428,7.61539,1.13,1.50
2012.06.07 09:12:26.819,7.61428,7.61527,1.13,1.50
2012.06.07 09:12:39.170,7.61437,7.61527,1.50,1.50
2012.06.07 09:12:44.774,7.61448,7.61527,1.50,1.50
2012.06.07 09:12:46.338,7.61448,7.61526,1.50,1.50
2012.06.07 09:12:49.895,7.61443,7.61526,1.50,1.50
2012.06.07 09:12:50.087,7.61438,7.61505,1.13,1.50
2012.06.07 09:12:50.218,7.61416,7.61514,1.50,1.50
2012.06.07 09:12:50.288,7.61416,7.61534,1.50,1.50
2012.06.07 09:12:55.209,7.6141,7.61534,2.25,1.50
2012.06.07 09:12:55.280,7.61435,7.61561,1.50,2.25
2012.06.07 09:12:55.348,7.61427,7.61551,1.50,2.25
2012.06.07 09:12:55.548,7.61427,7.61534,1.50,1.50
2012.06.07 09:12:55.857,7.61392,7.61494,1.50,1.50
2012.06.07 09:12:56.167,7.61393,7.61487,1.13,1.50
2012.06.07 09:12:56.238,7.61393,7.61499,1.13,1.50
2012.06.07 09:12:56.379,7.61393,7.61491,1.13,1.50
2012.06.07 09:12:56.581,7.61393,7.615,1.13,1.50
2012.06.07 09:12:57.495,7.61398,7.61492,1.50,1.50
2012.06.07 09:12:57.649,7.61398,7.615,1.50,1.50
2012.06.07 09:12:57.778,7.61398,7.61491,1.50,1.50
2012.06.07 09:12:58.037,7.61398,7.61499,1.50,1.50
2012.06.07 09:12:59.492,7.61398,7.61491,1.50,1.50
2012.06.07 09:12:59.807,7.61398,7.61499,1.50,1.50
2012.06.07 09:12:59.876,7.61398,7.61492,1.50,1.50
2012.06.07 09:13:00.127,7.61398,7.615,1.50,1.50
2012.06.07 09:13:00.662,7.61398,7.61492,1.50,1.50
2012.06.07 09:13:00.728,7.61398,7.615,1.50,1.50
2012.06.07 09:13:00.916,7.61398,7.61492,1.50,1.50
2012.06.07 09:13:01.066,7.61398,7.61499,1.50,1.50
2012.06.07 09:13:01.196,7.61398,7.61491,1.50,1.50
2012.06.07 09:13:01.409,7.61398,7.615,1.50,1.50
2012.06.07 09:13:02.056,7.61398,7.61488,1.50,1.50
2012.06.07 09:13:02.267,7.61398,7.61497,1.50,1.50
2012.06.07 09:13:02.457,7.61398,7.61489,1.50,1.50
2012.06.07 09:13:02.934,7.61398,7.61497,1.50,1.50
2012.06.07 09:13:04.609,7.61393,7.61497,1.13,1.50
2012.06.07 09:13:05.718,7.61367,7.61486,1.50,1.50
2012.06.07 09:13:05.858,7.61367,7.61477,1.50,1.50
2012.06.07 09:13:06.469,7.61369,7.61474,1.50,1.50
2012.06.07 09:13:08.899,7.61377,7.61474,1.88,1.50
2012.06.07 09:13:09.097,7.61388,7.61496,1.13,1.50
2012.06.07 09:13:26.320,7.61388,7.61491,1.13,1.50
2012.06.07 09:13:33.790,7.61388,7.61502,1.13,1.50
2012.06.07 09:13:35.748,7.61388,7.61494,1.13,1.50
2012.06.07 09:13:36.126,7.61388,7.61502,1.13,1.50
2012.06.07 09:13:37.177,7.61388,7.61503,1.13,1.50
2012.06.07 09:13:37.932,7.61388,7.61503,1.13,1.50
2012.06.07 09:13:39.229,7.61404,7.61503,2.10,1.50
2012.06.07 09:13:39.542,7.61437,7.61504,1.50,1.50
2012.06.07 09:13:39.617,7.61437,7.61531,1.50,1.50
2012.06.07 09:13:40.205,7.6143,7.61554,2.25,2.25
2012.06.07 09:13:40.399,7.61422,7.6154,2.25,1.50
2012.06.07 09:13:40.888,7.61413,7.61515,1.88,1.50
2012.06.07 09:13:41.809,7.61413,7.61523,1.50,1.50
2012.06.07 09:13:42.516,7.61413,7.61524,1.50,1.50
2012.06.07 09:13:42.649,7.61413,7.61515,1.50,1.50
2012.06.07 09:13:43.091,7.61413,7.61524,1.50,1.50
2012.06.07 09:13:43.162,7.61413,7.61515,1.50,1.50
2012.06.07 09:13:43.227,7.61413,7.61524,1.50,1.50
2012.06.07 09:13:43.475,7.61413,7.61514,1.50,1.50
2012.06.07 09:13:43.607,7.61413,7.61523,1.50,1.50
2012.06.07 09:13:43.989,7.61413,7.61514,1.50,1.50
2012.06.07 09:13:44.117,7.61413,7.61524,1.50,1.50
2012.06.07 09:13:44.187,7.61413,7.61514,1.50,1.50
2012.06.07 09:13:44.378,7.61413,7.61523,1.50,1.50
2012.06.07 09:13:44.566,7.61413,7.61515,1.50,1.50
2012.06.07 09:13:44.635,7.61413,7.61524,1.50,1.50
2012.06.07 09:13:44.910,7.61413,7.61515,1.50,1.50
2012.06.07 09:13:45.381,7.61413,7.61523,1.50,1.50
2012.06.07 09:13:46.128,7.61437,7.61523,1.13,1.50
2012.06.07 09:13:46.389,7.61437,7.61543,1.13,1.50
2012.06.07 09:13:46.792,7.61486,7.61559,1.13,1.50
2012.06.07 09:13:46.872,7.61486,7.61584,1.13,1.50
2012.06.07 09:13:49.458,7.61486,7.61584,1.50,1.50
2012.06.07 09:13:49.980,7.61536,7.6162,1.50,1.50
2012.06.07 09:13:50.310,7.61536,7.61638,1.50,1.50
2012.06.07 09:13:50.461,7.61553,7.61638,1.13,1.50
2012.06.07 09:14:06.090,7.61553,7.61655,1.13,1.50
2012.06.07 09:14:06.870,7.61553,7.61654,1.13,1.50
2012.06.07 09:14:06.942,7.61553,7.61668,1.13,1.50
2012.06.07 09:14:08.044,7.61553,7.61667,1.13,1.50
2012.06.07 09:14:08.119,7.61553,7.61654,1.13,1.50
2012.06.07 09:14:08.250,7.61553,7.61667,1.13,1.50
2012.06.07 09:14:09.860,7.61553,7.61654,1.13,1.50
2012.06.07 09:14:09.999,7.61553,7.61666,1.13,1.50
2012.06.07 09:14:10.594,7.61553,7.61655,1.13,1.50
2012.06.07 09:14:10.667,7.61553,7.61667,1.13,1.50
2012.06.07 09:14:10.797,7.61553,7.61655,1.13,1.50
2012.06.07 09:14:10.869,7.61553,7.61667,1.13,1.50
2012.06.07 09:14:11.623,7.61553,7.61669,1.13,1.50
2012.06.07 09:14:11.704,7.61553,7.61656,1.13,1.50
2012.06.07 09:14:11.803,7.61553,7.61668,1.13,1.50
2012.06.07 09:14:21.838,7.61553,7.61676,1.13,1.50
2012.06.07 09:14:22.794,7.61553,7.61677,1.13,1.50
2012.06.07 09:14:23.110,7.61551,7.61675,2.25,1.50
2012.06.07 09:14:37.040,7.61551,7.61675,2.25,1.50
2012.06.07 09:14:40.427,7.6155,7.61676,2.25,1.50
2012.06.07 09:14:46.388,7.61563,7.61687,2.25,2.25
2012.06.07 09:14:46.540,7.61549,7.61675,2.25,1.50
2012.06.07 09:14:52.079,7.61566,7.6169,2.25,2.25
2012.06.07 09:14:54.180,7.61578,7.61704,1.50,2.25
2012.06.07 09:15:13.859,7.61576,7.61702,1.50,3.00
2012.06.07 09:15:17.742,7.61565,7.61689,1.50,2.25
2012.06.07 09:15:18.552,7.61576,7.61702,1.50,2.25
2012.06.07 09:15:23.178,7.61564,7.6169,1.50,2.25
2012.06.07 09:15:43.301,7.61568,7.61694,1.50,2.25
2012.06.07 09:15:56.282,7.61568,7.61692,1.50,1.50
2012.06.07 09:15:56.492,7.61568,7.61694,1.50,2.25
2012.06.07 09:15:56.622,7.61576,7.61702,1.50,2.25
2012.06.07 09:15:56.750,7.61568,7.61694,1.50,2.25
2012.06.07 09:16:16.675,7.61575,7.61693,1.50,1.50
2012.06.07 09:16:25.958,7.61575,7.61699,1.50,2.25
2012.06.07 09:16:26.093,7.61583,7.61707,1.50,2.25
2012.06.07 09:16:38.029,7.61568,7.61692,1.50,2.25
2012.06.07 09:16:48.000,7.61545,7.61669,1.50,2.25
2012.06.07 09:16:48.129,7.61534,7.61658,2.25,2.25
2012.06.07 09:16:50.026,7.6152,7.61644,1.50,2.25
2012.06.07 09:16:53.512,7.6152,7.61644,1.50,2.25
2012.06.07 09:16:53.940,7.61524,7.61648,1.50,2.25
2012.06.07 09:16:54.503,7.61505,7.61629,1.50,2.25
2012.06.07 09:17:00.241,7.61505,7.61629,2.25,1.50
2012.06.07 09:17:00.487,7.61505,7.61629,2.25,1.50
2012.06.07 09:17:00.808,7.61539,7.61637,1.50,1.50
2012.06.07 09:17:01.029,7.61539,7.61663,1.50,2.25
2012.06.07 09:17:01.899,7.61539,7.61652,1.50,1.13
2012.06.07 09:17:02.367,7.61526,7.6165,1.50,2.25
2012.06.07 09:17:02.980,7.61524,7.61648,1.50,2.25
2012.06.07 09:17:04.910,7.61513,7.61639,1.50,1.50
2012.06.07 09:17:09.698,7.61533,7.61659,1.50,2.25
2012.06.07 09:17:13.447,7.61533,7.61659,1.50,2.25
2012.06.07 09:17:18.177,7.61529,7.61653,1.50,2.25
2012.06.07 09:17:19.862,7.61529,7.61653,1.50,2.25
2012.06.07 09:17:20.201,7.61529,7.61653,1.50,1.88
2012.06.07 09:17:20.808,7.61518,7.61637,1.13,1.50
2012.06.07 09:17:21.359,7.61513,7.61637,1.13,1.50
2012.06.07 09:17:21.490,7.61525,7.61651,2.25,1.88
2012.06.07 09:17:22.840,7.61525,7.61651,2.25,1.88
2012.06.07 09:17:23.671,7.61525,7.61651,2.25,1.88
2012.06.07 09:17:23.861,7.61525,7.61651,2.25,2.25
2012.06.07 09:17:34.333,7.61525,7.61651,2.25,1.50
2012.06.07 09:17:34.806,7.61518,7.61642,1.13,1.50
2012.06.07 09:17:36.047,7.61518,7.61642,1.13,1.50
2012.06.07 09:17:36.151,7.61517,7.61642,1.13,1.50
2012.06.07 09:17:37.192,7.61518,7.61642,1.13,1.50
2012.06.07 09:17:38.358,7.61517,7.61642,1.13,1.50
2012.06.07 09:17:39.345,7.61518,7.61642,1.13,1.50
2012.06.07 09:17:40.201,7.6153,7.61654,2.25,1.88
2012.06.07 09:18:00.602,7.61531,7.61657,2.25,1.50
2012.06.07 09:18:01.354,7.61531,7.61657,1.50,2.25
2012.06.07 09:18:01.432,7.61511,7.61635,1.88,1.50
2012.06.07 09:18:01.871,7.61507,7.61627,1.50,1.50
2012.06.07 09:18:02.589,7.61542,7.61685,1.50,2.25
2012.06.07 09:18:02.671,7.61542,7.61685,2.25,1.50
2012.06.07 09:18:02.747,7.61574,7.61687,1.50,1.50
2012.06.07 09:18:03.009,7.61574,7.61687,1.50,1.50
2012.06.07 09:18:03.261,7.61533,7.61681,1.50,2.25
2012.06.07 09:18:03.330,7.61569,7.61701,1.50,1.50
2012.06.07 09:18:04.520,7.61569,7.61703,1.50,3.75
2012.06.07 09:18:04.594,7.61564,7.61703,1.50,1.50
2012.06.07 09:18:04.674,7.61594,7.61725,1.50,1.50
2012.06.07 09:18:04.949,7.61544,7.61687,1.50,2.25
2012.06.07 09:18:05.092,7.6154,7.61687,1.50,2.25
2012.06.07 09:18:06.339,7.61538,7.61679,1.13,2.25
2012.06.07 09:18:06.411,7.61543,7.61688,1.50,2.25
2012.06.07 09:18:06.760,7.61572,7.61712,1.50,3.00
2012.06.07 09:18:06.888,7.61565,7.61711,1.50,2.25
2012.06.07 09:18:07.809,7.61559,7.61704,1.50,2.25
2012.06.07 09:18:08.377,7.6156,7.61706,1.50,2.25
2012.06.07 09:18:08.465,7.6156,7.61706,2.25,1.88
2012.06.07 09:18:08.546,7.6158,7.6172,1.50,1.50
2012.06.07 09:18:08.871,7.6158,7.61712,1.50,3.00
2012.06.07 09:18:08.940,7.6158,7.61712,1.50,3.00
2012.06.07 09:18:09.013,7.61574,7.61713,1.50,1.50
2012.06.07 09:18:10.003,7.61573,7.61716,1.50,2.25
2012.06.07 09:18:10.462,7.61573,7.61716,1.50,2.25
2012.06.07 09:18:10.529,7.61583,7.61719,1.50,1.50
2012.06.07 09:18:10.879,7.61597,7.61712,1.50,3.00
2012.06.07 09:18:10.950,7.61574,7.61712,1.50,3.00
2012.06.07 09:18:11.567,7.61575,7.61691,1.50,1.50
2012.06.07 09:18:12.533,7.61575,7.61696,1.50,1.50
2012.06.07 09:18:12.969,7.61565,7.61691,2.25,1.50
2012.06.07 09:18:13.049,7.61572,7.61697,1.50,1.50
2012.06.07 09:18:13.991,7.61571,7.61695,1.50,2.25
2012.06.07 09:18:15.131,7.61557,7.61681,2.25,1.88
2012.06.07 09:18:15.933,7.61572,7.61696,1.50,2.25
2012.06.07 09:18:17.496,7.61585,7.61711,1.50,1.50
2012.06.07 09:18:35.139,7.61599,7.61723,1.50,2.25
2012.06.07 09:18:37.740,7.6161,7.61735,1.50,1.50
2012.06.07 09:18:38.378,7.61603,7.61727,1.50,2.25
2012.06.07 09:18:39.825,7.61603,7.61727,1.50,2.25
2012.06.07 09:18:40.597,7.61611,7.61737,1.50,2.25
2012.06.07 09:19:00.831,7.61613,7.61739,1.50,2.25
2012.06.07 09:19:38.893,7.61613,7.61739,1.50,2.25
2012.06.07 09:19:40.692,7.61617,7.61743,1.50,3.00
2012.06.07 09:20:02.481,7.61606,7.61724,1.50,1.13
2012.06.07 09:20:02.551,7.61597,7.61723,1.50,2.25
2012.06.07 09:20:02.681,7.61597,7.61723,1.50,1.50
2012.06.07 09:20:02.752,7.61597,7.61723,1.50,2.25
2012.06.07 09:20:03.550,7.61597,7.61701,1.50,1.50
2012.06.07 09:20:03.630,7.6155,7.61676,1.50,2.25
2012.06.07 09:20:03.981,7.61557,7.61683,1.50,2.25
2012.06.07 09:20:04.053,7.61557,7.61683,1.50,2.25
2012.06.07 09:20:05.772,7.61547,7.61671,1.50,1.50
2012.06.07 09:20:05.901,7.61547,7.61671,1.50,2.25
2012.06.07 09:20:06.220,7.61547,7.61592,1.50,2.25
2012.06.07 09:20:06.483,7.61508,7.61592,2.25,3.00
2012.06.07 09:20:06.561,7.61483,7.61576,2.25,1.50
2012.06.07 09:20:06.693,7.61483,7.616,2.25,2.25
2012.06.07 09:20:06.760,7.61476,7.616,1.50,2.25
2012.06.07 09:20:06.899,7.61465,7.61591,1.50,2.25
2012.06.07 09:20:08.449,7.61465,7.61591,1.50,1.50
2012.06.07 09:20:08.520,7.61473,7.61599,1.50,1.88
2012.06.07 09:20:09.160,7.61492,7.61616,1.50,2.25
2012.06.07 09:20:10.670,7.615,7.61624,1.50,2.25
2012.06.07 09:20:30.668,7.61497,7.61623,1.50,2.25
2012.06.07 09:20:31.983,7.61497,7.61623,1.50,2.25
2012.06.07 09:20:32.222,7.61474,7.61598,1.50,2.25
2012.06.07 09:20:32.292,7.61461,7.61587,2.25,1.50
2012.06.07 09:20:32.488,7.61476,7.61602,1.50,2.25
2012.06.07 09:20:34.189,7.61463,7.61589,1.50,1.50
2012.06.07 09:20:34.518,7.61475,7.61601,1.50,2.25
2012.06.07 09:20:34.887,7.61475,7.61601,1.50,1.50
2012.06.07 09:20:35.031,7.61484,7.61608,1.50,1.88
2012.06.07 09:20:35.919,7.61476,7.616,1.50,1.50
2012.06.07 09:20:36.199,7.61467,7.61591,1.88,1.50
2012.06.07 09:20:38.997,7.61467,7.61591,1.88,1.50
2012.06.07 09:20:42.007,7.6146,7.61579,1.13,1.50
2012.06.07 09:20:57.622,7.61453,7.61579,2.25,1.50
2012.06.07 09:21:00.956,7.61449,7.61571,1.50,1.50
2012.06.07 09:21:02.584,7.61449,7.61571,1.50,1.50
2012.06.07 09:21:03.378,7.61443,7.61562,1.50,1.50
2012.06.07 09:21:04.562,7.61443,7.61553,1.50,1.50
2012.06.07 09:21:07.207,7.61443,7.61565,1.50,1.50
2012.06.07 09:21:07.930,7.61441,7.61565,2.25,1.88
2012.06.07 09:21:08.073,7.61431,7.61557,1.50,1.50
2012.06.07 09:21:09.223,7.61422,7.61548,1.88,1.50
2012.06.07 09:21:11.531,7.61422,7.61548,1.50,2.25
2012.06.07 09:21:11.600,7.61405,7.61529,1.50,2.25
2012.06.07 09:21:11.960,7.61377,7.61501,2.25,1.50
2012.06.07 09:21:12.097,7.61398,7.61522,5.25,1.50
2012.06.07 09:21:12.329,7.61413,7.61537,2.25,2.25
2012.06.07 09:21:12.711,7.61414,7.61538,2.25,1.50
2012.06.07 09:21:15.080,7.61417,7.61543,2.25,2.79
2012.06.07 09:21:15.150,7.61407,7.61533,2.25,1.50
2012.06.07 09:21:15.550,7.61408,7.61534,2.25,1.50
2012.06.07 09:21:15.693,7.61401,7.61525,1.50,1.88
2012.06.07 09:21:15.758,7.61389,7.61503,1.13,1.50
2012.06.07 09:21:16.069,7.61379,7.61503,2.25,1.50
2012.06.07 09:21:28.899,7.6137,7.61494,2.25,1.50
2012.06.07 09:21:32.039,7.61389,7.61515,1.88,1.50
2012.06.07 09:21:32.296,7.61377,7.61503,2.25,1.50
2012.06.07 09:21:34.359,7.61397,7.61521,1.50,1.50
2012.06.07 09:21:34.562,7.61386,7.6151,2.25,1.50
2012.06.07 09:21:36.400,7.61396,7.6152,1.50,1.50
2012.06.07 09:21:37.672,7.61387,7.61513,2.25,1.50
2012.06.07 09:21:41.601,7.61398,7.61524,1.50,1.50
2012.06.07 09:21:42.666,7.61409,7.61533,1.50,4.13
2012.06.07 09:21:43.672,7.614,7.61526,1.50,1.50
2012.06.07 09:21:44.725,7.61409,7.61533,1.50,2.63
2012.06.07 09:21:45.106,7.61401,7.61525,1.50,1.50
2012.06.07 09:21:49.159,7.61391,7.61515,1.88,1.50
2012.06.07 09:21:52.510,7.61383,7.61507,2.25,1.50
2012.06.07 09:21:52.643,7.61383,7.61504,1.50,1.13
2012.06.07 09:21:52.783,7.6137,7.61496,1.50,1.50
2012.06.07 09:21:52.849,7.61355,7.61479,2.25,1.50
2012.06.07 09:22:02.141,7.61359,7.61483,2.25,1.50
2012.06.07 09:22:02.272,7.61366,7.61492,1.88,1.50
2012.06.07 09:22:02.400,7.61357,7.61481,2.25,1.50
2012.06.07 09:22:02.530,7.61367,7.61491,1.88,1.50
2012.06.07 09:22:02.598,7.61356,7.61482,2.25,1.50
2012.06.07 09:22:02.777,7.61367,7.61491,1.88,1.50
2012.06.07 09:22:02.979,7.61349,7.61473,1.50,1.50
2012.06.07 09:22:03.050,7.61349,7.6144,1.50,1.50
2012.06.07 09:22:03.122,7.61291,7.61415,1.50,1.50
2012.06.07 09:22:03.189,7.61306,7.61432,1.50,1.50
2012.06.07 09:22:03.318,7.61296,7.61422,1.50,1.50
2012.06.07 09:22:04.474,7.61288,7.61412,1.50,1.50
2012.06.07 09:22:04.816,7.61279,7.61403,1.50,1.50
2012.06.07 09:22:05.126,7.613,7.61424,1.50,1.50
2012.06.07 09:22:05.501,7.61281,7.61405,1.50,1.50
2012.06.07 09:22:05.632,7.61285,7.61411,1.50,1.50
2012.06.07 09:22:05.770,7.61277,7.61403,1.50,1.50
2012.06.07 09:22:06.109,7.613,7.61424,1.50,1.50
2012.06.07 09:22:06.249,7.6128,7.61406,1.50,1.50
2012.06.07 09:22:06.377,7.613,7.61426,1.50,1.50
2012.06.07 09:22:06.689,7.61286,7.6141,1.50,1.50
2012.06.07 09:22:07.290,7.61278,7.61402,1.50,1.50
2012.06.07 09:22:07.435,7.61297,7.61423,1.50,1.50
2012.06.07 09:22:07.511,7.6129,7.61416,1.50,1.50
2012.06.07 09:22:07.838,7.613,7.61424,1.50,1.50
2012.06.07 09:22:08.029,7.61286,7.61412,1.50,1.50
2012.06.07 09:22:08.098,7.61295,7.61419,1.50,1.50
2012.06.07 09:22:08.288,7.61307,7.61433,1.50,1.50
2012.06.07 09:22:08.357,7.61295,7.61419,1.50,1.50
2012.06.07 09:22:08.613,7.61286,7.61412,1.50,1.50
2012.06.07 09:22:08.886,7.61295,7.61419,1.50,1.50
2012.06.07 09:22:09.225,7.61308,7.61432,1.50,1.50
2012.06.07 09:22:09.717,7.61294,7.6142,1.50,1.50
2012.06.07 09:22:09.792,7.61287,7.61411,1.50,1.50
2012.06.07 09:22:10.264,7.61308,7.61423,1.50,2.25
2012.06.07 09:22:10.341,7.61284,7.61407,1.50,1.50
2012.06.07 09:22:10.541,7.6127,7.61394,1.50,1.50
2012.06.07 09:22:10.671,7.61294,7.61412,1.50,2.25
2012.06.07 09:22:11.060,7.61269,7.61395,1.50,1.50
2012.06.07 09:22:11.946,7.6127,7.61394,1.50,1.50
2012.06.07 09:22:15.741,7.61275,7.61399,1.50,1.50
2012.06.07 09:22:16.179,7.61275,7.61352,1.50,2.25
2012.06.07 09:22:16.499,7.6121,7.61336,1.50,1.50
2012.06.07 09:22:17.071,7.61225,7.61351,1.50,1.50
2012.06.07 09:22:17.569,7.61237,7.61361,1.50,1.50
2012.06.07 09:22:17.641,7.61226,7.61352,1.50,1.50
2012.06.07 09:22:18.119,7.61226,7.6135,1.50,1.50
2012.06.07 09:22:18.549,7.61236,7.61362,1.50,1.50
2012.06.07 09:22:18.620,7.61226,7.61352,1.50,1.50
2012.06.07 09:22:18.927,7.61236,7.61362,1.50,1.50
2012.06.07 09:22:19.270,7.61215,7.61339,1.50,1.50
2012.06.07 09:22:19.490,7.61235,7.61361,1.50,1.50
2012.06.07 09:22:19.681,7.61215,7.61341,1.50,1.50
2012.06.07 09:22:20.365,7.61213,7.61337,1.50,1.50
2012.06.07 09:22:20.688,7.61215,7.61341,1.50,1.50
2012.06.07 09:22:20.822,7.61236,7.61362,1.50,1.50
2012.06.07 09:22:21.249,7.61216,7.6134,1.50,1.50
2012.06.07 09:22:21.557,7.61237,7.61361,1.50,1.50
2012.06.07 09:22:21.909,7.61216,7.6134,1.50,1.50
2012.06.07 09:22:22.339,7.61227,7.61353,1.50,1.50
2012.06.07 09:22:22.757,7.61234,7.61358,1.50,1.50
2012.06.07 09:22:23.070,7.61226,7.6135,1.50,1.50
2012.06.07 09:22:23.376,7.61234,7.61358,1.50,1.50
2012.06.07 09:22:23.758,7.61213,7.61339,1.50,1.50
2012.06.07 09:22:24.007,7.61233,7.61359,1.50,1.50
2012.06.07 09:22:24.457,7.61226,7.6135,1.50,1.50
2012.06.07 09:22:24.528,7.61213,7.61339,1.50,1.50
2012.06.07 09:22:24.658,7.61234,7.61358,1.50,1.50
2012.06.07 09:22:24.979,7.61221,7.61347,1.50,1.50
2012.06.07 09:22:25.047,7.6122,7.61344,1.50,1.50
2012.06.07 09:22:25.489,7.61206,7.6133,1.50,1.50
2012.06.07 09:22:25.660,7.61219,7.61345,1.50,1.50
2012.06.07 09:22:25.793,7.61228,7.61354,1.50,1.50
2012.06.07 09:22:26.111,7.61219,7.61345,1.50,1.50
2012.06.07 09:22:26.432,7.61216,7.6134,1.50,1.50
2012.06.07 09:22:26.502,7.61228,7.61354,1.50,1.50
2012.06.07 09:22:26.630,7.61207,7.61331,1.50,1.50
2012.06.07 09:22:26.790,7.61219,7.61345,1.50,1.50
2012.06.07 09:22:26.919,7.61206,7.6133,1.50,1.50
2012.06.07 09:22:27.178,7.61219,7.61345,1.50,1.50
2012.06.07 09:22:27.247,7.61215,7.61341,1.50,1.50
2012.06.07 09:22:27.735,7.61229,7.61353,1.50,1.50
2012.06.07 09:22:27.937,7.61206,7.61332,1.50,1.50
2012.06.07 09:22:28.069,7.6122,7.61344,1.50,1.50
2012.06.07 09:22:29.666,7.6122,7.61303,1.50,2.25
2012.06.07 09:22:30.125,7.61208,7.61296,1.50,1.50
2012.06.07 09:22:30.205,7.61164,7.6129,1.50,2.25
2012.06.07 09:22:32.714,7.61186,7.6131,1.50,2.25
2012.06.07 09:22:32.859,7.61172,7.61298,1.50,1.88
2012.06.07 09:22:34.725,7.61164,7.6129,1.88,1.50
2012.06.07 09:22:35.079,7.61179,7.61303,1.50,2.25
2012.06.07 09:22:37.079,7.61165,7.61289,1.50,1.50
2012.06.07 09:22:45.919,7.61165,7.61289,1.50,2.25
2012.06.07 09:22:45.990,7.61155,7.61281,1.50,2.25
2012.06.07 09:22:46.058,7.61143,7.61267,1.50,2.25
2012.06.07 09:22:47.468,7.61102,7.61184,1.50,1.35
2012.06.07 09:22:47.539,7.61049,7.61152,1.50,3.75
2012.06.07 09:22:47.611,7.61033,7.61152,2.25,3.75
2012.06.07 09:22:47.681,7.61007,7.61131,1.50,1.50
2012.06.07 09:22:47.749,7.61018,7.61142,1.50,1.50
2012.06.07 09:22:48.081,7.61067,7.61193,1.50,1.88
2012.06.07 09:22:50.138,7.61067,7.61193,1.50,2.25
2012.06.07 09:22:50.589,7.61047,7.61171,1.50,2.25
2012.06.07 09:22:52.356,7.61035,7.61161,1.50,1.88
2012.06.07 09:22:52.431,7.61035,7.61161,2.25,1.50
2012.06.07 09:22:52.500,7.61045,7.61171,2.25,1.50
2012.06.07 09:22:58.213,7.61123,7.61171,1.50,1.50
2012.06.07 09:22:58.549,7.61148,7.61218,1.50,1.50
2012.06.07 09:23:00.129,7.61137,7.61218,1.50,1.50
2012.06.07 09:23:01.926,7.61137,7.61191,1.50,1.13
2012.06.07 09:23:01.997,7.61122,7.61191,1.50,1.13
2012.06.07 09:23:03.390,7.61145,7.61199,1.50,1.13
2012.06.07 09:23:07.897,7.61145,7.61199,1.50,2.25
2012.06.07 09:23:08.030,7.61117,7.61186,1.50,1.50
2012.06.07 09:23:08.337,7.61032,7.61156,1.50,1.50
2012.06.07 09:23:08.648,7.61058,7.61184,1.50,2.25
2012.06.07 09:23:15.125,7.61049,7.61173,1.50,2.25
2012.06.07 09:23:29.819,7.61056,7.61182,1.50,2.25
2012.06.07 09:23:33.189,7.61064,7.6119,1.50,2.25
2012.06.07 09:23:35.961,7.61064,7.6119,1.50,1.50
2012.06.07 09:23:36.159,7.61089,7.61213,1.50,2.25
2012.06.07 09:23:36.229,7.61089,7.61213,1.50,2.25
2012.06.07 09:23:36.358,7.6108,7.61204,1.50,1.50
2012.06.07 09:23:36.881,7.61102,7.61226,1.50,1.50
2012.06.07 09:23:36.950,7.61124,7.61248,1.50,1.50
2012.06.07 09:23:38.988,7.61122,7.61246,1.50,1.50
2012.06.07 09:23:39.122,7.61123,7.61249,1.50,1.50
2012.06.07 09:23:40.999,7.61151,7.61273,1.50,2.25
2012.06.07 09:23:41.198,7.61151,7.61277,1.50,2.25
2012.06.07 09:23:41.269,7.61156,7.6128,1.50,2.25
2012.06.07 09:23:41.399,7.61156,7.6128,1.50,1.50
2012.06.07 09:23:41.530,7.61166,7.6129,1.50,1.50
2012.06.07 09:23:41.799,7.61167,7.61292,2.25,1.50
2012.06.07 09:23:42.011,7.61177,7.61292,2.25,1.50
2012.06.07 09:23:42.079,7.61178,7.61304,1.50,1.50
2012.06.07 09:23:42.149,7.61177,7.61292,2.25,1.50
2012.06.07 09:23:42.278,7.61177,7.61303,3.75,1.50
2012.06.07 09:24:16.128,7.61179,7.61303,1.50,1.50
2012.06.07 09:24:16.630,7.61169,7.61295,1.50,1.50
2012.06.07 09:24:17.939,7.61169,7.61295,2.25,1.50
2012.06.07 09:24:19.057,7.61169,7.61295,2.25,1.50
2012.06.07 09:24:19.978,7.61169,7.61295,2.25,1.50
2012.06.07 09:24:23.288,7.61159,7.61283,2.25,1.50
2012.06.07 09:24:23.359,7.61167,7.61291,2.25,1.50
2012.06.07 09:24:23.809,7.61159,7.61283,2.25,1.50
2012.06.07 09:24:25.430,7.61166,7.61292,2.25,1.50
2012.06.07 09:24:28.979,7.61159,7.61283,2.25,1.50
2012.06.07 09:24:29.234,7.61167,7.61291,2.25,1.50
2012.06.07 09:24:31.368,7.61155,7.61281,2.25,1.50
2012.06.07 09:24:31.902,7.61155,7.61281,2.25,1.50
2012.06.07 09:24:37.989,7.61155,7.61281,1.50,1.50
2012.06.07 09:24:38.912,7.61155,7.61281,2.25,1.50
2012.06.07 09:24:40.814,7.61155,7.61281,1.50,1.50
2012.06.07 09:24:40.951,7.61155,7.61281,2.25,1.50
2012.06.07 09:24:41.664,7.61148,7.61271,3.00,1.50
2012.06.07 09:24:50.628,7.61148,7.61271,3.00,2.25
2012.06.07 09:24:51.171,7.61131,7.61257,2.25,1.88
2012.06.07 09:24:52.957,7.61131,7.61257,2.25,1.88
2012.06.07 09:24:54.567,7.61124,7.61248,2.25,1.50
2012.06.07 09:24:54.686,7.61124,7.61248,2.25,1.50
2012.06.07 09:24:56.239,7.61138,7.61248,1.13,1.50
2012.06.07 09:24:57.715,7.61168,7.61248,1.35,1.50
2012.06.07 09:24:57.795,7.61198,7.61287,3.75,1.50
2012.06.07 09:24:58.249,7.61198,7.61317,3.75,1.50
2012.06.07 09:24:58.381,7.61199,7.61325,2.25,1.50
2012.06.07 09:25:00.038,7.61207,7.61329,1.50,1.50
2012.06.07 09:25:00.178,7.61205,7.61329,2.25,1.88
2012.06.07 09:25:00.912,7.61205,7.61329,2.25,1.88
2012.06.07 09:25:09.773,7.61205,7.61329,1.50,1.88
2012.06.07 09:25:09.909,7.61205,7.61329,2.25,1.88
2012.06.07 09:25:10.219,7.61218,7.61327,1.13,1.50
2012.06.07 09:25:11.249,7.61222,7.61327,1.13,1.50
2012.06.07 09:25:11.720,7.61203,7.61327,2.25,1.88
2012.06.07 09:25:12.888,7.6121,7.61336,2.25,2.25
2012.06.07 09:25:13.947,7.6121,7.61336,1.50,2.25
2012.06.07 09:25:14.020,7.61247,7.61336,2.25,2.25
2012.06.07 09:25:14.420,7.61251,7.61375,1.50,2.25
2012.06.07 09:25:14.492,7.61259,7.61385,2.25,1.50
2012.06.07 09:25:15.199,7.6128,7.61385,2.10,1.50
2012.06.07 09:25:15.392,7.61297,7.61408,2.85,1.50
2012.06.07 09:25:15.460,7.61297,7.61408,2.25,1.50
2012.06.07 09:25:15.529,7.61297,7.61417,2.25,1.50
2012.06.07 09:25:15.600,7.61288,7.614,2.25,1.50
2012.06.07 09:25:16.499,7.61288,7.61408,2.25,1.50
2012.06.07 09:25:16.567,7.61298,7.61408,2.25,1.50
2012.06.07 09:25:16.760,7.61298,7.61424,3.75,1.50
2012.06.07 09:25:17.892,7.61318,7.61442,1.50,2.25
2012.06.07 09:25:18.020,7.6127,7.61396,2.25,1.50
2012.06.07 09:25:19.451,7.6127,7.61396,1.50,1.50
2012.06.07 09:25:19.581,7.61287,7.61396,2.25,1.50
2012.06.07 09:25:19.770,7.6127,7.61396,1.50,1.50
2012.06.07 09:25:19.970,7.61278,7.61396,2.25,1.50
2012.06.07 09:25:20.303,7.61277,7.6139,2.25,1.50
2012.06.07 09:25:21.466,7.61258,7.61384,1.50,1.50
2012.06.07 09:25:22.011,7.61258,7.61384,1.88,1.50
2012.06.07 09:25:22.383,7.61249,7.61375,2.25,1.50
2012.06.07 09:25:27.475,7.61259,7.61383,1.88,1.50
2012.06.07 09:25:43.993,7.61268,7.61392,1.50,1.50
2012.06.07 09:26:04.070,7.6127,7.61394,1.50,1.50
2012.06.07 09:26:06.850,7.6127,7.61394,2.25,1.50
2012.06.07 09:26:07.189,7.61288,7.61412,2.25,2.25
2012.06.07 09:26:08.743,7.61288,7.61412,2.25,1.88
2012.06.07 09:26:08.822,7.61288,7.61412,2.25,1.88
2012.06.07 09:26:08.965,7.6131,7.61434,2.25,1.50
2012.06.07 09:26:09.961,7.61348,7.61472,1.50,2.25
2012.06.07 09:26:15.183,7.61358,7.61482,1.50,2.25
2012.06.07 09:26:18.639,7.61345,7.61471,2.25,1.50
2012.06.07 09:26:18.771,7.61356,7.61482,1.50,1.50
2012.06.07 09:26:19.329,7.61387,7.61505,1.50,1.50
2012.06.07 09:26:19.400,7.61387,7.61513,1.50,1.50
2012.06.07 09:26:21.310,7.61399,7.61525,1.50,1.50
2012.06.07 09:26:22.590,7.6141,7.61534,1.50,1.50
2012.06.07 09:26:23.989,7.61401,7.61527,1.50,1.50
2012.06.07 09:26:30.618,7.61405,7.61529,1.50,1.50
2012.06.07 09:26:30.760,7.61395,7.61521,1.50,1.50
2012.06.07 09:27:04.270,7.61381,7.61507,1.50,1.50
2012.06.07 09:27:04.602,7.6136,7.61484,1.50,1.50
2012.06.07 09:27:04.675,7.6136,7.61486,1.50,1.50
2012.06.07 09:27:04.876,7.61372,7.61496,1.50,1.50
2012.06.07 09:27:05.193,7.61361,7.61485,1.50,1.50
2012.06.07 09:27:05.638,7.61381,7.61507,1.50,1.50
2012.06.07 09:27:06.112,7.61372,7.61496,1.50,1.50
2012.06.07 09:27:06.437,7.6136,7.61484,1.50,1.50
2012.06.07 09:27:07.112,7.61372,7.61496,1.50,1.50
2012.06.07 09:27:07.184,7.61381,7.61507,1.50,1.50
2012.06.07 09:27:07.331,7.6136,7.61484,1.50,1.50
2012.06.07 09:27:07.400,7.61371,7.61497,1.50,1.50
2012.06.07 09:27:07.527,7.61388,7.61512,1.50,1.50
2012.06.07 09:27:07.661,7.6136,7.61486,1.50,1.50
2012.06.07 09:27:07.849,7.61381,7.61507,1.50,1.50
2012.06.07 09:27:08.160,7.61371,7.61497,1.50,1.50
2012.06.07 09:27:08.650,7.61381,7.61507,1.50,1.50
2012.06.07 09:27:08.981,7.6137,7.61494,1.50,1.50
2012.06.07 09:27:09.286,7.61381,7.61507,1.50,1.50
2012.06.07 09:27:09.419,7.61359,7.61485,1.50,1.50
2012.06.07 09:27:10.017,7.61381,7.61507,1.50,1.50
2012.06.07 09:27:10.348,7.6136,7.61484,1.50,1.50
2012.06.07 09:27:10.670,7.61382,7.61506,1.50,1.50
2012.06.07 09:27:10.979,7.6136,7.61484,1.50,1.50
2012.06.07 09:27:11.280,7.6137,7.61494,1.50,1.50
2012.06.07 09:27:11.589,7.61343,7.61517,1.50,1.50
2012.06.07 09:27:11.659,7.61367,7.61493,1.50,1.50
2012.06.07 09:27:11.970,7.61361,7.61487,1.50,1.50
2012.06.07 09:27:12.279,7.61341,7.61465,1.50,1.50
2012.06.07 09:27:12.351,7.6136,7.61486,1.50,1.50
2012.06.07 09:27:12.597,7.6134,7.61464,1.50,1.50
2012.06.07 09:27:13.015,7.61355,7.61479,1.50,1.50
2012.06.07 09:27:13.562,7.61332,7.61504,2.25,1.50
2012.06.07 09:27:13.633,7.61341,7.61465,1.50,1.50
2012.06.07 09:27:13.771,7.61355,7.61481,1.50,1.50
2012.06.07 09:27:14.070,7.61354,7.61478,1.50,1.50
2012.06.07 09:27:14.387,7.61356,7.6148,1.50,1.50
2012.06.07 09:27:14.800,7.61341,7.61465,1.50,1.50
2012.06.07 09:27:14.927,7.61353,7.61479,1.50,1.50
2012.06.07 09:27:15.189,7.61339,7.61465,1.50,1.50
2012.06.07 09:27:15.600,7.61356,7.6148,1.50,1.50
2012.06.07 09:27:15.917,7.61341,7.61465,1.50,1.50
2012.06.07 09:27:16.323,7.61354,7.61478,1.50,1.50
2012.06.07 09:27:16.890,7.61341,7.61465,1.50,1.50
2012.06.07 09:27:17.153,7.61344,7.6147,1.50,1.50
2012.06.07 09:27:17.281,7.6136,7.61486,1.50,1.50
2012.06.07 09:27:17.629,7.61344,7.6147,1.50,1.50
2012.06.07 09:27:19.934,7.6136,7.61486,1.50,1.50
2012.06.07 09:27:20.293,7.61345,7.61469,1.50,1.50
2012.06.07 09:27:39.963,7.61349,7.61475,1.50,1.50
2012.06.07 09:28:00.633,7.61344,7.6147,1.50,1.50
2012.06.07 09:28:09.596,7.61356,7.61482,1.50,1.50
2012.06.07 09:28:13.505,7.6136,7.61486,1.50,1.50
2012.06.07 09:28:17.418,7.61372,7.61498,1.50,2.25
2012.06.07 09:28:17.895,7.61359,7.61485,1.50,1.50
2012.06.07 09:28:17.970,7.61372,7.61498,1.50,2.25
2012.06.07 09:28:18.661,7.6136,7.61484,1.50,1.50
2012.06.07 09:28:18.790,7.61373,7.61497,1.50,2.25
2012.06.07 09:28:19.010,7.61359,7.61485,1.50,1.50
2012.06.07 09:28:19.870,7.61372,7.61498,1.50,2.25
2012.06.07 09:28:19.999,7.61359,7.61485,1.50,1.50
2012.06.07 09:28:20.069,7.61372,7.61498,1.50,2.25
2012.06.07 09:28:20.347,7.6136,7.61484,1.50,1.50
2012.06.07 09:28:20.491,7.61373,7.61497,1.50,2.25
2012.06.07 09:28:20.556,7.6136,7.61484,1.50,1.50
2012.06.07 09:28:20.779,7.61372,7.61498,1.50,2.25
2012.06.07 09:28:20.976,7.6136,7.61484,1.50,1.50
2012.06.07 09:28:21.091,7.61372,7.61498,1.50,2.25
2012.06.07 09:28:21.470,7.61359,7.61485,1.50,1.50
2012.06.07 09:28:28.736,7.61368,7.61494,1.50,2.25
2012.06.07 09:28:29.048,7.61377,7.61501,1.50,2.25
2012.06.07 09:28:33.336,7.61377,7.61501,1.50,2.25
2012.06.07 09:28:33.858,7.61377,7.61501,1.50,2.25
2012.06.07 09:28:34.780,7.61366,7.61492,1.50,2.25
2012.06.07 09:28:35.539,7.61366,7.61492,1.50,2.25
2012.06.07 09:28:36.597,7.61366,7.61492,1.50,2.25
2012.06.07 09:28:36.919,7.61366,7.61491,1.50,1.50
2012.06.07 09:28:37.110,7.61347,7.61453,1.50,1.50
2012.06.07 09:28:40.080,7.61334,7.61453,1.50,1.50
2012.06.07 09:28:46.177,7.61334,7.61417,1.50,1.13
2012.06.07 09:28:46.378,7.61153,7.61305,1.35,2.25
2012.06.07 09:28:46.455,7.61153,7.61305,1.35,2.25
2012.06.07 09:28:46.532,7.61141,7.61305,2.25,2.25
2012.06.07 09:28:46.599,7.61141,7.61305,1.50,2.25
2012.06.07 09:28:47.971,7.61161,7.61285,1.50,2.25
2012.06.07 09:28:48.111,7.61138,7.61222,1.50,3.00
2012.06.07 09:28:48.509,7.61104,7.61222,1.50,3.00
2012.06.07 09:28:49.002,7.61129,7.61252,1.50,2.25
2012.06.07 09:28:49.072,7.61129,7.61252,1.50,1.50
2012.06.07 09:28:49.140,7.61129,7.61255,1.50,1.50
2012.06.07 09:28:49.213,7.61163,7.61279,1.50,2.25
2012.06.07 09:28:49.409,7.61173,7.61297,1.50,2.25
2012.06.07 09:28:49.539,7.61173,7.61297,1.50,2.25
2012.06.07 09:28:49.668,7.61173,7.61297,1.50,2.25
2012.06.07 09:28:50.237,7.61178,7.61302,1.50,2.25
2012.06.07 09:28:50.316,7.61187,7.61311,1.50,1.50
2012.06.07 09:28:51.733,7.61144,7.61268,1.50,1.50
2012.06.07 09:28:51.874,7.61145,7.61271,1.50,1.50
2012.06.07 09:28:51.949,7.61153,7.61279,1.50,1.50
2012.06.07 09:28:52.291,7.6115,7.61276,1.50,1.50
2012.06.07 09:28:53.163,7.61133,7.61259,1.50,1.50
2012.06.07 09:28:56.019,7.61118,7.61143,2.25,1.50
2012.06.07 09:28:56.088,7.60978,7.61118,1.61,1.50
2012.06.07 09:28:56.162,7.60952,7.61118,2.25,1.50
2012.06.07 09:28:56.409,7.60918,7.61042,2.25,2.25
2012.06.07 09:28:56.681,7.60876,7.6104,1.50,2.25
2012.06.07 09:29:01.663,7.60904,7.6102,1.50,2.25
2012.06.07 09:29:02.101,7.60928,7.6103,1.50,1.50
2012.06.07 09:29:04.742,7.60928,7.61031,1.50,1.13
2012.06.07 09:29:04.872,7.60937,7.61051,1.50,1.50
2012.06.07 09:29:04.942,7.60937,7.61051,1.50,1.50
2012.06.07 09:29:05.010,7.60965,7.61051,1.50,1.50
2012.06.07 09:29:07.209,7.60956,7.61054,1.50,1.50
2012.06.07 09:29:08.721,7.60956,7.61081,1.50,1.13
2012.06.07 09:29:08.790,7.60947,7.61073,1.88,2.25
2012.06.07 09:29:08.861,7.60973,7.61087,1.50,1.50
2012.06.07 09:29:09.189,7.60957,7.61051,1.50,1.50
2012.06.07 09:29:10.064,7.60967,7.61064,1.50,1.50
2012.06.07 09:29:10.633,7.60956,7.61064,1.50,1.50
2012.06.07 09:29:12.738,7.60966,7.61064,1.50,1.50
2012.06.07 09:29:14.990,7.60958,7.61064,1.50,1.50
2012.06.07 09:29:16.243,7.60958,7.61064,1.50,1.50
2012.06.07 09:29:16.440,7.60947,7.61064,1.50,1.50
2012.06.07 09:29:18.309,7.60955,7.61064,1.50,1.50
2012.06.07 09:29:18.930,7.6096,7.61085,1.50,1.50
2012.06.07 09:29:19.001,7.60945,7.61071,1.50,2.25
2012.06.07 09:29:19.771,7.60938,7.61062,1.50,2.25
2012.06.07 09:29:24.363,7.60938,7.61062,1.50,1.50
2012.06.07 09:29:24.494,7.6095,7.61076,1.50,1.50
2012.06.07 09:29:24.572,7.61013,7.61076,2.10,1.50
2012.06.07 09:29:24.642,7.61027,7.61131,2.85,2.25
2012.06.07 09:29:24.844,7.61048,7.61156,2.25,1.02
2012.06.07 09:29:25.053,7.61068,7.61194,1.50,2.25
2012.06.07 09:29:25.700,7.61069,7.61193,1.50,2.25
2012.06.07 09:29:25.903,7.61069,7.61193,1.50,2.25
2012.06.07 09:29:25.972,7.61055,7.61181,1.50,2.25
2012.06.07 09:29:26.182,7.61055,7.61181,1.50,2.25
2012.06.07 09:29:26.252,7.61055,7.61181,1.50,2.25
2012.06.07 09:29:26.391,7.61063,7.61189,1.50,2.25
2012.06.07 09:29:26.802,7.61078,7.61204,1.50,2.25
2012.06.07 09:29:35.680,7.61059,7.61183,1.50,2.25
2012.06.07 09:29:35.749,7.61077,7.61183,2.25,2.25
2012.06.07 09:29:35.882,7.61087,7.61213,1.50,2.25
2012.06.07 09:29:52.100,7.61088,7.61212,1.50,2.25
2012.06.07 09:29:52.419,7.61077,7.61193,2.25,1.50
2012.06.07 09:29:52.488,7.61087,7.61213,1.50,2.25
2012.06.07 09:30:00.983,7.61087,7.612,1.50,1.50
2012.06.07 09:30:01.122,7.61032,7.61147,2.25,1.50
2012.06.07 09:30:01.632,7.61004,7.61128,2.25,2.25
2012.06.07 09:30:02.193,7.61004,7.61128,2.25,2.25
2012.06.07 09:30:03.255,7.61016,7.61142,2.25,2.25
2012.06.07 09:30:04.383,7.61047,7.61142,1.50,2.25
2012.06.07 09:30:04.452,7.61157,7.61267,2.25,3.75
2012.06.07 09:30:04.520,7.61157,7.61308,2.25,2.25
2012.06.07 09:30:04.593,7.61157,7.61316,2.25,1.05
2012.06.07 09:30:04.726,7.61157,7.61296,2.25,1.02
2012.06.07 09:30:04.803,7.61128,7.61324,2.25,2.25
2012.06.07 09:30:04.931,7.61128,7.61203,2.25,1.68
2012.06.07 09:30:05.004,7.61128,7.6134,2.25,2.25
2012.06.07 09:30:05.130,7.61128,7.61305,2.25,2.25
2012.06.07 09:30:05.636,7.61138,7.61335,2.25,2.25
2012.06.07 09:30:05.714,7.61138,7.61314,3.00,1.13
2012.06.07 09:30:06.271,7.61138,7.61294,3.00,1.13
2012.06.07 09:30:06.894,7.61138,7.61278,3.00,1.50
2012.06.07 09:30:07.903,7.61138,7.61278,3.00,1.50
2012.06.07 09:30:08.959,7.61138,7.61278,3.00,1.50
2012.06.07 09:30:10.491,7.61138,7.61278,3.00,1.50
2012.06.07 09:30:10.562,7.61138,7.61278,3.00,1.50
2012.06.07 09:30:10.630,7.61138,7.61315,2.25,2.25
2012.06.07 09:30:10.831,7.61178,7.61301,2.25,1.50
2012.06.07 09:30:11.282,7.61178,7.61315,2.25,2.25
2012.06.07 09:30:27.680,7.61147,7.61319,2.25,2.25
2012.06.07 09:30:27.881,7.61147,7.6133,2.25,2.25
2012.06.07 09:30:29.773,7.61147,7.61318,2.25,1.50
2012.06.07 09:30:29.982,7.61129,7.61302,1.50,3.00
2012.06.07 09:30:30.110,7.61108,7.61293,1.50,2.25
2012.06.07 09:30:33.462,7.61123,7.61293,1.50,2.25
2012.06.07 09:30:38.702,7.61167,7.61302,2.25,1.50
2012.06.07 09:30:39.021,7.61223,7.61347,1.50,2.25
2012.06.07 09:30:42.518,7.61239,7.61365,1.50,2.25
2012.06.07 09:30:42.770,7.61239,7.61365,1.50,1.50
2012.06.07 09:30:46.582,7.61248,7.61372,1.50,1.50
2012.06.07 09:30:52.311,7.61258,7.61382,1.50,1.50
2012.06.07 09:30:52.711,7.61249,7.61373,1.50,1.50
2012.06.07 09:31:08.838,7.61258,7.61382,1.50,1.50
2012.06.07 09:31:19.624,7.61259,7.61383,1.50,1.50
2012.06.07 09:31:19.691,7.61243,7.61369,1.50,1.50
2012.06.07 09:31:19.940,7.61259,7.61383,1.50,1.50
2012.06.07 09:31:20.070,7.61243,7.61369,1.50,1.50
2012.06.07 09:31:20.320,7.61259,7.61383,1.50,1.50
2012.06.07 09:31:20.390,7.61243,7.61369,1.50,1.50
2012.06.07 09:31:20.520,7.61259,7.61383,1.50,1.50
2012.06.07 09:31:20.871,7.61244,7.61368,1.50,1.50
2012.06.07 09:31:21.120,7.61258,7.61384,1.50,1.50
2012.06.07 09:31:21.291,7.61243,7.61369,1.50,1.50
2012.06.07 09:31:21.800,7.61259,7.61383,1.50,1.50
2012.06.07 09:31:22.320,7.61244,7.61368,1.50,1.50
2012.06.07 09:31:22.388,7.61258,7.61384,1.50,1.50
2012.06.07 09:31:22.618,7.61241,7.61367,1.50,1.50
2012.06.07 09:31:23.169,7.6124,7.61366,1.50,1.50
2012.06.07 09:31:23.783,7.61256,7.6138,1.50,1.50
2012.06.07 09:31:23.859,7.6124,7.61366,1.50,1.50
2012.06.07 09:31:24.050,7.61255,7.61381,1.50,1.50
2012.06.07 09:31:24.479,7.61241,7.61365,1.50,1.50
2012.06.07 09:31:24.741,7.61255,7.61381,1.50,1.50
2012.06.07 09:31:24.809,7.61241,7.61365,1.50,1.50
2012.06.07 09:31:25.126,7.61256,7.6138,1.50,1.50
2012.06.07 09:31:25.519,7.61241,7.61365,1.50,1.50
2012.06.07 09:31:26.074,7.61255,7.61381,1.50,1.50
2012.06.07 09:31:26.144,7.61241,7.61365,1.50,1.50
2012.06.07 09:31:26.328,7.61255,7.61381,1.50,1.50
2012.06.07 09:31:26.469,7.6124,7.61366,1.50,1.50
2012.06.07 09:31:26.800,7.61243,7.61367,1.50,1.50
2012.06.07 09:31:27.319,7.61242,7.61368,1.50,1.50
2012.06.07 09:31:27.628,7.61256,7.61382,1.50,1.50
2012.06.07 09:31:28.018,7.61242,7.61368,1.50,1.50
2012.06.07 09:31:28.987,7.61257,7.61381,1.50,1.50
2012.06.07 09:31:29.399,7.61242,7.61368,1.50,1.50
2012.06.07 09:31:29.590,7.61257,7.61381,1.50,1.50
2012.06.07 09:31:29.785,7.61242,7.61368,1.50,1.50
2012.06.07 09:31:30.229,7.61256,7.61382,1.50,1.50
2012.06.07 09:31:30.750,7.61242,7.61368,1.50,1.50
2012.06.07 09:31:31.059,7.61256,7.61382,1.50,1.50
2012.06.07 09:31:31.459,7.61243,7.61367,1.50,1.50
2012.06.07 09:31:32.011,7.61242,7.61368,1.50,1.50
2012.06.07 09:31:32.396,7.61257,7.61381,1.50,1.50
2012.06.07 09:31:32.850,7.61241,7.61365,1.50,1.50
2012.06.07 09:31:33.041,7.61242,7.61368,1.50,1.50
2012.06.07 09:31:33.241,7.61256,7.6138,1.50,1.50
2012.06.07 09:31:33.312,7.6124,7.61366,1.50,1.50
2012.06.07 09:31:33.621,7.61256,7.6138,1.50,1.50
2012.06.07 09:31:33.690,7.6124,7.61366,1.50,1.50
2012.06.07 09:31:33.888,7.61256,7.6138,1.50,1.50
2012.06.07 09:31:33.960,7.6124,7.61366,1.50,1.50
2012.06.07 09:31:34.179,7.61255,7.61381,1.50,1.50
2012.06.07 09:31:34.482,7.61241,7.61365,1.50,1.50
2012.06.07 09:31:34.880,7.61256,7.6138,1.50,1.50
2012.06.07 09:31:35.210,7.61241,7.61365,1.50,1.50
2012.06.07 09:31:35.594,7.61256,7.6138,1.50,1.50
2012.06.07 09:31:35.664,7.6124,7.61366,1.50,1.50
2012.06.07 09:31:35.859,7.61256,7.6138,1.50,1.50
2012.06.07 09:31:36.271,7.6124,7.61366,1.50,1.50
2012.06.07 09:31:36.459,7.61256,7.6138,1.50,1.50
2012.06.07 09:31:39.056,7.61241,7.61365,1.50,1.50
2012.06.07 09:31:39.380,7.61256,7.6138,1.50,1.50
2012.06.07 09:31:42.778,7.61268,7.61394,1.50,1.50
2012.06.07 09:31:42.849,7.61257,7.61383,1.50,1.50
2012.06.07 09:31:52.092,7.61265,7.61391,1.50,1.50
2012.06.07 09:31:52.413,7.61265,7.61391,1.50,2.25
2012.06.07 09:31:53.000,7.61265,7.61391,1.50,1.50
2012.06.07 09:31:53.071,7.61261,7.61385,1.50,1.50
2012.06.07 09:31:53.320,7.61251,7.61377,1.50,1.50
2012.06.07 09:31:53.449,7.61262,7.61386,1.50,1.50
2012.06.07 09:31:53.579,7.61251,7.61377,1.50,1.50
2012.06.07 09:31:53.790,7.61262,7.61386,1.50,1.50
2012.06.07 09:31:54.264,7.61253,7.61377,1.50,1.50
2012.06.07 09:32:01.975,7.61253,7.61377,2.25,1.50
2012.06.07 09:32:02.502,7.61337,7.61463,1.50,2.25
2012.06.07 09:32:10.114,7.6133,7.61454,1.50,1.88
2012.06.07 09:32:12.518,7.61339,7.61463,1.50,2.25
2012.06.07 09:32:32.145,7.61345,7.61469,1.50,2.25
2012.06.07 09:32:52.187,7.61349,7.61473,1.50,2.25
2012.06.07 09:33:06.160,7.61349,7.61473,1.50,2.25
2012.06.07 09:33:06.234,7.61358,7.61482,1.50,2.25
2012.06.07 09:33:06.540,7.61358,7.61482,1.50,2.25
2012.06.07 09:33:10.870,7.61358,7.61482,2.25,2.25
2012.06.07 09:33:12.723,7.61359,7.61483,2.25,2.25
2012.06.07 09:33:12.792,7.61359,7.61483,1.50,2.25
2012.06.07 09:33:19.090,7.61359,7.61483,1.50,2.25
2012.06.07 09:33:31.242,7.61348,7.61474,1.50,2.25
2012.06.07 09:33:34.693,7.61348,7.61474,2.25,2.25
2012.06.07 09:33:43.217,7.61347,7.61473,2.25,2.25
2012.06.07 09:33:43.953,7.61347,7.61473,2.25,2.25
2012.06.07 09:33:55.649,7.61356,7.61482,2.25,2.25
2012.06.07 09:33:58.026,7.61348,7.61474,2.25,2.25
2012.06.07 09:33:59.705,7.61348,7.61474,2.25,2.25
2012.06.07 09:34:02.632,7.61348,7.61474,2.25,2.25
2012.06.07 09:34:04.871,7.61348,7.61474,2.25,2.25
2012.06.07 09:34:12.626,7.61349,7.61473,2.25,2.25
2012.06.07 09:34:14.906,7.61349,7.61473,2.25,2.25
2012.06.07 09:34:14.974,7.61349,7.61473,2.25,2.25
2012.06.07 09:34:15.232,7.61349,7.61473,2.25,2.25
2012.06.07 09:34:16.925,7.61349,7.61473,2.25,2.25
2012.06.07 09:34:24.571,7.61349,7.61473,2.25,2.25
2012.06.07 09:34:27.702,7.61349,7.61473,2.25,2.25
2012.06.07 09:34:27.930,7.61349,7.61473,2.25,2.25
2012.06.07 09:34:29.421,7.61349,7.61473,2.25,2.25
2012.06.07 09:34:32.432,7.61349,7.61473,2.25,2.25
2012.06.07 09:34:32.659,7.61349,7.61473,2.25,2.25
2012.06.07 09:34:35.008,7.61349,7.61473,2.25,2.25
2012.06.07 09:34:41.654,7.61349,7.61473,1.50,2.25
2012.06.07 09:34:42.641,7.61349,7.61473,2.25,2.25
2012.06.07 09:35:37.384,7.61351,7.61477,1.50,2.25
2012.06.07 09:35:38.134,7.61351,7.61477,2.25,2.25
2012.06.07 09:35:39.951,7.61351,7.61477,1.50,2.25
2012.06.07 09:35:42.708,7.61351,7.61477,2.25,2.25
2012.06.07 09:35:44.894,7.61351,7.61477,1.50,2.25
2012.06.07 09:35:46.230,7.61351,7.61477,2.25,2.25
2012.06.07 09:35:46.306,7.6136,7.61486,1.50,2.25
2012.06.07 09:35:46.382,7.6136,7.61486,1.50,2.25
2012.06.07 09:35:46.690,7.61347,7.61471,2.25,2.25
2012.06.07 09:36:01.119,7.61353,7.61477,1.50,2.25
2012.06.07 09:36:01.388,7.61353,7.61477,2.25,2.25
2012.06.07 09:36:06.451,7.61353,7.61477,1.50,2.25
2012.06.07 09:36:16.029,7.61349,7.61475,1.50,2.25
2012.06.07 09:36:16.440,7.6134,7.61466,2.25,2.25
2012.06.07 09:36:16.554,7.6135,7.61476,1.50,2.25
2012.06.07 09:36:16.934,7.6135,7.61476,2.25,2.25
2012.06.07 09:36:35.073,7.6135,7.61476,2.25,2.25
2012.06.07 09:36:35.715,7.6135,7.61476,2.25,2.25
2012.06.07 09:36:51.114,7.6135,7.61474,2.25,2.25
2012.06.07 09:36:54.882,7.6135,7.61474,2.25,2.25
2012.06.07 09:36:55.178,7.6135,7.61474,2.25,2.25
2012.06.07 09:36:55.615,7.6135,7.61474,2.25,2.25
2012.06.07 09:36:58.194,7.6135,7.61476,2.25,2.25
2012.06.07 09:37:08.404,7.6135,7.61476,2.25,2.25
2012.06.07 09:37:14.903,7.6135,7.61476,2.25,2.25
2012.06.07 09:37:15.171,7.6135,7.61476,2.25,2.25
2012.06.07 09:37:15.241,7.6135,7.61476,2.25,2.25
2012.06.07 09:37:16.302,7.6135,7.61476,2.25,2.25
2012.06.07 09:37:19.016,7.61345,7.61469,2.25,2.25
2012.06.07 09:37:24.889,7.61345,7.61469,2.25,2.25
2012.06.07 09:37:25.961,7.61345,7.61469,2.25,2.25
2012.06.07 09:37:33.021,7.61345,7.61469,2.25,2.25
2012.06.07 09:37:38.665,7.6135,7.61474,2.25,2.25
2012.06.07 09:37:43.641,7.6135,7.61474,2.25,2.25
2012.06.07 09:37:51.831,7.6135,7.61474,2.25,2.25
2012.06.07 09:37:52.240,7.6135,7.61474,2.25,2.25
2012.06.07 09:37:52.900,7.6135,7.61474,2.25,2.25
2012.06.07 09:37:53.923,7.6135,7.61474,2.25,2.25
2012.06.07 09:37:59.243,7.61353,7.61479,2.25,2.25
2012.06.07 09:38:02.952,7.61353,7.61479,2.25,2.25
2012.06.07 09:38:03.090,7.61353,7.61479,2.25,2.25
2012.06.07 09:38:03.223,7.61353,7.61479,2.25,2.25
2012.06.07 09:38:03.472,7.61353,7.61479,2.25,2.25
2012.06.07 09:38:03.781,7.61353,7.61479,2.25,2.25
2012.06.07 09:38:07.682,7.61353,7.61479,2.25,2.25
2012.06.07 09:38:07.910,7.61353,7.61479,2.25,2.25
2012.06.07 09:38:08.891,7.61353,7.61479,2.25,2.25
2012.06.07 09:38:12.256,7.61353,7.61479,2.25,2.25
2012.06.07 09:38:13.025,7.61353,7.61479,2.25,2.25
2012.06.07 09:38:13.297,7.61353,7.61479,2.25,2.25
2012.06.07 09:38:16.233,7.61353,7.61479,2.25,2.25
2012.06.07 09:38:16.641,7.61353,7.61479,2.25,2.25
2012.06.07 09:38:20.901,7.61356,7.61482,2.25,2.25
2012.06.07 09:38:34.910,7.61346,7.61472,2.25,2.25
2012.06.07 09:38:37.106,7.61346,7.61472,2.25,2.25
2012.06.07 09:38:38.031,7.61346,7.61472,2.25,2.25
2012.06.07 09:38:38.206,7.61346,7.61472,2.25,2.25
2012.06.07 09:38:39.800,7.61346,7.61472,2.25,2.25
2012.06.07 09:38:44.942,7.61348,7.61472,2.25,2.10
2012.06.07 09:38:45.015,7.61335,7.61459,1.50,1.50
2012.06.07 09:38:45.142,7.61335,7.61432,1.50,2.25
2012.06.07 09:38:45.213,7.61286,7.61392,1.50,1.50
2012.06.07 09:38:45.283,7.61268,7.61392,2.25,1.50
2012.06.07 09:38:45.483,7.61277,7.61401,2.25,1.50
2012.06.07 09:38:45.804,7.61267,7.61393,2.25,1.50
2012.06.07 09:38:46.201,7.61276,7.61402,2.25,1.50
2012.06.07 09:38:46.405,7.61276,7.61402,2.25,1.50
2012.06.07 09:38:47.971,7.61267,7.61393,2.25,1.50
2012.06.07 09:38:48.100,7.61276,7.61402,2.25,1.50
2012.06.07 09:38:48.349,7.61267,7.61393,2.25,1.50
2012.06.07 09:38:48.421,7.61276,7.61402,2.25,1.50
2012.06.07 09:38:48.611,7.61268,7.61392,2.25,1.50
2012.06.07 09:38:48.739,7.61276,7.61402,2.25,1.50
2012.06.07 09:38:49.020,7.61268,7.61392,2.25,1.50
2012.06.07 09:38:49.271,7.61276,7.61402,2.25,1.50
2012.06.07 09:38:49.641,7.61267,7.61393,2.25,1.50
2012.06.07 09:38:49.711,7.61277,7.61401,2.25,1.50
2012.06.07 09:38:50.913,7.61267,7.61393,2.25,1.50
2012.06.07 09:38:51.481,7.61277,7.61401,2.25,1.50
2012.06.07 09:38:51.610,7.61266,7.61387,1.50,1.50
2012.06.07 09:38:51.682,7.61271,7.61395,2.25,1.50
2012.06.07 09:38:57.463,7.61271,7.61395,1.50,1.50
2012.06.07 09:38:58.439,7.6127,7.61394,1.50,1.50
2012.06.07 09:39:00.683,7.6126,7.61386,1.50,1.50
2012.06.07 09:39:01.370,7.61277,7.61401,1.50,1.50
2012.06.07 09:39:01.740,7.61267,7.61393,1.50,1.50
2012.06.07 09:39:01.809,7.61277,7.61401,1.50,1.50
2012.06.07 09:39:03.230,7.61267,7.61393,1.50,1.50
2012.06.07 09:39:03.561,7.61277,7.61401,1.50,1.50
2012.06.07 09:39:03.690,7.61267,7.61393,1.50,1.50
2012.06.07 09:39:03.930,7.61277,7.61401,1.50,1.50
2012.06.07 09:39:04.001,7.61267,7.61393,1.50,1.50
2012.06.07 09:39:04.072,7.61276,7.61402,1.50,1.50
2012.06.07 09:39:04.691,7.61267,7.61393,1.50,1.50
2012.06.07 09:39:05.300,7.61268,7.61392,1.50,1.50
2012.06.07 09:39:05.610,7.61277,7.61401,1.50,1.50
2012.06.07 09:39:05.681,7.61267,7.61393,1.50,1.50
2012.06.07 09:39:05.814,7.61276,7.61402,1.50,1.50
2012.06.07 09:39:06.361,7.61267,7.61393,1.50,1.50
2012.06.07 09:39:06.737,7.61276,7.61402,1.50,1.50
2012.06.07 09:39:07.061,7.61267,7.61393,1.50,1.50
2012.06.07 09:39:07.725,7.61268,7.61392,1.50,1.50
2012.06.07 09:39:14.980,7.61273,7.61399,1.50,1.50
2012.06.07 09:39:15.222,7.6126,7.61386,1.50,1.50
2012.06.07 09:39:15.540,7.61269,7.61395,1.50,1.50
2012.06.07 09:39:26.963,7.6126,7.61384,1.50,1.50
2012.06.07 09:39:27.290,7.6127,7.61394,1.50,1.50
2012.06.07 09:39:38.801,7.61279,7.61403,1.50,1.50
2012.06.07 09:39:41.102,7.61278,7.61404,1.50,1.50
2012.06.07 09:39:45.071,7.61264,7.6139,1.50,1.50
2012.06.07 09:39:45.431,7.61276,7.61402,1.50,1.50
2012.06.07 09:39:45.875,7.61262,7.61386,1.50,1.50
2012.06.07 09:40:05.486,7.61266,7.61392,1.50,1.50
2012.06.07 09:40:08.083,7.61257,7.61383,1.50,1.50
2012.06.07 09:40:08.422,7.61268,7.61392,1.50,1.50
2012.06.07 09:40:11.072,7.61266,7.61392,1.50,1.50
2012.06.07 09:40:11.667,7.61267,7.61391,1.50,1.50
2012.06.07 09:40:12.159,7.61258,7.61384,1.50,1.50
2012.06.07 09:40:12.733,7.61259,7.61383,1.50,1.50
2012.06.07 09:40:12.806,7.61266,7.61392,1.50,1.50
2012.06.07 09:40:14.059,7.61258,7.61384,1.50,1.50
2012.06.07 09:40:14.371,7.61267,7.61391,1.50,1.50
2012.06.07 09:40:14.498,7.61258,7.61384,1.50,1.50
2012.06.07 09:40:14.700,7.61267,7.61391,1.50,1.50
2012.06.07 09:40:15.129,7.61258,7.61382,1.50,1.50
2012.06.07 09:40:15.480,7.61258,7.61384,1.50,1.50
2012.06.07 09:40:26.163,7.61258,7.61407,3.00,1.50
2012.06.07 09:40:26.372,7.61367,7.61432,1.50,2.25
2012.06.07 09:40:26.443,7.61377,7.61521,1.50,2.25
2012.06.07 09:40:26.840,7.61437,7.61548,3.00,2.25
2012.06.07 09:40:26.916,7.61438,7.61578,1.50,1.50
2012.06.07 09:40:26.983,7.61471,7.61605,1.50,1.50
2012.06.07 09:40:27.054,7.61448,7.61582,1.50,1.50
2012.06.07 09:40:27.122,7.61437,7.61582,1.13,1.50
2012.06.07 09:40:27.191,7.61474,7.61582,1.50,1.50
2012.06.07 09:40:27.325,7.61474,7.61593,1.50,1.50
2012.06.07 09:40:27.393,7.61522,7.61648,1.50,1.50
2012.06.07 09:40:33.731,7.61544,7.6167,1.50,2.25
2012.06.07 09:40:35.227,7.61513,7.61639,2.25,1.50
2012.06.07 09:40:36.234,7.61513,7.61639,1.88,1.50
2012.06.07 09:40:51.592,7.61532,7.61658,1.50,2.25
2012.06.07 09:40:56.261,7.61525,7.61649,1.50,1.88
2012.06.07 09:40:56.662,7.61533,7.61657,1.50,2.25
2012.06.07 09:41:16.623,7.61532,7.61656,1.50,2.25
2012.06.07 09:41:36.912,7.61527,7.61651,1.50,1.88
2012.06.07 09:41:38.939,7.61527,7.61651,1.50,1.88
2012.06.07 09:41:57.195,7.61531,7.61657,1.50,2.25
2012.06.07 09:42:02.920,7.61531,7.61657,1.50,2.25
2012.06.07 09:42:02.996,7.61522,7.61648,1.50,2.25
2012.06.07 09:42:03.381,7.61522,7.61645,1.50,1.50
2012.06.07 09:42:03.458,7.61514,7.61638,1.50,2.25
2012.06.07 09:42:23.404,7.61511,7.61635,1.50,2.25
2012.06.07 09:42:43.021,7.61489,7.61615,1.50,1.88
2012.06.07 09:42:43.100,7.6151,7.61634,1.50,2.25
2012.06.07 09:43:03.197,7.61512,7.61638,1.50,2.25
2012.06.07 09:43:05.978,7.61531,7.61657,1.50,2.25
2012.06.07 09:43:09.605,7.61527,7.61651,1.88,1.50
2012.06.07 09:43:09.747,7.61535,7.61659,1.50,1.50
2012.06.07 09:43:09.882,7.61558,7.61684,1.50,3.75
2012.06.07 09:43:10.757,7.6155,7.61674,1.50,2.25
2012.06.07 09:43:10.833,7.6155,7.61674,1.50,2.25
2012.06.07 09:43:11.997,7.6155,7.61674,1.50,2.25
2012.06.07 09:43:12.527,7.6154,7.61666,1.50,2.25
2012.06.07 09:43:12.669,7.6153,7.61656,1.50,2.25
2012.06.07 09:43:30.440,7.6154,7.61664,1.50,3.00
2012.06.07 09:43:39.002,7.6153,7.61654,1.50,2.25
2012.06.07 09:43:39.324,7.61538,7.61664,1.50,3.00
2012.06.07 09:43:52.101,7.61529,7.61655,1.50,2.25
2012.06.07 09:43:56.561,7.61538,7.61663,1.50,1.50
2012.06.07 09:44:03.433,7.61514,7.61571,1.50,1.50
2012.06.07 09:44:03.505,7.61467,7.61571,3.00,2.25
2012.06.07 09:44:03.702,7.61447,7.61557,2.25,1.50
2012.06.07 09:44:03.846,7.61421,7.61547,1.50,2.25
2012.06.07 09:44:03.913,7.61421,7.61547,1.50,1.88
2012.06.07 09:44:04.227,7.61436,7.61562,1.50,2.25
2012.06.07 09:44:04.564,7.61403,7.61527,2.25,2.25
2012.06.07 09:44:05.433,7.61414,7.6154,1.50,2.25
2012.06.07 09:44:06.047,7.61414,7.6154,2.25,2.25
2012.06.07 09:44:06.364,7.61472,7.61596,1.50,2.25
2012.06.07 09:44:06.432,7.61472,7.61596,1.50,1.50
2012.06.07 09:44:06.947,7.61472,7.61596,1.50,1.88
2012.06.07 09:44:07.214,7.61472,7.61596,1.50,1.50
2012.06.07 09:44:07.711,7.61482,7.616,1.50,1.13
2012.06.07 09:44:17.367,7.61474,7.616,1.50,1.88
2012.06.07 09:44:19.814,7.61484,7.61608,1.50,2.25
2012.06.07 09:44:19.942,7.61484,7.61608,1.50,1.88
2012.06.07 09:44:21.864,7.61498,7.61622,1.50,2.25
2012.06.07 09:44:26.065,7.61498,7.61622,1.50,2.25
2012.06.07 09:44:26.956,7.61498,7.61622,1.50,2.25
2012.06.07 09:44:27.944,7.61498,7.61622,2.25,1.50
2012.06.07 09:44:28.403,7.61491,7.61617,2.25,1.50
2012.06.07 09:44:28.482,7.61505,7.61631,2.25,1.50
2012.06.07 09:44:28.713,7.61522,7.61646,1.50,1.88
2012.06.07 09:44:31.165,7.61522,7.61646,2.25,1.88
2012.06.07 09:44:31.901,7.61522,7.61646,2.25,1.88
2012.06.07 09:44:33.985,7.61512,7.61638,2.25,1.50
2012.06.07 09:44:34.787,7.61521,7.61647,2.25,1.88
2012.06.07 09:44:37.688,7.61521,7.61647,1.50,1.88
2012.06.07 09:44:39.705,7.61521,7.61647,1.50,2.25
2012.06.07 09:44:39.904,7.61521,7.61647,1.50,1.88
2012.06.07 09:44:39.973,7.61521,7.61647,2.25,1.88
2012.06.07 09:44:42.033,7.61521,7.61647,2.25,1.88
2012.06.07 09:44:42.474,7.61521,7.61647,1.50,1.88
2012.06.07 09:44:42.814,7.61511,7.61637,2.25,1.50
2012.06.07 09:44:43.632,7.61511,7.61637,2.25,1.50
2012.06.07 09:44:43.765,7.61511,7.61637,2.25,1.50
2012.06.07 09:44:44.635,7.61511,7.61637,2.25,1.50
2012.06.07 09:44:45.148,7.6152,7.61646,2.25,1.88
2012.06.07 09:44:51.557,7.6152,7.61646,2.25,1.88
2012.06.07 09:44:51.892,7.61513,7.61637,2.25,1.50
2012.06.07 09:44:51.965,7.61513,7.61637,2.25,1.50
2012.06.07 09:44:54.670,7.61513,7.61637,2.25,1.50
2012.06.07 09:44:56.418,7.61524,7.61648,2.25,1.88
2012.06.07 09:44:56.702,7.61524,7.61648,2.25,1.88
2012.06.07 09:44:58.145,7.61511,7.61637,2.25,1.50
2012.06.07 09:44:58.321,7.61522,7.61646,2.25,1.88
2012.06.07 09:44:59.389,7.61522,7.61646,1.50,1.88
2012.06.07 09:44:59.463,7.61513,7.61637,1.50,2.25
2012.06.07 09:44:59.843,7.61513,7.61637,2.25,2.25
2012.06.07 09:45:00.976,7.61513,7.61637,2.25,2.25
2012.06.07 09:45:01.757,7.61513,7.61637,1.50,2.25
2012.06.07 09:45:04.956,7.61513,7.61637,2.25,2.25
2012.06.07 09:45:06.693,7.61513,7.61637,1.50,2.25
2012.06.07 09:45:14.777,7.61513,7.61637,2.25,2.25
2012.06.07 09:45:16.367,7.61521,7.61645,1.50,2.25
2012.06.07 09:45:23.147,7.61512,7.61636,1.50,2.25
2012.06.07 09:45:26.913,7.61503,7.61627,1.50,1.50
2012.06.07 09:45:46.801,7.61508,7.61634,1.50,3.00
2012.06.07 09:46:03.644,7.61508,7.61634,2.25,2.25
2012.06.07 09:46:03.971,7.61508,7.61634,2.25,2.25
2012.06.07 09:46:04.233,7.61508,7.61634,1.50,2.25
2012.06.07 09:46:05.837,7.61508,7.61634,2.25,2.25
2012.06.07 09:46:06.427,7.61518,7.61642,1.50,2.25
2012.06.07 09:46:06.764,7.61532,7.61642,2.25,1.50
2012.06.07 09:46:07.035,7.61557,7.61681,1.50,1.50
2012.06.07 09:46:07.104,7.61565,7.61691,1.50,2.25
2012.06.07 09:46:07.715,7.61565,7.61691,1.58,2.25
2012.06.07 09:46:08.074,7.61565,7.61691,1.65,2.25
2012.06.07 09:46:09.816,7.61573,7.61699,2.40,2.25
2012.06.07 09:46:13.880,7.61579,7.61705,1.65,2.25
2012.06.07 09:46:16.633,7.61588,7.61712,1.58,2.25
2012.06.07 09:46:19.696,7.6158,7.61704,1.65,2.25
2012.06.07 09:46:27.084,7.61578,7.61702,2.40,2.25
2012.06.07 09:46:28.693,7.61578,7.61672,1.50,3.00
2012.06.07 09:46:28.766,7.61575,7.61672,1.50,3.00
2012.06.07 09:46:29.155,7.61544,7.61668,1.50,2.25
2012.06.07 09:46:29.650,7.61544,7.61668,1.50,2.25
2012.06.07 09:46:34.055,7.61535,7.61661,1.50,2.25
2012.06.07 09:46:34.304,7.61543,7.61669,1.50,2.25
2012.06.07 09:46:38.708,7.61543,7.61669,1.50,2.25
2012.06.07 09:46:43.589,7.61529,7.61655,1.50,2.25
2012.06.07 09:46:44.065,7.61539,7.61665,1.50,2.25
2012.06.07 09:46:44.141,7.61555,7.61679,1.50,2.25
2012.06.07 09:46:49.688,7.61555,7.61679,2.25,2.25
2012.06.07 09:46:52.253,7.61555,7.61679,1.50,2.25
2012.06.07 09:46:53.520,7.61555,7.61679,2.25,2.25
2012.06.07 09:46:54.666,7.61555,7.61679,2.25,2.25
2012.06.07 09:46:56.743,7.61555,7.61679,2.25,2.25
2012.06.07 09:47:03.560,7.61547,7.61671,1.50,2.25
2012.06.07 09:47:05.107,7.61547,7.61671,2.25,1.50
2012.06.07 09:47:05.429,7.61579,7.61705,1.50,2.25
2012.06.07 09:47:09.746,7.61588,7.61714,1.50,2.25
2012.06.07 09:47:11.282,7.61599,7.61723,1.50,2.25
2012.06.07 09:47:11.825,7.61584,7.6171,1.50,2.25
2012.06.07 09:47:14.658,7.61584,7.6171,2.25,2.25
2012.06.07 09:47:14.975,7.61594,7.6172,1.50,2.25
2012.06.07 09:47:17.232,7.61582,7.61706,1.50,2.25
2012.06.07 09:47:19.698,7.6159,7.61714,1.50,2.25
2012.06.07 09:47:20.189,7.61599,7.61723,1.50,2.25
2012.06.07 09:47:21.978,7.61591,7.61715,1.50,2.25
2012.06.07 09:47:22.117,7.61583,7.61707,1.50,2.25
2012.06.07 09:47:22.963,7.61591,7.61715,1.50,2.25
2012.06.07 09:47:24.619,7.61591,7.61715,1.58,2.25
2012.06.07 09:47:24.970,7.61598,7.61724,1.65,2.25
2012.06.07 09:47:38.409,7.61601,7.61725,1.65,2.25
2012.06.07 09:47:43.836,7.61593,7.61717,1.50,2.25
2012.06.07 09:47:44.958,7.61604,7.61728,1.50,2.25
2012.06.07 09:47:45.857,7.61604,7.61728,1.58,2.25
2012.06.07 09:47:51.806,7.61588,7.61692,1.58,2.25
2012.06.07 09:47:52.186,7.61557,7.61681,2.03,1.50
2012.06.07 09:47:52.679,7.61557,7.61681,1.65,2.25
2012.06.07 09:47:55.627,7.61557,7.61651,1.58,1.50
2012.06.07 09:47:55.758,7.61546,7.61651,1.50,1.50
2012.06.07 09:47:55.888,7.61519,7.61645,1.50,2.25
2012.06.07 09:47:55.959,7.6151,7.61625,1.13,1.50
2012.06.07 09:47:56.028,7.61538,7.61648,1.50,1.88
2012.06.07 09:47:56.792,7.61538,7.61661,1.58,1.50
2012.06.07 09:47:57.466,7.61516,7.61642,1.65,2.25
2012.06.07 09:48:00.395,7.61516,7.61642,1.58,2.25
2012.06.07 09:48:00.542,7.61502,7.61622,2.25,1.50
2012.06.07 09:48:00.618,7.6148,7.61602,1.13,1.50
2012.06.07 09:48:01.011,7.61476,7.61602,2.25,2.25
2012.06.07 09:48:01.858,7.61476,7.61602,2.25,2.25
2012.06.07 09:48:03.929,7.61476,7.61602,2.25,2.25
2012.06.07 09:48:04.640,7.61476,7.61602,2.25,2.25
2012.06.07 09:48:04.970,7.61476,7.61602,2.25,2.25
2012.06.07 09:48:05.914,7.61476,7.61602,2.25,2.25
2012.06.07 09:48:06.177,7.61476,7.61602,2.25,2.25
2012.06.07 09:48:16.689,7.61476,7.61602,1.50,2.25
2012.06.07 09:48:19.658,7.61476,7.61602,2.25,2.25
2012.06.07 09:48:22.016,7.61469,7.61595,1.50,2.25
2012.06.07 09:48:24.716,7.61469,7.61595,2.25,2.25
2012.06.07 09:48:26.649,7.61469,7.61595,1.50,2.25
2012.06.07 09:48:29.668,7.61469,7.61595,2.25,2.25
2012.06.07 09:48:31.646,7.61469,7.61595,1.50,2.25
2012.06.07 09:48:34.922,7.61469,7.61595,2.25,2.25
2012.06.07 09:48:36.736,7.61469,7.61595,1.50,2.25
2012.06.07 09:48:39.676,7.61469,7.61595,2.25,2.25
2012.06.07 09:48:40.693,7.61469,7.61595,1.50,2.25
2012.06.07 09:48:42.076,7.61465,7.61589,2.25,2.25
2012.06.07 09:48:49.895,7.61465,7.61589,2.25,2.25
2012.06.07 09:48:52.240,7.61457,7.61583,2.25,1.88
2012.06.07 09:48:52.877,7.61466,7.61592,1.50,2.25
2012.06.07 09:48:53.434,7.61466,7.61592,2.25,2.25
2012.06.07 09:48:54.916,7.61466,7.61592,2.25,2.25
2012.06.07 09:48:55.937,7.61466,7.61592,2.25,2.25
2012.06.07 09:48:58.862,7.61466,7.61592,1.50,2.25
2012.06.07 09:48:59.680,7.61466,7.61592,2.25,2.25
2012.06.07 09:49:01.992,7.61466,7.61592,1.50,2.25
2012.06.07 09:49:04.785,7.61466,7.61592,2.25,2.25
2012.06.07 09:49:06.936,7.61466,7.61592,1.50,2.25
2012.06.07 09:49:09.688,7.61466,7.61592,2.25,2.25
2012.06.07 09:49:11.666,7.61466,7.61592,1.50,2.25
2012.06.07 09:49:14.845,7.61466,7.61592,2.25,2.25
2012.06.07 09:49:16.680,7.61466,7.61592,1.50,2.25
2012.06.07 09:49:19.698,7.61466,7.61592,2.25,2.25
2012.06.07 09:49:21.677,7.61466,7.61592,1.50,2.25
2012.06.07 09:49:22.214,7.61466,7.61592,1.50,2.25
2012.06.07 09:49:24.365,7.61466,7.61592,2.25,2.25
2012.06.07 09:49:24.438,7.61547,7.61616,2.25,1.50
2012.06.07 09:49:24.511,7.61547,7.61623,2.25,3.00
2012.06.07 09:49:24.577,7.61547,7.61671,1.50,2.25
2012.06.07 09:49:24.710,7.61573,7.61653,1.50,1.50
2012.06.07 09:49:24.780,7.61548,7.61654,1.50,2.25
2012.06.07 09:49:24.849,7.61528,7.61654,1.50,2.25
2012.06.07 09:49:24.919,7.61496,7.6162,1.50,1.88
2012.06.07 09:49:35.237,7.61496,7.6162,1.50,2.25
2012.06.07 09:49:38.069,7.61487,7.61613,1.50,1.88
2012.06.07 09:49:44.155,7.61487,7.61613,2.25,1.50
2012.06.07 09:49:44.288,7.61497,7.61621,1.50,1.50
2012.06.07 09:49:50.163,7.61497,7.61621,2.25,1.50
2012.06.07 09:49:52.430,7.61497,7.61621,1.50,1.50
2012.06.07 09:49:54.636,7.61512,7.61636,1.50,2.25
2012.06.07 09:50:05.716,7.61512,7.61636,1.50,1.88
2012.06.07 09:50:10.246,7.6152,7.61644,1.50,2.25
2012.06.07 09:50:12.459,7.61511,7.61637,1.50,1.88
2012.06.07 09:50:15.209,7.61519,7.61645,1.50,2.25
2012.06.07 09:50:18.167,7.61519,7.61645,1.50,2.25
2012.06.07 09:50:20.728,7.61519,7.61645,1.50,2.25
2012.06.07 09:50:35.084,7.6152,7.61646,1.50,2.25
2012.06.07 09:50:39.269,7.61531,7.61655,1.50,2.25
2012.06.07 09:50:59.317,7.6153,7.61654,1.50,2.25
2012.06.07 09:51:04.537,7.61522,7.61646,1.50,2.25
2012.06.07 09:51:04.726,7.61522,7.61646,1.50,2.25
2012.06.07 09:51:06.571,7.61522,7.61646,1.50,2.25
2012.06.07 09:51:10.230,7.61522,7.61646,1.50,2.25
2012.06.07 09:51:14.915,7.61522,7.61646,1.50,2.25
2012.06.07 09:51:26.385,7.61529,7.61655,1.50,2.25
2012.06.07 09:51:27.160,7.61522,7.61646,1.50,2.25
2012.06.07 09:51:30.251,7.61522,7.61646,2.25,2.25
2012.06.07 09:51:31.682,7.61522,7.61646,1.50,2.25
2012.06.07 09:51:32.648,7.61522,7.61646,1.50,2.25
2012.06.07 09:51:34.995,7.61522,7.61646,1.50,2.25
2012.06.07 09:51:35.074,7.61522,7.61646,1.50,2.25
2012.06.07 09:51:35.148,7.61531,7.61655,1.50,2.25
2012.06.07 09:51:38.487,7.61531,7.61655,1.50,2.25
2012.06.07 09:51:39.103,7.61521,7.61645,1.50,2.25
2012.06.07 09:51:39.957,7.61521,7.61645,1.50,2.25
2012.06.07 09:51:44.207,7.61521,7.61645,1.50,2.25
2012.06.07 09:51:45.080,7.61521,7.61645,1.50,2.25
2012.06.07 09:51:50.902,7.61521,7.61645,2.25,2.25
2012.06.07 09:51:51.897,7.61521,7.61645,1.50,2.25
2012.06.07 09:51:54.678,7.61521,7.61645,2.25,2.25
2012.06.07 09:51:56.842,7.61521,7.61645,1.50,2.25
2012.06.07 09:51:58.673,7.61523,7.61647,1.50,2.25
2012.06.07 09:51:59.669,7.61523,7.61647,2.25,2.25
2012.06.07 09:52:02.429,7.61523,7.61647,2.25,2.25
2012.06.07 09:52:02.863,7.61523,7.61647,2.25,2.25
2012.06.07 09:52:04.659,7.61523,7.61647,2.25,2.25
2012.06.07 09:52:05.482,7.61548,7.61647,1.50,2.25
2012.06.07 09:52:09.058,7.61548,7.61647,1.50,2.25
2012.06.07 09:52:11.858,7.61528,7.61647,1.50,2.25
2012.06.07 09:52:12.408,7.61528,7.61647,1.50,2.25
2012.06.07 09:52:12.925,7.61528,7.61647,1.50,2.25
2012.06.07 09:52:13.230,7.61528,7.61647,1.50,2.25
2012.06.07 09:52:18.507,7.61528,7.61649,1.50,2.25
2012.06.07 09:52:21.855,7.61528,7.61649,1.50,2.25
2012.06.07 09:52:26.091,7.61523,7.61649,2.25,2.25
2012.06.07 09:52:26.158,7.61523,7.61649,2.25,2.25
2012.06.07 09:52:26.899,7.61523,7.61649,1.50,2.25
2012.06.07 09:52:28.469,7.61523,7.61649,2.25,2.25
2012.06.07 09:52:28.963,7.61523,7.61649,1.50,2.25
2012.06.07 09:52:29.647,7.61523,7.61649,2.25,2.25
2012.06.07 09:52:36.861,7.61523,7.61649,1.50,2.25
2012.06.07 09:52:38.308,7.6152,7.61644,1.50,2.25
2012.06.07 09:52:40.077,7.61527,7.61653,1.50,2.25
2012.06.07 09:52:42.186,7.61519,7.61645,1.50,2.25
2012.06.07 09:52:44.288,7.61519,7.61645,1.50,2.25
2012.06.07 09:52:44.420,7.61512,7.61636,1.50,1.50
2012.06.07 09:52:44.648,7.6152,7.61644,1.50,2.25
2012.06.07 09:52:48.567,7.6151,7.61634,1.50,1.50
2012.06.07 09:52:50.405,7.61521,7.61647,1.50,2.25
2012.06.07 09:52:52.981,7.61512,7.61638,1.50,1.88
2012.06.07 09:52:54.767,7.61512,7.61638,2.25,1.88
2012.06.07 09:52:56.698,7.61512,7.61638,1.50,1.88
2012.06.07 09:53:01.146,7.61526,7.61652,1.50,2.25
2012.06.07 09:53:01.891,7.61518,7.61642,1.50,2.25
2012.06.07 09:53:04.828,7.61518,7.61642,2.25,2.25
2012.06.07 09:53:09.544,7.61518,7.61642,2.25,2.25
2012.06.07 09:53:11.369,7.61518,7.61642,1.50,2.25
2012.06.07 09:53:21.857,7.61514,7.6164,1.50,1.88
2012.06.07 09:53:30.449,7.61525,7.61649,1.50,2.25
2012.06.07 09:53:31.321,7.61517,7.61641,1.50,1.88
2012.06.07 09:53:38.844,7.61517,7.61641,1.50,1.88
2012.06.07 09:53:44.637,7.61517,7.61641,2.25,1.88
2012.06.07 09:53:45.366,7.61517,7.61641,2.25,1.50
2012.06.07 09:53:45.588,7.61517,7.61641,2.25,1.88
2012.06.07 09:53:46.670,7.61517,7.61641,1.50,1.88
2012.06.07 09:53:48.788,7.61517,7.61641,2.25,1.88
2012.06.07 09:53:49.177,7.61517,7.61641,1.50,1.88
2012.06.07 09:53:51.264,7.61521,7.61647,1.50,2.25
2012.06.07 09:54:05.366,7.61521,7.61647,2.25,2.25
2012.06.07 09:54:06.737,7.61521,7.61647,1.50,2.25
2012.06.07 09:54:09.659,7.61521,7.61647,2.25,2.25
2012.06.07 09:54:10.867,7.61533,7.61659,1.50,2.25
2012.06.07 09:54:13.526,7.61521,7.61645,1.50,2.25
2012.06.07 09:54:14.706,7.61521,7.61645,2.25,2.25
2012.06.07 09:54:16.735,7.61521,7.61645,1.50,2.25
2012.06.07 09:54:19.656,7.61521,7.61645,2.25,2.25
2012.06.07 09:54:21.587,7.61521,7.61645,1.50,2.25
2012.06.07 09:54:23.179,7.61521,7.61645,2.25,2.25
2012.06.07 09:54:24.927,7.61521,7.61645,1.50,2.25
2012.06.07 09:54:27.420,7.61521,7.61645,2.25,2.25
2012.06.07 09:54:37.209,7.61523,7.61649,1.50,2.25
2012.06.07 09:54:39.625,7.61523,7.61649,2.25,2.25
2012.06.07 09:54:41.679,7.61523,7.61649,1.50,2.25
2012.06.07 09:54:44.646,7.61523,7.61649,2.25,2.25
2012.06.07 09:54:45.418,7.61523,7.61649,1.50,2.25
2012.06.07 09:54:50.680,7.61523,7.61641,1.50,1.50
2012.06.07 09:54:50.808,7.61508,7.61632,2.25,2.25
2012.06.07 09:54:50.878,7.61492,7.61618,1.50,2.25
2012.06.07 09:54:54.166,7.61492,7.61618,1.50,2.25
2012.06.07 09:54:54.242,7.61468,7.6155,1.50,2.25
2012.06.07 09:54:54.320,7.61438,7.6155,2.25,2.25
2012.06.07 09:54:54.390,7.61426,7.6155,2.25,1.50
2012.06.07 09:54:54.530,7.61459,7.61574,2.25,1.50
2012.06.07 09:54:54.720,7.61459,7.61585,2.25,1.50
2012.06.07 09:54:54.849,7.61481,7.61607,1.50,2.25
2012.06.07 09:54:56.607,7.61481,7.61607,1.50,2.25
2012.06.07 09:54:57.036,7.61467,7.61591,1.50,1.50
2012.06.07 09:55:04.727,7.61467,7.61591,2.25,1.50
2012.06.07 09:55:17.187,7.61468,7.61594,2.25,1.88
2012.06.07 09:55:21.687,7.61468,7.61594,1.50,1.88
2012.06.07 09:55:25.003,7.61468,7.61594,2.25,1.88
2012.06.07 09:55:26.701,7.61468,7.61594,1.50,1.88
2012.06.07 09:55:28.266,7.61459,7.61585,1.50,1.50
2012.06.07 09:55:30.001,7.61469,7.61595,2.25,1.88
2012.06.07 09:55:31.719,7.61469,7.61595,1.50,1.88
2012.06.07 09:55:34.729,7.61469,7.61595,2.25,1.88
2012.06.07 09:55:37.411,7.61469,7.61595,1.50,1.88
2012.06.07 09:55:49.873,7.61472,7.61596,2.25,1.88
2012.06.07 09:55:50.354,7.61472,7.61596,1.50,1.88
2012.06.07 09:55:54.715,7.61472,7.61596,2.25,1.88
2012.06.07 09:55:56.585,7.61472,7.61596,1.50,1.88
2012.06.07 09:56:02.910,7.61464,7.61588,1.50,1.50
2012.06.07 09:56:09.677,7.61464,7.61588,2.25,1.50
2012.06.07 09:56:11.449,7.61474,7.61598,1.50,1.88
2012.06.07 09:56:12.414,7.61464,7.6159,1.50,1.50
2012.06.07 09:56:13.310,7.61464,7.6159,2.25,1.50
2012.06.07 09:56:13.678,7.61464,7.6159,1.50,1.50
2012.06.07 09:56:14.756,7.61464,7.6159,2.25,1.50
2012.06.07 09:56:16.719,7.61464,7.6159,1.50,1.50
2012.06.07 09:56:24.480,7.61464,7.6159,2.25,1.50
2012.06.07 09:56:32.078,7.61467,7.61591,2.25,1.50
2012.06.07 09:56:48.698,7.61478,7.61591,1.50,1.50
2012.06.07 09:56:48.771,7.61478,7.61603,1.50,1.50
2012.06.07 09:56:48.902,7.6151,7.61636,1.50,1.88
2012.06.07 09:56:48.971,7.61518,7.61644,1.50,2.25
2012.06.07 09:56:49.242,7.61518,7.61644,1.50,2.25
2012.06.07 09:56:49.960,7.61519,7.61645,1.50,2.25
2012.06.07 09:56:55.247,7.61529,7.61653,1.50,2.25
2012.06.07 09:57:15.352,7.61524,7.6165,1.50,2.25
2012.06.07 09:57:18.213,7.61524,7.6165,2.25,2.25
2012.06.07 09:57:20.199,7.61524,7.6165,1.50,2.25
2012.06.07 09:57:21.148,7.61524,7.6165,2.25,2.25
2012.06.07 09:57:27.229,7.61524,7.6165,1.50,2.25
2012.06.07 09:57:28.956,7.61524,7.6165,2.25,2.25
2012.06.07 09:57:29.978,7.61524,7.6165,1.50,2.25
2012.06.07 09:57:30.048,7.61517,7.61641,2.25,1.88
2012.06.07 09:57:36.163,7.61525,7.61649,1.50,2.25
2012.06.07 09:57:48.749,7.61516,7.61642,2.25,1.88
2012.06.07 09:58:02.657,7.61529,7.61655,1.50,2.25
2012.06.07 09:58:02.921,7.61529,7.61655,1.50,2.25
2012.06.07 09:58:03.250,7.61561,7.61679,1.50,2.25
2012.06.07 09:58:05.555,7.61536,7.61662,1.50,2.25
2012.06.07 09:58:07.261,7.61544,7.6167,1.50,2.25
2012.06.07 09:58:21.541,7.61544,7.6167,2.25,2.25
2012.06.07 09:58:25.747,7.61544,7.6167,2.25,2.25
2012.06.07 09:58:29.149,7.61546,7.61672,2.25,2.25
2012.06.07 09:58:30.606,7.61546,7.61672,1.50,2.25
2012.06.07 09:58:34.711,7.61538,7.61664,1.50,2.25
2012.06.07 09:58:38.880,7.61538,7.61664,1.50,2.25
2012.06.07 09:58:53.983,7.61545,7.61669,1.50,2.25
2012.06.07 09:59:02.186,7.61533,7.61659,2.25,1.50
2012.06.07 09:59:02.317,7.61545,7.61671,1.50,1.50
2012.06.07 09:59:02.389,7.61553,7.61679,1.50,2.25
2012.06.07 09:59:12.457,7.61553,7.61679,2.25,2.25
2012.06.07 09:59:16.410,7.61553,7.61679,2.25,2.25
2012.06.07 09:59:16.963,7.61553,7.61679,1.50,2.25
2012.06.07 09:59:17.220,7.61574,7.61698,1.50,2.25
2012.06.07 09:59:24.339,7.61574,7.61698,1.50,2.25
2012.06.07 09:59:24.591,7.61565,7.61691,1.50,2.25
2012.06.07 09:59:25.709,7.61565,7.61691,2.25,2.25
2012.06.07 09:59:25.778,7.61601,7.61718,1.50,1.88
2012.06.07 09:59:25.849,7.61614,7.61738,1.50,2.25
2012.06.07 09:59:26.251,7.61627,7.61748,1.50,1.50
2012.06.07 09:59:27.752,7.61663,7.61751,1.50,2.25
2012.06.07 09:59:27.820,7.61663,7.61775,1.50,1.50
2012.06.07 09:59:27.889,7.61658,7.61778,3.00,1.50
2012.06.07 09:59:27.962,7.61675,7.61799,1.50,1.50
2012.06.07 09:59:28.148,7.61675,7.61799,1.88,1.50
2012.06.07 09:59:28.401,7.6169,7.61816,1.50,1.88
2012.06.07 09:59:36.938,7.6169,7.61816,1.88,1.50
2012.06.07 09:59:37.134,7.617,7.61824,1.50,1.50
2012.06.07 09:59:37.437,7.61704,7.61824,1.50,1.50
2012.06.07 09:59:37.699,7.61754,7.61878,1.50,1.13
2012.06.07 09:59:37.887,7.61754,7.6188,1.50,1.50
2012.06.07 09:59:38.490,7.61754,7.6188,2.25,1.50
2012.06.07 09:59:38.558,7.61762,7.61888,1.88,1.50
2012.06.07 09:59:38.809,7.61774,7.619,1.50,1.88
2012.06.07 09:59:39.248,7.61774,7.619,1.50,1.50
2012.06.07 09:59:40.088,7.61769,7.61893,1.50,1.50
2012.06.07 09:59:40.479,7.61784,7.6191,1.50,1.50
2012.06.07 09:59:41.348,7.61784,7.6191,1.50,2.25
2012.06.07 09:59:41.601,7.61734,7.6186,1.50,2.25
2012.06.07 09:59:41.739,7.61745,7.61869,1.50,2.25
2012.06.07 09:59:41.809,7.61734,7.6186,1.50,2.25
2012.06.07 09:59:44.135,7.61734,7.6186,1.50,1.50
2012.06.07 09:59:44.269,7.61747,7.61871,1.50,1.50
2012.06.07 09:59:44.587,7.61745,7.61871,1.50,2.25
2012.06.07 09:59:45.819,7.61745,7.61871,1.50,2.25
2012.06.07 09:59:46.143,7.61725,7.61837,1.50,2.25
2012.06.07 09:59:46.218,7.61711,7.61837,1.50,2.25
2012.06.07 09:59:49.394,7.61721,7.61835,1.50,2.25
2012.06.07 09:59:49.736,7.61745,7.61869,1.50,2.25
2012.06.07 09:59:50.289,7.61752,7.61873,1.50,3.00
2012.06.07 09:59:50.580,7.61745,7.61869,1.50,2.25
2012.06.07 09:59:51.020,7.61745,7.61869,1.50,1.50
2012.06.07 09:59:51.092,7.61772,7.61898,1.50,1.50
2012.06.07 09:59:51.160,7.61781,7.61907,1.50,1.50
2012.06.07 09:59:51.495,7.61791,7.61915,1.50,2.25
2012.06.07 09:59:51.629,7.61791,7.61915,1.50,1.50
2012.06.07 09:59:51.759,7.61798,7.61924,1.50,1.50
2012.06.07 09:59:51.828,7.61811,7.61937,1.50,1.50
2012.06.07 09:59:54.021,7.6182,7.61944,1.50,1.50
2012.06.07 09:59:55.798,7.61828,7.61954,1.50,2.25
2012.06.07 09:59:56.406,7.61826,7.61952,1.50,2.25
2012.06.07 09:59:56.538,7.61836,7.61962,1.50,2.25
2012.06.07 09:59:56.670,7.61826,7.61952,1.50,2.25
2012.06.07 09:59:57.112,7.6184,7.61964,1.50,2.25
2012.06.07 09:59:57.192,7.61831,7.61957,1.50,2.25
