2016.01.14 11:00:01.471,9.6437,9.64582,1.00,1.00
2016.01.14 11:00:05.483,9.64394,9.64606,1.00,1.00
2016.01.14 11:00:09.258,9.64374,9.64541,1.00,1.00
2016.01.14 11:00:09.309,9.64329,9.64541,1.00,1.00
2016.01.14 11:00:12.398,9.64326,9.64538,1.00,1.00
2016.01.14 11:00:21.390,9.64305,9.64433,1.00,1.00
2016.01.14 11:00:21.441,9.64264,9.64433,1.50,1.00
2016.01.14 11:00:21.492,9.64264,9.64384,1.50,1.00
2016.01.14 11:00:21.543,9.64223,9.64384,1.12,1.00
2016.01.14 11:00:21.594,9.64223,9.64348,1.12,1.00
2016.01.14 11:00:21.928,9.6416,9.64217,1.12,1.00
2016.01.14 11:00:21.979,9.6416,9.64216,1.12,1.00
2016.01.14 11:00:22.030,9.6416,9.64206,1.12,1.00
2016.01.14 11:00:22.283,9.64086,9.64165,1.12,1.00
2016.01.14 11:00:22.436,9.64074,9.64139,1.12,1.00
2016.01.14 11:00:22.538,9.64038,9.64125,1.12,1.00
2016.01.14 11:00:22.741,9.64035,9.64145,1.12,1.00
2016.01.14 11:00:22.792,9.64051,9.6415,1.12,1.00
2016.01.14 11:00:22.843,9.64065,9.64214,1.12,1.00
2016.01.14 11:00:22.975,9.64073,9.64214,1.12,1.00
2016.01.14 11:00:23.699,9.63904,9.64177,2.25,1.00
2016.01.14 11:00:23.750,9.63904,9.64177,1.50,1.00
2016.01.14 11:00:23.902,9.63904,9.64177,2.25,1.00
2016.01.14 11:00:24.215,9.63974,9.64177,1.12,1.00
2016.01.14 11:00:24.575,9.63997,9.64177,1.12,1.00
2016.01.14 11:00:26.924,9.63929,9.64128,1.12,1.00
2016.01.14 11:00:27.026,9.63929,9.64167,1.12,1.00
2016.01.14 11:00:27.137,9.63929,9.64113,1.12,1.00
2016.01.14 11:00:27.340,9.63861,9.64076,1.12,1.00
2016.01.14 11:00:27.594,9.63807,9.64076,1.12,1.00
2016.01.14 11:00:27.899,9.63814,9.64076,1.82,1.00
2016.01.14 11:00:28.216,9.63814,9.63985,1.75,1.00
2016.01.14 11:00:28.268,9.63814,9.63985,1.00,1.00
2016.01.14 11:00:28.421,9.63763,9.63985,1.75,1.00
2016.01.14 11:00:28.521,9.63764,9.63875,1.37,1.00
2016.01.14 11:00:28.794,9.63744,9.63872,1.00,1.00
2016.01.14 11:00:28.896,9.63724,9.63872,1.87,1.00
2016.01.14 11:00:29.118,9.63724,9.63849,1.87,1.00
2016.01.14 11:00:29.321,9.63704,9.63827,1.00,1.00
2016.01.14 11:00:29.527,9.63704,9.63939,1.00,1.00
2016.01.14 11:00:29.688,9.63704,9.63825,1.00,1.00
2016.01.14 11:00:29.993,9.63714,9.63825,1.12,1.00
2016.01.14 11:00:31.140,9.63664,9.63799,1.75,1.00
2016.01.14 11:00:31.191,9.63664,9.63799,1.00,1.00
2016.01.14 11:00:31.242,9.63664,9.63779,1.00,1.00
2016.01.14 11:00:31.294,9.63654,9.63779,1.00,1.00
2016.01.14 11:00:31.345,9.63654,9.6375,1.00,1.00
2016.01.14 11:00:31.396,9.63534,9.63746,1.75,1.00
2016.01.14 11:00:31.447,9.63523,9.63721,1.50,1.00
2016.01.14 11:00:31.549,9.63478,9.6369,1.00,1.00
2016.01.14 11:00:31.651,9.63414,9.63618,2.32,1.00
2016.01.14 11:00:31.958,9.6341,9.63533,1.12,1.00
2016.01.14 11:00:32.170,9.63369,9.63519,1.12,1.00
2016.01.14 11:00:32.333,9.63344,9.63519,1.87,1.00
2016.01.14 11:00:32.435,9.63344,9.635,1.57,1.00
2016.01.14 11:00:32.939,9.63344,9.63449,2.32,1.00
2016.01.14 11:00:32.990,9.63344,9.63438,1.00,1.00
2016.01.14 11:00:33.193,9.63324,9.63434,1.00,1.00
2016.01.14 11:00:33.244,9.63324,9.63536,1.00,1.00
2016.01.14 11:00:33.428,9.63254,9.63484,1.00,1.00
2016.01.14 11:00:33.631,9.63244,9.63484,1.00,1.00
2016.01.14 11:00:33.732,9.63254,9.63484,1.10,1.00
2016.01.14 11:00:34.138,9.63234,9.63484,1.87,1.00
2016.01.14 11:00:34.413,9.63225,9.63484,1.12,1.00
2016.01.14 11:00:34.932,9.63225,9.63542,1.12,1.00
2016.01.14 11:00:35.405,9.63264,9.63542,1.50,1.00
2016.01.14 11:00:35.456,9.63264,9.63613,1.50,1.00
2016.01.14 11:00:35.833,9.63264,9.63676,1.50,1.12
2016.01.14 11:00:36.036,9.63334,9.63676,1.50,1.12
2016.01.14 11:00:36.620,9.63408,9.6362,1.00,1.00
2016.01.14 11:00:38.954,9.63439,9.63651,1.00,1.00
2016.01.14 11:00:39.276,9.63462,9.63674,1.00,1.07
2016.01.14 11:00:39.479,9.63462,9.63674,1.07,1.00
2016.01.14 11:00:39.739,9.63434,9.6364,1.12,1.00
2016.01.14 11:00:39.892,9.6341,9.63622,1.00,1.00
2016.01.14 11:00:40.045,9.63526,9.63738,1.00,1.00
2016.01.14 11:00:40.349,9.6354,9.63752,1.00,1.00
2016.01.14 11:00:40.681,9.63621,9.63828,1.00,1.12
2016.01.14 11:00:40.989,9.63621,9.63833,1.00,1.37
2016.01.14 11:00:41.244,9.63621,9.63833,1.00,1.00
2016.01.14 11:00:41.347,9.63593,9.63805,1.00,1.00
2016.01.14 11:00:41.652,9.63577,9.63789,1.00,1.00
2016.01.14 11:00:41.975,9.6362,9.63832,1.00,1.00
2016.01.14 11:00:42.935,9.63652,9.63852,1.00,1.00
2016.01.14 11:00:42.986,9.63652,9.63864,1.00,1.00
2016.01.14 11:00:43.037,9.63667,9.63879,1.00,1.00
2016.01.14 11:00:43.365,9.63648,9.63862,1.37,1.00
2016.01.14 11:00:43.416,9.63648,9.63862,1.00,1.00
2016.01.14 11:00:43.467,9.63651,9.63865,1.00,1.00
2016.01.14 11:00:43.824,9.6367,9.63882,1.00,1.00
2016.01.14 11:00:44.128,9.63651,9.63863,1.00,1.00
2016.01.14 11:00:44.462,9.6367,9.63882,1.00,1.00
2016.01.14 11:00:44.799,9.63652,9.63864,1.00,1.00
2016.01.14 11:00:44.952,9.63668,9.63882,1.00,1.00
2016.01.14 11:00:45.159,9.63652,9.63864,1.00,1.00
2016.01.14 11:00:45.462,9.63669,9.63883,1.00,1.00
2016.01.14 11:00:45.527,9.63653,9.63865,1.00,1.00
2016.01.14 11:00:45.831,9.63676,9.63888,1.00,1.00
2016.01.14 11:00:46.135,9.63656,9.63866,1.75,1.00
2016.01.14 11:00:46.288,9.63696,9.6389,1.12,1.00
2016.01.14 11:00:46.339,9.63696,9.63893,1.12,1.00
2016.01.14 11:00:46.597,9.63696,9.63891,1.12,1.00
2016.01.14 11:00:46.699,9.63679,9.63891,1.00,1.00
2016.01.14 11:00:46.751,9.63658,9.6387,1.00,1.00
2016.01.14 11:00:47.056,9.63679,9.63891,1.00,1.00
2016.01.14 11:00:47.360,9.63658,9.6387,1.00,1.00
2016.01.14 11:00:48.043,9.63655,9.63867,1.00,1.00
2016.01.14 11:00:48.353,9.63658,9.6387,1.00,1.00
2016.01.14 11:00:48.658,9.63702,9.63914,1.00,1.00
2016.01.14 11:00:48.861,9.63685,9.63899,1.00,1.00
2016.01.14 11:00:48.979,9.637,9.63912,1.00,1.00
2016.01.14 11:00:49.286,9.63686,9.63898,1.00,1.00
2016.01.14 11:00:49.675,9.637,9.63912,1.00,1.00
2016.01.14 11:00:50.040,9.63686,9.63898,1.00,1.00
2016.01.14 11:00:50.362,9.637,9.63912,1.00,1.00
2016.01.14 11:00:50.870,9.63699,9.63913,1.00,1.00
2016.01.14 11:00:51.653,9.63686,9.63898,1.00,1.00
2016.01.14 11:00:51.984,9.637,9.63912,1.00,1.00
2016.01.14 11:00:52.458,9.63687,9.63899,1.00,1.00
2016.01.14 11:00:54.990,9.63702,9.63916,1.00,1.00
2016.01.14 11:00:55.092,9.63689,9.63901,1.00,1.00
2016.01.14 11:00:55.402,9.63703,9.63915,1.00,1.00
2016.01.14 11:01:08.799,9.63689,9.63899,1.00,1.00
2016.01.14 11:01:08.884,9.63666,9.6388,1.00,1.00
2016.01.14 11:01:08.985,9.63683,9.63895,1.00,1.00
2016.01.14 11:01:09.335,9.63669,9.63881,1.00,1.00
2016.01.14 11:01:10.090,9.63684,9.63896,1.00,1.00
2016.01.14 11:01:12.492,9.6369,9.63902,1.00,1.00
2016.01.14 11:01:32.489,9.63682,9.63894,1.00,1.00
2016.01.14 11:01:41.730,9.63698,9.6391,1.00,1.00
2016.01.14 11:01:43.273,9.63679,9.63891,1.00,1.00
2016.01.14 11:01:43.620,9.63651,9.63863,1.00,1.00
2016.01.14 11:01:43.944,9.63594,9.63806,1.00,1.00
2016.01.14 11:01:43.996,9.6357,9.63784,1.00,1.00
2016.01.14 11:01:44.098,9.63588,9.63802,1.00,1.00
2016.01.14 11:01:44.424,9.63564,9.63776,1.00,1.00
2016.01.14 11:01:44.754,9.63577,9.63789,1.00,1.00
2016.01.14 11:01:45.104,9.63581,9.63793,1.00,1.00
2016.01.14 11:01:45.409,9.63527,9.63739,1.00,1.00
2016.01.14 11:01:45.714,9.63494,9.63708,1.00,1.00
2016.01.14 11:01:45.765,9.63494,9.63704,1.00,1.00
2016.01.14 11:01:45.817,9.63472,9.63684,1.00,1.00
2016.01.14 11:01:45.908,9.63452,9.63633,1.00,1.00
2016.01.14 11:01:45.960,9.63421,9.63633,1.00,1.00
2016.01.14 11:01:46.011,9.634,9.63612,1.00,1.00
2016.01.14 11:01:51.310,9.634,9.63612,1.22,1.00
2016.01.14 11:01:52.440,9.63402,9.63614,1.22,1.00
2016.01.14 11:01:53.602,9.63418,9.6363,1.22,1.00
2016.01.14 11:01:53.806,9.63403,9.63615,1.22,1.00
2016.01.14 11:01:53.908,9.63418,9.6363,1.22,1.00
2016.01.14 11:01:59.229,9.63439,9.63651,1.37,1.00
2016.01.14 11:01:59.435,9.63424,9.63636,1.37,1.00
2016.01.14 11:01:59.537,9.63439,9.63651,1.37,1.00
2016.01.14 11:01:59.638,9.63425,9.63637,1.37,1.00
2016.01.14 11:02:00.086,9.63425,9.63637,1.37,1.00
2016.01.14 11:02:00.138,9.63443,9.63655,1.37,1.00
2016.01.14 11:02:00.332,9.63428,9.6364,1.37,1.00
2016.01.14 11:02:00.640,9.63444,9.63656,1.37,1.00
2016.01.14 11:02:00.742,9.63429,9.63641,1.37,1.00
2016.01.14 11:02:01.040,9.63447,9.63659,1.37,1.00
2016.01.14 11:02:01.142,9.63429,9.63641,1.37,1.00
2016.01.14 11:02:01.213,9.63444,9.63656,1.37,1.00
2016.01.14 11:02:01.529,9.63461,9.63673,1.37,1.00
2016.01.14 11:02:01.631,9.63446,9.63658,1.37,1.00
2016.01.14 11:02:01.734,9.6346,9.63672,1.37,1.00
2016.01.14 11:02:01.835,9.63476,9.63688,1.37,1.00
2016.01.14 11:02:02.050,9.63534,9.63746,1.00,1.37
2016.01.14 11:02:02.203,9.63534,9.63746,1.37,1.00
2016.01.14 11:02:02.356,9.63548,9.6376,1.00,1.10
2016.01.14 11:02:02.458,9.63529,9.63741,1.37,1.00
2016.01.14 11:02:02.560,9.63555,9.63767,1.00,1.00
2016.01.14 11:02:02.826,9.63538,9.6375,1.37,1.00
2016.01.14 11:02:03.131,9.63572,9.63784,1.37,1.00
2016.01.14 11:02:03.334,9.63582,9.63794,1.37,1.00
2016.01.14 11:02:03.436,9.63565,9.63777,1.37,1.00
2016.01.14 11:02:03.700,9.63598,9.6381,1.00,1.00
2016.01.14 11:02:03.955,9.63611,9.63825,1.00,1.00
2016.01.14 11:02:04.058,9.63611,9.63825,1.37,1.00
2016.01.14 11:02:05.167,9.63627,9.63839,1.00,1.00
2016.01.14 11:02:05.370,9.63627,9.63839,1.37,1.00
2016.01.14 11:02:05.472,9.63643,9.63855,1.37,1.00
2016.01.14 11:02:05.574,9.63664,9.63876,1.37,1.00
2016.01.14 11:02:05.699,9.63649,9.63861,1.37,1.00
2016.01.14 11:02:05.750,9.63664,9.63876,1.37,1.00
2016.01.14 11:02:06.063,9.63678,9.6389,1.37,1.00
2016.01.14 11:02:06.165,9.63659,9.63871,1.37,1.00
2016.01.14 11:02:06.267,9.63664,9.63876,1.37,1.00
2016.01.14 11:02:06.470,9.63655,9.63867,1.37,1.00
2016.01.14 11:02:06.764,9.6367,9.63882,1.37,1.00
2016.01.14 11:02:06.815,9.6367,9.63882,1.37,1.00
2016.01.14 11:02:06.867,9.63655,9.63869,1.37,1.00
2016.01.14 11:02:07.146,9.6368,9.63892,1.37,1.00
2016.01.14 11:02:07.248,9.63653,9.63865,1.37,1.00
2016.01.14 11:02:07.467,9.6367,9.63882,1.37,1.00
2016.01.14 11:02:07.641,9.63656,9.63868,1.37,1.00
2016.01.14 11:02:07.743,9.6367,9.63884,1.37,1.00
2016.01.14 11:02:07.846,9.63655,9.63867,1.37,1.00
2016.01.14 11:02:07.948,9.63671,9.63883,1.37,1.00
2016.01.14 11:02:08.050,9.63644,9.63856,1.37,1.00
2016.01.14 11:02:08.159,9.63664,9.63876,1.37,1.00
2016.01.14 11:02:08.381,9.63649,9.63861,1.37,1.00
2016.01.14 11:02:08.585,9.63665,9.63877,1.37,1.00
2016.01.14 11:02:08.687,9.63672,9.63886,1.37,1.00
2016.01.14 11:02:08.738,9.63668,9.6388,1.37,1.00
2016.01.14 11:02:09.043,9.63648,9.6386,1.37,1.00
2016.01.14 11:02:09.348,9.63666,9.63878,1.37,1.00
2016.01.14 11:02:09.576,9.63648,9.6386,1.37,1.00
2016.01.14 11:02:09.677,9.63666,9.63878,1.37,1.00
2016.01.14 11:02:09.779,9.63648,9.6386,1.37,1.00
2016.01.14 11:02:09.983,9.63669,9.63881,1.37,1.00
2016.01.14 11:02:10.136,9.63669,9.63881,1.37,1.00
2016.01.14 11:02:10.781,9.63648,9.63862,1.37,1.00
2016.01.14 11:02:10.883,9.63666,9.63878,1.37,1.00
2016.01.14 11:02:11.082,9.63649,9.63861,1.37,1.00
2016.01.14 11:02:11.184,9.63666,9.63878,1.37,1.00
2016.01.14 11:02:11.387,9.63649,9.63861,1.37,1.00
2016.01.14 11:02:11.693,9.63665,9.63877,1.37,1.00
2016.01.14 11:02:11.795,9.63679,9.63891,1.37,1.00
2016.01.14 11:02:11.847,9.63671,9.63883,1.37,1.00
2016.01.14 11:02:11.950,9.63675,9.63887,1.37,1.00
2016.01.14 11:02:12.053,9.63661,9.63873,1.37,1.00
2016.01.14 11:02:12.155,9.63672,9.63884,1.37,1.00
2016.01.14 11:02:12.258,9.63655,9.63867,1.37,1.00
2016.01.14 11:02:12.360,9.63678,9.6389,1.37,1.00
2016.01.14 11:02:12.595,9.63672,9.63884,1.37,1.00
2016.01.14 11:02:12.749,9.63685,9.63897,1.37,1.00
2016.01.14 11:02:12.851,9.63674,9.63886,1.37,1.00
2016.01.14 11:02:13.157,9.63665,9.63877,1.37,1.00
2016.01.14 11:02:14.402,9.63709,9.63921,1.37,1.00
2016.01.14 11:02:14.554,9.63737,9.63949,1.37,1.00
2016.01.14 11:02:14.856,9.63751,9.63963,1.37,1.00
2016.01.14 11:02:14.909,9.63751,9.63963,1.37,1.00
2016.01.14 11:02:15.061,9.63773,9.63985,1.37,1.00
2016.01.14 11:02:15.265,9.63756,9.63968,1.37,1.00
2016.01.14 11:02:15.468,9.63784,9.63996,1.37,1.00
2016.01.14 11:02:15.672,9.63757,9.63969,1.37,1.00
2016.01.14 11:02:15.923,9.6378,9.63992,1.37,1.00
2016.01.14 11:02:15.975,9.63756,9.63968,1.37,1.00
2016.01.14 11:02:16.077,9.63784,9.63996,1.37,1.00
2016.01.14 11:02:16.179,9.63779,9.63993,1.37,1.00
2016.01.14 11:02:16.586,9.63758,9.6397,1.37,1.00
2016.01.14 11:02:16.903,9.63798,9.64012,1.37,1.00
2016.01.14 11:02:17.108,9.63784,9.63996,1.37,1.00
2016.01.14 11:02:17.210,9.63801,9.64013,1.37,1.00
2016.01.14 11:02:17.466,9.63786,9.63998,1.37,1.00
2016.01.14 11:02:17.568,9.63803,9.64015,1.37,1.00
2016.01.14 11:02:17.805,9.63786,9.63998,1.37,1.00
2016.01.14 11:02:17.907,9.638,9.64012,1.37,1.00
2016.01.14 11:02:18.092,9.63776,9.63988,1.37,1.00
2016.01.14 11:02:18.195,9.63787,9.63999,1.37,1.00
2016.01.14 11:02:18.399,9.63789,9.64001,1.37,1.00
2016.01.14 11:02:18.502,9.63806,9.64018,1.37,1.00
2016.01.14 11:02:18.914,9.63785,9.63997,1.37,1.00
2016.01.14 11:02:19.314,9.63803,9.64015,1.37,1.00
2016.01.14 11:02:19.416,9.63787,9.63999,1.37,1.00
2016.01.14 11:02:19.467,9.6379,9.64002,1.37,1.00
2016.01.14 11:02:19.569,9.63806,9.64018,1.37,1.00
2016.01.14 11:02:19.671,9.63789,9.64001,1.37,1.00
2016.01.14 11:02:19.772,9.63806,9.64018,1.37,1.00
2016.01.14 11:02:19.874,9.63788,9.64,1.37,1.00
2016.01.14 11:02:20.164,9.63805,9.64017,1.37,1.00
2016.01.14 11:02:20.216,9.63786,9.64,1.37,1.00
2016.01.14 11:02:20.317,9.63805,9.64017,1.00,1.00
2016.01.14 11:02:20.419,9.63785,9.63982,1.00,1.00
2016.01.14 11:02:20.470,9.6377,9.63982,1.00,1.00
2016.01.14 11:02:20.674,9.63785,9.63997,1.00,1.00
2016.01.14 11:02:20.776,9.63768,9.63982,1.00,1.00
2016.01.14 11:02:21.887,9.63768,9.63982,1.00,1.07
2016.01.14 11:02:22.208,9.63752,9.63964,1.00,1.00
2016.01.14 11:02:22.550,9.63768,9.6398,1.00,1.00
2016.01.14 11:02:23.182,9.63751,9.63963,1.00,1.00
2016.01.14 11:02:24.731,9.63733,9.63945,1.00,1.00
2016.01.14 11:02:25.086,9.6374,9.63952,1.00,1.00
2016.01.14 11:02:25.392,9.63732,9.63946,1.00,1.00
2016.01.14 11:02:25.494,9.63755,9.63967,1.00,1.37
2016.01.14 11:02:25.800,9.63755,9.63967,1.00,1.00
2016.01.14 11:02:28.033,9.63769,9.63981,1.00,1.12
2016.01.14 11:02:29.561,9.63769,9.63981,1.37,1.12
2016.01.14 11:02:29.714,9.63813,9.64023,1.12,1.12
2016.01.14 11:02:30.018,9.63799,9.64011,1.37,1.10
2016.01.14 11:02:30.120,9.63799,9.64011,1.37,1.00
2016.01.14 11:02:30.222,9.63846,9.64058,1.37,1.45
2016.01.14 11:02:30.469,9.63822,9.64034,1.37,1.00
2016.01.14 11:02:30.520,9.63832,9.64044,1.37,1.00
2016.01.14 11:02:30.571,9.63832,9.64044,1.37,1.00
2016.01.14 11:02:30.622,9.63876,9.64088,1.37,1.45
2016.01.14 11:02:30.775,9.63876,9.64088,1.37,1.15
2016.01.14 11:02:30.827,9.63905,9.64115,1.37,1.12
2016.01.14 11:02:31.443,9.63911,9.64123,1.37,1.75
2016.01.14 11:02:31.494,9.63911,9.64123,1.37,1.37
2016.01.14 11:02:31.708,9.63886,9.64098,1.37,1.00
2016.01.14 11:02:31.870,9.63886,9.64098,1.37,1.00
2016.01.14 11:02:32.022,9.63878,9.6409,1.37,1.00
2016.01.14 11:02:32.226,9.63897,9.64109,1.00,1.10
2016.01.14 11:02:32.488,9.63873,9.64085,1.37,1.00
2016.01.14 11:02:32.540,9.6389,9.64104,1.37,1.00
2016.01.14 11:02:32.646,9.63873,9.64085,1.37,1.00
2016.01.14 11:02:32.747,9.6389,9.64104,1.37,1.00
2016.01.14 11:02:33.153,9.63872,9.64084,1.37,1.00
2016.01.14 11:02:33.255,9.6389,9.64102,1.37,1.00
2016.01.14 11:02:33.357,9.63874,9.64086,1.37,1.00
2016.01.14 11:02:33.527,9.6389,9.64102,1.37,1.00
2016.01.14 11:02:33.950,9.63873,9.64087,1.37,1.00
2016.01.14 11:02:34.215,9.63891,9.64103,1.37,1.00
2016.01.14 11:02:34.317,9.63876,9.64088,1.37,1.00
2016.01.14 11:02:34.832,9.63891,9.64103,1.37,1.00
2016.01.14 11:02:34.934,9.63877,9.64089,1.37,1.00
2016.01.14 11:02:35.036,9.6389,9.64104,1.37,1.00
2016.01.14 11:02:35.239,9.63876,9.64088,1.37,1.00
2016.01.14 11:02:35.341,9.63891,9.64103,1.37,1.00
2016.01.14 11:02:35.543,9.63876,9.64088,1.37,1.00
2016.01.14 11:02:35.750,9.63891,9.64103,1.37,1.00
2016.01.14 11:02:35.953,9.63874,9.64086,1.37,1.00
2016.01.14 11:02:36.157,9.63891,9.64103,1.37,1.00
2016.01.14 11:02:36.259,9.63874,9.64086,1.37,1.00
2016.01.14 11:02:36.361,9.63891,9.64103,1.37,1.00
2016.01.14 11:02:36.464,9.63874,9.64086,1.37,1.00
2016.01.14 11:02:36.623,9.63876,9.64088,1.37,1.00
2016.01.14 11:02:37.292,9.63876,9.64088,1.00,1.00
2016.01.14 11:02:37.344,9.6389,9.64104,1.00,1.00
2016.01.14 11:02:37.445,9.63876,9.64088,1.00,1.00
2016.01.14 11:02:37.547,9.6389,9.64104,1.00,1.00
2016.01.14 11:02:37.852,9.63872,9.64084,1.00,1.00
2016.01.14 11:02:38.244,9.63888,9.641,1.00,1.00
2016.01.14 11:02:38.548,9.63872,9.64084,1.00,1.00
2016.01.14 11:02:38.967,9.63888,9.641,1.00,1.37
2016.01.14 11:02:39.153,9.63869,9.64081,1.00,1.00
2016.01.14 11:02:39.265,9.63888,9.641,1.00,1.37
2016.01.14 11:02:39.366,9.63871,9.64083,1.00,1.00
2016.01.14 11:02:39.468,9.63888,9.641,1.00,1.00
2016.01.14 11:02:40.142,9.63872,9.64084,1.00,1.00
2016.01.14 11:02:40.452,9.63888,9.641,1.00,1.00
2016.01.14 11:02:40.834,9.63872,9.64086,1.00,1.00
2016.01.14 11:02:40.936,9.63888,9.641,1.00,1.00
2016.01.14 11:02:41.437,9.63873,9.64085,1.00,1.00
2016.01.14 11:02:41.760,9.63888,9.641,1.00,1.00
2016.01.14 11:02:42.237,9.63872,9.64086,1.00,1.00
2016.01.14 11:02:42.339,9.63888,9.641,1.00,1.00
2016.01.14 11:02:42.863,9.63873,9.64085,1.00,1.00
2016.01.14 11:02:43.466,9.63872,9.64086,1.00,1.00
2016.01.14 11:02:43.831,9.63888,9.641,1.00,1.00
2016.01.14 11:02:44.374,9.63873,9.64085,1.00,1.00
2016.01.14 11:02:44.680,9.63869,9.64081,1.00,1.00
2016.01.14 11:02:44.984,9.63888,9.641,1.00,1.00
2016.01.14 11:02:45.289,9.63944,9.64158,1.00,1.00
2016.01.14 11:02:45.341,9.63983,9.64158,1.00,1.00
2016.01.14 11:02:45.442,9.64003,9.64202,1.00,1.37
2016.01.14 11:02:45.494,9.63969,9.64181,1.00,1.00
2016.01.14 11:02:45.545,9.6394,9.64152,1.00,1.00
2016.01.14 11:02:45.861,9.63959,9.64171,1.00,1.07
2016.01.14 11:02:45.963,9.63956,9.64168,1.00,1.07
2016.01.14 11:02:46.065,9.63971,9.64183,1.00,1.45
2016.01.14 11:02:46.167,9.63956,9.64168,1.00,1.07
2016.01.14 11:02:46.268,9.63929,9.64141,1.00,1.00
2016.01.14 11:02:46.370,9.63935,9.64147,1.00,1.00
2016.01.14 11:02:46.676,9.63965,9.64177,1.00,1.07
2016.01.14 11:02:46.790,9.63949,9.64161,1.00,1.00
2016.01.14 11:02:46.841,9.63954,9.64161,1.00,1.00
2016.01.14 11:02:46.943,9.63974,9.64186,1.00,1.10
2016.01.14 11:02:46.994,9.63957,9.64169,1.00,1.00
2016.01.14 11:02:47.301,9.63996,9.64208,1.00,1.00
2016.01.14 11:02:47.687,9.63996,9.64208,1.07,1.00
2016.01.14 11:02:48.092,9.63996,9.64208,1.45,1.00
2016.01.14 11:02:48.829,9.63996,9.64208,1.07,1.00
2016.01.14 11:02:48.982,9.6401,9.64222,1.15,1.00
2016.01.14 11:02:49.034,9.6401,9.64238,1.52,1.00
2016.01.14 11:02:49.186,9.64092,9.64304,1.52,1.00
2016.01.14 11:02:49.288,9.64109,9.6429,1.20,1.00
2016.01.14 11:02:49.390,9.6414,9.64352,1.07,1.00
2016.01.14 11:02:49.491,9.64179,9.64391,1.07,1.00
2016.01.14 11:02:49.593,9.64193,9.64405,1.07,1.00
2016.01.14 11:02:50.172,9.64208,9.6442,1.45,1.00
2016.01.14 11:02:50.376,9.64213,9.64425,1.45,1.00
2016.01.14 11:02:50.478,9.64199,9.64402,1.27,1.00
2016.01.14 11:02:51.355,9.64225,9.64402,1.20,1.00
2016.01.14 11:02:53.314,9.64195,9.64402,1.20,1.00
2016.01.14 11:02:57.508,9.64247,9.64459,1.37,1.00
2016.01.14 11:02:57.610,9.64259,9.64471,1.37,1.00
2016.01.14 11:02:57.756,9.64226,9.64438,1.37,1.00
2016.01.14 11:02:57.808,9.64276,9.64488,1.37,1.00
2016.01.14 11:02:58.011,9.64278,9.64492,1.37,1.00
2016.01.14 11:02:58.113,9.64293,9.64505,1.37,1.00
2016.01.14 11:02:58.790,9.64279,9.64491,1.45,1.00
2016.01.14 11:02:58.892,9.643,9.64512,1.37,1.00
2016.01.14 11:02:59.011,9.64278,9.6449,1.45,1.00
2016.01.14 11:02:59.113,9.64293,9.64505,1.37,1.00
2016.01.14 11:02:59.215,9.64278,9.6449,1.45,1.00
2016.01.14 11:02:59.318,9.64293,9.64505,1.37,1.00
2016.01.14 11:03:00.049,9.64293,9.64505,1.37,1.00
2016.01.14 11:03:03.515,9.64306,9.6452,1.00,1.00
2016.01.14 11:03:03.613,9.64284,9.64496,1.47,1.00
2016.01.14 11:03:03.816,9.64306,9.64518,1.00,1.00
2016.01.14 11:03:04.130,9.64306,9.64518,1.37,1.00
2016.01.14 11:03:04.232,9.64285,9.64497,1.00,1.00
2016.01.14 11:03:04.334,9.64313,9.64525,1.00,1.00
2016.01.14 11:03:04.681,9.64283,9.64495,1.07,1.00
2016.01.14 11:03:05.320,9.64297,9.64509,1.00,1.00
2016.01.14 11:03:05.536,9.64281,9.64493,1.07,1.00
2016.01.14 11:03:05.638,9.64295,9.64507,1.00,1.00
2016.01.14 11:03:05.841,9.64274,9.64486,1.37,1.00
2016.01.14 11:03:05.947,9.64289,9.64501,1.00,1.00
2016.01.14 11:03:06.438,9.64274,9.64486,1.37,1.00
2016.01.14 11:03:07.140,9.64294,9.64506,1.00,1.00
2016.01.14 11:03:07.747,9.64279,9.64493,1.07,1.00
2016.01.14 11:03:08.041,9.64284,9.64496,1.10,1.00
2016.01.14 11:03:08.441,9.643,9.64512,1.00,1.00
2016.01.14 11:03:08.917,9.6428,9.64494,1.45,1.00
2016.01.14 11:03:09.043,9.64302,9.64514,1.00,1.00
2016.01.14 11:03:09.145,9.64287,9.64499,1.37,1.00
2016.01.14 11:03:09.351,9.64301,9.64513,1.00,1.00
2016.01.14 11:03:09.453,9.64315,9.64527,1.00,1.00
2016.01.14 11:03:09.841,9.6429,9.64502,1.37,1.00
2016.01.14 11:03:09.946,9.64303,9.64517,1.00,1.00
2016.01.14 11:03:09.998,9.64303,9.64491,1.00,1.71
2016.01.14 11:03:10.101,9.64289,9.64449,1.37,1.84
2016.01.14 11:03:10.153,9.64257,9.64357,1.12,1.00
2016.01.14 11:03:10.255,9.64247,9.64457,1.12,1.00
2016.01.14 11:03:10.356,9.64283,9.64495,1.37,1.00
2016.01.14 11:03:10.459,9.64297,9.64509,1.37,1.00
2016.01.14 11:03:10.510,9.64297,9.64509,1.00,1.00
2016.01.14 11:03:10.625,9.64281,9.64493,1.07,1.00
2016.01.14 11:03:11.161,9.6428,9.64492,1.07,1.00
2016.01.14 11:03:11.491,9.64266,9.64478,1.75,1.00
2016.01.14 11:03:20.488,9.64268,9.64478,1.12,1.00
2016.01.14 11:03:20.651,9.6428,9.64492,1.45,1.00
2016.01.14 11:03:20.854,9.6428,9.64492,1.82,1.00
2016.01.14 11:03:20.955,9.64324,9.64536,1.37,1.00
2016.01.14 11:03:21.057,9.64306,9.6452,1.50,1.00
2016.01.14 11:03:21.158,9.64327,9.64539,1.37,1.00
2016.01.14 11:03:21.260,9.64366,9.64578,1.37,1.00
2016.01.14 11:03:21.363,9.64366,9.64578,1.00,1.00
2016.01.14 11:03:21.465,9.64352,9.64564,1.00,1.00
2016.01.14 11:03:21.820,9.64358,9.6457,1.37,1.00
2016.01.14 11:03:22.075,9.64353,9.64565,1.00,1.00
2016.01.14 11:03:22.278,9.64339,9.64551,1.00,1.00
2016.01.14 11:03:22.583,9.64371,9.64583,1.37,1.00
2016.01.14 11:03:23.066,9.64357,9.64569,1.37,1.00
2016.01.14 11:03:23.274,9.64371,9.64583,1.37,1.00
2016.01.14 11:03:25.786,9.64357,9.64569,1.37,1.00
2016.01.14 11:03:25.989,9.64371,9.64583,1.37,1.00
2016.01.14 11:03:26.258,9.64355,9.64567,1.37,1.00
2016.01.14 11:03:26.360,9.64371,9.64583,1.37,1.00
2016.01.14 11:03:26.462,9.64355,9.64569,1.37,1.00
2016.01.14 11:03:26.576,9.64371,9.64583,1.37,1.00
2016.01.14 11:03:26.678,9.64357,9.64569,1.37,1.00
2016.01.14 11:03:26.992,9.64371,9.64583,1.37,1.00
2016.01.14 11:03:32.412,9.64371,9.64583,1.37,1.00
2016.01.14 11:03:32.514,9.64381,9.64595,1.37,1.00
2016.01.14 11:03:32.616,9.64368,9.6458,1.37,1.00
2016.01.14 11:03:33.097,9.64382,9.64594,1.37,1.00
2016.01.14 11:03:33.240,9.64368,9.6458,1.37,1.00
2016.01.14 11:03:33.291,9.64381,9.64595,1.37,1.00
2016.01.14 11:03:33.818,9.64368,9.6458,1.37,1.00
2016.01.14 11:03:33.920,9.64382,9.64594,1.37,1.00
2016.01.14 11:03:34.022,9.64367,9.64579,1.37,1.00
2016.01.14 11:03:34.201,9.64382,9.64594,1.37,1.00
2016.01.14 11:03:34.483,9.64365,9.64579,1.37,1.00
2016.01.14 11:03:34.621,9.64382,9.64594,1.37,1.00
2016.01.14 11:03:35.080,9.64366,9.64578,1.37,1.00
2016.01.14 11:03:35.310,9.64382,9.64594,1.37,1.00
2016.01.14 11:03:35.361,9.64382,9.64594,1.37,1.00
2016.01.14 11:03:35.748,9.64368,9.6458,1.37,1.00
2016.01.14 11:03:35.799,9.64383,9.64595,1.37,1.00
2016.01.14 11:03:35.912,9.64368,9.6458,1.37,1.00
2016.01.14 11:03:36.026,9.64383,9.64595,1.37,1.00
2016.01.14 11:03:38.545,9.64383,9.64595,1.37,1.00
2016.01.14 11:03:38.817,9.64365,9.64579,1.37,1.00
2016.01.14 11:03:38.882,9.64383,9.64595,1.37,1.00
2016.01.14 11:03:38.984,9.64366,9.64578,1.37,1.00
2016.01.14 11:03:39.200,9.64383,9.64595,1.37,1.00
2016.01.14 11:03:39.283,9.64368,9.6458,1.37,1.00
2016.01.14 11:03:39.801,9.64383,9.64595,1.37,1.00
2016.01.14 11:03:39.914,9.64368,9.6458,1.37,1.00
2016.01.14 11:03:40.234,9.64384,9.64596,1.37,1.00
2016.01.14 11:03:40.723,9.64367,9.64579,1.37,1.00
2016.01.14 11:03:40.813,9.64387,9.64599,1.37,1.00
2016.01.14 11:03:40.915,9.64395,9.64607,1.37,1.00
2016.01.14 11:03:41.017,9.64372,9.64584,1.37,1.00
2016.01.14 11:03:41.119,9.64377,9.64589,1.37,1.00
2016.01.14 11:03:41.221,9.64359,9.64571,1.37,1.00
2016.01.14 11:03:41.604,9.64359,9.64571,1.00,1.00
2016.01.14 11:03:41.706,9.64345,9.64557,1.00,1.00
2016.01.14 11:03:42.019,9.64369,9.64583,1.37,1.00
2016.01.14 11:03:42.331,9.64353,9.64565,1.30,1.00
2016.01.14 11:03:43.054,9.64353,9.64565,1.00,1.00
2016.01.14 11:03:44.377,9.64353,9.64565,1.30,1.00
2016.01.14 11:03:44.581,9.64338,9.6455,1.30,1.00
2016.01.14 11:03:44.632,9.64354,9.64566,1.00,1.00
2016.01.14 11:03:45.802,9.64354,9.64566,1.37,1.00
2016.01.14 11:03:46.042,9.64373,9.64585,1.37,1.00
2016.01.14 11:03:46.245,9.64357,9.64569,1.37,1.00
2016.01.14 11:03:46.346,9.64371,9.64583,1.00,1.00
2016.01.14 11:03:46.448,9.64357,9.64569,1.00,1.00
2016.01.14 11:03:46.803,9.64339,9.64551,1.37,1.00
2016.01.14 11:03:47.233,9.64415,9.64627,1.00,1.00
2016.01.14 11:03:47.335,9.644,9.64612,1.22,1.00
2016.01.14 11:03:47.437,9.6442,9.64632,1.00,1.00
2016.01.14 11:03:51.247,9.64402,9.64614,1.00,1.00
2016.01.14 11:03:51.551,9.64329,9.64543,1.00,1.00
2016.01.14 11:03:52.448,9.64339,9.64553,1.00,1.00
2016.01.14 11:03:52.786,9.64283,9.64495,1.82,1.00
2016.01.14 11:03:53.739,9.64283,9.64495,1.07,1.00
2016.01.14 11:03:54.286,9.64283,9.64495,1.00,1.00
2016.01.14 11:03:56.499,9.64283,9.64495,1.07,1.00
2016.01.14 11:03:56.674,9.64283,9.64495,1.00,1.00
2016.01.14 11:03:57.932,9.64283,9.64495,1.07,1.00
2016.01.14 11:03:58.105,9.64283,9.64495,1.00,1.00
2016.01.14 11:03:58.445,9.64264,9.64476,1.10,1.00
2016.01.14 11:03:58.771,9.64237,9.64436,1.12,1.00
2016.01.14 11:03:59.880,9.64237,9.64436,1.12,1.00
2016.01.14 11:04:00.194,9.64229,9.64436,1.12,1.00
2016.01.14 11:04:00.862,9.64252,9.64436,1.20,1.00
2016.01.14 11:04:01.219,9.64252,9.64436,1.12,1.00
2016.01.14 11:04:01.422,9.6424,9.64436,1.20,1.00
2016.01.14 11:04:02.423,9.6424,9.64436,1.12,1.00
2016.01.14 11:04:02.973,9.6424,9.64436,1.45,1.00
2016.01.14 11:04:03.392,9.64224,9.64436,1.37,1.00
2016.01.14 11:04:03.443,9.64224,9.64436,1.00,1.00
2016.01.14 11:04:05.354,9.64168,9.6438,1.75,1.00
2016.01.14 11:04:05.456,9.64197,9.64409,1.37,1.00
2016.01.14 11:04:05.562,9.64211,9.64423,1.37,1.00
2016.01.14 11:04:05.765,9.64197,9.64403,1.37,1.58
2016.01.14 11:04:06.101,9.64134,9.64236,2.25,1.85
2016.01.14 11:04:06.153,9.64134,9.64236,1.50,1.67
2016.01.14 11:04:06.255,9.6403,9.64236,1.00,1.28
2016.01.14 11:04:06.357,9.63965,9.64177,1.00,1.00
2016.01.14 11:04:06.459,9.63797,9.64009,1.00,1.00
2016.01.14 11:04:06.764,9.63674,9.63886,1.12,1.00
2016.01.14 11:04:07.089,9.63623,9.63835,1.37,1.00
2016.01.14 11:04:07.192,9.63638,9.6385,1.37,1.00
2016.01.14 11:04:07.345,9.63638,9.6385,1.00,1.00
2016.01.14 11:04:08.113,9.63638,9.6385,1.37,1.00
2016.01.14 11:04:09.462,9.63622,9.63834,1.37,1.00
2016.01.14 11:04:09.791,9.63554,9.64016,1.37,1.50
2016.01.14 11:04:09.913,9.63554,9.64016,1.00,1.50
2016.01.14 11:04:10.120,9.63554,9.64016,1.00,1.87
2016.01.14 11:04:10.440,9.63564,9.64016,1.00,1.95
2016.01.14 11:04:10.765,9.63614,9.64022,1.50,1.12
2016.01.14 11:04:11.154,9.63684,9.64143,1.50,1.12
2016.01.14 11:04:11.207,9.63684,9.64143,1.50,1.12
2016.01.14 11:04:11.310,9.63684,9.64156,1.50,1.87
2016.01.14 11:04:11.361,9.63684,9.64156,1.50,1.50
2016.01.14 11:04:11.972,9.63654,9.6424,1.00,1.00
2016.01.14 11:04:12.296,9.63654,9.6428,1.00,1.57
2016.01.14 11:04:12.397,9.63644,9.6428,1.50,1.57
2016.01.14 11:04:14.594,9.63654,9.6428,1.00,1.57
2016.01.14 11:04:15.005,9.63837,9.64049,1.00,1.00
2016.01.14 11:04:15.335,9.63766,9.63978,1.00,1.00
2016.01.14 11:04:15.665,9.63732,9.63944,1.00,1.00
2016.01.14 11:04:15.993,9.6369,9.63902,1.00,1.00
2016.01.14 11:04:16.308,9.63704,9.63916,1.00,1.00
2016.01.14 11:04:16.783,9.63686,9.63898,1.00,1.00
2016.01.14 11:04:19.884,9.63686,9.63898,1.37,1.00
2016.01.14 11:04:19.986,9.63724,9.63918,1.37,1.00
2016.01.14 11:04:20.037,9.63724,9.63936,1.37,1.00
2016.01.14 11:04:20.088,9.63707,9.63919,1.37,1.00
2016.01.14 11:04:20.189,9.63728,9.6394,1.37,1.00
2016.01.14 11:04:20.291,9.63726,9.63938,1.37,1.00
2016.01.14 11:04:20.576,9.63766,9.63978,1.37,1.00
2016.01.14 11:04:20.678,9.63746,9.63952,1.37,1.00
2016.01.14 11:04:20.780,9.63759,9.63971,1.37,1.00
2016.01.14 11:04:20.882,9.63764,9.63978,1.37,1.00
2016.01.14 11:04:20.985,9.63779,9.63991,1.00,1.00
2016.01.14 11:04:21.088,9.63761,9.63973,1.37,1.00
2016.01.14 11:04:21.404,9.63748,9.6396,1.37,1.00
2016.01.14 11:04:21.506,9.63766,9.63978,1.37,1.00
2016.01.14 11:04:21.557,9.63766,9.63978,1.37,1.00
2016.01.14 11:04:21.712,9.63814,9.64028,1.37,1.00
2016.01.14 11:04:21.817,9.638,9.64012,1.37,1.00
2016.01.14 11:04:21.869,9.638,9.64012,1.37,1.00
2016.01.14 11:04:21.920,9.63787,9.64001,1.37,1.00
2016.01.14 11:04:22.178,9.63791,9.64003,1.37,1.00
2016.01.14 11:04:22.614,9.63777,9.63989,1.37,1.00
2016.01.14 11:04:22.821,9.63793,9.64005,1.37,1.00
2016.01.14 11:04:22.873,9.63793,9.64005,1.00,1.00
2016.01.14 11:04:22.924,9.63779,9.63991,1.37,1.00
2016.01.14 11:04:23.245,9.63758,9.6397,1.37,1.00
2016.01.14 11:04:23.296,9.63779,9.6399,1.37,1.00
2016.01.14 11:04:23.399,9.63763,9.63975,1.37,1.00
2016.01.14 11:04:23.502,9.63777,9.63989,1.37,1.00
2016.01.14 11:04:24.392,9.6376,9.63972,1.37,1.00
2016.01.14 11:04:24.494,9.63774,9.63986,1.37,1.00
2016.01.14 11:04:24.697,9.63757,9.63969,1.37,1.00
2016.01.14 11:04:24.799,9.63777,9.63989,1.37,1.00
2016.01.14 11:04:24.850,9.63777,9.63989,1.00,1.00
2016.01.14 11:04:24.902,9.63758,9.6397,1.00,1.00
2016.01.14 11:04:26.310,9.63779,9.63992,1.00,1.00
2016.01.14 11:04:26.412,9.6376,9.63972,1.00,1.00
2016.01.14 11:04:26.759,9.63753,9.63965,1.00,1.00
2016.01.14 11:04:28.315,9.63753,9.63931,1.00,1.00
2016.01.14 11:04:28.417,9.63699,9.63911,1.00,1.00
2016.01.14 11:04:29.007,9.63716,9.63928,1.00,1.00
2016.01.14 11:04:29.312,9.63714,9.63926,1.00,1.00
2016.01.14 11:04:31.042,9.63693,9.63905,1.00,1.00
2016.01.14 11:04:32.047,9.63679,9.63891,1.00,1.00
2016.01.14 11:04:32.446,9.63705,9.63917,1.00,1.00
2016.01.14 11:04:32.547,9.63693,9.63907,1.00,1.00
2016.01.14 11:04:32.925,9.6368,9.63892,1.00,1.00
2016.01.14 11:04:33.231,9.63701,9.63909,1.00,1.00
2016.01.14 11:04:33.283,9.63701,9.63913,1.00,1.00
2016.01.14 11:04:33.334,9.63685,9.63897,1.00,1.00
2016.01.14 11:04:33.658,9.63682,9.63894,1.00,1.00
2016.01.14 11:04:33.997,9.63661,9.63873,1.00,1.00
2016.01.14 11:04:34.303,9.63666,9.63878,1.00,1.00
2016.01.14 11:04:35.353,9.63681,9.63893,1.00,1.00
2016.01.14 11:04:35.682,9.63665,9.63877,1.00,1.00
2016.01.14 11:04:39.919,9.63688,9.63897,1.00,1.00
2016.01.14 11:04:39.970,9.63688,9.639,1.00,1.00
2016.01.14 11:04:40.328,9.6367,9.63884,1.00,1.00
2016.01.14 11:04:40.624,9.63657,9.63869,1.00,1.00
2016.01.14 11:04:40.930,9.63682,9.63894,1.00,1.00
2016.01.14 11:04:41.235,9.63696,9.63908,1.00,1.00
2016.01.14 11:04:41.586,9.63682,9.63894,1.00,1.00
2016.01.14 11:04:41.932,9.63679,9.63891,1.00,1.00
2016.01.14 11:04:42.434,9.63702,9.63911,1.00,1.00
2016.01.14 11:04:42.485,9.63702,9.63914,1.00,1.00
2016.01.14 11:04:42.536,9.63683,9.63895,1.00,1.00
2016.01.14 11:04:43.438,9.63702,9.63914,1.00,1.00
2016.01.14 11:04:43.742,9.63689,9.63901,1.00,1.00
2016.01.14 11:04:44.048,9.63687,9.63899,1.50,1.00
2016.01.14 11:04:44.374,9.63683,9.63895,1.00,1.00
2016.01.14 11:04:44.678,9.63681,9.63893,1.00,1.00
2016.01.14 11:04:44.996,9.63688,9.639,1.37,1.00
2016.01.14 11:04:45.047,9.63705,9.63917,1.37,1.00
2016.01.14 11:04:45.148,9.63689,9.63901,1.37,1.00
2016.01.14 11:04:45.485,9.63715,9.63927,1.37,1.00
2016.01.14 11:04:45.538,9.63726,9.63938,1.37,1.00
2016.01.14 11:04:45.748,9.63706,9.63917,1.37,1.00
2016.01.14 11:04:45.850,9.63723,9.63935,1.37,1.00
2016.01.14 11:04:45.952,9.63702,9.63908,1.37,1.00
2016.01.14 11:04:46.053,9.63724,9.63928,1.37,1.00
2016.01.14 11:04:46.104,9.63724,9.63936,1.37,1.00
2016.01.14 11:04:46.156,9.63704,9.63912,1.37,1.00
2016.01.14 11:04:46.257,9.63728,9.63932,1.37,1.00
2016.01.14 11:04:46.309,9.63728,9.6394,1.37,1.00
2016.01.14 11:04:46.855,9.63728,9.6394,1.37,1.00
2016.01.14 11:04:47.030,9.6371,9.63922,1.37,1.00
2016.01.14 11:04:47.670,9.63724,9.63936,1.37,1.00
2016.01.14 11:04:47.772,9.63703,9.63915,1.87,1.00
2016.01.14 11:04:47.874,9.63723,9.63935,1.37,1.00
2016.01.14 11:04:47.925,9.63723,9.63937,1.37,1.00
2016.01.14 11:04:47.976,9.63704,9.63914,1.37,1.00
2016.01.14 11:04:48.078,9.63704,9.63916,1.37,1.00
2016.01.14 11:04:48.136,9.63718,9.6393,1.37,1.00
2016.01.14 11:04:48.751,9.63698,9.63904,1.37,1.00
2016.01.14 11:04:48.853,9.63712,9.63924,1.37,1.50
2016.01.14 11:04:49.343,9.63697,9.63909,1.37,1.00
2016.01.14 11:04:49.445,9.63718,9.63929,1.37,1.00
2016.01.14 11:04:49.547,9.63697,9.63909,1.87,1.00
2016.01.14 11:04:49.648,9.63718,9.63929,1.37,1.00
2016.01.14 11:04:49.880,9.63698,9.6391,1.87,1.00
2016.01.14 11:04:49.982,9.63718,9.6393,1.37,1.50
2016.01.14 11:04:50.186,9.63701,9.63915,1.37,1.00
2016.01.14 11:04:50.237,9.63716,9.63928,1.37,1.00
2016.01.14 11:04:50.339,9.63718,9.6393,1.37,1.00
2016.01.14 11:04:50.568,9.63699,9.63911,1.37,1.00
2016.01.14 11:04:50.670,9.63723,9.63931,1.37,1.00
2016.01.14 11:04:50.721,9.63723,9.63935,1.37,1.00
2016.01.14 11:04:50.887,9.63703,9.6391,1.37,1.00
2016.01.14 11:04:51.041,9.63723,9.63928,1.37,1.00
2016.01.14 11:04:51.143,9.63705,9.63917,1.37,1.00
2016.01.14 11:04:51.346,9.63727,9.63936,1.37,1.00
2016.01.14 11:04:51.398,9.63727,9.63939,1.37,1.00
2016.01.14 11:04:51.573,9.63707,9.63915,1.37,1.00
2016.01.14 11:04:51.666,9.63719,9.63931,1.37,1.00
2016.01.14 11:04:51.768,9.63723,9.63935,1.37,1.00
2016.01.14 11:04:51.871,9.63702,9.6391,1.37,1.00
2016.01.14 11:04:51.973,9.6372,9.6393,1.37,1.00
2016.01.14 11:04:52.024,9.6372,9.63932,1.37,1.00
2016.01.14 11:04:52.075,9.63717,9.63929,1.37,1.00
2016.01.14 11:04:52.278,9.63723,9.63933,1.37,1.00
2016.01.14 11:04:52.329,9.63723,9.63935,1.37,1.00
2016.01.14 11:04:52.380,9.63703,9.63914,1.37,1.00
2016.01.14 11:04:52.482,9.63723,9.63934,1.37,1.00
2016.01.14 11:04:52.584,9.63703,9.6391,1.37,1.00
2016.01.14 11:04:52.799,9.63717,9.63929,1.37,1.50
2016.01.14 11:04:52.851,9.637,9.63912,1.37,1.00
2016.01.14 11:04:52.954,9.63722,9.63932,1.37,1.00
2016.01.14 11:04:53.005,9.63722,9.63934,1.37,1.00
2016.01.14 11:04:53.891,9.63702,9.63912,1.37,1.00
2016.01.14 11:04:53.993,9.63722,9.63932,1.37,1.00
2016.01.14 11:04:54.095,9.63722,9.63934,1.37,1.00
2016.01.14 11:04:54.147,9.63722,9.63932,1.37,1.00
2016.01.14 11:04:54.249,9.63722,9.63934,1.37,1.00
2016.01.14 11:04:54.453,9.63702,9.63911,1.37,1.00
2016.01.14 11:04:54.555,9.63722,9.63931,1.37,1.00
2016.01.14 11:04:54.606,9.63722,9.63934,1.37,1.00
2016.01.14 11:04:54.657,9.63716,9.63928,1.37,1.00
2016.01.14 11:04:54.862,9.63722,9.63934,1.37,1.50
2016.01.14 11:04:54.964,9.63715,9.63927,1.37,1.00
2016.01.14 11:04:55.305,9.63698,9.6391,1.37,1.00
2016.01.14 11:04:55.357,9.63718,9.6393,1.37,1.50
2016.01.14 11:04:55.459,9.63699,9.63911,1.37,1.00
2016.01.14 11:04:55.561,9.63703,9.63915,1.37,1.00
2016.01.14 11:04:55.663,9.63723,9.63936,1.37,1.00
2016.01.14 11:04:55.764,9.63722,9.63934,1.37,1.00
2016.01.14 11:04:56.087,9.63703,9.63915,1.37,1.00
2016.01.14 11:04:56.188,9.63723,9.63935,1.37,1.50
2016.01.14 11:04:56.355,9.63703,9.63915,1.87,1.00
2016.01.14 11:04:56.559,9.63722,9.63931,1.37,1.00
2016.01.14 11:04:56.610,9.63722,9.63934,1.37,1.00
2016.01.14 11:04:56.992,9.63725,9.63937,1.37,1.00
2016.01.14 11:04:57.089,9.63723,9.63935,1.37,1.00
2016.01.14 11:04:57.394,9.63695,9.63907,1.37,1.00
2016.01.14 11:04:57.597,9.63733,9.63922,1.37,1.00
2016.01.14 11:04:57.648,9.63733,9.63945,1.37,1.00
2016.01.14 11:04:57.699,9.63713,9.63921,1.37,1.00
2016.01.14 11:04:58.014,9.637,9.63912,1.37,1.00
2016.01.14 11:04:58.066,9.63718,9.6393,1.37,1.00
2016.01.14 11:04:58.397,9.63703,9.63915,1.37,1.00
2016.01.14 11:04:58.499,9.6372,9.63932,1.37,1.00
2016.01.14 11:04:59.019,9.6372,9.63932,1.37,1.00
2016.01.14 11:04:59.073,9.63705,9.63917,1.37,1.00
2016.01.14 11:04:59.175,9.63725,9.63937,1.37,1.50
2016.01.14 11:04:59.669,9.63711,9.63923,1.37,1.00
2016.01.14 11:04:59.771,9.63725,9.63937,1.37,1.00
2016.01.14 11:04:59.874,9.63705,9.63913,1.37,1.00
2016.01.14 11:04:59.975,9.63725,9.63932,1.37,1.00
2016.01.14 11:05:00.026,9.63725,9.63937,1.37,1.00
2016.01.14 11:05:00.129,9.63728,9.6394,1.37,1.00
2016.01.14 11:05:00.282,9.63711,9.63923,1.37,1.00
2016.01.14 11:05:00.385,9.63729,9.63941,1.37,1.00
2016.01.14 11:05:00.487,9.6371,9.63922,1.37,1.00
2016.01.14 11:05:00.707,9.63728,9.63942,1.37,1.50
2016.01.14 11:05:00.809,9.63723,9.63935,1.37,1.00
2016.01.14 11:05:00.961,9.63727,9.63939,1.37,1.00
2016.01.14 11:05:01.064,9.63708,9.6392,1.37,1.00
2016.01.14 11:05:01.211,9.63731,9.6394,1.37,1.00
2016.01.14 11:05:01.263,9.63716,9.63928,1.37,1.00
2016.01.14 11:05:02.075,9.6373,9.63942,1.37,1.00
2016.01.14 11:05:02.239,9.63704,9.63916,1.37,1.00
2016.01.14 11:05:02.291,9.63726,9.63936,1.37,1.00
2016.01.14 11:05:02.343,9.63726,9.63938,1.37,1.00
2016.01.14 11:05:02.394,9.63706,9.63912,1.37,1.00
2016.01.14 11:05:02.497,9.63725,9.63933,1.37,1.00
2016.01.14 11:05:02.548,9.63725,9.63937,1.37,1.00
2016.01.14 11:05:02.599,9.63732,9.63944,1.37,1.00
2016.01.14 11:05:02.701,9.63727,9.63939,1.37,1.00
2016.01.14 11:05:03.108,9.63707,9.63918,1.37,1.00
2016.01.14 11:05:03.213,9.63724,9.63936,1.37,1.00
2016.01.14 11:05:03.444,9.63704,9.63916,1.37,1.00
2016.01.14 11:05:03.692,9.63726,9.63936,1.37,1.00
2016.01.14 11:05:03.743,9.63726,9.63938,1.37,1.00
2016.01.14 11:05:03.794,9.63706,9.63916,1.37,1.00
2016.01.14 11:05:03.997,9.63728,9.63936,1.37,1.00
2016.01.14 11:05:04.048,9.63728,9.6394,1.37,1.00
2016.01.14 11:05:04.302,9.63708,9.63917,1.37,1.00
2016.01.14 11:05:04.403,9.63728,9.63937,1.37,1.00
2016.01.14 11:05:04.454,9.63728,9.6394,1.37,1.00
2016.01.14 11:05:04.681,9.63708,9.6392,1.87,1.00
2016.01.14 11:05:04.783,9.63731,9.6394,1.37,1.00
2016.01.14 11:05:04.834,9.63731,9.63943,1.37,1.00
2016.01.14 11:05:04.885,9.63711,9.6392,1.37,1.00
2016.01.14 11:05:04.987,9.63733,9.6394,1.37,1.00
2016.01.14 11:05:05.038,9.63733,9.63945,1.37,1.00
2016.01.14 11:05:05.089,9.63713,9.63922,1.37,1.00
2016.01.14 11:05:05.309,9.63731,9.63942,1.37,1.00
2016.01.14 11:05:05.512,9.63711,9.63921,1.37,1.00
2016.01.14 11:05:05.614,9.63731,9.63941,1.37,1.00
2016.01.14 11:05:05.665,9.63731,9.63943,1.37,1.00
2016.01.14 11:05:06.373,9.6371,9.6392,1.37,1.00
2016.01.14 11:05:06.474,9.63731,9.6394,1.37,1.00
2016.01.14 11:05:06.773,9.63709,9.63919,1.37,1.00
2016.01.14 11:05:06.875,9.63729,9.63939,1.37,1.00
2016.01.14 11:05:06.977,9.63729,9.63941,1.37,1.00
2016.01.14 11:05:07.242,9.63732,9.63944,1.37,1.00
2016.01.14 11:05:07.396,9.63716,9.63928,1.37,1.00
2016.01.14 11:05:07.498,9.63734,9.63946,1.37,1.00
2016.01.14 11:05:07.701,9.63713,9.63925,1.37,1.00
2016.01.14 11:05:07.905,9.63719,9.63927,1.37,1.00
2016.01.14 11:05:07.956,9.63719,9.63931,1.37,1.00
2016.01.14 11:05:08.478,9.63704,9.63916,1.37,1.00
2016.01.14 11:05:08.580,9.63718,9.6393,1.37,1.00
2016.01.14 11:05:08.681,9.63699,9.63911,1.37,1.00
2016.01.14 11:05:08.986,9.63703,9.63915,1.37,1.00
2016.01.14 11:05:09.170,9.63726,9.63938,1.37,1.00
2016.01.14 11:05:09.373,9.63726,9.63934,1.37,1.00
2016.01.14 11:05:09.626,9.63725,9.63937,1.37,1.00
2016.01.14 11:05:09.728,9.63708,9.63922,1.37,1.00
2016.01.14 11:05:09.830,9.63728,9.6394,1.37,1.00
2016.01.14 11:05:09.982,9.63712,9.63924,1.37,1.00
2016.01.14 11:05:10.084,9.63735,9.63947,1.37,1.00
2016.01.14 11:05:10.299,9.6371,9.63924,1.37,1.00
2016.01.14 11:05:10.706,9.63735,9.63947,1.37,1.00
2016.01.14 11:05:10.757,9.63735,9.63944,1.37,1.00
2016.01.14 11:05:10.910,9.63735,9.63947,1.37,1.00
2016.01.14 11:05:11.012,9.63724,9.63936,1.37,1.00
2016.01.14 11:05:11.114,9.63746,9.63958,1.00,1.00
2016.01.14 11:05:11.165,9.63746,9.63953,1.00,1.00
2016.01.14 11:05:11.469,9.63731,9.63939,1.37,1.00
2016.01.14 11:05:11.520,9.63751,9.63963,1.00,1.00
2016.01.14 11:05:11.673,9.63751,9.63957,1.00,1.00
2016.01.14 11:05:11.928,9.63755,9.63967,1.00,1.00
2016.01.14 11:05:12.234,9.63738,9.6395,1.37,1.00
2016.01.14 11:05:12.336,9.63753,9.63965,1.00,1.00
2016.01.14 11:05:12.489,9.63737,9.63949,1.37,1.00
2016.01.14 11:05:12.591,9.63749,9.63961,1.00,1.00
2016.01.14 11:05:12.995,9.63736,9.63948,1.37,1.00
2016.01.14 11:05:13.098,9.63743,9.63955,1.37,1.00
2016.01.14 11:05:13.200,9.63751,9.63963,1.00,1.00
2016.01.14 11:05:13.302,9.63741,9.63953,1.37,1.00
2016.01.14 11:05:13.505,9.63757,9.63969,1.00,1.00
2016.01.14 11:05:13.607,9.63761,9.63973,1.00,1.00
2016.01.14 11:05:13.945,9.63734,9.63946,1.37,1.00
2016.01.14 11:05:14.098,9.63737,9.63949,1.37,1.00
2016.01.14 11:05:14.200,9.63765,9.63977,1.00,1.00
2016.01.14 11:05:14.302,9.63734,9.63948,1.37,1.00
2016.01.14 11:05:14.606,9.63772,9.63986,1.37,1.00
2016.01.14 11:05:14.809,9.63779,9.63991,1.37,1.00
2016.01.14 11:05:15.028,9.63758,9.6397,1.37,1.00
2016.01.14 11:05:15.130,9.63772,9.63984,1.37,1.00
2016.01.14 11:05:15.232,9.63752,9.63964,1.37,1.00
2016.01.14 11:05:15.334,9.6377,9.63982,1.00,1.00
2016.01.14 11:05:15.537,9.63755,9.63967,1.00,1.00
2016.01.14 11:05:15.843,9.63728,9.6394,1.75,1.00
2016.01.14 11:05:16.003,9.63768,9.6398,1.37,1.00
2016.01.14 11:05:16.106,9.63762,9.63976,1.37,1.00
2016.01.14 11:05:16.413,9.63746,9.63958,1.75,1.00
2016.01.14 11:05:16.518,9.63765,9.63979,1.37,1.00
2016.01.14 11:05:16.569,9.63765,9.63979,1.00,1.00
2016.01.14 11:05:16.621,9.6377,9.63982,1.00,1.00
2016.01.14 11:05:16.962,9.63804,9.64016,1.37,1.07
2016.01.14 11:05:17.013,9.63804,9.64016,1.37,1.00
2016.01.14 11:05:17.622,9.63787,9.63999,1.37,1.00
2016.01.14 11:05:17.725,9.63804,9.64016,1.37,1.00
2016.01.14 11:05:18.323,9.63804,9.64016,1.37,1.00
2016.01.14 11:05:22.354,9.63822,9.64034,1.37,1.00
2016.01.14 11:05:22.590,9.63807,9.64019,1.37,1.00
2016.01.14 11:05:22.816,9.63829,9.64041,1.37,1.00
2016.01.14 11:05:22.918,9.63815,9.64027,1.37,1.00
2016.01.14 11:05:23.526,9.63792,9.64004,1.37,1.00
2016.01.14 11:05:23.729,9.63806,9.64018,1.37,1.00
2016.01.14 11:05:24.933,9.63792,9.64004,1.37,1.00
2016.01.14 11:05:25.035,9.63807,9.64019,1.37,1.00
2016.01.14 11:05:25.238,9.63822,9.64034,1.37,1.00
2016.01.14 11:05:25.855,9.63808,9.6402,1.37,1.00
2016.01.14 11:05:25.956,9.63822,9.64034,1.37,1.07
2016.01.14 11:05:26.333,9.63822,9.64034,1.37,1.00
2016.01.14 11:05:27.360,9.63822,9.64034,1.37,1.00
2016.01.14 11:05:27.462,9.63836,9.64048,1.37,1.00
2016.01.14 11:05:27.565,9.63815,9.64027,1.37,1.00
2016.01.14 11:05:27.869,9.63819,9.64031,1.37,1.00
2016.01.14 11:05:27.971,9.63821,9.64033,1.37,1.00
2016.01.14 11:05:28.022,9.63812,9.64024,1.37,1.00
2016.01.14 11:05:28.259,9.63835,9.64047,1.37,1.00
2016.01.14 11:05:28.310,9.63835,9.64043,1.37,1.00
2016.01.14 11:05:28.848,9.6381,9.64022,1.37,1.00
2016.01.14 11:05:28.949,9.63829,9.64041,1.37,1.00
2016.01.14 11:05:29.000,9.63829,9.64039,1.37,1.00
2016.01.14 11:05:29.526,9.63808,9.6402,1.37,1.00
2016.01.14 11:05:29.628,9.63829,9.64041,1.37,1.00
2016.01.14 11:05:29.966,9.63812,9.64024,1.37,1.00
2016.01.14 11:05:30.068,9.63832,9.64044,1.37,1.50
2016.01.14 11:05:30.271,9.63836,9.64048,1.37,1.00
2016.01.14 11:05:30.373,9.63816,9.64024,1.37,1.00
2016.01.14 11:05:30.512,9.63834,9.64048,1.37,1.00
2016.01.14 11:05:30.947,9.63815,9.64025,1.37,1.00
2016.01.14 11:05:31.049,9.63836,9.64045,1.37,1.00
2016.01.14 11:05:31.100,9.63836,9.64048,1.37,1.00
2016.01.14 11:05:31.151,9.63843,9.64055,1.37,1.00
2016.01.14 11:05:31.253,9.63822,9.64031,1.37,1.00
2016.01.14 11:05:31.444,9.63839,9.64051,1.37,1.00
2016.01.14 11:05:31.495,9.63839,9.64043,1.37,1.00
2016.01.14 11:05:31.647,9.6384,9.64045,1.37,1.00
2016.01.14 11:05:31.749,9.63821,9.64032,1.37,1.00
2016.01.14 11:05:31.851,9.63838,9.6405,1.37,1.00
2016.01.14 11:05:31.953,9.63818,9.64025,1.37,1.00
2016.01.14 11:05:32.056,9.63845,9.64045,1.37,1.00
2016.01.14 11:05:32.107,9.63845,9.64057,1.37,1.00
2016.01.14 11:05:32.209,9.63845,9.64057,1.37,1.07
2016.01.14 11:05:32.487,9.63842,9.64054,1.37,1.00
2016.01.14 11:05:32.767,9.63846,9.64051,1.37,1.00
2016.01.14 11:05:32.818,9.63846,9.64058,1.37,1.00
2016.01.14 11:05:32.869,9.63826,9.64036,1.37,1.00
2016.01.14 11:05:32.971,9.63853,9.64056,1.37,1.00
2016.01.14 11:05:33.022,9.63853,9.64065,1.37,1.00
2016.01.14 11:05:33.175,9.63835,9.64047,1.37,1.00
2016.01.14 11:05:33.380,9.63861,9.64067,1.37,1.00
2016.01.14 11:05:33.431,9.63861,9.64073,1.37,1.07
2016.01.14 11:05:33.482,9.63874,9.64088,1.00,1.37
2016.01.14 11:05:33.735,9.63868,9.64073,1.37,1.00
2016.01.14 11:05:33.825,9.63868,9.6408,1.37,1.00
2016.01.14 11:05:33.877,9.63882,9.64096,1.00,1.37
2016.01.14 11:05:34.284,9.63897,9.64109,1.00,1.57
2016.01.14 11:05:34.387,9.63877,9.64086,1.37,1.00
2016.01.14 11:05:34.439,9.6389,9.64102,1.00,1.00
2016.01.14 11:05:34.542,9.63907,9.64119,1.00,1.00
2016.01.14 11:05:34.914,9.6389,9.64132,1.37,1.50
2016.01.14 11:05:35.067,9.63924,9.64136,1.37,1.00
2016.01.14 11:05:35.170,9.63926,9.64138,1.37,1.00
2016.01.14 11:05:35.273,9.63906,9.6411,1.37,1.00
2016.01.14 11:05:35.375,9.63907,9.64119,1.37,1.00
2016.01.14 11:05:35.477,9.63914,9.64126,1.37,1.00
2016.01.14 11:05:35.579,9.63925,9.64132,1.12,1.00
2016.01.14 11:05:35.680,9.6395,9.64152,1.45,1.00
2016.01.14 11:05:35.732,9.6395,9.64162,1.45,1.00
2016.01.14 11:05:35.833,9.6395,9.64162,1.45,1.00
2016.01.14 11:05:35.885,9.63969,9.64181,1.37,1.00
2016.01.14 11:05:36.050,9.63967,9.64179,1.37,1.00
2016.01.14 11:05:36.153,9.63973,9.64185,1.00,1.00
2016.01.14 11:05:36.254,9.6397,9.64182,1.00,1.00
2016.01.14 11:05:36.561,9.63967,9.64177,1.00,1.00
2016.01.14 11:05:36.663,9.63965,9.64177,1.00,1.00
2016.01.14 11:05:36.765,9.63961,9.64175,1.00,1.00
2016.01.14 11:05:36.968,9.63982,9.64194,1.00,1.00
2016.01.14 11:05:37.286,9.63986,9.64198,1.00,1.00
2016.01.14 11:05:37.592,9.63975,9.64187,1.00,1.00
2016.01.14 11:05:37.924,9.63975,9.64187,1.37,1.00
2016.01.14 11:05:37.975,9.64,9.64207,1.00,1.00
2016.01.14 11:05:38.026,9.64,9.64212,1.00,1.00
2016.01.14 11:05:38.179,9.63985,9.64197,1.37,1.00
2016.01.14 11:05:38.331,9.63969,9.64181,1.00,1.00
2016.01.14 11:05:38.484,9.63998,9.64202,1.00,1.00
2016.01.14 11:05:38.535,9.63998,9.6421,1.00,1.00
2016.01.14 11:05:38.612,9.64003,9.64215,1.00,1.00
2016.01.14 11:05:38.917,9.63967,9.64179,1.00,1.00
2016.01.14 11:05:40.992,9.63983,9.64197,1.00,1.00
2016.01.14 11:05:41.364,9.6397,9.64182,1.00,1.00
2016.01.14 11:05:41.668,9.63956,9.64168,1.00,1.00
2016.01.14 11:05:41.988,9.6396,9.64172,1.00,1.00
2016.01.14 11:05:46.665,9.63975,9.64187,1.00,1.00
2016.01.14 11:05:47.007,9.63972,9.64179,1.00,1.00
2016.01.14 11:05:47.058,9.63967,9.64179,1.00,1.00
2016.01.14 11:05:47.109,9.63982,9.64194,1.00,1.00
2016.01.14 11:05:47.363,9.63986,9.642,1.00,1.00
2016.01.14 11:05:47.567,9.63989,9.64201,1.00,1.00
2016.01.14 11:05:47.772,9.63971,9.64185,1.00,1.00
2016.01.14 11:05:47.875,9.63996,9.64204,1.00,1.00
2016.01.14 11:05:47.990,9.6398,9.64192,1.00,1.00
2016.01.14 11:05:48.093,9.63978,9.6419,1.00,1.00
2016.01.14 11:05:48.406,9.64014,9.64226,1.00,1.00
2016.01.14 11:05:48.711,9.64012,9.64224,1.00,1.00
2016.01.14 11:05:49.060,9.63989,9.64201,1.00,1.00
2016.01.14 11:05:49.364,9.63982,9.64194,1.00,1.00
2016.01.14 11:05:50.097,9.63998,9.6421,1.00,1.00
2016.01.14 11:05:50.234,9.63982,9.64196,1.00,1.00
2016.01.14 11:05:51.157,9.63983,9.64196,1.00,1.00
2016.01.14 11:05:51.209,9.64003,9.64215,1.00,1.00
2016.01.14 11:05:51.539,9.63988,9.642,1.00,1.00
2016.01.14 11:05:51.851,9.64004,9.64208,1.00,1.00
2016.01.14 11:05:51.903,9.63976,9.64188,1.00,1.00
2016.01.14 11:05:52.005,9.63981,9.64193,1.00,1.00
2016.01.14 11:05:52.107,9.64009,9.64223,1.00,1.00
2016.01.14 11:05:52.158,9.64009,9.64214,1.00,1.00
2016.01.14 11:05:52.209,9.63982,9.64194,1.00,1.00
2016.01.14 11:05:52.311,9.63991,9.64203,1.00,1.00
2016.01.14 11:05:52.612,9.64013,9.64227,1.00,1.00
2016.01.14 11:05:52.917,9.64017,9.64231,1.00,1.00
2016.01.14 11:05:53.223,9.64003,9.64215,1.00,1.00
2016.01.14 11:05:53.543,9.64007,9.64219,1.00,1.00
2016.01.14 11:05:53.848,9.64019,9.64231,1.00,1.00
2016.01.14 11:05:54.157,9.64004,9.64205,1.37,1.00
2016.01.14 11:05:54.208,9.64024,9.64236,1.00,1.00
2016.01.14 11:05:54.310,9.64021,9.64233,1.00,1.00
2016.01.14 11:05:54.614,9.63988,9.642,1.37,1.00
2016.01.14 11:05:54.997,9.6402,9.64232,1.00,1.00
2016.01.14 11:05:55.099,9.63982,9.64194,1.00,1.00
2016.01.14 11:05:55.426,9.64019,9.64231,1.00,1.00
2016.01.14 11:05:55.731,9.6404,9.64254,1.00,1.00
2016.01.14 11:05:56.040,9.6404,9.64254,1.75,1.00
2016.01.14 11:05:56.194,9.6406,9.64274,1.75,1.00
2016.01.14 11:05:56.296,9.64103,9.64315,1.37,1.00
2016.01.14 11:05:56.397,9.64129,9.64341,1.37,1.00
2016.01.14 11:05:56.499,9.64125,9.64337,1.37,1.00
2016.01.14 11:05:56.804,9.64149,9.64361,1.37,1.00
2016.01.14 11:05:56.906,9.64165,9.64377,1.37,1.00
2016.01.14 11:05:57.008,9.64182,9.64394,1.00,1.00
2016.01.14 11:05:57.119,9.64182,9.64391,1.00,1.00
2016.01.14 11:05:57.434,9.64162,9.64374,1.37,1.00
2016.01.14 11:05:57.586,9.6417,9.64382,1.37,1.00
2016.01.14 11:05:57.688,9.64173,9.64385,1.37,1.00
2016.01.14 11:05:57.790,9.64157,9.64369,1.37,1.00
2016.01.14 11:05:57.891,9.64167,9.64379,1.37,1.00
2016.01.14 11:05:57.993,9.64142,9.64354,1.45,1.00
2016.01.14 11:05:58.095,9.6417,9.64384,1.37,1.00
2016.01.14 11:05:58.210,9.64168,9.6438,1.37,1.00
2016.01.14 11:05:58.566,9.64168,9.64376,1.37,1.00
2016.01.14 11:05:58.718,9.64168,9.6438,1.37,1.00
2016.01.14 11:05:58.769,9.64168,9.64376,1.37,1.00
2016.01.14 11:05:58.922,9.64168,9.6438,1.37,1.00
2016.01.14 11:05:59.094,9.64143,9.64355,1.37,1.00
2016.01.14 11:05:59.285,9.64167,9.64379,1.37,1.00
2016.01.14 11:05:59.388,9.64143,9.64355,1.37,1.00
2016.01.14 11:05:59.699,9.64168,9.6438,1.37,1.00
2016.01.14 11:05:59.902,9.64147,9.64359,1.37,1.00
2016.01.14 11:06:00.165,9.64163,9.64375,1.37,1.00
2016.01.14 11:06:00.218,9.64139,9.64351,1.37,1.00
2016.01.14 11:06:00.320,9.64167,9.64379,1.37,1.00
2016.01.14 11:06:00.371,9.64167,9.64374,1.37,1.00
2016.01.14 11:06:00.675,9.64152,9.64357,1.37,1.00
2016.01.14 11:06:00.727,9.64172,9.64384,1.37,1.00
2016.01.14 11:06:00.881,9.64172,9.64378,1.37,1.00
2016.01.14 11:06:01.034,9.64172,9.64384,1.37,1.00
2016.01.14 11:06:01.085,9.64172,9.64377,1.37,1.00
2016.01.14 11:06:01.389,9.64152,9.64361,1.37,1.00
2016.01.14 11:06:01.440,9.64171,9.64385,1.37,1.00
2016.01.14 11:06:01.491,9.64171,9.64371,1.37,1.00
2016.01.14 11:06:01.593,9.64163,9.64375,1.37,1.00
2016.01.14 11:06:01.696,9.64146,9.64358,1.37,1.00
2016.01.14 11:06:01.798,9.64171,9.64383,1.37,1.00
2016.01.14 11:06:02.007,9.64143,9.64355,1.37,1.00
2016.01.14 11:06:02.110,9.64167,9.64379,1.37,1.00
2016.01.14 11:06:02.212,9.64143,9.64355,1.37,1.00
2016.01.14 11:06:02.559,9.64137,9.64349,1.45,1.00
2016.01.14 11:06:02.611,9.64141,9.64353,1.45,1.00
2016.01.14 11:06:02.823,9.64163,9.64375,1.37,1.00
2016.01.14 11:06:02.874,9.64163,9.64373,1.37,1.00
2016.01.14 11:06:03.178,9.64143,9.64353,1.37,1.00
2016.01.14 11:06:03.229,9.64163,9.64375,1.37,1.00
2016.01.14 11:06:03.280,9.64163,9.64373,1.37,1.00
2016.01.14 11:06:03.432,9.64163,9.64375,1.37,1.00
2016.01.14 11:06:03.742,9.64142,9.64354,1.37,1.00
2016.01.14 11:06:03.843,9.64164,9.64376,1.37,1.00
2016.01.14 11:06:03.946,9.64147,9.64359,1.37,1.00
2016.01.14 11:06:04.267,9.64144,9.64356,1.37,1.00
2016.01.14 11:06:04.318,9.64166,9.6438,1.37,1.00
2016.01.14 11:06:04.521,9.64143,9.64355,1.37,1.00
2016.01.14 11:06:04.623,9.6415,9.64362,1.37,1.00
2016.01.14 11:06:04.725,9.64177,9.64389,1.12,1.00
2016.01.14 11:06:04.827,9.64149,9.64361,1.37,1.00
2016.01.14 11:06:05.131,9.64165,9.64377,1.37,1.00
2016.01.14 11:06:05.233,9.64167,9.64379,1.37,1.00
2016.01.14 11:06:05.335,9.64162,9.64374,1.37,1.00
2016.01.14 11:06:05.660,9.64142,9.64356,1.37,1.00
2016.01.14 11:06:05.711,9.64164,9.64376,1.37,1.00
2016.01.14 11:06:05.914,9.64141,9.64353,1.37,1.00
2016.01.14 11:06:06.225,9.64129,9.64341,1.75,1.00
2016.01.14 11:06:06.327,9.64154,9.64366,1.75,1.00
2016.01.14 11:06:06.429,9.64194,9.64406,1.37,1.00
2016.01.14 11:06:06.533,9.64199,9.64411,1.37,1.00
2016.01.14 11:06:06.585,9.64199,9.64406,1.37,1.00
2016.01.14 11:06:06.738,9.64202,9.64414,1.37,1.00
2016.01.14 11:06:06.840,9.64215,9.64429,1.37,1.00
2016.01.14 11:06:06.942,9.64233,9.64445,1.37,1.00
2016.01.14 11:06:07.043,9.64212,9.64424,1.00,1.00
2016.01.14 11:06:07.145,9.64208,9.6442,1.00,1.00
2016.01.14 11:06:07.467,9.64232,9.64444,1.00,1.00
2016.01.14 11:06:07.619,9.64227,9.64441,1.00,1.00
2016.01.14 11:06:07.721,9.64224,9.64436,1.00,1.00
2016.01.14 11:06:08.026,9.64222,9.64434,1.00,1.00
2016.01.14 11:06:08.330,9.6422,9.64432,1.00,1.00
2016.01.14 11:06:08.675,9.64216,9.64428,1.00,1.00
2016.01.14 11:06:08.980,9.64198,9.6441,1.37,1.00
2016.01.14 11:06:09.031,9.64226,9.64438,1.00,1.00
2016.01.14 11:06:09.134,9.64209,9.64423,1.00,1.00
2016.01.14 11:06:09.237,9.64227,9.64439,1.00,1.00
2016.01.14 11:06:09.542,9.64202,9.64414,1.12,1.00
2016.01.14 11:06:09.862,9.6422,9.64432,1.00,1.00
2016.01.14 11:06:10.218,9.64205,9.64417,1.37,1.00
2016.01.14 11:06:11.237,9.64221,9.64433,1.00,1.00
2016.01.14 11:06:11.440,9.64204,9.64416,1.37,1.00
2016.01.14 11:06:11.648,9.64223,9.64435,1.00,1.00
2016.01.14 11:06:11.749,9.64204,9.64416,1.37,1.00
2016.01.14 11:06:12.122,9.6422,9.64432,1.00,1.00
2016.01.14 11:06:12.426,9.642,9.64412,1.37,1.00
2016.01.14 11:06:12.528,9.64204,9.64416,1.37,1.00
2016.01.14 11:06:12.630,9.64224,9.64436,1.00,1.00
2016.01.14 11:06:12.732,9.64217,9.64431,1.00,1.00
2016.01.14 11:06:12.935,9.64204,9.64416,1.37,1.00
2016.01.14 11:06:13.140,9.64218,9.6443,1.00,1.00
2016.01.14 11:06:15.627,9.64218,9.6443,1.00,1.07
2016.01.14 11:06:15.728,9.64204,9.64416,1.00,1.00
2016.01.14 11:06:15.932,9.64218,9.6443,1.00,1.00
2016.01.14 11:06:16.236,9.642,9.64412,1.00,1.00
2016.01.14 11:06:16.672,9.64218,9.6443,1.00,1.00
2016.01.14 11:06:16.774,9.64223,9.64437,1.00,1.00
2016.01.14 11:06:16.825,9.64206,9.6442,1.00,1.00
2016.01.14 11:06:17.129,9.64206,9.64418,1.00,1.00
2016.01.14 11:06:17.460,9.64203,9.64415,1.00,1.00
2016.01.14 11:06:17.775,9.64221,9.64433,1.00,1.00
2016.01.14 11:06:18.079,9.64191,9.64403,1.00,1.00
2016.01.14 11:06:18.403,9.64208,9.6442,1.00,1.00
2016.01.14 11:06:18.928,9.64189,9.64401,1.00,1.00
2016.01.14 11:06:19.241,9.64205,9.64417,1.00,1.00
2016.01.14 11:06:21.334,9.64221,9.64433,1.37,1.00
2016.01.14 11:06:21.436,9.64289,9.64501,1.00,1.00
2016.01.14 11:06:21.538,9.64322,9.64534,1.00,1.00
2016.01.14 11:06:21.842,9.64316,9.6453,1.37,1.00
2016.01.14 11:06:21.944,9.64323,9.64535,1.37,1.00
2016.01.14 11:06:22.103,9.64343,9.64555,1.00,1.00
2016.01.14 11:06:22.154,9.64332,9.64544,1.37,1.00
2016.01.14 11:06:22.256,9.6436,9.64572,1.00,1.00
2016.01.14 11:06:22.358,9.64357,9.64569,1.00,1.00
2016.01.14 11:06:22.663,9.64374,9.64588,1.00,1.07
2016.01.14 11:06:22.967,9.64402,9.64611,1.00,1.12
2016.01.14 11:06:23.145,9.64392,9.64606,1.00,1.82
2016.01.14 11:06:23.247,9.64423,9.64611,1.00,1.12
2016.01.14 11:06:23.349,9.64399,9.64611,1.00,1.87
2016.01.14 11:06:23.450,9.64418,9.64611,1.00,1.12
2016.01.14 11:06:23.552,9.64396,9.64608,1.00,1.82
2016.01.14 11:06:23.654,9.64415,9.64611,1.00,1.12
2016.01.14 11:06:23.857,9.64382,9.64594,1.00,1.37
2016.01.14 11:06:23.908,9.64382,9.64594,1.00,1.00
2016.01.14 11:06:23.959,9.64384,9.64596,1.00,1.00
2016.01.14 11:06:24.263,9.64391,9.64603,1.00,1.00
2016.01.14 11:06:24.428,9.64407,9.64621,1.00,1.00
2016.01.14 11:06:24.479,9.64384,9.64596,1.00,1.00
2016.01.14 11:06:24.783,9.64378,9.6459,1.00,1.00
2016.01.14 11:06:25.249,9.64374,9.64586,1.00,1.00
2016.01.14 11:06:25.554,9.64399,9.64611,1.00,1.00
2016.01.14 11:06:25.990,9.64403,9.64615,1.00,1.00
2016.01.14 11:06:26.302,9.64397,9.64609,1.00,1.00
2016.01.14 11:06:26.606,9.64409,9.64621,1.00,1.00
2016.01.14 11:06:26.910,9.64421,9.64633,1.37,1.00
2016.01.14 11:06:26.962,9.64427,9.64639,1.37,1.00
2016.01.14 11:06:27.080,9.64429,9.64641,1.37,1.00
2016.01.14 11:06:27.181,9.64409,9.64621,1.45,1.00
2016.01.14 11:06:27.283,9.64409,9.64621,1.45,1.00
2016.01.14 11:06:27.385,9.6445,9.64662,1.37,1.00
2016.01.14 11:06:27.487,9.64417,9.64629,1.50,1.00
2016.01.14 11:06:27.588,9.64419,9.64631,1.45,1.00
2016.01.14 11:06:27.639,9.64419,9.64631,1.45,1.00
2016.01.14 11:06:27.690,9.6446,9.64672,1.00,1.00
2016.01.14 11:06:27.944,9.64495,9.64707,1.00,1.00
2016.01.14 11:06:28.247,9.64477,9.64689,1.00,1.00
2016.01.14 11:06:28.557,9.64497,9.64709,1.00,1.00
2016.01.14 11:06:28.862,9.64469,9.64681,1.00,1.00
2016.01.14 11:06:29.167,9.64498,9.6471,1.00,1.00
2016.01.14 11:06:29.470,9.64505,9.64717,1.00,1.00
2016.01.14 11:06:29.774,9.64465,9.64677,1.00,1.00
2016.01.14 11:06:30.079,9.64462,9.64674,1.00,1.00
2016.01.14 11:06:30.383,9.6446,9.64672,1.00,1.00
2016.01.14 11:06:30.756,9.64485,9.64697,1.00,1.00
2016.01.14 11:06:31.063,9.64459,9.64671,1.00,1.00
2016.01.14 11:06:31.381,9.64484,9.64696,1.00,1.00
2016.01.14 11:06:31.799,9.64469,9.64681,1.00,1.00
2016.01.14 11:06:32.105,9.64481,9.64693,1.00,1.00
2016.01.14 11:06:32.410,9.64499,9.64711,1.00,1.00
2016.01.14 11:06:32.714,9.64465,9.64677,1.00,1.00
2016.01.14 11:06:32.899,9.64461,9.64675,1.00,1.00
2016.01.14 11:06:33.001,9.64484,9.64696,1.00,1.00
2016.01.14 11:06:33.255,9.64493,9.64707,1.00,1.00
2016.01.14 11:06:33.458,9.64491,9.64703,1.00,1.00
2016.01.14 11:06:33.889,9.64475,9.64687,1.00,1.00
2016.01.14 11:06:34.194,9.64455,9.64669,1.00,1.00
2016.01.14 11:06:34.295,9.64462,9.64674,1.00,1.00
2016.01.14 11:06:34.600,9.64486,9.647,1.00,1.00
2016.01.14 11:06:34.701,9.64483,9.64695,1.00,1.00
2016.01.14 11:06:35.033,9.64492,9.64704,1.37,1.00
2016.01.14 11:06:35.084,9.64499,9.64711,1.37,1.00
2016.01.14 11:06:35.186,9.64476,9.64688,1.37,1.00
2016.01.14 11:06:35.288,9.64479,9.64691,1.45,1.00
2016.01.14 11:06:35.340,9.64479,9.64691,1.45,1.00
2016.01.14 11:06:35.391,9.64488,9.647,1.37,1.00
2016.01.14 11:06:35.493,9.64507,9.64721,1.37,1.00
2016.01.14 11:06:35.544,9.64507,9.64721,1.00,1.00
2016.01.14 11:06:35.595,9.645,9.64712,1.37,1.00
2016.01.14 11:06:35.697,9.64504,9.64716,1.00,1.00
2016.01.14 11:06:35.800,9.64472,9.64686,1.45,1.00
2016.01.14 11:06:35.902,9.64493,9.64705,1.37,1.00
2016.01.14 11:06:36.105,9.64509,9.64721,1.00,1.00
2016.01.14 11:06:36.284,9.64482,9.64696,1.00,1.00
2016.01.14 11:06:36.386,9.64496,9.64695,1.00,1.00
2016.01.14 11:06:36.487,9.64516,9.64728,1.00,1.00
2016.01.14 11:06:36.589,9.64521,9.64733,1.00,1.00
2016.01.14 11:06:36.894,9.64487,9.64697,1.00,1.00
2016.01.14 11:06:36.996,9.64507,9.64721,1.00,1.00
2016.01.14 11:06:37.199,9.64525,9.64727,1.00,1.00
2016.01.14 11:06:37.302,9.64545,9.64757,1.00,1.00
2016.01.14 11:06:37.671,9.64561,9.64773,1.00,1.00
2016.01.14 11:06:37.976,9.64544,9.64756,1.00,1.00
2016.01.14 11:06:38.077,9.64559,9.64773,1.00,1.00
2016.01.14 11:06:38.281,9.64542,9.64754,1.00,1.00
2016.01.14 11:06:38.597,9.64565,9.64777,1.00,1.00
2016.01.14 11:06:38.902,9.64595,9.64807,1.37,1.00
2016.01.14 11:06:39.207,9.64731,9.64885,1.37,1.00
2016.01.14 11:06:39.308,9.64751,9.64956,1.37,1.50
2016.01.14 11:06:39.359,9.64751,9.64963,1.37,1.00
2016.01.14 11:06:39.410,9.64753,9.64965,1.37,1.00
2016.01.14 11:06:39.512,9.64789,9.64978,1.00,1.00
2016.01.14 11:06:39.644,9.64809,9.65021,1.00,1.00
2016.01.14 11:06:39.696,9.64781,9.64993,1.00,1.00
2016.01.14 11:06:40.003,9.64768,9.6498,1.37,1.00
2016.01.14 11:06:40.054,9.64768,9.6498,1.00,1.00
2016.01.14 11:06:40.106,9.64765,9.64977,1.00,1.00
2016.01.14 11:06:40.413,9.64768,9.64975,1.00,1.00
2016.01.14 11:06:40.515,9.64788,9.65,1.00,1.00
2016.01.14 11:06:40.616,9.64783,9.64995,1.00,1.00
2016.01.14 11:06:41.595,9.64767,9.64979,1.00,1.00
2016.01.14 11:06:41.899,9.64775,9.64983,1.00,1.00
2016.01.14 11:06:42.001,9.64751,9.64963,1.00,1.00
2016.01.14 11:06:42.220,9.6477,9.64982,1.00,1.00
2016.01.14 11:06:42.578,9.64762,9.64976,1.00,1.00
2016.01.14 11:06:42.629,9.64769,9.64976,1.00,1.00
2016.01.14 11:06:42.681,9.6479,9.65002,1.00,1.00
2016.01.14 11:06:42.784,9.64793,9.65005,1.00,1.00
2016.01.14 11:06:43.117,9.64786,9.64998,1.00,1.00
2016.01.14 11:06:43.430,9.64832,9.65044,1.00,1.00
2016.01.14 11:06:43.743,9.64816,9.65028,1.00,1.00
2016.01.14 11:06:44.711,9.64834,9.65046,1.00,1.00
2016.01.14 11:06:45.118,9.6484,9.65052,1.00,1.00
2016.01.14 11:06:45.323,9.64818,9.65032,1.00,1.00
2016.01.14 11:06:45.425,9.64835,9.65047,1.00,1.00
2016.01.14 11:06:45.728,9.64808,9.6501,1.00,1.47
2016.01.14 11:06:45.830,9.64778,9.6499,1.00,1.10
2016.01.14 11:06:45.932,9.64762,9.64974,1.00,1.00
2016.01.14 11:06:46.237,9.6478,9.64942,1.00,1.12
2016.01.14 11:06:46.288,9.64765,9.64942,1.00,1.12
2016.01.14 11:06:46.440,9.64765,9.64926,1.00,1.12
2016.01.14 11:06:46.930,9.64749,9.64926,1.00,1.12
2016.01.14 11:06:47.133,9.64731,9.64926,1.00,1.12
2016.01.14 11:06:47.184,9.64731,9.64926,1.00,1.12
2016.01.14 11:06:47.337,9.64711,9.64906,1.00,1.12
2016.01.14 11:06:47.439,9.64711,9.64893,1.00,1.12
2016.01.14 11:06:47.592,9.64696,9.64893,1.00,1.12
2016.01.14 11:06:47.643,9.64696,9.6487,1.00,1.12
2016.01.14 11:06:47.908,9.64696,9.64884,1.00,1.75
2016.01.14 11:06:50.536,9.64681,9.64891,1.00,1.12
2016.01.14 11:06:50.637,9.64696,9.64891,1.00,1.12
2016.01.14 11:06:52.250,9.6468,9.64891,1.00,1.12
2016.01.14 11:06:52.351,9.64696,9.64891,1.00,1.12
2016.01.14 11:06:54.572,9.64696,9.64847,1.00,1.12
2016.01.14 11:06:54.623,9.64676,9.64847,1.00,1.12
2016.01.14 11:06:54.734,9.64672,9.64847,1.00,1.12
2016.01.14 11:06:54.836,9.64649,9.6483,1.00,1.12
2016.01.14 11:06:54.887,9.64649,9.6483,1.00,1.12
2016.01.14 11:06:54.939,9.64621,9.64809,1.00,1.12
2016.01.14 11:06:55.052,9.64639,9.64809,1.00,1.12
2016.01.14 11:06:55.155,9.6463,9.64809,1.00,1.12
2016.01.14 11:06:55.256,9.64594,9.6479,1.00,1.12
2016.01.14 11:06:55.459,9.64575,9.64787,1.00,1.82
2016.01.14 11:06:55.510,9.64577,9.64789,1.00,1.82
2016.01.14 11:06:55.811,9.64592,9.64781,1.00,1.12
2016.01.14 11:06:56.015,9.64576,9.64781,1.00,1.12
2016.01.14 11:06:56.117,9.64591,9.64781,1.00,1.12
2016.01.14 11:06:56.676,9.64591,9.64772,1.00,1.12
2016.01.14 11:06:56.830,9.64577,9.64772,1.00,1.12
2016.01.14 11:06:56.881,9.64577,9.64775,1.00,1.12
2016.01.14 11:06:57.870,9.64577,9.64764,1.00,1.12
2016.01.14 11:06:58.316,9.64573,9.64765,1.00,1.12
2016.01.14 11:06:59.017,9.64589,9.64765,1.00,1.12
2016.01.14 11:06:59.610,9.64589,9.64765,1.00,1.12
2016.01.14 11:06:59.832,9.64572,9.64771,1.00,1.12
2016.01.14 11:07:00.229,9.64557,9.64769,1.00,1.82
2016.01.14 11:07:00.634,9.64575,9.64761,1.00,1.12
2016.01.14 11:07:00.835,9.64575,9.64764,1.00,1.12
2016.01.14 11:07:03.946,9.6456,9.64764,1.00,1.12
2016.01.14 11:07:04.062,9.64574,9.64764,1.00,1.12
2016.01.14 11:07:04.383,9.64574,9.64724,1.00,1.12
2016.01.14 11:07:04.435,9.6456,9.64724,1.00,1.12
2016.01.14 11:07:04.536,9.64544,9.64724,1.00,1.12
2016.01.14 11:07:04.588,9.64544,9.6472,1.00,1.12
2016.01.14 11:07:04.639,9.64532,9.6472,1.00,1.12
2016.01.14 11:07:04.690,9.6454,9.6472,1.00,1.12
2016.01.14 11:07:05.011,9.64559,9.64724,1.00,1.12
2016.01.14 11:07:05.441,9.6459,9.64724,1.00,1.12
2016.01.14 11:07:05.542,9.64574,9.64724,1.00,1.12
2016.01.14 11:07:05.644,9.64576,9.64724,1.00,1.12
2016.01.14 11:07:05.695,9.64576,9.64753,1.00,1.12
2016.01.14 11:07:05.846,9.64569,9.64753,1.00,1.12
2016.01.14 11:07:05.898,9.64555,9.64753,1.00,1.12
2016.01.14 11:07:05.949,9.64535,9.64746,1.00,1.57
2016.01.14 11:07:06.051,9.64514,9.64718,1.00,1.00
2016.01.14 11:07:06.102,9.64506,9.64718,1.00,1.12
2016.01.14 11:07:07.107,9.64506,9.64715,1.00,1.12
2016.01.14 11:07:08.312,9.64506,9.64718,1.00,1.82
2016.01.14 11:07:12.350,9.64503,9.64715,1.00,1.57
2016.01.14 11:07:12.676,9.64519,9.64723,1.00,1.12
2016.01.14 11:07:13.068,9.64519,9.64731,1.00,1.07
2016.01.14 11:07:13.685,9.64502,9.64714,1.00,1.00
2016.01.14 11:07:14.041,9.64502,9.64714,1.37,1.00
2016.01.14 11:07:14.256,9.64522,9.64734,1.00,1.00
2016.01.14 11:07:14.307,9.64547,9.64752,1.00,1.07
2016.01.14 11:07:14.459,9.64544,9.64756,1.10,1.00
2016.01.14 11:07:14.511,9.64547,9.64756,1.00,1.00
2016.01.14 11:07:14.766,9.64542,9.64754,1.07,1.00
2016.01.14 11:07:15.579,9.64542,9.64754,1.00,1.00
2016.01.14 11:07:16.312,9.64568,9.64754,1.00,1.00
2016.01.14 11:07:16.481,9.64588,9.648,1.00,1.37
2016.01.14 11:07:16.582,9.64572,9.64784,1.07,1.00
2016.01.14 11:07:16.684,9.64596,9.64808,1.00,1.37
2016.01.14 11:07:16.897,9.64576,9.64788,1.07,1.00
2016.01.14 11:07:16.999,9.64593,9.64805,1.00,1.00
2016.01.14 11:07:17.202,9.64613,9.64825,1.00,1.37
2016.01.14 11:07:18.605,9.64592,9.64804,1.00,1.00
2016.01.14 11:07:18.866,9.6457,9.64782,1.12,1.00
2016.01.14 11:07:19.088,9.64585,9.64797,1.00,1.00
2016.01.14 11:07:21.211,9.64565,9.64777,1.50,1.00
2016.01.14 11:07:21.516,9.64537,9.64749,1.00,1.07
2016.01.14 11:07:21.618,9.6452,9.64734,1.00,1.10
2016.01.14 11:07:21.719,9.64514,9.64726,1.00,1.00
2016.01.14 11:07:22.044,9.64495,9.64707,1.00,1.00
2016.01.14 11:07:22.349,9.64514,9.64726,1.00,1.37
2016.01.14 11:07:22.617,9.64486,9.64698,1.00,1.00
2016.01.14 11:07:22.719,9.64503,9.6471,1.00,1.00
2016.01.14 11:07:22.804,9.64478,9.6469,1.00,1.00
2016.01.14 11:07:22.907,9.6446,9.64672,1.00,1.00
2016.01.14 11:07:23.212,9.64451,9.64663,1.00,1.00
2016.01.14 11:07:24.119,9.64434,9.64646,1.00,1.00
2016.01.14 11:07:26.305,9.64451,9.64663,1.00,1.00
2016.01.14 11:07:26.611,9.64466,9.64678,1.00,1.00
2016.01.14 11:07:26.986,9.64482,9.64694,1.00,1.07
2016.01.14 11:07:27.088,9.64467,9.64679,1.00,1.00
2016.01.14 11:07:27.190,9.6445,9.64662,1.00,1.00
2016.01.14 11:07:27.596,9.64463,9.64675,1.00,1.00
2016.01.14 11:07:28.704,9.64449,9.64661,1.00,1.00
2016.01.14 11:07:29.011,9.64466,9.64678,1.00,1.00
2016.01.14 11:07:29.317,9.64496,9.64708,1.00,1.00
2016.01.14 11:07:29.858,9.64497,9.64709,1.00,1.00
2016.01.14 11:07:30.185,9.64497,9.64643,1.00,1.00
2016.01.14 11:07:30.236,9.64411,9.64623,1.00,1.00
2016.01.14 11:07:30.338,9.64399,9.64611,1.00,1.00
2016.01.14 11:07:30.686,9.64413,9.64617,1.00,1.00
2016.01.14 11:07:30.737,9.64385,9.64597,1.00,1.00
2016.01.14 11:07:30.940,9.64399,9.64611,1.00,1.00
2016.01.14 11:07:31.253,9.64361,9.64573,1.50,1.00
2016.01.14 11:07:31.593,9.64359,9.64571,1.00,1.37
2016.01.14 11:07:31.746,9.64305,9.64517,1.00,1.00
2016.01.14 11:07:31.847,9.64294,9.64496,1.50,1.00
2016.01.14 11:07:31.950,9.64284,9.64496,1.00,1.00
2016.01.14 11:07:32.001,9.64261,9.64473,1.00,1.00
2016.01.14 11:07:32.328,9.64255,9.64469,1.00,1.00
2016.01.14 11:07:32.532,9.64262,9.64474,1.00,1.07
2016.01.14 11:07:32.634,9.64246,9.64458,1.00,1.00
2016.01.14 11:07:32.736,9.64227,9.64439,1.00,1.00
2016.01.14 11:07:33.046,9.64245,9.64457,1.00,1.00
2016.01.14 11:07:33.427,9.6423,9.64442,1.00,1.00
2016.01.14 11:07:33.748,9.64245,9.64457,1.00,1.00
2016.01.14 11:07:47.718,9.64245,9.64457,1.00,1.37
2016.01.14 11:07:48.225,9.64258,9.64457,1.00,1.37
2016.01.14 11:07:48.571,9.64261,9.64469,1.00,1.12
2016.01.14 11:07:52.491,9.64271,9.64469,1.00,1.12
2016.01.14 11:07:53.847,9.64255,9.64467,1.00,1.82
2016.01.14 11:07:54.078,9.64271,9.64469,1.00,1.12
2016.01.14 11:07:54.496,9.64256,9.64468,1.00,1.82
2016.01.14 11:07:54.597,9.64272,9.64469,1.00,1.12
2016.01.14 11:07:55.382,9.64272,9.64484,1.00,1.75
2016.01.14 11:07:55.433,9.64272,9.64484,1.00,1.00
2016.01.14 11:07:55.484,9.64258,9.6447,1.00,1.00
2016.01.14 11:07:55.785,9.64276,9.6449,1.07,1.00
2016.01.14 11:07:55.887,9.64291,9.64503,1.00,1.00
2016.01.14 11:07:55.989,9.64308,9.6452,1.00,1.00
2016.01.14 11:07:56.293,9.64292,9.64504,1.00,1.00
2016.01.14 11:07:56.597,9.64329,9.64541,1.00,1.00
2016.01.14 11:07:56.934,9.64311,9.64514,1.00,1.00
2016.01.14 11:07:56.985,9.6433,9.64544,1.00,1.00
2016.01.14 11:07:57.037,9.6433,9.64538,1.00,1.00
2016.01.14 11:07:57.088,9.64306,9.64518,1.00,1.00
2016.01.14 11:07:57.190,9.64324,9.64536,1.00,1.00
2016.01.14 11:07:57.494,9.64322,9.64534,1.00,1.00
2016.01.14 11:07:57.799,9.64319,9.64531,1.00,1.00
2016.01.14 11:07:58.143,9.64372,9.64584,1.00,1.00
2016.01.14 11:07:58.448,9.64382,9.64594,1.00,1.00
2016.01.14 11:07:58.752,9.64367,9.64579,1.00,1.00
2016.01.14 11:07:59.121,9.64367,9.64579,1.00,1.75
2016.01.14 11:07:59.171,9.6435,9.64555,1.00,1.12
2016.01.14 11:07:59.273,9.6431,9.64522,1.00,1.37
2016.01.14 11:07:59.407,9.6431,9.64522,1.00,1.75
2016.01.14 11:07:59.751,9.6431,9.64508,1.00,1.12
2016.01.14 11:08:00.154,9.64321,9.64508,1.00,1.12
2016.01.14 11:08:00.306,9.64319,9.64508,1.00,1.12
2016.01.14 11:08:00.408,9.64326,9.64508,1.00,1.12
2016.01.14 11:08:01.008,9.64308,9.64508,1.00,1.12
2016.01.14 11:08:01.110,9.64293,9.64505,1.00,1.82
2016.01.14 11:08:01.162,9.64343,9.64508,1.00,1.12
2016.01.14 11:08:01.366,9.64328,9.64508,1.00,1.12
2016.01.14 11:08:01.996,9.64342,9.64508,1.00,1.12
2016.01.14 11:08:02.099,9.64326,9.64508,1.00,1.12
2016.01.14 11:08:02.385,9.64342,9.64508,1.00,1.12
2016.01.14 11:08:02.487,9.64326,9.64508,1.00,1.12
2016.01.14 11:08:02.573,9.64312,9.64508,1.00,1.12
2016.01.14 11:08:06.077,9.64312,9.64485,1.00,1.12
2016.01.14 11:08:06.178,9.64292,9.64467,1.00,1.12
2016.01.14 11:08:06.280,9.64271,9.64451,1.00,1.12
2016.01.14 11:08:06.499,9.64253,9.64451,1.00,1.12
2016.01.14 11:08:06.601,9.64267,9.64435,1.00,1.12
2016.01.14 11:08:06.871,9.64233,9.64435,1.00,1.12
2016.01.14 11:08:07.076,9.64259,9.64435,1.00,1.12
2016.01.14 11:08:07.280,9.64241,9.64435,1.00,1.12
2016.01.14 11:08:07.785,9.64258,9.64435,1.00,1.12
2016.01.14 11:08:08.604,9.64225,9.64435,1.00,1.12
2016.01.14 11:08:09.004,9.6424,9.64435,1.00,1.12
2016.01.14 11:08:09.106,9.64238,9.64435,1.00,1.12
2016.01.14 11:08:09.213,9.64224,9.64435,1.00,1.12
2016.01.14 11:08:09.316,9.64238,9.64435,1.00,1.12
2016.01.14 11:08:10.809,9.64224,9.64435,1.00,1.12
2016.01.14 11:08:12.397,9.64228,9.64435,1.00,1.12
2016.01.14 11:08:18.832,9.64244,9.64435,1.00,1.12
2016.01.14 11:08:18.934,9.6423,9.64435,1.00,1.12
2016.01.14 11:08:24.663,9.6423,9.64442,1.00,1.07
2016.01.14 11:08:24.867,9.64234,9.64442,1.00,1.07
2016.01.14 11:08:25.083,9.6423,9.64442,1.00,1.07
2016.01.14 11:08:25.629,9.64188,9.64351,1.12,1.00
2016.01.14 11:08:25.934,9.64114,9.64304,1.87,1.00
2016.01.14 11:08:26.201,9.64114,9.64273,1.87,1.00
2016.01.14 11:08:26.252,9.64114,9.64298,1.87,1.00
2016.01.14 11:08:26.303,9.64086,9.64223,1.00,1.12
2016.01.14 11:08:26.354,9.64043,9.64223,1.37,1.12
2016.01.14 11:08:26.406,9.64043,9.64223,1.37,1.12
2016.01.14 11:08:26.659,9.64043,9.6424,1.37,1.00
2016.01.14 11:08:26.833,9.64043,9.64223,1.37,1.00
2016.01.14 11:08:26.966,9.64029,9.64241,1.37,1.00
2016.01.14 11:08:27.068,9.64044,9.64256,1.12,1.00
2016.01.14 11:08:27.119,9.64055,9.64256,1.00,1.00
2016.01.14 11:08:27.170,9.64075,9.64287,1.00,1.00
2016.01.14 11:08:27.272,9.64095,9.64307,1.00,1.37
2016.01.14 11:08:27.475,9.64112,9.64324,1.37,1.00
2016.01.14 11:08:27.577,9.64091,9.64303,1.50,1.00
2016.01.14 11:08:27.679,9.64156,9.64368,1.00,1.00
2016.01.14 11:08:27.831,9.64137,9.64349,1.00,1.00
2016.01.14 11:08:27.933,9.64138,9.64352,1.00,1.00
2016.01.14 11:08:28.035,9.64157,9.64369,1.00,1.00
2016.01.14 11:08:28.381,9.6415,9.64362,1.00,1.00
2016.01.14 11:08:28.534,9.64133,9.64347,1.00,1.00
2016.01.14 11:08:28.635,9.6415,9.64362,1.37,1.00
2016.01.14 11:08:28.838,9.64156,9.64368,1.37,1.00
2016.01.14 11:08:28.940,9.64173,9.64385,1.00,1.37
2016.01.14 11:08:29.251,9.64147,9.64359,1.00,1.07
2016.01.14 11:08:29.353,9.64166,9.64378,1.00,1.82
2016.01.14 11:08:29.459,9.64151,9.64363,1.00,1.37
2016.01.14 11:08:30.151,9.64165,9.64377,1.00,1.82
2016.01.14 11:08:30.253,9.64146,9.64358,1.00,1.07
2016.01.14 11:08:30.460,9.64163,9.64375,1.00,1.82
2016.01.14 11:08:30.562,9.64143,9.64357,1.00,1.07
2016.01.14 11:08:30.663,9.64159,9.64371,1.00,1.75
2016.01.14 11:08:30.765,9.64141,9.64353,1.00,1.10
2016.01.14 11:08:30.867,9.64157,9.64369,1.00,1.37
2016.01.14 11:08:31.358,9.64142,9.64356,1.00,1.07
2016.01.14 11:08:31.460,9.64164,9.64376,1.00,1.82
2016.01.14 11:08:32.081,9.64143,9.64355,1.00,1.07
2016.01.14 11:08:32.569,9.64164,9.64376,1.00,1.82
2016.01.14 11:08:32.675,9.64159,9.64371,1.00,1.75
2016.01.14 11:08:33.490,9.64144,9.64358,1.00,1.07
2016.01.14 11:08:33.643,9.6415,9.64358,1.00,1.07
2016.01.14 11:08:33.878,9.64145,9.64357,1.00,1.07
2016.01.14 11:08:34.028,9.64147,9.64357,1.00,1.07
2016.01.14 11:08:34.389,9.64167,9.64379,1.00,1.82
2016.01.14 11:08:34.545,9.64148,9.6436,1.00,1.12
2016.01.14 11:08:34.596,9.64165,9.64377,1.00,1.82
2016.01.14 11:08:34.780,9.64141,9.64353,1.00,1.10
2016.01.14 11:08:34.832,9.64145,9.64353,1.00,1.10
2016.01.14 11:08:35.172,9.64143,9.64355,1.00,1.07
2016.01.14 11:08:35.282,9.64139,9.64351,1.00,1.00
2016.01.14 11:08:35.334,9.64141,9.64351,1.00,1.00
2016.01.14 11:08:35.588,9.64138,9.6435,1.00,1.00
2016.01.14 11:08:35.733,9.64141,9.6435,1.00,1.00
2016.01.14 11:08:35.885,9.64138,9.6435,1.00,1.00
2016.01.14 11:08:35.936,9.6414,9.6435,1.00,1.00
2016.01.14 11:08:36.190,9.64133,9.64345,1.00,1.00
2016.01.14 11:08:36.359,9.64137,9.64345,1.00,1.00
2016.01.14 11:08:36.685,9.64152,9.64364,1.00,1.37
2016.01.14 11:08:36.787,9.64148,9.6436,1.00,1.12
2016.01.14 11:08:36.889,9.64143,9.64355,1.00,1.07
2016.01.14 11:08:36.990,9.64162,9.64374,1.00,1.82
2016.01.14 11:08:37.194,9.64154,9.64366,1.00,1.37
2016.01.14 11:08:37.295,9.64139,9.64351,1.00,1.00
2016.01.14 11:08:37.397,9.64142,9.64354,1.00,1.07
2016.01.14 11:08:37.724,9.64151,9.64363,1.00,1.37
2016.01.14 11:08:38.502,9.64135,9.64347,1.00,1.00
2016.01.14 11:08:38.604,9.64154,9.64366,1.00,1.37
2016.01.14 11:08:38.853,9.64144,9.64356,1.00,1.07
2016.01.14 11:08:38.904,9.6416,9.64372,1.00,1.75
2016.01.14 11:08:39.081,9.64153,9.64365,1.00,1.37
2016.01.14 11:08:39.182,9.64151,9.64363,1.00,1.37
2016.01.14 11:08:39.284,9.64149,9.64361,1.00,1.37
2016.01.14 11:08:39.385,9.64134,9.64346,1.00,1.00
2016.01.14 11:08:39.487,9.64142,9.64356,1.00,1.07
2016.01.14 11:08:39.791,9.64182,9.6438,1.00,1.12
2016.01.14 11:08:39.991,9.64161,9.64373,1.00,1.85
2016.01.14 11:08:40.093,9.64189,9.6438,1.00,1.12
2016.01.14 11:08:40.196,9.64178,9.64386,1.00,1.82
2016.01.14 11:08:40.298,9.64158,9.6437,1.00,1.37
2016.01.14 11:08:40.612,9.64158,9.64353,1.00,1.12
2016.01.14 11:08:41.175,9.64158,9.64366,1.00,1.82
2016.01.14 11:08:41.226,9.64134,9.64346,1.00,1.07
2016.01.14 11:08:41.328,9.64151,9.64363,1.00,1.82
2016.01.14 11:08:41.633,9.64126,9.64338,1.00,1.75
2016.01.14 11:08:41.684,9.64135,9.64338,1.00,1.75
2016.01.14 11:08:41.991,9.64147,9.64346,1.00,1.12
2016.01.14 11:08:42.307,9.64151,9.64346,1.00,1.12
2016.01.14 11:08:42.731,9.64131,9.64343,1.00,1.82
2016.01.14 11:08:42.834,9.64147,9.64346,1.00,1.12
2016.01.14 11:08:42.938,9.64141,9.64346,1.00,1.12
2016.01.14 11:08:43.040,9.64135,9.64346,1.00,1.12
2016.01.14 11:08:43.637,9.64151,9.64346,1.00,1.12
2016.01.14 11:08:43.799,9.64131,9.6434,1.00,1.82
2016.01.14 11:08:43.901,9.64149,9.64346,1.00,1.12
2016.01.14 11:08:44.208,9.64133,9.64345,1.00,1.82
2016.01.14 11:08:44.403,9.64151,9.64346,1.00,1.12
2016.01.14 11:08:44.711,9.64131,9.64344,1.00,1.82
2016.01.14 11:08:44.813,9.64145,9.64346,1.00,1.12
2016.01.14 11:08:44.915,9.64131,9.64343,1.00,1.82
2016.01.14 11:08:45.017,9.64149,9.64346,1.00,1.12
2016.01.14 11:08:45.119,9.6413,9.6434,1.00,1.82
2016.01.14 11:08:45.171,9.64128,9.6434,1.00,1.82
2016.01.14 11:08:45.222,9.64147,9.64346,1.00,1.12
2016.01.14 11:08:45.545,9.64131,9.64343,1.00,1.82
2016.01.14 11:08:45.596,9.64131,9.64343,1.07,1.82
2016.01.14 11:08:45.900,9.64145,9.64346,1.07,1.12
2016.01.14 11:08:46.125,9.64147,9.64346,1.07,1.12
2016.01.14 11:08:47.338,9.6414,9.64346,1.07,1.12
2016.01.14 11:08:48.091,9.64152,9.64315,1.00,1.12
2016.01.14 11:08:48.142,9.64132,9.64315,1.00,1.12
2016.01.14 11:08:48.193,9.64129,9.64299,1.00,1.12
2016.01.14 11:08:48.244,9.6411,9.64299,1.00,1.12
2016.01.14 11:08:48.295,9.64096,9.64299,1.00,1.12
2016.01.14 11:08:48.346,9.64104,9.64299,1.00,1.12
2016.01.14 11:08:48.693,9.64125,9.64298,1.00,1.12
2016.01.14 11:08:48.958,9.64106,9.64287,1.00,1.12
2016.01.14 11:08:49.009,9.64089,9.64287,1.00,1.12
2016.01.14 11:08:49.060,9.64122,9.64287,1.00,1.12
2016.01.14 11:08:49.127,9.64112,9.64287,1.00,1.12
2016.01.14 11:08:49.178,9.64112,9.64272,1.00,1.12
2016.01.14 11:08:49.332,9.64098,9.64272,1.00,1.12
2016.01.14 11:08:49.434,9.64115,9.64272,1.00,1.12
2016.01.14 11:08:49.536,9.64098,9.64272,1.00,1.12
2016.01.14 11:08:49.638,9.64114,9.64272,1.07,1.12
2016.01.14 11:08:49.841,9.64094,9.64272,1.50,1.12
2016.01.14 11:08:49.943,9.64111,9.64272,1.00,1.12
2016.01.14 11:08:50.146,9.64094,9.64272,1.00,1.12
2016.01.14 11:08:50.322,9.64097,9.64272,1.00,1.12
2016.01.14 11:08:50.424,9.64078,9.64272,1.00,1.12
2016.01.14 11:08:50.628,9.64078,9.64292,1.00,1.85
2016.01.14 11:08:51.497,9.64078,9.64268,1.00,1.12
2016.01.14 11:08:53.036,9.64093,9.64268,1.00,1.12
2016.01.14 11:08:53.138,9.64075,9.64268,1.00,1.12
2016.01.14 11:08:54.241,9.64089,9.64268,1.00,1.12
2016.01.14 11:08:55.067,9.64073,9.64268,1.00,1.12
2016.01.14 11:08:55.773,9.6409,9.64268,1.00,1.12
2016.01.14 11:08:56.569,9.64073,9.64268,1.00,1.12
2016.01.14 11:08:57.369,9.64089,9.64268,1.00,1.12
2016.01.14 11:09:03.194,9.64074,9.64268,1.00,1.12
2016.01.14 11:09:03.296,9.64088,9.64268,1.00,1.12
2016.01.14 11:09:04.283,9.64074,9.64268,1.00,1.12
2016.01.14 11:09:04.385,9.64091,9.64268,1.00,1.12
2016.01.14 11:09:04.476,9.6407,9.64268,1.00,1.12
2016.01.14 11:09:04.686,9.64084,9.64268,1.00,1.12
2016.01.14 11:09:09.095,9.64084,9.64296,1.00,1.82
2016.01.14 11:09:09.196,9.64098,9.64298,1.00,1.12
2016.01.14 11:09:09.298,9.64079,9.64291,1.10,1.85
2016.01.14 11:09:09.349,9.64079,9.64291,1.10,1.37
2016.01.14 11:09:10.779,9.64094,9.64306,1.00,1.82
2016.01.14 11:09:10.881,9.64079,9.64291,1.10,1.37
2016.01.14 11:09:11.195,9.64095,9.64307,1.00,1.82
2016.01.14 11:09:11.377,9.64079,9.64291,1.10,1.37
2016.01.14 11:09:11.479,9.64096,9.64308,1.00,1.82
2016.01.14 11:09:11.643,9.6408,9.64292,1.00,1.37
2016.01.14 11:09:11.694,9.64102,9.6431,1.37,1.12
2016.01.14 11:09:11.745,9.64102,9.64312,1.37,1.37
2016.01.14 11:09:11.846,9.64102,9.64314,1.00,1.75
2016.01.14 11:09:11.897,9.64081,9.64288,1.00,1.00
2016.01.14 11:09:12.000,9.6409,9.64304,1.00,1.37
2016.01.14 11:09:12.380,9.64094,9.64306,1.00,1.37
2016.01.14 11:09:13.182,9.6408,9.64292,1.00,1.00
2016.01.14 11:09:13.483,9.64098,9.6431,1.00,1.37
2016.01.14 11:09:13.584,9.64083,9.64297,1.00,1.07
2016.01.14 11:09:14.314,9.64163,9.64316,1.00,1.85
2016.01.14 11:09:14.416,9.64144,9.64339,1.07,1.12
2016.01.14 11:09:14.517,9.64188,9.64362,1.00,1.12
2016.01.14 11:09:14.822,9.64186,9.64362,1.00,1.12
2016.01.14 11:09:15.910,9.64186,9.64398,1.00,1.82
2016.01.14 11:09:16.012,9.64203,9.644,1.00,1.12
2016.01.14 11:09:16.113,9.64182,9.6438,1.00,1.12
2016.01.14 11:09:16.164,9.64182,9.6438,1.00,1.45
2016.01.14 11:09:16.418,9.63983,9.64175,1.00,1.00
2016.01.14 11:09:16.494,9.63983,9.64138,1.00,1.00
2016.01.14 11:09:16.547,9.63942,9.64138,1.00,1.00
2016.01.14 11:09:16.598,9.63905,9.64088,1.00,1.00
2016.01.14 11:09:16.801,9.63818,9.6403,1.00,1.00
2016.01.14 11:09:16.902,9.63798,9.63999,1.00,1.00
2016.01.14 11:09:17.004,9.63787,9.63999,1.00,1.00
2016.01.14 11:09:17.418,9.6377,9.63982,1.00,1.00
2016.01.14 11:09:17.748,9.63795,9.64007,1.00,1.45
2016.01.14 11:09:17.901,9.63737,9.63949,1.00,1.00
2016.01.14 11:09:18.003,9.63796,9.63969,1.00,1.00
2016.01.14 11:09:18.104,9.63837,9.64029,1.00,1.07
2016.01.14 11:09:18.207,9.63854,9.64052,1.00,1.12
2016.01.14 11:09:18.258,9.63854,9.64066,1.00,1.07
2016.01.14 11:09:18.309,9.63834,9.64045,1.00,1.00
2016.01.14 11:09:18.361,9.63834,9.64045,1.52,1.00
2016.01.14 11:09:18.413,9.63866,9.64065,1.52,1.00
2016.01.14 11:09:18.514,9.63902,9.64099,1.45,1.00
2016.01.14 11:09:18.565,9.63902,9.64099,1.00,1.00
2016.01.14 11:09:18.652,9.63902,9.64114,1.00,1.00
2016.01.14 11:09:18.704,9.63937,9.64102,1.00,1.00
2016.01.14 11:09:18.806,9.63945,9.64157,1.00,1.00
2016.01.14 11:09:18.909,9.63951,9.64163,1.00,1.00
2016.01.14 11:09:19.010,9.63934,9.64148,1.00,1.00
2016.01.14 11:09:19.112,9.63931,9.64143,1.00,1.00
2016.01.14 11:09:19.419,9.63952,9.6416,1.07,1.00
2016.01.14 11:09:19.735,9.63955,9.64167,1.07,1.00
2016.01.14 11:09:19.887,9.63955,9.64167,1.07,1.00
2016.01.14 11:09:19.938,9.63957,9.64169,1.07,1.00
2016.01.14 11:09:20.040,9.63962,9.64174,1.10,1.00
2016.01.14 11:09:20.091,9.63967,9.64174,1.00,1.00
2016.01.14 11:09:20.142,9.63987,9.64199,1.00,1.00
2016.01.14 11:09:20.193,9.63987,9.64193,1.00,1.00
2016.01.14 11:09:20.244,9.63961,9.64173,1.00,1.00
2016.01.14 11:09:20.347,9.63975,9.64187,1.00,1.00
2016.01.14 11:09:20.712,9.64005,9.64217,1.00,1.37
2016.01.14 11:09:20.916,9.64001,9.64213,1.00,1.07
2016.01.14 11:09:21.018,9.64018,9.6423,1.00,1.45
2016.01.14 11:09:21.188,9.64018,9.6423,1.00,1.17
2016.01.14 11:09:21.240,9.63998,9.64212,1.00,1.00
2016.01.14 11:09:21.342,9.64022,9.64234,1.00,1.07
2016.01.14 11:09:21.545,9.6401,9.64222,1.00,1.00
2016.01.14 11:09:21.647,9.64013,9.64225,1.00,1.00
2016.01.14 11:09:21.994,9.64015,9.64226,1.00,1.00
2016.01.14 11:09:22.298,9.64041,9.64234,1.00,1.07
2016.01.14 11:09:22.349,9.64026,9.64234,1.00,1.07
2016.01.14 11:09:22.451,9.64008,9.6422,1.00,1.00
2016.01.14 11:09:22.502,9.64014,9.6422,1.00,1.00
2016.01.14 11:09:22.654,9.64018,9.6423,1.00,1.10
2016.01.14 11:09:22.817,9.64037,9.64249,1.00,1.47
2016.01.14 11:09:23.010,9.64018,9.6423,1.00,1.10
2016.01.14 11:09:23.112,9.64037,9.64234,1.00,1.07
2016.01.14 11:09:23.426,9.64011,9.64223,1.00,1.00
2016.01.14 11:09:23.501,9.64017,9.64223,1.00,1.00
2016.01.14 11:09:23.653,9.64016,9.64228,1.00,1.00
2016.01.14 11:09:23.754,9.64037,9.64234,1.00,1.07
2016.01.14 11:09:24.147,9.63999,9.64211,1.00,1.00
2016.01.14 11:09:24.198,9.63999,9.64211,1.00,1.45
2016.01.14 11:09:24.249,9.63985,9.64197,1.00,1.07
2016.01.14 11:09:24.300,9.63985,9.64193,1.00,1.12
2016.01.14 11:09:24.351,9.63949,9.64161,1.00,1.10
2016.01.14 11:09:24.402,9.63949,9.64161,1.00,1.45
2016.01.14 11:09:24.454,9.6392,9.64132,1.00,1.00
2016.01.14 11:09:24.505,9.63934,9.64132,1.00,1.00
2016.01.14 11:09:24.658,9.63932,9.64144,1.00,1.07
2016.01.14 11:09:24.818,9.63947,9.64159,1.00,1.47
2016.01.14 11:09:25.205,9.63933,9.64145,1.00,1.07
2016.01.14 11:09:25.257,9.63948,9.6416,1.00,1.45
2016.01.14 11:09:25.360,9.6392,9.64132,1.00,1.00
2016.01.14 11:09:25.621,9.639,9.64112,1.00,1.00
2016.01.14 11:09:25.925,9.63914,9.64126,1.00,1.07
2016.01.14 11:09:26.290,9.6393,9.64142,1.00,1.45
2016.01.14 11:09:26.932,9.63908,9.64122,1.00,1.07
2016.01.14 11:09:27.034,9.6389,9.64104,1.07,1.00
2016.01.14 11:09:27.136,9.63912,9.64124,1.00,1.07
2016.01.14 11:09:27.288,9.63931,9.64143,1.00,1.07
2016.01.14 11:09:27.340,9.63964,9.64171,1.00,1.12
2016.01.14 11:09:27.665,9.63958,9.6417,1.07,1.82
2016.01.14 11:09:27.818,9.63941,9.64155,1.00,1.37
2016.01.14 11:09:27.920,9.63946,9.64158,1.00,1.37
2016.01.14 11:09:28.022,9.63944,9.64156,1.00,1.37
2016.01.14 11:09:28.125,9.63962,9.64171,1.00,1.12
2016.01.14 11:09:28.234,9.63956,9.64168,1.00,1.57
2016.01.14 11:09:28.347,9.63954,9.64166,1.00,1.45
2016.01.14 11:09:28.449,9.63935,9.64147,1.00,1.07
2016.01.14 11:09:28.551,9.63932,9.64144,1.00,1.07
2016.01.14 11:09:28.602,9.63932,9.64144,1.37,1.07
2016.01.14 11:09:30.127,9.63944,9.64156,1.37,1.37
2016.01.14 11:09:30.365,9.63989,9.64171,1.00,1.12
2016.01.14 11:09:30.467,9.63968,9.64182,1.37,1.37
2016.01.14 11:09:30.538,9.63968,9.64182,1.37,1.75
2016.01.14 11:09:31.337,9.6396,9.64174,1.00,1.82
2016.01.14 11:09:31.528,9.6396,9.64174,1.37,1.82
2016.01.14 11:09:32.056,9.63966,9.64175,1.00,1.12
2016.01.14 11:09:32.166,9.63942,9.64156,1.37,1.37
2016.01.14 11:09:32.268,9.63966,9.64175,1.00,1.12
2016.01.14 11:09:32.471,9.63944,9.64156,1.37,1.37
2016.01.14 11:09:32.672,9.63984,9.64175,1.37,1.12
2016.01.14 11:09:32.876,9.63989,9.64175,1.00,1.12
2016.01.14 11:09:32.927,9.63969,9.6417,1.12,1.45
2016.01.14 11:09:33.028,9.63972,9.64175,1.00,1.12
2016.01.14 11:09:33.333,9.63968,9.64175,1.37,1.12
2016.01.14 11:09:33.435,9.63994,9.64199,1.37,1.12
2016.01.14 11:09:33.718,9.63964,9.64176,1.37,1.07
2016.01.14 11:09:34.312,9.63964,9.64176,1.00,1.07
2016.01.14 11:09:34.865,9.63964,9.64176,1.37,1.07
2016.01.14 11:09:35.417,9.63964,9.64176,1.37,1.07
2016.01.14 11:09:35.868,9.63964,9.64176,1.00,1.07
2016.01.14 11:09:36.369,9.63964,9.64176,1.37,1.07
2016.01.14 11:09:36.673,9.63995,9.64199,1.37,1.12
2016.01.14 11:09:36.724,9.63995,9.64196,1.37,1.12
2016.01.14 11:09:36.826,9.64015,9.64227,1.37,1.85
2016.01.14 11:09:37.150,9.64015,9.64227,1.37,1.75
2016.01.14 11:09:44.105,9.64015,9.64227,1.00,1.75
2016.01.14 11:09:44.157,9.63993,9.64205,1.00,1.00
2016.01.14 11:09:44.259,9.6397,9.64182,1.00,1.00
2016.01.14 11:09:44.580,9.63967,9.64179,1.00,1.37
2016.01.14 11:09:44.909,9.63967,9.64168,1.00,1.12
2016.01.14 11:09:45.260,9.63989,9.64168,1.00,1.12
2016.01.14 11:09:45.464,9.63973,9.64168,1.00,1.12
2016.01.14 11:09:45.577,9.63989,9.64168,1.00,1.12
2016.01.14 11:09:45.782,9.63975,9.64168,1.00,1.12
2016.01.14 11:09:45.884,9.63973,9.64168,1.00,1.12
2016.01.14 11:09:46.063,9.63988,9.64168,1.00,1.12
2016.01.14 11:09:46.268,9.63988,9.642,1.00,1.75
2016.01.14 11:09:46.319,9.63988,9.642,1.00,1.00
2016.01.14 11:09:46.532,9.63971,9.64185,1.00,1.00
2016.01.14 11:09:46.584,9.63991,9.64203,1.00,1.00
2016.01.14 11:09:46.844,9.64002,9.64216,1.00,1.00
2016.01.14 11:09:46.895,9.63984,9.64196,1.00,1.00
2016.01.14 11:09:47.201,9.63976,9.64188,1.37,1.00
2016.01.14 11:09:47.302,9.63995,9.64207,1.00,1.00
2016.01.14 11:09:47.404,9.6399,9.64202,1.00,1.00
2016.01.14 11:09:48.387,9.63971,9.64185,1.00,1.00
2016.01.14 11:09:48.489,9.63989,9.64203,1.00,1.00
2016.01.14 11:09:48.798,9.63971,9.64185,1.37,1.00
2016.01.14 11:09:48.860,9.6399,9.64202,1.00,1.00
2016.01.14 11:09:49.706,9.63973,9.64185,1.00,1.00
2016.01.14 11:09:49.808,9.63989,9.64203,1.00,1.00
2016.01.14 11:09:50.882,9.63975,9.64187,1.00,1.00
2016.01.14 11:09:51.187,9.63989,9.64201,1.00,1.00
2016.01.14 11:09:51.885,9.63972,9.64184,1.00,1.00
2016.01.14 11:09:52.102,9.63969,9.64183,1.00,1.00
2016.01.14 11:09:52.204,9.63988,9.642,1.00,1.00
2016.01.14 11:09:52.581,9.63973,9.64185,1.00,1.00
2016.01.14 11:09:52.955,9.63988,9.642,1.00,1.00
2016.01.14 11:09:53.258,9.63973,9.64185,1.00,1.00
2016.01.14 11:09:53.488,9.63987,9.64201,1.00,1.00
2016.01.14 11:09:53.590,9.6397,9.64182,1.00,1.00
2016.01.14 11:09:53.911,9.63988,9.642,1.00,1.00
2016.01.14 11:09:54.311,9.6397,9.64182,1.00,1.00
2016.01.14 11:09:54.662,9.63988,9.642,1.00,1.00
2016.01.14 11:09:54.916,9.63971,9.64185,1.00,1.00
2016.01.14 11:09:55.018,9.63988,9.642,1.00,1.00
2016.01.14 11:09:55.517,9.6397,9.64182,1.00,1.00
2016.01.14 11:09:55.847,9.63988,9.642,1.00,1.00
2016.01.14 11:09:56.168,9.6397,9.64182,1.00,1.00
2016.01.14 11:09:56.913,9.63988,9.642,1.00,1.00
2016.01.14 11:09:57.021,9.6397,9.64184,1.00,1.00
2016.01.14 11:09:57.123,9.63988,9.642,1.00,1.00
2016.01.14 11:09:57.503,9.63971,9.64183,1.00,1.00
2016.01.14 11:09:58.287,9.63988,9.642,1.00,1.00
2016.01.14 11:09:58.602,9.63971,9.64183,1.00,1.00
2016.01.14 11:10:00.907,9.63986,9.64198,1.00,1.00
2016.01.14 11:10:01.237,9.63972,9.64184,1.00,1.00
2016.01.14 11:10:01.561,9.64001,9.64213,1.00,1.07
2016.01.14 11:10:02.191,9.63984,9.64196,1.00,1.00
2016.01.14 11:10:02.293,9.64003,9.64217,1.00,1.07
2016.01.14 11:10:02.597,9.63985,9.64199,1.00,1.00
2016.01.14 11:10:02.699,9.63982,9.64194,1.00,1.00
2016.01.14 11:10:03.049,9.64004,9.64216,1.00,1.07
2016.01.14 11:10:03.100,9.63985,9.64197,1.00,1.00
2016.01.14 11:10:03.202,9.64004,9.64216,1.00,1.07
2016.01.14 11:10:03.304,9.63984,9.64198,1.00,1.00
2016.01.14 11:10:03.593,9.64004,9.64216,1.00,1.07
2016.01.14 11:10:04.397,9.63985,9.64197,1.00,1.00
2016.01.14 11:10:04.498,9.63982,9.64194,1.00,1.00
2016.01.14 11:10:04.811,9.64004,9.64216,1.00,1.07
2016.01.14 11:10:04.913,9.63985,9.64197,1.00,1.00
2016.01.14 11:10:05.135,9.64004,9.64216,1.00,1.07
2016.01.14 11:10:05.292,9.63985,9.64197,1.00,1.00
2016.01.14 11:10:05.448,9.64004,9.64216,1.00,1.07
2016.01.14 11:10:05.637,9.63999,9.64211,1.00,1.07
2016.01.14 11:10:05.749,9.6398,9.64194,1.00,1.00
2016.01.14 11:10:05.901,9.63999,9.64211,1.00,1.07
2016.01.14 11:10:06.105,9.63985,9.64197,1.00,1.00
2016.01.14 11:10:06.373,9.64004,9.64216,1.00,1.07
2016.01.14 11:10:06.424,9.63985,9.64197,1.00,1.00
2016.01.14 11:10:06.641,9.64004,9.64216,1.00,1.07
2016.01.14 11:10:06.751,9.63982,9.64194,1.00,1.00
2016.01.14 11:10:06.802,9.63984,9.64194,1.00,1.00
2016.01.14 11:10:07.043,9.63985,9.64197,1.00,1.00
2016.01.14 11:10:07.151,9.64004,9.64216,1.00,1.07
2016.01.14 11:10:07.946,9.63982,9.64194,1.00,1.00
2016.01.14 11:10:08.053,9.64004,9.64216,1.00,1.07
2016.01.14 11:10:08.155,9.63984,9.64198,1.00,1.00
2016.01.14 11:10:08.257,9.64004,9.64216,1.00,1.07
2016.01.14 11:10:08.518,9.63984,9.64198,1.00,1.00
2016.01.14 11:10:08.620,9.64003,9.64217,1.00,1.07
2016.01.14 11:10:09.191,9.64003,9.64214,1.00,1.12
2016.01.14 11:10:09.341,9.63985,9.64197,1.00,1.37
2016.01.14 11:10:09.443,9.64003,9.64214,1.00,1.12
2016.01.14 11:10:09.654,9.63985,9.64197,1.00,1.37
2016.01.14 11:10:09.856,9.64003,9.64214,1.00,1.12
2016.01.14 11:10:09.921,9.63985,9.64197,1.00,1.37
2016.01.14 11:10:10.158,9.64003,9.64214,1.00,1.12
2016.01.14 11:10:10.360,9.63983,9.64197,1.00,1.37
2016.01.14 11:10:10.462,9.64003,9.64214,1.00,1.12
2016.01.14 11:10:10.858,9.63983,9.64197,1.00,1.37
2016.01.14 11:10:10.960,9.64002,9.64214,1.00,1.87
2016.01.14 11:10:11.366,9.63984,9.64196,1.00,1.37
2016.01.14 11:10:11.664,9.64004,9.64214,1.00,1.12
2016.01.14 11:10:11.766,9.63984,9.64196,1.00,1.37
2016.01.14 11:10:11.868,9.64005,9.64214,1.00,1.12
2016.01.14 11:10:11.969,9.63986,9.64198,1.00,1.37
2016.01.14 11:10:12.020,9.6401,9.64214,1.00,1.12
2016.01.14 11:10:12.122,9.63985,9.64197,1.00,1.37
2016.01.14 11:10:12.223,9.64006,9.64214,1.00,1.12
2016.01.14 11:10:12.464,9.63988,9.642,1.00,1.37
2016.01.14 11:10:12.667,9.64007,9.64214,1.00,1.12
2016.01.14 11:10:12.769,9.63988,9.642,1.00,1.37
2016.01.14 11:10:12.871,9.64007,9.64214,1.00,1.12
2016.01.14 11:10:13.362,9.64021,9.64214,1.00,1.12
2016.01.14 11:10:13.573,9.64004,9.64216,1.00,1.07
2016.01.14 11:10:13.624,9.64022,9.64234,1.00,1.45
2016.01.14 11:10:13.726,9.64002,9.64214,1.00,1.07
2016.01.14 11:10:13.856,9.64022,9.64234,1.00,1.45
2016.01.14 11:10:13.959,9.64002,9.64214,1.00,1.07
2016.01.14 11:10:14.061,9.64022,9.64234,1.00,1.45
2016.01.14 11:10:14.568,9.64002,9.64214,1.00,1.07
2016.01.14 11:10:14.729,9.64022,9.64234,1.00,1.45
2016.01.14 11:10:14.951,9.64002,9.64214,1.00,1.07
2016.01.14 11:10:15.113,9.64022,9.64234,1.00,1.45
2016.01.14 11:10:15.165,9.64002,9.64214,1.00,1.07
2016.01.14 11:10:15.266,9.64021,9.64235,1.00,1.45
2016.01.14 11:10:15.760,9.64002,9.64214,1.00,1.07
2016.01.14 11:10:15.862,9.64022,9.64234,1.00,1.45
2016.01.14 11:10:16.142,9.64003,9.64215,1.00,1.07
2016.01.14 11:10:16.244,9.64022,9.64234,1.00,1.45
2016.01.14 11:10:16.348,9.64003,9.64215,1.00,1.07
2016.01.14 11:10:16.451,9.64022,9.64234,1.00,1.45
2016.01.14 11:10:17.052,9.64003,9.64215,1.00,1.07
2016.01.14 11:10:17.153,9.6402,9.64232,1.00,1.45
2016.01.14 11:10:17.538,9.64001,9.64213,1.00,1.07
2016.01.14 11:10:17.640,9.64004,9.64218,1.00,1.07
2016.01.14 11:10:17.868,9.64001,9.64213,1.00,1.07
2016.01.14 11:10:17.970,9.64021,9.64233,1.00,1.45
2016.01.14 11:10:18.280,9.64002,9.64214,1.00,1.07
2016.01.14 11:10:18.458,9.64021,9.64235,1.00,1.45
2016.01.14 11:10:18.560,9.64004,9.64216,1.00,1.07
2016.01.14 11:10:18.661,9.64021,9.64233,1.00,1.45
2016.01.14 11:10:18.966,9.64004,9.64216,1.00,1.07
2016.01.14 11:10:19.362,9.64022,9.64234,1.00,1.45
2016.01.14 11:10:19.585,9.64005,9.64217,1.00,1.07
2016.01.14 11:10:19.687,9.64022,9.64234,1.00,1.45
2016.01.14 11:10:20.664,9.64005,9.64217,1.00,1.07
2016.01.14 11:10:20.876,9.64022,9.64234,1.00,1.45
2016.01.14 11:10:21.066,9.64006,9.64218,1.00,1.07
2016.01.14 11:10:21.167,9.64021,9.64235,1.00,1.45
2016.01.14 11:10:21.279,9.64002,9.64214,1.00,1.07
2016.01.14 11:10:21.381,9.64022,9.64234,1.00,1.45
2016.01.14 11:10:21.959,9.63997,9.64209,1.00,1.10
2016.01.14 11:10:22.061,9.64015,9.64227,1.00,1.37
2016.01.14 11:10:22.269,9.63996,9.64208,1.00,1.00
2016.01.14 11:10:22.370,9.64015,9.64227,1.00,1.37
2016.01.14 11:10:22.481,9.63997,9.64209,1.00,1.10
2016.01.14 11:10:22.684,9.64015,9.64227,1.00,1.37
2016.01.14 11:10:22.785,9.63996,9.6421,1.00,1.07
2016.01.14 11:10:22.887,9.64015,9.64227,1.00,1.37
2016.01.14 11:10:23.298,9.63997,9.64209,1.00,1.10
2016.01.14 11:10:23.399,9.64015,9.64227,1.00,1.37
2016.01.14 11:10:23.501,9.63997,9.64209,1.00,1.10
2016.01.14 11:10:23.603,9.64015,9.64227,1.00,1.37
2016.01.14 11:10:23.654,9.63997,9.64209,1.00,1.10
2016.01.14 11:10:23.860,9.64015,9.64227,1.00,1.37
2016.01.14 11:10:24.354,9.63997,9.64209,1.00,1.10
2016.01.14 11:10:24.413,9.64015,9.64227,1.00,1.37
2016.01.14 11:10:24.464,9.63997,9.64209,1.00,1.10
2016.01.14 11:10:24.585,9.64015,9.64227,1.00,1.37
2016.01.14 11:10:24.797,9.63997,9.64209,1.00,1.10
2016.01.14 11:10:24.899,9.64015,9.64227,1.00,1.37
2016.01.14 11:10:25.286,9.63998,9.6421,1.00,1.07
2016.01.14 11:10:25.592,9.64015,9.64227,1.00,1.37
2016.01.14 11:10:25.694,9.63998,9.6421,1.00,1.07
2016.01.14 11:10:25.967,9.64015,9.64227,1.00,1.37
2016.01.14 11:10:26.170,9.63998,9.6421,1.00,1.07
2016.01.14 11:10:26.373,9.64015,9.64227,1.00,1.37
2016.01.14 11:10:26.475,9.63997,9.64211,1.00,1.07
2016.01.14 11:10:26.734,9.64015,9.64227,1.00,1.37
2016.01.14 11:10:26.887,9.63998,9.6421,1.00,1.07
2016.01.14 11:10:26.989,9.64015,9.64227,1.00,1.37
2016.01.14 11:10:27.091,9.63992,9.64204,1.00,1.00
2016.01.14 11:10:27.379,9.64015,9.64227,1.00,1.37
2016.01.14 11:10:27.480,9.63996,9.64208,1.00,1.00
2016.01.14 11:10:27.592,9.64014,9.64226,1.00,1.37
2016.01.14 11:10:27.908,9.63996,9.64208,1.00,1.45
2016.01.14 11:10:28.231,9.64015,9.64215,1.00,1.12
2016.01.14 11:10:28.282,9.63995,9.64209,1.50,1.45
2016.01.14 11:10:28.392,9.64015,9.64215,1.00,1.12
2016.01.14 11:10:28.580,9.63996,9.64208,1.00,1.45
2016.01.14 11:10:28.694,9.64015,9.64215,1.00,1.12
2016.01.14 11:10:29.108,9.63996,9.64208,1.00,1.45
2016.01.14 11:10:29.210,9.64015,9.64215,1.00,1.12
2016.01.14 11:10:29.311,9.63996,9.64208,1.00,1.45
2016.01.14 11:10:29.514,9.64015,9.64215,1.00,1.12
2016.01.14 11:10:30.175,9.63996,9.64208,1.00,1.45
2016.01.14 11:10:30.277,9.64015,9.64215,1.00,1.12
2016.01.14 11:10:30.585,9.63996,9.64208,1.00,1.45
2016.01.14 11:10:30.796,9.64014,9.64215,1.00,1.12
2016.01.14 11:10:30.899,9.63995,9.64207,1.00,1.45
2016.01.14 11:10:31.000,9.64014,9.64215,1.00,1.12
2016.01.14 11:10:31.122,9.63995,9.64207,1.00,1.45
2016.01.14 11:10:31.224,9.64014,9.64215,1.00,1.12
2016.01.14 11:10:32.188,9.63994,9.64208,1.50,1.45
2016.01.14 11:10:32.290,9.64012,9.64215,1.00,1.12
2016.01.14 11:10:32.472,9.63994,9.64206,1.00,1.45
2016.01.14 11:10:32.628,9.64012,9.64215,1.00,1.12
2016.01.14 11:10:33.100,9.63992,9.64204,1.50,1.45
2016.01.14 11:10:33.201,9.6401,9.64215,1.00,1.12
2016.01.14 11:10:33.384,9.63992,9.64204,1.00,1.45
2016.01.14 11:10:33.486,9.64009,9.64215,1.00,1.12
2016.01.14 11:10:33.668,9.63992,9.64204,1.00,1.45
2016.01.14 11:10:33.986,9.6401,9.64215,1.00,1.12
2016.01.14 11:10:34.088,9.63992,9.64204,1.00,1.45
2016.01.14 11:10:34.190,9.64006,9.64215,1.00,1.12
2016.01.14 11:10:34.292,9.64001,9.64213,1.00,1.82
2016.01.14 11:10:34.394,9.63981,9.64193,1.50,1.07
2016.01.14 11:10:34.598,9.64005,9.64213,1.00,1.82
2016.01.14 11:10:34.818,9.63991,9.64203,1.00,1.47
2016.01.14 11:10:34.919,9.63997,9.64209,1.00,1.45
2016.01.14 11:10:35.224,9.63992,9.64204,1.00,1.45
2016.01.14 11:10:35.325,9.64011,9.64215,1.00,1.12
2016.01.14 11:10:35.709,9.63991,9.64205,1.50,1.45
2016.01.14 11:10:35.898,9.64015,9.64215,1.00,1.12
2016.01.14 11:10:36.000,9.63996,9.64208,1.00,1.45
2016.01.14 11:10:36.203,9.64011,9.64215,1.00,1.12
2016.01.14 11:10:36.305,9.63992,9.64204,1.00,1.45
2016.01.14 11:10:36.928,9.64011,9.64215,1.00,1.12
2016.01.14 11:10:37.031,9.63992,9.64204,1.00,1.45
2016.01.14 11:10:37.196,9.64011,9.64215,1.00,1.12
2016.01.14 11:10:37.298,9.63992,9.64204,1.00,1.45
2016.01.14 11:10:37.602,9.64011,9.64215,1.00,1.12
2016.01.14 11:10:37.999,9.63992,9.64204,1.00,1.45
2016.01.14 11:10:38.113,9.64011,9.64215,1.00,1.12
2016.01.14 11:10:38.214,9.63992,9.64204,1.00,1.45
2016.01.14 11:10:38.316,9.64008,9.64215,1.00,1.12
2016.01.14 11:10:38.418,9.63994,9.64206,1.00,1.45
2016.01.14 11:10:38.600,9.63989,9.64201,1.00,1.37
2016.01.14 11:10:38.702,9.64008,9.64215,1.00,1.12
2016.01.14 11:10:38.905,9.63987,9.64193,1.00,1.07
2016.01.14 11:10:39.007,9.64008,9.64213,1.00,1.82
2016.01.14 11:10:40.718,9.63988,9.64199,1.00,1.37
2016.01.14 11:10:41.027,9.64008,9.64215,1.00,1.12
2016.01.14 11:10:41.246,9.63988,9.64199,1.00,1.37
2016.01.14 11:10:41.449,9.64008,9.64215,1.00,1.12
2016.01.14 11:10:41.621,9.63988,9.64199,1.00,1.37
2016.01.14 11:10:41.831,9.64008,9.64215,1.00,1.12
2016.01.14 11:10:41.932,9.63988,9.64199,1.00,1.37
2016.01.14 11:10:42.034,9.64008,9.64215,1.00,1.12
2016.01.14 11:10:42.136,9.63988,9.642,1.50,1.37
2016.01.14 11:10:42.237,9.6401,9.64215,1.00,1.12
2016.01.14 11:10:42.339,9.6399,9.64201,1.00,1.37
2016.01.14 11:10:42.440,9.64009,9.64215,1.00,1.12
2016.01.14 11:10:42.712,9.6399,9.64202,1.50,1.37
2016.01.14 11:10:42.814,9.64011,9.64215,1.00,1.12
2016.01.14 11:10:43.214,9.63994,9.64206,1.00,1.45
2016.01.14 11:10:43.417,9.64011,9.64215,1.00,1.12
2016.01.14 11:10:43.518,9.63992,9.64204,1.00,1.45
2016.01.14 11:10:43.633,9.64011,9.64215,1.00,1.12
2016.01.14 11:10:43.736,9.63992,9.64204,1.00,1.45
2016.01.14 11:10:44.450,9.6401,9.64215,1.00,1.12
2016.01.14 11:10:44.552,9.63992,9.64204,1.00,1.45
2016.01.14 11:10:44.653,9.6401,9.64215,1.00,1.12
2016.01.14 11:10:44.755,9.63991,9.64205,1.00,1.45
2016.01.14 11:10:45.118,9.6401,9.64215,1.00,1.12
2016.01.14 11:10:45.220,9.63992,9.64204,1.00,1.45
2016.01.14 11:10:45.525,9.6401,9.64215,1.00,1.12
2016.01.14 11:10:45.627,9.63992,9.64204,1.00,1.45
2016.01.14 11:10:46.768,9.64011,9.64215,1.00,1.12
2016.01.14 11:10:46.870,9.63992,9.64204,1.00,1.45
2016.01.14 11:10:46.972,9.64011,9.64215,1.00,1.12
2016.01.14 11:10:47.623,9.63992,9.64204,1.00,1.45
2016.01.14 11:10:47.924,9.6401,9.64215,1.00,1.12
2016.01.14 11:10:48.025,9.63992,9.64204,1.00,1.45
2016.01.14 11:10:48.770,9.6401,9.64215,1.00,1.12
2016.01.14 11:10:48.871,9.6399,9.64194,1.00,1.07
2016.01.14 11:10:48.922,9.63982,9.64194,1.00,1.07
2016.01.14 11:10:48.973,9.64004,9.64214,1.00,1.82
2016.01.14 11:10:52.434,9.63995,9.64207,1.00,1.45
2016.01.14 11:10:52.938,9.64015,9.64215,1.00,1.12
2016.01.14 11:10:53.141,9.63995,9.64207,1.00,1.45
2016.01.14 11:10:53.251,9.64016,9.64215,1.00,1.12
2016.01.14 11:10:53.469,9.63996,9.64205,1.00,1.45
2016.01.14 11:10:53.520,9.63993,9.64205,1.00,1.45
2016.01.14 11:10:53.638,9.64015,9.64215,1.00,1.12
2016.01.14 11:10:53.768,9.64015,9.64217,1.00,1.12
2016.01.14 11:10:53.820,9.63993,9.64205,1.37,1.47
2016.01.14 11:10:54.825,9.63999,9.64211,1.37,1.45
2016.01.14 11:10:58.887,9.64025,9.64217,1.00,1.12
2016.01.14 11:10:58.988,9.64048,9.64257,1.00,1.82
2016.01.14 11:10:59.090,9.64067,9.64276,1.00,1.12
2016.01.14 11:10:59.141,9.64067,9.64279,1.00,1.45
2016.01.14 11:10:59.192,9.64082,9.64285,1.00,1.12
2016.01.14 11:10:59.294,9.64076,9.64285,1.00,1.12
2016.01.14 11:10:59.345,9.64076,9.64288,1.00,1.07
2016.01.14 11:10:59.396,9.64056,9.64267,1.00,1.00
2016.01.14 11:10:59.601,9.64059,9.64273,1.00,1.00
2016.01.14 11:10:59.754,9.6407,9.64282,1.00,1.07
2016.01.14 11:11:00.059,9.64105,9.64312,1.00,1.12
2016.01.14 11:11:00.395,9.64119,9.64312,1.00,1.12
2016.01.14 11:11:00.633,9.64105,9.64312,1.00,1.12
2016.01.14 11:11:00.684,9.64128,9.64312,1.00,1.12
2016.01.14 11:11:00.786,9.64113,9.64325,1.00,1.37
2016.01.14 11:11:00.888,9.64129,9.64341,1.00,1.82
2016.01.14 11:11:01.294,9.64113,9.64325,1.00,1.37
2016.01.14 11:11:01.396,9.64107,9.64321,1.00,1.07
2016.01.14 11:11:01.498,9.64114,9.64326,1.00,1.37
2016.01.14 11:11:01.827,9.64131,9.64343,1.00,1.87
2016.01.14 11:11:01.878,9.64111,9.64312,1.00,1.07
2016.01.14 11:11:01.929,9.641,9.64312,1.00,1.07
2016.01.14 11:11:01.980,9.64117,9.64329,1.00,1.37
2016.01.14 11:11:02.284,9.64105,9.64315,1.00,1.12
2016.01.14 11:11:03.408,9.64087,9.64299,1.00,1.37
2016.01.14 11:11:03.509,9.64105,9.64315,1.00,1.12
2016.01.14 11:11:03.698,9.64088,9.643,1.00,1.37
2016.01.14 11:11:04.202,9.64104,9.64315,1.00,1.12
2016.01.14 11:11:04.303,9.64088,9.643,1.00,1.37
2016.01.14 11:11:04.406,9.64102,9.64314,1.00,1.82
2016.01.14 11:11:04.724,9.64104,9.64315,1.00,1.12
2016.01.14 11:11:04.775,9.64088,9.643,1.00,1.37
2016.01.14 11:11:04.877,9.64102,9.64315,1.00,1.12
2016.01.14 11:11:05.182,9.64086,9.64298,1.00,1.37
2016.01.14 11:11:05.284,9.64107,9.64315,1.00,1.12
2016.01.14 11:11:05.597,9.64087,9.64298,1.00,1.37
2016.01.14 11:11:05.699,9.64104,9.64315,1.00,1.12
2016.01.14 11:11:06.011,9.64086,9.64298,1.00,1.37
2016.01.14 11:11:06.113,9.64104,9.64315,1.00,1.12
2016.01.14 11:11:06.214,9.64086,9.643,1.00,1.37
2016.01.14 11:11:06.509,9.64103,9.64315,1.00,1.87
2016.01.14 11:11:08.078,9.64087,9.64299,1.00,1.37
2016.01.14 11:11:09.581,9.64104,9.64315,1.00,1.12
2016.01.14 11:11:10.497,9.64088,9.643,1.00,1.37
2016.01.14 11:11:10.714,9.64105,9.64315,1.00,1.12
2016.01.14 11:11:10.816,9.64089,9.64301,1.00,1.37
2016.01.14 11:11:11.027,9.64108,9.64315,1.00,1.12
2016.01.14 11:11:11.128,9.64091,9.64303,1.00,1.47
2016.01.14 11:11:11.898,9.64108,9.64315,1.00,1.12
2016.01.14 11:11:15.227,9.64088,9.643,1.50,1.37
2016.01.14 11:11:15.499,9.64105,9.64315,1.00,1.12
2016.01.14 11:11:15.601,9.64088,9.643,1.00,1.37
2016.01.14 11:11:16.438,9.64105,9.64315,1.00,1.12
2016.01.14 11:11:16.503,9.64088,9.643,1.00,1.37
2016.01.14 11:11:17.004,9.64105,9.64315,1.00,1.12
2016.01.14 11:11:17.105,9.64088,9.643,1.00,1.37
2016.01.14 11:11:17.316,9.64105,9.64315,1.00,1.12
2016.01.14 11:11:17.418,9.64088,9.643,1.00,1.37
2016.01.14 11:11:17.722,9.64088,9.64268,1.00,1.12
2016.01.14 11:11:20.554,9.64104,9.64268,1.00,1.12
2016.01.14 11:11:20.855,9.64086,9.64268,1.00,1.12
2016.01.14 11:11:21.161,9.64104,9.64268,1.00,1.12
2016.01.14 11:11:21.363,9.64087,9.64268,1.00,1.12
2016.01.14 11:11:21.417,9.64104,9.64268,1.00,1.12
2016.01.14 11:11:21.642,9.64087,9.64268,1.00,1.12
2016.01.14 11:11:21.744,9.64104,9.64268,1.00,1.12
2016.01.14 11:11:21.887,9.64087,9.64268,1.00,1.12
2016.01.14 11:11:21.938,9.64103,9.64268,1.00,1.12
2016.01.14 11:11:22.040,9.64086,9.64268,1.00,1.12
2016.01.14 11:11:22.344,9.64104,9.64268,1.00,1.12
2016.01.14 11:11:22.822,9.64087,9.64268,1.00,1.12
2016.01.14 11:11:23.023,9.64103,9.64268,1.00,1.12
2016.01.14 11:11:23.234,9.64087,9.64268,1.00,1.12
2016.01.14 11:11:23.336,9.64104,9.64268,1.00,1.12
2016.01.14 11:11:23.547,9.64087,9.64268,1.00,1.12
2016.01.14 11:11:23.648,9.64104,9.64268,1.00,1.12
2016.01.14 11:11:23.750,9.64087,9.64268,1.00,1.12
2016.01.14 11:11:23.851,9.64104,9.64268,1.00,1.12
2016.01.14 11:11:23.953,9.64088,9.64268,1.00,1.12
2016.01.14 11:11:24.341,9.64106,9.64268,1.00,1.12
2016.01.14 11:11:24.443,9.64089,9.64268,1.00,1.12
2016.01.14 11:11:24.630,9.64106,9.64268,1.00,1.12
2016.01.14 11:11:24.732,9.64089,9.64268,1.00,1.12
2016.01.14 11:11:25.151,9.64106,9.64268,1.00,1.12
2016.01.14 11:11:26.277,9.64089,9.64268,1.00,1.12
2016.01.14 11:11:26.328,9.64105,9.64268,1.00,1.12
2016.01.14 11:11:26.740,9.64089,9.64268,1.00,1.12
2016.01.14 11:11:26.842,9.64106,9.64268,1.00,1.12
2016.01.14 11:11:26.944,9.64089,9.64268,1.00,1.12
2016.01.14 11:11:27.045,9.64106,9.64268,1.00,1.12
2016.01.14 11:11:27.147,9.64089,9.64268,1.00,1.12
2016.01.14 11:11:27.248,9.64106,9.64268,1.00,1.12
2016.01.14 11:11:27.465,9.64089,9.64268,1.00,1.12
2016.01.14 11:11:27.567,9.64106,9.64268,1.00,1.12
2016.01.14 11:11:28.344,9.64089,9.64268,1.00,1.12
2016.01.14 11:11:28.657,9.64106,9.64268,1.00,1.12
2016.01.14 11:11:28.759,9.64089,9.64268,1.00,1.12
2016.01.14 11:11:28.962,9.64105,9.64268,1.00,1.12
2016.01.14 11:11:29.065,9.64089,9.64268,1.00,1.12
2016.01.14 11:11:29.167,9.64106,9.64268,1.00,1.12
2016.01.14 11:11:29.530,9.64089,9.64268,1.00,1.12
2016.01.14 11:11:29.582,9.64106,9.64268,1.00,1.12
2016.01.14 11:11:29.684,9.64089,9.64268,1.00,1.12
2016.01.14 11:11:30.052,9.64106,9.64268,1.00,1.12
2016.01.14 11:11:30.255,9.64089,9.64268,1.00,1.12
2016.01.14 11:11:30.357,9.64106,9.64268,1.00,1.12
2016.01.14 11:11:30.563,9.64089,9.64268,1.00,1.12
2016.01.14 11:11:30.765,9.64106,9.64268,1.00,1.12
2016.01.14 11:11:30.867,9.64096,9.64268,1.00,1.12
2016.01.14 11:11:30.969,9.6411,9.64268,1.00,1.12
2016.01.14 11:11:31.257,9.64092,9.64268,1.00,1.12
2016.01.14 11:11:31.359,9.6411,9.64268,1.00,1.12
2016.01.14 11:11:32.060,9.64091,9.64268,1.00,1.12
2016.01.14 11:11:32.162,9.6411,9.64268,1.00,1.12
2016.01.14 11:11:32.366,9.64092,9.64268,1.00,1.12
2016.01.14 11:11:32.561,9.6411,9.64268,1.00,1.12
2016.01.14 11:11:32.663,9.64092,9.64268,1.00,1.12
2016.01.14 11:11:33.289,9.64109,9.64268,1.00,1.12
2016.01.14 11:11:33.969,9.64092,9.64268,1.00,1.12
2016.01.14 11:11:34.071,9.6411,9.64268,1.00,1.12
2016.01.14 11:11:36.680,9.64092,9.64268,1.00,1.12
2016.01.14 11:11:37.081,9.6411,9.64268,1.00,1.12
2016.01.14 11:11:37.386,9.64093,9.64268,1.00,1.12
2016.01.14 11:11:37.682,9.6411,9.64268,1.00,1.12
2016.01.14 11:11:37.784,9.64093,9.64268,1.00,1.12
2016.01.14 11:11:37.886,9.64111,9.64268,1.00,1.12
2016.01.14 11:11:37.987,9.64093,9.64268,1.00,1.12
2016.01.14 11:11:38.173,9.64111,9.64268,1.00,1.12
2016.01.14 11:11:38.274,9.64093,9.64268,1.00,1.12
2016.01.14 11:11:38.376,9.64111,9.64268,1.00,1.12
2016.01.14 11:11:38.478,9.64094,9.64268,1.00,1.12
2016.01.14 11:11:38.588,9.64111,9.64268,1.00,1.12
2016.01.14 11:11:38.691,9.64093,9.64268,1.00,1.12
2016.01.14 11:11:38.894,9.64112,9.64268,1.00,1.12
2016.01.14 11:11:38.996,9.64096,9.64268,1.00,1.12
2016.01.14 11:11:39.366,9.64114,9.64268,1.00,1.12
2016.01.14 11:11:39.468,9.641,9.64268,1.00,1.12
2016.01.14 11:11:39.570,9.64118,9.64268,1.00,1.12
2016.01.14 11:11:39.672,9.64091,9.64268,1.00,1.12
2016.01.14 11:11:39.774,9.64096,9.64268,1.00,1.12
2016.01.14 11:11:40.180,9.64114,9.64268,1.00,1.12
2016.01.14 11:11:40.351,9.64096,9.64268,1.00,1.12
2016.01.14 11:11:40.402,9.64113,9.64268,1.00,1.12
2016.01.14 11:11:40.504,9.64096,9.64268,1.00,1.12
2016.01.14 11:11:40.657,9.64113,9.64268,1.00,1.12
2016.01.14 11:11:40.860,9.641,9.64268,1.00,1.12
2016.01.14 11:11:41.573,9.64101,9.64268,1.00,1.12
2016.01.14 11:11:41.675,9.64103,9.64268,1.00,1.12
2016.01.14 11:11:42.966,9.6412,9.64268,1.00,1.12
2016.01.14 11:11:43.068,9.64098,9.64268,1.00,1.12
2016.01.14 11:11:43.180,9.64115,9.64268,1.00,1.12
2016.01.14 11:11:43.664,9.64098,9.64268,1.00,1.12
2016.01.14 11:11:43.867,9.64116,9.64268,1.00,1.12
2016.01.14 11:11:44.077,9.64099,9.64268,1.00,1.12
2016.01.14 11:11:45.108,9.64085,9.64268,1.00,1.12
2016.01.14 11:11:45.210,9.64101,9.64268,1.00,1.12
2016.01.14 11:11:45.312,9.64065,9.64268,1.00,1.12
2016.01.14 11:11:45.414,9.64082,9.64268,1.00,1.12
2016.01.14 11:11:52.220,9.64096,9.64268,1.00,1.12
2016.01.14 11:11:52.586,9.64098,9.64268,1.00,1.12
2016.01.14 11:11:52.904,9.64084,9.64268,1.00,1.12
2016.01.14 11:11:53.006,9.64099,9.64268,1.00,1.12
2016.01.14 11:11:53.313,9.64084,9.64268,1.00,1.12
2016.01.14 11:11:54.087,9.64098,9.64268,1.00,1.12
2016.01.14 11:11:54.290,9.64084,9.64268,1.00,1.12
2016.01.14 11:11:55.019,9.64098,9.64268,1.00,1.12
2016.01.14 11:11:55.123,9.64082,9.64268,1.00,1.12
2016.01.14 11:11:55.224,9.64098,9.64268,1.00,1.12
2016.01.14 11:11:55.326,9.64083,9.64268,1.00,1.12
2016.01.14 11:11:55.518,9.64098,9.64268,1.00,1.12
2016.01.14 11:11:56.229,9.64081,9.64268,1.00,1.12
2016.01.14 11:11:56.331,9.64083,9.64268,1.00,1.12
2016.01.14 11:11:56.639,9.64085,9.64268,1.00,1.12
2016.01.14 11:11:56.741,9.64083,9.64268,1.00,1.12
2016.01.14 11:11:56.893,9.64086,9.64268,1.00,1.12
2016.01.14 11:11:57.401,9.64085,9.64268,1.00,1.12
2016.01.14 11:11:57.829,9.64089,9.64268,1.00,1.12
2016.01.14 11:11:58.133,9.64094,9.64268,1.00,1.12
2016.01.14 11:11:58.438,9.64083,9.64268,1.00,1.12
2016.01.14 11:11:58.644,9.64097,9.64268,1.00,1.12
2016.01.14 11:12:01.240,9.64037,9.64249,1.00,1.37
2016.01.14 11:12:01.394,9.64037,9.64245,1.00,1.12
2016.01.14 11:12:01.546,9.64023,9.64235,1.37,1.50
2016.01.14 11:12:01.809,9.64045,9.64245,1.00,1.12
2016.01.14 11:12:01.912,9.6404,9.64245,1.00,1.12
2016.01.14 11:12:02.014,9.6402,9.64232,1.00,1.75
2016.01.14 11:12:02.115,9.63991,9.64205,1.37,1.37
2016.01.14 11:12:02.167,9.63991,9.64205,1.00,1.37
2016.01.14 11:12:02.218,9.64006,9.64218,1.00,1.82
2016.01.14 11:12:02.319,9.63975,9.64187,1.00,1.37
2016.01.14 11:12:02.486,9.63975,9.64174,1.00,1.12
2016.01.14 11:12:02.790,9.63993,9.64174,1.37,1.12
2016.01.14 11:12:03.146,9.63993,9.64184,1.37,1.75
2016.01.14 11:12:03.576,9.63993,9.64194,1.00,1.12
2016.01.14 11:12:03.627,9.64008,9.64194,1.00,1.12
2016.01.14 11:12:03.729,9.63986,9.64194,1.00,1.12
2016.01.14 11:12:04.033,9.63986,9.64173,1.00,1.12
2016.01.14 11:12:04.367,9.64004,9.64173,1.12,1.12
2016.01.14 11:12:04.577,9.63987,9.64195,1.37,1.12
2016.01.14 11:12:05.107,9.63987,9.64195,1.00,1.12
2016.01.14 11:12:05.569,9.63987,9.64195,1.37,1.12
2016.01.14 11:12:06.076,9.64005,9.64195,1.00,1.12
2016.01.14 11:12:06.410,9.64019,9.64195,1.00,1.12
2016.01.14 11:12:06.619,9.63999,9.64195,1.37,1.12
2016.01.14 11:12:06.670,9.63999,9.64195,1.00,1.12
2016.01.14 11:12:06.722,9.64016,9.64195,1.00,1.12
2016.01.14 11:12:06.924,9.63995,9.64195,1.00,1.12
2016.01.14 11:12:07.116,9.63995,9.64195,1.37,1.12
2016.01.14 11:12:07.319,9.63995,9.64205,1.37,1.12
2016.01.14 11:12:07.370,9.63995,9.64207,1.37,1.50
2016.01.14 11:12:07.421,9.64014,9.64216,1.00,1.12
2016.01.14 11:12:07.522,9.63997,9.64211,1.37,1.82
2016.01.14 11:12:07.629,9.64017,9.64216,1.00,1.12
2016.01.14 11:12:07.833,9.63998,9.6421,1.37,1.82
2016.01.14 11:12:07.934,9.64017,9.64216,1.00,1.12
2016.01.14 11:12:09.263,9.63998,9.6421,1.37,1.82
2016.01.14 11:12:09.365,9.64019,9.64216,1.00,1.12
2016.01.14 11:12:09.624,9.63998,9.6421,1.37,1.82
2016.01.14 11:12:09.726,9.64017,9.64216,1.00,1.12
2016.01.14 11:12:09.828,9.63998,9.6421,1.00,1.82
2016.01.14 11:12:10.037,9.64018,9.64216,1.00,1.12
2016.01.14 11:12:10.139,9.63999,9.64211,1.37,1.82
2016.01.14 11:12:10.240,9.64018,9.64216,1.00,1.12
2016.01.14 11:12:10.567,9.63999,9.64211,1.37,1.82
2016.01.14 11:12:10.669,9.64018,9.64216,1.00,1.12
2016.01.14 11:12:10.873,9.63999,9.64211,1.37,1.82
2016.01.14 11:12:11.088,9.6402,9.64216,1.00,1.12
2016.01.14 11:12:11.343,9.64002,9.64214,1.37,1.82
2016.01.14 11:12:11.394,9.64002,9.64214,1.00,1.82
2016.01.14 11:12:11.445,9.64021,9.64216,1.00,1.12
2016.01.14 11:12:12.436,9.64002,9.64214,1.37,1.82
2016.01.14 11:12:12.538,9.64021,9.64216,1.00,1.12
2016.01.14 11:12:13.367,9.64002,9.64214,1.37,1.82
2016.01.14 11:12:13.527,9.64021,9.64216,1.00,1.12
2016.01.14 11:12:13.629,9.64002,9.64214,1.37,1.82
2016.01.14 11:12:13.731,9.64021,9.64216,1.00,1.12
2016.01.14 11:12:14.255,9.64002,9.64214,1.37,1.82
2016.01.14 11:12:14.358,9.64021,9.64216,1.00,1.12
2016.01.14 11:12:14.561,9.64002,9.64214,1.00,1.82
2016.01.14 11:12:14.662,9.6402,9.64216,1.00,1.12
2016.01.14 11:12:14.764,9.64002,9.64214,1.00,1.82
2016.01.14 11:12:14.856,9.64021,9.64216,1.00,1.12
2016.01.14 11:12:15.059,9.64002,9.64214,1.37,1.82
2016.01.14 11:12:15.160,9.64021,9.64216,1.00,1.12
2016.01.14 11:12:15.659,9.64001,9.64205,1.37,1.37
2016.01.14 11:12:15.761,9.64009,9.64216,1.00,1.12
2016.01.14 11:12:16.166,9.64031,9.64216,1.00,1.12
2016.01.14 11:12:17.479,9.64004,9.64216,1.12,1.87
2016.01.14 11:12:17.581,9.64026,9.64216,1.00,1.12
2016.01.14 11:12:17.682,9.64004,9.64216,1.00,1.87
2016.01.14 11:12:17.784,9.64026,9.64216,1.00,1.12
2016.01.14 11:12:17.918,9.64006,9.64216,1.00,1.87
2016.01.14 11:12:17.969,9.64026,9.64216,1.00,1.12
2016.01.14 11:12:18.172,9.64006,9.64216,1.00,1.87
2016.01.14 11:12:18.223,9.64004,9.64216,1.12,1.87
2016.01.14 11:12:18.375,9.64026,9.64216,1.00,1.12
2016.01.14 11:12:18.578,9.64006,9.64216,1.00,1.87
2016.01.14 11:12:18.630,9.64004,9.64216,1.12,1.87
2016.01.14 11:12:18.681,9.64026,9.64216,1.00,1.12
2016.01.14 11:12:18.783,9.64004,9.64216,1.12,1.87
2016.01.14 11:12:18.884,9.64026,9.64216,1.00,1.12
2016.01.14 11:12:19.576,9.64006,9.64216,1.00,1.87
2016.01.14 11:12:19.627,9.64004,9.64216,1.12,1.87
2016.01.14 11:12:19.678,9.64026,9.64216,1.00,1.12
2016.01.14 11:12:19.881,9.64006,9.64216,1.00,1.87
2016.01.14 11:12:19.932,9.64004,9.64216,1.12,1.87
2016.01.14 11:12:19.983,9.64026,9.64216,1.00,1.12
2016.01.14 11:12:20.186,9.64004,9.64216,1.12,1.87
2016.01.14 11:12:20.288,9.64026,9.64216,1.00,1.12
2016.01.14 11:12:20.568,9.64006,9.64216,1.00,1.87
2016.01.14 11:12:20.619,9.64004,9.64216,1.00,1.87
2016.01.14 11:12:20.981,9.64026,9.64216,1.00,1.12
2016.01.14 11:12:21.082,9.64006,9.64216,1.00,1.87
2016.01.14 11:12:21.133,9.64004,9.64216,1.12,1.87
2016.01.14 11:12:21.286,9.64026,9.64216,1.00,1.12
2016.01.14 11:12:21.489,9.64004,9.64216,1.12,1.87
2016.01.14 11:12:21.590,9.64026,9.64216,1.00,1.12
2016.01.14 11:12:21.692,9.64004,9.64216,1.12,1.87
2016.01.14 11:12:21.823,9.64026,9.64216,1.00,1.12
2016.01.14 11:12:22.186,9.64006,9.64216,1.00,1.87
2016.01.14 11:12:22.237,9.64004,9.64216,1.00,1.87
2016.01.14 11:12:22.288,9.64026,9.64216,1.00,1.12
2016.01.14 11:12:23.161,9.64006,9.64216,1.00,1.87
2016.01.14 11:12:23.222,9.64004,9.64216,1.12,1.87
2016.01.14 11:12:23.273,9.64026,9.64216,1.00,1.12
2016.01.14 11:12:23.375,9.64006,9.64216,1.00,1.87
2016.01.14 11:12:23.426,9.64004,9.64216,1.12,1.87
2016.01.14 11:12:23.477,9.64026,9.64216,1.00,1.12
2016.01.14 11:12:23.579,9.64006,9.64216,1.00,1.12
2016.01.14 11:12:23.630,9.64003,9.64216,1.00,1.12
2016.01.14 11:12:23.681,9.64025,9.64216,1.00,1.12
2016.01.14 11:12:24.290,9.64006,9.64216,1.00,1.87
2016.01.14 11:12:24.341,9.64004,9.64216,1.12,1.87
2016.01.14 11:12:24.392,9.64026,9.64216,1.00,1.12
2016.01.14 11:12:24.494,9.64004,9.64216,1.12,1.87
2016.01.14 11:12:24.596,9.64025,9.64216,1.00,1.12
2016.01.14 11:12:24.697,9.64004,9.64216,1.12,1.87
2016.01.14 11:12:24.799,9.64026,9.64216,1.00,1.12
2016.01.14 11:12:25.297,9.64004,9.64216,1.00,1.87
2016.01.14 11:12:25.399,9.64026,9.64216,1.00,1.12
2016.01.14 11:12:25.959,9.64006,9.64216,1.00,1.87
2016.01.14 11:12:26.010,9.64004,9.64216,1.12,1.87
2016.01.14 11:12:26.061,9.64026,9.64216,1.00,1.12
2016.01.14 11:12:26.768,9.64006,9.64216,1.00,1.87
2016.01.14 11:12:26.819,9.64004,9.64216,1.00,1.87
2016.01.14 11:12:26.870,9.64025,9.64216,1.00,1.12
2016.01.14 11:12:27.073,9.64006,9.64216,1.00,1.87
2016.01.14 11:12:27.124,9.64004,9.64216,1.12,1.87
2016.01.14 11:12:27.175,9.64026,9.64216,1.00,1.12
2016.01.14 11:12:27.378,9.64006,9.64216,1.00,1.87
2016.01.14 11:12:27.429,9.64004,9.64216,1.12,1.87
2016.01.14 11:12:27.502,9.64006,9.64216,1.00,1.87
2016.01.14 11:12:27.603,9.64004,9.64216,1.12,1.87
2016.01.14 11:12:27.908,9.64026,9.64216,1.00,1.12
2016.01.14 11:12:28.010,9.64004,9.64216,1.12,1.87
2016.01.14 11:12:28.386,9.64027,9.64216,1.00,1.12
2016.01.14 11:12:28.488,9.64007,9.64216,1.00,1.87
2016.01.14 11:12:28.539,9.64004,9.64216,1.00,1.87
2016.01.14 11:12:28.708,9.64027,9.64216,1.00,1.12
2016.01.14 11:12:29.118,9.64006,9.64216,1.00,1.12
2016.01.14 11:12:29.316,9.64027,9.64216,1.00,1.12
2016.01.14 11:12:29.418,9.64006,9.64216,1.00,1.12
2016.01.14 11:12:29.798,9.64026,9.64216,1.00,1.12
2016.01.14 11:12:29.901,9.64006,9.64216,1.00,1.12
2016.01.14 11:12:30.003,9.64027,9.64216,1.00,1.12
2016.01.14 11:12:30.105,9.64007,9.64216,1.00,1.87
2016.01.14 11:12:30.156,9.64004,9.64216,1.12,1.87
2016.01.14 11:12:30.208,9.64025,9.64216,1.00,1.12
2016.01.14 11:12:30.319,9.64004,9.64216,1.12,1.87
2016.01.14 11:12:30.421,9.64026,9.64216,1.00,1.12
2016.01.14 11:12:30.721,9.64004,9.64216,1.12,1.87
2016.01.14 11:12:30.823,9.64026,9.64216,1.00,1.12
2016.01.14 11:12:31.026,9.64014,9.64216,1.00,1.12
2016.01.14 11:12:31.179,9.64019,9.64216,1.00,1.12
2016.01.14 11:12:31.483,9.64005,9.64216,1.00,1.12
2016.01.14 11:12:31.643,9.64021,9.64216,1.37,1.12
2016.01.14 11:12:31.947,9.64041,9.64216,1.00,1.12
2016.01.14 11:12:31.998,9.64021,9.64216,1.37,1.12
2016.01.14 11:12:32.202,9.64056,9.64216,1.00,1.12
2016.01.14 11:12:32.304,9.64052,9.64216,1.00,1.12
2016.01.14 11:12:32.406,9.64032,9.64216,1.00,1.12
2016.01.14 11:12:32.457,9.64022,9.64216,1.37,1.12
2016.01.14 11:12:32.508,9.64034,9.64216,1.00,1.12
2016.01.14 11:12:32.681,9.64053,9.64239,1.00,1.12
2016.01.14 11:12:32.733,9.64071,9.64239,1.00,1.12
2016.01.14 11:12:32.834,9.64044,9.64239,1.00,1.12
2016.01.14 11:12:32.936,9.64027,9.64239,1.00,1.87
2016.01.14 11:12:33.038,9.64049,9.64239,1.00,1.12
2016.01.14 11:12:33.343,9.64035,9.64239,1.00,1.12
2016.01.14 11:12:33.394,9.64035,9.64247,1.00,1.75
2016.01.14 11:12:33.445,9.64042,9.64254,1.00,1.50
2016.01.14 11:12:33.634,9.64038,9.6425,1.00,1.37
2016.01.14 11:12:33.737,9.64058,9.64264,1.00,1.12
2016.01.14 11:12:33.950,9.64035,9.64249,1.00,1.37
2016.01.14 11:12:34.051,9.64058,9.64264,1.00,1.12
2016.01.14 11:12:34.102,9.6405,9.64262,1.00,1.82
2016.01.14 11:12:34.427,9.64035,9.64247,1.00,1.37
2016.01.14 11:12:34.537,9.64057,9.64264,1.00,1.12
2016.01.14 11:12:34.725,9.64039,9.64251,1.00,1.00
2016.01.14 11:12:34.827,9.64074,9.64286,1.00,1.82
2016.01.14 11:12:35.041,9.64053,9.64265,1.00,1.07
2016.01.14 11:12:35.144,9.64085,9.64292,1.00,1.12
2016.01.14 11:12:35.246,9.64056,9.64268,1.00,1.07
2016.01.14 11:12:35.347,9.64074,9.64286,1.00,1.82
2016.01.14 11:12:35.451,9.64071,9.64283,1.00,1.75
2016.01.14 11:12:35.519,9.64086,9.64292,1.00,1.12
2016.01.14 11:12:35.827,9.64101,9.64292,1.00,1.12
2016.01.14 11:12:35.929,9.64086,9.64292,1.00,1.12
2016.01.14 11:12:36.448,9.64102,9.64292,1.00,1.12
2016.01.14 11:12:36.597,9.64087,9.64292,1.00,1.12
2016.01.14 11:12:36.651,9.64102,9.64292,1.00,1.12
2016.01.14 11:12:36.958,9.64087,9.64292,1.00,1.12
2016.01.14 11:12:37.060,9.64102,9.64292,1.00,1.12
2016.01.14 11:12:37.353,9.64087,9.64292,1.00,1.12
2016.01.14 11:12:37.556,9.64102,9.64292,1.00,1.12
2016.01.14 11:12:37.688,9.64085,9.64292,1.00,1.12
2016.01.14 11:12:37.854,9.64102,9.64292,1.00,1.12
2016.01.14 11:12:38.057,9.64085,9.64292,1.00,1.12
2016.01.14 11:12:38.362,9.6411,9.64292,1.00,1.12
2016.01.14 11:12:38.566,9.64091,9.64292,1.00,1.12
2016.01.14 11:12:38.833,9.64097,9.64292,1.00,1.12
2016.01.14 11:12:39.140,9.64117,9.64292,1.00,1.12
2016.01.14 11:12:39.343,9.64097,9.64292,1.00,1.12
2016.01.14 11:12:39.448,9.64095,9.64292,1.00,1.12
2016.01.14 11:12:39.560,9.64117,9.64292,1.00,1.12
2016.01.14 11:12:39.743,9.64095,9.64292,1.00,1.12
2016.01.14 11:12:39.861,9.64117,9.64292,1.00,1.12
2016.01.14 11:12:39.963,9.64095,9.64292,1.00,1.12
2016.01.14 11:12:40.065,9.64117,9.64292,1.00,1.12
2016.01.14 11:12:40.244,9.64096,9.64292,1.00,1.12
2016.01.14 11:12:40.447,9.64117,9.64292,1.00,1.12
2016.01.14 11:12:40.666,9.64097,9.64292,1.00,1.12
2016.01.14 11:12:40.836,9.64113,9.64292,1.00,1.12
2016.01.14 11:12:41.138,9.641,9.64292,1.00,1.12
2016.01.14 11:12:41.239,9.64077,9.64289,1.00,1.82
2016.01.14 11:12:42.740,9.64063,9.64275,1.00,1.37
2016.01.14 11:12:42.842,9.6408,9.64292,1.00,1.87
2016.01.14 11:12:42.943,9.64066,9.64266,1.00,1.12
2016.01.14 11:12:43.045,9.64081,9.64266,1.00,1.12
2016.01.14 11:12:43.249,9.64066,9.64266,1.00,1.12
2016.01.14 11:12:43.351,9.6405,9.64262,1.00,1.82
2016.01.14 11:12:43.453,9.64064,9.64266,1.00,1.12
2016.01.14 11:12:47.592,9.64079,9.64266,1.00,1.12
2016.01.14 11:12:47.694,9.64065,9.64277,1.00,1.75
2016.01.14 11:12:47.745,9.64065,9.64277,1.00,1.00
2016.01.14 11:12:49.274,9.64079,9.64291,1.00,1.37
2016.01.14 11:12:49.879,9.64079,9.64291,1.00,1.50
2016.01.14 11:12:49.980,9.64065,9.64277,1.00,1.07
2016.01.14 11:12:50.133,9.64065,9.64277,1.00,1.82
2016.01.14 11:12:50.441,9.64079,9.64282,1.00,1.12
2016.01.14 11:12:50.769,9.64092,9.64282,1.00,1.12
2016.01.14 11:12:51.177,9.64078,9.64282,1.00,1.12
2016.01.14 11:12:51.279,9.64093,9.64282,1.00,1.12
2016.01.14 11:12:51.470,9.64077,9.64282,1.00,1.12
2016.01.14 11:12:51.802,9.64093,9.64282,1.00,1.12
2016.01.14 11:12:52.304,9.64076,9.64282,1.00,1.12
2016.01.14 11:12:52.606,9.64094,9.64282,1.00,1.12
2016.01.14 11:12:52.707,9.64076,9.64282,1.00,1.12
2016.01.14 11:12:52.990,9.64093,9.64282,1.00,1.12
2016.01.14 11:12:53.092,9.64076,9.64282,1.00,1.12
2016.01.14 11:12:53.194,9.64094,9.64282,1.00,1.12
2016.01.14 11:12:53.977,9.64078,9.64282,1.00,1.12
2016.01.14 11:12:54.078,9.64095,9.64282,1.00,1.12
2016.01.14 11:12:54.312,9.64077,9.64282,1.00,1.12
2016.01.14 11:12:54.614,9.64094,9.64282,1.00,1.12
2016.01.14 11:12:54.716,9.64078,9.64282,1.00,1.12
2016.01.14 11:12:54.811,9.64095,9.64282,1.00,1.12
2016.01.14 11:12:54.912,9.64078,9.64282,1.00,1.12
2016.01.14 11:12:55.014,9.64095,9.64282,1.00,1.12
2016.01.14 11:12:55.116,9.64077,9.64282,1.00,1.12
2016.01.14 11:12:55.316,9.64095,9.64282,1.00,1.12
2016.01.14 11:12:55.686,9.64079,9.64282,1.00,1.12
2016.01.14 11:12:55.944,9.64095,9.64282,1.00,1.12
2016.01.14 11:12:55.996,9.64079,9.64282,1.00,1.12
2016.01.14 11:12:56.047,9.64079,9.64282,1.00,1.12
2016.01.14 11:12:56.098,9.64095,9.64292,1.00,1.12
2016.01.14 11:12:56.149,9.64095,9.64292,1.00,1.12
2016.01.14 11:12:56.200,9.64078,9.6429,1.00,1.82
2016.01.14 11:12:56.302,9.64095,9.64296,1.00,1.12
2016.01.14 11:12:56.405,9.64078,9.6429,1.00,1.82
2016.01.14 11:12:56.507,9.64095,9.64296,1.00,1.12
2016.01.14 11:12:56.609,9.64079,9.64291,1.00,1.82
2016.01.14 11:12:56.711,9.64095,9.64296,1.00,1.12
2016.01.14 11:12:56.812,9.6408,9.64292,1.00,1.82
2016.01.14 11:12:56.914,9.64095,9.64296,1.00,1.12
2016.01.14 11:12:57.116,9.6408,9.64292,1.00,1.82
2016.01.14 11:12:57.167,9.6408,9.64292,1.00,1.82
2016.01.14 11:12:57.514,9.64095,9.64293,1.00,1.12
2016.01.14 11:12:57.616,9.64079,9.64291,1.00,1.82
2016.01.14 11:12:57.718,9.64095,9.64293,1.00,1.12
2016.01.14 11:12:57.819,9.6408,9.64292,1.00,1.82
2016.01.14 11:12:57.921,9.64095,9.64293,1.00,1.12
2016.01.14 11:12:58.022,9.6408,9.64292,1.00,1.82
2016.01.14 11:12:58.124,9.64094,9.64293,1.00,1.12
2016.01.14 11:12:58.226,9.64079,9.64293,1.00,1.87
2016.01.14 11:12:58.327,9.64095,9.64293,1.00,1.12
2016.01.14 11:12:58.430,9.6408,9.64292,1.00,1.82
2016.01.14 11:12:58.481,9.64095,9.64293,1.00,1.12
2016.01.14 11:12:58.616,9.6408,9.64292,1.00,1.82
2016.01.14 11:12:58.718,9.64095,9.64289,1.00,1.12
2016.01.14 11:12:58.820,9.64078,9.64289,1.00,1.12
2016.01.14 11:12:58.921,9.64095,9.64289,1.00,1.12
2016.01.14 11:12:59.023,9.64078,9.64289,1.00,1.12
2016.01.14 11:12:59.226,9.64095,9.64289,1.00,1.12
2016.01.14 11:12:59.328,9.64078,9.64289,1.00,1.12
2016.01.14 11:12:59.822,9.64095,9.64289,1.00,1.12
2016.01.14 11:13:00.025,9.64078,9.64289,1.00,1.12
2016.01.14 11:13:00.127,9.64095,9.64289,1.00,1.12
2016.01.14 11:13:00.228,9.64078,9.64289,1.00,1.12
2016.01.14 11:13:00.435,9.64078,9.64289,1.00,1.12
2016.01.14 11:13:00.690,9.64078,9.64286,1.00,1.12
2016.01.14 11:13:01.091,9.64093,9.64286,1.00,1.12
2016.01.14 11:13:01.193,9.64076,9.64286,1.00,1.12
2016.01.14 11:13:01.295,9.64093,9.64286,1.00,1.12
2016.01.14 11:13:01.615,9.64107,9.64286,1.00,1.12
2016.01.14 11:13:01.717,9.64087,9.64286,1.00,1.12
2016.01.14 11:13:01.768,9.64087,9.64299,1.00,1.82
2016.01.14 11:13:01.819,9.6413,9.64322,1.00,1.12
2016.01.14 11:13:02.144,9.64145,9.64322,1.00,1.12
2016.01.14 11:13:02.195,9.64119,9.64322,1.00,1.12
2016.01.14 11:13:02.398,9.64137,9.64322,1.00,1.12
2016.01.14 11:13:02.449,9.64137,9.64335,1.00,1.12
2016.01.14 11:13:02.500,9.64141,9.64335,1.00,1.12
2016.01.14 11:13:02.602,9.64118,9.6433,1.00,1.82
2016.01.14 11:13:02.703,9.64141,9.64335,1.00,1.12
2016.01.14 11:13:02.795,9.64117,9.64331,1.00,1.82
2016.01.14 11:13:02.998,9.64141,9.64335,1.00,1.12
2016.01.14 11:13:03.201,9.64118,9.64332,1.00,1.82
2016.01.14 11:13:03.302,9.64124,9.64335,1.00,1.12
2016.01.14 11:13:03.506,9.64119,9.64331,1.00,1.82
2016.01.14 11:13:03.718,9.64137,9.64335,1.00,1.12
2016.01.14 11:13:03.820,9.64118,9.6433,1.00,1.82
2016.01.14 11:13:04.025,9.64141,9.64335,1.00,1.12
2016.01.14 11:13:04.327,9.64121,9.64333,1.00,1.82
2016.01.14 11:13:04.429,9.6414,9.64335,1.00,1.12
2016.01.14 11:13:04.850,9.64122,9.64335,1.00,1.12
2016.01.14 11:13:04.901,9.64146,9.64335,1.00,1.12
2016.01.14 11:13:05.118,9.64121,9.64333,1.00,1.82
2016.01.14 11:13:05.220,9.64124,9.64335,1.00,1.12
2016.01.14 11:13:05.531,9.64127,9.64339,1.00,1.82
2016.01.14 11:13:05.633,9.64147,9.64345,1.00,1.12
2016.01.14 11:13:05.735,9.64127,9.64339,1.00,1.82
2016.01.14 11:13:06.040,9.64146,9.64345,1.00,1.12
2016.01.14 11:13:06.311,9.64126,9.64338,1.00,1.85
2016.01.14 11:13:06.413,9.64147,9.64345,1.00,1.12
2016.01.14 11:13:06.544,9.64124,9.64336,1.00,1.75
2016.01.14 11:13:06.595,9.64127,9.64336,1.00,1.75
2016.01.14 11:13:07.017,9.64147,9.64345,1.00,1.12
2016.01.14 11:13:07.118,9.64128,9.6434,1.00,1.82
2016.01.14 11:13:07.220,9.64147,9.64345,1.00,1.12
2016.01.14 11:13:07.449,9.64126,9.6434,1.00,1.82
2016.01.14 11:13:07.551,9.64147,9.64345,1.00,1.12
2016.01.14 11:13:07.653,9.64127,9.64339,1.00,1.82
2016.01.14 11:13:07.755,9.64123,9.64337,1.00,1.75
2016.01.14 11:13:08.019,9.64147,9.64345,1.00,1.12
2016.01.14 11:13:08.121,9.64128,9.6434,1.00,1.82
2016.01.14 11:13:08.337,9.64147,9.64345,1.00,1.12
2016.01.14 11:13:08.439,9.64123,9.64335,1.00,1.50
2016.01.14 11:13:08.541,9.64128,9.6434,1.00,1.82
2016.01.14 11:13:08.845,9.64147,9.64345,1.00,1.12
2016.01.14 11:13:08.947,9.64112,9.64324,1.00,1.07
2016.01.14 11:13:09.049,9.64131,9.64317,1.00,1.12
2016.01.14 11:13:09.151,9.64075,9.64287,1.00,1.00
2016.01.14 11:13:09.253,9.64092,9.64304,1.00,1.37
2016.01.14 11:13:09.318,9.64074,9.64286,1.00,1.00
2016.01.14 11:13:09.420,9.64098,9.6431,1.00,1.85
2016.01.14 11:13:09.522,9.64077,9.64291,1.00,1.10
2016.01.14 11:13:09.573,9.64077,9.64291,1.00,1.75
2016.01.14 11:13:09.876,9.64092,9.64293,1.00,1.12
2016.01.14 11:13:10.040,9.64072,9.64286,1.00,1.85
2016.01.14 11:13:10.142,9.64092,9.64293,1.00,1.12
2016.01.14 11:13:10.244,9.64073,9.64285,1.00,1.75
2016.01.14 11:13:10.646,9.64092,9.64293,1.00,1.12
2016.01.14 11:13:10.830,9.64073,9.64285,1.00,1.75
2016.01.14 11:13:10.932,9.64091,9.64293,1.00,1.12
2016.01.14 11:13:11.034,9.64074,9.64286,1.00,1.85
2016.01.14 11:13:11.136,9.64092,9.64293,1.00,1.12
2016.01.14 11:13:11.460,9.64072,9.64286,1.00,1.85
2016.01.14 11:13:12.047,9.64092,9.64293,1.00,1.12
2016.01.14 11:13:12.148,9.64073,9.64285,1.00,1.75
2016.01.14 11:13:12.441,9.64092,9.64293,1.00,1.12
2016.01.14 11:13:12.638,9.64073,9.64285,1.00,1.75
2016.01.14 11:13:13.039,9.64092,9.64293,1.00,1.12
2016.01.14 11:13:13.141,9.64071,9.64283,1.00,1.37
2016.01.14 11:13:13.233,9.64092,9.64293,1.00,1.12
2016.01.14 11:13:13.343,9.64073,9.64285,1.00,1.75
2016.01.14 11:13:13.445,9.64092,9.64293,1.00,1.12
2016.01.14 11:13:13.742,9.64073,9.64285,1.00,1.75
2016.01.14 11:13:14.551,9.64089,9.64293,1.00,1.12
2016.01.14 11:13:14.856,9.64113,9.64325,1.37,1.45
2016.01.14 11:13:14.907,9.64113,9.64325,1.37,1.07
2016.01.14 11:13:15.216,9.64113,9.64325,1.37,1.00
2016.01.14 11:13:15.267,9.64099,9.64311,1.37,1.00
2016.01.14 11:13:15.620,9.64112,9.64326,1.37,1.00
2016.01.14 11:13:15.671,9.64099,9.64311,1.37,1.00
2016.01.14 11:13:15.773,9.64112,9.64326,1.37,1.00
2016.01.14 11:13:15.875,9.64097,9.64309,1.37,1.00
2016.01.14 11:13:15.977,9.64113,9.64325,1.37,1.00
2016.01.14 11:13:16.079,9.64097,9.64309,1.37,1.00
2016.01.14 11:13:16.180,9.64113,9.64325,1.37,1.00
2016.01.14 11:13:16.282,9.64097,9.64309,1.37,1.00
2016.01.14 11:13:16.485,9.64113,9.64325,1.37,1.00
2016.01.14 11:13:16.587,9.64097,9.64309,1.37,1.00
2016.01.14 11:13:16.861,9.64114,9.64326,1.37,1.00
2016.01.14 11:13:16.963,9.64097,9.64309,1.37,1.00
2016.01.14 11:13:17.166,9.64112,9.64324,1.37,1.00
2016.01.14 11:13:17.268,9.64098,9.6431,1.37,1.00
2016.01.14 11:13:17.471,9.64116,9.64328,1.37,1.00
2016.01.14 11:13:17.573,9.64133,9.64345,1.37,1.00
2016.01.14 11:13:17.624,9.64133,9.64345,1.45,1.00
2016.01.14 11:13:17.676,9.64148,9.6436,1.37,1.00
2016.01.14 11:13:17.772,9.64153,9.64367,1.37,1.00
2016.01.14 11:13:17.874,9.64222,9.64434,1.37,1.00
2016.01.14 11:13:17.977,9.64228,9.6444,1.37,1.00
2016.01.14 11:13:18.079,9.64267,9.64479,1.37,1.00
2016.01.14 11:13:18.130,9.64267,9.64474,1.37,1.00
2016.01.14 11:13:18.283,9.64286,9.64498,1.00,1.00
2016.01.14 11:13:18.385,9.64287,9.64501,1.00,1.00
2016.01.14 11:13:18.589,9.64268,9.6448,1.37,1.00
2016.01.14 11:13:18.743,9.64304,9.64491,1.20,1.00
2016.01.14 11:13:18.795,9.64305,9.64517,1.82,1.00
2016.01.14 11:13:18.897,9.64304,9.64498,1.20,1.00
2016.01.14 11:13:18.999,9.64307,9.64519,1.37,1.00
2016.01.14 11:13:19.577,9.64307,9.64519,1.37,1.00
2016.01.14 11:13:19.901,9.64321,9.64533,1.37,1.00
2016.01.14 11:13:20.003,9.64336,9.64548,1.37,1.00
2016.01.14 11:13:20.155,9.64336,9.64548,1.00,1.00
2016.01.14 11:13:20.257,9.6432,9.64532,1.00,1.00
2016.01.14 11:13:20.562,9.64308,9.6452,1.37,1.00
2016.01.14 11:13:20.663,9.64329,9.64541,1.37,1.00
2016.01.14 11:13:20.777,9.64346,9.64558,1.00,1.00
2016.01.14 11:13:20.879,9.64328,9.6454,1.37,1.00
2016.01.14 11:13:20.981,9.64343,9.64555,1.00,1.00
2016.01.14 11:13:21.083,9.64345,9.64557,1.00,1.00
2016.01.14 11:13:21.389,9.6432,9.64532,1.37,1.00
2016.01.14 11:13:21.491,9.64337,9.64549,1.00,1.00
2016.01.14 11:13:21.542,9.64343,9.64549,1.00,1.00
2016.01.14 11:13:21.593,9.64363,9.64575,1.00,1.00
2016.01.14 11:13:21.708,9.64324,9.64536,1.37,1.00
2016.01.14 11:13:22.013,9.64353,9.64565,1.00,1.00
2016.01.14 11:13:22.064,9.64368,9.6458,1.00,1.00
2016.01.14 11:13:22.370,9.64378,9.6459,1.00,1.00
2016.01.14 11:13:22.713,9.64398,9.6461,1.00,1.00
2016.01.14 11:13:23.031,9.64392,9.64604,1.00,1.00
2016.01.14 11:13:23.338,9.64416,9.64628,1.00,1.00
2016.01.14 11:13:23.662,9.64402,9.64614,1.00,1.00
2016.01.14 11:13:23.966,9.64419,9.64631,1.00,1.00
2016.01.14 11:13:24.271,9.64408,9.6462,1.00,1.00
2016.01.14 11:13:24.605,9.64389,9.64601,1.00,1.00
2016.01.14 11:13:24.910,9.64384,9.64596,1.00,1.00
2016.01.14 11:13:25.216,9.64417,9.64629,1.00,1.00
2016.01.14 11:13:25.419,9.64409,9.64623,1.00,1.00
2016.01.14 11:13:25.520,9.64401,9.64613,1.00,1.00
2016.01.14 11:13:25.834,9.64403,9.64615,1.00,1.00
2016.01.14 11:13:26.138,9.64383,9.64595,1.00,1.00
2016.01.14 11:13:26.442,9.64389,9.64601,1.00,1.00
2016.01.14 11:13:27.022,9.64371,9.64583,1.00,1.00
2016.01.14 11:13:27.427,9.64358,9.6457,1.00,1.00
2016.01.14 11:13:27.742,9.64392,9.64604,1.00,1.82
2016.01.14 11:13:27.793,9.64372,9.64584,1.00,1.07
2016.01.14 11:13:27.998,9.64392,9.64604,1.00,1.82
2016.01.14 11:13:28.050,9.64392,9.64604,1.00,1.45
2016.01.14 11:13:28.204,9.64378,9.6459,1.00,1.07
2016.01.14 11:13:28.407,9.64378,9.6459,1.00,1.00
2016.01.14 11:13:28.509,9.64399,9.64611,1.00,1.37
2016.01.14 11:13:28.611,9.64384,9.64596,1.00,1.00
2016.01.14 11:13:28.777,9.64365,9.64577,1.00,1.07
2016.01.14 11:13:29.326,9.64384,9.64596,1.00,1.82
2016.01.14 11:13:29.377,9.64384,9.64595,1.00,1.07
2016.01.14 11:13:29.428,9.64363,9.64575,1.00,1.00
2016.01.14 11:13:29.530,9.64377,9.64589,1.00,1.00
2016.01.14 11:13:29.834,9.64366,9.64578,1.00,1.00
2016.01.14 11:13:30.156,9.64382,9.64594,1.00,1.00
2016.01.14 11:13:31.166,9.64366,9.64578,1.00,1.00
2016.01.14 11:13:31.523,9.64382,9.64596,1.00,1.00
2016.01.14 11:13:31.624,9.64366,9.6458,1.00,1.00
2016.01.14 11:13:31.992,9.64381,9.64593,1.00,1.00
2016.01.14 11:13:32.299,9.64374,9.64586,1.00,1.00
2016.01.14 11:13:32.604,9.64365,9.64577,1.00,1.00
2016.01.14 11:13:32.931,9.64365,9.64577,1.00,1.07
2016.01.14 11:13:33.236,9.64381,9.64593,1.00,1.82
2016.01.14 11:13:33.440,9.64363,9.64575,1.00,1.00
2016.01.14 11:13:33.543,9.64378,9.6459,1.00,1.00
2016.01.14 11:13:33.893,9.6436,9.64572,1.00,1.00
2016.01.14 11:13:34.670,9.6436,9.64572,1.00,1.37
2016.01.14 11:13:35.026,9.64374,9.64586,1.00,1.82
2016.01.14 11:13:35.127,9.6436,9.64572,1.00,1.37
2016.01.14 11:13:35.229,9.64374,9.64586,1.00,1.82
2016.01.14 11:13:35.331,9.64359,9.64573,1.00,1.37
2016.01.14 11:13:35.788,9.64374,9.64586,1.00,1.82
2016.01.14 11:13:35.892,9.64374,9.64586,1.00,1.37
2016.01.14 11:13:35.943,9.64359,9.64571,1.00,1.07
2016.01.14 11:13:36.045,9.64376,9.6459,1.00,1.45
2016.01.14 11:13:36.248,9.64365,9.64579,1.00,1.37
2016.01.14 11:13:36.553,9.64381,9.64593,1.00,1.82
2016.01.14 11:13:36.655,9.64363,9.64575,1.00,1.07
2016.01.14 11:13:37.126,9.64378,9.6459,1.00,1.45
2016.01.14 11:13:37.228,9.64364,9.64576,1.00,1.07
2016.01.14 11:13:37.331,9.64366,9.64578,1.00,1.12
2016.01.14 11:13:37.535,9.64381,9.64593,1.00,1.00
2016.01.14 11:13:38.345,9.64399,9.64611,1.00,1.37
2016.01.14 11:13:38.447,9.64375,9.64587,1.00,1.00
2016.01.14 11:13:38.498,9.64379,9.64587,1.00,1.00
2016.01.14 11:13:38.674,9.64379,9.64591,1.00,1.00
2016.01.14 11:13:38.776,9.64373,9.64585,1.00,1.00
2016.01.14 11:13:39.082,9.64413,9.64625,1.00,1.82
2016.01.14 11:13:39.184,9.64413,9.64625,1.00,1.00
2016.01.14 11:13:39.235,9.64396,9.64608,1.00,1.00
2016.01.14 11:13:39.597,9.64454,9.64659,1.00,1.00
2016.01.14 11:13:39.648,9.64474,9.64686,1.00,1.07
2016.01.14 11:13:39.750,9.64476,9.64688,1.00,1.07
2016.01.14 11:13:40.055,9.64481,9.64693,1.00,1.37
2016.01.14 11:13:40.359,9.6451,9.6472,1.00,1.12
2016.01.14 11:13:40.461,9.64486,9.64698,1.00,1.07
2016.01.14 11:13:40.673,9.6451,9.6472,1.00,1.12
2016.01.14 11:13:40.988,9.64489,9.64701,1.00,1.37
2016.01.14 11:13:41.090,9.64491,9.64701,1.00,1.37
2016.01.14 11:13:41.243,9.64487,9.64699,1.00,1.07
2016.01.14 11:13:41.296,9.64491,9.64699,1.00,1.07
2016.01.14 11:13:41.449,9.64488,9.647,1.00,1.12
2016.01.14 11:13:41.556,9.64511,9.6472,1.00,1.12
2016.01.14 11:13:41.607,9.64511,9.6472,1.00,1.07
2016.01.14 11:13:41.659,9.64487,9.64701,1.00,1.00
2016.01.14 11:13:41.762,9.64496,9.64708,1.00,1.00
2016.01.14 11:13:42.168,9.64507,9.64719,1.00,1.00
2016.01.14 11:13:42.486,9.64482,9.64694,1.00,1.00
2016.01.14 11:13:42.899,9.64496,9.64708,1.00,1.00
2016.01.14 11:13:43.213,9.64499,9.64711,1.00,1.00
2016.01.14 11:13:43.367,9.64512,9.64726,1.00,1.00
2016.01.14 11:13:43.469,9.64503,9.64715,1.00,1.00
2016.01.14 11:13:43.808,9.64484,9.64696,1.00,1.00
2016.01.14 11:13:44.120,9.64495,9.64707,1.00,1.00
2016.01.14 11:13:44.323,9.64512,9.64726,1.00,1.00
2016.01.14 11:13:44.476,9.64493,9.64705,1.50,1.00
2016.01.14 11:13:44.795,9.64537,9.64749,1.00,1.00
2016.01.14 11:13:45.101,9.64513,9.64725,1.00,1.00
2016.01.14 11:13:45.475,9.64529,9.64741,1.00,1.00
2016.01.14 11:13:45.531,9.64531,9.64745,1.00,1.00
2016.01.14 11:13:45.582,9.64526,9.6474,1.00,1.00
2016.01.14 11:13:45.887,9.64495,9.64706,1.00,1.00
2016.01.14 11:13:45.989,9.64508,9.6472,1.00,1.00
2016.01.14 11:13:46.091,9.64498,9.647,1.12,1.00
2016.01.14 11:13:46.297,9.6454,9.6472,1.00,1.00
2016.01.14 11:13:46.415,9.64545,9.64759,1.00,1.00
2016.01.14 11:13:46.518,9.64553,9.64765,1.00,1.00
2016.01.14 11:13:46.823,9.64528,9.6474,1.37,1.00
2016.01.14 11:13:46.874,9.64537,9.64749,1.00,1.00
2016.01.14 11:13:46.985,9.64539,9.64751,1.00,1.00
2016.01.14 11:13:47.290,9.64587,9.64792,1.00,1.00
2016.01.14 11:13:47.384,9.64601,9.64813,1.00,1.00
2016.01.14 11:13:47.590,9.64581,9.64781,1.00,1.00
2016.01.14 11:13:47.641,9.64569,9.64781,1.00,1.00
2016.01.14 11:13:47.693,9.64585,9.64797,1.00,1.00
2016.01.14 11:13:47.999,9.64573,9.64777,1.00,1.00
2016.01.14 11:13:48.051,9.64565,9.64777,1.00,1.00
2016.01.14 11:13:48.204,9.64572,9.64784,1.00,1.00
2016.01.14 11:13:48.516,9.64418,9.6463,1.75,1.00
2016.01.14 11:13:48.668,9.64373,9.64585,1.37,1.00
2016.01.14 11:13:48.719,9.64387,9.64601,1.37,1.00
2016.01.14 11:13:48.821,9.64406,9.64618,1.00,1.00
2016.01.14 11:13:49.024,9.64387,9.64599,1.00,1.00
2016.01.14 11:13:49.328,9.64362,9.64574,1.00,1.00
2016.01.14 11:13:49.649,9.64379,9.64591,1.00,1.00
2016.01.14 11:13:49.701,9.64374,9.64588,1.50,1.00
2016.01.14 11:13:49.904,9.64355,9.64564,1.00,1.00
2016.01.14 11:13:49.956,9.64352,9.64564,1.00,1.00
2016.01.14 11:13:50.108,9.64338,9.6455,1.00,1.00
2016.01.14 11:13:50.415,9.64305,9.64517,1.00,1.37
2016.01.14 11:13:50.518,9.6429,9.64502,1.00,1.00
2016.01.14 11:13:50.737,9.6429,9.64501,1.00,1.12
2016.01.14 11:13:51.296,9.6427,9.64453,1.00,1.00
2016.01.14 11:13:51.347,9.64241,9.64453,1.00,1.00
2016.01.14 11:13:51.399,9.64257,9.64469,1.00,1.00
2016.01.14 11:13:51.725,9.64241,9.64453,1.00,1.00
2016.01.14 11:13:52.030,9.6426,9.64474,1.00,1.07
2016.01.14 11:13:52.355,9.6426,9.64474,1.37,1.07
2016.01.14 11:13:52.885,9.64259,9.64471,1.37,1.00
2016.01.14 11:13:53.190,9.64287,9.64499,1.00,1.82
2016.01.14 11:13:53.241,9.64269,9.64481,1.00,1.07
2016.01.14 11:13:53.343,9.64282,9.64494,1.00,1.45
2016.01.14 11:13:53.496,9.64316,9.64528,1.00,1.47
2016.01.14 11:13:53.678,9.64301,9.64513,1.00,1.07
2016.01.14 11:13:53.729,9.64325,9.64538,1.00,1.12
2016.01.14 11:13:53.932,9.64301,9.64513,1.00,1.00
2016.01.14 11:13:54.034,9.64326,9.64538,1.00,1.57
2016.01.14 11:13:54.136,9.64301,9.64513,1.00,1.00
2016.01.14 11:13:54.440,9.64323,9.64535,1.00,1.47
2016.01.14 11:13:54.744,9.64328,9.6454,1.00,1.82
2016.01.14 11:13:55.113,9.64346,9.64545,1.00,1.12
2016.01.14 11:13:55.215,9.64328,9.6454,1.00,1.82
2016.01.14 11:13:55.755,9.64346,9.64545,1.00,1.12
2016.01.14 11:13:55.857,9.6433,9.64542,1.00,1.82
2016.01.14 11:13:55.959,9.64347,9.64545,1.00,1.12
2016.01.14 11:13:56.125,9.6433,9.64542,1.00,1.82
2016.01.14 11:13:56.228,9.64347,9.64545,1.00,1.12
2016.01.14 11:13:56.338,9.6433,9.64542,1.00,1.07
2016.01.14 11:13:56.440,9.64347,9.64559,1.00,1.45
2016.01.14 11:13:56.542,9.64331,9.64543,1.00,1.07
2016.01.14 11:13:56.740,9.64347,9.64559,1.00,1.45
2016.01.14 11:13:56.915,9.64331,9.64543,1.00,1.07
2016.01.14 11:13:57.188,9.64346,9.64558,1.00,1.47
2016.01.14 11:13:57.343,9.64326,9.64538,1.00,1.10
2016.01.14 11:13:57.445,9.64346,9.64558,1.00,1.47
2016.01.14 11:13:57.547,9.64326,9.64538,1.00,1.10
2016.01.14 11:13:57.845,9.64346,9.64558,1.00,1.47
2016.01.14 11:13:58.122,9.64326,9.64538,1.00,1.10
2016.01.14 11:13:58.440,9.64347,9.64559,1.00,1.45
2016.01.14 11:13:58.749,9.64326,9.64538,1.00,1.75
2016.01.14 11:13:59.155,9.64322,9.64497,1.00,1.12
2016.01.14 11:13:59.359,9.64337,9.64497,1.00,1.12
2016.01.14 11:13:59.492,9.64319,9.64497,1.00,1.12
2016.01.14 11:13:59.544,9.64323,9.64497,1.00,1.12
2016.01.14 11:13:59.950,9.64308,9.64497,1.00,1.12
2016.01.14 11:14:00.052,9.64322,9.64497,1.00,1.12
2016.01.14 11:14:00.255,9.64305,9.64497,1.00,1.12
2016.01.14 11:14:00.426,9.64322,9.64497,1.00,1.12
2016.01.14 11:14:00.477,9.64308,9.64497,1.00,1.12
2016.01.14 11:14:00.579,9.64327,9.64497,1.00,1.12
2016.01.14 11:14:00.681,9.64316,9.64497,1.00,1.12
2016.01.14 11:14:00.732,9.64316,9.64497,1.00,1.12
2016.01.14 11:14:00.885,9.64299,9.64473,1.00,1.12
2016.01.14 11:14:01.139,9.64285,9.64473,1.00,1.12
2016.01.14 11:14:01.567,9.64264,9.64473,1.00,1.12
2016.01.14 11:14:01.670,9.64279,9.64473,1.00,1.12
2016.01.14 11:14:01.773,9.64247,9.64459,1.00,1.37
2016.01.14 11:14:01.875,9.64262,9.64473,1.00,1.12
2016.01.14 11:14:02.180,9.64247,9.6444,1.00,1.12
2016.01.14 11:14:02.282,9.64233,9.6444,1.00,1.12
2016.01.14 11:14:02.452,9.64249,9.64446,1.00,1.12
2016.01.14 11:14:04.448,9.64234,9.64446,1.00,1.87
2016.01.14 11:14:06.070,9.64251,9.64446,1.00,1.12
2016.01.14 11:14:06.121,9.64251,9.64463,1.00,1.75
2016.01.14 11:14:06.172,9.64281,9.64493,1.00,1.82
2016.01.14 11:14:06.274,9.64266,9.64478,1.00,1.07
2016.01.14 11:14:06.325,9.64266,9.64478,1.00,1.00
2016.01.14 11:14:06.376,9.64292,9.64504,1.00,1.00
2016.01.14 11:14:08.393,9.64292,9.645,1.00,1.00
2016.01.14 11:14:08.445,9.64268,9.6448,1.00,1.00
2016.01.14 11:14:08.497,9.64288,9.645,1.00,1.12
2016.01.14 11:14:08.599,9.64265,9.64477,1.00,1.00
2016.01.14 11:14:08.650,9.64265,9.64477,1.00,1.37
2016.01.14 11:14:08.955,9.64276,9.64481,1.00,1.12
2016.01.14 11:14:09.006,9.64249,9.64461,1.00,1.12
2016.01.14 11:14:09.214,9.64249,9.64461,1.00,1.75
2016.01.14 11:14:09.867,9.64249,9.64461,1.00,1.45
2016.01.14 11:14:10.070,9.64249,9.64461,1.00,1.75
2016.01.14 11:14:11.173,9.64249,9.64461,1.00,1.07
2016.01.14 11:14:11.224,9.64249,9.64461,1.00,1.00
2016.01.14 11:14:11.275,9.64232,9.64444,1.00,1.00
2016.01.14 11:14:12.474,9.64228,9.6444,1.00,1.00
2016.01.14 11:14:14.365,9.64228,9.6444,1.75,1.00
2016.01.14 11:14:14.619,9.64228,9.6444,1.00,1.00
2016.01.14 11:14:16.685,9.64228,9.6444,1.07,1.00
2016.01.14 11:14:17.095,9.64228,9.6444,1.07,1.00
2016.01.14 11:14:17.196,9.64213,9.64425,1.07,1.00
2016.01.14 11:14:17.349,9.64213,9.64425,1.00,1.00
2016.01.14 11:14:17.400,9.64199,9.64411,1.00,1.00
2016.01.14 11:14:17.706,9.64154,9.64366,1.00,1.00
2016.01.14 11:14:18.665,9.64154,9.64366,1.00,1.37
2016.01.14 11:14:21.606,9.64169,9.64377,1.00,1.12
2016.01.14 11:14:22.024,9.64184,9.64377,1.00,1.12
2016.01.14 11:14:26.365,9.64184,9.64395,1.07,1.12
2016.01.14 11:14:26.416,9.6417,9.64382,1.07,1.00
2016.01.14 11:14:26.517,9.64191,9.64405,1.07,1.37
2016.01.14 11:14:26.721,9.64239,9.6445,1.37,1.87
2016.01.14 11:14:26.924,9.64249,9.64461,1.00,1.75
2016.01.14 11:14:26.975,9.64249,9.64461,1.00,1.37
2016.01.14 11:14:27.075,9.64229,9.64436,1.37,1.00
2016.01.14 11:14:27.229,9.64243,9.64455,1.37,1.37
2016.01.14 11:14:27.331,9.64217,9.64429,1.37,1.00
2016.01.14 11:14:27.434,9.64242,9.64454,1.37,1.37
2016.01.14 11:14:27.592,9.64242,9.64454,1.37,1.37
2016.01.14 11:14:27.897,9.64263,9.64473,1.00,1.12
2016.01.14 11:14:27.948,9.64259,9.64471,1.00,1.82
2016.01.14 11:14:27.999,9.64259,9.64471,1.00,1.17
2016.01.14 11:14:28.050,9.64276,9.64488,1.00,1.37
2016.01.14 11:14:28.372,9.6428,9.64492,1.00,1.45
2016.01.14 11:14:28.424,9.64254,9.64466,1.00,1.00
2016.01.14 11:14:28.728,9.6424,9.64452,1.37,1.00
2016.01.14 11:14:28.830,9.64255,9.64467,1.00,1.00
2016.01.14 11:14:28.932,9.64272,9.64484,1.00,1.37
2016.01.14 11:14:29.269,9.64251,9.64463,1.00,1.00
2016.01.14 11:14:29.879,9.64251,9.64463,1.37,1.00
2016.01.14 11:14:29.931,9.64277,9.64489,1.00,1.37
2016.01.14 11:14:30.033,9.64257,9.64469,1.37,1.00
2016.01.14 11:14:30.135,9.64282,9.64494,1.00,1.57
2016.01.14 11:14:30.456,9.64296,9.64508,1.00,1.07
2016.01.14 11:14:30.558,9.64279,9.64491,1.00,1.00
2016.01.14 11:14:30.660,9.64302,9.64514,1.00,1.37
2016.01.14 11:14:30.964,9.64305,9.64517,1.00,1.37
2016.01.14 11:14:31.558,9.64306,9.64518,1.00,1.37
2016.01.14 11:14:31.863,9.64306,9.64518,1.00,1.00
2016.01.14 11:14:32.445,9.64317,9.64529,1.00,1.00
2016.01.14 11:14:38.877,9.64302,9.64514,1.00,1.00
2016.01.14 11:14:39.203,9.64332,9.64544,1.00,1.00
2016.01.14 11:14:39.580,9.64281,9.64493,1.00,1.00
2016.01.14 11:14:39.885,9.64267,9.64479,1.00,1.00
2016.01.14 11:14:40.206,9.64265,9.64477,1.00,1.00
2016.01.14 11:14:41.005,9.6425,9.64462,1.37,1.00
2016.01.14 11:14:41.056,9.64265,9.64477,1.00,1.00
2016.01.14 11:14:41.260,9.64251,9.64463,1.37,1.00
2016.01.14 11:14:41.311,9.64251,9.64463,1.00,1.00
2016.01.14 11:14:41.362,9.64269,9.64481,1.00,1.00
2016.01.14 11:14:41.786,9.64253,9.64465,1.00,1.00
2016.01.14 11:14:42.130,9.64257,9.64469,1.00,1.00
2016.01.14 11:14:43.815,9.64238,9.6445,1.15,1.00
2016.01.14 11:14:43.921,9.64275,9.64487,1.00,1.00
2016.01.14 11:14:44.171,9.64257,9.64469,1.00,1.00
2016.01.14 11:14:44.506,9.64259,9.64471,1.00,1.00
2016.01.14 11:14:45.225,9.64275,9.64487,1.00,1.00
2016.01.14 11:14:46.395,9.64259,9.64471,1.00,1.00
2016.01.14 11:14:46.699,9.64274,9.64486,1.00,1.00
2016.01.14 11:14:47.097,9.64257,9.64469,1.00,1.00
2016.01.14 11:14:47.893,9.64275,9.64487,1.00,1.00
2016.01.14 11:14:48.495,9.64257,9.64469,1.00,1.00
2016.01.14 11:14:48.597,9.64274,9.64488,1.00,1.00
2016.01.14 11:14:48.699,9.64257,9.64469,1.00,1.00
2016.01.14 11:14:49.022,9.64275,9.64487,1.00,1.00
2016.01.14 11:14:49.925,9.64261,9.64473,1.00,1.00
2016.01.14 11:14:50.306,9.64281,9.64493,1.00,1.00
2016.01.14 11:14:50.530,9.64261,9.64475,1.00,1.00
2016.01.14 11:14:50.631,9.64238,9.6445,1.00,1.00
2016.01.14 11:14:50.975,9.64254,9.64466,1.00,1.00
2016.01.14 11:14:51.280,9.64238,9.6445,1.22,1.00
2016.01.14 11:14:51.600,9.64224,9.64436,1.22,1.00
2016.01.14 11:14:51.753,9.64246,9.64458,1.22,1.00
2016.01.14 11:14:51.855,9.64227,9.64439,1.37,1.00
2016.01.14 11:14:52.117,9.64211,9.64423,1.00,1.00
2016.01.14 11:14:52.218,9.64227,9.64439,1.00,1.00
2016.01.14 11:14:52.524,9.64217,9.64429,1.00,1.00
2016.01.14 11:14:52.899,9.64215,9.64427,1.00,1.00
2016.01.14 11:14:54.964,9.64229,9.64441,1.00,1.00
2016.01.14 11:14:55.269,9.64211,9.64425,1.00,1.00
2016.01.14 11:14:58.852,9.64198,9.6441,1.37,1.00
2016.01.14 11:15:05.609,9.64184,9.64396,1.37,1.00
2016.01.14 11:15:05.946,9.64154,9.64366,1.37,1.00
2016.01.14 11:15:07.709,9.64134,9.64346,1.87,1.00
2016.01.14 11:15:07.760,9.64134,9.64346,1.00,1.00
2016.01.14 11:15:07.912,9.64118,9.6433,1.00,1.00
2016.01.14 11:15:11.433,9.64158,9.6435,1.00,1.00
2016.01.14 11:15:11.484,9.64158,9.6437,1.00,1.07
2016.01.14 11:15:11.535,9.64138,9.64326,1.00,1.00
2016.01.14 11:15:11.586,9.64114,9.64326,1.00,1.00
2016.01.14 11:15:11.738,9.64118,9.6433,1.00,1.00
2016.01.14 11:15:12.055,9.64076,9.64281,1.00,1.00
2016.01.14 11:15:12.106,9.64069,9.64281,1.00,1.00
2016.01.14 11:15:12.423,9.64062,9.64274,1.00,1.00
2016.01.14 11:15:12.739,9.64062,9.64274,1.28,1.00
2016.01.14 11:15:15.436,9.64077,9.64289,1.00,1.00
2016.01.14 11:15:15.539,9.64056,9.64268,1.50,1.00
2016.01.14 11:15:15.898,9.64056,9.64268,1.28,1.00
2016.01.14 11:15:15.949,9.64079,9.64288,1.00,1.00
2016.01.14 11:15:16.063,9.64059,9.6427,1.28,1.00
2016.01.14 11:15:16.267,9.64071,9.64285,1.28,1.00
2016.01.14 11:15:16.369,9.6407,9.64282,1.28,1.00
2016.01.14 11:15:16.655,9.64089,9.64301,1.00,1.00
2016.01.14 11:15:16.756,9.64072,9.64284,1.28,1.00
2016.01.14 11:15:17.159,9.64089,9.64301,1.00,1.00
2016.01.14 11:15:17.262,9.64073,9.64285,1.03,1.00
2016.01.14 11:15:25.256,9.64101,9.64306,1.00,1.00
2016.01.14 11:15:25.308,9.64101,9.64313,1.00,1.00
2016.01.14 11:15:32.465,9.64092,9.64304,1.00,1.00
2016.01.14 11:15:42.084,9.64092,9.64304,1.37,1.00
2016.01.14 11:15:42.204,9.64119,9.64331,1.37,1.00
2016.01.14 11:15:42.509,9.64119,9.64331,1.57,1.00
2016.01.14 11:15:42.819,9.64132,9.64331,1.12,1.00
2016.01.14 11:15:43.477,9.64137,9.64331,1.12,1.00
2016.01.14 11:15:44.424,9.64137,9.64345,1.12,1.00
2016.01.14 11:15:44.526,9.64137,9.6433,1.12,1.00
2016.01.14 11:15:45.025,9.64137,9.64345,1.12,1.00
2016.01.14 11:15:46.832,9.64137,9.64327,1.12,1.00
2016.01.14 11:15:47.046,9.64166,9.64378,1.00,1.00
2016.01.14 11:15:47.097,9.64188,9.644,1.00,1.00
2016.01.14 11:15:53.148,9.64204,9.64416,1.00,1.00
2016.01.14 11:15:55.053,9.64188,9.644,1.00,1.00
2016.01.14 11:15:55.311,9.6419,9.64404,1.00,1.00
2016.01.14 11:15:55.413,9.64205,9.64417,1.00,1.00
2016.01.14 11:15:58.257,9.64191,9.64403,1.00,1.00
2016.01.14 11:16:10.899,9.64207,9.64419,1.00,1.00
2016.01.14 11:16:12.466,9.64199,9.64411,1.00,1.00
2016.01.14 11:16:13.670,9.64215,9.64427,1.00,1.00
2016.01.14 11:16:13.873,9.64212,9.64426,1.00,1.00
2016.01.14 11:16:13.975,9.64198,9.6441,1.00,1.00
2016.01.14 11:16:14.258,9.64212,9.64426,1.00,1.00
2016.01.14 11:16:14.360,9.64198,9.6441,1.00,1.00
2016.01.14 11:16:14.759,9.64213,9.64425,1.00,1.00
2016.01.14 11:16:15.662,9.64197,9.64411,1.00,1.00
2016.01.14 11:16:15.764,9.64213,9.64425,1.00,1.00
2016.01.14 11:16:18.308,9.64227,9.64439,1.00,1.00
2016.01.14 11:16:18.654,9.64204,9.64416,1.00,1.00
2016.01.14 11:16:20.416,9.6422,9.64432,1.00,1.00
2016.01.14 11:16:20.720,9.64201,9.64413,1.00,1.00
2016.01.14 11:16:21.062,9.64208,9.6442,1.00,1.00
2016.01.14 11:16:21.371,9.64191,9.64403,1.00,1.00
2016.01.14 11:16:22.590,9.6421,9.64422,1.00,1.00
2016.01.14 11:16:25.510,9.64196,9.64408,1.00,1.00
2016.01.14 11:16:26.034,9.64216,9.64428,1.00,1.00
2016.01.14 11:16:26.345,9.642,9.64412,1.00,1.00
2016.01.14 11:16:27.000,9.64215,9.64429,1.00,1.00
2016.01.14 11:16:27.102,9.642,9.64414,1.00,1.00
2016.01.14 11:16:27.435,9.64216,9.64428,1.00,1.00
2016.01.14 11:16:27.751,9.64199,9.64411,1.00,1.00
2016.01.14 11:16:29.521,9.6422,9.64432,1.00,1.00
2016.01.14 11:16:29.743,9.64191,9.64405,1.00,1.00
2016.01.14 11:16:29.909,9.64208,9.64422,1.00,1.00
2016.01.14 11:16:30.213,9.64195,9.64407,1.00,1.00
2016.01.14 11:16:30.700,9.64214,9.64426,1.00,1.00
2016.01.14 11:16:31.064,9.64199,9.64411,1.00,1.00
2016.01.14 11:16:32.445,9.64204,9.64416,1.00,1.00
2016.01.14 11:16:36.758,9.64219,9.64431,1.00,1.00
2016.01.14 11:16:37.064,9.64196,9.64408,1.00,1.00
2016.01.14 11:16:45.153,9.64218,9.64428,1.00,1.00
2016.01.14 11:16:45.209,9.64218,9.6443,1.00,1.00
2016.01.14 11:16:45.260,9.64201,9.64413,1.00,1.00
2016.01.14 11:16:45.589,9.64217,9.64429,1.00,1.37
2016.01.14 11:16:45.641,9.64193,9.64405,1.00,1.00
2016.01.14 11:16:45.945,9.6421,9.64422,1.00,1.37
2016.01.14 11:16:46.149,9.64196,9.64408,1.00,1.07
2016.01.14 11:16:46.251,9.6421,9.64422,1.00,1.37
2016.01.14 11:16:46.352,9.64196,9.64408,1.00,1.07
2016.01.14 11:16:46.455,9.6421,9.64422,1.00,1.37
2016.01.14 11:16:46.535,9.64196,9.64408,1.00,1.07
2016.01.14 11:16:46.638,9.6421,9.64422,1.00,1.37
2016.01.14 11:16:46.844,9.64196,9.64408,1.00,1.07
2016.01.14 11:16:47.047,9.6421,9.64422,1.00,1.37
2016.01.14 11:16:47.433,9.64193,9.64405,1.00,1.07
2016.01.14 11:16:51.164,9.64178,9.64392,1.00,1.00
2016.01.14 11:16:51.383,9.64196,9.6441,1.00,1.07
2016.01.14 11:16:52.463,9.64206,9.64418,1.00,1.37
2016.01.14 11:16:53.454,9.64191,9.64403,1.00,1.00
2016.01.14 11:16:54.157,9.64206,9.64418,1.00,1.37
2016.01.14 11:17:03.719,9.64221,9.64433,1.00,1.50
2016.01.14 11:17:03.770,9.64221,9.64433,1.00,1.00
2016.01.14 11:17:03.980,9.642,9.64412,1.00,1.00
2016.01.14 11:17:04.286,9.64202,9.64414,1.00,1.00
2016.01.14 11:17:04.702,9.6422,9.64432,1.00,1.00
2016.01.14 11:17:05.087,9.64199,9.64411,1.00,1.00
2016.01.14 11:17:05.392,9.64214,9.64426,1.00,1.00
2016.01.14 11:17:05.696,9.642,9.64412,1.00,1.00
2016.01.14 11:17:06.074,9.64231,9.64443,1.00,1.00
2016.01.14 11:17:06.385,9.6421,9.64422,1.00,1.00
2016.01.14 11:17:06.690,9.64224,9.64436,1.00,1.00
2016.01.14 11:17:07.693,9.6421,9.64422,1.00,1.00
2016.01.14 11:17:08.043,9.64227,9.64439,1.00,1.00
2016.01.14 11:17:08.344,9.64208,9.6442,1.00,1.00
2016.01.14 11:17:08.648,9.64212,9.64424,1.00,1.00
2016.01.14 11:17:09.021,9.64225,9.64437,1.00,1.00
2016.01.14 11:17:09.426,9.64211,9.64423,1.00,1.00
2016.01.14 11:17:09.749,9.64209,9.64421,1.00,1.00
2016.01.14 11:17:09.800,9.64223,9.64437,1.00,1.00
2016.01.14 11:17:10.115,9.64208,9.6442,1.00,1.00
2016.01.14 11:17:10.705,9.64224,9.64436,1.00,1.00
2016.01.14 11:17:11.045,9.64226,9.64438,1.00,1.00
2016.01.14 11:17:11.354,9.64212,9.64424,1.00,1.00
2016.01.14 11:17:11.722,9.64226,9.64438,1.00,1.00
2016.01.14 11:17:12.028,9.64212,9.64424,1.00,1.00
2016.01.14 11:17:12.926,9.64212,9.64424,1.00,1.37
2016.01.14 11:17:14.220,9.64226,9.64438,1.00,1.00
2016.01.14 11:17:14.423,9.64208,9.64422,1.00,1.00
2016.01.14 11:17:14.547,9.64228,9.6444,1.00,1.00
2016.01.14 11:17:14.852,9.6424,9.64452,1.00,1.00
2016.01.14 11:17:15.156,9.64215,9.64427,1.00,1.00
2016.01.14 11:17:15.410,9.64215,9.64429,1.00,1.00
2016.01.14 11:17:15.512,9.64232,9.64444,1.00,1.00
2016.01.14 11:17:15.829,9.64211,9.64423,1.00,1.00
2016.01.14 11:17:16.133,9.64223,9.64435,1.00,1.00
2016.01.14 11:17:16.438,9.64228,9.6444,1.00,1.00
2016.01.14 11:17:16.743,9.64224,9.64436,1.00,1.00
2016.01.14 11:17:17.121,9.64237,9.64449,1.00,1.00
2016.01.14 11:17:17.428,9.64215,9.64427,1.00,1.00
2016.01.14 11:17:17.743,9.64234,9.64446,1.00,1.00
2016.01.14 11:17:18.072,9.64219,9.64431,1.00,1.00
2016.01.14 11:17:18.452,9.64235,9.64447,1.00,1.00
2016.01.14 11:17:18.757,9.64229,9.64441,1.00,1.00
2016.01.14 11:17:19.063,9.64233,9.64445,1.00,1.00
2016.01.14 11:17:19.368,9.64215,9.64427,1.00,1.00
2016.01.14 11:17:23.731,9.64231,9.64443,1.00,1.00
2016.01.14 11:17:24.067,9.64246,9.64458,1.00,1.00
2016.01.14 11:17:24.371,9.64211,9.64423,1.00,1.00
2016.01.14 11:17:24.730,9.64228,9.6444,1.00,1.45
2016.01.14 11:17:24.882,9.6422,9.64432,1.00,1.00
2016.01.14 11:17:25.138,9.64202,9.64414,1.00,1.00
2016.01.14 11:17:25.443,9.64202,9.6439,1.00,1.12
2016.01.14 11:17:26.068,9.6422,9.6439,1.00,1.12
2016.01.14 11:17:26.170,9.64203,9.6439,1.00,1.12
2016.01.14 11:17:26.272,9.6422,9.6439,1.00,1.12
2016.01.14 11:17:26.538,9.6424,9.64425,1.00,1.12
2016.01.14 11:17:26.589,9.64225,9.64425,1.00,1.12
2016.01.14 11:17:26.640,9.64262,9.64425,1.00,1.12
2016.01.14 11:17:26.742,9.64252,9.64463,1.00,1.12
2016.01.14 11:17:26.844,9.64247,9.64459,1.00,1.82
2016.01.14 11:17:27.047,9.64229,9.64441,1.00,1.07
2016.01.14 11:17:27.148,9.64232,9.64444,1.00,1.37
2016.01.14 11:17:27.453,9.64247,9.64459,1.00,1.82
2016.01.14 11:17:27.554,9.64228,9.6444,1.00,1.07
2016.01.14 11:17:27.738,9.64242,9.64454,1.00,1.75
2016.01.14 11:17:27.891,9.64239,9.64451,1.00,1.37
2016.01.14 11:17:28.044,9.64256,9.64463,1.00,1.12
2016.01.14 11:17:28.146,9.64236,9.64448,1.50,1.37
2016.01.14 11:17:28.247,9.6425,9.64462,1.00,1.82
2016.01.14 11:17:28.349,9.6423,9.64442,1.50,1.07
2016.01.14 11:17:28.451,9.64258,9.64462,1.00,1.82
2016.01.14 11:17:29.389,9.64258,9.6447,1.00,1.50
2016.01.14 11:17:30.935,9.64258,9.6447,1.00,1.37
2016.01.14 11:17:32.138,9.64258,9.6447,1.00,1.75
2016.01.14 11:17:32.470,9.64264,9.64476,1.00,1.82
2016.01.14 11:17:32.972,9.6425,9.64462,1.00,1.12
2016.01.14 11:17:33.206,9.64264,9.64476,1.00,1.82
2016.01.14 11:17:33.308,9.6425,9.64462,1.00,1.12
2016.01.14 11:17:33.409,9.64246,9.64458,1.00,1.07
2016.01.14 11:17:33.511,9.6426,9.64472,1.00,1.50
2016.01.14 11:17:33.562,9.64246,9.64458,1.00,1.07
2016.01.14 11:17:33.715,9.64246,9.64458,1.00,1.37
2016.01.14 11:17:34.177,9.64267,9.64479,1.00,1.85
2016.01.14 11:17:34.245,9.64267,9.64479,1.00,1.85
2016.01.14 11:17:34.296,9.64253,9.64465,1.00,1.07
2016.01.14 11:17:35.287,9.64253,9.64465,1.00,1.75
2016.01.14 11:17:36.222,9.64267,9.64474,1.00,1.12
2016.01.14 11:17:37.094,9.64249,9.64461,1.00,1.37
2016.01.14 11:17:37.214,9.64264,9.64474,1.00,1.12
2016.01.14 11:17:37.316,9.64246,9.64458,1.00,1.37
2016.01.14 11:17:37.572,9.64263,9.64474,1.00,1.12
2016.01.14 11:17:37.623,9.64249,9.64461,1.00,1.37
2016.01.14 11:17:37.680,9.64263,9.64474,1.00,1.12
2016.01.14 11:17:37.782,9.64249,9.64461,1.00,1.37
2016.01.14 11:17:37.886,9.64263,9.64474,1.00,1.12
2016.01.14 11:17:37.988,9.64246,9.6446,1.00,1.37
2016.01.14 11:17:38.090,9.64263,9.64474,1.00,1.12
2016.01.14 11:17:38.192,9.64246,9.6446,1.00,1.37
2016.01.14 11:17:38.366,9.64263,9.64474,1.00,1.12
2016.01.14 11:17:38.417,9.64245,9.64457,1.00,1.37
2016.01.14 11:17:38.519,9.64262,9.64474,1.00,1.12
2016.01.14 11:17:38.622,9.64247,9.64459,1.00,1.37
2016.01.14 11:17:39.113,9.64261,9.64473,1.00,1.82
2016.01.14 11:17:39.384,9.64246,9.64458,1.00,1.37
2016.01.14 11:17:39.606,9.64261,9.64473,1.00,1.82
2016.01.14 11:17:40.209,9.64244,9.64456,1.00,1.37
2016.01.14 11:17:40.733,9.6426,9.64472,1.00,1.82
2016.01.14 11:17:40.842,9.64244,9.64456,1.00,1.37
2016.01.14 11:17:41.011,9.64261,9.64473,1.00,1.82
2016.01.14 11:17:41.113,9.64244,9.64456,1.00,1.37
2016.01.14 11:17:41.215,9.64261,9.64473,1.00,1.82
2016.01.14 11:17:41.634,9.64242,9.64456,1.00,1.37
2016.01.14 11:17:41.736,9.6426,9.64472,1.00,1.82
2016.01.14 11:17:41.846,9.64244,9.64456,1.00,1.37
2016.01.14 11:17:41.948,9.6426,9.64472,1.00,1.82
2016.01.14 11:17:42.049,9.64244,9.64456,1.00,1.37
2016.01.14 11:17:42.310,9.6426,9.64472,1.00,1.82
2016.01.14 11:17:42.519,9.64243,9.64455,1.00,1.37
2016.01.14 11:17:42.621,9.6426,9.64472,1.00,1.82
2016.01.14 11:17:42.723,9.64243,9.64455,1.00,1.37
2016.01.14 11:17:43.050,9.64259,9.64473,1.00,1.82
2016.01.14 11:17:43.133,9.64244,9.64456,1.00,1.37
2016.01.14 11:17:43.235,9.6426,9.64472,1.00,1.82
2016.01.14 11:17:43.523,9.64244,9.64456,1.00,1.37
2016.01.14 11:17:43.625,9.6426,9.64472,1.00,1.82
2016.01.14 11:17:43.726,9.64244,9.64456,1.00,1.37
2016.01.14 11:17:43.841,9.6426,9.64472,1.00,1.82
2016.01.14 11:17:44.826,9.64243,9.64455,1.00,1.37
2016.01.14 11:17:44.928,9.6426,9.64472,1.00,1.82
2016.01.14 11:17:46.805,9.64243,9.64455,1.00,1.37
2016.01.14 11:17:46.856,9.6426,9.64472,1.00,1.82
2016.01.14 11:17:47.059,9.64244,9.64456,1.00,1.37
2016.01.14 11:17:47.161,9.64259,9.64471,1.00,1.82
2016.01.14 11:17:47.365,9.64244,9.64456,1.00,1.37
2016.01.14 11:17:47.467,9.64259,9.64471,1.00,1.82
2016.01.14 11:17:47.845,9.64244,9.64456,1.00,1.37
2016.01.14 11:17:47.947,9.64259,9.64471,1.00,1.82
2016.01.14 11:17:48.049,9.64238,9.6445,1.00,1.07
2016.01.14 11:17:49.147,9.64252,9.64464,1.00,1.50
2016.01.14 11:17:49.351,9.64236,9.64448,1.00,1.07
2016.01.14 11:17:49.452,9.64254,9.64466,1.00,1.75
2016.01.14 11:17:49.750,9.64254,9.64466,1.00,1.00
2016.01.14 11:17:50.243,9.64271,9.64483,1.00,1.00
2016.01.14 11:17:50.552,9.64253,9.64465,1.00,1.00
2016.01.14 11:17:51.074,9.64267,9.64479,1.00,1.00
2016.01.14 11:17:51.402,9.64248,9.6446,1.00,1.00
2016.01.14 11:17:52.344,9.64251,9.64463,1.00,1.00
2016.01.14 11:17:53.143,9.64267,9.64479,1.00,1.00
2016.01.14 11:17:53.464,9.64249,9.64461,1.00,1.00
2016.01.14 11:17:53.857,9.64267,9.64479,1.00,1.00
2016.01.14 11:17:54.166,9.64248,9.6446,1.00,1.00
2016.01.14 11:17:54.468,9.64267,9.64479,1.00,1.00
2016.01.14 11:17:54.803,9.64249,9.64461,1.00,1.00
2016.01.14 11:17:55.453,9.64267,9.64479,1.00,1.00
2016.01.14 11:17:56.683,9.64249,9.64461,1.00,1.00
2016.01.14 11:17:57.072,9.64267,9.64479,1.00,1.00
2016.01.14 11:17:57.402,9.64252,9.64464,1.00,1.00
2016.01.14 11:17:57.745,9.64267,9.64479,1.00,1.00
2016.01.14 11:17:58.679,9.64249,9.64461,1.00,1.00
2016.01.14 11:17:59.086,9.64267,9.64479,1.00,1.00
2016.01.14 11:17:59.392,9.64249,9.64463,1.00,1.00
2016.01.14 11:17:59.495,9.64267,9.64479,1.00,1.00
2016.01.14 11:17:59.804,9.64249,9.64461,1.00,1.00
2016.01.14 11:18:00.182,9.64267,9.64479,1.00,1.00
2016.01.14 11:18:00.283,9.64249,9.64463,1.00,1.00
2016.01.14 11:18:00.797,9.64267,9.64479,1.00,1.00
2016.01.14 11:18:01.001,9.64247,9.64461,1.00,1.00
2016.01.14 11:18:01.205,9.64264,9.64476,1.00,1.00
2016.01.14 11:18:01.584,9.6426,9.64472,1.00,1.00
2016.01.14 11:18:02.106,9.64243,9.64455,1.00,1.00
2016.01.14 11:18:02.207,9.64259,9.64473,1.00,1.00
2016.01.14 11:18:02.309,9.64243,9.64455,1.00,1.00
2016.01.14 11:18:02.660,9.64256,9.64468,1.00,1.00
2016.01.14 11:18:05.028,9.64242,9.64454,1.00,1.00
2016.01.14 11:18:07.318,9.64256,9.64468,1.00,1.00
2016.01.14 11:18:07.844,9.64242,9.64454,1.00,1.00
2016.01.14 11:18:08.537,9.64227,9.64439,1.00,1.00
2016.01.14 11:18:09.048,9.64227,9.64439,1.00,1.07
2016.01.14 11:18:10.103,9.64209,9.64421,1.00,1.00
2016.01.14 11:18:10.205,9.64227,9.64439,1.00,1.07
2016.01.14 11:18:12.516,9.64222,9.64434,1.00,1.00
2016.01.14 11:18:20.909,9.64222,9.64434,1.00,1.85
2016.01.14 11:18:23.256,9.64222,9.64434,1.00,1.00
2016.01.14 11:18:32.457,9.64233,9.64445,1.00,1.10
2016.01.14 11:18:33.431,9.64236,9.64445,1.00,1.00
2016.01.14 11:18:33.482,9.64256,9.64468,1.00,1.00
2016.01.14 11:18:33.584,9.64272,9.64484,1.00,1.00
2016.01.14 11:18:33.888,9.64288,9.645,1.00,1.00
2016.01.14 11:18:36.906,9.64288,9.645,1.75,1.00
2016.01.14 11:18:37.161,9.64288,9.645,1.82,1.00
2016.01.14 11:18:37.474,9.64288,9.645,1.00,1.00
2016.01.14 11:18:40.038,9.64289,9.645,1.00,1.00
2016.01.14 11:18:40.090,9.64309,9.64521,1.00,1.00
2016.01.14 11:18:40.511,9.64292,9.64504,1.00,1.00
2016.01.14 11:18:40.816,9.6429,9.64502,1.00,1.00
2016.01.14 11:18:41.134,9.64304,9.64516,1.00,1.00
2016.01.14 11:18:41.441,9.6431,9.64522,1.00,1.00
2016.01.14 11:18:41.998,9.64311,9.64523,1.00,1.00
2016.01.14 11:18:42.318,9.64295,9.64507,1.00,1.00
2016.01.14 11:18:42.631,9.64309,9.64521,1.00,1.00
2016.01.14 11:18:42.935,9.64322,9.64536,1.00,1.00
2016.01.14 11:18:43.202,9.64309,9.64521,1.00,1.00
2016.01.14 11:18:43.608,9.64295,9.64507,1.00,1.00
2016.01.14 11:18:45.141,9.64279,9.64491,1.00,1.00
2016.01.14 11:18:45.445,9.64296,9.64508,1.00,1.00
2016.01.14 11:18:45.763,9.6429,9.64502,1.00,1.00
2016.01.14 11:18:46.122,9.64305,9.64517,1.00,1.00
2016.01.14 11:18:46.625,9.64304,9.64516,1.00,1.00
2016.01.14 11:18:48.442,9.64317,9.64531,1.00,1.00
2016.01.14 11:18:48.645,9.64299,9.64511,1.00,1.00
2016.01.14 11:18:49.210,9.64316,9.64528,1.00,1.00
2016.01.14 11:18:49.531,9.64351,9.64565,1.00,1.00
2016.01.14 11:18:49.633,9.64365,9.64577,1.00,1.00
2016.01.14 11:18:49.937,9.64377,9.64589,1.00,1.00
2016.01.14 11:18:50.253,9.64357,9.64569,1.00,1.00
2016.01.14 11:18:50.594,9.64424,9.64585,1.00,1.00
2016.01.14 11:18:50.645,9.64424,9.64602,1.00,1.00
2016.01.14 11:18:50.747,9.64424,9.64581,1.00,1.00
2016.01.14 11:18:50.848,9.64424,9.64596,1.00,1.00
2016.01.14 11:18:50.899,9.64424,9.64591,1.37,1.00
2016.01.14 11:18:51.052,9.64424,9.64595,1.37,1.00
2016.01.14 11:18:51.153,9.64424,9.64577,1.37,1.00
2016.01.14 11:18:51.239,9.64424,9.64577,1.00,1.00
2016.01.14 11:18:51.291,9.64424,9.64592,1.00,1.00
2016.01.14 11:18:51.342,9.6438,9.64592,1.00,1.00
2016.01.14 11:18:51.444,9.64365,9.64577,1.00,1.00
2016.01.14 11:18:51.951,9.64344,9.64556,1.00,1.00
2016.01.14 11:18:52.279,9.64359,9.64571,1.00,1.00
2016.01.14 11:18:52.601,9.64349,9.64561,1.00,1.00
2016.01.14 11:18:54.258,9.64334,9.64546,1.10,1.00
2016.01.14 11:18:56.126,9.64318,9.6453,1.37,1.00
2016.01.14 11:18:56.228,9.64318,9.6453,1.00,1.00
2016.01.14 11:18:56.329,9.64341,9.6455,1.00,1.00
2016.01.14 11:18:56.380,9.64341,9.64553,1.00,1.00
2016.01.14 11:18:57.121,9.64327,9.64539,1.00,1.00
2016.01.14 11:18:59.443,9.64343,9.64555,1.00,1.00
2016.01.14 11:19:03.440,9.6436,9.64555,1.12,1.00
2016.01.14 11:19:03.694,9.64343,9.64555,1.00,1.00
2016.01.14 11:19:12.378,9.64314,9.64441,1.12,1.00
2016.01.14 11:19:12.480,9.64224,9.64411,1.50,1.00
2016.01.14 11:19:12.532,9.64199,9.64411,1.00,1.00
2016.01.14 11:19:12.583,9.64217,9.64429,1.00,1.00
2016.01.14 11:19:12.887,9.64162,9.64374,1.00,1.00
2016.01.14 11:19:14.662,9.64146,9.64358,1.00,1.00
2016.01.14 11:19:14.973,9.6415,9.64362,1.00,1.00
2016.01.14 11:19:15.277,9.64164,9.64376,1.00,1.00
2016.01.14 11:19:15.603,9.64141,9.64353,1.00,1.00
2016.01.14 11:19:18.515,9.64155,9.64367,1.00,1.00
2016.01.14 11:19:18.820,9.64138,9.6435,1.00,1.00
2016.01.14 11:19:19.132,9.64154,9.64366,1.00,1.00
2016.01.14 11:19:19.669,9.64136,9.64348,1.00,1.00
2016.01.14 11:19:20.173,9.6415,9.64362,1.00,1.00
2016.01.14 11:19:20.801,9.64134,9.64346,1.00,1.00
2016.01.14 11:19:21.103,9.64148,9.6436,1.00,1.00
2016.01.14 11:19:32.561,9.64146,9.64358,1.00,1.00
2016.01.14 11:19:33.130,9.64132,9.64344,1.00,1.00
2016.01.14 11:19:33.485,9.64132,9.64338,1.00,1.00
2016.01.14 11:19:33.536,9.64104,9.64318,1.00,1.00
2016.01.14 11:19:34.068,9.64124,9.64336,1.00,1.00
2016.01.14 11:19:34.831,9.64126,9.64338,1.00,1.00
2016.01.14 11:19:35.138,9.64148,9.6436,1.00,1.00
2016.01.14 11:19:35.442,9.64145,9.64357,1.00,1.00
2016.01.14 11:19:35.645,9.64143,9.64357,1.00,1.00
2016.01.14 11:19:40.268,9.64128,9.6434,1.00,1.00
2016.01.14 11:19:40.572,9.64159,9.64371,1.00,1.00
2016.01.14 11:19:40.896,9.64144,9.64356,1.00,1.00
2016.01.14 11:19:51.516,9.6416,9.64356,1.00,1.00
2016.01.14 11:19:51.825,9.64133,9.64345,1.00,1.00
2016.01.14 11:19:51.978,9.64148,9.6436,1.00,1.00
2016.01.14 11:19:52.521,9.64151,9.64363,1.00,1.00
2016.01.14 11:20:01.644,9.64167,9.64379,1.00,1.00
2016.01.14 11:20:01.746,9.64144,9.64358,1.00,1.00
2016.01.14 11:20:01.848,9.64164,9.64376,1.00,1.00
2016.01.14 11:20:05.560,9.64148,9.64362,1.00,1.00
2016.01.14 11:20:05.662,9.64163,9.64375,1.00,1.00
2016.01.14 11:20:06.224,9.64146,9.64358,1.00,1.00
2016.01.14 11:20:06.546,9.6415,9.64364,1.00,1.00
2016.01.14 11:20:06.648,9.64147,9.64359,1.00,1.00
2016.01.14 11:20:07.724,9.64161,9.64373,1.00,1.00
2016.01.14 11:20:09.964,9.64147,9.64359,1.00,1.00
2016.01.14 11:20:10.269,9.64166,9.64378,1.00,1.00
2016.01.14 11:20:10.786,9.64165,9.64377,1.00,1.00
2016.01.14 11:20:11.142,9.64147,9.64359,1.00,1.00
2016.01.14 11:20:11.461,9.64166,9.64378,1.00,1.00
2016.01.14 11:20:11.773,9.64149,9.64361,1.00,1.00
2016.01.14 11:20:12.077,9.64166,9.64378,1.00,1.00
2016.01.14 11:20:12.435,9.6417,9.64384,1.00,1.00
2016.01.14 11:20:12.712,9.64155,9.64367,1.00,1.00
2016.01.14 11:20:17.556,9.64169,9.64381,1.00,1.00
2016.01.14 11:20:18.256,9.64148,9.6436,1.00,1.00
2016.01.14 11:20:18.464,9.64164,9.64378,1.00,1.00
2016.01.14 11:20:20.660,9.64151,9.64363,1.00,1.00
2016.01.14 11:20:21.073,9.64166,9.64378,1.00,1.00
2016.01.14 11:20:22.893,9.6415,9.64362,1.00,1.00
2016.01.14 11:20:24.334,9.64164,9.64376,1.00,1.00
2016.01.14 11:20:25.459,9.6415,9.64362,1.00,1.00
2016.01.14 11:20:26.529,9.6415,9.64362,1.00,1.37
2016.01.14 11:20:26.836,9.6415,9.64352,1.00,1.12
2016.01.14 11:20:27.921,9.6415,9.64362,1.00,1.12
2016.01.14 11:20:30.184,9.64136,9.64348,1.00,1.00
2016.01.14 11:20:30.285,9.64151,9.64363,1.00,1.37
2016.01.14 11:20:30.387,9.64136,9.64348,1.00,1.00
2016.01.14 11:20:30.489,9.6415,9.64362,1.00,1.12
2016.01.14 11:20:31.702,9.64134,9.64346,1.00,1.00
2016.01.14 11:20:31.803,9.64149,9.64361,1.00,1.07
2016.01.14 11:20:32.474,9.64147,9.64359,1.00,1.07
2016.01.14 11:20:32.885,9.64104,9.64316,1.00,1.00
2016.01.14 11:20:36.479,9.6412,9.64334,1.00,1.00
2016.01.14 11:20:36.906,9.64104,9.64318,1.00,1.00
2016.01.14 11:20:37.311,9.64131,9.64343,1.00,1.22
2016.01.14 11:20:37.515,9.64114,9.64326,1.00,1.00
2016.01.14 11:20:37.616,9.64128,9.6434,1.00,1.00
2016.01.14 11:20:38.126,9.64114,9.64326,1.00,1.00
2016.01.14 11:20:38.829,9.64114,9.64326,1.00,1.22
2016.01.14 11:20:40.147,9.64114,9.64302,1.00,1.05
2016.01.14 11:20:41.579,9.64114,9.64326,1.00,1.60
2016.01.14 11:20:42.389,9.64114,9.64326,1.00,1.37
2016.01.14 11:20:42.440,9.64114,9.64326,1.00,1.00
2016.01.14 11:20:43.025,9.64135,9.64347,1.00,1.00
2016.01.14 11:20:43.367,9.64137,9.64349,1.00,1.00
2016.01.14 11:20:44.587,9.64118,9.6433,1.00,1.00
2016.01.14 11:20:44.638,9.64131,9.64345,1.00,1.00
2016.01.14 11:20:45.901,9.64148,9.6436,1.00,1.00
2016.01.14 11:20:47.703,9.64132,9.64344,1.00,1.00
2016.01.14 11:20:48.010,9.64151,9.64363,1.00,1.00
2016.01.14 11:20:49.351,9.64131,9.64217,1.00,1.00
2016.01.14 11:20:49.606,9.64146,9.64342,1.00,1.00
2016.01.14 11:20:50.757,9.64131,9.64342,1.00,1.00
2016.01.14 11:20:50.808,9.64146,9.64342,1.00,1.00
2016.01.14 11:20:57.947,9.64131,9.64342,1.00,1.00
2016.01.14 11:20:58.049,9.64146,9.64342,1.00,1.00
2016.01.14 11:20:58.255,9.64126,9.6434,1.00,1.00
2016.01.14 11:20:58.364,9.64147,9.64342,1.00,1.00
2016.01.14 11:20:58.466,9.64129,9.64341,1.00,1.00
2016.01.14 11:20:58.568,9.64126,9.64338,1.00,1.00
2016.01.14 11:20:58.882,9.64148,9.64342,1.00,1.00
2016.01.14 11:20:58.933,9.6413,9.64342,1.00,1.50
2016.01.14 11:20:59.034,9.64148,9.64342,1.00,1.00
2016.01.14 11:21:00.263,9.64133,9.64342,1.00,1.00
2016.01.14 11:21:01.805,9.64133,9.64217,1.00,1.00
2016.01.14 11:21:02.109,9.64133,9.64317,1.00,1.00
2016.01.14 11:21:02.372,9.64147,9.64317,1.00,1.00
2016.01.14 11:21:02.475,9.64133,9.64317,1.00,1.00
2016.01.14 11:21:03.432,9.64118,9.64317,1.00,1.00
2016.01.14 11:21:09.803,9.64132,9.64317,1.00,1.00
2016.01.14 11:21:10.396,9.64117,9.64317,1.00,1.00
2016.01.14 11:21:12.518,9.64127,9.64317,1.00,1.00
2016.01.14 11:21:28.889,9.64127,9.64339,1.00,1.00
2016.01.14 11:21:29.840,9.64127,9.64339,1.00,1.07
2016.01.14 11:21:32.459,9.64118,9.6433,1.00,1.07
2016.01.14 11:21:32.842,9.64118,9.6433,1.00,1.07
2016.01.14 11:21:33.276,9.64135,9.64347,1.00,1.07
2016.01.14 11:21:33.769,9.64119,9.64331,1.00,1.07
2016.01.14 11:21:34.749,9.64134,9.64346,1.00,1.07
2016.01.14 11:21:34.800,9.64134,9.64346,1.00,1.07
2016.01.14 11:21:38.067,9.64151,9.64363,1.00,1.07
2016.01.14 11:21:38.168,9.64136,9.64348,1.00,1.07
2016.01.14 11:21:38.270,9.6415,9.64362,1.00,1.07
2016.01.14 11:21:38.880,9.6415,9.64217,1.00,1.00
2016.01.14 11:21:39.082,9.6415,9.64342,1.00,1.00
2016.01.14 11:21:39.184,9.64135,9.64342,1.00,1.00
2016.01.14 11:21:39.293,9.6415,9.64342,1.00,1.00
2016.01.14 11:21:39.395,9.64132,9.64342,1.00,1.00
2016.01.14 11:21:40.611,9.64132,9.64217,1.00,1.00
2016.01.14 11:21:40.841,9.64132,9.64317,1.00,1.00
2016.01.14 11:21:51.302,9.64132,9.64318,1.00,1.00
2016.01.14 11:21:52.540,9.64128,9.64318,1.00,1.00
2016.01.14 11:21:53.819,9.64128,9.6434,1.00,1.67
2016.01.14 11:21:54.021,9.64142,9.64354,1.00,1.67
2016.01.14 11:21:54.073,9.64142,9.64354,1.00,1.67
2016.01.14 11:21:54.947,9.64162,9.64374,1.00,1.67
2016.01.14 11:21:55.151,9.64145,9.64357,1.00,1.67
2016.01.14 11:21:55.619,9.6413,9.64344,1.00,1.67
2016.01.14 11:21:55.721,9.64148,9.6436,1.00,1.67
2016.01.14 11:21:59.246,9.64148,9.6436,1.00,1.00
2016.01.14 11:22:03.659,9.64163,9.64375,1.00,1.00
2016.01.14 11:22:06.254,9.64181,9.64393,1.00,1.00
2016.01.14 11:22:06.849,9.64199,9.64411,1.00,1.00
2016.01.14 11:22:10.761,9.64217,9.64429,1.00,1.00
2016.01.14 11:22:12.173,9.64233,9.64447,1.00,1.00
2016.01.14 11:22:12.275,9.64254,9.64466,1.00,1.00
2016.01.14 11:22:12.585,9.64322,9.64534,1.00,1.00
2016.01.14 11:22:12.901,9.64351,9.64563,1.00,1.00
2016.01.14 11:22:13.205,9.64417,9.64629,1.00,1.00
2016.01.14 11:22:13.510,9.64437,9.64649,1.00,1.00
2016.01.14 11:22:13.865,9.64455,9.64667,1.00,1.00
2016.01.14 11:22:13.966,9.64438,9.64652,1.00,1.00
2016.01.14 11:22:16.086,9.64457,9.64669,1.00,1.00
2016.01.14 11:22:16.391,9.64434,9.64648,1.00,1.00
2016.01.14 11:22:16.789,9.64417,9.64629,1.00,1.00
2016.01.14 11:22:17.113,9.64431,9.64643,1.00,1.00
2016.01.14 11:22:21.202,9.64447,9.64659,1.00,1.00
2016.01.14 11:22:21.536,9.64429,9.64641,1.00,1.00
2016.01.14 11:22:21.862,9.64449,9.64661,1.00,1.00
2016.01.14 11:22:22.829,9.64434,9.64646,1.00,1.00
2016.01.14 11:22:23.143,9.64455,9.64667,1.00,1.00
2016.01.14 11:22:23.962,9.64455,9.64662,1.00,1.00
2016.01.14 11:22:24.013,9.6443,9.64642,1.00,1.00
2016.01.14 11:22:24.115,9.64449,9.64661,1.00,1.00
2016.01.14 11:22:25.007,9.64467,9.64679,1.00,1.00
2016.01.14 11:22:25.312,9.64458,9.6467,1.00,1.00
2016.01.14 11:22:25.616,9.64472,9.64684,1.00,1.00
2016.01.14 11:22:25.922,9.64477,9.64689,1.00,1.00
2016.01.14 11:22:26.248,9.64461,9.64673,1.00,1.00
2016.01.14 11:22:26.553,9.64513,9.64725,1.00,1.00
2016.01.14 11:22:32.412,9.64509,9.64721,1.00,1.00
2016.01.14 11:22:33.617,9.64527,9.64741,1.00,1.00
2016.01.14 11:22:33.951,9.64509,9.64723,1.00,1.00
2016.01.14 11:22:36.931,9.64525,9.64737,1.00,1.00
2016.01.14 11:22:37.272,9.64539,9.64751,1.00,1.00
2016.01.14 11:22:37.626,9.64535,9.64747,1.00,1.00
2016.01.14 11:22:37.932,9.64585,9.64797,1.00,1.00
2016.01.14 11:22:38.248,9.64577,9.64789,1.00,1.00
2016.01.14 11:22:38.661,9.6459,9.64804,1.00,1.00
2016.01.14 11:22:39.036,9.64605,9.64817,1.00,1.00
2016.01.14 11:22:39.384,9.64611,9.64823,1.00,1.00
2016.01.14 11:22:39.736,9.64608,9.6482,1.00,1.00
2016.01.14 11:22:40.212,9.64611,9.64823,1.00,1.00
2016.01.14 11:22:40.517,9.64615,9.64825,1.00,1.00
2016.01.14 11:22:40.568,9.64593,9.64805,1.00,1.00
2016.01.14 11:22:40.670,9.64601,9.64813,1.00,1.00
2016.01.14 11:22:40.977,9.64599,9.64811,1.00,1.00
2016.01.14 11:22:41.279,9.64618,9.6483,1.00,1.00
2016.01.14 11:22:41.635,9.646,9.64812,1.00,1.00
2016.01.14 11:22:41.942,9.64616,9.64828,1.00,1.00
2016.01.14 11:22:42.339,9.6462,9.64832,1.00,1.00
2016.01.14 11:22:42.643,9.64641,9.64853,1.00,1.00
2016.01.14 11:22:42.846,9.64654,9.64868,1.00,1.00
2016.01.14 11:22:42.947,9.6464,9.64852,1.00,1.00
2016.01.14 11:22:43.252,9.64642,9.64854,1.00,1.00
2016.01.14 11:22:43.575,9.64656,9.64868,1.00,1.00
2016.01.14 11:22:43.880,9.64663,9.64874,1.00,1.00
2016.01.14 11:22:43.931,9.64655,9.64867,1.00,1.00
2016.01.14 11:22:44.032,9.64638,9.6485,1.00,1.00
2016.01.14 11:22:44.771,9.64624,9.64836,1.00,1.00
2016.01.14 11:22:45.080,9.64641,9.64853,1.00,1.00
2016.01.14 11:22:46.290,9.64641,9.64853,1.00,1.15
2016.01.14 11:22:47.147,9.64675,9.64871,1.00,1.15
2016.01.14 11:22:47.249,9.64672,9.64884,1.00,1.15
2016.01.14 11:22:47.453,9.64658,9.6487,1.00,1.15
2016.01.14 11:22:47.555,9.6468,9.6489,1.00,1.15
2016.01.14 11:22:47.657,9.6468,9.64892,1.00,1.15
2016.01.14 11:22:47.758,9.64731,9.64912,1.00,1.15
2016.01.14 11:22:48.080,9.64716,9.64928,1.00,1.15
2016.01.14 11:22:48.283,9.64729,9.64943,1.00,1.15
2016.01.14 11:22:48.712,9.64729,9.64943,1.00,1.00
2016.01.14 11:22:48.869,9.64747,9.64959,1.00,1.00
2016.01.14 11:22:49.174,9.64761,9.64973,1.00,1.00
2016.01.14 11:22:49.506,9.64754,9.64966,1.00,1.00
2016.01.14 11:22:49.760,9.64756,9.6497,1.00,1.00
2016.01.14 11:22:49.962,9.64775,9.64987,1.00,1.00
2016.01.14 11:22:51.269,9.64796,9.65008,1.00,1.00
2016.01.14 11:22:51.590,9.6478,9.64992,1.00,1.00
2016.01.14 11:22:54.058,9.64763,9.64975,1.00,1.00
2016.01.14 11:22:54.477,9.64747,9.64959,1.00,1.00
2016.01.14 11:22:54.805,9.64766,9.64978,1.00,1.00
2016.01.14 11:22:55.377,9.64746,9.64948,1.00,1.00
2016.01.14 11:22:55.527,9.64736,9.64948,1.00,1.00
2016.01.14 11:22:56.683,9.64716,9.64925,1.00,1.00
2016.01.14 11:22:56.785,9.64713,9.64925,1.00,1.00
2016.01.14 11:22:56.887,9.64688,9.649,1.00,1.00
2016.01.14 11:22:57.213,9.64733,9.64945,1.00,1.00
2016.01.14 11:22:58.258,9.64714,9.64926,1.00,1.00
2016.01.14 11:22:58.614,9.64728,9.6494,1.00,1.07
2016.01.14 11:22:58.716,9.64714,9.64926,1.00,1.00
2016.01.14 11:22:58.817,9.6473,9.64942,1.00,1.37
2016.01.14 11:22:59.094,9.6473,9.64942,1.00,1.00
2016.01.14 11:23:00.381,9.64713,9.64925,1.00,1.00
2016.01.14 11:23:02.419,9.64728,9.6494,1.00,1.00
2016.01.14 11:23:02.836,9.64728,9.6494,1.00,1.07
2016.01.14 11:23:03.392,9.64728,9.6494,1.00,1.00
2016.01.14 11:23:03.900,9.64743,9.64955,1.00,1.00
2016.01.14 11:23:04.012,9.64728,9.64942,1.00,1.00
2016.01.14 11:23:04.114,9.64743,9.64955,1.00,1.00
2016.01.14 11:23:04.430,9.64727,9.64939,1.00,1.00
2016.01.14 11:23:06.603,9.64711,9.64923,1.00,1.00
2016.01.14 11:23:06.907,9.64726,9.64938,1.00,1.00
2016.01.14 11:23:07.233,9.64698,9.6491,1.00,1.00
2016.01.14 11:23:07.591,9.64715,9.64927,1.00,1.00
2016.01.14 11:23:14.839,9.64696,9.64908,1.00,1.00
2016.01.14 11:23:15.169,9.64712,9.64924,1.00,1.00
2016.01.14 11:23:18.899,9.64712,9.64924,1.00,1.67
2016.01.14 11:23:19.108,9.64712,9.64924,1.00,1.67
2016.01.14 11:23:19.362,9.64696,9.64908,1.00,1.67
2016.01.14 11:23:19.527,9.64712,9.64924,1.00,1.67
2016.01.14 11:23:20.886,9.64712,9.64924,1.00,1.67
2016.01.14 11:23:22.617,9.64712,9.64924,1.00,1.67
2016.01.14 11:23:27.700,9.64696,9.64908,1.00,1.67
2016.01.14 11:23:27.802,9.64713,9.64925,1.00,1.67
2016.01.14 11:23:27.853,9.64693,9.64905,1.50,1.67
2016.01.14 11:23:27.956,9.64696,9.64908,1.00,1.67
2016.01.14 11:23:28.300,9.6471,9.64922,1.00,1.67
2016.01.14 11:23:28.403,9.64683,9.64895,1.00,1.67
2016.01.14 11:23:28.505,9.64706,9.64918,1.00,1.67
2016.01.14 11:23:28.953,9.64692,9.64751,1.00,1.00
2016.01.14 11:23:29.565,9.64678,9.64751,1.00,1.00
2016.01.14 11:23:29.666,9.647,9.64751,1.00,1.00
2016.01.14 11:23:30.102,9.64666,9.64751,1.00,1.00
2016.01.14 11:23:32.115,9.64666,9.64813,1.00,1.00
2016.01.14 11:23:32.316,9.6465,9.64813,1.00,1.00
2016.01.14 11:23:32.490,9.64663,9.64813,1.00,1.00
2016.01.14 11:23:33.321,9.64663,9.64751,1.00,1.00
2016.01.14 11:23:33.629,9.64663,9.64813,1.00,1.00
2016.01.14 11:23:34.827,9.64648,9.64751,1.00,1.00
2016.01.14 11:23:35.057,9.64648,9.64821,1.00,1.00
2016.01.14 11:23:35.530,9.64663,9.64821,1.00,1.00
2016.01.14 11:23:35.707,9.64648,9.64821,1.00,1.00
2016.01.14 11:23:35.985,9.64662,9.64821,1.00,1.00
2016.01.14 11:23:36.174,9.64644,9.64821,1.00,1.00
2016.01.14 11:23:36.382,9.64644,9.64751,1.00,1.00
2016.01.14 11:23:36.637,9.64644,9.64821,1.00,1.00
2016.01.14 11:23:36.688,9.64658,9.64821,1.00,1.00
2016.01.14 11:23:37.904,9.64658,9.64751,1.00,1.00
2016.01.14 11:23:38.310,9.64642,9.64751,1.00,1.00
2016.01.14 11:23:41.103,9.64642,9.64772,1.00,1.00
2016.01.14 11:23:41.949,9.64661,9.64772,1.00,1.00
2016.01.14 11:23:42.051,9.64645,9.64772,1.00,1.00
2016.01.14 11:23:42.311,9.64645,9.64751,1.00,1.00
2016.01.14 11:23:45.432,9.64663,9.64751,1.00,1.00
2016.01.14 11:23:45.737,9.64649,9.64751,1.00,1.00
2016.01.14 11:23:47.983,9.64633,9.64751,1.00,1.00
2016.01.14 11:23:48.034,9.64651,9.64751,1.00,1.00
2016.01.14 11:23:48.449,9.64636,9.64751,1.00,1.00
2016.01.14 11:23:49.180,9.64653,9.64751,1.00,1.00
2016.01.14 11:23:49.388,9.64653,9.64764,1.00,1.00
2016.01.14 11:23:49.654,9.64639,9.64764,1.00,1.00
2016.01.14 11:23:50.339,9.64624,9.64764,1.00,1.00
2016.01.14 11:23:50.390,9.64639,9.64764,1.00,1.00
2016.01.14 11:23:50.735,9.64639,9.64751,1.00,1.00
2016.01.14 11:23:52.487,9.64634,9.64751,1.00,1.00
2016.01.14 11:23:52.855,9.64652,9.64751,1.00,1.00
2016.01.14 11:23:53.058,9.64636,9.64751,1.00,1.00
2016.01.14 11:23:53.161,9.6465,9.64751,1.00,1.00
2016.01.14 11:23:53.959,9.64627,9.64751,1.00,1.00
2016.01.14 11:23:54.095,9.64642,9.64751,1.00,1.00
2016.01.14 11:23:54.567,9.64656,9.64751,1.00,1.00
2016.01.14 11:23:54.768,9.64639,9.64751,1.00,1.00
2016.01.14 11:23:55.690,9.64654,9.64751,1.00,1.00
2016.01.14 11:23:55.791,9.64639,9.64751,1.00,1.00
2016.01.14 11:23:56.502,9.64617,9.64751,1.00,1.00
2016.01.14 11:23:56.553,9.64623,9.64751,1.00,1.00
2016.01.14 11:23:56.870,9.64643,9.64751,1.00,1.00
2016.01.14 11:23:57.783,9.64616,9.64751,1.00,1.00
2016.01.14 11:23:58.290,9.64632,9.64751,1.00,1.00
2016.01.14 11:23:58.478,9.64615,9.64751,1.00,1.00
2016.01.14 11:23:59.080,9.64633,9.64751,1.00,1.00
2016.01.14 11:23:59.328,9.64629,9.64751,1.00,1.00
2016.01.14 11:24:00.348,9.64611,9.64751,1.00,1.00
2016.01.14 11:24:00.399,9.64585,9.64751,1.00,1.00
2016.01.14 11:24:00.502,9.64559,9.64751,1.00,1.00
2016.01.14 11:24:00.617,9.64576,9.64751,1.00,1.00
2016.01.14 11:24:00.821,9.64518,9.64727,1.00,1.00
2016.01.14 11:24:00.923,9.64533,9.64727,1.00,1.00
2016.01.14 11:24:01.026,9.64519,9.64727,1.00,1.00
2016.01.14 11:24:01.174,9.64505,9.64717,1.00,1.00
2016.01.14 11:24:01.227,9.64513,9.64725,1.00,1.00
2016.01.14 11:24:01.534,9.64538,9.64727,1.00,1.00
2016.01.14 11:24:01.636,9.64524,9.64727,1.00,1.00
2016.01.14 11:24:02.730,9.64506,9.64718,1.00,1.00
2016.01.14 11:24:02.831,9.6452,9.64727,1.00,1.00
2016.01.14 11:24:03.204,9.64501,9.64713,1.00,1.00
2016.01.14 11:24:03.306,9.64523,9.64727,1.00,1.00
2016.01.14 11:24:03.408,9.64509,9.64721,1.00,1.00
2016.01.14 11:24:03.520,9.64495,9.64707,1.00,1.00
2016.01.14 11:24:03.889,9.64448,9.6466,1.07,1.00
2016.01.14 11:24:04.404,9.6443,9.64642,1.45,1.00
2016.01.14 11:24:04.455,9.6443,9.64642,1.00,1.00
2016.01.14 11:24:05.151,9.64445,9.64657,1.00,1.00
2016.01.14 11:24:12.437,9.64435,9.64647,1.00,1.00
2016.01.14 11:24:15.273,9.64449,9.64661,1.00,1.00
2016.01.14 11:24:15.602,9.64433,9.64645,1.00,1.00
2016.01.14 11:24:16.450,9.64413,9.64624,1.00,1.00
2016.01.14 11:24:16.551,9.64431,9.64643,1.00,1.00
2016.01.14 11:24:16.762,9.64412,9.64624,1.00,1.00
2016.01.14 11:24:17.067,9.64397,9.64609,1.07,1.00
2016.01.14 11:24:17.246,9.64412,9.64624,1.00,1.00
2016.01.14 11:24:17.654,9.64426,9.64638,1.00,1.00
2016.01.14 11:24:18.131,9.64412,9.64624,1.00,1.00
2016.01.14 11:24:18.689,9.64395,9.64607,1.07,1.00
2016.01.14 11:24:18.790,9.6441,9.64622,1.00,1.00
2016.01.14 11:24:18.892,9.6439,9.64589,1.07,1.00
2016.01.14 11:24:18.953,9.64393,9.64605,1.07,1.00
2016.01.14 11:24:19.055,9.64417,9.64625,1.00,1.00
2016.01.14 11:24:19.157,9.64407,9.64619,1.00,1.00
2016.01.14 11:24:19.360,9.64387,9.64596,1.12,1.00
2016.01.14 11:24:19.411,9.64387,9.64596,1.00,1.00
2016.01.14 11:24:19.473,9.64408,9.64616,1.00,1.00
2016.01.14 11:24:19.778,9.64338,9.6455,1.00,1.00
2016.01.14 11:24:19.899,9.64352,9.64564,1.00,1.00
2016.01.14 11:24:20.204,9.64337,9.64549,1.12,1.00
2016.01.14 11:24:20.492,9.64352,9.64564,1.00,1.00
2016.01.14 11:24:20.594,9.64338,9.6455,1.07,1.00
2016.01.14 11:24:20.964,9.64338,9.6455,1.00,1.00
2016.01.14 11:24:21.145,9.64338,9.6455,1.07,1.00
2016.01.14 11:24:21.975,9.64324,9.64536,1.45,1.00
2016.01.14 11:24:22.178,9.64324,9.64536,1.00,1.00
2016.01.14 11:24:22.497,9.64304,9.64518,1.00,1.00
2016.01.14 11:24:22.650,9.6431,9.64518,1.00,1.00
2016.01.14 11:24:22.701,9.64329,9.64543,1.00,1.00
2016.01.14 11:24:23.010,9.64315,9.64527,1.00,1.00
2016.01.14 11:24:26.000,9.64329,9.64541,1.00,1.00
2016.01.14 11:24:26.319,9.64343,9.64555,1.00,1.00
2016.01.14 11:24:29.219,9.64329,9.64541,1.00,1.00
2016.01.14 11:24:32.438,9.64331,9.64543,1.00,1.00
2016.01.14 11:24:34.719,9.64367,9.64579,1.00,1.00
2016.01.14 11:24:35.024,9.64384,9.64596,1.00,1.00
2016.01.14 11:24:35.371,9.64386,9.64598,1.00,1.00
2016.01.14 11:24:35.676,9.6441,9.64622,1.00,1.00
2016.01.14 11:24:35.981,9.64387,9.64599,1.00,1.00
2016.01.14 11:24:36.296,9.64418,9.6463,1.00,1.00
2016.01.14 11:24:36.601,9.64398,9.6461,1.00,1.00
2016.01.14 11:24:36.905,9.64413,9.64625,1.00,1.00
2016.01.14 11:24:37.210,9.64416,9.64628,1.00,1.00
2016.01.14 11:24:37.524,9.64414,9.64626,1.00,1.00
2016.01.14 11:24:37.834,9.64419,9.64631,1.00,1.00
2016.01.14 11:24:38.159,9.64438,9.6465,1.00,1.00
2016.01.14 11:24:38.467,9.64441,9.64653,1.00,1.00
2016.01.14 11:24:38.771,9.64438,9.64652,1.00,1.00
2016.01.14 11:24:38.975,9.64455,9.64667,1.00,1.00
2016.01.14 11:24:39.284,9.64441,9.64653,1.00,1.00
2016.01.14 11:24:39.589,9.64455,9.64667,1.00,1.00
2016.01.14 11:24:39.691,9.64439,9.64653,1.00,1.00
2016.01.14 11:24:39.793,9.64455,9.64667,1.00,1.00
2016.01.14 11:24:39.844,9.64439,9.64653,1.00,1.00
2016.01.14 11:24:39.947,9.64455,9.64667,1.00,1.00
2016.01.14 11:24:40.189,9.64456,9.6467,1.00,1.00
2016.01.14 11:24:40.393,9.64454,9.64666,1.00,1.00
2016.01.14 11:24:40.699,9.64456,9.64668,1.00,1.00
2016.01.14 11:24:42.993,9.64475,9.64676,1.00,1.00
2016.01.14 11:24:43.095,9.64458,9.6467,1.00,1.00
2016.01.14 11:24:43.197,9.64443,9.64655,1.00,1.00
2016.01.14 11:24:43.519,9.64459,9.64671,1.00,1.00
2016.01.14 11:24:43.976,9.64473,9.64687,1.00,1.00
2016.01.14 11:24:44.296,9.64455,9.64667,1.00,1.00
2016.01.14 11:24:44.599,9.6449,9.64704,1.00,1.00
2016.01.14 11:24:44.701,9.64473,9.64685,1.00,1.00
2016.01.14 11:24:45.005,9.64477,9.64689,1.00,1.00
2016.01.14 11:24:45.360,9.64485,9.6469,1.00,1.00
2016.01.14 11:24:45.411,9.64505,9.64717,1.00,1.00
2016.01.14 11:24:45.463,9.64509,9.64721,1.00,1.00
2016.01.14 11:24:45.809,9.64504,9.64716,1.00,1.00
2016.01.14 11:24:46.265,9.64472,9.64684,1.00,1.00
2016.01.14 11:24:46.569,9.645,9.64712,1.00,1.00
2016.01.14 11:24:46.873,9.64504,9.64716,1.00,1.00
2016.01.14 11:24:47.204,9.64508,9.6472,1.00,1.00
2016.01.14 11:24:47.509,9.64523,9.64726,1.00,1.00
2016.01.14 11:24:47.859,9.64538,9.64726,1.00,1.00
2016.01.14 11:24:47.912,9.64523,9.64726,1.00,1.00
2016.01.14 11:24:48.013,9.6454,9.64726,1.00,1.00
2016.01.14 11:24:48.216,9.64525,9.64726,1.00,1.00
2016.01.14 11:24:48.267,9.64527,9.64726,1.00,1.00
2016.01.14 11:24:48.574,9.64554,9.64726,1.00,1.00
2016.01.14 11:24:48.676,9.64528,9.64726,1.00,1.00
2016.01.14 11:24:48.778,9.64551,9.64726,1.00,1.00
2016.01.14 11:24:48.880,9.64526,9.64726,1.00,1.00
2016.01.14 11:24:48.981,9.64541,9.64726,1.00,1.00
2016.01.14 11:24:49.083,9.64526,9.64726,1.00,1.00
2016.01.14 11:24:49.185,9.6453,9.64726,1.00,1.00
2016.01.14 11:24:49.514,9.64547,9.64726,1.00,1.00
2016.01.14 11:24:50.012,9.64531,9.64726,1.00,1.00
2016.01.14 11:24:50.114,9.64545,9.64726,1.00,1.00
2016.01.14 11:24:50.215,9.6453,9.64726,1.00,1.00
2016.01.14 11:24:50.317,9.64549,9.64726,1.00,1.00
2016.01.14 11:24:50.577,9.64534,9.64726,1.00,1.00
2016.01.14 11:24:50.679,9.64551,9.64726,1.00,1.00
2016.01.14 11:24:50.882,9.6453,9.64726,1.00,1.00
2016.01.14 11:24:50.984,9.64544,9.64726,1.00,1.00
2016.01.14 11:24:51.086,9.64529,9.6473,1.00,1.00
2016.01.14 11:24:51.188,9.64543,9.6473,1.00,1.00
2016.01.14 11:24:51.290,9.64534,9.6473,1.00,1.00
2016.01.14 11:24:52.585,9.64537,9.6473,1.00,1.00
2016.01.14 11:24:53.230,9.64519,9.6473,1.00,1.00
2016.01.14 11:24:53.401,9.64534,9.6473,1.00,1.00
2016.01.14 11:24:55.139,9.64548,9.6473,1.00,1.00
2016.01.14 11:24:55.241,9.64534,9.6473,1.00,1.00
2016.01.14 11:24:55.292,9.64556,9.6473,1.00,1.00
2016.01.14 11:24:55.496,9.64546,9.64726,1.00,1.00
2016.01.14 11:24:55.700,9.64574,9.64726,1.00,1.00
2016.01.14 11:24:55.802,9.64556,9.64726,1.00,1.00
2016.01.14 11:24:55.904,9.64574,9.64726,1.00,1.00
2016.01.14 11:24:56.006,9.64572,9.64726,1.00,1.00
2016.01.14 11:24:56.108,9.64567,9.64726,1.00,1.00
2016.01.14 11:24:56.210,9.64569,9.64726,1.00,1.00
2016.01.14 11:24:56.414,9.64558,9.64726,1.00,1.00
2016.01.14 11:24:56.523,9.64615,9.64726,1.00,1.00
2016.01.14 11:24:56.829,9.64613,9.64731,1.00,1.00
2016.01.14 11:24:56.931,9.64629,9.64731,1.00,1.00
2016.01.14 11:24:57.033,9.64614,9.64731,1.00,1.00
2016.01.14 11:24:57.134,9.64619,9.64731,1.00,1.00
2016.01.14 11:24:57.440,9.64636,9.64731,1.00,1.00
2016.01.14 11:24:57.717,9.64615,9.64731,1.00,1.00
2016.01.14 11:24:57.819,9.64629,9.64797,1.00,1.00
2016.01.14 11:24:58.225,9.64647,9.64797,1.00,1.00
2016.01.14 11:24:58.327,9.64625,9.64797,1.00,1.00
2016.01.14 11:24:58.378,9.64625,9.64738,1.00,1.00
2016.01.14 11:24:58.719,9.64642,9.64738,1.00,1.00
2016.01.14 11:24:59.204,9.64619,9.64738,1.00,1.00
2016.01.14 11:24:59.306,9.64634,9.64738,1.00,1.00
2016.01.14 11:24:59.357,9.64634,9.64797,1.00,1.00
2016.01.14 11:24:59.509,9.64619,9.64797,1.00,1.00
2016.01.14 11:24:59.611,9.64636,9.64797,1.00,1.00
2016.01.14 11:25:00.116,9.64636,9.64738,1.00,1.00
2016.01.14 11:25:00.217,9.64617,9.64738,1.00,1.00
2016.01.14 11:25:00.420,9.64633,9.64738,1.00,1.00
2016.01.14 11:25:00.522,9.64617,9.64738,1.00,1.00
2016.01.14 11:25:01.153,9.64617,9.64796,1.00,1.00
2016.01.14 11:25:01.256,9.64631,9.64796,1.00,1.00
2016.01.14 11:25:01.360,9.64616,9.64796,1.00,1.00
2016.01.14 11:25:01.462,9.64634,9.64796,1.00,1.00
2016.01.14 11:25:01.622,9.64621,9.64796,1.00,1.00
2016.01.14 11:25:01.724,9.64638,9.64796,1.00,1.00
2016.01.14 11:25:01.927,9.64622,9.64796,1.00,1.00
2016.01.14 11:25:02.096,9.64637,9.64738,1.00,1.00
2016.01.14 11:25:02.352,9.64622,9.64738,1.00,1.00
2016.01.14 11:25:02.557,9.64637,9.64738,1.00,1.00
2016.01.14 11:25:03.143,9.64623,9.64796,1.00,1.00
2016.01.14 11:25:03.297,9.64623,9.64746,1.00,1.00
2016.01.14 11:25:03.603,9.64639,9.64746,1.00,1.00
2016.01.14 11:25:03.654,9.64623,9.64746,1.00,1.00
2016.01.14 11:25:03.756,9.64641,9.64746,1.00,1.00
2016.01.14 11:25:03.858,9.64627,9.64746,1.00,1.00
2016.01.14 11:25:04.141,9.64641,9.64746,1.00,1.00
2016.01.14 11:25:04.357,9.64626,9.64746,1.00,1.00
2016.01.14 11:25:04.459,9.64645,9.64746,1.00,1.00
2016.01.14 11:25:04.633,9.64631,9.64746,1.00,1.00
2016.01.14 11:25:04.735,9.64646,9.64746,1.00,1.00
2016.01.14 11:25:04.837,9.64628,9.64746,1.00,1.00
2016.01.14 11:25:05.066,9.64644,9.64746,1.00,1.00
2016.01.14 11:25:05.371,9.64629,9.64746,1.00,1.00
2016.01.14 11:25:05.423,9.64646,9.64746,1.00,1.00
2016.01.14 11:25:05.625,9.64618,9.64746,1.00,1.00
2016.01.14 11:25:05.951,9.64632,9.64746,1.00,1.00
2016.01.14 11:25:06.104,9.64615,9.64746,1.00,1.00
2016.01.14 11:25:06.155,9.64629,9.64746,1.00,1.00
2016.01.14 11:25:06.773,9.64644,9.64746,1.00,1.00
2016.01.14 11:25:06.875,9.64626,9.64746,1.00,1.00
2016.01.14 11:25:07.127,9.6464,9.64746,1.00,1.00
2016.01.14 11:25:07.564,9.64671,9.64746,1.00,1.00
2016.01.14 11:25:07.831,9.64671,9.64797,1.00,1.00
2016.01.14 11:25:07.941,9.64687,9.64797,1.00,1.00
2016.01.14 11:25:08.148,9.64668,9.64797,1.00,1.00
2016.01.14 11:25:08.250,9.64685,9.64797,1.00,1.00
2016.01.14 11:25:08.346,9.64666,9.64797,1.00,1.00
2016.01.14 11:25:08.408,9.64666,9.64755,1.00,1.00
2016.01.14 11:25:08.712,9.64672,9.64755,1.00,1.00
2016.01.14 11:25:09.569,9.64672,9.64746,1.00,1.00
2016.01.14 11:25:10.556,9.64672,9.64796,1.00,1.00
2016.01.14 11:25:10.771,9.64688,9.64796,1.00,1.00
2016.01.14 11:25:11.056,9.64671,9.64796,1.00,1.00
2016.01.14 11:25:11.107,9.64671,9.64755,1.00,1.00
2016.01.14 11:25:12.342,9.64671,9.64746,1.00,1.00
2016.01.14 11:25:12.715,9.64673,9.64746,1.00,1.00
2016.01.14 11:25:15.920,9.64673,9.64726,1.00,1.00
2016.01.14 11:25:18.990,9.64657,9.64726,1.00,1.00
2016.01.14 11:25:19.383,9.64674,9.64726,1.00,1.00
2016.01.14 11:25:20.286,9.64656,9.64726,1.00,1.00
2016.01.14 11:25:21.203,9.6467,9.64726,1.00,1.00
2016.01.14 11:25:21.793,9.64655,9.64726,1.00,1.00
2016.01.14 11:25:22.354,9.64655,9.64701,1.00,1.00
2016.01.14 11:25:25.276,9.64632,9.64701,1.00,1.00
2016.01.14 11:25:25.580,9.64617,9.64701,1.00,1.00
2016.01.14 11:25:26.920,9.64631,9.64801,1.00,1.12
2016.01.14 11:25:27.189,9.64615,9.64801,1.00,1.12
2016.01.14 11:25:27.292,9.64619,9.64801,1.00,1.12
2016.01.14 11:25:27.685,9.64634,9.64801,1.00,1.12
2016.01.14 11:25:27.787,9.64618,9.64801,1.00,1.12
2016.01.14 11:25:27.889,9.64632,9.64801,1.00,1.12
2016.01.14 11:25:28.010,9.64622,9.64801,1.00,1.12
2016.01.14 11:25:28.112,9.64642,9.64702,1.00,1.00
2016.01.14 11:25:28.176,9.64627,9.64702,1.00,1.00
2016.01.14 11:25:28.278,9.64645,9.64702,1.00,1.00
2016.01.14 11:25:28.380,9.64631,9.64702,1.00,1.00
2016.01.14 11:25:28.583,9.64615,9.64702,1.00,1.00
2016.01.14 11:25:32.487,9.64609,9.64702,1.00,1.00
2016.01.14 11:25:33.741,9.64616,9.64702,1.00,1.00
2016.01.14 11:25:33.931,9.6461,9.64702,1.00,1.00
2016.01.14 11:25:33.990,9.64626,9.64702,1.00,1.00
2016.01.14 11:25:38.056,9.64626,9.64701,1.00,1.00
2016.01.14 11:25:41.337,9.64652,9.64701,1.00,1.00
2016.01.14 11:25:41.499,9.64636,9.64701,1.00,1.00
2016.01.14 11:25:41.551,9.64653,9.64701,1.00,1.00
2016.01.14 11:25:41.723,9.64637,9.64701,1.00,1.00
2016.01.14 11:25:42.767,9.64623,9.64701,1.00,1.00
2016.01.14 11:25:43.438,9.64652,9.64701,1.00,1.00
2016.01.14 11:25:43.541,9.64632,9.64701,1.00,1.00
2016.01.14 11:25:43.644,9.64651,9.64701,1.00,1.00
2016.01.14 11:25:43.849,9.6463,9.64701,1.00,1.00
2016.01.14 11:25:45.028,9.64613,9.64701,1.00,1.00
2016.01.14 11:25:45.343,9.64634,9.64701,1.00,1.00
2016.01.14 11:25:45.445,9.64617,9.64701,1.00,1.00
2016.01.14 11:25:47.760,9.64651,9.64701,1.00,1.00
2016.01.14 11:25:47.862,9.64633,9.64701,1.00,1.00
2016.01.14 11:25:49.080,9.64618,9.64701,1.00,1.00
2016.01.14 11:25:49.656,9.64632,9.64701,1.00,1.00
2016.01.14 11:25:49.960,9.64612,9.64701,1.00,1.00
2016.01.14 11:25:50.012,9.64602,9.64701,1.00,1.00
2016.01.14 11:25:50.063,9.64621,9.64701,1.00,1.00
2016.01.14 11:25:51.988,9.64606,9.64701,1.00,1.00
2016.01.14 11:25:52.455,9.64618,9.64701,1.00,1.00
2016.01.14 11:25:53.861,9.64603,9.64701,1.00,1.00
2016.01.14 11:25:54.083,9.64619,9.64701,1.00,1.00
2016.01.14 11:25:54.387,9.64627,9.64701,1.00,1.00
2016.01.14 11:25:54.482,9.64617,9.64701,1.00,1.00
2016.01.14 11:25:54.584,9.64632,9.64701,1.00,1.00
2016.01.14 11:25:54.686,9.64613,9.64701,1.00,1.00
2016.01.14 11:25:55.602,9.6463,9.64701,1.00,1.00
2016.01.14 11:25:55.765,9.64611,9.64701,1.00,1.00
2016.01.14 11:25:55.816,9.64606,9.64701,1.00,1.00
2016.01.14 11:25:56.267,9.64623,9.64701,1.00,1.00
2016.01.14 11:25:56.369,9.64608,9.64701,1.00,1.00
2016.01.14 11:25:56.470,9.64623,9.64701,1.00,1.00
2016.01.14 11:25:56.573,9.64609,9.64701,1.00,1.00
2016.01.14 11:25:57.481,9.64626,9.64701,1.00,1.00
2016.01.14 11:25:57.583,9.64606,9.64701,1.00,1.00
2016.01.14 11:25:57.634,9.64597,9.64701,1.00,1.00
2016.01.14 11:25:57.685,9.64578,9.64701,1.00,1.00
2016.01.14 11:25:58.976,9.64579,9.64701,1.00,1.00
2016.01.14 11:25:59.912,9.64595,9.64701,1.00,1.00
2016.01.14 11:26:00.083,9.64576,9.64701,1.00,1.00
2016.01.14 11:26:00.898,9.64594,9.64701,1.00,1.00
2016.01.14 11:26:01.000,9.64575,9.64701,1.00,1.00
2016.01.14 11:26:01.423,9.64561,9.64701,1.00,1.00
2016.01.14 11:26:01.799,9.64574,9.64701,1.00,1.00
2016.01.14 11:26:01.900,9.64557,9.64701,1.00,1.00
2016.01.14 11:26:02.002,9.64575,9.64701,1.00,1.00
2016.01.14 11:26:02.555,9.64575,9.64702,1.00,1.00
2016.01.14 11:26:02.830,9.64558,9.64702,1.00,1.00
2016.01.14 11:26:03.032,9.64582,9.64702,1.00,1.00
2016.01.14 11:26:03.135,9.64565,9.64702,1.00,1.00
2016.01.14 11:26:03.604,9.6455,9.64702,1.00,1.00
2016.01.14 11:26:04.030,9.64566,9.64702,1.00,1.00
2016.01.14 11:26:04.132,9.6455,9.64702,1.00,1.00
2016.01.14 11:26:04.233,9.64529,9.64702,1.00,1.00
2016.01.14 11:26:04.295,9.64542,9.64702,1.00,1.00
2016.01.14 11:26:04.606,9.64542,9.64702,1.00,1.07
2016.01.14 11:26:04.707,9.64542,9.64702,1.00,1.00
2016.01.14 11:26:05.137,9.64557,9.64702,1.00,1.00
2016.01.14 11:26:05.239,9.64531,9.64702,1.00,1.00
2016.01.14 11:26:05.442,9.64547,9.64702,1.00,1.00
2016.01.14 11:26:05.638,9.6453,9.64702,1.00,1.07
2016.01.14 11:26:05.740,9.64544,9.64701,1.00,1.07
2016.01.14 11:26:05.841,9.6453,9.64701,1.00,1.07
2016.01.14 11:26:05.943,9.64514,9.64701,1.00,1.07
2016.01.14 11:26:06.045,9.64526,9.64701,1.00,1.07
2016.01.14 11:26:06.146,9.64526,9.64701,1.00,1.00
2016.01.14 11:26:06.541,9.64552,9.64701,1.00,1.00
2016.01.14 11:26:06.642,9.64532,9.64744,1.00,1.37
2016.01.14 11:26:06.745,9.64564,9.64776,1.00,2.62
2016.01.14 11:26:06.906,9.64544,9.6475,1.00,1.37
2016.01.14 11:26:06.957,9.64538,9.6475,1.00,1.37
2016.01.14 11:26:07.109,9.64518,9.64729,1.00,1.37
2016.01.14 11:26:07.212,9.64531,9.64743,1.00,1.37
2016.01.14 11:26:07.314,9.64513,9.64725,1.00,1.37
2016.01.14 11:26:07.520,9.64493,9.64697,1.00,1.00
2016.01.14 11:26:07.572,9.64485,9.64697,1.00,1.00
2016.01.14 11:26:07.623,9.64471,9.64683,1.00,1.00
2016.01.14 11:26:08.086,9.64471,9.64666,1.00,1.12
2016.01.14 11:26:08.390,9.64485,9.64666,1.00,1.12
2016.01.14 11:26:08.913,9.64471,9.64665,1.00,1.12
2016.01.14 11:26:09.456,9.64471,9.64658,1.00,1.12
2016.01.14 11:26:10.119,9.64455,9.64658,1.00,1.12
2016.01.14 11:26:10.324,9.6444,9.64652,1.00,1.82
2016.01.14 11:26:10.488,9.64423,9.64635,1.00,1.00
2016.01.14 11:26:10.541,9.64453,9.64655,1.00,1.00
2016.01.14 11:26:10.592,9.64453,9.64665,1.00,1.00
2016.01.14 11:26:10.644,9.64438,9.6465,1.00,1.00
2016.01.14 11:26:10.949,9.64407,9.64619,1.00,1.00
2016.01.14 11:26:11.152,9.64392,9.64606,1.00,1.00
2016.01.14 11:26:11.556,9.64408,9.6462,1.00,1.00
2016.01.14 11:26:12.184,9.64408,9.64601,1.00,1.12
2016.01.14 11:26:12.532,9.6441,9.64601,1.00,1.12
2016.01.14 11:26:12.634,9.6441,9.64622,1.00,1.00
2016.01.14 11:26:14.027,9.64393,9.64605,1.00,1.00
2016.01.14 11:26:14.750,9.64413,9.64625,1.00,1.00
2016.01.14 11:26:20.088,9.64428,9.6464,1.00,1.00
2016.01.14 11:26:21.445,9.64428,9.6464,1.00,1.75
2016.01.14 11:26:22.401,9.64428,9.6464,1.00,1.37
2016.01.14 11:26:22.452,9.64413,9.64625,1.00,1.00
2016.01.14 11:26:28.374,9.64397,9.64609,1.00,1.00
2016.01.14 11:26:31.786,9.64417,9.64629,1.00,1.50
2016.01.14 11:26:32.105,9.644,9.64612,1.00,1.00
2016.01.14 11:26:32.526,9.64407,9.64619,1.00,1.00
2016.01.14 11:26:38.098,9.64392,9.64604,1.00,1.00
2016.01.14 11:26:38.492,9.64406,9.64618,1.00,1.00
2016.01.14 11:26:43.311,9.64392,9.64604,1.00,1.00
2016.01.14 11:26:43.659,9.6441,9.64622,1.00,1.00
2016.01.14 11:26:46.904,9.64395,9.64607,1.00,1.00
2016.01.14 11:26:47.753,9.64409,9.64621,1.00,1.00
2016.01.14 11:26:52.556,9.64405,9.64617,1.00,1.00
2016.01.14 11:27:01.878,9.64389,9.64601,1.00,1.00
2016.01.14 11:27:02.571,9.64403,9.64615,1.00,1.00
2016.01.14 11:27:02.923,9.64389,9.64601,1.00,1.00
2016.01.14 11:27:03.239,9.64403,9.64615,1.00,1.00
2016.01.14 11:27:05.760,9.64387,9.64599,1.00,1.00
2016.01.14 11:27:06.751,9.64401,9.64613,1.00,1.00
2016.01.14 11:27:08.077,9.64384,9.64596,1.00,1.00
2016.01.14 11:27:08.523,9.64398,9.6461,1.00,1.00
2016.01.14 11:27:08.828,9.644,9.64612,1.00,1.00
2016.01.14 11:27:12.469,9.64403,9.64617,1.00,1.00
2016.01.14 11:27:13.864,9.6439,9.64602,1.00,1.00
2016.01.14 11:27:16.297,9.64405,9.64617,1.00,1.00
2016.01.14 11:27:29.004,9.64391,9.64603,1.00,1.00
2016.01.14 11:27:29.309,9.64305,9.64517,1.00,1.00
2016.01.14 11:27:29.523,9.6426,9.64474,1.00,1.10
2016.01.14 11:27:29.624,9.64246,9.64458,1.00,1.00
2016.01.14 11:27:29.929,9.642,9.64412,1.00,1.00
2016.01.14 11:27:30.234,9.64137,9.64349,1.00,1.00
2016.01.14 11:27:30.557,9.64148,9.64355,1.00,1.00
2016.01.14 11:27:30.609,9.64123,9.64335,1.00,1.00
2016.01.14 11:27:31.015,9.64102,9.64314,1.00,1.00
2016.01.14 11:27:31.320,9.64124,9.64336,1.00,1.00
2016.01.14 11:27:31.642,9.64086,9.64298,1.00,1.00
2016.01.14 11:27:31.946,9.64072,9.64284,1.00,1.00
2016.01.14 11:27:32.574,9.6408,9.64292,1.00,1.07
2016.01.14 11:27:32.676,9.64095,9.64307,1.00,1.00
2016.01.14 11:27:41.535,9.64077,9.64289,1.00,1.00
2016.01.14 11:27:43.540,9.64091,9.64303,1.00,1.00
2016.01.14 11:27:47.264,9.64074,9.64286,1.00,1.00
2016.01.14 11:27:47.613,9.6409,9.64302,1.00,1.00
2016.01.14 11:27:52.473,9.64079,9.64293,1.00,1.00
2016.01.14 11:27:53.877,9.64094,9.64306,1.00,1.00
2016.01.14 11:27:56.071,9.64072,9.64286,1.00,1.00
2016.01.14 11:27:56.184,9.64089,9.64301,1.00,1.00
2016.01.14 11:27:57.077,9.64075,9.64287,1.00,1.00
2016.01.14 11:27:57.380,9.64089,9.64301,1.00,1.00
2016.01.14 11:27:57.989,9.64074,9.64286,1.00,1.00
2016.01.14 11:27:58.311,9.64089,9.64301,1.00,1.00
2016.01.14 11:28:03.507,9.64105,9.64317,1.00,1.00
2016.01.14 11:28:03.883,9.64089,9.64301,1.00,1.00
2016.01.14 11:28:07.102,9.64103,9.64315,1.00,1.00
2016.01.14 11:28:08.026,9.64089,9.64301,1.00,1.00
2016.01.14 11:28:08.365,9.64022,9.64216,1.00,1.00
2016.01.14 11:28:08.417,9.64001,9.64215,1.00,1.00
2016.01.14 11:28:08.518,9.63988,9.642,1.00,1.00
2016.01.14 11:28:08.852,9.63988,9.642,1.00,1.07
2016.01.14 11:28:08.903,9.63988,9.642,1.00,1.00
2016.01.14 11:28:09.530,9.63988,9.64053,1.00,1.00
2016.01.14 11:28:09.632,9.63974,9.64048,1.00,1.00
2016.01.14 11:28:09.683,9.63989,9.64049,1.00,1.00
2016.01.14 11:28:09.785,9.63949,9.64041,1.00,1.00
2016.01.14 11:28:09.887,9.63934,9.64146,1.00,1.00
2016.01.14 11:28:09.989,9.63915,9.64127,1.00,1.00
2016.01.14 11:28:10.316,9.639,9.64112,1.00,1.00
2016.01.14 11:28:10.808,9.63886,9.64098,1.00,1.00
2016.01.14 11:28:11.114,9.63871,9.64083,1.00,1.00
2016.01.14 11:28:11.449,9.63873,9.64085,1.00,1.00
2016.01.14 11:28:11.764,9.63887,9.64099,1.00,1.00
2016.01.14 11:28:12.270,9.63887,9.64098,1.00,1.00
2016.01.14 11:28:20.313,9.63887,9.64087,1.00,1.00
2016.01.14 11:28:24.830,9.63887,9.64099,1.00,1.00
2016.01.14 11:28:31.123,9.63887,9.64091,1.00,1.00
2016.01.14 11:28:32.477,9.63883,9.64091,1.00,1.00
2016.01.14 11:28:36.835,9.63883,9.64095,1.00,1.00
2016.01.14 11:28:40.901,9.63898,9.6411,1.00,1.00
2016.01.14 11:28:47.132,9.63917,9.64116,1.00,1.00
2016.01.14 11:28:47.233,9.63901,9.64113,1.00,1.00
2016.01.14 11:28:47.335,9.63915,9.64116,1.00,1.00
2016.01.14 11:28:47.437,9.63895,9.64105,1.00,1.00
2016.01.14 11:28:47.488,9.63893,9.64105,1.00,1.00
2016.01.14 11:28:47.539,9.63916,9.64116,1.00,1.00
2016.01.14 11:28:47.641,9.63896,9.64108,1.50,1.00
2016.01.14 11:28:48.023,9.63881,9.64093,1.00,1.00
2016.01.14 11:28:48.363,9.639,9.64112,1.00,1.00
2016.01.14 11:28:48.674,9.63882,9.64094,1.00,1.00
2016.01.14 11:28:49.017,9.639,9.64112,1.00,1.00
2016.01.14 11:28:49.119,9.63919,9.64132,1.00,1.00
2016.01.14 11:28:49.432,9.639,9.64114,1.50,1.00
2016.01.14 11:28:49.545,9.63916,9.64128,1.00,1.00
2016.01.14 11:28:49.849,9.63882,9.64094,1.00,1.00
2016.01.14 11:28:50.182,9.63898,9.6411,1.00,1.00
2016.01.14 11:28:52.464,9.63888,9.641,1.00,1.00
2016.01.14 11:28:57.261,9.63903,9.64115,1.00,1.00
2016.01.14 11:28:57.863,9.63889,9.64101,1.00,1.00
2016.01.14 11:29:07.504,9.63903,9.64115,1.00,1.00
2016.01.14 11:29:07.808,9.63945,9.64116,1.00,1.00
2016.01.14 11:29:07.896,9.63927,9.64116,1.00,1.00
2016.01.14 11:29:07.997,9.63932,9.64116,1.00,1.00
2016.01.14 11:29:08.100,9.63929,9.64116,1.00,1.00
2016.01.14 11:29:08.203,9.63935,9.64116,1.00,1.00
2016.01.14 11:29:08.508,9.63965,9.64116,1.00,1.00
2016.01.14 11:29:08.559,9.63958,9.64116,1.00,1.00
2016.01.14 11:29:08.610,9.63985,9.64166,1.00,1.00
2016.01.14 11:29:08.814,9.6399,9.64166,1.00,1.00
2016.01.14 11:29:08.882,9.63976,9.64166,1.00,1.00
2016.01.14 11:29:08.984,9.6399,9.64166,1.00,1.00
2016.01.14 11:29:09.085,9.6397,9.64166,1.00,1.00
2016.01.14 11:29:09.137,9.63959,9.64166,1.00,1.00
2016.01.14 11:29:09.188,9.63972,9.64166,1.00,1.00
2016.01.14 11:29:09.442,9.6397,9.64166,1.00,1.00
2016.01.14 11:29:09.696,9.63992,9.64166,1.00,1.00
2016.01.14 11:29:09.799,9.63972,9.64166,1.00,1.00
2016.01.14 11:29:09.947,9.63991,9.64166,1.00,1.00
2016.01.14 11:29:10.423,9.64008,9.64166,1.00,1.00
2016.01.14 11:29:10.524,9.63989,9.64166,1.00,1.00
2016.01.14 11:29:10.578,9.63987,9.64166,1.00,1.00
2016.01.14 11:29:11.137,9.63987,9.64191,1.00,1.00
2016.01.14 11:29:11.320,9.64003,9.64191,1.00,1.00
2016.01.14 11:29:11.422,9.63983,9.64191,1.00,1.50
2016.01.14 11:29:11.473,9.63979,9.64191,1.00,1.50
2016.01.14 11:29:11.524,9.63997,9.64191,1.00,1.00
2016.01.14 11:29:11.829,9.63995,9.64191,1.00,1.00
2016.01.14 11:29:11.930,9.64015,9.64191,1.00,1.00
2016.01.14 11:29:12.032,9.63995,9.64191,1.00,1.00
2016.01.14 11:29:12.177,9.64015,9.64191,1.00,1.00
2016.01.14 11:29:12.380,9.64015,9.64227,1.00,1.00
2016.01.14 11:29:12.432,9.63995,9.64207,1.00,1.00
2016.01.14 11:29:12.782,9.64015,9.64227,1.00,1.00
2016.01.14 11:29:13.218,9.63995,9.64207,1.50,1.00
2016.01.14 11:29:13.536,9.64015,9.64227,1.00,1.00
2016.01.14 11:29:13.892,9.63995,9.64207,1.00,1.00
2016.01.14 11:29:14.197,9.64015,9.64227,1.00,1.00
2016.01.14 11:29:14.551,9.63996,9.64208,1.00,1.00
2016.01.14 11:29:14.893,9.63994,9.64203,1.00,1.00
2016.01.14 11:29:14.944,9.63991,9.64203,1.00,1.00
2016.01.14 11:29:15.229,9.64014,9.64223,1.00,1.00
2016.01.14 11:29:15.280,9.64014,9.64226,1.00,1.00
2016.01.14 11:29:15.332,9.63994,9.64206,1.50,1.00
2016.01.14 11:29:15.660,9.64014,9.64226,1.00,1.00
2016.01.14 11:29:16.531,9.63994,9.64206,1.00,1.00
2016.01.14 11:29:16.582,9.63992,9.64206,1.00,1.00
2016.01.14 11:29:16.817,9.64014,9.64225,1.00,1.00
2016.01.14 11:29:16.891,9.64014,9.64228,1.00,1.00
2016.01.14 11:29:16.943,9.63995,9.64207,1.00,1.00
2016.01.14 11:29:17.458,9.63994,9.64206,1.00,1.00
2016.01.14 11:29:18.047,9.64013,9.64227,1.00,1.00
2016.01.14 11:29:18.102,9.63994,9.64206,1.50,1.00
2016.01.14 11:29:18.735,9.64013,9.64225,1.00,1.00
2016.01.14 11:29:19.166,9.63994,9.64206,1.00,1.00
2016.01.14 11:29:20.134,9.64014,9.64216,1.00,1.00
2016.01.14 11:29:20.236,9.63995,9.64207,1.00,1.00
2016.01.14 11:29:20.808,9.64014,9.64216,1.00,1.00
2016.01.14 11:29:21.138,9.63994,9.64202,1.00,1.00
2016.01.14 11:29:21.189,9.6399,9.64202,1.00,1.00
2016.01.14 11:29:21.844,9.64013,9.64216,1.00,1.00
2016.01.14 11:29:22.148,9.63993,9.64204,1.00,1.00
2016.01.14 11:29:22.249,9.64011,9.64223,1.00,1.00
2016.01.14 11:29:22.351,9.64015,9.64227,1.00,1.00
2016.01.14 11:29:22.656,9.64011,9.64223,1.00,1.00
2016.01.14 11:29:22.995,9.63992,9.64204,1.00,1.00
2016.01.14 11:29:23.299,9.6399,9.64202,1.00,1.00
2016.01.14 11:29:29.233,9.64005,9.64217,1.00,1.00
2016.01.14 11:29:29.554,9.63983,9.64195,1.00,1.00
2016.01.14 11:29:31.378,9.64004,9.64216,1.00,1.50
2016.01.14 11:29:31.728,9.63984,9.64196,1.50,1.00
2016.01.14 11:29:32.082,9.64004,9.64216,1.00,1.00
2016.01.14 11:29:32.590,9.63986,9.64198,1.00,1.00
2016.01.14 11:29:32.932,9.63984,9.64196,1.00,1.00
2016.01.14 11:29:33.236,9.64004,9.64216,1.00,1.10
2016.01.14 11:29:33.960,9.63985,9.64197,1.00,1.00
2016.01.14 11:29:34.281,9.64,9.64212,1.00,1.00
2016.01.14 11:29:35.786,9.64102,9.64212,5.61,1.00
2016.01.14 11:29:35.887,9.64154,9.64296,2.67,1.37
2016.01.14 11:29:35.939,9.64164,9.64296,1.07,1.00
2016.01.14 11:29:36.052,9.64154,9.643,2.67,1.00
2016.01.14 11:29:36.103,9.64154,9.64341,1.92,1.07
2016.01.14 11:29:36.883,9.64204,9.64326,2.03,1.07
2016.01.14 11:29:37.915,9.64123,9.64335,1.00,1.07
2016.01.14 11:29:37.966,9.64139,9.64351,1.00,1.07
2016.01.14 11:29:38.068,9.64079,9.64293,1.00,1.07
2016.01.14 11:29:38.293,9.64064,9.64276,1.00,1.07
2016.01.14 11:29:38.394,9.64175,9.64291,2.93,1.07
2016.01.14 11:29:38.850,9.64204,9.64312,1.63,1.07
2016.01.14 11:29:39.381,9.64115,9.64327,1.00,1.07
2016.01.14 11:29:39.484,9.64096,9.64308,1.00,1.07
2016.01.14 11:29:39.587,9.64047,9.64259,1.00,1.00
2016.01.14 11:29:41.384,9.64031,9.64243,1.00,1.00
2016.01.14 11:29:45.804,9.64031,9.64243,1.00,1.07
2016.01.14 11:29:46.595,9.64011,9.64223,1.00,1.07
2016.01.14 11:29:47.597,9.63994,9.64206,1.00,1.07
2016.01.14 11:29:49.102,9.63994,9.64206,1.00,1.00
2016.01.14 11:29:50.009,9.64012,9.64224,1.00,1.00
2016.01.14 11:29:50.331,9.64018,9.6423,1.50,1.00
2016.01.14 11:29:50.637,9.64044,9.64256,1.00,1.07
2016.01.14 11:29:50.738,9.64039,9.64251,1.00,1.00
2016.01.14 11:29:51.118,9.6402,9.64232,1.00,1.00
2016.01.14 11:29:51.625,9.64043,9.64255,1.00,1.07
2016.01.14 11:29:51.727,9.64023,9.64235,1.00,1.00
2016.01.14 11:29:51.828,9.64044,9.64256,1.00,1.07
2016.01.14 11:29:52.142,9.64024,9.64235,1.00,1.00
2016.01.14 11:29:52.244,9.64044,9.64256,1.00,1.07
2016.01.14 11:29:52.396,9.64025,9.64237,1.00,1.00
2016.01.14 11:29:52.498,9.64044,9.64256,1.00,1.07
2016.01.14 11:29:52.928,9.64024,9.64238,1.00,1.00
2016.01.14 11:29:53.029,9.64044,9.64256,1.00,1.07
2016.01.14 11:29:53.426,9.64044,9.64166,1.00,1.00
2016.01.14 11:29:53.528,9.64024,9.64166,1.00,1.00
2016.01.14 11:29:53.923,9.64044,9.64166,1.00,1.00
2016.01.14 11:29:54.432,9.64021,9.64166,1.00,1.00
2016.01.14 11:29:54.483,9.64024,9.64166,1.00,1.00
2016.01.14 11:29:54.671,9.64014,9.64166,1.50,1.00
2016.01.14 11:29:54.722,9.64034,9.64166,1.00,1.00
2016.01.14 11:29:54.824,9.64012,9.64166,1.00,1.00
2016.01.14 11:29:54.927,9.64029,9.64166,1.00,1.00
2016.01.14 11:29:55.029,9.64013,9.64166,1.00,1.00
2016.01.14 11:29:55.540,9.64032,9.64166,1.00,1.00
2016.01.14 11:29:57.868,9.64018,9.64166,1.00,1.00
2016.01.14 11:29:57.919,9.64037,9.64166,1.00,1.00
2016.01.14 11:29:58.022,9.6402,9.64166,1.00,1.00
2016.01.14 11:29:58.124,9.64037,9.64166,1.00,1.00
2016.01.14 11:29:58.226,9.64021,9.64166,1.00,1.00
2016.01.14 11:29:58.327,9.64038,9.64166,1.00,1.00
2016.01.14 11:29:58.429,9.64021,9.64166,1.00,1.00
2016.01.14 11:29:58.531,9.64036,9.64166,1.00,1.00
2016.01.14 11:29:59.162,9.6402,9.64191,1.00,1.00
2016.01.14 11:29:59.263,9.64006,9.64191,1.00,1.00
2016.01.14 11:29:59.365,9.63979,9.64191,1.00,1.50
2016.01.14 11:29:59.467,9.63998,9.64191,1.00,1.00
2016.01.14 11:29:59.671,9.63996,9.64191,1.00,1.00
2016.01.14 11:29:59.836,9.64015,9.64191,1.00,1.00
2016.01.14 11:30:00.141,9.64033,9.64191,1.00,1.00
2016.01.14 11:30:00.356,9.64012,9.64191,1.00,1.00
2016.01.14 11:30:00.458,9.64029,9.64191,1.00,1.00
2016.01.14 11:30:00.560,9.6401,9.64191,1.00,1.00
2016.01.14 11:30:00.666,9.64029,9.64191,1.00,1.00
2016.01.14 11:30:01.185,9.64029,9.64192,1.00,1.00
2016.01.14 11:30:01.673,9.64015,9.64192,1.00,1.00
2016.01.14 11:30:01.877,9.63996,9.64208,1.00,1.00
2016.01.14 11:30:12.490,9.63998,9.6421,1.00,1.00
2016.01.14 11:30:14.392,9.63983,9.64195,1.00,1.00
2016.01.14 11:30:14.493,9.63997,9.64211,1.00,1.00
2016.01.14 11:30:15.471,9.63983,9.64195,1.00,1.00
2016.01.14 11:30:15.796,9.63998,9.6421,1.00,1.00
2016.01.14 11:30:18.990,9.63984,9.64196,1.00,1.00
2016.01.14 11:30:19.316,9.63998,9.6421,1.00,1.00
2016.01.14 11:30:19.514,9.63982,9.64196,1.00,1.00
2016.01.14 11:30:21.183,9.63998,9.6421,1.00,1.00
2016.01.14 11:30:21.534,9.63983,9.64195,1.00,1.00
2016.01.14 11:30:22.020,9.63998,9.6421,1.00,1.00
2016.01.14 11:30:25.523,9.63983,9.64195,1.00,1.00
2016.01.14 11:30:25.834,9.63997,9.64209,1.00,1.00
2016.01.14 11:30:26.513,9.63984,9.64196,1.00,1.00
2016.01.14 11:30:27.100,9.6397,9.64182,1.00,1.00
2016.01.14 11:30:27.405,9.63985,9.64197,1.00,1.00
2016.01.14 11:30:32.557,9.63989,9.64201,1.00,1.00
2016.01.14 11:30:36.366,9.63974,9.64186,1.00,1.00
2016.01.14 11:30:36.716,9.63989,9.64201,1.00,1.00
2016.01.14 11:30:37.370,9.63974,9.64186,1.00,1.00
2016.01.14 11:30:37.757,9.63988,9.642,1.00,1.00
2016.01.14 11:30:38.341,9.63974,9.64186,1.00,1.00
2016.01.14 11:30:38.676,9.63988,9.642,1.00,1.00
2016.01.14 11:30:39.575,9.63972,9.64184,1.00,1.00
2016.01.14 11:30:39.677,9.63988,9.64202,1.00,1.00
2016.01.14 11:30:39.779,9.63974,9.64186,1.00,1.00
2016.01.14 11:30:40.085,9.63991,9.64203,1.00,1.00
2016.01.14 11:30:40.441,9.63975,9.64189,1.00,1.00
2016.01.14 11:30:50.452,9.63993,9.64205,1.00,1.07
2016.01.14 11:30:51.014,9.63974,9.64186,1.00,1.00
2016.01.14 11:30:51.116,9.6399,9.64202,1.00,1.10
2016.01.14 11:30:51.218,9.63974,9.64188,1.00,1.00
2016.01.14 11:30:51.269,9.63988,9.64202,1.00,1.00
2016.01.14 11:30:51.791,9.63975,9.64187,1.00,1.00
2016.01.14 11:30:58.988,9.63992,9.64204,1.00,1.07
2016.01.14 11:30:59.490,9.63992,9.64204,1.00,1.00
2016.01.14 11:30:59.896,9.63978,9.6419,1.00,1.00
2016.01.14 11:31:00.413,9.63992,9.64204,1.00,1.00
2016.01.14 11:31:01.450,9.63978,9.6419,1.00,1.00
2016.01.14 11:31:01.754,9.63992,9.64204,1.00,1.00
2016.01.14 11:31:04.702,9.63978,9.6419,1.00,1.00
2016.01.14 11:31:04.804,9.63993,9.64207,1.00,1.00
2016.01.14 11:31:05.511,9.63979,9.64191,1.00,1.00
2016.01.14 11:31:05.825,9.63995,9.64207,1.00,1.00
2016.01.14 11:31:06.410,9.63979,9.64191,1.00,1.00
2016.01.14 11:31:06.719,9.63981,9.64193,1.00,1.00
2016.01.14 11:31:07.266,9.63982,9.64194,1.00,1.00
2016.01.14 11:31:12.345,9.63998,9.6421,1.00,1.00
2016.01.14 11:31:12.659,9.63982,9.64194,1.00,1.00
2016.01.14 11:31:14.753,9.63996,9.64208,1.00,1.00
2016.01.14 11:31:15.070,9.63981,9.64193,1.00,1.00
2016.01.14 11:31:28.681,9.63996,9.64208,1.00,1.12
2016.01.14 11:31:28.868,9.6398,9.64192,1.00,1.00
2016.01.14 11:31:29.223,9.63983,9.64192,1.00,1.00
2016.01.14 11:31:29.407,9.63988,9.642,1.00,1.00
2016.01.14 11:31:29.509,9.63991,9.64203,1.00,1.00
2016.01.14 11:31:29.813,9.64004,9.64216,1.00,1.50
2016.01.14 11:31:30.168,9.63989,9.64201,1.00,1.00
2016.01.14 11:31:30.478,9.64003,9.64215,1.00,1.00
2016.01.14 11:31:30.580,9.63987,9.64201,1.00,1.00
2016.01.14 11:31:30.681,9.64003,9.64215,1.00,1.00
2016.01.14 11:31:31.032,9.63985,9.64197,1.00,1.00
2016.01.14 11:31:31.084,9.64002,9.64216,1.00,1.00
2016.01.14 11:31:31.186,9.63987,9.64199,1.00,1.00
2016.01.14 11:31:31.502,9.64003,9.64215,1.00,1.00
2016.01.14 11:31:32.079,9.63985,9.64197,1.00,1.00
2016.01.14 11:31:32.488,9.63989,9.64201,1.00,1.00
2016.01.14 11:31:33.092,9.64003,9.64215,1.00,1.00
2016.01.14 11:31:34.190,9.63985,9.64197,1.00,1.00
2016.01.14 11:31:34.657,9.64003,9.64215,1.00,1.00
2016.01.14 11:31:35.184,9.63988,9.64202,1.00,1.00
2016.01.14 11:31:35.285,9.64003,9.64215,1.00,1.00
2016.01.14 11:31:35.647,9.63989,9.64201,1.00,1.00
2016.01.14 11:31:36.198,9.64004,9.64216,1.00,1.00
2016.01.14 11:31:37.513,9.63985,9.64199,1.00,1.00
2016.01.14 11:31:37.615,9.64004,9.64216,1.00,1.00
2016.01.14 11:31:37.717,9.63989,9.64203,1.00,1.00
2016.01.14 11:31:37.923,9.64004,9.64216,1.00,1.00
2016.01.14 11:31:38.278,9.63985,9.64199,1.00,1.00
2016.01.14 11:31:38.380,9.64004,9.64216,1.00,1.00
2016.01.14 11:31:39.002,9.63988,9.642,1.00,1.00
2016.01.14 11:31:39.319,9.6401,9.6422,1.00,1.00
2016.01.14 11:31:39.370,9.6401,9.64222,1.00,1.00
2016.01.14 11:31:39.421,9.63991,9.64203,1.00,1.00
2016.01.14 11:31:39.698,9.63991,9.64205,1.00,1.00
2016.01.14 11:31:39.800,9.64015,9.64224,1.00,1.00
2016.01.14 11:31:39.851,9.64015,9.64227,1.00,1.00
2016.01.14 11:31:39.902,9.64011,9.64223,1.00,1.00
2016.01.14 11:31:40.317,9.63992,9.64202,1.00,1.00
2016.01.14 11:31:40.368,9.6399,9.64202,1.00,1.00
2016.01.14 11:31:40.489,9.63993,9.64205,1.00,1.00
2016.01.14 11:31:40.594,9.64011,9.64225,1.00,1.50
2016.01.14 11:31:40.999,9.63997,9.64209,1.00,1.00
2016.01.14 11:31:41.421,9.64014,9.64226,1.00,1.00
2016.01.14 11:31:41.523,9.63998,9.64212,1.00,1.00
2016.01.14 11:31:41.574,9.63998,9.64212,1.00,1.15
2016.01.14 11:31:41.829,9.63994,9.64206,1.50,1.15
2016.01.14 11:31:41.880,9.63994,9.64206,1.00,1.00
2016.01.14 11:31:41.931,9.64014,9.64226,1.00,1.65
2016.01.14 11:31:42.034,9.63997,9.64211,1.00,1.00
2016.01.14 11:31:42.136,9.64013,9.64227,1.00,1.25
2016.01.14 11:31:42.304,9.63999,9.64211,1.00,1.00
2016.01.14 11:31:42.508,9.64015,9.64227,1.00,1.10
2016.01.14 11:31:42.813,9.64018,9.6423,1.00,1.07
2016.01.14 11:31:43.134,9.64018,9.6423,1.00,1.00
2016.01.14 11:31:43.430,9.64004,9.64216,1.00,1.00
2016.01.14 11:31:43.734,9.64009,9.64221,1.00,1.00
2016.01.14 11:31:44.400,9.64023,9.64235,1.00,1.00
2016.01.14 11:31:44.704,9.64004,9.64213,1.00,1.00
2016.01.14 11:31:44.806,9.64001,9.64213,1.00,1.00
2016.01.14 11:31:44.907,9.6402,9.64232,1.00,1.00
2016.01.14 11:31:45.294,9.64001,9.64213,1.00,1.00
2016.01.14 11:31:45.599,9.6402,9.64231,1.00,1.00
2016.01.14 11:31:45.701,9.64017,9.64231,1.00,1.00
2016.01.14 11:31:45.802,9.64035,9.64249,1.00,1.00
2016.01.14 11:31:46.167,9.64044,9.64256,1.00,1.00
2016.01.14 11:31:46.471,9.64036,9.64248,1.00,1.00
2016.01.14 11:31:46.675,9.64029,9.64243,1.00,1.00
2016.01.14 11:31:46.726,9.64016,9.64228,1.00,1.00
2016.01.14 11:31:47.031,9.64036,9.64248,1.00,1.00
2016.01.14 11:31:47.365,9.64017,9.64229,1.00,1.00
2016.01.14 11:31:47.726,9.64037,9.64249,1.00,1.50
2016.01.14 11:31:48.152,9.64019,9.64231,1.00,1.00
2016.01.14 11:31:48.305,9.6402,9.64234,1.00,1.00
2016.01.14 11:31:48.407,9.64037,9.64249,1.00,1.00
2016.01.14 11:31:48.712,9.64043,9.64255,1.00,1.00
2016.01.14 11:31:49.016,9.64039,9.64251,1.00,1.00
2016.01.14 11:31:49.357,9.64019,9.64231,1.00,1.00
2016.01.14 11:31:49.662,9.64039,9.64241,1.00,1.00
2016.01.14 11:31:49.814,9.6402,9.64234,1.00,1.00
2016.01.14 11:31:49.916,9.64039,9.64241,1.00,1.00
2016.01.14 11:31:50.018,9.64021,9.64233,1.00,1.00
2016.01.14 11:31:50.185,9.64039,9.64241,1.00,1.00
2016.01.14 11:31:50.338,9.64022,9.64234,1.50,1.00
2016.01.14 11:31:50.541,9.64039,9.64241,1.00,1.00
2016.01.14 11:31:50.644,9.64023,9.64235,1.00,1.00
2016.01.14 11:31:50.745,9.6404,9.64241,1.00,1.00
2016.01.14 11:31:50.949,9.64021,9.64233,1.00,1.00
2016.01.14 11:31:51.018,9.64035,9.64241,1.00,1.00
2016.01.14 11:31:51.121,9.64024,9.64236,1.00,1.00
2016.01.14 11:31:51.222,9.64041,9.64241,1.00,1.00
2016.01.14 11:31:51.324,9.64033,9.64241,1.00,1.00
2016.01.14 11:31:51.426,9.64017,9.64229,1.00,1.00
2016.01.14 11:31:51.528,9.64033,9.64241,1.00,1.00
2016.01.14 11:31:52.012,9.64016,9.64228,1.00,1.00
2016.01.14 11:31:52.215,9.64033,9.64241,1.00,1.00
2016.01.14 11:31:52.622,9.64014,9.64226,1.00,1.00
2016.01.14 11:31:52.884,9.64033,9.64241,1.00,1.00
2016.01.14 11:31:52.936,9.64015,9.64229,1.00,1.00
2016.01.14 11:31:53.038,9.64032,9.64241,1.00,1.00
2016.01.14 11:31:53.241,9.64014,9.64226,1.00,1.00
2016.01.14 11:31:53.445,9.64034,9.64241,1.00,1.00
2016.01.14 11:31:53.725,9.64015,9.64227,1.00,1.00
2016.01.14 11:31:53.827,9.64033,9.64241,1.00,1.00
2016.01.14 11:31:53.929,9.64015,9.64227,1.00,1.00
2016.01.14 11:31:54.032,9.64033,9.64241,1.00,1.00
2016.01.14 11:31:54.235,9.64014,9.64228,1.00,1.00
2016.01.14 11:31:54.337,9.64034,9.64241,1.00,1.00
2016.01.14 11:31:54.656,9.64015,9.64227,1.00,1.00
2016.01.14 11:31:55.039,9.64034,9.64241,1.00,1.00
2016.01.14 11:31:55.243,9.64016,9.64228,1.00,1.00
2016.01.14 11:31:55.345,9.64033,9.64241,1.00,1.00
2016.01.14 11:31:55.502,9.64016,9.64228,1.00,1.00
2016.01.14 11:31:55.553,9.64034,9.64241,1.00,1.00
2016.01.14 11:31:55.859,9.64016,9.64228,1.00,1.00
2016.01.14 11:31:55.961,9.64034,9.64241,1.00,1.00
2016.01.14 11:31:56.062,9.64016,9.64228,1.00,1.00
2016.01.14 11:31:56.340,9.64035,9.64241,1.00,1.00
2016.01.14 11:31:56.564,9.64016,9.64228,1.00,1.00
2016.01.14 11:31:56.666,9.64034,9.64241,1.00,1.00
2016.01.14 11:31:56.981,9.64016,9.64228,1.00,1.00
2016.01.14 11:31:57.083,9.64035,9.64241,1.00,1.00
2016.01.14 11:31:57.337,9.64016,9.64228,1.00,1.00
2016.01.14 11:31:57.539,9.64034,9.64241,1.00,1.00
2016.01.14 11:31:57.640,9.64016,9.64228,1.00,1.00
2016.01.14 11:31:58.372,9.64034,9.64241,1.00,1.00
2016.01.14 11:31:58.524,9.64015,9.64229,1.00,1.00
2016.01.14 11:31:58.576,9.64034,9.64241,1.00,1.07
2016.01.14 11:31:58.956,9.64016,9.64228,1.00,1.00
2016.01.14 11:31:59.058,9.64034,9.64241,1.00,1.00
2016.01.14 11:31:59.604,9.64035,9.64241,1.00,1.00
2016.01.14 11:31:59.655,9.64016,9.64228,1.00,1.00
2016.01.14 11:31:59.757,9.64034,9.64241,1.00,1.00
2016.01.14 11:31:59.960,9.64016,9.64228,1.00,1.00
2016.01.14 11:32:00.062,9.64034,9.64241,1.00,1.00
2016.01.14 11:32:00.497,9.64016,9.64228,1.00,1.00
2016.01.14 11:32:00.650,9.64034,9.64241,1.00,1.00
2016.01.14 11:32:01.497,9.64016,9.64228,1.00,1.00
2016.01.14 11:32:01.751,9.64033,9.64241,1.00,1.00
2016.01.14 11:32:01.853,9.64016,9.64228,1.00,1.00
2016.01.14 11:32:01.955,9.64033,9.64241,1.00,1.00
2016.01.14 11:32:02.057,9.64017,9.64229,1.00,1.00
2016.01.14 11:32:02.159,9.64035,9.64241,1.00,1.00
2016.01.14 11:32:02.262,9.64021,9.64233,1.00,1.00
2016.01.14 11:32:02.378,9.64039,9.64241,1.00,1.00
2016.01.14 11:32:02.583,9.64019,9.64228,1.00,1.00
2016.01.14 11:32:02.635,9.64016,9.64228,1.00,1.00
2016.01.14 11:32:02.686,9.64034,9.64241,1.00,1.00
2016.01.14 11:32:02.789,9.64016,9.64228,1.00,1.00
2016.01.14 11:32:03.077,9.64032,9.64241,1.00,1.00
2016.01.14 11:32:03.361,9.64017,9.64229,1.00,1.00
2016.01.14 11:32:03.463,9.64015,9.64227,1.00,1.00
2016.01.14 11:32:03.778,9.64032,9.64241,1.00,1.00
2016.01.14 11:32:04.059,9.64018,9.6423,1.00,1.00
2016.01.14 11:32:04.161,9.64043,9.64241,1.00,1.00
2016.01.14 11:32:04.305,9.64023,9.64235,1.50,1.00
2016.01.14 11:32:04.970,9.64038,9.64241,1.00,1.00
2016.01.14 11:32:05.072,9.64019,9.64231,1.00,1.00
2016.01.14 11:32:05.230,9.64038,9.64241,1.00,1.00
2016.01.14 11:32:05.387,9.64022,9.64234,1.00,1.00
2016.01.14 11:32:05.489,9.64042,9.64241,1.00,1.00
2016.01.14 11:32:05.687,9.64022,9.64234,1.50,1.00
2016.01.14 11:32:05.907,9.64042,9.64241,1.00,1.00
2016.01.14 11:32:06.009,9.64022,9.64235,1.00,1.00
2016.01.14 11:32:06.125,9.64042,9.64241,1.00,1.00
2016.01.14 11:32:06.278,9.64024,9.64236,1.00,1.00
2016.01.14 11:32:06.380,9.64018,9.6423,1.00,1.00
2016.01.14 11:32:06.685,9.64041,9.64241,1.00,1.00
2016.01.14 11:32:06.788,9.64027,9.64239,1.00,1.00
2016.01.14 11:32:07.576,9.64008,9.6422,1.00,1.00
2016.01.14 11:32:07.678,9.64024,9.64238,1.00,1.00
2016.01.14 11:32:07.780,9.6404,9.64241,1.00,1.00
2016.01.14 11:32:08.204,9.6402,9.6423,1.00,1.00
2016.01.14 11:32:08.255,9.64018,9.6423,1.00,1.00
2016.01.14 11:32:08.306,9.64035,9.64241,1.00,1.00
2016.01.14 11:32:08.459,9.64009,9.64221,1.00,1.00
2016.01.14 11:32:08.510,9.64031,9.64241,1.00,1.50
2016.01.14 11:32:09.372,9.64017,9.64229,1.00,1.00
2016.01.14 11:32:09.673,9.64031,9.64241,1.00,1.00
2016.01.14 11:32:09.774,9.64015,9.64227,1.00,1.00
2016.01.14 11:32:09.876,9.64016,9.6423,1.00,1.00
2016.01.14 11:32:09.978,9.64031,9.64241,1.00,1.00
2016.01.14 11:32:10.080,9.64013,9.64225,1.00,1.00
2016.01.14 11:32:10.245,9.64027,9.64239,1.00,1.00
2016.01.14 11:32:10.549,9.6403,9.64241,1.00,1.00
2016.01.14 11:32:10.701,9.64012,9.64226,1.00,1.00
2016.01.14 11:32:10.803,9.64031,9.64241,1.00,1.00
2016.01.14 11:32:10.905,9.64016,9.64228,1.00,1.00
2016.01.14 11:32:11.007,9.64031,9.64241,1.00,1.00
2016.01.14 11:32:11.226,9.64016,9.64228,1.00,1.00
2016.01.14 11:32:11.684,9.64031,9.64241,1.00,1.00
2016.01.14 11:32:11.887,9.64016,9.64228,1.00,1.00
2016.01.14 11:32:11.989,9.6403,9.64241,1.00,1.00
2016.01.14 11:32:12.206,9.64017,9.64229,1.00,1.00
2016.01.14 11:32:12.308,9.64031,9.64241,1.00,1.00
2016.01.14 11:32:13.186,9.64017,9.64229,1.00,1.00
2016.01.14 11:32:13.718,9.64031,9.64241,1.00,1.00
2016.01.14 11:32:13.820,9.64013,9.64225,1.00,1.00
2016.01.14 11:32:13.922,9.64031,9.64241,1.00,1.00
2016.01.14 11:32:14.226,9.64016,9.64228,1.00,1.00
2016.01.14 11:32:14.328,9.64031,9.64241,1.00,1.00
2016.01.14 11:32:14.582,9.64014,9.64228,1.00,1.00
2016.01.14 11:32:15.225,9.64031,9.64241,1.00,1.00
2016.01.14 11:32:15.327,9.64013,9.64225,1.00,1.00
2016.01.14 11:32:16.194,9.64031,9.64241,1.00,1.00
2016.01.14 11:32:16.295,9.64013,9.64225,1.00,1.00
2016.01.14 11:32:16.632,9.64031,9.64241,1.00,1.00
2016.01.14 11:32:17.234,9.64014,9.64226,1.00,1.00
2016.01.14 11:32:17.336,9.64031,9.64241,1.00,1.00
2016.01.14 11:32:17.438,9.64028,9.6424,1.00,1.00
2016.01.14 11:32:17.540,9.64011,9.64223,1.00,1.00
2016.01.14 11:32:17.822,9.64027,9.64241,1.00,1.50
2016.01.14 11:32:17.924,9.64011,9.64223,1.00,1.00
2016.01.14 11:32:18.228,9.64027,9.64239,1.00,1.00
2016.01.14 11:32:18.557,9.64011,9.64223,1.00,1.00
2016.01.14 11:32:18.863,9.6403,9.64241,1.00,1.00
2016.01.14 11:32:19.140,9.64012,9.64224,1.00,1.00
2016.01.14 11:32:19.242,9.6401,9.64222,1.00,1.00
2016.01.14 11:32:19.638,9.64028,9.6424,1.00,1.00
2016.01.14 11:32:19.740,9.64009,9.64223,1.00,1.00
2016.01.14 11:32:19.943,9.64028,9.6424,1.00,1.00
2016.01.14 11:32:20.261,9.64011,9.64223,1.00,1.00
2016.01.14 11:32:20.633,9.64031,9.64241,1.00,1.00
2016.01.14 11:32:20.735,9.64016,9.64228,1.00,1.00
2016.01.14 11:32:20.837,9.6404,9.64241,1.00,1.00
2016.01.14 11:32:20.939,9.64025,9.64237,1.00,1.00
2016.01.14 11:32:21.142,9.64005,9.64214,1.00,1.00
2016.01.14 11:32:21.193,9.64002,9.64214,1.00,1.00
2016.01.14 11:32:21.244,9.64006,9.64218,1.00,1.00
2016.01.14 11:32:21.560,9.64037,9.64241,1.00,1.00
2016.01.14 11:32:21.713,9.64019,9.64231,1.00,1.00
2016.01.14 11:32:21.917,9.6404,9.64241,1.00,1.00
2016.01.14 11:32:22.019,9.64038,9.64241,1.00,1.00
2016.01.14 11:32:22.121,9.6402,9.64232,1.00,1.00
2016.01.14 11:32:22.397,9.64037,9.64241,1.00,1.00
2016.01.14 11:32:22.449,9.64019,9.64231,1.00,1.00
2016.01.14 11:32:22.658,9.64026,9.64238,1.00,1.00
2016.01.14 11:32:22.962,9.64,9.64212,1.00,1.00
2016.01.14 11:32:23.276,9.63988,9.642,1.00,1.00
2016.01.14 11:32:23.762,9.64011,9.64225,1.00,1.00
2016.01.14 11:32:23.814,9.63993,9.64205,1.00,1.00
2016.01.14 11:32:24.168,9.64017,9.64229,1.00,1.00
2016.01.14 11:32:24.477,9.64002,9.64214,1.00,1.00
2016.01.14 11:32:24.781,9.64006,9.64218,1.00,1.00
2016.01.14 11:32:25.100,9.64021,9.64233,1.00,1.00
2016.01.14 11:32:25.221,9.64004,9.64218,1.00,1.00
2016.01.14 11:32:25.323,9.6402,9.64234,1.00,1.00
2016.01.14 11:32:25.839,9.64005,9.64217,1.00,1.00
2016.01.14 11:32:26.335,9.64022,9.64234,1.00,1.00
2016.01.14 11:32:27.347,9.64006,9.64218,1.00,1.00
2016.01.14 11:32:27.692,9.64021,9.64233,1.00,1.00
2016.01.14 11:32:28.158,9.64005,9.64217,1.00,1.00
2016.01.14 11:32:28.624,9.64022,9.64234,1.00,1.00
2016.01.14 11:32:29.029,9.64006,9.64218,1.00,1.00
2016.01.14 11:32:29.131,9.64021,9.64235,1.00,1.00
2016.01.14 11:32:29.233,9.64005,9.64217,1.00,1.00
2016.01.14 11:32:29.654,9.6402,9.64232,1.00,1.00
2016.01.14 11:32:29.976,9.64001,9.64213,1.00,1.00
2016.01.14 11:32:30.639,9.64018,9.6423,1.00,1.00
2016.01.14 11:32:31.047,9.64003,9.64215,1.00,1.00
2016.01.14 11:32:31.353,9.64019,9.64231,1.00,1.00
2016.01.14 11:32:31.673,9.63998,9.6421,1.00,1.00
2016.01.14 11:32:32.044,9.64017,9.64229,1.00,1.00
2016.01.14 11:32:32.349,9.64002,9.64214,1.00,1.00
2016.01.14 11:32:32.828,9.64006,9.64218,1.00,1.00
2016.01.14 11:32:33.559,9.64022,9.64234,1.00,1.00
2016.01.14 11:32:33.864,9.64035,9.64247,1.00,1.00
2016.01.14 11:32:34.170,9.64013,9.64225,1.00,1.00
2016.01.14 11:32:34.373,9.6403,9.64244,1.00,1.00
2016.01.14 11:32:34.744,9.64012,9.64226,1.00,1.00
2016.01.14 11:32:35.050,9.64031,9.64243,1.00,1.00
2016.01.14 11:32:35.354,9.64013,9.64225,1.00,1.00
2016.01.14 11:32:35.990,9.64031,9.64243,1.00,1.00
2016.01.14 11:32:36.153,9.64012,9.64226,1.00,1.00
2016.01.14 11:32:36.255,9.64031,9.64243,1.00,1.00
2016.01.14 11:32:36.561,9.64013,9.64225,1.00,1.00
2016.01.14 11:32:37.377,9.64031,9.64243,1.00,1.00
2016.01.14 11:32:37.717,9.64013,9.64225,1.00,1.00
2016.01.14 11:32:38.072,9.64031,9.64243,1.00,1.00
2016.01.14 11:32:38.354,9.64012,9.64226,1.00,1.00
2016.01.14 11:32:38.455,9.64031,9.64243,1.00,1.00
2016.01.14 11:32:38.766,9.64013,9.64225,1.00,1.00
2016.01.14 11:32:39.128,9.64032,9.64244,1.00,1.00
2016.01.14 11:32:39.433,9.64017,9.64226,1.00,1.00
2016.01.14 11:32:39.557,9.64013,9.64227,1.00,1.00
2016.01.14 11:32:40.166,9.64013,9.64225,1.00,1.00
2016.01.14 11:32:40.495,9.64032,9.64244,1.00,1.00
2016.01.14 11:32:41.075,9.64014,9.64226,1.00,1.00
2016.01.14 11:32:41.412,9.64018,9.6423,1.00,1.00
2016.01.14 11:32:41.727,9.64012,9.64221,1.00,1.00
2016.01.14 11:32:41.778,9.64032,9.64244,1.00,1.00
2016.01.14 11:32:42.955,9.64032,9.64244,1.00,1.15
2016.01.14 11:32:43.282,9.64018,9.6423,1.00,1.00
2016.01.14 11:32:43.383,9.64001,9.64213,1.00,1.00
2016.01.14 11:32:43.706,9.64018,9.6423,1.00,1.00
2016.01.14 11:32:44.984,9.64037,9.64249,1.00,1.15
2016.01.14 11:32:45.086,9.64021,9.64233,1.00,1.00
2016.01.14 11:32:45.187,9.64036,9.6425,1.00,1.15
2016.01.14 11:32:45.290,9.64021,9.64233,1.00,1.00
2016.01.14 11:32:45.392,9.64037,9.64249,1.00,1.15
2016.01.14 11:32:45.886,9.64021,9.64233,1.00,1.00
2016.01.14 11:32:46.891,9.64038,9.6425,1.00,1.15
2016.01.14 11:32:46.993,9.64021,9.64233,1.00,1.00
2016.01.14 11:32:47.394,9.64036,9.6425,1.00,1.15
2016.01.14 11:32:48.409,9.64021,9.64233,1.00,1.00
2016.01.14 11:32:48.793,9.64038,9.6425,1.00,1.15
2016.01.14 11:32:48.895,9.64021,9.64233,1.00,1.00
2016.01.14 11:32:49.894,9.64038,9.6425,1.00,1.15
2016.01.14 11:32:49.996,9.64021,9.64233,1.00,1.00
2016.01.14 11:32:50.098,9.64037,9.64249,1.00,1.15
2016.01.14 11:32:50.430,9.64021,9.64233,1.00,1.00
2016.01.14 11:32:51.916,9.64038,9.6425,1.00,1.15
2016.01.14 11:32:52.220,9.64021,9.64233,1.00,1.00
2016.01.14 11:32:53.026,9.64037,9.64241,1.00,1.00
2016.01.14 11:32:54.616,9.64058,9.64249,1.00,1.00
2016.01.14 11:32:54.717,9.64078,9.6429,1.00,1.00
2016.01.14 11:32:54.820,9.64064,9.64276,1.00,1.00
2016.01.14 11:32:54.972,9.64081,9.64295,1.00,1.00
2016.01.14 11:32:55.124,9.64099,9.64295,1.12,1.00
2016.01.14 11:32:55.929,9.64099,9.64279,1.12,1.00
2016.01.14 11:32:56.332,9.64083,9.64295,1.00,1.00
2016.01.14 11:32:56.433,9.64067,9.64279,1.00,1.00
2016.01.14 11:32:56.738,9.64029,9.64196,1.00,1.00
2016.01.14 11:32:57.042,9.64023,9.64235,1.00,1.00
2016.01.14 11:32:57.093,9.64023,9.64235,1.00,1.12
2016.01.14 11:32:57.613,9.64008,9.6422,1.00,1.00
2016.01.14 11:32:58.444,9.64023,9.64235,1.00,1.12
2016.01.14 11:32:58.742,9.64008,9.64222,1.00,1.00
2016.01.14 11:32:58.945,9.64023,9.64235,1.00,1.12
2016.01.14 11:32:59.302,9.64023,9.64235,1.00,1.00
2016.01.14 11:32:59.353,9.64041,9.64241,1.00,1.00
2016.01.14 11:32:59.556,9.64027,9.64239,1.00,1.00
2016.01.14 11:32:59.721,9.64045,9.64241,1.00,1.00
2016.01.14 11:33:00.818,9.64025,9.64237,1.00,1.00
2016.01.14 11:33:00.962,9.64042,9.64241,1.00,1.00
2016.01.14 11:33:01.367,9.64042,9.64254,1.00,1.00
2016.01.14 11:33:01.419,9.64026,9.64238,1.00,1.00
2016.01.14 11:33:01.727,9.64044,9.64256,1.00,1.00
2016.01.14 11:33:02.074,9.64026,9.64238,1.00,1.00
2016.01.14 11:33:02.381,9.64029,9.64241,1.00,1.00
2016.01.14 11:33:02.686,9.64044,9.64256,1.00,1.00
2016.01.14 11:33:03.017,9.64025,9.64237,1.00,1.00
2016.01.14 11:33:03.463,9.64042,9.64256,1.00,1.00
2016.01.14 11:33:03.624,9.64025,9.64237,1.00,1.00
2016.01.14 11:33:04.116,9.64045,9.64253,1.00,1.00
2016.01.14 11:33:04.320,9.64055,9.64266,1.00,1.00
2016.01.14 11:33:04.523,9.64045,9.64249,1.00,1.00
2016.01.14 11:33:04.869,9.64056,9.64266,1.00,1.00
2016.01.14 11:33:05.170,9.64045,9.64251,1.00,1.00
2016.01.14 11:33:07.580,9.64045,9.64246,1.00,1.00
2016.01.14 11:33:07.631,9.64039,9.64246,1.00,1.00
2016.01.14 11:33:08.138,9.64039,9.64251,1.00,1.00
2016.01.14 11:33:08.838,9.64045,9.64251,1.00,1.00
2016.01.14 11:33:08.940,9.64052,9.64266,1.00,1.00
2016.01.14 11:33:09.041,9.64045,9.64251,1.00,1.00
2016.01.14 11:33:09.295,9.64039,9.64251,1.00,1.00
2016.01.14 11:33:12.849,9.64039,9.64246,1.00,1.00
2016.01.14 11:33:13.093,9.64039,9.64251,1.00,1.00
2016.01.14 11:33:13.681,9.64026,9.64238,1.07,1.00
2016.01.14 11:33:13.799,9.6404,9.64252,1.00,1.00
2016.01.14 11:33:14.282,9.6404,9.64247,1.00,1.00
2016.01.14 11:33:14.600,9.6404,9.64247,1.45,1.00
2016.01.14 11:33:14.651,9.6404,9.64252,1.45,1.00
2016.01.14 11:33:14.702,9.64054,9.64266,1.07,1.00
2016.01.14 11:33:14.958,9.64037,9.64249,1.45,1.00
2016.01.14 11:33:15.310,9.64045,9.64249,1.45,1.00
2016.01.14 11:33:15.463,9.64045,9.64249,1.37,1.00
2016.01.14 11:33:16.600,9.64037,9.64231,1.45,1.00
2016.01.14 11:33:16.707,9.6404,9.64252,1.45,1.00
2016.01.14 11:33:16.809,9.6404,9.64252,1.87,1.00
2016.01.14 11:33:17.221,9.6404,9.64252,1.45,1.00
2016.01.14 11:33:18.224,9.64049,9.64252,1.45,1.00
2016.01.14 11:33:19.878,9.6404,9.64252,1.45,1.00
2016.01.14 11:33:19.979,9.64032,9.64237,1.12,1.00
2016.01.14 11:33:20.214,9.64038,9.64252,1.45,1.00
2016.01.14 11:33:23.381,9.64032,9.64237,1.12,1.00
2016.01.14 11:33:23.483,9.64039,9.64253,1.45,1.00
2016.01.14 11:33:23.585,9.64032,9.64235,1.12,1.00
2016.01.14 11:33:23.687,9.64039,9.64251,1.45,1.00
2016.01.14 11:33:24.400,9.64039,9.64234,1.12,1.00
2016.01.14 11:33:24.519,9.64042,9.64256,1.82,1.00
2016.01.14 11:33:24.621,9.64042,9.64256,1.45,1.50
2016.01.14 11:33:24.726,9.64037,9.64239,1.45,1.00
2016.01.14 11:33:25.024,9.64043,9.64255,1.45,1.00
2016.01.14 11:33:25.125,9.64037,9.64239,1.45,1.00
2016.01.14 11:33:25.687,9.64049,9.64255,1.37,1.00
2016.01.14 11:33:25.842,9.64049,9.64255,1.45,1.00
2016.01.14 11:33:26.156,9.64043,9.64255,1.45,1.00
2016.01.14 11:33:26.207,9.64032,9.64239,1.12,1.00
2016.01.14 11:33:26.827,9.64032,9.64238,1.12,1.00
2016.01.14 11:33:27.105,9.64046,9.64258,1.37,1.50
2016.01.14 11:33:27.358,9.64046,9.64258,1.45,1.00
2016.01.14 11:33:27.663,9.64032,9.64242,1.12,1.00
2016.01.14 11:33:27.714,9.64032,9.64242,1.12,1.00
2016.01.14 11:33:27.895,9.64046,9.64256,1.37,1.00
2016.01.14 11:33:27.998,9.64032,9.64239,1.12,1.00
2016.01.14 11:33:28.207,9.64042,9.64254,1.45,1.00
2016.01.14 11:33:28.678,9.64042,9.64254,1.82,1.00
2016.01.14 11:33:29.118,9.64042,9.64254,1.45,1.00
2016.01.14 11:33:29.220,9.64037,9.64238,1.45,1.00
2016.01.14 11:33:30.225,9.64049,9.64256,1.37,1.00
2016.01.14 11:33:30.329,9.64049,9.64256,1.45,1.00
2016.01.14 11:33:30.685,9.64049,9.64256,1.37,1.00
2016.01.14 11:33:30.737,9.64049,9.64241,1.37,1.00
2016.01.14 11:33:30.838,9.64049,9.64255,1.37,1.00
2016.01.14 11:33:31.665,9.64049,9.64255,1.45,1.00
2016.01.14 11:33:32.178,9.64049,9.64255,1.37,1.00
2016.01.14 11:33:32.229,9.64049,9.64241,1.37,1.00
2016.01.14 11:33:32.555,9.64031,9.64238,1.12,1.00
2016.01.14 11:33:32.606,9.64047,9.64259,1.37,1.00
2016.01.14 11:33:32.825,9.64031,9.64243,1.87,1.00
2016.01.14 11:33:33.436,9.64049,9.64257,1.37,1.00
2016.01.14 11:33:33.538,9.64049,9.64257,1.45,1.00
2016.01.14 11:33:33.614,9.64049,9.64257,1.45,1.00
2016.01.14 11:33:33.716,9.64032,9.64243,1.12,1.00
2016.01.14 11:33:33.926,9.64048,9.6426,1.37,1.00
2016.01.14 11:33:35.235,9.64044,9.64243,1.47,1.00
2016.01.14 11:33:35.645,9.64048,9.6426,1.37,1.00
2016.01.14 11:33:35.947,9.64044,9.64243,1.47,1.00
2016.01.14 11:33:36.550,9.64046,9.64258,1.37,1.00
2016.01.14 11:33:36.723,9.64032,9.64243,1.12,1.00
2016.01.14 11:33:36.825,9.64049,9.64261,1.37,1.00
2016.01.14 11:33:36.927,9.64032,9.64244,1.87,1.00
2016.01.14 11:33:37.255,9.64049,9.64261,1.37,1.00
2016.01.14 11:33:37.915,9.64049,9.64261,1.95,1.00
2016.01.14 11:33:38.220,9.64049,9.64245,1.45,1.00
2016.01.14 11:33:38.372,9.64049,9.64245,1.37,1.00
2016.01.14 11:33:39.463,9.64045,9.64245,1.45,1.00
2016.01.14 11:33:39.565,9.64047,9.64259,1.45,1.00
2016.01.14 11:33:39.666,9.64045,9.64246,1.45,1.00
2016.01.14 11:33:39.768,9.64046,9.6426,1.45,1.00
2016.01.14 11:33:39.920,9.64032,9.64244,1.87,1.00
2016.01.14 11:33:40.055,9.64046,9.64258,1.37,1.00
2016.01.14 11:33:40.635,9.64032,9.64244,1.87,1.00
2016.01.14 11:33:40.967,9.64048,9.6426,1.37,1.00
2016.01.14 11:33:41.120,9.64048,9.6426,1.45,1.00
2016.01.14 11:33:41.457,9.64045,9.64241,1.37,1.00
2016.01.14 11:33:41.761,9.64045,9.64257,1.87,1.00
2016.01.14 11:33:41.970,9.64045,9.64241,1.37,1.00
2016.01.14 11:33:42.431,9.64047,9.64261,1.45,1.00
2016.01.14 11:33:42.876,9.64047,9.64261,1.37,1.00
2016.01.14 11:33:42.927,9.64045,9.64241,1.37,1.00
2016.01.14 11:33:43.477,9.64043,9.64255,1.45,1.00
2016.01.14 11:33:43.934,9.64032,9.64239,1.12,1.00
2016.01.14 11:33:44.036,9.64049,9.64253,1.37,1.00
2016.01.14 11:33:44.188,9.64049,9.64253,1.45,1.00
2016.01.14 11:33:44.239,9.64055,9.64269,1.37,1.00
2016.01.14 11:33:44.341,9.64049,9.64254,1.45,1.00
2016.01.14 11:33:44.550,9.64059,9.64271,1.37,1.00
2016.01.14 11:33:44.653,9.64049,9.64257,1.37,1.00
2016.01.14 11:33:44.941,9.64061,9.64273,1.07,1.00
2016.01.14 11:33:45.043,9.64046,9.64258,1.37,1.00
2016.01.14 11:33:45.145,9.64065,9.64277,1.00,1.00
2016.01.14 11:33:45.247,9.64044,9.64256,1.47,1.00
2016.01.14 11:33:45.349,9.64069,9.64283,1.00,1.00
2016.01.14 11:33:45.755,9.64051,9.64263,1.45,1.00
2016.01.14 11:33:45.874,9.64072,9.64284,1.10,1.00
2016.01.14 11:33:46.288,9.64056,9.64268,1.07,1.00
2016.01.14 11:33:46.390,9.64072,9.64284,1.00,1.00
2016.01.14 11:33:46.542,9.64052,9.64264,1.12,1.00
2016.01.14 11:33:46.644,9.64067,9.64281,1.00,1.00
2016.01.14 11:33:46.746,9.64052,9.64264,1.12,1.00
2016.01.14 11:33:46.848,9.64056,9.64268,1.07,1.00
2016.01.14 11:33:46.950,9.6405,9.64262,1.37,1.00
2016.01.14 11:33:47.172,9.64063,9.64277,1.07,1.00
2016.01.14 11:33:47.275,9.64063,9.64277,1.07,1.00
2016.01.14 11:33:47.733,9.64063,9.64277,1.10,1.00
2016.01.14 11:33:48.095,9.6405,9.64262,1.37,1.00
2016.01.14 11:33:48.146,9.64063,9.64277,1.10,1.00
2016.01.14 11:33:48.248,9.64047,9.64259,1.37,1.00
2016.01.14 11:33:48.696,9.64047,9.64259,1.45,1.00
2016.01.14 11:33:48.747,9.64072,9.64284,1.10,1.00
2016.01.14 11:33:48.849,9.64056,9.64268,1.37,1.00
2016.01.14 11:33:48.951,9.64072,9.64284,1.10,1.00
2016.01.14 11:33:49.245,9.64072,9.6428,1.00,1.00
2016.01.14 11:33:49.397,9.64064,9.64276,1.10,1.00
2016.01.14 11:33:49.451,9.64048,9.6426,1.37,1.00
2016.01.14 11:33:49.976,9.64063,9.64275,1.07,1.00
2016.01.14 11:33:50.079,9.64048,9.6426,1.37,1.00
2016.01.14 11:33:50.355,9.64063,9.64275,1.07,1.00
2016.01.14 11:33:50.457,9.64049,9.64261,1.95,1.00
2016.01.14 11:33:50.759,9.64055,9.64266,1.07,1.00
2016.01.14 11:33:50.860,9.64049,9.64253,1.37,1.00
2016.01.14 11:33:51.366,9.64059,9.64266,1.07,1.00
2016.01.14 11:33:51.621,9.64059,9.64271,1.07,1.00
2016.01.14 11:33:51.672,9.64059,9.64271,1.37,1.00
2016.01.14 11:33:51.986,9.64059,9.64271,1.00,1.00
2016.01.14 11:33:52.038,9.64059,9.64247,1.00,1.00
2016.01.14 11:33:52.291,9.64043,9.64247,1.00,1.00
2016.01.14 11:33:52.393,9.64026,9.64238,1.00,1.00
2016.01.14 11:33:52.495,9.64041,9.64247,1.00,1.00
2016.01.14 11:33:52.781,9.64032,9.64246,1.00,1.00
2016.01.14 11:33:53.197,9.64048,9.64262,1.00,1.00
2016.01.14 11:33:53.808,9.64033,9.64245,1.00,1.00
2016.01.14 11:33:53.909,9.64049,9.64263,1.00,1.00
2016.01.14 11:33:54.178,9.64036,9.64248,1.00,1.00
2016.01.14 11:33:54.493,9.64049,9.64261,1.00,1.00
2016.01.14 11:33:54.826,9.64035,9.64247,1.00,1.00
2016.01.14 11:33:55.266,9.64035,9.64247,1.00,1.60
2016.01.14 11:33:55.817,9.64035,9.64247,1.00,1.60
2016.01.14 11:33:56.016,9.64049,9.64261,1.00,1.60
2016.01.14 11:33:56.377,9.64049,9.64261,1.00,1.60
2016.01.14 11:33:56.549,9.64034,9.64246,1.00,1.60
2016.01.14 11:33:56.600,9.64049,9.64261,1.00,1.60
2016.01.14 11:33:56.897,9.64035,9.64247,1.00,1.60
2016.01.14 11:33:57.368,9.64035,9.64247,1.00,1.60
2016.01.14 11:33:57.699,9.64049,9.64261,1.00,1.60
2016.01.14 11:33:58.008,9.64049,9.64261,1.00,1.60
2016.01.14 11:33:58.059,9.64049,9.64261,1.00,1.60
2016.01.14 11:33:58.211,9.64035,9.64247,1.00,1.60
2016.01.14 11:33:58.313,9.64048,9.64262,1.00,1.60
2016.01.14 11:33:58.787,9.64048,9.64262,1.00,1.00
2016.01.14 11:33:58.889,9.64035,9.64247,1.00,1.00
2016.01.14 11:33:59.195,9.64049,9.64261,1.00,1.00
2016.01.14 11:33:59.814,9.64034,9.64246,1.00,1.00
2016.01.14 11:34:00.116,9.64049,9.64261,1.00,1.00
2016.01.14 11:34:00.420,9.64049,9.64261,1.00,1.52
2016.01.14 11:34:00.523,9.64033,9.64247,1.00,1.52
2016.01.14 11:34:00.624,9.64048,9.6426,1.00,1.52
2016.01.14 11:34:00.793,9.64034,9.64246,1.00,1.27
2016.01.14 11:34:00.979,9.64048,9.6426,1.00,1.52
2016.01.14 11:34:01.481,9.64034,9.64246,1.00,1.27
2016.01.14 11:34:01.607,9.64048,9.6426,1.00,1.52
2016.01.14 11:34:01.986,9.64034,9.64246,1.00,1.27
2016.01.14 11:34:02.305,9.64049,9.64261,1.00,1.52
2016.01.14 11:34:02.684,9.64033,9.64247,1.00,1.52
2016.01.14 11:34:03.817,9.64048,9.6426,1.00,1.52
2016.01.14 11:34:03.919,9.6403,9.64242,1.00,1.00
2016.01.14 11:34:04.020,9.64044,9.64256,1.00,1.52
2016.01.14 11:34:04.733,9.64059,9.64271,1.00,1.52
2016.01.14 11:34:04.834,9.64034,9.64246,1.00,1.27
2016.01.14 11:34:04.885,9.64056,9.64268,1.00,1.00
2016.01.14 11:34:05.200,9.6405,9.64262,1.00,1.00
2016.01.14 11:34:05.521,9.6405,9.64264,1.00,1.00
2016.01.14 11:34:05.623,9.64032,9.64244,1.00,1.00
2016.01.14 11:34:06.101,9.64051,9.64263,1.00,1.52
2016.01.14 11:34:06.304,9.64035,9.64249,1.00,1.52
2016.01.14 11:34:07.512,9.64051,9.64263,1.00,1.37
2016.01.14 11:34:07.715,9.64036,9.64248,1.00,1.37
2016.01.14 11:34:07.817,9.64051,9.64263,1.00,1.37
2016.01.14 11:34:11.123,9.64035,9.64247,1.00,1.37
2016.01.14 11:34:11.314,9.64051,9.64263,1.00,1.37
2016.01.14 11:34:11.416,9.64031,9.64243,1.00,1.00
2016.01.14 11:34:11.518,9.64045,9.64257,1.00,1.37
2016.01.14 11:34:11.619,9.64043,9.64255,1.00,1.37
2016.01.14 11:34:11.721,9.64059,9.64271,1.00,1.37
2016.01.14 11:34:12.024,9.64054,9.64268,1.00,1.37
2016.01.14 11:34:12.126,9.64039,9.64251,1.00,1.37
2016.01.14 11:34:12.228,9.64055,9.64267,1.00,1.37
2016.01.14 11:34:12.692,9.64058,9.6427,1.00,1.37
2016.01.14 11:34:13.229,9.64042,9.64254,1.00,1.37
2016.01.14 11:34:13.449,9.64058,9.6427,1.00,1.37
2016.01.14 11:34:13.731,9.64041,9.64255,1.00,1.37
2016.01.14 11:34:13.832,9.64058,9.6427,1.00,1.37
2016.01.14 11:34:14.046,9.64054,9.64266,1.00,1.37
2016.01.14 11:34:14.419,9.64039,9.64253,1.00,1.37
2016.01.14 11:34:14.533,9.64054,9.64266,1.00,1.37
2016.01.14 11:34:14.830,9.6404,9.64252,1.00,1.37
2016.01.14 11:34:14.931,9.64054,9.64266,1.00,1.37
2016.01.14 11:34:15.084,9.64059,9.64271,1.00,1.37
2016.01.14 11:34:15.135,9.64075,9.64287,1.00,1.37
2016.01.14 11:34:15.237,9.64055,9.64267,1.00,1.37
2016.01.14 11:34:15.441,9.64072,9.64284,1.00,1.37
2016.01.14 11:34:15.635,9.64058,9.6427,1.00,1.37
2016.01.14 11:34:16.845,9.64058,9.6427,1.00,1.37
2016.01.14 11:34:19.833,9.64058,9.6427,1.00,1.37
2016.01.14 11:34:21.346,9.64058,9.6427,1.00,1.37
2016.01.14 11:34:22.785,9.64058,9.64254,1.00,1.00
2016.01.14 11:34:22.836,9.64034,9.64246,1.00,1.00
2016.01.14 11:34:22.938,9.64047,9.64254,1.00,1.00
2016.01.14 11:34:23.243,9.64059,9.64254,1.00,1.00
2016.01.14 11:34:23.633,9.64077,9.64254,1.00,1.00
2016.01.14 11:34:23.955,9.64061,9.64254,1.00,1.00
2016.01.14 11:34:24.058,9.64056,9.64254,1.00,1.00
2016.01.14 11:34:24.109,9.64056,9.64246,1.00,1.00
2016.01.14 11:34:24.448,9.64058,9.64246,1.00,1.00
2016.01.14 11:34:25.126,9.64058,9.64272,1.00,1.00
2016.01.14 11:34:25.177,9.64072,9.6428,1.00,1.00
2016.01.14 11:34:25.330,9.64087,9.64299,1.00,1.00
2016.01.14 11:34:25.549,9.64105,9.64313,1.00,1.00
2016.01.14 11:34:25.651,9.64088,9.643,1.00,1.00
2016.01.14 11:34:25.756,9.64094,9.64306,1.00,1.00
2016.01.14 11:34:26.060,9.64104,9.64313,1.00,1.00
2016.01.14 11:34:27.869,9.64104,9.64316,1.00,1.00
2016.01.14 11:34:31.067,9.64118,9.64321,1.00,1.00
2016.01.14 11:34:31.169,9.64104,9.64316,1.00,1.00
2016.01.14 11:34:31.332,9.64118,9.64321,1.00,1.00
2016.01.14 11:34:31.465,9.64099,9.64311,1.00,1.00
2016.01.14 11:34:31.567,9.64118,9.64321,1.00,1.00
2016.01.14 11:34:31.668,9.64101,9.64313,1.00,1.00
2016.01.14 11:34:31.967,9.64118,9.64321,1.00,1.00
2016.01.14 11:34:32.068,9.64101,9.64313,1.00,1.00
2016.01.14 11:34:32.170,9.64102,9.64316,1.00,1.00
2016.01.14 11:34:32.271,9.64119,9.64321,1.00,1.00
2016.01.14 11:34:32.475,9.64103,9.64315,1.00,1.00
2016.01.14 11:34:33.075,9.64119,9.64321,1.00,1.00
2016.01.14 11:34:33.570,9.64103,9.64315,1.00,1.00
2016.01.14 11:34:33.672,9.64119,9.64321,1.00,1.00
2016.01.14 11:34:34.546,9.64103,9.64315,1.00,1.00
2016.01.14 11:34:34.995,9.64119,9.64321,1.00,1.00
2016.01.14 11:34:35.046,9.64103,9.64315,1.00,1.00
2016.01.14 11:34:35.148,9.64119,9.64321,1.00,1.00
2016.01.14 11:34:36.398,9.64103,9.64315,1.00,1.00
2016.01.14 11:34:36.449,9.64119,9.64321,1.00,1.00
2016.01.14 11:34:37.377,9.64098,9.64312,1.00,1.00
2016.01.14 11:34:37.970,9.64118,9.64321,1.00,1.00
2016.01.14 11:34:38.055,9.64101,9.64313,1.00,1.00
2016.01.14 11:34:38.159,9.64118,9.64321,1.00,1.00
2016.01.14 11:34:38.572,9.64101,9.64313,1.00,1.00
2016.01.14 11:34:38.674,9.64119,9.64321,1.00,1.00
2016.01.14 11:34:39.375,9.64099,9.64311,1.00,1.00
2016.01.14 11:34:39.477,9.64118,9.64321,1.00,1.00
2016.01.14 11:34:39.978,9.64103,9.64315,1.00,1.00
2016.01.14 11:34:41.063,9.64118,9.64321,1.00,1.00
2016.01.14 11:34:41.600,9.64103,9.64315,1.00,1.00
2016.01.14 11:34:41.702,9.64119,9.64321,1.00,1.00
2016.01.14 11:34:42.104,9.64103,9.64315,1.00,1.00
2016.01.14 11:34:43.089,9.64119,9.64321,1.00,1.00
2016.01.14 11:34:43.292,9.64104,9.64316,1.00,1.00
2016.01.14 11:34:43.590,9.64118,9.64321,1.00,1.00
2016.01.14 11:34:43.692,9.64102,9.64314,1.00,1.00
2016.01.14 11:34:43.913,9.64119,9.64321,1.00,1.00
2016.01.14 11:34:43.972,9.64102,9.64314,1.00,1.00
2016.01.14 11:34:44.194,9.64119,9.64321,1.00,1.00
2016.01.14 11:34:44.296,9.64102,9.64314,1.00,1.00
2016.01.14 11:34:44.473,9.64119,9.64321,1.00,1.00
2016.01.14 11:34:44.584,9.64102,9.64314,1.00,1.00
2016.01.14 11:34:45.097,9.64118,9.64321,1.00,1.00
2016.01.14 11:34:45.199,9.64103,9.64315,1.00,1.00
2016.01.14 11:34:45.301,9.64119,9.64321,1.00,1.00
2016.01.14 11:34:45.403,9.64103,9.64315,1.00,1.00
2016.01.14 11:34:46.595,9.64119,9.64321,1.00,1.00
2016.01.14 11:34:46.697,9.64103,9.64315,1.00,1.00
2016.01.14 11:34:47.096,9.64119,9.64321,1.00,1.00
2016.01.14 11:34:47.198,9.64102,9.64314,1.00,1.00
2016.01.14 11:34:47.995,9.64119,9.64321,1.00,1.00
2016.01.14 11:34:48.298,9.64104,9.64316,1.00,1.00
2016.01.14 11:34:48.400,9.64099,9.64311,1.00,1.00
2016.01.14 11:34:48.563,9.64118,9.64332,1.00,1.00
2016.01.14 11:34:48.614,9.64102,9.64314,1.00,1.00
2016.01.14 11:34:48.950,9.64119,9.64331,1.00,1.00
2016.01.14 11:34:49.278,9.64102,9.64314,1.00,1.00
2016.01.14 11:34:49.801,9.64119,9.64331,1.00,1.00
2016.01.14 11:34:49.903,9.64102,9.64316,1.00,1.00
2016.01.14 11:34:50.194,9.64119,9.64331,1.00,1.00
2016.01.14 11:34:50.583,9.64103,9.64315,1.00,1.00
2016.01.14 11:34:51.297,9.64119,9.64331,1.00,1.00
2016.01.14 11:34:51.619,9.641,9.64312,1.00,1.00
2016.01.14 11:34:52.055,9.64119,9.64331,1.00,1.50
2016.01.14 11:34:52.807,9.64101,9.64315,1.00,1.00
2016.01.14 11:34:53.297,9.64119,9.64331,1.00,1.15
2016.01.14 11:34:54.209,9.64102,9.64314,1.00,1.00
2016.01.14 11:34:54.310,9.64118,9.64332,1.00,1.15
2016.01.14 11:34:54.593,9.64118,9.64332,1.00,1.00
2016.01.14 11:34:54.694,9.64103,9.64315,1.00,1.00
2016.01.14 11:34:55.010,9.64119,9.64331,1.00,1.00
2016.01.14 11:34:55.326,9.64104,9.64316,1.00,1.00
2016.01.14 11:34:55.708,9.64119,9.64331,1.00,1.00
2016.01.14 11:34:56.069,9.64137,9.64315,1.12,1.00
2016.01.14 11:34:56.374,9.64229,9.64374,1.00,1.00
2016.01.14 11:34:56.425,9.64229,9.64423,1.00,1.00
2016.01.14 11:34:56.629,9.64231,9.64443,1.00,1.00
2016.01.14 11:34:56.833,9.64229,9.64424,1.00,1.00
2016.01.14 11:34:57.005,9.64229,9.64431,1.00,1.00
2016.01.14 11:34:57.107,9.64229,9.64428,1.00,1.00
2016.01.14 11:34:57.209,9.64269,9.64481,1.00,1.00
2016.01.14 11:34:57.311,9.64291,9.64505,1.00,1.00
2016.01.14 11:34:57.414,9.64306,9.64518,1.00,1.07
2016.01.14 11:34:57.515,9.643,9.64512,1.00,1.00
2016.01.14 11:34:57.617,9.64308,9.6452,1.00,1.00
2016.01.14 11:34:58.023,9.64297,9.64509,1.00,1.00
2016.01.14 11:34:58.188,9.64314,9.64528,1.00,1.00
2016.01.14 11:34:58.239,9.64301,9.64515,1.00,1.00
2016.01.14 11:34:58.545,9.64344,9.64558,1.00,1.00
2016.01.14 11:34:58.850,9.64343,9.64555,1.00,1.00
2016.01.14 11:34:59.154,9.6433,9.64542,1.00,1.00
2016.01.14 11:34:59.841,9.64315,9.64527,1.00,1.00
2016.01.14 11:35:00.931,9.64332,9.64544,1.00,1.00
2016.01.14 11:35:01.236,9.64314,9.64526,1.00,1.00
2016.01.14 11:35:01.541,9.64349,9.64561,1.00,1.00
2016.01.14 11:35:01.856,9.6433,9.64542,1.00,1.00
2016.01.14 11:35:02.168,9.64346,9.64558,1.00,1.00
2016.01.14 11:35:02.472,9.64337,9.64549,1.00,1.00
2016.01.14 11:35:02.801,9.64352,9.64564,1.00,1.00
2016.01.14 11:35:03.137,9.64331,9.64543,1.00,1.00
2016.01.14 11:35:03.239,9.64346,9.6456,1.00,1.00
2016.01.14 11:35:03.651,9.64331,9.64543,1.00,1.00
2016.01.14 11:35:03.956,9.64317,9.64529,1.00,1.00
2016.01.14 11:35:04.160,9.64338,9.64552,1.00,1.00
2016.01.14 11:35:04.212,9.64325,9.64537,1.00,1.00
2016.01.14 11:35:04.519,9.64306,9.64518,1.00,1.00
2016.01.14 11:35:04.823,9.6432,9.64532,1.00,1.00
2016.01.14 11:35:05.756,9.64303,9.64515,1.00,1.00
2016.01.14 11:35:06.518,9.64317,9.64529,1.00,1.00
2016.01.14 11:35:06.620,9.64302,9.64516,1.00,1.00
2016.01.14 11:35:07.260,9.64318,9.6453,1.00,1.00
2016.01.14 11:35:08.968,9.64303,9.64515,1.00,1.00
2016.01.14 11:35:11.650,9.64286,9.64498,1.00,1.00
2016.01.14 11:35:19.558,9.643,9.64512,1.00,1.00
2016.01.14 11:35:19.863,9.64286,9.64498,1.00,1.00
2016.01.14 11:35:23.895,9.64302,9.64514,1.00,1.00
2016.01.14 11:35:24.200,9.64286,9.64498,1.00,1.00
2016.01.14 11:35:26.771,9.6427,9.64484,1.00,1.00
2016.01.14 11:35:29.816,9.64285,9.64497,1.00,1.00
2016.01.14 11:35:32.378,9.6427,9.64482,1.00,1.00
2016.01.14 11:35:32.682,9.64283,9.64495,1.00,1.00
2016.01.14 11:35:33.006,9.64268,9.6448,1.00,1.00
2016.01.14 11:35:33.320,9.64285,9.64497,1.00,1.00
2016.01.14 11:35:34.078,9.64265,9.64477,1.00,1.00
2016.01.14 11:35:34.180,9.64249,9.64463,1.00,1.00
2016.01.14 11:35:34.282,9.64268,9.64482,1.00,1.00
2016.01.14 11:35:34.587,9.64286,9.64498,1.00,1.00
2016.01.14 11:35:34.689,9.64271,9.64485,1.00,1.00
2016.01.14 11:35:35.896,9.64258,9.6447,1.00,1.00
2016.01.14 11:35:36.197,9.64262,9.64474,1.00,1.00
2016.01.14 11:35:36.799,9.64279,9.64491,1.00,1.00
2016.01.14 11:35:37.724,9.64262,9.64474,1.00,1.00
2016.01.14 11:35:38.055,9.64277,9.64489,1.00,1.00
2016.01.14 11:35:38.359,9.64262,9.64474,1.00,1.00
2016.01.14 11:35:40.014,9.64278,9.6449,1.00,1.00
2016.01.14 11:35:40.719,9.64259,9.64471,1.00,1.00
2016.01.14 11:35:41.068,9.64276,9.64488,1.00,1.00
2016.01.14 11:35:41.624,9.64291,9.64505,1.00,1.00
2016.01.14 11:35:41.890,9.64278,9.6449,1.00,1.00
2016.01.14 11:35:42.215,9.64293,9.64505,1.00,1.00
2016.01.14 11:35:42.934,9.64307,9.64519,1.00,1.00
2016.01.14 11:35:43.540,9.64289,9.64501,1.00,1.00
2016.01.14 11:35:43.852,9.64312,9.64524,1.00,1.00
2016.01.14 11:35:44.157,9.64307,9.64519,1.00,1.00
2016.01.14 11:35:44.485,9.6429,9.64502,1.00,1.00
2016.01.14 11:35:49.618,9.64304,9.64516,1.00,1.00
2016.01.14 11:35:49.956,9.64287,9.64499,1.00,1.00
2016.01.14 11:35:52.453,9.6429,9.64502,1.00,1.00
2016.01.14 11:35:54.463,9.64305,9.64517,1.00,1.00
2016.01.14 11:35:54.778,9.64351,9.64563,1.00,1.00
2016.01.14 11:35:55.027,9.64382,9.64596,1.00,1.00
2016.01.14 11:35:55.132,9.64401,9.64613,1.00,1.00
2016.01.14 11:35:55.442,9.64413,9.64625,1.00,1.00
2016.01.14 11:35:55.925,9.64398,9.6461,1.00,1.00
2016.01.14 11:35:56.269,9.64435,9.64647,1.00,1.00
2016.01.14 11:36:12.484,9.64427,9.64639,1.00,1.00
2016.01.14 11:36:13.965,9.64403,9.64615,1.00,1.00
2016.01.14 11:36:21.665,9.6442,9.64632,1.00,1.00
2016.01.14 11:36:21.985,9.64396,9.64608,1.00,1.00
2016.01.14 11:36:22.290,9.6441,9.64622,1.00,1.00
2016.01.14 11:36:22.596,9.64407,9.64619,1.00,1.00
2016.01.14 11:36:22.966,9.64421,9.64633,1.00,1.00
2016.01.14 11:36:23.703,9.64404,9.64616,1.00,1.00
2016.01.14 11:36:24.082,9.64418,9.6463,1.00,1.00
2016.01.14 11:36:24.398,9.64401,9.64613,1.00,1.00
2016.01.14 11:36:25.188,9.64401,9.64588,1.00,1.00
2016.01.14 11:36:25.705,9.644,9.64588,1.00,1.00
2016.01.14 11:36:26.072,9.64415,9.64588,1.00,1.00
2016.01.14 11:36:26.174,9.644,9.64588,1.00,1.00
2016.01.14 11:36:31.680,9.64415,9.64588,1.00,1.00
2016.01.14 11:36:31.981,9.644,9.64588,1.00,1.00
2016.01.14 11:36:32.483,9.64411,9.64588,1.00,1.00
2016.01.14 11:36:32.586,9.64395,9.64607,1.00,1.00
2016.01.14 11:36:32.789,9.64408,9.64622,1.00,1.00
2016.01.14 11:36:33.054,9.64408,9.64622,1.00,1.07
2016.01.14 11:36:36.489,9.64395,9.64607,1.00,1.00
2016.01.14 11:36:36.850,9.64414,9.64626,1.00,1.07
2016.01.14 11:36:36.901,9.64399,9.64611,1.00,1.00
2016.01.14 11:36:39.003,9.64415,9.64627,1.00,1.00
2016.01.14 11:36:40.113,9.644,9.64612,1.00,1.00
2016.01.14 11:36:43.930,9.64415,9.64627,1.00,1.00
2016.01.14 11:36:44.336,9.64398,9.6461,1.00,1.00
2016.01.14 11:36:44.887,9.64398,9.6461,1.00,1.45
2016.01.14 11:36:45.936,9.64413,9.64625,1.00,1.45
2016.01.14 11:36:46.247,9.64398,9.6461,1.00,1.45
2016.01.14 11:36:48.648,9.64383,9.64597,1.00,1.45
2016.01.14 11:36:49.235,9.64348,9.6456,1.00,1.00
2016.01.14 11:36:53.767,9.64333,9.64547,1.00,1.00
2016.01.14 11:36:54.142,9.64333,9.64547,1.00,1.45
2016.01.14 11:36:54.354,9.64333,9.64547,1.00,1.00
2016.01.14 11:36:56.342,9.64348,9.6456,1.00,1.00
2016.01.14 11:36:56.685,9.64328,9.6454,1.00,1.00
2016.01.14 11:36:57.079,9.64346,9.64558,1.00,1.00
2016.01.14 11:37:01.884,9.64366,9.64578,1.00,1.50
2016.01.14 11:37:02.191,9.6435,9.64562,1.00,1.00
2016.01.14 11:37:02.859,9.64364,9.64576,1.00,1.00
2016.01.14 11:37:03.194,9.64349,9.64561,1.00,1.00
2016.01.14 11:37:04.908,9.64363,9.64575,1.00,1.00
2016.01.14 11:37:05.410,9.64346,9.6456,1.00,1.00
2016.01.14 11:37:05.461,9.64363,9.64575,1.00,1.00
2016.01.14 11:37:05.800,9.64365,9.64577,1.00,1.00
2016.01.14 11:37:05.851,9.64365,9.64579,1.00,1.00
2016.01.14 11:37:05.902,9.64382,9.64594,1.00,1.07
2016.01.14 11:37:05.953,9.64382,9.64594,1.00,1.00
2016.01.14 11:37:06.265,9.64367,9.64579,1.00,1.00
2016.01.14 11:37:11.023,9.64381,9.64593,1.00,1.00
2016.01.14 11:37:12.377,9.64375,9.64587,1.00,1.00
2016.01.14 11:37:12.925,9.64356,9.64568,1.00,1.00
2016.01.14 11:37:13.862,9.64336,9.6455,1.50,1.00
2016.01.14 11:37:13.913,9.64351,9.64563,1.00,1.00
2016.01.14 11:37:14.737,9.64336,9.64548,1.00,1.00
2016.01.14 11:37:15.011,9.6435,9.64564,1.00,1.00
2016.01.14 11:37:17.001,9.64337,9.64549,1.00,1.00
2016.01.14 11:37:20.054,9.64337,9.64513,1.00,1.00
2016.01.14 11:37:20.206,9.64321,9.64513,1.00,1.00
2016.01.14 11:37:20.308,9.64321,9.64533,1.00,1.00
2016.01.14 11:37:20.612,9.64344,9.64556,1.00,1.00
2016.01.14 11:37:22.411,9.6433,9.64542,1.00,1.00
2016.01.14 11:37:22.732,9.64335,9.64547,1.00,1.00
2016.01.14 11:37:23.142,9.64348,9.64562,1.00,1.00
2016.01.14 11:37:23.244,9.64335,9.64547,1.00,1.00
2016.01.14 11:37:24.013,9.64349,9.64555,1.00,1.00
2016.01.14 11:37:25.418,9.64329,9.64541,1.00,1.00
2016.01.14 11:37:25.520,9.64353,9.64555,1.00,1.00
2016.01.14 11:37:25.622,9.64316,9.64528,1.00,1.00
2016.01.14 11:37:25.724,9.64332,9.64544,1.00,1.00
2016.01.14 11:37:26.518,9.64348,9.64555,1.00,1.00
2016.01.14 11:37:26.932,9.64334,9.64546,1.00,1.00
2016.01.14 11:37:27.766,9.64348,9.64555,1.00,1.00
2016.01.14 11:37:28.070,9.64334,9.64546,1.00,1.00
2016.01.14 11:37:28.121,9.64334,9.64501,1.00,1.00
2016.01.14 11:37:28.172,9.6432,9.64501,1.00,1.00
2016.01.14 11:37:28.223,9.64334,9.64501,1.00,1.00
2016.01.14 11:37:28.325,9.6432,9.64532,1.00,1.00
2016.01.14 11:37:28.773,9.64336,9.64548,1.00,1.00
2016.01.14 11:37:29.077,9.64351,9.64555,1.00,1.00
2016.01.14 11:37:29.128,9.64333,9.64547,1.00,1.00
2016.01.14 11:37:30.079,9.64351,9.64555,1.00,1.00
2016.01.14 11:37:30.343,9.64337,9.64549,1.00,1.00
2016.01.14 11:37:30.851,9.64353,9.64555,1.00,1.00
2016.01.14 11:37:31.156,9.64339,9.64551,1.00,1.00
2016.01.14 11:37:31.665,9.64353,9.64555,1.00,1.00
2016.01.14 11:37:31.767,9.64337,9.64551,1.00,1.00
2016.01.14 11:37:31.868,9.64337,9.64501,1.00,1.00
2016.01.14 11:37:31.970,9.64314,9.64501,1.00,1.00
2016.01.14 11:37:32.021,9.64316,9.64501,1.00,1.00
2016.01.14 11:37:32.275,9.64291,9.64501,1.00,1.00
2016.01.14 11:37:32.371,9.64319,9.64523,1.00,1.00
2016.01.14 11:37:32.422,9.64319,9.64531,1.00,1.00
2016.01.14 11:37:32.474,9.64337,9.64549,1.00,1.52
2016.01.14 11:37:32.678,9.64332,9.64544,1.00,1.00
2016.01.14 11:37:33.264,9.64349,9.64563,1.00,1.60
2016.01.14 11:37:33.315,9.64349,9.64563,1.00,1.07
2016.01.14 11:37:33.438,9.64336,9.64548,1.00,1.00
2016.01.14 11:37:36.391,9.64336,9.64548,1.00,1.52
2016.01.14 11:37:36.493,9.64319,9.64531,1.00,1.52
2016.01.14 11:37:36.748,9.64333,9.64545,1.00,1.52
2016.01.14 11:37:36.868,9.64333,9.64545,1.00,1.00
2016.01.14 11:37:36.919,9.64311,9.64523,1.00,1.00
2016.01.14 11:37:37.226,9.64312,9.6452,1.00,1.00
2016.01.14 11:37:37.277,9.64332,9.64544,1.00,1.00
2016.01.14 11:37:37.582,9.64347,9.64559,1.00,1.52
2016.01.14 11:37:37.846,9.6437,9.64582,1.00,1.00
2016.01.14 11:37:38.257,9.64387,9.64599,1.00,1.52
2016.01.14 11:37:38.772,9.64406,9.64618,1.00,1.52
2016.01.14 11:37:39.046,9.64406,9.64618,1.00,1.52
2016.01.14 11:37:40.164,9.64406,9.64618,1.00,1.67
2016.01.14 11:37:40.601,9.64406,9.64618,1.00,1.67
2016.01.14 11:37:40.821,9.64406,9.64618,1.00,1.67
2016.01.14 11:37:40.974,9.64423,9.64635,1.00,1.67
2016.01.14 11:37:42.348,9.64423,9.64613,1.00,1.00
2016.01.14 11:37:43.559,9.64423,9.64596,1.00,1.00
2016.01.14 11:37:46.817,9.64439,9.64596,1.00,1.00
2016.01.14 11:37:46.919,9.64424,9.64596,1.00,1.00
2016.01.14 11:37:47.319,9.64424,9.64605,1.00,1.00
2016.01.14 11:37:47.976,9.64424,9.64636,1.00,1.45
2016.01.14 11:37:49.082,9.64424,9.64636,1.00,1.45
2016.01.14 11:37:50.085,9.64447,9.64659,1.00,1.45
2016.01.14 11:37:50.289,9.64429,9.64641,1.00,1.45
2016.01.14 11:37:50.390,9.64429,9.64641,1.00,1.45
2016.01.14 11:37:51.591,9.64429,9.64641,1.00,1.45
2016.01.14 11:37:51.759,9.64433,9.64641,1.50,1.45
2016.01.14 11:37:52.067,9.64462,9.64674,1.00,1.45
2016.01.14 11:37:52.119,9.64443,9.64655,1.00,1.45
2016.01.14 11:37:52.343,9.64443,9.64655,1.00,1.45
2016.01.14 11:37:52.394,9.6442,9.64632,1.00,1.00
2016.01.14 11:37:52.495,9.64423,9.64635,1.00,1.00
2016.01.14 11:37:52.840,9.64423,9.64635,1.00,1.45
2016.01.14 11:37:54.609,9.64423,9.64635,1.00,1.45
2016.01.14 11:37:58.844,9.64423,9.64635,1.00,1.52
2016.01.14 11:38:00.087,9.64423,9.64635,1.00,1.52
2016.01.14 11:38:02.382,9.64423,9.64635,1.00,1.52
2016.01.14 11:38:04.342,9.64423,9.64635,1.00,1.52
2016.01.14 11:38:05.123,9.64423,9.64635,1.00,1.00
2016.01.14 11:38:05.276,9.64437,9.64649,1.00,1.00
2016.01.14 11:38:06.103,9.64437,9.64649,1.00,1.52
2016.01.14 11:38:06.562,9.64437,9.64649,1.00,1.00
2016.01.14 11:38:07.566,9.64437,9.64649,1.00,1.52
2016.01.14 11:38:08.089,9.64437,9.64649,1.00,1.00
2016.01.14 11:38:08.972,9.64417,9.64628,1.00,1.00
2016.01.14 11:38:09.320,9.64402,9.64614,1.00,1.52
2016.01.14 11:38:09.474,9.64382,9.64593,1.00,1.52
2016.01.14 11:38:09.580,9.64373,9.6458,1.00,1.00
2016.01.14 11:38:09.783,9.64374,9.64565,1.00,1.00
2016.01.14 11:38:10.248,9.64374,9.64586,1.50,1.00
2016.01.14 11:38:10.350,9.64374,9.64568,1.00,1.00
2016.01.14 11:38:10.613,9.64356,9.64568,1.00,1.00
2016.01.14 11:38:10.883,9.64372,9.64584,1.00,1.00
2016.01.14 11:38:11.187,9.64374,9.64586,1.00,1.00
2016.01.14 11:38:12.246,9.64359,9.64571,1.00,1.00
2016.01.14 11:38:12.595,9.64374,9.64586,1.00,1.00
2016.01.14 11:38:14.354,9.64358,9.6457,1.00,1.00
2016.01.14 11:38:14.705,9.64372,9.64584,1.00,1.00
2016.01.14 11:38:15.256,9.64358,9.6457,1.00,1.00
2016.01.14 11:38:15.561,9.6436,9.64572,1.00,1.00
2016.01.14 11:38:15.871,9.64374,9.64586,1.00,1.00
2016.01.14 11:38:16.176,9.64377,9.64589,1.00,1.52
2016.01.14 11:38:16.279,9.64362,9.64574,1.00,1.00
2016.01.14 11:38:16.502,9.6436,9.64572,1.00,1.00
2016.01.14 11:38:16.850,9.64358,9.6457,1.00,1.00
2016.01.14 11:38:17.168,9.64347,9.64559,1.00,1.00
2016.01.14 11:38:17.812,9.64353,9.64559,1.00,1.00
2016.01.14 11:38:17.963,9.64373,9.64585,1.00,1.00
2016.01.14 11:38:18.015,9.64358,9.6457,1.00,1.00
2016.01.14 11:38:18.374,9.64374,9.64586,1.00,1.00
2016.01.14 11:38:18.476,9.64359,9.64573,1.00,1.00
2016.01.14 11:38:18.679,9.64346,9.64558,1.00,1.00
2016.01.14 11:38:19.102,9.64364,9.64576,1.00,1.00
2016.01.14 11:38:19.433,9.64346,9.64558,1.00,1.00
2016.01.14 11:38:19.770,9.64342,9.64556,1.00,1.00
2016.01.14 11:38:19.923,9.64345,9.64556,1.00,1.00
2016.01.14 11:38:19.974,9.64365,9.64577,1.00,1.00
2016.01.14 11:38:20.105,9.64348,9.6456,1.00,1.00
2016.01.14 11:38:20.411,9.64362,9.64574,1.00,1.00
2016.01.14 11:38:20.715,9.64352,9.64564,1.00,1.00
2016.01.14 11:38:21.020,9.64373,9.64576,1.00,1.00
2016.01.14 11:38:21.072,9.64344,9.64556,1.00,1.00
2016.01.14 11:38:21.421,9.64363,9.64575,1.00,1.00
2016.01.14 11:38:21.742,9.64347,9.64559,1.00,1.00
2016.01.14 11:38:21.996,9.6434,9.64554,1.00,1.00
2016.01.14 11:38:22.097,9.64344,9.64556,1.00,1.00
2016.01.14 11:38:22.422,9.64341,9.64553,1.50,1.00
2016.01.14 11:38:22.744,9.64361,9.64573,1.00,1.50
2016.01.14 11:38:23.048,9.64348,9.6456,1.00,1.00
2016.01.14 11:38:23.360,9.64342,9.64554,1.00,1.00
2016.01.14 11:38:23.695,9.64367,9.64579,1.00,1.00
2016.01.14 11:38:24.029,9.64371,9.64583,1.00,1.00
2016.01.14 11:38:24.628,9.64351,9.64563,1.00,1.00
2016.01.14 11:38:24.932,9.64365,9.64577,1.00,1.00
2016.01.14 11:38:25.238,9.64362,9.64574,1.00,1.00
2016.01.14 11:38:25.564,9.64333,9.64545,1.00,1.00
2016.01.14 11:38:25.882,9.64356,9.64551,1.00,1.00
2016.01.14 11:38:25.934,9.64376,9.64588,1.00,1.50
2016.01.14 11:38:26.035,9.6436,9.64572,1.00,1.00
2016.01.14 11:38:26.340,9.64374,9.6458,1.00,1.00
2016.01.14 11:38:26.470,9.64347,9.64561,1.00,1.00
2016.01.14 11:38:26.572,9.64352,9.64561,1.00,1.00
2016.01.14 11:38:26.623,9.64372,9.64584,1.00,1.00
2016.01.14 11:38:26.726,9.64354,9.64566,1.00,1.00
2016.01.14 11:38:27.003,9.64332,9.64546,1.00,1.00
2016.01.14 11:38:27.055,9.64335,9.64546,1.00,1.00
2016.01.14 11:38:27.105,9.64355,9.64567,1.00,1.00
2016.01.14 11:38:27.207,9.64371,9.64583,1.00,1.00
2016.01.14 11:38:27.536,9.6435,9.64562,1.00,1.00
2016.01.14 11:38:27.587,9.64367,9.64581,1.00,1.00
2016.01.14 11:38:27.638,9.6435,9.64562,1.00,1.00
2016.01.14 11:38:27.943,9.64352,9.64563,1.00,1.00
2016.01.14 11:38:27.995,9.64372,9.64584,1.00,1.00
2016.01.14 11:38:28.096,9.64351,9.64563,1.00,1.00
2016.01.14 11:38:28.408,9.64373,9.64585,1.00,1.00
2016.01.14 11:38:28.773,9.64359,9.64571,1.00,1.00
2016.01.14 11:38:29.408,9.64342,9.64556,1.00,1.00
2016.01.14 11:38:29.602,9.64342,9.64554,1.00,1.00
2016.01.14 11:38:29.805,9.64342,9.64556,1.00,1.00
2016.01.14 11:38:30.460,9.64345,9.64556,1.00,1.00
2016.01.14 11:38:30.511,9.64365,9.64577,1.00,1.00
2016.01.14 11:38:30.613,9.64351,9.64563,1.00,1.00
2016.01.14 11:38:30.930,9.64348,9.6456,1.00,1.00
2016.01.14 11:38:31.134,9.64345,9.64559,1.00,1.00
2016.01.14 11:38:31.615,9.6433,9.64542,1.00,1.00
2016.01.14 11:38:31.944,9.64351,9.64563,1.00,1.00
2016.01.14 11:38:32.275,9.64367,9.64579,1.00,1.00
2016.01.14 11:38:32.579,9.64372,9.64581,1.00,1.00
2016.01.14 11:38:32.630,9.64349,9.64561,1.00,1.00
2016.01.14 11:38:32.732,9.64365,9.64577,1.00,1.00
2016.01.14 11:38:33.083,9.6435,9.64558,1.00,1.00
2016.01.14 11:38:33.134,9.6437,9.64582,1.00,1.00
2016.01.14 11:38:33.352,9.64349,9.64561,1.00,1.00
2016.01.14 11:38:33.667,9.64366,9.64578,1.00,1.00
2016.01.14 11:38:34.219,9.64351,9.64563,1.00,1.00
2016.01.14 11:38:34.815,9.64368,9.6458,1.00,1.00
2016.01.14 11:38:35.228,9.64351,9.64563,1.00,1.00
2016.01.14 11:38:35.721,9.64336,9.6455,1.00,1.00
2016.01.14 11:38:35.874,9.64339,9.6455,1.00,1.00
2016.01.14 11:38:35.925,9.64359,9.64571,1.00,1.00
2016.01.14 11:38:35.976,9.64359,9.64565,1.00,1.00
2016.01.14 11:38:36.027,9.64333,9.64545,1.00,1.00
2016.01.14 11:38:36.163,9.64351,9.64513,1.00,1.00
2016.01.14 11:38:36.215,9.6431,9.64513,1.00,1.00
2016.01.14 11:38:36.317,9.64286,9.645,1.00,1.00
2016.01.14 11:38:36.369,9.64286,9.64463,1.00,1.00
2016.01.14 11:38:36.624,9.64279,9.64463,1.00,1.00
2016.01.14 11:38:36.727,9.64264,9.64463,1.00,1.00
2016.01.14 11:38:36.931,9.64278,9.64463,1.00,1.00
2016.01.14 11:38:37.033,9.64264,9.64463,1.00,1.00
2016.01.14 11:38:37.191,9.64256,9.64463,1.00,1.00
2016.01.14 11:38:37.295,9.64259,9.64463,1.00,1.00
2016.01.14 11:38:37.600,9.64287,9.64463,1.00,1.00
2016.01.14 11:38:37.652,9.64253,9.64463,1.00,1.00
2016.01.14 11:38:37.704,9.64259,9.64463,1.00,1.00
2016.01.14 11:38:38.009,9.64282,9.64463,1.00,1.00
2016.01.14 11:38:38.151,9.64273,9.64463,1.00,1.00
2016.01.14 11:38:38.330,9.64288,9.64463,1.00,1.00
2016.01.14 11:38:38.432,9.64269,9.64463,1.00,1.00
2016.01.14 11:38:38.535,9.64287,9.64463,1.00,1.00
2016.01.14 11:38:38.738,9.6427,9.64463,1.00,1.00
2016.01.14 11:38:38.841,9.64284,9.64463,1.00,1.00
2016.01.14 11:38:38.943,9.6427,9.64463,1.00,1.00
2016.01.14 11:38:39.044,9.64289,9.64463,1.00,1.00
2016.01.14 11:38:39.230,9.64271,9.64463,1.00,1.00
2016.01.14 11:38:39.282,9.64274,9.64463,1.00,1.00
2016.01.14 11:38:39.587,9.64277,9.64463,1.00,1.00
2016.01.14 11:38:39.893,9.64295,9.64463,1.00,1.00
2016.01.14 11:38:40.046,9.64275,9.64463,1.00,1.00
2016.01.14 11:38:40.097,9.64271,9.64463,1.00,1.00
2016.01.14 11:38:40.148,9.64292,9.64463,1.00,1.00
2016.01.14 11:38:40.469,9.64275,9.64463,1.00,1.00
2016.01.14 11:38:40.570,9.64295,9.64463,1.00,1.00
2016.01.14 11:38:40.672,9.64277,9.64463,1.00,1.00
2016.01.14 11:38:40.724,9.64296,9.64463,1.00,1.00
2016.01.14 11:38:40.933,9.64276,9.64463,1.00,1.00
2016.01.14 11:38:40.984,9.64273,9.64463,1.00,1.00
2016.01.14 11:38:41.367,9.64292,9.64463,1.00,1.00
2016.01.14 11:38:41.672,9.64284,9.64463,1.00,1.00
2016.01.14 11:38:41.774,9.64299,9.64463,1.00,1.00
2016.01.14 11:38:41.875,9.64276,9.64463,1.00,1.00
2016.01.14 11:38:42.028,9.64294,9.64463,1.00,1.00
2016.01.14 11:38:42.079,9.64294,9.64508,1.00,1.00
2016.01.14 11:38:42.130,9.64277,9.64489,1.00,1.00
2016.01.14 11:38:42.231,9.64283,9.64497,1.00,1.00
2016.01.14 11:38:42.346,9.64277,9.64489,1.00,1.00
2016.01.14 11:38:43.067,9.64291,9.64503,1.00,1.00
2016.01.14 11:38:43.432,9.64273,9.64485,1.00,1.00
2016.01.14 11:38:43.737,9.64276,9.64488,1.00,1.00
2016.01.14 11:38:44.042,9.64296,9.64508,1.00,1.00
2016.01.14 11:38:44.428,9.64279,9.64491,1.00,1.00
2016.01.14 11:38:44.774,9.64299,9.64511,1.00,1.00
2016.01.14 11:38:45.180,9.64281,9.64493,1.00,1.00
2016.01.14 11:38:45.555,9.64298,9.6451,1.00,1.00
2016.01.14 11:38:45.860,9.64284,9.64496,1.00,1.00
2016.01.14 11:38:46.348,9.64301,9.64513,1.00,1.00
2016.01.14 11:38:46.649,9.64286,9.64498,1.00,1.00
2016.01.14 11:38:46.954,9.64302,9.64514,1.00,1.00
2016.01.14 11:38:47.312,9.64282,9.64494,1.00,1.00
2016.01.14 11:38:47.651,9.64285,9.64499,1.00,1.00
2016.01.14 11:38:48.554,9.64302,9.64514,1.00,1.00
2016.01.14 11:38:48.863,9.64282,9.64494,1.00,1.00
2016.01.14 11:38:49.653,9.64301,9.64513,1.00,1.00
2016.01.14 11:38:49.856,9.64286,9.645,1.00,1.00
2016.01.14 11:38:50.157,9.64302,9.64514,1.00,1.00
2016.01.14 11:38:50.563,9.64285,9.64499,1.00,1.00
2016.01.14 11:38:51.050,9.64302,9.64514,1.00,1.00
2016.01.14 11:38:51.367,9.6429,9.64504,1.00,1.00
2016.01.14 11:38:51.469,9.64306,9.6452,1.00,1.00
2016.01.14 11:38:51.794,9.64286,9.645,1.00,1.00
2016.01.14 11:38:52.151,9.64306,9.64518,1.00,1.00
2016.01.14 11:38:52.452,9.64298,9.6451,1.00,1.00
2016.01.14 11:38:53.475,9.64284,9.64496,1.00,1.00
2016.01.14 11:38:53.814,9.64302,9.64514,1.00,1.00
2016.01.14 11:38:54.164,9.64284,9.64496,1.00,1.00
2016.01.14 11:38:54.554,9.64302,9.64514,1.00,1.00
2016.01.14 11:38:54.967,9.64285,9.64497,1.00,1.00
2016.01.14 11:38:55.271,9.6428,9.64492,1.00,1.00
2016.01.14 11:38:55.589,9.64302,9.64514,1.00,1.00
2016.01.14 11:38:55.927,9.64297,9.64509,1.00,1.00
2016.01.14 11:38:56.231,9.64279,9.64491,1.00,1.00
2016.01.14 11:38:56.536,9.64303,9.64515,1.00,1.00
2016.01.14 11:38:56.850,9.64335,9.64547,1.00,1.15
2016.01.14 11:38:58.575,9.64335,9.64547,1.00,1.00
2016.01.14 11:39:00.399,9.6435,9.64562,1.00,1.00
2016.01.14 11:39:02.085,9.64335,9.64547,1.00,1.00
2016.01.14 11:39:02.784,9.64349,9.64561,1.00,1.00
2016.01.14 11:39:03.306,9.64328,9.6454,1.00,1.00
2016.01.14 11:39:03.621,9.64357,9.64569,1.00,1.00
2016.01.14 11:39:04.088,9.64337,9.64549,1.50,1.00
2016.01.14 11:39:04.422,9.64354,9.64563,1.00,1.00
2016.01.14 11:39:04.589,9.64346,9.64558,1.00,1.00
2016.01.14 11:39:04.692,9.64349,9.64561,1.00,1.00
2016.01.14 11:39:04.896,9.64334,9.64548,1.00,1.00
2016.01.14 11:39:05.202,9.64351,9.64563,1.00,1.50
2016.01.14 11:39:05.571,9.64347,9.64561,1.00,1.00
2016.01.14 11:39:05.727,9.64328,9.64542,1.00,1.00
2016.01.14 11:39:06.197,9.64345,9.64557,1.00,1.00
2016.01.14 11:39:06.579,9.6436,9.64572,1.00,1.00
2016.01.14 11:39:06.884,9.64344,9.64556,1.00,1.00
2016.01.14 11:39:07.188,9.64329,9.64541,1.00,1.00
2016.01.14 11:39:07.492,9.64245,9.64374,1.12,1.00
2016.01.14 11:39:07.594,9.64254,9.64384,1.75,1.00
2016.01.14 11:39:07.682,9.64254,9.64384,1.00,1.00
2016.01.14 11:39:07.733,9.64258,9.64463,1.00,1.00
2016.01.14 11:39:07.784,9.64238,9.64441,1.00,1.00
2016.01.14 11:39:07.835,9.64227,9.64441,1.00,1.00
2016.01.14 11:39:07.887,9.64208,9.64407,1.00,1.00
2016.01.14 11:39:07.938,9.64193,9.64407,1.00,1.00
2016.01.14 11:39:08.339,9.64193,9.64279,1.00,1.00
2016.01.14 11:39:08.391,9.64174,9.64279,1.00,1.00
2016.01.14 11:39:08.442,9.64122,9.64279,1.12,1.00
2016.01.14 11:39:08.493,9.64122,9.64247,1.12,1.00
2016.01.14 11:39:08.595,9.64087,9.64254,1.12,1.00
2016.01.14 11:39:08.696,9.64087,9.64212,1.12,1.00
2016.01.14 11:39:08.850,9.64087,9.64239,1.12,1.00
2016.01.14 11:39:08.901,9.64087,9.64259,1.12,1.00
2016.01.14 11:39:08.953,9.64087,9.64279,1.12,1.00
2016.01.14 11:39:09.156,9.64065,9.64279,1.00,1.00
2016.01.14 11:39:09.308,9.64046,9.64249,1.00,1.00
2016.01.14 11:39:09.359,9.64037,9.64249,1.00,1.00
2016.01.14 11:39:09.562,9.64037,9.64221,1.00,1.00
2016.01.14 11:39:09.866,9.63908,9.64017,1.12,1.00
2016.01.14 11:39:09.918,9.63872,9.64021,1.12,1.00
2016.01.14 11:39:10.309,9.63872,9.64006,1.12,1.00
2016.01.14 11:39:10.461,9.6377,9.63982,1.37,1.00
2016.01.14 11:39:10.614,9.63786,9.63998,1.00,1.00
2016.01.14 11:39:10.665,9.63815,9.63998,1.12,1.00
2016.01.14 11:39:10.868,9.63844,9.64042,1.12,1.00
2016.01.14 11:39:10.919,9.63847,9.64059,1.82,1.00
2016.01.14 11:39:11.340,9.63867,9.64079,1.07,1.00
2016.01.14 11:39:11.392,9.63847,9.64056,1.82,1.00
2016.01.14 11:39:11.705,9.63897,9.6405,1.12,1.00
2016.01.14 11:39:11.807,9.63897,9.64064,1.12,1.00
2016.01.14 11:39:11.909,9.63897,9.64084,1.12,1.00
2016.01.14 11:39:12.011,9.63897,9.64063,1.12,1.00
2016.01.14 11:39:12.173,9.63922,9.64134,1.07,1.00
2016.01.14 11:39:12.427,9.63925,9.64137,1.00,1.00
2016.01.14 11:39:12.795,9.63911,9.64123,1.37,1.00
2016.01.14 11:39:13.452,9.63911,9.64123,1.10,1.00
2016.01.14 11:39:13.554,9.63911,9.64123,1.47,1.00
2016.01.14 11:39:14.309,9.63911,9.64123,1.40,1.00
2016.01.14 11:39:14.410,9.63921,9.64123,1.12,1.00
2016.01.14 11:39:14.817,9.63921,9.64108,1.12,1.00
2016.01.14 11:39:14.971,9.63901,9.64108,1.12,1.00
2016.01.14 11:39:15.395,9.63896,9.64108,1.00,1.00
2016.01.14 11:39:15.969,9.63896,9.64108,1.75,1.00
2016.01.14 11:39:16.376,9.63896,9.64108,1.10,1.00
2016.01.14 11:39:17.378,9.63896,9.64108,1.50,1.00
2016.01.14 11:39:17.782,9.63896,9.64108,1.50,1.67
2016.01.14 11:39:18.107,9.63689,9.63807,1.12,1.00
2016.01.14 11:39:18.158,9.63644,9.63829,1.00,1.00
2016.01.14 11:39:18.209,9.63617,9.63829,1.37,1.00
2016.01.14 11:39:18.260,9.63614,9.63801,1.47,1.00
2016.01.14 11:39:18.312,9.63602,9.63806,1.12,1.00
2016.01.14 11:39:18.634,9.63606,9.63826,1.20,1.00
2016.01.14 11:39:18.685,9.63606,9.63991,1.20,2.61
2016.01.14 11:39:18.885,9.63606,9.64021,1.20,2.47
2016.01.14 11:39:18.987,9.63606,9.64026,1.20,1.50
2016.01.14 11:39:19.163,9.63658,9.63865,1.20,1.00
2016.01.14 11:39:19.214,9.63674,9.63885,1.50,1.00
2016.01.14 11:39:19.738,9.63674,9.63886,1.50,1.00
2016.01.14 11:39:20.153,9.63674,9.63886,1.12,1.00
2016.01.14 11:39:20.432,9.63674,9.63886,1.87,1.00
2016.01.14 11:39:20.742,9.63691,9.63886,1.12,1.00
2016.01.14 11:39:20.892,9.63674,9.63886,1.45,1.00
2016.01.14 11:39:22.124,9.63707,9.63886,1.12,1.00
2016.01.14 11:39:22.452,9.63674,9.63886,1.45,1.00
2016.01.14 11:39:22.858,9.63689,9.63901,1.07,1.00
2016.01.14 11:39:23.668,9.63724,9.63901,1.12,1.00
2016.01.14 11:39:24.194,9.63689,9.63901,1.45,1.00
2016.01.14 11:39:25.154,9.63682,9.63887,1.12,1.00
2016.01.14 11:39:25.421,9.63699,9.63913,1.00,1.00
2016.01.14 11:39:25.539,9.63699,9.63913,1.75,1.00
2016.01.14 11:39:25.641,9.63759,9.63971,1.07,1.00
2016.01.14 11:39:25.743,9.63785,9.63954,1.12,1.00
2016.01.14 11:39:25.919,9.63806,9.64018,1.07,1.00
2016.01.14 11:39:25.971,9.63816,9.64028,1.07,1.00
2016.01.14 11:39:26.073,9.63822,9.64034,1.00,1.00
2016.01.14 11:39:26.175,9.63828,9.6404,1.00,1.00
2016.01.14 11:39:26.378,9.63842,9.64056,1.00,1.00
2016.01.14 11:39:26.479,9.63826,9.64038,1.00,1.00
2016.01.14 11:39:26.791,9.63842,9.64054,1.82,1.00
2016.01.14 11:39:27.137,9.63887,9.6406,1.12,1.00
2016.01.14 11:39:27.448,9.63887,9.64053,1.12,1.00
2016.01.14 11:39:27.752,9.63887,9.64048,1.12,1.00
2016.01.14 11:39:28.057,9.63887,9.64058,1.12,1.00
2016.01.14 11:39:28.158,9.63887,9.64041,1.12,1.00
2016.01.14 11:39:28.342,9.63887,9.64055,1.12,1.00
2016.01.14 11:39:28.760,9.63887,9.64041,1.12,1.00
2016.01.14 11:39:28.862,9.63887,9.64056,1.12,1.00
2016.01.14 11:39:28.965,9.63887,9.6404,1.12,1.00
2016.01.14 11:39:29.067,9.63887,9.64054,1.12,1.00
2016.01.14 11:39:29.168,9.63887,9.64038,1.12,1.00
2016.01.14 11:39:29.270,9.63887,9.64057,1.12,1.00
2016.01.14 11:39:29.373,9.63871,9.64037,1.20,1.00
2016.01.14 11:39:29.568,9.63871,9.64054,1.20,1.00
2016.01.14 11:39:30.034,9.63871,9.64054,1.20,1.00
2016.01.14 11:39:32.353,9.63871,9.64054,1.20,1.00
2016.01.14 11:39:32.455,9.63942,9.64128,1.20,1.00
2016.01.14 11:39:32.556,9.63972,9.64136,1.20,1.50
2016.01.14 11:39:32.759,9.63972,9.64184,1.95,1.00
2016.01.14 11:39:32.861,9.64021,9.64233,1.00,1.00
2016.01.14 11:39:32.912,9.64021,9.64233,1.07,1.00
2016.01.14 11:39:33.242,9.64025,9.64219,1.12,1.00
2016.01.14 11:39:33.293,9.64025,9.64233,1.12,1.00
2016.01.14 11:39:33.802,9.64036,9.64248,1.45,1.00
2016.01.14 11:39:33.853,9.64025,9.6423,1.12,1.00
2016.01.14 11:39:34.632,9.64045,9.6423,1.12,1.00
2016.01.14 11:39:34.898,9.64047,9.64244,1.12,1.00
2016.01.14 11:39:35.269,9.64049,9.64261,1.82,1.00
2016.01.14 11:39:35.371,9.64047,9.64245,1.12,1.00
2016.01.14 11:39:35.673,9.64047,9.64228,1.12,1.00
2016.01.14 11:39:35.775,9.64047,9.64245,1.12,1.00
2016.01.14 11:39:36.177,9.64047,9.64224,1.12,1.00
2016.01.14 11:39:36.278,9.64047,9.64241,1.12,1.00
2016.01.14 11:39:36.380,9.64047,9.64224,1.12,1.00
2016.01.14 11:39:36.482,9.64047,9.64245,1.12,1.00
2016.01.14 11:39:39.290,9.64047,9.64229,1.12,1.00
2016.01.14 11:39:39.581,9.64047,9.64248,1.12,1.00
2016.01.14 11:39:39.683,9.64047,9.64244,1.12,1.00
2016.01.14 11:39:39.988,9.64047,9.64227,1.12,1.00
2016.01.14 11:39:40.304,9.64047,9.64243,1.12,1.00
2016.01.14 11:39:40.651,9.64047,9.64227,1.12,1.00
2016.01.14 11:39:40.804,9.64047,9.64244,1.12,1.00
2016.01.14 11:39:42.596,9.64047,9.64225,1.12,1.00
2016.01.14 11:39:42.697,9.64047,9.64242,1.12,1.00
2016.01.14 11:39:43.303,9.64047,9.64225,1.12,1.00
2016.01.14 11:39:43.405,9.64047,9.64242,1.12,1.00
2016.01.14 11:39:43.926,9.64047,9.64228,1.12,1.00
2016.01.14 11:39:44.172,9.64148,9.64317,1.00,1.50
2016.01.14 11:39:44.223,9.64128,9.64317,1.00,2.25
2016.01.14 11:39:44.274,9.64124,9.64317,1.00,2.25
2016.01.14 11:39:44.326,9.64161,9.64317,1.00,1.50
2016.01.14 11:39:44.428,9.64161,9.64375,1.00,1.00
2016.01.14 11:39:44.530,9.64179,9.64393,1.00,1.00
2016.01.14 11:39:45.058,9.6418,9.64392,1.00,1.00
2016.01.14 11:39:46.906,9.64162,9.64374,1.00,1.00
2016.01.14 11:39:47.213,9.64176,9.64388,1.00,1.00
2016.01.14 11:39:52.903,9.64192,9.64404,1.00,1.00
2016.01.14 11:39:53.271,9.64177,9.64389,1.00,1.00
2016.01.14 11:40:05.375,9.64194,9.64406,1.00,1.00
2016.01.14 11:40:05.704,9.64217,9.64429,1.00,1.00
2016.01.14 11:40:06.009,9.64227,9.64439,1.00,1.00
2016.01.14 11:40:06.333,9.64211,9.64425,1.00,1.00
2016.01.14 11:40:06.474,9.64226,9.64438,1.00,1.00
2016.01.14 11:40:06.780,9.64254,9.64454,1.00,1.00
2016.01.14 11:40:06.831,9.64254,9.64466,1.00,1.00
2016.01.14 11:40:06.935,9.6424,9.64452,1.00,1.00
2016.01.14 11:40:07.242,9.64233,9.64447,1.00,1.00
2016.01.14 11:40:08.239,9.64215,9.64427,1.00,1.00
2016.01.14 11:40:08.553,9.64229,9.64441,1.00,1.00
2016.01.14 11:40:09.069,9.64214,9.64426,1.00,1.00
2016.01.14 11:40:09.346,9.6423,9.64444,1.00,1.00
2016.01.14 11:40:09.972,9.64211,9.64419,1.00,1.00
2016.01.14 11:40:10.023,9.64207,9.64419,1.00,1.00
2016.01.14 11:40:10.074,9.64227,9.64439,1.00,1.00
2016.01.14 11:40:10.125,9.64227,9.64441,1.00,1.00
2016.01.14 11:40:10.176,9.64212,9.64424,1.00,1.00
2016.01.14 11:40:10.573,9.6423,9.64442,1.00,1.00
2016.01.14 11:40:12.458,9.64236,9.64448,1.00,1.00
2016.01.14 11:40:12.850,9.64222,9.64434,1.00,1.00
2016.01.14 11:40:13.714,9.64223,9.64434,1.00,1.00
2016.01.14 11:40:13.766,9.64243,9.64455,1.00,1.00
2016.01.14 11:40:14.027,9.64227,9.64439,1.00,1.00
2016.01.14 11:40:14.332,9.64212,9.64424,1.00,1.00
2016.01.14 11:40:14.636,9.6424,9.64452,1.00,1.00
2016.01.14 11:40:15.278,9.64223,9.64435,1.00,1.00
2016.01.14 11:40:16.689,9.64237,9.64449,1.00,1.00
2016.01.14 11:40:17.190,9.64236,9.64448,1.00,1.00
2016.01.14 11:40:17.704,9.64236,9.64448,1.07,1.00
2016.01.14 11:40:17.910,9.64288,9.645,1.00,1.00
2016.01.14 11:40:18.397,9.64302,9.64514,1.00,1.00
2016.01.14 11:40:20.909,9.64316,9.64528,1.00,1.67
2016.01.14 11:40:21.141,9.64299,9.64513,1.00,1.00
2016.01.14 11:40:21.192,9.6419,9.64551,1.12,1.12
2016.01.14 11:40:22.111,9.64174,9.64531,1.20,1.05
2016.01.14 11:40:22.258,9.64183,9.64566,1.50,1.05
2016.01.14 11:40:22.563,9.64187,9.64538,1.12,1.05
2016.01.14 11:40:23.116,9.64204,9.64558,1.12,2.12
2016.01.14 11:40:23.292,9.64187,9.64538,1.12,1.05
2016.01.14 11:40:23.729,9.64192,9.64584,1.12,1.05
2016.01.14 11:40:23.932,9.6417,9.64531,1.50,1.05
2016.01.14 11:40:25.072,9.6419,9.64551,1.12,1.12
2016.01.14 11:40:25.173,9.64204,9.64583,1.20,1.05
2016.01.14 11:40:25.275,9.64192,9.64583,1.12,1.05
2016.01.14 11:40:25.721,9.64174,9.64531,1.20,1.05
2016.01.14 11:40:26.629,9.6419,9.64551,1.12,1.12
2016.01.14 11:40:26.750,9.64235,9.64596,1.12,1.50
2016.01.14 11:40:26.852,9.64214,9.64596,1.12,2.17
2016.01.14 11:40:26.903,9.64184,9.64566,1.12,1.05
2016.01.14 11:40:27.133,9.64174,9.64531,1.20,1.05
2016.01.14 11:40:27.835,9.6419,9.64551,1.12,1.12
2016.01.14 11:40:28.157,9.6417,9.64596,1.12,2.25
2016.01.14 11:40:28.258,9.64215,9.64596,1.12,1.50
2016.01.14 11:40:28.360,9.64215,9.64541,1.12,1.00
2016.01.14 11:40:28.689,9.6417,9.64541,1.12,1.37
2016.01.14 11:40:29.692,9.64184,9.64549,1.12,1.00
2016.01.14 11:40:30.236,9.6417,9.64549,1.12,1.82
2016.01.14 11:40:31.185,9.64186,9.64574,1.12,1.75
2016.01.14 11:40:31.296,9.64202,9.64574,1.12,1.37
2016.01.14 11:40:31.347,9.64202,9.64541,1.12,1.00
2016.01.14 11:40:31.654,9.6417,9.64541,1.12,1.50
2016.01.14 11:40:31.984,9.64328,9.64541,1.00,1.50
2016.01.14 11:40:32.342,9.64348,9.64541,1.00,1.50
2016.01.14 11:40:32.444,9.64348,9.64541,1.00,1.07
2016.01.14 11:40:32.546,9.6435,9.64562,1.00,1.82
2016.01.14 11:40:32.648,9.6435,9.64562,1.00,1.00
2016.01.14 11:40:32.699,9.64364,9.64578,1.00,1.07
2016.01.14 11:40:33.101,9.64364,9.64541,1.00,1.00
2016.01.14 11:40:33.707,9.64348,9.64541,1.00,1.00
2016.01.14 11:40:34.309,9.64348,9.6456,1.00,1.37
2016.01.14 11:40:34.410,9.64348,9.6456,1.00,1.00
2016.01.14 11:40:34.614,9.64365,9.64574,1.00,1.10
2016.01.14 11:40:34.918,9.64365,9.64541,1.00,1.10
2016.01.14 11:40:35.019,9.64349,9.64541,1.00,1.10
2016.01.14 11:40:35.968,9.64349,9.64561,1.00,1.00
2016.01.14 11:40:36.019,9.64364,9.64574,1.00,1.10
2016.01.14 11:40:36.120,9.64348,9.6456,1.00,1.00
2016.01.14 11:40:36.222,9.64364,9.64574,1.00,1.10
2016.01.14 11:40:36.569,9.64364,9.64541,1.00,1.00
2016.01.14 11:40:37.122,9.64346,9.64541,1.00,1.00
2016.01.14 11:40:37.224,9.64359,9.64541,1.00,1.00
2016.01.14 11:40:37.376,9.64359,9.64572,1.00,1.12
2016.01.14 11:40:37.478,9.64359,9.64573,1.00,1.00
2016.01.14 11:40:37.824,9.64359,9.64541,1.00,1.00
2016.01.14 11:40:38.172,9.64359,9.64541,1.00,1.07
2016.01.14 11:40:38.923,9.64359,9.64573,1.00,1.00
2016.01.14 11:40:39.377,9.64359,9.64541,1.00,1.00
2016.01.14 11:40:39.682,9.6434,9.64504,1.00,1.00
2016.01.14 11:40:39.986,9.6434,9.64455,1.00,1.00
2016.01.14 11:40:40.037,9.64324,9.64455,1.00,1.00
2016.01.14 11:40:40.139,9.64324,9.64491,1.00,1.00
2016.01.14 11:40:40.451,9.64324,9.64524,1.00,1.00
2016.01.14 11:40:40.781,9.64324,9.64491,1.00,1.00
2016.01.14 11:40:41.143,9.64324,9.64524,1.00,1.00
2016.01.14 11:40:43.346,9.64324,9.64536,1.00,1.10
2016.01.14 11:40:43.907,9.64324,9.64536,1.00,1.60
2016.01.14 11:40:44.291,9.64338,9.6455,1.00,1.97
2016.01.14 11:40:44.852,9.64338,9.6455,1.00,1.37
2016.01.14 11:40:44.954,9.64338,9.6455,1.00,1.00
2016.01.14 11:40:45.071,9.64338,9.6455,1.00,1.60
2016.01.14 11:40:49.281,9.64353,9.64524,1.00,1.00
2016.01.14 11:40:49.383,9.64369,9.64557,1.00,1.00
2016.01.14 11:40:49.485,9.64359,9.64557,1.00,1.00
2016.01.14 11:40:49.537,9.64379,9.64557,1.00,1.00
2016.01.14 11:40:49.639,9.6434,9.64552,1.00,1.00
2016.01.14 11:40:49.691,9.64372,9.64552,1.00,1.00
2016.01.14 11:40:49.995,9.64414,9.64557,1.50,1.00
2016.01.14 11:40:50.123,9.64434,9.64599,1.00,1.00
2016.01.14 11:40:50.362,9.64434,9.64557,1.00,1.00
2016.01.14 11:40:52.461,9.64426,9.64557,1.00,1.00
2016.01.14 11:41:01.022,9.64426,9.64638,1.00,1.37
2016.01.14 11:41:01.511,9.64404,9.64616,1.00,1.00
2016.01.14 11:41:01.613,9.64428,9.6464,1.00,1.37
2016.01.14 11:41:01.816,9.64405,9.64617,1.00,1.00
2016.01.14 11:41:01.940,9.64423,9.64617,1.00,1.00
2016.01.14 11:41:02.265,9.64442,9.64655,1.00,1.12
2016.01.14 11:41:02.468,9.64442,9.64656,1.00,1.10
2016.01.14 11:41:02.519,9.64414,9.64626,1.00,1.00
2016.01.14 11:41:02.823,9.64428,9.6464,1.00,1.00
2016.01.14 11:41:04.785,9.64408,9.64617,1.00,1.00
2016.01.14 11:41:04.836,9.64405,9.64617,1.00,1.00
2016.01.14 11:41:04.887,9.64444,9.64637,1.00,1.00
2016.01.14 11:41:04.938,9.64444,9.64656,1.00,1.07
2016.01.14 11:41:05.193,9.64424,9.64627,1.00,1.00
2016.01.14 11:41:05.244,9.64413,9.64627,1.00,1.00
2016.01.14 11:41:05.295,9.64438,9.64646,1.00,1.00
2016.01.14 11:41:05.346,9.64438,9.6465,1.00,1.00
2016.01.14 11:41:08.553,9.64438,9.64646,1.00,1.00
2016.01.14 11:41:08.613,9.64405,9.64617,1.00,1.00
2016.01.14 11:41:08.715,9.64423,9.64635,1.00,1.00
2016.01.14 11:41:09.945,9.64423,9.64635,1.00,1.75
2016.01.14 11:41:12.409,9.64431,9.64643,1.00,1.87
2016.01.14 11:41:14.682,9.64431,9.64643,1.00,1.82
2016.01.14 11:41:14.885,9.64431,9.64643,1.00,1.37
2016.01.14 11:41:17.217,9.64411,9.64608,1.00,1.00
2016.01.14 11:41:17.268,9.64396,9.64608,1.00,1.00
2016.01.14 11:41:17.319,9.64417,9.64628,1.00,1.00
2016.01.14 11:41:17.841,9.64417,9.64629,1.00,1.00
2016.01.14 11:41:20.915,9.64417,9.64629,1.00,1.87
2016.01.14 11:41:21.919,9.64417,9.64629,1.00,1.00
2016.01.14 11:41:22.491,9.64417,9.64629,1.00,1.12
2016.01.14 11:41:27.442,9.64397,9.64606,1.00,1.00
2016.01.14 11:41:27.494,9.64394,9.64606,1.00,1.00
2016.01.14 11:41:27.545,9.64416,9.64626,1.00,1.07
2016.01.14 11:41:28.805,9.64416,9.64628,1.00,1.52
2016.01.14 11:41:29.047,9.64401,9.64613,1.00,1.45
2016.01.14 11:41:29.355,9.64415,9.64627,1.00,1.45
2016.01.14 11:41:31.853,9.64394,9.64529,1.00,1.00
2016.01.14 11:41:32.279,9.64408,9.64529,1.00,1.00
2016.01.14 11:41:32.483,9.64401,9.64529,1.00,1.00
2016.01.14 11:41:36.066,9.64401,9.64613,1.00,1.00
2016.01.14 11:41:36.167,9.64416,9.64628,1.00,1.37
2016.01.14 11:41:36.218,9.64416,9.64628,1.00,1.00
2016.01.14 11:41:38.483,9.64416,9.64626,1.00,1.00
2016.01.14 11:41:38.737,9.64423,9.64637,1.00,1.00
2016.01.14 11:41:38.843,9.64409,9.64621,1.00,1.00
2016.01.14 11:41:39.157,9.64435,9.64647,1.00,1.07
2016.01.14 11:41:39.358,9.6442,9.64632,1.00,1.00
2016.01.14 11:41:42.174,9.64404,9.64616,1.00,1.00
2016.01.14 11:41:42.486,9.64421,9.64633,1.00,1.00
2016.01.14 11:41:50.572,9.64421,9.64633,1.00,1.52
2016.01.14 11:41:52.502,9.64427,9.64639,1.00,1.62
2016.01.14 11:41:57.617,9.64427,9.64632,1.00,1.00
2016.01.14 11:41:58.201,9.64427,9.64632,1.00,1.37
2016.01.14 11:41:58.303,9.64407,9.64607,1.00,1.00
2016.01.14 11:41:58.354,9.64395,9.64607,1.00,1.00
2016.01.14 11:41:58.405,9.64409,9.64621,1.00,1.07
2016.01.14 11:41:58.507,9.64395,9.64607,1.00,1.00
2016.01.14 11:41:58.609,9.64417,9.64627,1.00,1.12
2016.01.14 11:41:58.727,9.64417,9.64629,1.00,1.00
2016.01.14 11:41:59.030,9.64417,9.64607,1.00,1.00
2016.01.14 11:41:59.717,9.64397,9.64607,1.50,1.00
2016.01.14 11:41:59.819,9.64425,9.64607,1.00,1.00
2016.01.14 11:42:00.624,9.64408,9.64607,1.00,1.00
2016.01.14 11:42:00.726,9.64428,9.64607,1.00,1.00
2016.01.14 11:42:01.611,9.64428,9.64632,1.00,1.07
2016.01.14 11:42:02.812,9.64408,9.64607,1.00,1.00
2016.01.14 11:42:02.863,9.64401,9.64607,1.00,1.00
2016.01.14 11:42:02.914,9.64415,9.64607,1.00,1.00
2016.01.14 11:42:04.750,9.64415,9.64627,1.00,1.07
2016.01.14 11:42:05.345,9.64397,9.64609,1.00,1.00
2016.01.14 11:42:05.447,9.64431,9.64629,1.00,1.00
2016.01.14 11:42:05.498,9.64431,9.64643,1.00,1.37
2016.01.14 11:42:05.848,9.64411,9.64612,1.00,1.00
2016.01.14 11:42:05.900,9.644,9.64612,1.00,1.00
2016.01.14 11:42:05.951,9.64419,9.64631,1.00,1.00
2016.01.14 11:42:07.303,9.64419,9.64607,1.00,1.00
2016.01.14 11:42:19.080,9.64419,9.64616,1.00,1.00
2016.01.14 11:42:22.021,9.64419,9.64631,1.00,1.00
2016.01.14 11:42:24.573,9.64399,9.64608,1.00,1.00
2016.01.14 11:42:24.684,9.64394,9.64608,1.00,1.00
2016.01.14 11:42:24.735,9.64409,9.64621,1.00,1.07
2016.01.14 11:42:25.040,9.64429,9.64632,1.00,1.37
2016.01.14 11:42:25.141,9.6441,9.6462,1.00,1.07
2016.01.14 11:42:25.192,9.6441,9.6462,1.00,1.00
2016.01.14 11:42:25.244,9.64408,9.6462,1.00,1.00
2016.01.14 11:42:26.583,9.64422,9.64633,1.00,1.37
2016.01.14 11:42:27.505,9.64422,9.64633,1.00,1.00
2016.01.14 11:42:27.657,9.64402,9.64608,1.00,1.00
2016.01.14 11:42:27.759,9.6441,9.64622,1.00,1.00
2016.01.14 11:42:30.851,9.6441,9.64607,1.00,1.00
2016.01.14 11:42:32.492,9.64414,9.64607,1.00,1.00
2016.01.14 11:42:40.915,9.64395,9.64607,1.00,1.50
2016.01.14 11:42:41.017,9.64408,9.64607,1.00,1.00
2016.01.14 11:42:41.780,9.64395,9.64607,1.00,1.50
2016.01.14 11:42:42.116,9.64412,9.64607,1.00,1.00
2016.01.14 11:42:42.217,9.64397,9.64607,1.00,1.00
2016.01.14 11:42:42.377,9.64411,9.64607,1.00,1.00
2016.01.14 11:42:42.813,9.64394,9.64606,1.00,1.00
2016.01.14 11:42:42.864,9.64394,9.64529,1.00,1.00
2016.01.14 11:42:43.168,9.64417,9.64483,1.00,1.00
2016.01.14 11:42:43.589,9.64417,9.64599,1.00,1.00
2016.01.14 11:42:43.640,9.64417,9.64599,1.00,1.07
2016.01.14 11:42:44.054,9.64402,9.64558,1.00,1.00
2016.01.14 11:42:44.613,9.64402,9.64607,1.00,1.37
2016.01.14 11:42:44.816,9.64388,9.646,1.00,1.07
2016.01.14 11:42:44.918,9.64403,9.64607,1.00,1.37
2016.01.14 11:42:45.523,9.64417,9.64607,1.00,1.37
2016.01.14 11:42:48.539,9.64417,9.64607,1.00,1.00
2016.01.14 11:42:52.069,9.64417,9.64629,1.00,1.37
2016.01.14 11:42:52.120,9.64439,9.64644,1.00,1.12
2016.01.14 11:42:52.222,9.64439,9.64651,1.00,1.07
2016.01.14 11:42:52.326,9.6442,9.64632,1.00,1.00
2016.01.14 11:42:52.428,9.6445,9.64653,1.00,1.12
2016.01.14 11:42:52.529,9.64453,9.64665,1.37,1.00
2016.01.14 11:42:52.889,9.64453,9.64665,1.85,1.00
2016.01.14 11:42:53.505,9.64446,9.64651,1.12,1.00
2016.01.14 11:42:54.110,9.64454,9.64666,1.75,1.00
2016.01.14 11:42:55.002,9.64454,9.64666,1.75,1.07
2016.01.14 11:42:56.141,9.64446,9.64652,1.12,1.00
2016.01.14 11:42:56.349,9.64456,9.64666,1.37,1.65
2016.01.14 11:42:56.400,9.64456,9.64611,1.00,1.12
2016.01.14 11:42:56.451,9.64439,9.64611,1.00,1.12
2016.01.14 11:42:56.559,9.64436,9.64611,1.00,1.12
2016.01.14 11:42:56.610,9.64425,9.64554,1.00,1.07
2016.01.14 11:42:56.662,9.64405,9.64554,1.00,1.07
2016.01.14 11:42:56.713,9.64378,9.64554,1.00,1.65
2016.01.14 11:42:56.764,9.64378,9.64554,1.00,1.95
2016.01.14 11:42:56.917,9.64376,9.64554,1.00,1.45
2016.01.14 11:42:56.968,9.64376,9.64554,1.00,1.00
2016.01.14 11:42:57.019,9.64392,9.64554,1.00,1.00
2016.01.14 11:42:57.121,9.64392,9.64604,1.00,1.00
2016.01.14 11:42:57.222,9.64417,9.64624,1.00,1.00
2016.01.14 11:42:57.324,9.64422,9.64634,1.00,1.00
2016.01.14 11:42:58.121,9.64424,9.64636,1.00,1.00
2016.01.14 11:42:58.325,9.64391,9.64605,1.00,1.00
2016.01.14 11:42:58.427,9.64394,9.64606,1.00,1.00
2016.01.14 11:42:58.666,9.64386,9.646,1.00,1.00
2016.01.14 11:42:58.718,9.64395,9.64609,1.00,1.00
2016.01.14 11:42:59.022,9.64392,9.64604,1.00,1.00
2016.01.14 11:42:59.327,9.64347,9.64559,1.00,1.00
2016.01.14 11:42:59.828,9.64346,9.64558,1.00,1.00
2016.01.14 11:43:00.916,9.64424,9.64558,1.00,1.00
2016.01.14 11:43:00.968,9.6448,9.64692,1.00,1.00
2016.01.14 11:43:01.020,9.64484,9.64692,1.00,1.00
2016.01.14 11:43:01.072,9.64504,9.64716,1.00,1.00
2016.01.14 11:43:01.123,9.64527,9.64741,1.00,1.00
2016.01.14 11:43:01.225,9.64489,9.64703,1.00,1.00
2016.01.14 11:43:01.535,9.64476,9.64688,1.00,1.00
2016.01.14 11:43:01.872,9.64461,9.64675,1.00,1.00
2016.01.14 11:43:01.976,9.6448,9.64692,1.00,1.00
2016.01.14 11:43:02.283,9.64441,9.64653,1.00,1.00
2016.01.14 11:43:02.335,9.64465,9.64679,1.00,1.00
2016.01.14 11:43:02.438,9.64444,9.64656,1.00,1.00
2016.01.14 11:43:02.541,9.6441,9.64624,1.00,1.00
2016.01.14 11:43:03.521,9.6441,9.64616,1.00,1.00
2016.01.14 11:43:03.573,9.64384,9.64596,1.00,1.00
2016.01.14 11:43:03.637,9.64401,9.64613,1.00,1.00
2016.01.14 11:43:03.943,9.64373,9.64585,1.00,1.00
2016.01.14 11:43:04.147,9.64407,9.64621,1.00,1.00
2016.01.14 11:43:04.251,9.64391,9.64603,1.00,1.00
2016.01.14 11:43:04.618,9.64425,9.64637,1.00,1.00
2016.01.14 11:43:04.923,9.64408,9.6462,1.00,1.00
2016.01.14 11:43:05.252,9.64378,9.6459,1.00,1.00
2016.01.14 11:43:05.558,9.6441,9.64624,1.00,1.00
2016.01.14 11:43:05.710,9.64381,9.64593,1.00,1.00
2016.01.14 11:43:06.015,9.64391,9.64603,1.00,1.00
2016.01.14 11:43:06.320,9.64413,9.64625,1.00,1.00
2016.01.14 11:43:06.371,9.64409,9.64623,1.00,1.00
2016.01.14 11:43:06.473,9.64412,9.64624,1.00,1.00
2016.01.14 11:43:07.263,9.64396,9.64608,1.00,1.00
2016.01.14 11:43:07.568,9.64327,9.64494,1.00,1.00
2016.01.14 11:43:07.669,9.64278,9.64492,1.00,1.00
2016.01.14 11:43:07.771,9.64284,9.64494,1.00,1.00
2016.01.14 11:43:07.873,9.64228,9.6444,1.00,1.00
2016.01.14 11:43:07.984,9.64242,9.64449,1.00,1.75
2016.01.14 11:43:08.291,9.64212,9.64401,1.00,1.12
2016.01.14 11:43:08.620,9.64217,9.64401,1.00,1.12
2016.01.14 11:43:08.971,9.64215,9.64401,1.00,1.12
2016.01.14 11:43:09.377,9.64215,9.64427,1.00,1.45
2016.01.14 11:43:09.872,9.64229,9.64436,1.00,1.12
2016.01.14 11:43:10.879,9.64243,9.64436,1.00,1.12
2016.01.14 11:43:11.048,9.64221,9.64433,1.00,1.82
2016.01.14 11:43:11.150,9.64238,9.64436,1.00,1.12
2016.01.14 11:43:11.252,9.64221,9.64433,1.00,1.82
2016.01.14 11:43:11.506,9.64221,9.64433,1.00,1.00
2016.01.14 11:43:11.660,9.64236,9.64448,1.00,1.00
2016.01.14 11:43:11.964,9.64237,9.64436,1.00,1.12
2016.01.14 11:43:12.157,9.64214,9.64428,1.00,1.45
2016.01.14 11:43:12.481,9.64238,9.64436,1.00,1.12
2016.01.14 11:43:12.887,9.64235,9.64416,1.00,1.12
2016.01.14 11:43:13.204,9.64221,9.64403,1.00,1.12
2016.01.14 11:43:13.256,9.64216,9.64403,1.00,1.12
2016.01.14 11:43:13.460,9.64235,9.64403,1.00,1.12
2016.01.14 11:43:13.563,9.6422,9.64403,1.00,1.12
2016.01.14 11:43:13.885,9.64236,9.64436,1.00,1.12
2016.01.14 11:43:13.987,9.64206,9.64418,1.00,1.37
2016.01.14 11:43:14.089,9.64189,9.64401,1.00,1.00
2016.01.14 11:43:14.191,9.64169,9.64381,1.00,1.00
2016.01.14 11:43:14.504,9.6418,9.64391,1.00,1.12
2016.01.14 11:43:14.657,9.64176,9.64388,1.00,1.82
2016.01.14 11:43:14.759,9.64172,9.64384,1.00,1.57
2016.01.14 11:43:14.965,9.64193,9.64391,1.00,1.12
2016.01.14 11:43:15.168,9.64154,9.64366,1.00,1.07
2016.01.14 11:43:15.347,9.64187,9.64391,1.00,1.12
2016.01.14 11:43:15.399,9.64168,9.6438,1.00,1.37
2016.01.14 11:43:15.500,9.64192,9.64391,1.00,1.12
2016.01.14 11:43:15.603,9.64174,9.64388,1.00,1.82
2016.01.14 11:43:15.807,9.64156,9.64368,1.00,1.07
2016.01.14 11:43:15.909,9.6417,9.64382,1.00,1.45
2016.01.14 11:43:16.231,9.64168,9.6438,1.00,1.37
2016.01.14 11:43:16.282,9.64163,9.64375,1.00,1.37
2016.01.14 11:43:16.385,9.64183,9.64391,1.00,1.12
2016.01.14 11:43:16.610,9.64167,9.64379,1.00,1.37
2016.01.14 11:43:16.661,9.64188,9.64391,1.00,1.12
2016.01.14 11:43:16.880,9.64174,9.64386,1.00,1.82
2016.01.14 11:43:16.982,9.6419,9.64391,1.00,1.12
2016.01.14 11:43:17.185,9.64167,9.64379,1.00,1.45
2016.01.14 11:43:17.300,9.64186,9.64386,1.00,1.12
2016.01.14 11:43:17.402,9.64167,9.64379,1.00,1.45
2016.01.14 11:43:17.877,9.64153,9.64365,1.00,1.12
2016.01.14 11:43:17.979,9.64179,9.64386,1.00,1.12
2016.01.14 11:43:18.296,9.64179,9.64391,1.00,1.82
2016.01.14 11:43:18.701,9.64161,9.64373,1.00,1.12
2016.01.14 11:43:18.752,9.64161,9.64373,1.00,1.45
2016.01.14 11:43:19.057,9.6419,9.64378,1.00,1.12
2016.01.14 11:43:19.244,9.64176,9.64378,1.00,1.12
2016.01.14 11:43:19.295,9.64161,9.64373,1.00,1.45
2016.01.14 11:43:19.589,9.64183,9.64378,1.00,1.12
2016.01.14 11:43:19.691,9.64158,9.6437,1.00,1.45
2016.01.14 11:43:19.969,9.64183,9.64395,1.00,1.37
2016.01.14 11:43:20.070,9.64158,9.6437,1.00,1.00
2016.01.14 11:43:20.172,9.642,9.64379,1.00,1.12
2016.01.14 11:43:20.360,9.6418,9.64379,1.00,1.12
2016.01.14 11:43:20.760,9.6418,9.64385,1.00,1.12
2016.01.14 11:43:20.811,9.64198,9.64385,1.00,1.12
2016.01.14 11:43:21.000,9.64184,9.64385,1.00,1.12
2016.01.14 11:43:21.102,9.64169,9.64381,1.00,1.57
2016.01.14 11:43:21.203,9.6419,9.64385,1.00,1.12
2016.01.14 11:43:21.305,9.64171,9.64383,1.00,1.82
2016.01.14 11:43:21.461,9.64156,9.64368,1.00,1.07
2016.01.14 11:43:21.512,9.64204,9.64393,1.00,1.12
2016.01.14 11:43:21.614,9.64201,9.64393,1.00,1.12
2016.01.14 11:43:21.716,9.64185,9.64393,1.00,1.12
2016.01.14 11:43:21.818,9.64169,9.64381,1.00,1.47
2016.01.14 11:43:22.022,9.64188,9.64393,1.00,1.12
2016.01.14 11:43:22.073,9.64172,9.64384,1.00,1.45
2016.01.14 11:43:22.199,9.6417,9.64382,1.00,1.45
2016.01.14 11:43:22.309,9.64155,9.64369,1.00,1.07
2016.01.14 11:43:22.512,9.6418,9.64392,1.00,1.82
2016.01.14 11:43:22.675,9.64166,9.64378,1.00,1.50
2016.01.14 11:43:22.726,9.64166,9.64378,1.00,1.87
2016.01.14 11:43:22.930,9.6418,9.64392,1.00,1.07
2016.01.14 11:43:22.981,9.64182,9.64394,1.00,1.37
2016.01.14 11:43:23.107,9.64179,9.64391,1.00,1.07
2016.01.14 11:43:23.158,9.64179,9.64381,1.00,1.12
2016.01.14 11:43:23.311,9.64164,9.64376,1.00,1.45
2016.01.14 11:43:23.412,9.64171,9.64381,1.00,1.12
2016.01.14 11:43:23.717,9.64173,9.64385,1.00,1.87
2016.01.14 11:43:23.993,9.64193,9.64385,1.00,1.12
2016.01.14 11:43:24.094,9.64167,9.64379,1.00,1.45
2016.01.14 11:43:24.413,9.64203,9.64385,1.00,1.12
2016.01.14 11:43:24.464,9.64203,9.64393,1.00,1.12
2016.01.14 11:43:24.515,9.64185,9.64393,1.00,1.12
2016.01.14 11:43:24.617,9.642,9.64393,1.00,1.12
2016.01.14 11:43:24.721,9.64176,9.64388,1.00,1.45
2016.01.14 11:43:24.824,9.64201,9.64393,1.00,1.12
2016.01.14 11:43:25.047,9.64187,9.64385,1.00,1.12
2016.01.14 11:43:25.098,9.64173,9.64385,1.00,1.87
2016.01.14 11:43:25.200,9.6418,9.64385,1.00,1.12
2016.01.14 11:43:25.515,9.64166,9.6438,1.00,1.45
2016.01.14 11:43:25.617,9.64148,9.6436,1.00,1.07
2016.01.14 11:43:25.718,9.64167,9.64379,1.00,1.45
2016.01.14 11:43:25.820,9.64152,9.64364,1.00,1.07
2016.01.14 11:43:25.922,9.64177,9.64376,1.00,1.12
2016.01.14 11:43:26.084,9.64171,9.64376,1.00,1.12
2016.01.14 11:43:26.186,9.64186,9.64376,1.00,1.12
2016.01.14 11:43:26.492,9.64181,9.64376,1.00,1.12
2016.01.14 11:43:26.594,9.64165,9.64376,1.00,1.12
2016.01.14 11:43:26.696,9.64169,9.64381,1.00,1.57
2016.01.14 11:43:26.797,9.64176,9.64385,1.00,1.12
2016.01.14 11:43:27.328,9.64177,9.64385,1.00,1.12
2016.01.14 11:43:27.430,9.64177,9.64389,1.00,1.00
2016.01.14 11:43:27.482,9.6418,9.64389,1.00,1.00
2016.01.14 11:43:27.583,9.64186,9.64398,1.00,1.00
2016.01.14 11:43:27.634,9.64186,9.64398,1.00,1.37
2016.01.14 11:43:27.939,9.64201,9.64393,1.00,1.12
2016.01.14 11:43:27.990,9.64182,9.64393,1.00,1.12
2016.01.14 11:43:28.092,9.6416,9.64372,1.00,1.07
2016.01.14 11:43:28.193,9.64188,9.64391,1.00,1.12
2016.01.14 11:43:28.494,9.64169,9.64381,1.00,1.57
2016.01.14 11:43:28.596,9.64164,9.64376,1.00,1.45
2016.01.14 11:43:28.834,9.6415,9.64362,1.00,1.07
2016.01.14 11:43:28.936,9.64165,9.64379,1.00,1.45
2016.01.14 11:43:28.987,9.64195,9.64407,1.00,1.07
2016.01.14 11:43:29.089,9.64174,9.64386,1.00,1.00
2016.01.14 11:43:29.190,9.64159,9.64373,1.00,1.07
2016.01.14 11:43:29.541,9.64195,9.64393,1.00,1.12
2016.01.14 11:43:29.592,9.64179,9.64391,1.00,1.57
2016.01.14 11:43:29.694,9.64165,9.64377,1.00,1.37
2016.01.14 11:43:29.796,9.64187,9.64393,1.00,1.12
2016.01.14 11:43:29.898,9.6417,9.64382,1.00,1.45
2016.01.14 11:43:29.999,9.64204,9.64393,1.00,1.12
2016.01.14 11:43:30.101,9.64181,9.64389,1.00,1.45
2016.01.14 11:43:30.203,9.64157,9.64369,1.00,1.07
2016.01.14 11:43:30.305,9.64175,9.64387,1.00,1.45
2016.01.14 11:43:30.620,9.64197,9.64393,1.00,1.12
2016.01.14 11:43:30.721,9.64172,9.64384,1.00,1.45
2016.01.14 11:43:30.773,9.64172,9.64384,1.00,1.82
2016.01.14 11:43:31.128,9.64207,9.64386,1.00,1.12
2016.01.14 11:43:31.230,9.64192,9.64386,1.00,1.12
2016.01.14 11:43:31.331,9.64194,9.64386,1.00,1.12
2016.01.14 11:43:31.433,9.64179,9.64386,1.00,1.12
2016.01.14 11:43:31.595,9.64197,9.64386,1.00,1.12
2016.01.14 11:43:31.697,9.64181,9.64386,1.00,1.12
2016.01.14 11:43:31.799,9.64204,9.64386,1.00,1.12
2016.01.14 11:43:31.901,9.64195,9.64386,1.00,1.12
2016.01.14 11:43:32.003,9.64177,9.64387,1.00,1.12
2016.01.14 11:43:32.519,9.64173,9.64385,1.00,1.82
2016.01.14 11:43:32.732,9.642,9.64387,1.00,1.12
2016.01.14 11:43:32.833,9.64187,9.64387,1.00,1.12
2016.01.14 11:43:33.477,9.64187,9.64388,1.00,1.12
2016.01.14 11:43:34.133,9.64203,9.64388,1.00,1.12
2016.01.14 11:43:34.235,9.64187,9.64388,1.00,1.12
2016.01.14 11:43:35.241,9.64173,9.64385,1.00,1.57
2016.01.14 11:43:35.494,9.64173,9.64385,1.00,1.45
2016.01.14 11:43:35.545,9.64193,9.64393,1.00,1.12
2016.01.14 11:43:35.647,9.64173,9.64385,1.00,1.45
2016.01.14 11:43:35.851,9.64157,9.64369,1.00,1.07
2016.01.14 11:43:35.902,9.64171,9.64378,1.00,1.12
2016.01.14 11:43:36.103,9.64154,9.64366,1.00,1.47
2016.01.14 11:43:37.749,9.64182,9.64378,1.00,1.12
2016.01.14 11:43:37.952,9.64163,9.64375,1.00,1.57
2016.01.14 11:43:38.054,9.64187,9.64378,1.00,1.12
2016.01.14 11:43:38.105,9.64185,9.64378,1.00,1.12
2016.01.14 11:43:38.207,9.64201,9.64378,1.00,1.12
2016.01.14 11:43:38.427,9.64168,9.64378,1.00,1.12
2016.01.14 11:43:38.530,9.64208,9.64378,1.00,1.12
2016.01.14 11:43:38.631,9.64188,9.64378,1.00,1.12
2016.01.14 11:43:38.733,9.64206,9.64378,1.00,1.12
2016.01.14 11:43:38.835,9.64183,9.64378,1.00,1.12
2016.01.14 11:43:38.937,9.64204,9.64378,1.00,1.12
2016.01.14 11:43:38.988,9.64204,9.64387,1.00,1.12
2016.01.14 11:43:39.039,9.64187,9.64387,1.00,1.12
2016.01.14 11:43:39.154,9.64173,9.64385,1.00,1.82
2016.01.14 11:43:39.479,9.64202,9.64387,1.00,1.12
2016.01.14 11:43:39.655,9.64189,9.64387,1.00,1.12
2016.01.14 11:43:39.909,9.64208,9.64387,1.00,1.12
2016.01.14 11:43:40.011,9.64187,9.64394,1.00,1.12
2016.01.14 11:43:40.214,9.64169,9.64381,1.00,1.45
2016.01.14 11:43:40.612,9.64155,9.64367,1.00,1.07
2016.01.14 11:43:40.715,9.64178,9.64388,1.00,1.12
2016.01.14 11:43:40.817,9.64168,9.6438,1.00,1.45
2016.01.14 11:43:40.920,9.64143,9.64355,1.00,1.00
2016.01.14 11:43:41.023,9.64165,9.64377,1.00,1.45
2016.01.14 11:43:41.226,9.64132,9.64344,1.00,1.00
2016.01.14 11:43:41.328,9.64137,9.64349,1.00,1.00
2016.01.14 11:43:41.642,9.64148,9.6436,1.00,1.37
2016.01.14 11:43:41.862,9.64144,9.64356,1.00,1.07
2016.01.14 11:43:42.533,9.64149,9.64356,1.00,1.07
2016.01.14 11:43:42.738,9.64144,9.64356,1.00,1.07
2016.01.14 11:43:42.941,9.64176,9.64378,1.00,1.12
2016.01.14 11:43:43.042,9.64146,9.64358,1.00,1.12
2016.01.14 11:43:43.265,9.64166,9.64378,1.00,1.87
2016.01.14 11:43:43.571,9.64174,9.64378,1.00,1.12
2016.01.14 11:43:43.874,9.64188,9.64378,1.00,1.12
2016.01.14 11:43:44.068,9.64173,9.64378,1.00,1.12
2016.01.14 11:43:44.173,9.64173,9.64385,1.00,1.82
2016.01.14 11:43:44.427,9.64155,9.64367,1.00,1.37
2016.01.14 11:43:44.631,9.64184,9.64386,1.00,1.12
2016.01.14 11:43:44.732,9.64169,9.64381,1.00,1.57
2016.01.14 11:43:45.169,9.64154,9.64366,1.00,1.07
2016.01.14 11:43:45.221,9.64169,9.64366,1.00,1.07
2016.01.14 11:43:45.475,9.64166,9.64378,1.00,1.37
2016.01.14 11:43:45.526,9.64152,9.64364,1.00,1.07
2016.01.14 11:43:45.628,9.64175,9.64389,1.00,1.45
2016.01.14 11:43:45.832,9.64154,9.64366,1.00,1.37
2016.01.14 11:43:45.934,9.64169,9.6438,1.00,1.12
2016.01.14 11:43:46.036,9.64167,9.64379,1.00,1.82
2016.01.14 11:43:46.137,9.64184,9.6438,1.00,1.12
2016.01.14 11:43:46.235,9.64165,9.64377,1.00,1.82
2016.01.14 11:43:46.532,9.64193,9.6438,1.00,1.12
2016.01.14 11:43:46.634,9.64157,9.64369,1.00,1.45
2016.01.14 11:43:46.736,9.64175,9.6438,1.00,1.12
2016.01.14 11:43:46.938,9.64159,9.64371,1.00,1.45
2016.01.14 11:43:47.040,9.64149,9.64361,1.00,1.37
2016.01.14 11:43:47.243,9.64174,9.6438,1.00,1.12
2016.01.14 11:43:47.344,9.64143,9.64355,1.00,1.07
2016.01.14 11:43:47.446,9.64164,9.64376,1.00,1.57
2016.01.14 11:43:47.598,9.64162,9.64374,1.00,1.45
2016.01.14 11:43:47.750,9.64152,9.64364,1.00,1.37
2016.01.14 11:43:47.852,9.64167,9.64379,1.00,1.82
2016.01.14 11:43:48.055,9.64162,9.64374,1.00,1.45
2016.01.14 11:43:48.157,9.64189,9.6438,1.00,1.12
2016.01.14 11:43:48.258,9.64174,9.6438,1.00,1.12
2016.01.14 11:43:48.360,9.64158,9.6437,1.00,1.45
2016.01.14 11:43:48.462,9.64178,9.6438,1.00,1.12
2016.01.14 11:43:48.564,9.64162,9.64374,1.00,1.45
2016.01.14 11:43:48.981,9.64146,9.64358,1.00,1.07
2016.01.14 11:43:49.084,9.64159,9.64371,1.00,1.45
2016.01.14 11:43:49.692,9.64159,9.64371,1.00,1.00
2016.01.14 11:43:49.743,9.64191,9.64403,1.00,1.45
2016.01.14 11:43:49.845,9.64169,9.64381,1.00,1.10
2016.01.14 11:43:49.972,9.64173,9.64385,1.00,1.07
2016.01.14 11:43:50.023,9.64173,9.64385,1.00,1.00
2016.01.14 11:43:50.176,9.64187,9.64399,1.00,1.07
2016.01.14 11:43:50.581,9.64173,9.64385,1.00,1.00
2016.01.14 11:43:50.734,9.64176,9.64385,1.00,1.00
2016.01.14 11:43:50.887,9.64178,9.6439,1.00,1.00
2016.01.14 11:43:51.382,9.64192,9.64404,1.00,1.07
2016.01.14 11:43:51.554,9.64174,9.64386,1.00,1.00
2016.01.14 11:43:51.757,9.6419,9.64402,1.00,1.07
2016.01.14 11:43:52.272,9.64176,9.64388,1.00,1.00
2016.01.14 11:43:52.485,9.64189,9.64403,1.00,1.07
2016.01.14 11:43:52.587,9.64179,9.64391,1.00,1.00
2016.01.14 11:43:53.264,9.64195,9.64407,1.00,1.07
2016.01.14 11:43:53.365,9.64177,9.64391,1.00,1.00
2016.01.14 11:43:53.468,9.64192,9.64404,1.00,1.07
2016.01.14 11:43:53.671,9.64177,9.64389,1.00,1.00
2016.01.14 11:43:56.972,9.64194,9.64406,1.00,1.07
2016.01.14 11:43:57.194,9.6418,9.64392,1.00,1.00
2016.01.14 11:43:58.691,9.64165,9.64379,1.00,1.00
2016.01.14 11:43:58.792,9.6418,9.64392,1.00,1.00
2016.01.14 11:44:00.514,9.64163,9.64377,1.00,1.00
2016.01.14 11:44:01.502,9.64178,9.6439,1.00,1.00
2016.01.14 11:44:01.837,9.64163,9.64375,1.00,1.00
2016.01.14 11:44:02.620,9.64177,9.64389,1.00,1.00
2016.01.14 11:44:07.085,9.6416,9.64372,1.00,1.00
2016.01.14 11:44:07.389,9.64157,9.64369,1.00,1.00
2016.01.14 11:44:07.938,9.64156,9.64368,1.00,1.00
2016.01.14 11:44:08.270,9.64137,9.64349,1.00,1.00
2016.01.14 11:44:08.601,9.64162,9.64376,1.00,1.00
2016.01.14 11:44:08.703,9.64178,9.6439,1.00,1.00
2016.01.14 11:44:09.010,9.64162,9.64374,1.00,1.00
2016.01.14 11:44:09.595,9.64176,9.64388,1.00,1.00
2016.01.14 11:44:10.101,9.64161,9.64373,1.00,1.00
2016.01.14 11:44:10.304,9.64144,9.64358,1.00,1.00
2016.01.14 11:44:10.405,9.64163,9.64375,1.00,1.07
2016.01.14 11:44:10.507,9.64148,9.6436,1.00,1.00
2016.01.14 11:44:10.609,9.64162,9.64374,1.00,1.07
2016.01.14 11:44:10.812,9.64138,9.6435,1.00,1.07
2016.01.14 11:44:10.990,9.64162,9.6437,1.00,1.45
2016.01.14 11:44:11.304,9.64146,9.64358,1.00,1.07
2016.01.14 11:44:11.406,9.64132,9.64344,1.00,1.00
2016.01.14 11:44:11.507,9.64147,9.64359,1.00,1.07
2016.01.14 11:44:11.811,9.64158,9.6437,1.00,1.45
2016.01.14 11:44:11.913,9.64141,9.64353,1.00,1.07
2016.01.14 11:44:12.062,9.6416,9.64373,1.00,1.45
2016.01.14 11:44:12.113,9.6414,9.64352,1.00,1.07
2016.01.14 11:44:12.215,9.6416,9.64372,1.00,1.45
2016.01.14 11:44:12.317,9.6414,9.64352,1.00,1.07
2016.01.14 11:44:12.427,9.64166,9.64378,1.00,1.82
2016.01.14 11:44:12.529,9.64147,9.64361,1.00,1.37
2016.01.14 11:44:13.215,9.64164,9.64376,1.00,1.57
2016.01.14 11:44:13.545,9.64149,9.64361,1.00,1.37
2016.01.14 11:44:13.715,9.64134,9.64348,1.00,1.10
2016.01.14 11:44:13.817,9.64155,9.64367,1.00,1.37
2016.01.14 11:44:14.123,9.64173,9.6438,1.00,1.12
2016.01.14 11:44:14.225,9.64173,9.64385,1.00,1.37
2016.01.14 11:44:14.378,9.64153,9.64361,1.00,1.00
2016.01.14 11:44:14.429,9.64171,9.64383,1.00,1.37
2016.01.14 11:44:14.530,9.64152,9.64364,1.00,1.00
2016.01.14 11:44:14.986,9.64152,9.64364,1.00,1.37
2016.01.14 11:44:15.722,9.64167,9.64379,1.00,1.82
2016.01.14 11:44:15.835,9.64161,9.64373,1.00,1.45
2016.01.14 11:44:15.937,9.64163,9.64375,1.00,1.45
2016.01.14 11:44:16.039,9.64149,9.64361,1.00,1.37
2016.01.14 11:44:16.140,9.64174,9.6438,1.00,1.12
2016.01.14 11:44:16.242,9.64158,9.6437,1.00,1.45
2016.01.14 11:44:16.344,9.64172,9.6438,1.00,1.12
2016.01.14 11:44:16.445,9.64145,9.64357,1.00,1.07
2016.01.14 11:44:16.715,9.64164,9.64376,1.00,1.57
2016.01.14 11:44:18.147,9.64146,9.64358,1.00,1.07
2016.01.14 11:44:18.248,9.64163,9.64375,1.00,1.45
2016.01.14 11:44:18.350,9.64146,9.64358,1.00,1.07
2016.01.14 11:44:18.451,9.64164,9.64376,1.00,1.57
2016.01.14 11:44:18.553,9.64149,9.64361,1.00,1.37
2016.01.14 11:44:18.687,9.64173,9.6438,1.00,1.12
2016.01.14 11:44:18.941,9.64155,9.64367,1.00,1.37
2016.01.14 11:44:19.051,9.64137,9.64349,1.00,1.07
2016.01.14 11:44:19.153,9.64154,9.64366,1.00,1.37
2016.01.14 11:44:19.407,9.64139,9.64351,1.00,1.07
2016.01.14 11:44:19.843,9.64169,9.6438,1.00,1.12
2016.01.14 11:44:19.944,9.64151,9.64363,1.00,1.37
2016.01.14 11:44:20.054,9.64171,9.6438,1.00,1.12
2016.01.14 11:44:20.156,9.64142,9.64356,1.00,1.07
2016.01.14 11:44:20.359,9.64164,9.64376,1.00,1.57
2016.01.14 11:44:22.292,9.6415,9.64362,1.00,1.37
2016.01.14 11:44:22.343,9.64165,9.64377,1.00,1.82
2016.01.14 11:44:22.446,9.6415,9.64362,1.00,1.37
2016.01.14 11:44:22.614,9.64174,9.6438,1.00,1.12
2016.01.14 11:44:22.716,9.6416,9.64372,1.00,1.45
2016.01.14 11:44:23.021,9.64145,9.64357,1.00,1.07
2016.01.14 11:44:23.224,9.64165,9.64377,1.00,2.32
2016.01.14 11:44:23.423,9.6415,9.64362,1.00,1.37
2016.01.14 11:44:24.054,9.64172,9.6438,1.00,1.12
2016.01.14 11:44:24.156,9.64157,9.64369,1.00,1.45
2016.01.14 11:44:24.258,9.64173,9.6438,1.00,1.12
2016.01.14 11:44:24.356,9.6417,9.6438,1.00,1.12
2016.01.14 11:44:24.559,9.64155,9.64369,1.00,1.45
2016.01.14 11:44:24.619,9.6417,9.6438,1.00,1.12
2016.01.14 11:44:24.721,9.6415,9.64341,1.00,1.00
2016.01.14 11:44:24.772,9.64129,9.64341,1.00,1.00
2016.01.14 11:44:24.823,9.64153,9.64361,1.00,1.37
2016.01.14 11:44:25.187,9.64189,9.64392,1.00,1.82
2016.01.14 11:44:25.238,9.64174,9.64386,1.00,1.45
2016.01.14 11:44:25.340,9.64154,9.64366,1.50,1.07
2016.01.14 11:44:25.441,9.64161,9.64373,1.00,1.12
2016.01.14 11:44:25.756,9.64163,9.64375,1.00,1.37
2016.01.14 11:44:26.073,9.64184,9.64378,1.00,1.12
2016.01.14 11:44:26.125,9.64167,9.64378,1.00,1.12
2016.01.14 11:44:26.176,9.64167,9.64381,1.00,1.37
2016.01.14 11:44:26.227,9.64183,9.64395,1.00,1.57
2016.01.14 11:44:26.977,9.64183,9.64385,1.00,1.12
2016.01.14 11:44:27.753,9.64183,9.64395,1.00,1.45
2016.01.14 11:44:29.066,9.64168,9.64382,1.00,1.07
2016.01.14 11:44:29.167,9.64168,9.64382,1.00,1.45
2016.01.14 11:44:29.556,9.64187,9.64393,1.00,1.12
2016.01.14 11:44:30.933,9.64173,9.64385,1.00,1.45
2016.01.14 11:44:30.984,9.64173,9.64385,1.00,1.82
2016.01.14 11:44:31.288,9.64175,9.64382,1.00,1.12
2016.01.14 11:44:31.441,9.6416,9.64365,1.00,1.45
2016.01.14 11:44:31.492,9.64161,9.64365,1.00,1.57
2016.01.14 11:44:31.797,9.64186,9.64376,1.00,1.12
2016.01.14 11:44:31.848,9.6417,9.64376,1.00,1.12
2016.01.14 11:44:31.950,9.64184,9.64376,1.00,1.12
2016.01.14 11:44:32.051,9.6418,9.64376,1.00,1.12
2016.01.14 11:44:32.478,9.64173,9.64376,1.00,1.12
2016.01.14 11:44:32.847,9.64187,9.64376,1.00,1.12
2016.01.14 11:44:32.948,9.6417,9.64376,1.00,1.12
2016.01.14 11:44:34.376,9.64185,9.64376,1.00,1.12
2016.01.14 11:44:34.640,9.6417,9.64376,1.00,1.12
2016.01.14 11:44:34.991,9.64186,9.64376,1.00,1.12
2016.01.14 11:44:35.379,9.64172,9.64376,1.00,1.12
2016.01.14 11:44:35.945,9.64187,9.64376,1.00,1.12
2016.01.14 11:44:38.191,9.64174,9.64376,1.00,1.12
2016.01.14 11:44:38.689,9.64189,9.64376,1.00,1.12
2016.01.14 11:44:39.851,9.64174,9.64374,1.00,1.82
2016.01.14 11:44:40.152,9.64189,9.64374,1.00,1.82
2016.01.14 11:44:41.358,9.64164,9.64376,1.00,1.87
2016.01.14 11:44:41.460,9.6418,9.64376,1.00,1.12
2016.01.14 11:44:41.778,9.64154,9.64366,1.00,1.45
2016.01.14 11:44:41.999,9.64171,9.64376,1.00,1.12
2016.01.14 11:44:42.788,9.64186,9.64376,1.00,1.12
2016.01.14 11:44:43.199,9.64166,9.64376,1.00,1.12
2016.01.14 11:44:43.468,9.64181,9.64376,1.00,1.12
2016.01.14 11:44:43.569,9.64163,9.64376,1.00,1.12
2016.01.14 11:44:44.079,9.6418,9.64376,1.00,1.12
2016.01.14 11:44:45.084,9.64165,9.64376,1.00,1.12
2016.01.14 11:44:45.186,9.64146,9.64358,1.00,1.37
2016.01.14 11:44:45.237,9.64148,9.64358,1.00,1.37
2016.01.14 11:44:45.560,9.64186,9.64374,1.00,1.82
2016.01.14 11:44:45.627,9.64165,9.64374,1.00,1.82
2016.01.14 11:44:45.892,9.64184,9.64374,1.00,1.82
2016.01.14 11:44:46.165,9.64164,9.64374,1.50,1.82
2016.01.14 11:44:46.267,9.64182,9.64374,1.00,1.82
2016.01.14 11:44:46.474,9.64161,9.64373,1.50,1.82
2016.01.14 11:44:46.686,9.64176,9.64374,1.00,1.82
2016.01.14 11:44:47.198,9.64156,9.64367,1.00,1.57
2016.01.14 11:44:47.301,9.64138,9.6435,1.00,1.07
2016.01.14 11:44:47.403,9.64143,9.64351,1.00,1.12
2016.01.14 11:44:47.750,9.64171,9.64351,1.00,1.12
2016.01.14 11:44:47.801,9.64165,9.64351,1.00,1.12
2016.01.14 11:44:47.954,9.64165,9.64356,1.00,1.12
2016.01.14 11:44:48.006,9.64198,9.64356,1.00,1.12
2016.01.14 11:44:48.211,9.64198,9.64379,1.00,1.12
2016.01.14 11:44:48.313,9.64184,9.64349,1.00,1.07
2016.01.14 11:44:48.722,9.64184,9.64382,1.00,1.12
2016.01.14 11:44:48.774,9.6417,9.64382,1.00,1.87
2016.01.14 11:44:48.876,9.64184,9.64349,1.00,1.10
2016.01.14 11:44:48.978,9.64168,9.64349,1.00,1.37
2016.01.14 11:44:49.080,9.64182,9.64349,1.00,1.37
2016.01.14 11:44:49.182,9.64166,9.64349,1.00,1.37
2016.01.14 11:44:49.283,9.64185,9.64349,1.00,1.47
2016.01.14 11:44:49.385,9.6417,9.64349,1.00,1.47
2016.01.14 11:44:49.584,9.6415,9.64349,1.00,1.47
2016.01.14 11:44:49.771,9.64164,9.64349,1.00,1.47
2016.01.14 11:44:50.399,9.64149,9.64349,1.00,1.47
2016.01.14 11:44:50.501,9.64166,9.64349,1.00,1.47
2016.01.14 11:44:51.181,9.64151,9.64349,1.00,1.47
2016.01.14 11:44:51.386,9.64165,9.64357,1.00,1.57
2016.01.14 11:44:52.184,9.6415,9.64357,1.00,1.57
2016.01.14 11:44:52.490,9.64165,9.64357,1.00,1.57
2016.01.14 11:44:52.693,9.64156,9.64361,1.00,1.12
2016.01.14 11:44:52.744,9.64153,9.64361,1.00,1.12
2016.01.14 11:44:52.896,9.64177,9.64361,1.00,1.12
2016.01.14 11:44:52.998,9.6416,9.64361,1.00,1.12
2016.01.14 11:44:53.425,9.64176,9.64361,1.00,1.12
2016.01.14 11:44:53.527,9.64162,9.64361,1.00,1.12
2016.01.14 11:44:54.283,9.64148,9.6436,1.00,1.82
2016.01.14 11:44:54.593,9.64176,9.64361,1.00,1.12
2016.01.14 11:44:54.694,9.64156,9.64361,1.50,1.12
2016.01.14 11:44:55.317,9.64174,9.64361,1.00,1.12
2016.01.14 11:44:55.520,9.6416,9.64361,1.00,1.12
2016.01.14 11:44:55.723,9.64179,9.64361,1.00,1.12
2016.01.14 11:44:58.384,9.64162,9.64361,1.00,1.12
2016.01.14 11:44:58.742,9.64178,9.64361,1.00,1.12
2016.01.14 11:45:00.516,9.6416,9.64361,1.00,1.12
2016.01.14 11:45:00.618,9.64176,9.64361,1.00,1.12
2016.01.14 11:45:00.720,9.64158,9.6437,1.00,1.37
2016.01.14 11:45:00.822,9.64142,9.64354,1.00,1.07
2016.01.14 11:45:00.923,9.64154,9.64366,1.00,1.37
2016.01.14 11:45:01.025,9.64138,9.64352,1.00,1.10
2016.01.14 11:45:01.077,9.64144,9.64341,1.00,1.00
2016.01.14 11:45:01.420,9.6419,9.64341,1.00,1.07
2016.01.14 11:45:01.521,9.64174,9.64341,1.00,1.07
2016.01.14 11:45:01.839,9.64189,9.64341,1.00,1.07
2016.01.14 11:45:01.942,9.64174,9.64341,1.00,1.07
2016.01.14 11:45:03.749,9.64191,9.64341,1.00,1.07
2016.01.14 11:45:03.851,9.64175,9.64341,1.00,1.07
2016.01.14 11:45:05.657,9.6419,9.64363,1.00,1.12
2016.01.14 11:45:05.932,9.64175,9.64363,1.00,1.12
2016.01.14 11:45:06.629,9.64189,9.64394,1.00,1.12
2016.01.14 11:45:06.680,9.64189,9.64394,1.00,1.12
2016.01.14 11:45:07.230,9.64189,9.64401,1.00,1.07
2016.01.14 11:45:10.332,9.64203,9.64415,1.00,1.37
2016.01.14 11:45:10.436,9.64203,9.64415,1.00,1.00
2016.01.14 11:45:24.451,9.6419,9.64402,1.00,1.00
2016.01.14 11:45:25.284,9.64204,9.64418,1.00,1.00
2016.01.14 11:45:25.386,9.64178,9.6439,1.00,1.00
2016.01.14 11:45:25.488,9.6418,9.64394,1.00,1.00
2016.01.14 11:45:25.598,9.64165,9.64377,1.00,1.00
2016.01.14 11:45:25.902,9.64215,9.64427,1.00,1.00
2016.01.14 11:45:37.909,9.6423,9.64442,1.00,1.00
2016.01.14 11:45:38.228,9.64246,9.64458,1.00,1.00
2016.01.14 11:45:38.707,9.64259,9.64473,1.00,1.00
2016.01.14 11:45:38.911,9.64246,9.64458,1.00,1.00
2016.01.14 11:45:39.230,9.64246,9.64458,1.07,1.00
2016.01.14 11:45:39.898,9.64246,9.64458,1.45,1.00
2016.01.14 11:45:40.196,9.64246,9.64458,1.07,1.00
2016.01.14 11:45:43.630,9.64271,9.64478,1.00,1.00
2016.01.14 11:45:43.681,9.64271,9.64483,1.00,1.00
2016.01.14 11:45:43.734,9.64276,9.64488,1.00,1.00
2016.01.14 11:45:44.041,9.6431,9.64522,1.00,1.00
2016.01.14 11:45:44.345,9.6433,9.64542,1.00,1.50
2016.01.14 11:45:44.685,9.64316,9.64528,1.00,1.00
2016.01.14 11:45:52.437,9.64313,9.64525,1.00,1.00
2016.01.14 11:45:55.639,9.64327,9.64541,1.00,1.00
2016.01.14 11:45:55.860,9.64314,9.64526,1.00,1.00
2016.01.14 11:45:58.091,9.64332,9.64544,1.00,1.00
2016.01.14 11:45:58.409,9.64336,9.64548,1.00,1.00
2016.01.14 11:45:58.723,9.64321,9.64533,1.00,1.00
2016.01.14 11:45:59.552,9.64337,9.64549,1.00,1.00
2016.01.14 11:45:59.856,9.64354,9.64566,1.00,1.00
2016.01.14 11:46:00.161,9.64333,9.64545,1.00,1.00
2016.01.14 11:46:00.465,9.64326,9.6454,1.00,1.00
2016.01.14 11:46:00.576,9.64342,9.64554,1.00,1.00
2016.01.14 11:46:00.881,9.64334,9.64546,1.00,1.00
2016.01.14 11:46:01.236,9.64353,9.64547,1.00,1.00
2016.01.14 11:46:01.287,9.64372,9.64584,1.00,1.00
2016.01.14 11:46:01.574,9.64372,9.64586,1.00,1.00
2016.01.14 11:46:01.800,9.6439,9.64602,1.00,1.00
2016.01.14 11:46:05.907,9.64376,9.64588,1.00,1.00
2016.01.14 11:46:06.243,9.6439,9.64602,1.00,1.00
2016.01.14 11:46:07.779,9.64376,9.64588,1.00,1.00
2016.01.14 11:46:08.194,9.64392,9.64604,1.00,1.50
2016.01.14 11:46:09.699,9.64376,9.64588,1.00,1.00
2016.01.14 11:46:10.793,9.6439,9.64602,1.00,1.00
2016.01.14 11:46:12.486,9.64395,9.64607,1.00,1.00
2016.01.14 11:46:19.003,9.64409,9.64621,1.00,1.00
2016.01.14 11:46:19.426,9.64393,9.64605,1.00,1.00
2016.01.14 11:46:19.731,9.64418,9.6463,1.00,1.00
2016.01.14 11:46:20.227,9.6446,9.64672,1.00,1.00
2016.01.14 11:46:20.531,9.64462,9.64676,1.00,1.00
2016.01.14 11:46:20.633,9.64477,9.64689,1.00,1.00
2016.01.14 11:46:21.161,9.64476,9.64688,1.00,1.00
2016.01.14 11:46:24.927,9.6446,9.64672,1.00,1.00
2016.01.14 11:46:25.661,9.64474,9.64686,1.00,1.00
2016.01.14 11:46:26.380,9.64474,9.64679,1.00,1.00
2016.01.14 11:46:32.518,9.64462,9.64674,1.00,1.00
2016.01.14 11:46:43.525,9.64462,9.64533,1.00,2.72
2016.01.14 11:46:43.577,9.64442,9.64511,1.00,1.00
2016.01.14 11:46:43.629,9.64431,9.64583,1.00,1.37
2016.01.14 11:46:43.681,9.6441,9.64491,1.00,1.00
2016.01.14 11:46:43.732,9.64317,9.64491,1.12,1.00
2016.01.14 11:46:43.783,9.64327,9.64511,1.50,1.00
2016.01.14 11:46:43.834,9.64327,9.64539,1.50,1.00
2016.01.14 11:46:43.885,9.6435,9.64559,1.00,1.00
2016.01.14 11:46:43.936,9.6435,9.64564,1.00,1.07
2016.01.14 11:46:44.241,9.64362,9.64536,1.00,1.12
2016.01.14 11:46:44.292,9.64344,9.64536,1.00,1.12
2016.01.14 11:46:44.394,9.64358,9.64531,1.00,1.12
2016.01.14 11:46:44.495,9.64338,9.64521,1.00,1.47
2016.01.14 11:46:44.546,9.64309,9.64521,1.00,1.47
2016.01.14 11:46:44.598,9.64295,9.64507,1.00,1.07
2016.01.14 11:46:44.784,9.64319,9.64528,1.00,1.82
2016.01.14 11:46:44.886,9.64298,9.6451,1.50,1.12
2016.01.14 11:46:44.988,9.64327,9.6453,1.00,1.00
2016.01.14 11:46:45.039,9.64327,9.64539,1.00,1.00
2016.01.14 11:46:45.090,9.64307,9.645,1.00,1.00
2016.01.14 11:46:45.141,9.64288,9.645,1.00,1.00
2016.01.14 11:46:48.789,9.64274,9.64486,1.00,1.00
2016.01.14 11:46:49.130,9.64289,9.64501,1.00,1.00
2016.01.14 11:46:50.133,9.64273,9.64485,1.00,1.00
2016.01.14 11:46:52.543,9.6428,9.64492,1.00,1.00
2016.01.14 11:47:12.478,9.64274,9.64486,1.00,1.00
2016.01.14 11:47:32.438,9.64267,9.64479,1.00,1.00
2016.01.14 11:47:33.529,9.64285,9.64497,1.00,1.00
2016.01.14 11:47:34.037,9.64271,9.64483,1.00,1.00
2016.01.14 11:47:34.362,9.6429,9.64502,1.00,1.00
2016.01.14 11:47:34.769,9.64276,9.64488,1.00,1.00
2016.01.14 11:47:35.966,9.64227,9.64439,1.00,1.75
2016.01.14 11:47:36.168,9.64221,9.64433,1.00,1.00
2016.01.14 11:47:36.270,9.64242,9.64454,1.00,1.00
2016.01.14 11:47:36.574,9.64276,9.64488,1.00,1.00
2016.01.14 11:47:37.186,9.64276,9.64485,1.00,1.12
2016.01.14 11:47:37.237,9.64256,9.64452,1.00,1.00
2016.01.14 11:47:37.289,9.6424,9.64452,1.00,1.00
2016.01.14 11:47:37.340,9.64229,9.64441,1.00,1.00
2016.01.14 11:47:37.543,9.6424,9.64454,1.00,1.00
2016.01.14 11:47:37.594,9.6424,9.64454,1.00,1.75
2016.01.14 11:47:37.797,9.64239,9.64451,1.00,1.75
2016.01.14 11:47:37.849,9.64256,9.64468,1.00,1.37
2016.01.14 11:47:38.053,9.6424,9.64454,1.00,1.10
2016.01.14 11:47:38.216,9.64259,9.64471,1.00,1.50
2016.01.14 11:47:38.369,9.64259,9.64471,1.00,1.00
2016.01.14 11:47:39.321,9.64274,9.64486,1.00,1.00
2016.01.14 11:47:41.971,9.6426,9.64472,1.00,1.00
2016.01.14 11:47:45.957,9.64246,9.64458,1.00,1.00
2016.01.14 11:47:46.289,9.64263,9.64475,1.00,1.00
2016.01.14 11:47:52.568,9.64267,9.64479,1.00,1.00
2016.01.14 11:47:55.688,9.64284,9.64496,1.00,1.00
2016.01.14 11:47:56.039,9.64268,9.6448,1.00,1.00
2016.01.14 11:47:56.613,9.64282,9.64494,1.00,1.00
2016.01.14 11:47:57.415,9.64263,9.64475,1.00,1.00
2016.01.14 11:47:57.719,9.64279,9.64491,1.00,1.00
2016.01.14 11:47:58.023,9.64263,9.64475,1.00,1.00
2016.01.14 11:47:58.423,9.64278,9.6449,1.00,1.00
2016.01.14 11:47:58.921,9.6426,9.64474,1.00,1.00
2016.01.14 11:47:59.125,9.64275,9.64487,1.00,1.00
2016.01.14 11:47:59.627,9.64274,9.64486,1.00,1.00
2016.01.14 11:48:01.730,9.6426,9.64472,1.00,1.00
2016.01.14 11:48:02.048,9.64274,9.64486,1.00,1.00
2016.01.14 11:48:03.995,9.64259,9.64473,1.00,1.00
2016.01.14 11:48:04.287,9.64277,9.64489,1.00,1.00
2016.01.14 11:48:04.592,9.64263,9.64475,1.00,1.00
2016.01.14 11:48:04.929,9.64279,9.64491,1.00,1.00
2016.01.14 11:48:07.238,9.64265,9.64477,1.00,1.00
2016.01.14 11:48:07.554,9.64276,9.64488,1.00,1.00
2016.01.14 11:48:10.514,9.6429,9.64502,1.00,1.00
2016.01.14 11:48:10.819,9.64283,9.64495,1.00,1.00
2016.01.14 11:48:22.237,9.64267,9.64479,1.00,1.00
2016.01.14 11:48:22.580,9.64281,9.64493,1.00,1.00
2016.01.14 11:48:23.048,9.64264,9.64476,1.00,1.00
2016.01.14 11:48:23.431,9.64279,9.64491,1.00,1.00
2016.01.14 11:48:25.122,9.64282,9.64491,1.00,1.00
2016.01.14 11:48:25.174,9.64302,9.64514,1.00,1.00
2016.01.14 11:48:25.276,9.64285,9.64497,1.00,1.00
2016.01.14 11:48:25.581,9.64301,9.64513,1.00,1.00
2016.01.14 11:48:25.905,9.64314,9.64526,1.00,1.00
2016.01.14 11:48:26.230,9.64351,9.64563,1.00,1.00
2016.01.14 11:48:27.250,9.64331,9.64545,1.00,1.00
2016.01.14 11:48:27.453,9.64346,9.64558,1.00,1.00
2016.01.14 11:48:32.466,9.64338,9.6455,1.00,1.00
2016.01.14 11:48:33.269,9.64353,9.64565,1.00,1.00
2016.01.14 11:48:33.603,9.64336,9.64548,1.00,1.00
2016.01.14 11:48:34.059,9.64353,9.64565,1.00,1.00
2016.01.14 11:48:39.275,9.64331,9.64543,1.00,1.00
2016.01.14 11:48:40.466,9.64348,9.6456,1.00,1.00
2016.01.14 11:48:40.771,9.64333,9.64545,1.00,1.00
2016.01.14 11:48:47.192,9.64346,9.6456,1.00,1.00
2016.01.14 11:48:47.294,9.64332,9.64544,1.00,1.00
2016.01.14 11:48:47.598,9.64337,9.64549,1.00,1.00
2016.01.14 11:48:48.194,9.64353,9.64565,1.00,1.00
2016.01.14 11:48:48.514,9.64345,9.64557,1.00,1.00
2016.01.14 11:48:48.823,9.6433,9.64542,1.00,1.00
2016.01.14 11:48:49.180,9.64344,9.64556,1.00,1.00
2016.01.14 11:48:49.486,9.64349,9.64561,1.00,1.00
2016.01.14 11:48:59.820,9.6433,9.64542,1.00,1.00
2016.01.14 11:49:00.125,9.64346,9.64558,1.00,1.00
2016.01.14 11:49:01.220,9.6433,9.64542,1.00,1.00
2016.01.14 11:49:01.726,9.64314,9.64526,1.00,1.00
2016.01.14 11:49:02.121,9.64333,9.64545,1.00,1.00
2016.01.14 11:49:02.529,9.64307,9.64519,1.00,1.00
2016.01.14 11:49:02.834,9.64348,9.6456,1.00,1.00
2016.01.14 11:49:03.138,9.64307,9.64519,1.00,1.00
2016.01.14 11:49:03.442,9.64344,9.64556,1.00,1.00
2016.01.14 11:49:03.782,9.64328,9.64542,1.00,1.00
2016.01.14 11:49:04.036,9.64312,9.64524,1.00,1.00
2016.01.14 11:49:04.341,9.64342,9.64554,1.00,1.00
2016.01.14 11:49:04.646,9.64321,9.64535,1.00,1.00
2016.01.14 11:49:04.748,9.64336,9.64548,1.00,1.00
2016.01.14 11:49:05.734,9.64317,9.64529,1.00,1.00
2016.01.14 11:49:06.084,9.64342,9.64554,1.00,1.00
2016.01.14 11:49:06.389,9.64337,9.64549,1.00,1.00
2016.01.14 11:49:06.697,9.64325,9.64537,1.00,1.00
2016.01.14 11:49:07.003,9.64323,9.64535,1.00,1.00
2016.01.14 11:49:07.265,9.64315,9.64529,1.00,1.00
2016.01.14 11:49:07.367,9.64334,9.64546,1.00,1.00
2016.01.14 11:49:07.846,9.64348,9.6456,1.00,1.00
2016.01.14 11:49:08.153,9.64334,9.64546,1.00,1.00
2016.01.14 11:49:08.536,9.64318,9.64532,1.00,1.00
2016.01.14 11:49:08.741,9.64334,9.64548,1.00,1.00
2016.01.14 11:49:09.046,9.64318,9.6453,1.00,1.00
2016.01.14 11:49:09.562,9.64332,9.64544,1.00,1.00
2016.01.14 11:49:09.867,9.64316,9.64528,1.00,1.00
2016.01.14 11:49:10.171,9.64301,9.64513,1.00,1.00
2016.01.14 11:49:10.476,9.64308,9.6452,1.00,1.00
2016.01.14 11:49:10.822,9.64296,9.64508,1.00,1.00
2016.01.14 11:49:11.127,9.64316,9.6453,1.00,1.00
2016.01.14 11:49:11.229,9.64331,9.64543,1.00,1.00
2016.01.14 11:49:11.432,9.64314,9.64528,1.00,1.00
2016.01.14 11:49:11.634,9.64329,9.64541,1.00,1.00
2016.01.14 11:49:11.939,9.64333,9.64545,1.00,1.00
2016.01.14 11:49:12.243,9.64321,9.64533,1.00,1.00
2016.01.14 11:49:12.547,9.64308,9.6452,1.00,1.00
2016.01.14 11:49:12.869,9.64315,9.64527,1.00,1.00
2016.01.14 11:49:13.174,9.64296,9.64508,1.00,1.00
2016.01.14 11:49:13.478,9.64292,9.64504,1.00,1.00
2016.01.14 11:49:13.833,9.64299,9.64511,1.00,1.00
2016.01.14 11:49:13.935,9.64283,9.64497,1.00,1.00
2016.01.14 11:49:14.037,9.6427,9.64482,1.00,1.00
2016.01.14 11:49:14.347,9.64255,9.64467,1.00,1.00
2016.01.14 11:49:14.652,9.64223,9.64437,1.00,1.00
2016.01.14 11:49:14.754,9.64262,9.64474,1.00,1.00
2016.01.14 11:49:15.090,9.64251,9.64463,1.00,1.00
2016.01.14 11:49:15.243,9.64253,9.64467,1.00,1.00
2016.01.14 11:49:15.345,9.64232,9.64444,1.00,1.00
2016.01.14 11:49:15.548,9.64253,9.64467,1.00,1.00
2016.01.14 11:49:15.729,9.64253,9.64464,1.00,1.00
2016.01.14 11:49:15.780,9.64232,9.64444,1.00,1.00
2016.01.14 11:49:17.470,9.64247,9.64459,1.00,1.00
2016.01.14 11:49:17.784,9.64189,9.64401,1.00,1.00
2016.01.14 11:49:18.089,9.64146,9.64358,1.37,1.00
2016.01.14 11:49:18.242,9.6416,9.64374,1.00,1.00
2016.01.14 11:49:18.344,9.64164,9.64376,1.00,1.00
2016.01.14 11:49:18.682,9.64167,9.64379,1.00,1.00
2016.01.14 11:49:18.993,9.64153,9.64365,1.00,1.00
2016.01.14 11:49:19.294,9.6415,9.64362,1.00,1.00
2016.01.14 11:49:19.930,9.64169,9.64381,1.00,1.00
2016.01.14 11:49:20.185,9.64156,9.6437,1.00,1.00
2016.01.14 11:49:20.287,9.6414,9.64352,1.20,1.00
2016.01.14 11:49:20.556,9.64158,9.6437,1.00,1.00
2016.01.14 11:49:20.760,9.64141,9.64353,1.00,1.00
2016.01.14 11:49:20.862,9.64155,9.64369,1.00,1.00
2016.01.14 11:49:20.964,9.64141,9.64353,1.12,1.00
2016.01.14 11:49:21.268,9.64158,9.6437,1.00,1.00
2016.01.14 11:49:26.800,9.64174,9.64386,1.00,1.00
2016.01.14 11:49:27.267,9.64158,9.6437,1.00,1.00
2016.01.14 11:49:28.294,9.64144,9.64356,1.00,1.00
2016.01.14 11:49:28.598,9.64179,9.64393,1.00,1.00
2016.01.14 11:49:29.005,9.64164,9.64376,1.00,1.00
2016.01.14 11:49:29.406,9.64146,9.64358,1.00,1.00
2016.01.14 11:49:29.711,9.64139,9.64351,1.00,1.00
2016.01.14 11:49:30.033,9.64146,9.64342,1.00,1.00
2016.01.14 11:49:30.084,9.64146,9.64358,1.00,1.00
2016.01.14 11:49:30.186,9.64166,9.64378,1.00,1.00
2016.01.14 11:49:30.532,9.64195,9.64407,1.00,1.00
2016.01.14 11:49:30.840,9.64181,9.64393,1.00,1.00
2016.01.14 11:49:31.178,9.64156,9.64368,1.00,1.00
2016.01.14 11:49:31.483,9.64147,9.64359,1.00,1.00
2016.01.14 11:49:31.787,9.64122,9.64334,1.00,1.00
2016.01.14 11:49:32.490,9.64117,9.64329,1.00,1.00
2016.01.14 11:49:32.797,9.64137,9.64349,1.00,1.00
2016.01.14 11:49:33.113,9.64058,9.6427,1.00,1.00
2016.01.14 11:49:35.824,9.64078,9.6429,1.00,1.00
2016.01.14 11:49:36.209,9.64056,9.64268,1.00,1.00
2016.01.14 11:49:36.312,9.64069,9.64283,1.00,1.00
2016.01.14 11:49:36.414,9.64089,9.64301,1.00,1.00
2016.01.14 11:49:36.773,9.64105,9.64317,1.00,1.00
2016.01.14 11:49:38.604,9.6412,9.64332,1.00,1.00
2016.01.14 11:49:38.915,9.64103,9.64315,1.00,1.00
2016.01.14 11:49:39.288,9.64117,9.64329,1.00,1.00
2016.01.14 11:49:40.382,9.64117,9.64324,1.00,1.00
2016.01.14 11:49:40.434,9.64092,9.64304,1.00,1.00
2016.01.14 11:49:40.536,9.64106,9.64318,1.00,1.00
2016.01.14 11:49:40.874,9.6409,9.64302,1.00,1.00
2016.01.14 11:49:45.498,9.6409,9.64298,1.00,1.00
2016.01.14 11:49:45.549,9.64066,9.64278,1.00,1.00
2016.01.14 11:49:46.653,9.64048,9.6426,1.00,1.00
2016.01.14 11:49:46.978,9.64029,9.64241,1.00,1.00
2016.01.14 11:49:47.549,9.64048,9.6426,1.00,1.00
2016.01.14 11:49:47.651,9.64029,9.64243,1.00,1.00
2016.01.14 11:49:47.753,9.64016,9.64228,1.00,1.00
2016.01.14 11:49:48.069,9.64034,9.64246,1.00,1.00
2016.01.14 11:49:48.374,9.6399,9.64202,1.00,1.00
2016.01.14 11:49:48.747,9.63948,9.6416,1.00,1.00
2016.01.14 11:49:49.052,9.63943,9.64155,1.00,1.00
2016.01.14 11:49:49.357,9.63962,9.64174,1.00,1.00
2016.01.14 11:49:49.675,9.63943,9.64155,1.00,1.00
2016.01.14 11:49:49.727,9.63958,9.64172,1.00,1.00
2016.01.14 11:49:49.828,9.63939,9.64151,1.50,1.00
2016.01.14 11:49:50.246,9.63957,9.64169,1.00,1.00
2016.01.14 11:49:50.550,9.63938,9.6415,1.00,1.00
2016.01.14 11:49:50.882,9.63924,9.64136,1.00,1.00
2016.01.14 11:49:51.189,9.63929,9.64139,1.00,1.00
2016.01.14 11:49:51.341,9.63954,9.64166,1.00,1.00
2016.01.14 11:49:51.646,9.63953,9.64164,1.00,1.00
2016.01.14 11:49:52.062,9.63931,9.64143,1.00,1.00
2016.01.14 11:49:52.265,9.63952,9.64164,1.00,1.00
2016.01.14 11:49:52.571,9.6393,9.64142,1.00,1.00
2016.01.14 11:49:53.148,9.63952,9.64164,1.00,1.00
2016.01.14 11:49:53.453,9.63905,9.64117,1.00,1.00
2016.01.14 11:49:53.555,9.63922,9.64136,1.00,1.00
2016.01.14 11:49:53.657,9.63907,9.64119,1.00,1.00
2016.01.14 11:49:54.454,9.63922,9.64134,1.00,1.00
2016.01.14 11:49:55.140,9.63907,9.64119,1.00,1.00
2016.01.14 11:49:56.554,9.63891,9.64103,1.00,1.00
2016.01.14 11:49:56.872,9.63909,9.64121,1.00,1.00
2016.01.14 11:49:57.178,9.63913,9.64125,1.00,1.00
2016.01.14 11:49:57.484,9.63895,9.64107,1.00,1.00
2016.01.14 11:49:58.169,9.63913,9.64125,1.00,1.00
2016.01.14 11:49:58.479,9.63895,9.64107,1.00,1.00
2016.01.14 11:49:59.272,9.63911,9.64123,1.00,1.00
2016.01.14 11:49:59.775,9.63893,9.64105,1.00,1.00
2016.01.14 11:50:00.080,9.63905,9.64117,1.00,1.00
2016.01.14 11:50:00.428,9.63889,9.64101,1.00,1.00
2016.01.14 11:50:00.992,9.63903,9.64115,1.00,1.00
2016.01.14 11:50:01.297,9.63885,9.64097,1.00,1.00
2016.01.14 11:50:01.652,9.63886,9.64098,1.07,1.00
2016.01.14 11:50:01.908,9.63879,9.64091,1.00,1.00
2016.01.14 11:50:01.960,9.63903,9.64115,1.00,1.00
2016.01.14 11:50:02.265,9.63889,9.64101,1.00,1.00
2016.01.14 11:50:02.570,9.63878,9.6409,1.00,1.00
2016.01.14 11:50:02.894,9.63895,9.64107,1.00,1.00
2016.01.14 11:50:03.299,9.63878,9.6409,1.00,1.00
2016.01.14 11:50:03.705,9.63895,9.64107,1.00,1.00
2016.01.14 11:50:04.305,9.63878,9.64092,1.00,1.00
2016.01.14 11:50:04.508,9.63893,9.64105,1.00,1.00
2016.01.14 11:50:04.810,9.63863,9.64077,1.00,1.00
2016.01.14 11:50:04.912,9.63873,9.64087,1.00,1.00
2016.01.14 11:50:05.218,9.63796,9.64008,1.00,1.00
2016.01.14 11:50:05.557,9.63811,9.64023,1.00,1.00
2016.01.14 11:50:05.863,9.63805,9.64017,1.00,1.00
2016.01.14 11:50:06.169,9.63845,9.64057,1.00,1.00
2016.01.14 11:50:06.504,9.63827,9.64039,1.00,1.00
2016.01.14 11:50:06.808,9.63809,9.64021,1.00,1.00
2016.01.14 11:50:07.113,9.63799,9.64011,1.00,1.00
2016.01.14 11:50:08.720,9.63813,9.64025,1.00,1.00
2016.01.14 11:50:09.026,9.63809,9.64021,1.00,1.00
2016.01.14 11:50:09.340,9.63792,9.64004,1.00,1.00
2016.01.14 11:50:09.701,9.63807,9.64019,1.00,1.00
2016.01.14 11:50:10.024,9.63822,9.64034,1.00,1.00
2016.01.14 11:50:10.340,9.63805,9.64017,1.00,1.00
2016.01.14 11:50:10.676,9.638,9.64012,1.00,1.00
2016.01.14 11:50:12.521,9.6379,9.64002,1.00,1.00
2016.01.14 11:50:13.637,9.63807,9.64019,1.00,1.00
2016.01.14 11:50:13.947,9.63793,9.64005,1.00,1.00
2016.01.14 11:50:14.323,9.63778,9.6399,1.00,1.00
2016.01.14 11:50:14.602,9.63792,9.64006,1.00,1.00
2016.01.14 11:50:14.826,9.63778,9.6399,1.00,1.00
2016.01.14 11:50:14.928,9.63792,9.64006,1.00,1.00
2016.01.14 11:50:15.029,9.63778,9.6399,1.00,1.00
2016.01.14 11:50:15.449,9.63798,9.6401,1.00,1.00
2016.01.14 11:50:15.776,9.63766,9.63978,1.00,1.00
2016.01.14 11:50:16.081,9.63745,9.63957,1.00,1.00
2016.01.14 11:50:16.416,9.63764,9.63976,1.75,1.00
2016.01.14 11:50:16.749,9.63749,9.63961,1.75,1.00
2016.01.14 11:50:17.054,9.63726,9.63938,1.75,1.00
2016.01.14 11:50:18.160,9.63708,9.6392,1.75,1.00
2016.01.14 11:50:18.313,9.63708,9.6392,1.00,1.00
2016.01.14 11:50:18.415,9.63727,9.63939,1.00,1.00
2016.01.14 11:50:18.762,9.63709,9.63921,1.00,1.00
2016.01.14 11:50:19.067,9.63694,9.63906,1.00,1.00
2016.01.14 11:50:19.614,9.63694,9.63903,1.00,1.00
2016.01.14 11:50:19.666,9.63671,9.63883,1.00,1.00
2016.01.14 11:50:20.264,9.63686,9.63898,1.00,1.00
2016.01.14 11:50:21.427,9.63702,9.63914,1.00,1.00
2016.01.14 11:50:21.732,9.63719,9.63931,1.00,1.00
2016.01.14 11:50:22.674,9.63702,9.63914,1.00,1.00
2016.01.14 11:50:22.776,9.63683,9.63897,1.00,1.00
2016.01.14 11:50:22.929,9.63687,9.63897,1.00,1.00
2016.01.14 11:50:22.981,9.63707,9.63919,1.00,1.00
2016.01.14 11:50:23.082,9.63687,9.63899,1.00,1.00
2016.01.14 11:50:24.541,9.63708,9.6392,1.00,1.00
2016.01.14 11:50:24.846,9.63692,9.63904,1.00,1.00
2016.01.14 11:50:25.742,9.63706,9.63918,1.00,1.00
2016.01.14 11:50:26.258,9.63686,9.639,1.00,1.00
2016.01.14 11:50:26.652,9.63703,9.63915,1.00,1.00
2016.01.14 11:50:28.159,9.63682,9.63896,1.00,1.00
2016.01.14 11:50:28.210,9.63682,9.63891,1.00,1.00
2016.01.14 11:50:28.357,9.63643,9.63855,1.00,1.00
2016.01.14 11:50:28.510,9.63655,9.63855,1.00,1.00
2016.01.14 11:50:28.561,9.63675,9.63887,1.00,1.00
2016.01.14 11:50:28.663,9.63663,9.63875,1.00,1.00
2016.01.14 11:50:28.968,9.63643,9.63855,1.00,1.00
2016.01.14 11:50:29.297,9.63672,9.63884,1.00,1.00
2016.01.14 11:50:30.166,9.63656,9.63868,1.00,1.00
2016.01.14 11:50:30.494,9.63627,9.63841,1.00,1.00
2016.01.14 11:50:30.596,9.63619,9.63831,1.00,1.00
2016.01.14 11:50:30.799,9.63602,9.63816,1.00,1.00
2016.01.14 11:50:30.901,9.63595,9.63807,1.00,1.00
2016.01.14 11:50:31.206,9.63567,9.63779,1.00,1.00
2016.01.14 11:50:31.344,9.63577,9.63791,1.00,1.00
2016.01.14 11:50:31.395,9.63596,9.63808,1.00,1.00
2016.01.14 11:50:31.497,9.63568,9.63782,1.00,1.00
2016.01.14 11:50:31.700,9.63588,9.638,1.00,1.00
2016.01.14 11:50:31.802,9.63568,9.63782,1.00,1.00
2016.01.14 11:50:31.904,9.63588,9.638,1.00,1.00
2016.01.14 11:50:32.279,9.6357,9.63782,1.00,1.00
2016.01.14 11:50:32.628,9.63589,9.63801,1.00,1.00
2016.01.14 11:50:33.507,9.63573,9.63785,1.00,1.00
2016.01.14 11:50:33.812,9.63583,9.63795,1.00,1.00
2016.01.14 11:50:34.118,9.63567,9.63779,1.00,1.00
2016.01.14 11:50:34.435,9.63559,9.63771,1.00,1.00
2016.01.14 11:50:34.587,9.63541,9.63755,1.00,1.00
2016.01.14 11:50:34.639,9.63543,9.63755,1.00,1.00
2016.01.14 11:50:34.982,9.63546,9.63758,1.00,1.00
2016.01.14 11:50:35.287,9.63562,9.63774,1.00,1.00
2016.01.14 11:50:35.808,9.63577,9.63789,1.00,1.00
2016.01.14 11:50:36.128,9.63563,9.63775,1.00,1.00
2016.01.14 11:50:36.490,9.63579,9.63791,1.00,1.00
2016.01.14 11:50:37.210,9.6356,9.63772,1.00,1.00
2016.01.14 11:50:37.545,9.63577,9.63789,1.00,1.00
2016.01.14 11:50:37.849,9.63583,9.63795,1.00,1.00
2016.01.14 11:50:38.168,9.63583,9.63792,1.00,1.00
2016.01.14 11:50:38.219,9.6356,9.63772,1.00,1.00
2016.01.14 11:50:38.387,9.6358,9.63792,1.00,1.00
2016.01.14 11:50:38.700,9.63582,9.63794,1.00,1.00
2016.01.14 11:50:39.303,9.63564,9.63776,1.00,1.00
2016.01.14 11:50:39.730,9.63578,9.6379,1.00,1.00
2016.01.14 11:50:40.056,9.63573,9.63785,1.00,1.00
2016.01.14 11:50:40.407,9.63576,9.63788,1.00,1.00
2016.01.14 11:50:40.719,9.63574,9.63786,1.00,1.00
2016.01.14 11:50:41.130,9.63589,9.63801,1.00,1.00
2016.01.14 11:50:45.733,9.63612,9.63821,1.00,1.00
2016.01.14 11:50:45.784,9.63612,9.63824,1.00,1.00
2016.01.14 11:50:45.907,9.63594,9.63808,1.00,1.00
2016.01.14 11:50:46.323,9.63609,9.63821,1.00,1.00
2016.01.14 11:50:47.038,9.63591,9.63803,1.00,1.00
2016.01.14 11:50:47.356,9.63607,9.63819,1.00,1.00
2016.01.14 11:50:47.725,9.63626,9.63838,1.00,1.00
2016.01.14 11:50:48.030,9.63667,9.63879,1.00,1.00
2016.01.14 11:50:48.334,9.63681,9.63893,1.00,1.00
2016.01.14 11:50:48.946,9.63666,9.6388,1.37,1.00
2016.01.14 11:50:49.455,9.63686,9.63898,1.00,1.00
2016.01.14 11:50:50.032,9.63671,9.63883,1.37,1.00
2016.01.14 11:50:50.337,9.63686,9.63898,1.00,1.00
2016.01.14 11:50:50.751,9.6367,9.63882,1.37,1.00
2016.01.14 11:50:50.852,9.63684,9.63896,1.00,1.00
2016.01.14 11:50:50.924,9.63666,9.63878,1.37,1.00
2016.01.14 11:50:51.136,9.63683,9.63895,1.00,1.00
2016.01.14 11:50:51.755,9.63669,9.63881,1.37,1.00
2016.01.14 11:50:52.467,9.6366,9.63872,1.37,1.00
2016.01.14 11:50:52.531,9.63674,9.63886,1.37,1.00
2016.01.14 11:50:52.757,9.6366,9.63872,1.37,1.00
2016.01.14 11:50:54.335,9.63646,9.63858,1.37,1.00
2016.01.14 11:50:56.477,9.6363,9.63842,1.75,1.00
2016.01.14 11:50:59.669,9.63644,9.63856,1.50,1.00
2016.01.14 11:50:59.872,9.6366,9.63872,1.37,1.00
2016.01.14 11:50:59.974,9.63644,9.63856,1.50,1.00
2016.01.14 11:51:00.065,9.63665,9.63876,1.37,1.00
2016.01.14 11:51:00.117,9.63665,9.63877,1.75,1.00
2016.01.14 11:51:00.353,9.63645,9.63846,1.00,1.00
2016.01.14 11:51:00.404,9.63632,9.63846,1.00,1.00
2016.01.14 11:51:00.455,9.63613,9.63816,1.00,1.00
2016.01.14 11:51:00.506,9.63604,9.63816,1.00,1.00
2016.01.14 11:51:00.767,9.63618,9.6383,1.00,1.00
2016.01.14 11:51:00.868,9.63602,9.63816,1.00,1.00
2016.01.14 11:51:03.953,9.63583,9.63795,1.50,1.00
2016.01.14 11:51:06.264,9.636,9.63812,1.00,1.00
2016.01.14 11:51:06.568,9.63585,9.63797,1.00,1.00
2016.01.14 11:51:07.488,9.636,9.63812,1.00,1.00
2016.01.14 11:51:12.470,9.6359,9.63804,1.00,1.00
2016.01.14 11:51:14.103,9.63575,9.63789,1.00,1.00
2016.01.14 11:51:14.408,9.63591,9.63803,1.00,1.00
2016.01.14 11:51:20.783,9.63591,9.63803,1.00,1.12
2016.01.14 11:51:20.835,9.63567,9.63779,1.00,1.00
2016.01.14 11:51:20.937,9.63582,9.63794,1.00,1.07
2016.01.14 11:51:21.225,9.63557,9.63769,1.00,1.00
2016.01.14 11:51:21.377,9.63583,9.63795,1.00,1.07
2016.01.14 11:51:21.684,9.63541,9.63744,1.00,1.00
2016.01.14 11:51:21.836,9.63527,9.63739,1.00,1.00
2016.01.14 11:51:21.938,9.63524,9.63736,1.00,1.00
2016.01.14 11:51:22.278,9.63535,9.63744,1.00,1.00
2016.01.14 11:51:22.329,9.63514,9.63726,1.00,1.00
2016.01.14 11:51:22.529,9.63535,9.63744,1.00,1.00
2016.01.14 11:51:23.047,9.63506,9.63718,1.00,1.00
2016.01.14 11:51:23.149,9.63526,9.63738,1.00,1.00
2016.01.14 11:51:23.453,9.63502,9.63714,1.00,1.00
2016.01.14 11:51:23.774,9.63505,9.63717,1.00,1.00
2016.01.14 11:51:24.029,9.63518,9.63732,1.00,1.00
2016.01.14 11:51:24.232,9.63504,9.63716,1.00,1.00
2016.01.14 11:51:24.338,9.63522,9.63736,1.00,1.00
2016.01.14 11:51:24.808,9.63509,9.63721,1.00,1.00
2016.01.14 11:51:25.113,9.63535,9.63744,1.00,1.00
2016.01.14 11:51:25.215,9.63516,9.63728,1.00,1.00
2016.01.14 11:51:25.317,9.63508,9.6372,1.00,1.00
2016.01.14 11:51:25.648,9.63512,9.63724,1.00,1.00
2016.01.14 11:51:27.339,9.63527,9.63739,1.00,1.00
2016.01.14 11:51:27.663,9.63513,9.63725,1.00,1.00
2016.01.14 11:51:28.067,9.63533,9.63745,1.00,1.00
2016.01.14 11:51:29.939,9.63506,9.63718,1.00,1.00
2016.01.14 11:51:30.275,9.63509,9.63721,1.00,1.00
2016.01.14 11:51:30.579,9.63524,9.63736,1.00,1.00
2016.01.14 11:51:32.443,9.63534,9.63746,1.00,1.00
2016.01.14 11:51:32.989,9.6352,9.63732,1.00,1.00
2016.01.14 11:51:34.487,9.63534,9.63746,1.00,1.00
2016.01.14 11:51:34.793,9.63536,9.63748,1.00,1.00
2016.01.14 11:51:35.110,9.6352,9.63732,1.00,1.00
2016.01.14 11:51:41.517,9.63537,9.63749,1.00,1.00
2016.01.14 11:51:47.793,9.63523,9.63735,1.00,1.00
2016.01.14 11:51:48.214,9.63538,9.6375,1.00,1.00
2016.01.14 11:51:48.564,9.63524,9.63736,1.00,1.00
2016.01.14 11:51:52.412,9.63522,9.63734,1.00,1.00
2016.01.14 11:51:55.137,9.6354,9.63754,1.00,1.00
2016.01.14 11:51:55.538,9.63526,9.63738,1.00,1.00
2016.01.14 11:51:55.889,9.63542,9.63754,1.00,1.00
2016.01.14 11:51:56.194,9.63527,9.63739,1.00,1.00
2016.01.14 11:51:59.344,9.63543,9.63755,1.00,1.00
2016.01.14 11:51:59.651,9.63541,9.63753,1.00,1.00
2016.01.14 11:52:02.248,9.63527,9.63739,1.00,1.00
2016.01.14 11:52:04.163,9.63541,9.63753,1.00,1.00
2016.01.14 11:52:05.274,9.63515,9.63727,1.00,1.00
2016.01.14 11:52:05.579,9.63482,9.63694,1.00,1.00
2016.01.14 11:52:06.120,9.63481,9.63693,1.00,1.00
2016.01.14 11:52:11.101,9.63462,9.63676,1.00,1.00
2016.01.14 11:52:11.383,9.63477,9.63689,1.00,1.00
2016.01.14 11:52:12.482,9.63482,9.63694,1.00,1.00
2016.01.14 11:52:14.060,9.63462,9.6367,1.00,1.00
2016.01.14 11:52:14.111,9.63456,9.6367,1.00,1.00
2016.01.14 11:52:14.162,9.63437,9.63641,1.00,1.00
2016.01.14 11:52:14.214,9.63429,9.63641,1.00,1.00
2016.01.14 11:52:14.265,9.63443,9.63655,1.00,1.00
2016.01.14 11:52:14.569,9.63407,9.6359,1.37,1.00
2016.01.14 11:52:16.127,9.63378,9.6359,1.37,1.00
2016.01.14 11:52:16.279,9.63361,9.63573,1.75,1.00
2016.01.14 11:52:16.876,9.63374,9.63588,1.50,1.00
2016.01.14 11:52:16.978,9.63361,9.63573,1.75,1.00
2016.01.14 11:52:17.182,9.63375,9.63587,1.37,1.00
2016.01.14 11:52:17.284,9.6336,9.63572,1.75,1.00
2016.01.14 11:52:17.618,9.63374,9.63586,1.50,1.00
2016.01.14 11:52:18.271,9.63359,9.63571,1.75,1.00
2016.01.14 11:52:21.077,9.63373,9.63585,1.75,1.00
2016.01.14 11:52:21.222,9.63359,9.63571,1.75,1.00
2016.01.14 11:52:21.325,9.63375,9.63587,1.37,1.00
2016.01.14 11:52:21.580,9.63361,9.63573,1.75,1.00
2016.01.14 11:52:21.682,9.63376,9.63588,1.37,1.00
2016.01.14 11:52:21.733,9.63376,9.63588,1.00,1.00
2016.01.14 11:52:21.886,9.63356,9.63568,1.37,1.00
2016.01.14 11:52:21.988,9.63371,9.63583,1.37,1.00
2016.01.14 11:52:22.161,9.6335,9.63562,1.37,1.00
2016.01.14 11:52:22.212,9.63365,9.63577,1.37,1.00
2016.01.14 11:52:22.518,9.6335,9.63562,1.37,1.00
2016.01.14 11:52:22.721,9.63371,9.63583,1.37,1.00
2016.01.14 11:52:22.823,9.63356,9.63568,1.37,1.00
2016.01.14 11:52:23.110,9.63366,9.63578,1.37,1.00
2016.01.14 11:52:23.211,9.63345,9.63557,1.37,1.00
2016.01.14 11:52:23.313,9.63354,9.63566,1.37,1.00
2016.01.14 11:52:23.517,9.63371,9.63551,1.37,1.00
2016.01.14 11:52:23.821,9.63302,9.63516,1.37,1.00
2016.01.14 11:52:25.021,9.63302,9.63516,1.00,1.00
2016.01.14 11:52:25.224,9.6329,9.63502,1.00,1.50
2016.01.14 11:52:25.544,9.63294,9.63506,1.00,1.00
2016.01.14 11:52:25.850,9.63272,9.63484,1.00,1.00
2016.01.14 11:52:26.154,9.63268,9.63478,1.00,1.00
2016.01.14 11:52:26.205,9.63288,9.635,1.00,1.00
2016.01.14 11:52:26.256,9.63288,9.63493,1.00,1.00
2016.01.14 11:52:26.307,9.63261,9.63473,1.00,1.00
2016.01.14 11:52:26.510,9.6328,9.63494,1.00,1.00
2016.01.14 11:52:26.586,9.6328,9.63457,1.00,1.00
2016.01.14 11:52:26.637,9.63225,9.63437,1.00,1.00
2016.01.14 11:52:26.905,9.63208,9.6342,1.07,1.00
2016.01.14 11:52:27.108,9.6322,9.63432,1.00,1.00
2016.01.14 11:52:27.159,9.6322,9.63429,1.00,1.00
2016.01.14 11:52:27.464,9.63196,9.63395,1.75,1.00
2016.01.14 11:52:27.515,9.63216,9.63428,1.00,1.00
2016.01.14 11:52:27.566,9.63216,9.63426,1.00,1.00
2016.01.14 11:52:27.938,9.63201,9.63413,1.37,1.00
2016.01.14 11:52:28.242,9.63187,9.63357,1.12,1.00
2016.01.14 11:52:28.344,9.63187,9.63371,1.12,1.50
2016.01.14 11:52:28.446,9.63187,9.63351,1.12,1.00
2016.01.14 11:52:28.750,9.63187,9.63366,1.12,1.00
2016.01.14 11:52:28.801,9.63187,9.63351,1.12,1.00
2016.01.14 11:52:29.005,9.63187,9.63367,1.12,1.00
2016.01.14 11:52:29.122,9.63187,9.63351,1.12,1.00
2016.01.14 11:52:29.224,9.63187,9.63367,1.12,1.00
2016.01.14 11:52:29.326,9.63187,9.63351,1.12,1.00
2016.01.14 11:52:29.428,9.63187,9.63367,1.12,1.00
2016.01.14 11:52:29.530,9.63187,9.63351,1.12,1.00
2016.01.14 11:52:30.017,9.63187,9.63366,1.12,1.00
2016.01.14 11:52:30.119,9.63187,9.6335,1.12,1.00
2016.01.14 11:52:30.430,9.63187,9.63369,1.12,1.00
2016.01.14 11:52:30.534,9.63187,9.63355,1.12,1.00
2016.01.14 11:52:30.737,9.63187,9.63369,1.12,1.00
2016.01.14 11:52:30.838,9.63187,9.63352,1.12,1.00
2016.01.14 11:52:31.143,9.63187,9.63368,1.12,1.00
2016.01.14 11:52:31.245,9.63187,9.63353,1.12,1.00
2016.01.14 11:52:31.349,9.63187,9.63368,1.12,1.00
2016.01.14 11:52:31.829,9.63187,9.63349,1.12,1.00
2016.01.14 11:52:32.033,9.63187,9.63364,1.12,1.00
2016.01.14 11:52:32.135,9.63187,9.6335,1.12,1.00
2016.01.14 11:52:32.338,9.63187,9.63369,1.12,1.00
2016.01.14 11:52:32.439,9.63187,9.63349,1.12,1.00
2016.01.14 11:52:32.823,9.63187,9.63364,1.12,1.00
2016.01.14 11:52:32.925,9.63187,9.63347,1.12,1.00
2016.01.14 11:52:33.027,9.63187,9.63364,1.12,1.00
2016.01.14 11:52:33.230,9.63187,9.63347,1.12,1.00
2016.01.14 11:52:33.333,9.63187,9.63364,1.12,1.00
2016.01.14 11:52:33.645,9.63187,9.63342,1.12,1.00
2016.01.14 11:52:33.756,9.63187,9.63362,1.12,1.00
2016.01.14 11:52:33.859,9.63187,9.63342,1.12,1.00
2016.01.14 11:52:33.961,9.63187,9.63346,1.12,1.00
2016.01.14 11:52:34.063,9.63187,9.63351,1.12,1.00
2016.01.14 11:52:34.165,9.63187,9.63364,1.12,1.00
2016.01.14 11:52:34.522,9.63187,9.63344,1.12,1.00
2016.01.14 11:52:34.632,9.63187,9.63367,1.12,1.00
2016.01.14 11:52:34.836,9.63187,9.6335,1.12,1.00
2016.01.14 11:52:34.937,9.63182,9.6335,1.12,1.00
2016.01.14 11:52:35.242,9.63172,9.63368,1.12,1.00
2016.01.14 11:52:35.345,9.63172,9.63351,1.12,1.00
2016.01.14 11:52:35.499,9.63172,9.63358,1.12,1.00
2016.01.14 11:52:35.836,9.63172,9.63384,1.87,1.00
2016.01.14 11:52:37.240,9.63172,9.63368,1.12,1.00
2016.01.14 11:52:37.449,9.63174,9.63386,1.82,1.00
2016.01.14 11:52:37.955,9.63172,9.63368,1.12,1.00
2016.01.14 11:52:38.056,9.63172,9.63382,1.12,1.00
2016.01.14 11:52:39.323,9.6317,9.63382,1.37,1.00
2016.01.14 11:52:39.374,9.6317,9.63364,1.37,1.00
2016.01.14 11:52:39.425,9.6317,9.63364,1.00,1.00
2016.01.14 11:52:39.476,9.63135,9.63344,1.12,1.00
2016.01.14 11:52:39.578,9.63149,9.63361,1.37,1.00
2016.01.14 11:52:39.680,9.63142,9.63356,1.85,1.00
2016.01.14 11:52:39.906,9.63129,9.63341,1.37,1.00
2016.01.14 11:52:39.957,9.63144,9.63358,1.00,1.00
2016.01.14 11:52:40.008,9.63144,9.63355,1.00,1.00
2016.01.14 11:52:40.262,9.63142,9.63354,1.00,1.00
2016.01.14 11:52:40.364,9.63127,9.63339,1.00,1.00
2016.01.14 11:52:40.677,9.63126,9.63332,1.00,1.00
2016.01.14 11:52:40.998,9.631,9.63312,1.82,1.00
2016.01.14 11:52:43.394,9.63107,9.63312,1.12,1.00
2016.01.14 11:52:44.395,9.631,9.63312,1.82,1.00
2016.01.14 11:52:44.707,9.63122,9.63312,1.05,1.00
2016.01.14 11:52:44.895,9.63122,9.63328,1.05,1.00
2016.01.14 11:52:54.525,9.63116,9.63328,1.87,1.00
2016.01.14 11:52:54.956,9.63122,9.63328,1.12,1.00
2016.01.14 11:52:56.700,9.63122,9.63328,1.20,1.00
2016.01.14 11:53:00.419,9.63134,9.63343,1.52,1.00
2016.01.14 11:53:00.521,9.63134,9.63329,1.52,1.00
2016.01.14 11:53:04.619,9.63144,9.63351,1.45,1.00
2016.01.14 11:53:08.916,9.63139,9.63351,1.37,1.00
2016.01.14 11:53:09.357,9.63139,9.63351,1.75,1.00
2016.01.14 11:53:09.571,9.63139,9.63351,1.47,1.00
2016.01.14 11:53:12.427,9.63144,9.63348,1.37,1.00
2016.01.14 11:53:21.449,9.63136,9.63348,1.82,1.00
2016.01.14 11:53:23.209,9.63316,9.63348,1.00,1.00
2016.01.14 11:53:23.331,9.63318,9.63369,1.00,1.00
2016.01.14 11:53:23.382,9.63322,9.63396,1.00,1.00
2016.01.14 11:53:23.433,9.63324,9.63406,1.00,1.00
2016.01.14 11:53:23.636,9.63324,9.6346,1.00,1.12
2016.01.14 11:53:24.409,9.63324,9.63458,1.00,1.15
2016.01.14 11:53:24.460,9.63324,9.63458,1.00,1.07
2016.01.14 11:53:25.509,9.63324,9.63449,1.00,1.00
2016.01.14 11:53:25.561,9.63324,9.63469,1.00,1.00
2016.01.14 11:53:25.612,9.63324,9.63505,1.00,1.37
2016.01.14 11:53:25.664,9.63324,9.63521,1.00,1.12
2016.01.14 11:53:25.878,9.63424,9.63539,1.00,1.00
2016.01.14 11:53:25.981,9.63424,9.63542,1.00,1.00
2016.01.14 11:53:26.185,9.63478,9.63548,1.00,1.00
2016.01.14 11:53:26.489,9.63495,9.63549,1.00,1.00
2016.01.14 11:53:26.540,9.63495,9.63707,1.00,1.87
2016.01.14 11:53:26.591,9.63476,9.63688,1.00,1.37
2016.01.14 11:53:26.693,9.6349,9.63702,1.00,1.82
2016.01.14 11:53:26.855,9.63492,9.63702,1.00,1.37
2016.01.14 11:53:26.957,9.63472,9.63683,1.00,1.00
2016.01.14 11:53:27.059,9.63492,9.63703,1.00,1.37
2016.01.14 11:53:27.160,9.63478,9.6369,1.00,1.07
2016.01.14 11:53:27.262,9.63496,9.63708,1.00,1.45
2016.01.14 11:53:27.724,9.63496,9.63708,1.00,1.07
2016.01.14 11:53:30.009,9.63481,9.63695,1.00,1.00
2016.01.14 11:53:30.060,9.63505,9.63714,1.00,1.12
2016.01.14 11:53:30.376,9.63526,9.63734,1.00,1.12
2016.01.14 11:53:30.479,9.63545,9.63757,1.00,1.37
2016.01.14 11:53:30.570,9.63583,9.63772,1.00,1.12
2016.01.14 11:53:30.828,9.63624,9.63799,1.00,1.00
2016.01.14 11:53:30.879,9.63624,9.63814,1.00,1.00
2016.01.14 11:53:31.032,9.63602,9.63814,1.00,1.00
2016.01.14 11:53:31.083,9.63595,9.63799,1.00,1.00
2016.01.14 11:53:31.185,9.63603,9.63815,1.00,1.00
2016.01.14 11:53:31.865,9.63667,9.63836,1.00,1.00
2016.01.14 11:53:31.916,9.63667,9.63879,1.00,1.00
2016.01.14 11:53:32.069,9.63682,9.63894,1.00,1.00
2016.01.14 11:53:32.373,9.63726,9.63938,1.00,1.00
2016.01.14 11:53:32.708,9.63723,9.63935,1.00,1.00
2016.01.14 11:53:33.012,9.63706,9.63918,1.00,1.00
2016.01.14 11:53:33.317,9.63774,9.6398,1.00,1.00
2016.01.14 11:53:33.419,9.63782,9.63994,1.00,1.00
2016.01.14 11:53:33.470,9.63774,9.63977,1.00,1.00
2016.01.14 11:53:33.802,9.6381,9.64022,1.00,1.37
2016.01.14 11:53:34.104,9.63874,9.64022,1.00,1.00
2016.01.14 11:53:34.206,9.63874,9.64063,1.00,1.12
2016.01.14 11:53:34.358,9.63924,9.64063,1.00,1.12
2016.01.14 11:53:34.460,9.63924,9.64086,1.00,1.12
2016.01.14 11:53:35.190,9.6393,9.64115,1.00,1.12
2016.01.14 11:53:35.292,9.63965,9.64115,1.00,1.12
2016.01.14 11:53:35.343,9.63965,9.64148,1.00,1.12
2016.01.14 11:53:35.395,9.63992,9.64148,1.00,1.12
2016.01.14 11:53:35.446,9.63992,9.64182,1.00,1.12
2016.01.14 11:53:35.497,9.64017,9.64182,1.00,1.12
2016.01.14 11:53:35.724,9.64001,9.64182,1.00,1.12
2016.01.14 11:53:35.877,9.64031,9.64213,1.00,1.12
2016.01.14 11:53:35.979,9.6406,9.64213,1.00,1.12
2016.01.14 11:53:36.080,9.6406,9.64246,1.00,1.12
2016.01.14 11:53:36.283,9.6404,9.64244,1.00,1.82
2016.01.14 11:53:36.334,9.64032,9.64244,1.00,1.82
2016.01.14 11:53:36.385,9.64062,9.64246,1.00,1.12
2016.01.14 11:53:36.436,9.64062,9.64253,1.00,1.12
2016.01.14 11:53:36.488,9.64079,9.64253,1.00,1.12
2016.01.14 11:53:36.879,9.64079,9.64286,1.00,1.12
2016.01.14 11:53:36.930,9.641,9.64286,1.00,1.12
2016.01.14 11:53:37.234,9.64102,9.64286,1.00,1.12
2016.01.14 11:53:37.285,9.64088,9.64286,1.00,1.12
2016.01.14 11:53:37.387,9.64073,9.64285,1.00,1.82
2016.01.14 11:53:37.489,9.64058,9.6427,1.00,1.37
2016.01.14 11:53:37.541,9.64062,9.6427,1.00,1.37
2016.01.14 11:53:37.864,9.64077,9.64286,1.00,1.12
2016.01.14 11:53:38.491,9.64057,9.6427,1.52,1.37
2016.01.14 11:53:38.864,9.64056,9.6427,1.00,1.37
2016.01.14 11:53:38.916,9.64042,9.64254,1.00,1.00
2016.01.14 11:53:39.018,9.64028,9.6424,1.00,1.00
2016.01.14 11:53:39.325,9.64057,9.64269,1.37,1.37
2016.01.14 11:53:39.819,9.64084,9.64296,1.00,1.00
2016.01.14 11:53:39.939,9.64066,9.64278,1.00,1.00
2016.01.14 11:53:40.193,9.64032,9.64284,1.00,1.00
2016.01.14 11:53:40.244,9.63984,9.64406,1.82,1.50
2016.01.14 11:53:40.397,9.63984,9.64406,1.00,1.50
2016.01.14 11:53:40.685,9.64046,9.64258,1.00,1.00
2016.01.14 11:53:45.202,9.64031,9.64243,1.00,1.00
2016.01.14 11:53:45.507,9.64046,9.64226,1.00,1.00
2016.01.14 11:53:45.812,9.64014,9.64213,1.00,1.12
2016.01.14 11:53:45.997,9.63999,9.64211,1.00,1.82
2016.01.14 11:53:46.048,9.64027,9.64213,1.00,1.12
2016.01.14 11:53:46.150,9.64006,9.64213,1.00,1.12
2016.01.14 11:53:46.201,9.64006,9.64189,1.00,1.12
2016.01.14 11:53:46.505,9.64008,9.64189,1.00,1.12
2016.01.14 11:53:46.607,9.63996,9.64189,1.00,1.12
2016.01.14 11:53:46.819,9.64037,9.64189,1.00,1.12
2016.01.14 11:53:47.122,9.64099,9.64189,1.00,1.12
2016.01.14 11:53:47.225,9.64099,9.6422,1.00,1.12
2016.01.14 11:53:55.072,9.64018,9.6422,1.00,1.12
2016.01.14 11:53:55.224,9.63999,9.64211,1.00,1.45
2016.01.14 11:53:55.326,9.64025,9.6422,1.00,1.12
2016.01.14 11:53:55.644,9.64099,9.6422,1.00,1.12
2016.01.14 11:53:55.695,9.64025,9.6422,1.00,1.12
2016.01.14 11:53:55.747,9.64009,9.6422,1.00,1.12
2016.01.14 11:53:55.848,9.64025,9.6422,1.00,1.12
2016.01.14 11:53:56.153,9.64196,9.64276,1.00,1.00
2016.01.14 11:53:56.204,9.64209,9.6428,1.00,1.00
2016.01.14 11:53:56.255,9.64209,9.643,1.00,1.00
2016.01.14 11:53:56.306,9.64209,9.64312,1.00,1.00
2016.01.14 11:53:56.357,9.64209,9.64327,1.00,1.00
2016.01.14 11:53:56.459,9.64209,9.64309,1.00,1.00
2016.01.14 11:53:56.774,9.64246,9.64332,1.00,1.00
2016.01.14 11:53:56.825,9.64246,9.64346,1.00,1.00
2016.01.14 11:53:56.927,9.64246,9.64332,1.00,1.00
2016.01.14 11:53:57.356,9.64246,9.64352,1.00,1.00
2016.01.14 11:53:57.457,9.64246,9.64328,1.00,1.00
2016.01.14 11:53:57.559,9.64246,9.64341,1.00,1.00
2016.01.14 11:53:57.828,9.64254,9.6432,1.00,1.00
2016.01.14 11:53:57.930,9.64254,9.64339,1.00,1.00
2016.01.14 11:53:57.981,9.64254,9.64342,1.00,1.00
2016.01.14 11:53:58.352,9.64208,9.64342,1.00,1.00
2016.01.14 11:53:58.454,9.64208,9.64328,1.00,1.00
2016.01.14 11:53:58.778,9.64254,9.64342,1.00,1.00
2016.01.14 11:53:59.234,9.64254,9.64362,1.00,1.00
2016.01.14 11:53:59.354,9.64254,9.64365,1.00,1.00
2016.01.14 11:53:59.406,9.64254,9.64365,1.00,1.07
2016.01.14 11:53:59.812,9.64263,9.64365,1.00,1.07
2016.01.14 11:54:00.848,9.64263,9.64365,1.00,1.00
2016.01.14 11:54:01.116,9.64254,9.64365,1.00,1.00
2016.01.14 11:54:02.169,9.64254,9.6438,1.00,1.00
2016.01.14 11:54:02.580,9.64254,9.64365,1.00,1.00
2016.01.14 11:54:03.384,9.64254,9.64365,1.00,1.07
2016.01.14 11:54:03.689,9.64263,9.64365,1.00,1.07
2016.01.14 11:54:04.145,9.64263,9.64365,1.00,1.00
2016.01.14 11:54:04.298,9.64213,9.64365,1.00,1.00
2016.01.14 11:54:04.674,9.64213,9.64349,1.00,1.00
2016.01.14 11:54:04.775,9.64213,9.64369,1.00,1.00
2016.01.14 11:54:04.877,9.64213,9.64353,1.00,1.00
2016.01.14 11:54:05.282,9.64254,9.64369,1.00,1.00
2016.01.14 11:54:05.586,9.64254,9.64373,1.00,1.00
2016.01.14 11:54:06.148,9.64254,9.64373,1.00,1.37
2016.01.14 11:54:06.553,9.64254,9.64374,1.00,1.00
2016.01.14 11:54:07.313,9.64254,9.64374,1.00,1.07
2016.01.14 11:54:07.638,9.64254,9.64374,1.00,1.00
2016.01.14 11:54:10.148,9.64251,9.64374,1.00,1.00
2016.01.14 11:54:11.154,9.64251,9.64394,1.00,1.00
2016.01.14 11:54:11.256,9.64251,9.64382,1.00,1.00
2016.01.14 11:54:11.579,9.64259,9.64382,1.00,1.07
2016.01.14 11:54:11.630,9.64259,9.64382,1.00,1.00
2016.01.14 11:54:12.483,9.64259,9.64384,1.00,1.00
2016.01.14 11:54:12.534,9.64251,9.64384,1.00,1.00
2016.01.14 11:54:17.262,9.64155,9.64367,1.37,1.00
2016.01.14 11:54:17.475,9.64172,9.64384,1.37,1.00
2016.01.14 11:54:17.581,9.64153,9.64365,1.37,1.00
2016.01.14 11:54:17.784,9.64168,9.6438,1.37,1.00
2016.01.14 11:54:19.269,9.64168,9.6438,1.00,1.00
2016.01.14 11:54:19.371,9.64154,9.64366,1.00,1.00
2016.01.14 11:54:19.699,9.6414,9.64352,1.00,1.00
2016.01.14 11:54:20.005,9.64148,9.6436,1.00,1.00
2016.01.14 11:54:20.310,9.64144,9.64355,1.00,1.00
2016.01.14 11:54:20.412,9.64157,9.64371,1.00,1.00
2016.01.14 11:54:20.541,9.64141,9.64353,1.00,1.00
2016.01.14 11:54:20.846,9.64151,9.64363,1.00,1.00
2016.01.14 11:54:21.354,9.64151,9.64363,1.00,1.07
2016.01.14 11:54:21.659,9.64164,9.64376,1.00,1.37
2016.01.14 11:54:21.973,9.64164,9.64376,1.00,1.00
2016.01.14 11:54:22.075,9.64148,9.6436,1.00,1.00
2016.01.14 11:54:22.696,9.64164,9.64376,1.00,1.37
2016.01.14 11:54:22.798,9.64148,9.6436,1.00,1.00
2016.01.14 11:54:23.001,9.64163,9.64375,1.00,1.00
2016.01.14 11:54:23.095,9.64142,9.64356,1.00,1.00
2016.01.14 11:54:23.197,9.64139,9.64351,1.00,1.00
2016.01.14 11:54:23.502,9.64153,9.64365,1.00,1.00
2016.01.14 11:54:23.806,9.64148,9.6436,1.00,1.00
2016.01.14 11:54:24.604,9.64165,9.64377,1.00,1.00
2016.01.14 11:54:25.010,9.64149,9.64361,1.00,1.00
2016.01.14 11:54:25.700,9.64167,9.64379,1.00,1.00
2016.01.14 11:54:26.006,9.64152,9.64364,1.00,1.00
2016.01.14 11:54:26.567,9.64152,9.64364,1.00,1.07
2016.01.14 11:54:26.934,9.64152,9.64364,1.00,1.00
2016.01.14 11:54:27.396,9.64166,9.64378,1.00,1.00
2016.01.14 11:54:27.700,9.64149,9.64361,1.00,1.00
2016.01.14 11:54:28.062,9.64164,9.64376,1.00,1.37
2016.01.14 11:54:28.114,9.64144,9.64356,1.50,1.00
2016.01.14 11:54:28.216,9.64158,9.6437,1.00,1.07
2016.01.14 11:54:28.319,9.64158,9.6437,1.00,1.00
2016.01.14 11:54:29.330,9.64158,9.6437,1.00,1.07
2016.01.14 11:54:29.634,9.64189,9.64382,1.00,1.00
2016.01.14 11:54:29.685,9.6417,9.64382,1.00,1.00
2016.01.14 11:54:29.888,9.64155,9.64367,1.00,1.00
2016.01.14 11:54:31.358,9.64182,9.64394,1.00,1.00
2016.01.14 11:54:31.712,9.64171,9.64383,1.00,1.00
2016.01.14 11:54:32.507,9.64163,9.64375,1.00,1.00
2016.01.14 11:54:35.702,9.64178,9.6439,1.00,1.00
2016.01.14 11:54:36.029,9.64162,9.64374,1.00,1.00
2016.01.14 11:54:36.335,9.64176,9.64388,1.00,1.07
2016.01.14 11:54:36.539,9.64161,9.64373,1.00,1.00
2016.01.14 11:54:37.003,9.64179,9.64391,1.00,1.00
2016.01.14 11:54:37.206,9.64159,9.64373,1.00,1.00
2016.01.14 11:54:38.899,9.64161,9.64373,1.00,1.00
2016.01.14 11:54:39.040,9.64165,9.64379,1.00,1.00
2016.01.14 11:54:39.616,9.64185,9.64397,1.00,1.00
2016.01.14 11:54:39.937,9.64169,9.64381,1.00,1.00
2016.01.14 11:54:46.660,9.6415,9.64362,1.00,1.00
2016.01.14 11:54:46.979,9.64168,9.6438,1.00,1.00
2016.01.14 11:54:48.235,9.64154,9.64366,1.00,1.00
2016.01.14 11:54:48.730,9.6417,9.64382,1.00,1.00
2016.01.14 11:54:49.033,9.64156,9.64368,1.00,1.00
2016.01.14 11:54:50.075,9.6417,9.64382,1.00,1.00
2016.01.14 11:54:52.443,9.64167,9.64379,1.00,1.00
2016.01.14 11:54:56.483,9.64148,9.64362,1.00,1.00
2016.01.14 11:54:56.687,9.64167,9.64379,1.00,1.37
2016.01.14 11:54:56.958,9.6417,9.64382,1.00,1.07
2016.01.14 11:54:57.167,9.6417,9.64382,1.00,1.00
2016.01.14 11:54:57.583,9.64156,9.64368,1.00,1.00
2016.01.14 11:54:59.904,9.64156,9.64368,1.00,1.07
2016.01.14 11:55:00.158,9.64156,9.64368,1.00,1.00
2016.01.14 11:55:00.857,9.64142,9.64354,1.00,1.00
2016.01.14 11:55:01.130,9.64137,9.64351,1.00,1.00
2016.01.14 11:55:01.181,9.64156,9.6437,1.00,1.07
2016.01.14 11:55:01.489,9.64145,9.64357,1.00,1.00
2016.01.14 11:55:01.539,9.64147,9.64357,1.00,1.00
2016.01.14 11:55:02.062,9.64143,9.64355,1.00,1.00
2016.01.14 11:55:02.165,9.64129,9.64341,1.00,1.00
2016.01.14 11:55:02.369,9.64149,9.64363,1.00,1.00
2016.01.14 11:55:02.472,9.64147,9.64359,1.00,1.00
2016.01.14 11:55:02.813,9.64131,9.64343,1.00,1.00
2016.01.14 11:55:03.119,9.64133,9.64345,1.00,1.00
2016.01.14 11:55:03.170,9.64108,9.64322,1.00,1.00
2016.01.14 11:55:03.272,9.64113,9.64325,1.00,1.00
2016.01.14 11:55:03.607,9.64089,9.64301,1.37,1.00
2016.01.14 11:55:03.658,9.64091,9.64303,1.37,1.00
2016.01.14 11:55:03.760,9.64109,9.64321,1.00,1.00
2016.01.14 11:55:04.193,9.64123,9.64335,1.00,1.00
2016.01.14 11:55:04.567,9.64109,9.64321,1.00,1.00
2016.01.14 11:55:04.894,9.64101,9.64313,1.07,1.00
2016.01.14 11:55:04.995,9.6412,9.64332,1.00,1.00
2016.01.14 11:55:05.097,9.64097,9.64309,1.07,1.00
2016.01.14 11:55:05.200,9.6412,9.64332,1.00,1.00
2016.01.14 11:55:05.251,9.6412,9.6433,1.00,1.00
2016.01.14 11:55:05.446,9.64121,9.64333,1.00,1.00
2016.01.14 11:55:05.649,9.64121,9.64326,1.00,1.00
2016.01.14 11:55:05.974,9.64094,9.64306,1.00,1.00
2016.01.14 11:55:06.300,9.6408,9.64292,1.00,1.00
2016.01.14 11:55:06.630,9.641,9.64312,1.00,1.00
2016.01.14 11:55:07.205,9.64084,9.64296,1.00,1.00
2016.01.14 11:55:07.473,9.6411,9.64324,1.00,1.00
2016.01.14 11:55:07.575,9.64088,9.643,1.00,1.00
2016.01.14 11:55:07.880,9.64104,9.64318,1.00,1.00
2016.01.14 11:55:08.207,9.64091,9.64303,1.00,1.00
2016.01.14 11:55:08.512,9.64112,9.64324,1.00,1.00
2016.01.14 11:55:08.816,9.64095,9.64307,1.00,1.00
2016.01.14 11:55:09.162,9.64111,9.64323,1.00,1.00
2016.01.14 11:55:09.514,9.64094,9.64306,1.00,1.00
2016.01.14 11:55:09.720,9.64111,9.64325,1.00,1.00
2016.01.14 11:55:09.872,9.64111,9.64322,1.00,1.00
2016.01.14 11:55:09.923,9.64088,9.64302,1.00,1.00
2016.01.14 11:55:10.025,9.64085,9.64297,1.00,1.00
2016.01.14 11:55:10.348,9.64101,9.64313,1.00,1.00
2016.01.14 11:55:10.659,9.64103,9.64315,1.00,1.00
2016.01.14 11:55:10.984,9.64085,9.64297,1.00,1.00
2016.01.14 11:55:11.210,9.64109,9.64323,1.00,1.00
2016.01.14 11:55:11.517,9.64084,9.64296,1.00,1.00
2016.01.14 11:55:11.973,9.64092,9.64296,1.00,1.00
2016.01.14 11:55:12.025,9.64112,9.64324,1.00,1.00
2016.01.14 11:55:12.126,9.64094,9.64306,1.00,1.00
2016.01.14 11:55:12.525,9.64109,9.64321,1.00,1.00
2016.01.14 11:55:12.852,9.64114,9.64326,1.00,1.00
2016.01.14 11:55:13.157,9.64096,9.64308,1.00,1.00
2016.01.14 11:55:13.479,9.6411,9.64322,1.00,1.50
2016.01.14 11:55:13.780,9.6409,9.64302,1.00,1.00
2016.01.14 11:55:14.084,9.64073,9.64285,1.37,1.00
2016.01.14 11:55:14.135,9.6409,9.64302,1.00,1.00
2016.01.14 11:55:14.186,9.64105,9.64317,1.00,1.00
2016.01.14 11:55:14.389,9.64094,9.64308,1.00,1.00
2016.01.14 11:55:14.491,9.64091,9.64303,1.00,1.00
2016.01.14 11:55:15.035,9.64107,9.64319,1.00,1.00
2016.01.14 11:55:15.386,9.64092,9.64304,1.00,1.00
2016.01.14 11:55:16.192,9.6411,9.64322,1.00,1.00
2016.01.14 11:55:16.497,9.64085,9.64297,1.00,1.00
2016.01.14 11:55:16.844,9.64103,9.64315,1.00,1.00
2016.01.14 11:55:17.301,9.64084,9.64296,1.00,1.00
2016.01.14 11:55:17.896,9.64101,9.64313,1.00,1.00
2016.01.14 11:55:18.201,9.64083,9.64295,1.00,1.00
2016.01.14 11:55:18.609,9.641,9.64312,1.00,1.00
2016.01.14 11:55:18.913,9.64083,9.64295,1.00,1.00
2016.01.14 11:55:19.218,9.64103,9.64315,1.00,1.00
2016.01.14 11:55:19.545,9.64102,9.64314,1.60,1.00
2016.01.14 11:55:19.937,9.64084,9.64296,1.60,1.00
2016.01.14 11:55:20.039,9.64113,9.64325,1.60,1.00
2016.01.14 11:55:20.141,9.64079,9.64291,1.60,1.00
2016.01.14 11:55:20.243,9.64083,9.64295,1.60,1.00
2016.01.14 11:55:20.422,9.64078,9.6429,1.60,1.00
2016.01.14 11:55:20.727,9.64063,9.64275,1.60,1.00
2016.01.14 11:55:21.033,9.64046,9.64258,1.60,1.00
2016.01.14 11:55:21.135,9.64064,9.64278,1.60,1.00
2016.01.14 11:55:21.338,9.64085,9.64297,1.60,1.00
2016.01.14 11:55:21.456,9.641,9.64314,1.60,1.00
2016.01.14 11:55:21.507,9.64108,9.6432,1.60,1.00
2016.01.14 11:55:21.558,9.64108,9.6432,1.60,1.00
2016.01.14 11:55:21.864,9.64189,9.64334,1.44,3.25
2016.01.14 11:55:21.916,9.64207,9.64419,1.44,1.00
2016.01.14 11:55:22.018,9.64248,9.6446,1.00,1.00
2016.01.14 11:55:22.119,9.64267,9.64479,1.00,1.00
2016.01.14 11:55:22.436,9.6427,9.64482,1.44,1.00
2016.01.14 11:55:22.538,9.64285,9.64497,1.44,1.00
2016.01.14 11:55:22.741,9.64271,9.64483,1.44,1.00
2016.01.14 11:55:22.843,9.64285,9.64497,1.44,1.00
2016.01.14 11:55:22.945,9.64271,9.64483,1.44,1.00
2016.01.14 11:55:23.047,9.64284,9.64498,1.44,1.00
2016.01.14 11:55:26.145,9.64264,9.64476,1.44,1.00
2016.01.14 11:55:30.951,9.64279,9.64493,1.44,1.00
2016.01.14 11:55:32.434,9.64273,9.64487,1.44,1.00
2016.01.14 11:55:33.848,9.64259,9.64473,1.44,1.00
2016.01.14 11:55:42.778,9.64276,9.64488,1.44,1.00
2016.01.14 11:55:42.962,9.6426,9.64474,1.44,1.00
2016.01.14 11:55:51.898,9.64333,9.64493,1.00,1.00
2016.01.14 11:55:52.000,9.64333,9.64527,1.00,1.00
2016.01.14 11:55:52.431,9.64333,9.64536,1.00,1.00
2016.01.14 11:55:54.148,9.64333,9.6452,1.00,1.00
2016.01.14 11:55:56.151,9.64333,9.64535,1.00,1.00
2016.01.14 11:55:58.089,9.64334,9.64535,1.00,1.00
2016.01.14 11:56:00.961,9.64334,9.6452,1.00,1.00
2016.01.14 11:56:05.853,9.64334,9.64534,1.00,1.00
2016.01.14 11:56:08.483,9.64334,9.6452,1.00,1.00
2016.01.14 11:56:08.585,9.64334,9.64534,1.00,1.00
2016.01.14 11:56:08.877,9.64334,9.64518,1.00,1.00
2016.01.14 11:56:11.476,9.64334,9.64536,1.00,1.00
2016.01.14 11:56:12.390,9.64334,9.64519,1.00,1.00
2016.01.14 11:56:14.403,9.64334,9.64537,1.00,1.00
2016.01.14 11:56:14.517,9.64334,9.64518,1.00,1.00
2016.01.14 11:56:14.569,9.64334,9.64524,1.00,1.00
2016.01.14 11:56:14.906,9.64334,9.64506,1.00,1.00
2016.01.14 11:56:15.109,9.64334,9.6452,1.00,1.00
2016.01.14 11:56:26.727,9.64334,9.64536,1.00,1.00
2016.01.14 11:56:27.928,9.64334,9.64522,1.00,1.00
2016.01.14 11:56:28.352,9.64334,9.6454,1.00,1.00
2016.01.14 11:56:32.441,9.64334,9.64537,1.00,1.00
2016.01.14 11:56:51.767,9.64334,9.64513,1.00,1.00
2016.01.14 11:56:52.270,9.64334,9.64527,1.00,1.00
2016.01.14 11:56:52.880,9.64334,9.64513,1.00,1.00
2016.01.14 11:56:53.283,9.64334,9.64527,1.00,1.00
2016.01.14 11:56:58.478,9.64342,9.64554,1.00,1.00
2016.01.14 11:56:58.580,9.64486,9.64554,1.00,1.00
2016.01.14 11:56:58.783,9.64509,9.64635,1.00,1.00
2016.01.14 11:56:58.885,9.64509,9.64713,1.00,1.00
2016.01.14 11:56:59.121,9.64559,9.64712,1.00,1.00
2016.01.14 11:56:59.173,9.64559,9.6473,1.00,1.00
2016.01.14 11:56:59.274,9.6457,9.64782,1.00,1.00
2016.01.14 11:56:59.377,9.64567,9.64779,1.00,1.00
2016.01.14 11:56:59.682,9.6462,9.64828,1.00,1.12
2016.01.14 11:57:00.113,9.64605,9.64817,1.00,1.37
2016.01.14 11:57:00.215,9.64619,9.64828,1.00,1.12
2016.01.14 11:57:00.520,9.64597,9.64793,1.00,1.12
2016.01.14 11:57:00.571,9.64567,9.64779,1.00,1.37
2016.01.14 11:57:00.977,9.64553,9.64765,1.00,1.00
2016.01.14 11:57:04.022,9.64572,9.64784,1.00,1.75
2016.01.14 11:57:08.730,9.64586,9.64793,1.00,1.12
2016.01.14 11:57:10.303,9.64571,9.64783,1.00,1.50
2016.01.14 11:57:12.423,9.64576,9.64788,1.00,1.82
2016.01.14 11:57:16.240,9.6459,9.64793,1.00,1.12
2016.01.14 11:57:16.443,9.64637,9.64849,1.00,1.37
2016.01.14 11:57:16.661,9.64637,9.64828,1.00,1.12
2016.01.14 11:57:17.154,9.64653,9.64828,1.00,1.12
2016.01.14 11:57:17.256,9.64638,9.64828,1.00,1.12
2016.01.14 11:57:18.665,9.64666,9.64828,1.00,1.12
2016.01.14 11:57:20.658,9.64652,9.64828,1.00,1.12
2016.01.14 11:57:26.579,9.64637,9.64828,1.00,1.12
2016.01.14 11:57:26.744,9.64613,9.64825,1.00,1.82
2016.01.14 11:57:26.883,9.6463,9.64828,1.00,1.12
2016.01.14 11:57:26.985,9.64591,9.64803,1.00,1.07
2016.01.14 11:57:27.087,9.64611,9.64823,1.00,1.82
2016.01.14 11:57:27.188,9.64589,9.64803,1.00,1.07
2016.01.14 11:57:27.290,9.64618,9.64828,1.00,1.12
2016.01.14 11:57:27.392,9.64599,9.64811,1.00,1.37
2016.01.14 11:57:27.494,9.64613,9.64825,1.00,1.82
2016.01.14 11:57:27.697,9.64595,9.64807,1.00,1.07
2016.01.14 11:57:27.836,9.64613,9.64825,1.00,1.82
2016.01.14 11:57:27.887,9.6459,9.64802,1.00,1.07
2016.01.14 11:57:28.973,9.6461,9.64822,1.00,1.82
2016.01.14 11:57:29.092,9.64595,9.64807,1.00,1.07
2016.01.14 11:57:29.194,9.64616,9.64828,1.00,1.87
2016.01.14 11:57:30.298,9.64602,9.64814,1.00,1.37
2016.01.14 11:57:30.907,9.64616,9.64828,1.00,1.87
2016.01.14 11:57:32.096,9.64596,9.64808,1.00,1.12
2016.01.14 11:57:32.198,9.64533,9.64745,1.00,1.15
2016.01.14 11:57:32.299,9.64557,9.64769,1.00,1.00
2016.01.14 11:57:32.407,9.64542,9.64754,1.00,1.00
2016.01.14 11:57:33.114,9.64558,9.64772,1.00,1.00
2016.01.14 11:57:33.170,9.64562,9.64774,1.00,1.00
2016.01.14 11:57:33.323,9.64537,9.64751,1.00,1.00
2016.01.14 11:57:33.374,9.64568,9.6477,1.00,1.00
2016.01.14 11:57:33.425,9.64568,9.6478,1.00,1.00
2016.01.14 11:57:33.476,9.64565,9.64777,1.00,1.00
2016.01.14 11:57:33.798,9.64553,9.64765,1.00,1.00
2016.01.14 11:57:34.116,9.64559,9.64771,1.00,1.00
2016.01.14 11:57:34.218,9.64544,9.64758,1.00,1.00
2016.01.14 11:57:34.320,9.64537,9.64749,1.00,1.00
2016.01.14 11:57:34.624,9.64565,9.64777,1.00,1.00
2016.01.14 11:57:34.675,9.64545,9.64759,1.50,1.00
2016.01.14 11:57:34.777,9.64553,9.64765,1.00,1.00
2016.01.14 11:57:35.117,9.64568,9.6478,1.00,1.00
2016.01.14 11:57:35.421,9.6455,9.64762,1.00,1.00
2016.01.14 11:57:35.803,9.64569,9.64781,1.00,1.00
2016.01.14 11:57:36.121,9.64552,9.64764,1.00,1.00
2016.01.14 11:57:36.477,9.64566,9.64778,1.00,1.00
2016.01.14 11:57:36.782,9.64575,9.64782,1.00,1.00
2016.01.14 11:57:36.833,9.64575,9.64787,1.00,1.00
2016.01.14 11:57:36.884,9.64554,9.64764,1.00,1.00
2016.01.14 11:57:36.983,9.64568,9.6478,1.00,1.00
2016.01.14 11:57:37.085,9.6457,9.64782,1.00,1.00
2016.01.14 11:57:37.390,9.64546,9.64758,1.00,1.00
2016.01.14 11:57:37.728,9.64569,9.64781,1.00,1.00
2016.01.14 11:57:38.129,9.64551,9.64763,1.00,1.00
2016.01.14 11:57:38.433,9.64553,9.64765,1.00,1.00
2016.01.14 11:57:38.896,9.6457,9.64782,1.00,1.00
2016.01.14 11:57:39.212,9.6456,9.64774,1.00,1.00
2016.01.14 11:57:39.387,9.64572,9.64784,1.00,1.00
2016.01.14 11:57:39.698,9.64568,9.6478,1.50,1.00
2016.01.14 11:57:39.800,9.64552,9.64766,1.00,1.00
2016.01.14 11:57:39.901,9.64561,9.64773,1.00,1.00
2016.01.14 11:57:40.207,9.64589,9.64801,1.00,1.10
2016.01.14 11:57:40.527,9.6458,9.64792,1.00,1.00
2016.01.14 11:57:40.842,9.64578,9.6479,1.00,1.00
2016.01.14 11:57:41.145,9.64554,9.64766,1.00,1.00
2016.01.14 11:57:41.450,9.6458,9.64792,1.00,1.00
2016.01.14 11:57:41.788,9.64582,9.64793,1.00,1.00
2016.01.14 11:57:41.940,9.64561,9.64773,1.00,1.00
2016.01.14 11:57:41.991,9.64577,9.64789,1.00,1.00
2016.01.14 11:57:42.295,9.64556,9.64768,1.00,1.00
2016.01.14 11:57:42.805,9.64571,9.64783,1.00,1.00
2016.01.14 11:57:43.211,9.64552,9.6476,1.00,1.00
2016.01.14 11:57:43.263,9.64546,9.6476,1.00,1.00
2016.01.14 11:57:43.314,9.6456,9.64772,1.00,1.00
2016.01.14 11:57:43.619,9.64565,9.64777,1.00,1.00
2016.01.14 11:57:43.928,9.64568,9.6478,1.00,1.00
2016.01.14 11:57:44.247,9.64559,9.64771,1.00,1.00
2016.01.14 11:57:44.552,9.6458,9.64792,1.00,1.00
2016.01.14 11:57:44.891,9.64587,9.64799,1.00,1.00
2016.01.14 11:57:45.195,9.64553,9.64765,1.00,1.00
2016.01.14 11:57:45.509,9.64548,9.6476,1.00,1.00
2016.01.14 11:57:45.814,9.64553,9.64765,1.00,1.00
2016.01.14 11:57:46.117,9.64585,9.64797,1.00,1.00
2016.01.14 11:57:46.270,9.64553,9.64767,1.00,1.00
2016.01.14 11:57:46.321,9.64584,9.64786,1.00,1.00
2016.01.14 11:57:46.372,9.64584,9.64796,1.00,1.00
2016.01.14 11:57:46.423,9.64564,9.64774,1.00,1.00
2016.01.14 11:57:46.475,9.64562,9.64774,1.00,1.00
2016.01.14 11:57:46.597,9.64583,9.64794,1.00,1.00
2016.01.14 11:57:46.699,9.64563,9.64775,1.50,1.00
2016.01.14 11:57:46.901,9.64585,9.64795,1.00,1.00
2016.01.14 11:57:46.952,9.64585,9.64797,1.00,1.00
2016.01.14 11:57:47.003,9.64582,9.64796,1.00,1.00
2016.01.14 11:57:47.105,9.64585,9.64797,1.00,1.00
2016.01.14 11:57:47.430,9.64568,9.6478,1.00,1.00
2016.01.14 11:57:47.751,9.6458,9.64792,1.00,1.00
2016.01.14 11:57:48.072,9.64563,9.64775,1.00,1.00
2016.01.14 11:57:48.396,9.64574,9.64786,1.00,1.00
2016.01.14 11:57:48.725,9.64579,9.64791,1.00,1.00
2016.01.14 11:57:49.029,9.64577,9.64789,1.00,1.00
2016.01.14 11:57:49.536,9.64578,9.6479,1.00,1.00
2016.01.14 11:57:49.841,9.64598,9.64807,1.00,1.07
2016.01.14 11:57:49.943,9.64574,9.64786,1.00,1.00
2016.01.14 11:57:50.045,9.64558,9.6477,1.00,1.00
2016.01.14 11:57:50.371,9.64572,9.64784,1.00,1.00
2016.01.14 11:57:50.734,9.64558,9.6477,1.00,1.00
2016.01.14 11:57:51.085,9.64577,9.64789,1.00,1.50
2016.01.14 11:57:51.136,9.64556,9.6477,1.00,1.00
2016.01.14 11:57:51.238,9.64577,9.64789,1.00,1.00
2016.01.14 11:57:51.576,9.64565,9.64768,1.00,1.00
2016.01.14 11:57:51.628,9.64585,9.64797,1.00,1.00
2016.01.14 11:57:51.730,9.64568,9.64782,1.00,1.00
2016.01.14 11:57:51.936,9.64553,9.64765,1.00,1.00
2016.01.14 11:57:52.244,9.64576,9.64788,1.00,1.00
2016.01.14 11:57:52.565,9.64578,9.64789,1.00,1.00
2016.01.14 11:57:52.718,9.64577,9.64791,1.00,1.00
2016.01.14 11:57:53.344,9.64596,9.64808,1.00,1.12
2016.01.14 11:57:53.507,9.64576,9.64788,1.00,1.00
2016.01.14 11:57:53.558,9.64579,9.64791,1.00,1.00
2016.01.14 11:57:53.863,9.64596,9.64808,1.00,1.12
2016.01.14 11:57:53.965,9.64579,9.64791,1.00,1.00
2016.01.14 11:57:54.016,9.64577,9.64789,1.00,1.00
2016.01.14 11:57:54.348,9.64596,9.64808,1.00,1.12
2016.01.14 11:57:54.450,9.64582,9.64794,1.00,1.00
2016.01.14 11:57:56.259,9.64567,9.64779,1.00,1.00
2016.01.14 11:57:56.361,9.64581,9.64795,1.00,1.00
2016.01.14 11:57:56.462,9.64565,9.64777,1.00,1.00
2016.01.14 11:57:56.776,9.64587,9.64799,1.00,1.00
2016.01.14 11:57:57.080,9.6457,9.64782,1.00,1.00
2016.01.14 11:57:57.384,9.64587,9.64799,1.00,1.00
2016.01.14 11:57:57.764,9.64585,9.64797,1.00,1.00
2016.01.14 11:57:58.089,9.64585,9.64783,1.00,1.00
2016.01.14 11:57:58.140,9.64551,9.64763,1.00,1.00
2016.01.14 11:57:58.357,9.64568,9.6478,1.00,1.00
2016.01.14 11:57:58.459,9.64546,9.6476,1.00,1.00
2016.01.14 11:57:58.561,9.64563,9.64775,1.00,1.00
2016.01.14 11:57:59.049,9.64546,9.64758,1.00,1.00
2016.01.14 11:57:59.354,9.64557,9.64769,1.00,1.00
2016.01.14 11:57:59.658,9.64559,9.64771,1.00,1.00
2016.01.14 11:58:02.067,9.64577,9.64789,1.00,1.00
2016.01.14 11:58:02.435,9.64618,9.64828,1.00,1.12
2016.01.14 11:58:03.245,9.64633,9.64828,1.00,1.12
2016.01.14 11:58:04.147,9.64618,9.64828,1.00,1.12
2016.01.14 11:58:09.259,9.64599,9.64811,1.00,1.37
2016.01.14 11:58:12.488,9.64607,9.64819,1.00,1.37
2016.01.14 11:58:14.092,9.64621,9.64833,1.00,1.82
2016.01.14 11:58:14.193,9.64607,9.64819,1.00,1.37
2016.01.14 11:58:14.295,9.64611,9.64823,1.00,1.45
2016.01.14 11:58:14.618,9.64624,9.64834,1.00,1.12
2016.01.14 11:58:14.884,9.6461,9.64824,1.00,1.45
2016.01.14 11:58:14.986,9.6463,9.64834,1.00,1.12
2016.01.14 11:58:15.186,9.64611,9.64823,1.00,1.45
2016.01.14 11:58:15.288,9.64614,9.64826,1.00,1.45
2016.01.14 11:58:15.903,9.64641,9.64834,1.00,1.12
2016.01.14 11:58:17.200,9.64623,9.64834,1.00,1.12
2016.01.14 11:58:17.295,9.64641,9.64834,1.00,1.12
2016.01.14 11:58:17.398,9.64626,9.64834,1.00,1.12
2016.01.14 11:58:18.294,9.6464,9.64834,1.00,1.12
2016.01.14 11:58:20.711,9.64624,9.64834,1.00,1.12
2016.01.14 11:58:21.011,9.64608,9.6482,1.00,1.37
2016.01.14 11:58:21.171,9.64568,9.6478,1.00,1.00
2016.01.14 11:58:21.577,9.64584,9.64796,1.00,1.00
2016.01.14 11:58:21.884,9.64589,9.64801,1.00,1.10
2016.01.14 11:58:22.192,9.64566,9.64778,1.00,1.00
2016.01.14 11:58:22.500,9.64581,9.64793,1.00,1.00
2016.01.14 11:58:22.825,9.64564,9.64776,1.00,1.00
2016.01.14 11:58:23.488,9.64589,9.64801,1.00,1.10
2016.01.14 11:58:23.881,9.6457,9.64782,1.00,1.00
2016.01.14 11:58:24.517,9.64554,9.64768,1.05,1.00
2016.01.14 11:58:31.489,9.64565,9.64768,1.00,1.00
2016.01.14 11:58:31.576,9.64585,9.64799,1.00,1.00
2016.01.14 11:58:31.627,9.64565,9.64777,1.00,1.00
2016.01.14 11:58:32.440,9.64555,9.64767,1.05,1.00
2016.01.14 11:58:32.814,9.64574,9.64786,1.00,1.00
2016.01.14 11:58:33.143,9.64589,9.64801,1.00,1.10
2016.01.14 11:58:33.445,9.64575,9.64787,1.00,1.00
2016.01.14 11:58:33.796,9.64568,9.6478,1.00,1.00
2016.01.14 11:58:35.656,9.64553,9.64765,1.05,1.00
2016.01.14 11:58:39.424,9.64537,9.64749,1.05,1.00
2016.01.14 11:58:39.639,9.6456,9.64774,1.00,1.00
2016.01.14 11:58:39.855,9.64542,9.64754,1.05,1.00
2016.01.14 11:58:39.957,9.64562,9.64774,1.00,1.00
2016.01.14 11:58:40.058,9.64565,9.64779,1.00,1.00
2016.01.14 11:58:40.184,9.64543,9.64755,1.05,1.00
2016.01.14 11:58:40.235,9.64562,9.64774,1.00,1.00
2016.01.14 11:58:40.456,9.64543,9.64755,1.05,1.00
2016.01.14 11:58:40.558,9.64562,9.64774,1.00,1.00
2016.01.14 11:58:40.847,9.64543,9.64755,1.05,1.00
2016.01.14 11:58:41.127,9.6456,9.64772,1.00,1.00
2016.01.14 11:58:41.330,9.64544,9.64756,1.05,1.00
2016.01.14 11:58:41.865,9.64561,9.64773,1.00,1.00
2016.01.14 11:58:41.967,9.64545,9.64757,1.05,1.00
2016.01.14 11:58:42.018,9.64562,9.64774,1.00,1.00
2016.01.14 11:58:42.120,9.64545,9.64757,1.05,1.00
2016.01.14 11:58:42.221,9.64561,9.64773,1.00,1.00
2016.01.14 11:58:42.331,9.64541,9.64753,1.05,1.37
2016.01.14 11:58:42.875,9.64528,9.6474,1.05,1.00
2016.01.14 11:58:42.927,9.64546,9.64758,1.05,1.00
2016.01.14 11:58:43.132,9.64509,9.64721,1.05,1.00
2016.01.14 11:58:44.165,9.64526,9.64738,1.05,1.00
2016.01.14 11:58:44.422,9.64511,9.64723,1.05,1.00
2016.01.14 11:58:44.625,9.64527,9.64739,1.05,1.00
2016.01.14 11:58:44.828,9.64512,9.64724,1.05,1.00
2016.01.14 11:58:45.342,9.64528,9.6474,1.05,1.00
2016.01.14 11:58:45.630,9.6451,9.64722,1.05,1.00
2016.01.14 11:58:46.874,9.64526,9.6474,1.05,1.00
2016.01.14 11:58:51.060,9.64613,9.64825,1.00,1.45
2016.01.14 11:58:51.164,9.6463,9.64833,1.00,1.12
2016.01.14 11:58:51.267,9.64614,9.64826,1.00,1.45
2016.01.14 11:58:51.369,9.64631,9.64833,1.00,1.12
2016.01.14 11:58:51.880,9.64612,9.64826,1.00,1.45
2016.01.14 11:58:51.981,9.64627,9.64833,1.00,1.12
2016.01.14 11:58:52.439,9.64624,9.64833,1.00,1.12
2016.01.14 11:59:10.198,9.64596,9.64808,1.00,1.07
2016.01.14 11:59:10.299,9.64589,9.64798,1.00,1.00
2016.01.14 11:59:10.401,9.64568,9.64778,1.00,1.00
2016.01.14 11:59:10.503,9.64587,9.64799,1.00,1.00
2016.01.14 11:59:10.605,9.64567,9.64779,1.00,1.00
2016.01.14 11:59:11.081,9.64584,9.64796,1.00,1.50
2016.01.14 11:59:11.387,9.64522,9.64734,1.05,1.00
2016.01.14 11:59:12.406,9.64519,9.64731,1.05,1.00
2016.01.14 11:59:13.430,9.64533,9.64745,1.05,1.00
2016.01.14 11:59:13.532,9.64519,9.64731,1.05,1.00
2016.01.14 11:59:13.735,9.64539,9.64751,1.05,1.00
2016.01.14 11:59:14.039,9.64525,9.64737,1.05,1.00
2016.01.14 11:59:15.642,9.64542,9.64754,1.05,1.00
2016.01.14 11:59:19.145,9.64528,9.6474,1.05,1.00
2016.01.14 11:59:19.247,9.64545,9.64757,1.05,1.00
2016.01.14 11:59:19.349,9.64541,9.64755,1.05,1.00
2016.01.14 11:59:19.555,9.64546,9.64758,1.05,1.00
2016.01.14 11:59:19.607,9.64532,9.64744,1.05,1.00
2016.01.14 11:59:26.532,9.64517,9.64729,1.05,1.00
2016.01.14 11:59:29.308,9.64539,9.64751,1.05,1.00
2016.01.14 11:59:29.359,9.64522,9.64734,1.05,1.00
2016.01.14 11:59:33.285,9.6454,9.64752,1.05,1.00
2016.01.14 11:59:33.387,9.64524,9.64736,1.05,1.00
2016.01.14 11:59:34.088,9.64538,9.6475,1.05,1.00
2016.01.14 11:59:35.494,9.64523,9.64735,1.05,1.00
2016.01.14 11:59:35.596,9.64539,9.64751,1.05,1.00
2016.01.14 11:59:35.697,9.64522,9.64734,1.05,1.00
2016.01.14 11:59:35.925,9.64539,9.64751,1.05,1.00
2016.01.14 11:59:35.976,9.64524,9.64736,1.05,1.00
2016.01.14 11:59:39.195,9.64508,9.6472,1.05,1.00
2016.01.14 11:59:39.339,9.64526,9.64738,1.05,1.00
2016.01.14 11:59:40.184,9.64611,9.64823,1.00,1.82
2016.01.14 11:59:40.286,9.64596,9.64808,1.00,1.12
2016.01.14 11:59:40.446,9.64612,9.64824,1.00,1.82
2016.01.14 11:59:40.497,9.64596,9.64808,1.00,1.12
2016.01.14 11:59:40.599,9.64618,9.64828,1.00,1.12
2016.01.14 11:59:42.607,9.64636,9.64828,1.00,1.12
2016.01.14 11:59:45.513,9.64615,9.64827,1.00,1.82
2016.01.14 11:59:46.195,9.64588,9.648,1.00,1.00
2016.01.14 11:59:46.321,9.64569,9.64781,1.00,1.00
2016.01.14 11:59:46.626,9.64563,9.64775,1.00,1.00
2016.01.14 11:59:48.486,9.6457,9.64775,1.00,1.00
2016.01.14 11:59:48.573,9.6459,9.64796,1.00,1.00
2016.01.14 11:59:48.624,9.64564,9.64776,1.00,1.00
2016.01.14 11:59:48.790,9.6459,9.64802,1.00,1.07
2016.01.14 11:59:48.892,9.64567,9.64779,1.00,1.00
2016.01.14 11:59:48.994,9.64549,9.64761,1.00,1.00
2016.01.14 11:59:49.345,9.64553,9.64765,1.00,1.00
2016.01.14 11:59:50.890,9.64556,9.64765,1.00,1.00
2016.01.14 11:59:50.941,9.64576,9.64788,1.00,1.00
2016.01.14 11:59:51.078,9.64558,9.6477,1.00,1.00
2016.01.14 11:59:51.415,9.64584,9.64796,1.00,1.00
2016.01.14 11:59:51.719,9.64559,9.64771,1.00,1.00
2016.01.14 11:59:52.035,9.64565,9.64769,1.00,1.00
2016.01.14 11:59:52.086,9.64557,9.64769,1.00,1.00
2016.01.14 11:59:52.424,9.64553,9.64765,1.00,1.00
2016.01.14 11:59:52.829,9.64585,9.64785,1.00,1.00
2016.01.14 11:59:52.880,9.64585,9.64797,1.00,1.00
2016.01.14 11:59:52.931,9.64565,9.64769,1.00,1.00
2016.01.14 11:59:52.982,9.64557,9.64769,1.00,1.00
2016.01.14 11:59:53.640,9.64585,9.64789,1.00,1.00
2016.01.14 11:59:53.742,9.64558,9.6477,1.00,1.00
2016.01.14 11:59:53.900,9.64564,9.6477,1.00,1.00
2016.01.14 11:59:53.951,9.64584,9.64796,1.00,1.00
2016.01.14 11:59:54.002,9.64558,9.6477,1.00,1.00
2016.01.14 11:59:54.501,9.64565,9.6477,1.00,1.00
2016.01.14 11:59:54.552,9.64584,9.64798,1.00,1.00
2016.01.14 11:59:54.614,9.64565,9.64769,1.00,1.00
2016.01.14 11:59:54.716,9.64557,9.64769,1.00,1.00
2016.01.14 11:59:54.902,9.64564,9.64769,1.00,1.00
2016.01.14 11:59:54.953,9.64584,9.64796,1.00,1.00
2016.01.14 11:59:55.005,9.64557,9.64769,1.00,1.00
2016.01.14 11:59:55.106,9.64537,9.64789,1.00,1.00
2016.01.14 11:59:55.208,9.64479,9.64828,1.50,1.12
2016.01.14 11:59:56.259,9.64479,9.64826,1.55,2.32
2016.01.14 11:59:56.360,9.64478,9.64826,1.47,2.32
