2017.11.17 21:00:00.027,9.70894,9.71166,0.75,0.75
2017.11.17 21:00:00.078,9.70894,9.7119,0.75,0.75
2017.11.17 21:00:00.231,9.70874,9.7119,0.75,0.75
2017.11.17 21:00:01.131,9.70887,9.7119,0.75,0.75
2017.11.17 21:00:01.436,9.70887,9.71177,0.75,0.75
2017.11.17 21:00:02.180,9.70889,9.71213,0.75,0.75
2017.11.17 21:00:02.231,9.70911,9.71235,0.75,0.75
2017.11.17 21:00:03.229,9.70922,9.71246,0.75,0.75
2017.11.17 21:00:03.602,9.70926,9.71246,0.75,0.75
2017.11.17 21:00:03.652,9.70932,9.71256,0.75,0.75
2017.11.17 21:00:05.749,9.70943,9.71267,0.75,0.75
2017.11.17 21:00:06.053,9.70959,9.71277,0.75,0.75
2017.11.17 21:00:09.723,9.70961,9.71286,0.75,0.75
2017.11.17 21:00:09.878,9.70966,9.71291,0.75,0.75
2017.11.17 21:00:10.183,9.70972,9.71296,0.75,0.75
2017.11.17 21:00:11.150,9.70979,9.71296,0.75,0.75
2017.11.17 21:00:11.200,9.70979,9.71301,0.75,0.75
2017.11.17 21:00:11.251,9.70994,9.71319,0.75,0.75
2017.11.17 21:00:11.454,9.70999,9.71323,0.75,0.75
2017.11.17 21:00:14.424,9.70989,9.71312,0.75,0.75
2017.11.17 21:00:14.526,9.71018,9.71342,1.50,0.75
2017.11.17 21:00:14.678,9.7103,9.71354,0.75,0.75
2017.11.17 21:00:15.193,9.71031,9.71355,0.75,0.75
2017.11.17 21:00:16.778,9.71018,9.71341,0.75,0.75
2017.11.17 21:00:16.829,9.71027,9.71351,0.75,0.75
2017.11.17 21:00:17.379,9.71017,9.71331,0.75,0.75
2017.11.17 21:00:17.792,9.71017,9.71329,0.75,0.75
2017.11.17 21:00:18.053,9.71024,9.71348,0.75,0.75
2017.11.17 21:00:24.682,9.71017,9.71337,0.75,0.75
2017.11.17 21:00:24.994,9.71017,9.71334,0.75,0.75
2017.11.17 21:00:25.343,9.71018,9.71342,0.75,0.75
2017.11.17 21:00:25.768,9.71019,9.71344,0.75,0.75
2017.11.17 21:00:26.154,9.71017,9.71336,0.75,0.75
2017.11.17 21:00:27.654,9.71029,9.71354,0.75,0.75
2017.11.17 21:00:27.949,9.71025,9.71352,0.75,0.75
2017.11.17 21:00:30.626,9.71036,9.71361,0.75,0.75
2017.11.17 21:00:31.488,9.71017,9.71377,0.75,0.75
2017.11.17 21:00:33.781,9.71017,9.71378,0.75,0.75
2017.11.17 21:00:34.925,9.71017,9.71375,0.75,0.60
2017.11.17 21:00:34.977,9.71017,9.71378,0.75,0.75
2017.11.17 21:00:37.266,9.71011,9.71378,0.75,0.75
2017.11.17 21:00:37.903,9.71011,9.71385,0.75,0.75
2017.11.17 21:00:42.253,9.71011,9.71376,0.75,0.75
2017.11.17 21:00:44.137,9.71011,9.71379,0.75,0.75
2017.11.17 21:00:46.137,9.71011,9.71372,0.75,0.60
2017.11.17 21:00:46.442,9.71011,9.71362,0.75,0.75
2017.11.17 21:00:47.988,9.71011,9.71377,0.75,0.75
2017.11.17 21:00:48.375,9.71011,9.71372,0.75,0.75
2017.11.17 21:00:52.707,9.71011,9.71366,0.75,0.75
2017.11.17 21:00:52.961,9.70949,9.71334,0.75,0.75
2017.11.17 21:00:53.012,9.70942,9.71308,0.75,0.75
2017.11.17 21:00:53.063,9.70917,9.71303,0.75,0.75
2017.11.17 21:00:53.114,9.70894,9.71267,0.75,0.75
2017.11.17 21:00:53.418,9.70872,9.71241,0.75,0.75
2017.11.17 21:00:53.469,9.70861,9.71241,0.75,0.75
2017.11.17 21:00:53.704,9.70861,9.71243,0.75,0.75
2017.11.17 21:00:53.755,9.70854,9.71243,0.75,0.75
2017.11.17 21:00:53.856,9.70824,9.71204,0.75,0.75
2017.11.17 21:00:55.361,9.70824,9.71201,0.75,0.75
2017.11.17 21:00:55.412,9.70815,9.71201,0.75,0.75
2017.11.17 21:00:57.216,9.70807,9.71196,0.75,0.75
2017.11.17 21:00:59.041,9.70794,9.71168,0.75,0.75
2017.11.17 21:00:59.193,9.7081,9.71197,0.75,0.75
2017.11.17 21:01:00.465,9.7081,9.71201,0.75,0.75
2017.11.17 21:01:03.102,9.70794,9.7117,0.75,0.75
2017.11.17 21:01:07.873,9.70804,9.7117,0.75,0.75
2017.11.17 21:01:11.866,9.70794,9.7117,0.75,0.75
2017.11.17 21:01:17.357,9.70794,9.71172,0.75,0.75
2017.11.17 21:01:27.400,9.70784,9.71172,0.75,0.75
2017.11.17 21:01:37.231,9.70787,9.71178,0.75,0.75
2017.11.17 21:01:57.239,9.70793,9.71182,0.75,0.75
2017.11.17 21:02:13.557,9.70815,9.70933,0.75,0.15
2017.11.17 21:02:13.659,9.70744,9.71108,0.75,0.75
2017.11.17 21:02:13.710,9.70759,9.71148,0.75,0.75
2017.11.17 21:02:13.914,9.70763,9.71148,0.75,0.75
2017.11.17 21:02:14.197,9.70759,9.71148,0.75,0.75
2017.11.17 21:02:14.248,9.70771,9.71141,0.75,0.75
2017.11.17 21:02:15.042,9.70786,9.71175,0.75,0.75
2017.11.17 21:02:15.663,9.70786,9.71174,0.75,0.75
2017.11.17 21:02:17.243,9.70771,9.71156,0.75,0.75
2017.11.17 21:02:37.237,9.70772,9.71161,0.75,0.75
2017.11.17 21:02:57.216,9.70776,9.71165,0.75,1.50
2017.11.17 21:02:57.953,9.70776,9.7114,0.75,0.75
2017.11.17 21:03:01.028,9.70783,9.71159,0.75,0.75
2017.11.17 21:03:02.577,9.70804,9.71165,0.75,0.75
2017.11.17 21:03:02.628,9.70805,9.7118,0.75,0.75
2017.11.17 21:03:09.931,9.70805,9.71172,0.75,0.75
2017.11.17 21:03:11.636,9.7093,9.71252,0.75,0.75
2017.11.17 21:03:11.688,9.7093,9.71266,0.75,0.75
2017.11.17 21:03:11.739,9.70964,9.71276,0.75,0.75
2017.11.17 21:03:11.791,9.70964,9.71304,0.75,1.50
2017.11.17 21:03:11.842,9.70964,9.71299,0.75,0.75
2017.11.17 21:03:11.944,9.70964,9.71304,0.75,0.75
2017.11.17 21:03:13.208,9.70964,9.71326,0.75,0.75
2017.11.17 21:03:13.259,9.70986,9.71326,0.75,0.75
2017.11.17 21:03:13.579,9.70986,9.71331,0.75,0.75
2017.11.17 21:03:14.306,9.70986,9.7131,0.75,0.75
2017.11.17 21:03:19.876,9.70992,9.7131,0.75,0.75
2017.11.17 21:03:21.640,9.71004,9.7131,0.75,0.75
2017.11.17 21:03:26.629,9.71017,9.7131,0.75,0.75
2017.11.17 21:03:35.758,9.71017,9.71324,0.75,0.75
2017.11.17 21:03:45.422,9.71012,9.71324,0.75,0.75
2017.11.17 21:03:52.533,9.71019,9.71324,0.75,0.75
2017.11.17 21:03:54.734,9.71017,9.71324,0.75,0.75
2017.11.17 21:04:01.529,9.71023,9.71324,0.75,0.75
2017.11.17 21:04:05.468,9.71016,9.71324,1.00,1.00
2017.11.17 21:04:19.587,9.71022,9.71324,1.00,1.00
2017.11.17 21:04:35.798,9.71022,9.71331,1.00,1.00
2017.11.17 21:04:40.815,9.71015,9.71331,1.00,1.00
2017.11.17 21:04:53.562,9.71017,9.71322,1.00,1.00
2017.11.17 21:04:53.928,9.71017,9.71299,1.00,1.00
2017.11.17 21:05:02.781,9.71025,9.71299,1.00,1.00
2017.11.17 21:05:06.942,9.71035,9.71299,1.00,1.00
2017.11.17 21:05:12.685,9.71056,9.71325,1.00,1.00
2017.11.17 21:05:12.736,9.71056,9.71318,1.00,1.00
2017.11.17 21:05:12.838,9.71043,9.71317,1.00,1.00
2017.11.17 21:05:12.940,9.71043,9.71338,1.00,1.00
2017.11.17 21:05:12.991,9.71043,9.71347,1.00,1.00
2017.11.17 21:05:13.143,9.71043,9.71337,1.00,1.00
2017.11.17 21:05:13.447,9.71043,9.71328,1.00,1.00
2017.11.17 21:05:13.788,9.71043,9.71337,1.00,1.00
2017.11.17 21:05:13.941,9.71043,9.71327,1.00,1.00
2017.11.17 21:05:15.321,9.71022,9.71327,1.00,1.00
2017.11.17 21:05:15.423,9.70997,9.71317,1.00,1.00
2017.11.17 21:05:16.510,9.70997,9.71307,1.00,1.00
2017.11.17 21:05:16.823,9.71016,9.71308,1.00,1.00
2017.11.17 21:05:17.493,9.71016,9.71307,1.00,1.00
2017.11.17 21:05:19.395,9.71016,9.71308,1.00,1.00
2017.11.17 21:05:29.920,9.71013,9.71308,1.00,1.00
2017.11.17 21:05:30.492,9.71013,9.71307,1.00,1.00
2017.11.17 21:05:33.743,9.71003,9.71307,1.00,1.00
2017.11.17 21:05:34.576,9.71003,9.71317,1.00,1.00
2017.11.17 21:05:34.904,9.71003,9.71307,1.00,1.00
2017.11.17 21:05:35.874,9.71003,9.71308,1.00,1.00
2017.11.17 21:05:36.724,9.71002,9.71308,1.00,1.00
2017.11.17 21:05:40.519,9.71002,9.71307,1.00,1.00
2017.11.17 21:05:41.092,9.71003,9.71307,1.00,1.00
2017.11.17 21:05:42.717,9.71003,9.71308,1.00,1.00
2017.11.17 21:05:43.720,9.71017,9.71308,1.00,1.00
2017.11.17 21:05:43.822,9.71017,9.71317,1.00,1.00
2017.11.17 21:05:44.098,9.71017,9.71324,1.00,1.00
2017.11.17 21:05:44.405,9.71017,9.71317,1.00,1.00
2017.11.17 21:05:44.753,9.71017,9.71324,1.00,1.00
2017.11.17 21:05:46.567,9.71003,9.71324,1.00,1.00
2017.11.17 21:05:50.235,9.7101,9.71317,1.00,1.00
2017.11.17 21:05:52.874,9.7101,9.71324,1.00,1.00
2017.11.17 21:05:54.553,9.70999,9.71317,1.00,1.00
2017.11.17 21:05:54.731,9.70999,9.713,1.00,1.00
2017.11.17 21:05:54.833,9.70999,9.71331,1.00,1.00
2017.11.17 21:05:54.884,9.70999,9.71326,1.00,1.00
2017.11.17 21:05:56.644,9.70999,9.71327,1.00,1.00
2017.11.17 21:05:59.389,9.70999,9.7133,1.00,1.00
2017.11.17 21:05:59.440,9.70989,9.71336,1.00,1.50
2017.11.17 21:05:59.644,9.70989,9.71322,1.00,1.00
2017.11.17 21:06:06.652,9.70991,9.71322,1.00,1.00
2017.11.17 21:06:12.553,9.7099,9.71322,1.00,1.00
2017.11.17 21:06:51.244,9.70996,9.71322,1.00,1.00
2017.11.17 21:06:51.549,9.70996,9.71339,1.00,1.00
2017.11.17 21:06:51.708,9.70996,9.71326,1.00,1.00
2017.11.17 21:06:52.868,9.70996,9.71314,1.00,1.00
2017.11.17 21:06:55.210,9.70987,9.71314,1.00,1.00
2017.11.17 21:06:57.454,9.71008,9.71314,1.00,1.00
2017.11.17 21:06:59.693,9.70992,9.71314,1.00,1.00
2017.11.17 21:07:02.214,9.71007,9.71314,1.00,1.00
2017.11.17 21:07:04.237,9.70989,9.71314,1.00,1.00
2017.11.17 21:07:04.440,9.70989,9.71326,1.00,1.00
2017.11.17 21:07:04.592,9.70989,9.71324,1.00,1.00
2017.11.17 21:07:05.139,9.70989,9.71317,1.00,1.00
2017.11.17 21:07:05.639,9.70989,9.71324,1.00,1.00
2017.11.17 21:07:05.842,9.70989,9.71318,1.00,1.00
2017.11.17 21:07:06.321,9.70989,9.71324,1.00,1.00
2017.11.17 21:07:06.524,9.70989,9.7132,1.00,1.00
2017.11.17 21:07:08.338,9.70988,9.71339,1.00,1.00
2017.11.17 21:07:08.591,9.70988,9.71329,1.00,1.00
2017.11.17 21:07:09.957,9.70997,9.71324,1.00,1.00
2017.11.17 21:07:10.059,9.70997,9.71333,1.00,1.00
2017.11.17 21:07:10.538,9.70997,9.71336,1.00,1.50
2017.11.17 21:07:10.741,9.70997,9.71334,1.00,1.00
2017.11.17 21:07:13.231,9.71,9.71334,1.00,1.00
2017.11.17 21:07:14.723,9.70889,9.71162,1.00,1.00
2017.11.17 21:07:14.775,9.70871,9.71196,1.00,1.00
2017.11.17 21:07:14.878,9.70865,9.71064,1.00,1.00
2017.11.17 21:07:14.981,9.70802,9.71132,1.00,1.00
2017.11.17 21:07:15.032,9.70775,9.71102,1.00,1.00
2017.11.17 21:07:15.288,9.70794,9.71168,1.00,1.00
2017.11.17 21:07:15.339,9.70828,9.71217,1.00,1.00
2017.11.17 21:07:17.234,9.70818,9.71207,1.00,1.00
2017.11.17 21:07:22.544,9.70818,9.71205,1.00,1.00
2017.11.17 21:07:25.471,9.70818,9.71207,1.00,1.00
2017.11.17 21:07:37.264,9.70813,9.71202,1.00,1.00
2017.11.17 21:07:56.825,9.70841,9.7123,1.00,1.00
2017.11.17 21:07:57.230,9.7083,9.71219,1.00,1.00
2017.11.17 21:07:57.866,9.70859,9.71248,1.00,1.00
2017.11.17 21:08:10.875,9.7087,9.71248,1.00,1.00
2017.11.17 21:08:17.214,9.70881,9.7127,1.00,1.00
2017.11.17 21:08:32.294,9.70887,9.7127,1.00,1.00
2017.11.17 21:08:33.869,9.70887,9.71267,1.00,1.00
2017.11.17 21:08:39.076,9.70877,9.71234,1.00,1.00
2017.11.17 21:08:39.229,9.70878,9.71267,1.00,1.50
2017.11.17 21:08:39.330,9.70878,9.71257,1.00,1.00
2017.11.17 21:08:39.382,9.70878,9.71267,1.00,1.50
2017.11.17 21:08:39.687,9.70878,9.71258,1.00,1.00
2017.11.17 21:08:40.194,9.70878,9.71257,1.00,1.00
2017.11.17 21:08:40.890,9.70878,9.71247,1.00,1.00
2017.11.17 21:08:41.795,9.70863,9.71236,1.00,1.00
2017.11.17 21:08:44.038,9.70847,9.71236,1.00,1.00
2017.11.17 21:08:46.365,9.70876,9.71265,1.00,1.00
2017.11.17 21:08:46.729,9.70876,9.71257,1.00,1.00
2017.11.17 21:08:48.990,9.70876,9.71247,1.00,1.00
2017.11.17 21:08:57.322,9.70862,9.71245,1.00,1.00
2017.11.17 21:08:58.413,9.70856,9.71245,1.00,1.00
2017.11.17 21:09:00.266,9.70856,9.71237,1.00,1.00
2017.11.17 21:09:01.242,9.70856,9.71238,1.00,1.00
2017.11.17 21:09:02.037,9.70856,9.71237,1.00,1.00
2017.11.17 21:09:04.819,9.70856,9.71238,1.00,1.00
2017.11.17 21:09:05.389,9.70856,9.71237,1.00,1.00
2017.11.17 21:09:09.498,9.70858,9.71237,1.00,1.00
2017.11.17 21:09:11.689,9.70858,9.71227,1.00,1.00
2017.11.17 21:09:15.219,9.70856,9.71218,1.00,1.00
2017.11.17 21:09:15.728,9.70856,9.71217,1.00,1.00
2017.11.17 21:09:16.083,9.70856,9.71208,1.00,1.00
2017.11.17 21:09:16.342,9.70856,9.71217,1.00,1.00
2017.11.17 21:09:17.244,9.7084,9.71217,1.00,1.00
2017.11.17 21:09:17.413,9.70836,9.71217,1.00,1.00
2017.11.17 21:09:18.139,9.70836,9.71207,1.00,1.00
2017.11.17 21:09:30.683,9.7081,9.71195,1.00,1.00
2017.11.17 21:09:34.424,9.70806,9.71195,1.00,1.00
2017.11.17 21:09:36.824,9.70818,9.71195,1.00,1.00
2017.11.17 21:09:37.264,9.70818,9.71193,1.00,1.00
2017.11.17 21:09:39.624,9.70804,9.71193,1.00,1.00
2017.11.17 21:09:43.274,9.7081,9.71193,1.00,1.00
2017.11.17 21:09:48.057,9.70823,9.71193,1.00,1.00
2017.11.17 21:09:49.424,9.70804,9.71193,1.00,1.00
2017.11.17 21:09:52.229,9.70823,9.71193,1.00,1.00
2017.11.17 21:09:53.607,9.70804,9.71193,1.00,1.00
2017.11.17 21:09:57.239,9.70807,9.71198,1.00,1.00
2017.11.17 21:10:05.554,9.70811,9.71198,1.00,1.00
2017.11.17 21:10:06.562,9.70842,9.71226,1.00,1.00
2017.11.17 21:10:07.171,9.70878,9.71226,1.00,1.00
2017.11.17 21:10:07.222,9.70878,9.71255,1.00,1.00
2017.11.17 21:10:09.285,9.70898,9.71255,1.00,1.00
2017.11.17 21:10:17.049,9.7089,9.71255,1.00,1.00
2017.11.17 21:10:17.252,9.7089,9.71257,1.00,1.00
2017.11.17 21:10:19.428,9.70887,9.71257,1.00,1.00
2017.11.17 21:10:22.142,9.70887,9.71262,1.00,1.00
2017.11.17 21:10:32.866,9.70908,9.71262,1.00,1.00
2017.11.17 21:10:36.224,9.70898,9.71262,1.00,1.00
2017.11.17 21:10:37.218,9.70898,9.71266,1.00,1.00
2017.11.17 21:10:37.320,9.70918,9.71266,1.00,1.00
2017.11.17 21:10:39.937,9.70934,9.71277,1.00,1.00
2017.11.17 21:10:40.168,9.70934,9.71287,1.00,1.00
2017.11.17 21:10:43.887,9.70934,9.71277,1.00,1.00
2017.11.17 21:10:44.297,9.7095,9.71277,1.00,1.00
2017.11.17 21:10:45.920,9.7095,9.71287,1.00,1.00
2017.11.17 21:10:46.022,9.70962,9.71294,1.00,1.00
2017.11.17 21:10:49.427,9.70975,9.71294,1.00,1.00
2017.11.17 21:10:51.826,9.7096,9.71294,1.00,1.00
2017.11.17 21:10:57.269,9.7096,9.71297,1.00,1.00
2017.11.17 21:11:00.748,9.70966,9.71297,1.00,1.00
2017.11.17 21:11:02.691,9.70952,9.71297,1.00,1.00
2017.11.17 21:11:03.171,9.70952,9.71307,1.00,1.00
2017.11.17 21:11:03.527,9.70952,9.71297,1.00,1.00
2017.11.17 21:11:03.712,9.70952,9.71308,1.00,1.00
2017.11.17 21:11:04.118,9.70952,9.71297,1.00,1.00
2017.11.17 21:11:04.428,9.70969,9.71308,1.00,1.00
2017.11.17 21:11:04.763,9.70969,9.71297,1.00,1.00
2017.11.17 21:11:04.814,9.70969,9.71308,1.00,1.00
2017.11.17 21:11:05.218,9.70969,9.71297,1.00,1.00
2017.11.17 21:11:05.370,9.70969,9.71307,1.00,1.00
2017.11.17 21:11:05.573,9.7095,9.71307,1.00,1.00
2017.11.17 21:11:05.727,9.7095,9.71297,1.00,1.00
2017.11.17 21:11:05.939,9.7095,9.71307,1.00,1.00
2017.11.17 21:11:06.400,9.7095,9.71298,1.00,1.00
2017.11.17 21:11:06.451,9.7095,9.71307,1.00,1.00
2017.11.17 21:11:06.859,9.7095,9.71297,1.00,1.00
2017.11.17 21:11:07.277,9.7095,9.71295,1.00,1.00
2017.11.17 21:11:07.920,9.70963,9.71295,1.00,1.00
2017.11.17 21:11:10.947,9.7095,9.71295,1.00,1.00
2017.11.17 21:11:12.419,9.70975,9.71295,1.00,1.00
2017.11.17 21:11:13.628,9.70967,9.71295,1.00,1.00
2017.11.17 21:11:13.730,9.70967,9.71278,1.00,1.00
2017.11.17 21:11:14.135,9.70967,9.71297,1.00,1.00
2017.11.17 21:11:14.237,9.70967,9.71299,1.00,1.00
2017.11.17 21:11:14.591,9.70967,9.71297,1.00,1.00
2017.11.17 21:11:14.926,9.70967,9.71299,1.00,1.00
2017.11.17 21:11:15.028,9.70976,9.71299,1.00,1.00
2017.11.17 21:11:15.347,9.70976,9.71287,1.00,1.00
2017.11.17 21:11:15.601,9.70976,9.71307,1.00,1.00
2017.11.17 21:11:15.652,9.70976,9.71299,1.00,1.00
2017.11.17 21:11:15.979,9.70976,9.71287,1.00,1.00
2017.11.17 21:11:16.132,9.70976,9.71297,1.00,1.00
2017.11.17 21:11:16.182,9.70976,9.71287,1.00,1.00
2017.11.17 21:11:16.334,9.70976,9.71299,1.00,1.00
2017.11.17 21:11:16.588,9.70967,9.71299,1.00,1.00
2017.11.17 21:11:16.697,9.70967,9.71287,1.00,1.00
2017.11.17 21:11:17.001,9.70967,9.71307,1.00,1.00
2017.11.17 21:11:17.052,9.70967,9.71299,1.00,1.00
2017.11.17 21:11:17.408,9.70967,9.71287,1.00,1.00
2017.11.17 21:11:17.739,9.70967,9.713,1.00,1.00
2017.11.17 21:11:17.790,9.70978,9.713,1.00,1.00
2017.11.17 21:11:18.128,9.70978,9.71287,1.00,1.00
2017.11.17 21:11:18.230,9.70978,9.71297,1.00,1.00
2017.11.17 21:11:18.433,9.70978,9.71299,1.00,1.00
2017.11.17 21:11:18.793,9.70978,9.71287,1.00,1.00
2017.11.17 21:11:18.996,9.70978,9.71297,1.00,1.00
2017.11.17 21:11:19.149,9.70978,9.71299,1.00,1.00
2017.11.17 21:11:19.251,9.70961,9.71299,1.00,1.00
2017.11.17 21:11:19.710,9.70961,9.71297,1.00,1.00
2017.11.17 21:11:20.025,9.7099,9.71299,1.00,1.00
2017.11.17 21:11:20.127,9.70963,9.71307,1.00,1.00
2017.11.17 21:11:20.229,9.70963,9.71299,1.00,1.00
2017.11.17 21:11:20.584,9.70963,9.71297,1.00,1.00
2017.11.17 21:11:20.889,9.70966,9.71297,1.00,1.00
2017.11.17 21:11:20.940,9.70966,9.713,1.00,1.00
2017.11.17 21:11:21.462,9.70966,9.71297,1.00,1.00
2017.11.17 21:11:21.665,9.70966,9.713,1.00,1.00
2017.11.17 21:11:21.767,9.70966,9.71297,1.00,1.00
2017.11.17 21:11:21.919,9.70966,9.71308,1.00,1.00
2017.11.17 21:11:21.970,9.70966,9.71299,1.00,1.00
2017.11.17 21:11:22.278,9.70966,9.71297,1.00,1.00
2017.11.17 21:11:22.633,9.70966,9.71299,1.00,1.00
2017.11.17 21:11:22.785,9.70985,9.71299,1.00,1.00
2017.11.17 21:11:23.089,9.70985,9.71297,1.00,1.00
2017.11.17 21:11:23.343,9.70985,9.71299,1.00,1.00
2017.11.17 21:11:23.717,9.70985,9.71297,1.00,1.00
2017.11.17 21:11:24.021,9.70985,9.71312,1.00,1.00
2017.11.17 21:11:24.073,9.70985,9.71299,1.00,1.00
2017.11.17 21:11:24.452,9.70997,9.71299,1.00,1.00
2017.11.17 21:11:24.706,9.70997,9.71311,1.00,1.00
2017.11.17 21:11:24.757,9.70997,9.71299,1.00,1.00
2017.11.17 21:11:25.162,9.70997,9.71297,1.00,1.00
2017.11.17 21:11:25.415,9.70997,9.71311,1.00,1.00
2017.11.17 21:11:25.466,9.70997,9.71299,1.00,1.00
2017.11.17 21:11:25.568,9.70966,9.71299,1.00,1.00
2017.11.17 21:11:25.973,9.70966,9.71297,1.00,1.00
2017.11.17 21:11:26.125,9.70966,9.71299,1.00,1.00
2017.11.17 21:11:26.277,9.70966,9.71297,1.00,1.00
2017.11.17 21:11:26.499,9.70966,9.71307,1.00,1.00
2017.11.17 21:11:26.550,9.70966,9.71299,1.00,1.00
2017.11.17 21:11:26.905,9.70986,9.71299,1.00,1.00
2017.11.17 21:11:27.361,9.70986,9.71307,1.00,1.00
2017.11.17 21:11:27.412,9.70986,9.71311,1.00,1.00
2017.11.17 21:11:27.463,9.70986,9.71299,1.00,1.00
2017.11.17 21:11:28.326,9.70973,9.71307,1.00,1.00
2017.11.17 21:11:28.428,9.70973,9.71299,1.00,1.00
2017.11.17 21:11:29.374,9.70973,9.71308,1.00,1.00
2017.11.17 21:11:29.425,9.70973,9.71299,1.00,1.00
2017.11.17 21:11:29.838,9.70988,9.71299,1.00,1.00
2017.11.17 21:11:30.453,9.70959,9.71299,1.00,1.00
2017.11.17 21:11:35.683,9.70966,9.71299,1.00,1.00
2017.11.17 21:11:38.747,9.70945,9.71299,1.00,1.00
2017.11.17 21:11:40.494,9.70968,9.71299,1.00,1.00
2017.11.17 21:11:40.950,9.70968,9.71304,1.00,1.00
2017.11.17 21:11:41.051,9.70968,9.71299,1.00,1.00
2017.11.17 21:11:41.392,9.70981,9.71299,1.00,1.00
2017.11.17 21:11:41.848,9.70981,9.71297,1.00,1.00
2017.11.17 21:11:41.899,9.70965,9.71297,1.00,1.00
2017.11.17 21:11:42.001,9.70965,9.71304,1.00,1.00
2017.11.17 21:11:42.052,9.70965,9.71299,1.00,1.00
2017.11.17 21:11:42.982,9.70965,9.71298,1.00,1.00
2017.11.17 21:11:43.286,9.70968,9.71299,1.00,1.00
2017.11.17 21:11:43.996,9.70968,9.71297,1.00,1.00
2017.11.17 21:11:44.098,9.70968,9.71311,1.00,1.00
2017.11.17 21:11:44.149,9.70968,9.71299,1.00,1.00
2017.11.17 21:11:45.527,9.7098,9.71299,1.00,1.00
2017.11.17 21:11:47.075,9.70965,9.71299,1.00,1.00
2017.11.17 21:11:47.376,9.70965,9.71297,1.00,1.00
2017.11.17 21:11:47.727,9.70986,9.71286,1.00,1.00
2017.11.17 21:11:47.829,9.70986,9.71305,1.00,1.00
2017.11.17 21:11:48.285,9.70986,9.71297,1.00,1.00
2017.11.17 21:11:48.437,9.70986,9.71299,1.00,1.00
2017.11.17 21:11:49.477,9.70974,9.71299,1.00,1.00
2017.11.17 21:11:49.933,9.70974,9.71297,1.00,1.00
2017.11.17 21:11:50.035,9.70974,9.71299,1.00,1.00
2017.11.17 21:11:51.470,9.70982,9.71299,1.00,1.00
2017.11.17 21:11:52.027,9.70982,9.71307,1.00,1.00
2017.11.17 21:11:52.129,9.70982,9.71299,1.00,1.00
2017.11.17 21:11:52.981,9.70974,9.71299,1.00,1.00
2017.11.17 21:11:53.133,9.70974,9.71268,1.00,1.00
2017.11.17 21:11:53.184,9.70974,9.71287,1.00,1.00
2017.11.17 21:11:53.236,9.70947,9.71304,1.00,1.00
2017.11.17 21:11:55.346,9.70958,9.71304,1.00,1.00
2017.11.17 21:11:57.268,9.70958,9.71308,1.00,1.50
2017.11.17 21:12:01.856,9.70948,9.71307,1.00,1.00
2017.11.17 21:12:02.326,9.71166,9.71362,1.00,1.00
2017.11.17 21:12:02.377,9.71166,9.71409,1.00,1.00
2017.11.17 21:12:02.429,9.71209,9.71409,1.00,1.00
2017.11.17 21:12:02.480,9.71121,9.71409,1.00,1.00
2017.11.17 21:12:02.531,9.71086,9.7141,1.00,1.00
2017.11.17 21:12:02.583,9.71086,9.71477,1.00,1.00
2017.11.17 21:12:05.712,9.71115,9.71504,1.00,1.00
2017.11.17 21:12:06.034,9.71198,9.71587,1.00,1.00
2017.11.17 21:12:06.338,9.71227,9.71616,1.00,1.00
2017.11.17 21:12:07.335,9.71267,9.71645,1.00,1.00
2017.11.17 21:12:07.640,9.71405,9.71707,1.00,1.00
2017.11.17 21:12:07.741,9.71347,9.71736,1.00,1.00
2017.11.17 21:12:07.844,9.71375,9.71764,1.00,1.00
2017.11.17 21:12:08.150,9.7134,9.71729,1.00,1.00
2017.11.17 21:12:08.480,9.71312,9.71701,1.00,1.00
2017.11.17 21:12:08.786,9.71585,9.71771,1.00,1.00
2017.11.17 21:12:08.838,9.71585,9.71777,1.00,1.00
2017.11.17 21:12:08.889,9.71585,9.71757,1.00,1.00
2017.11.17 21:12:08.940,9.71585,9.71827,1.00,1.00
2017.11.17 21:12:08.991,9.71442,9.71827,1.00,1.00
2017.11.17 21:12:09.043,9.71487,9.71876,1.00,1.37
2017.11.17 21:12:09.144,9.71477,9.71866,1.00,1.00
2017.11.17 21:12:10.309,9.71449,9.71838,1.00,1.00
2017.11.17 21:12:12.164,9.71449,9.71777,1.00,1.00
2017.11.17 21:12:12.216,9.71417,9.71768,1.00,1.00
2017.11.17 21:12:12.368,9.71417,9.71757,1.00,1.00
2017.11.17 21:12:12.470,9.71417,9.71806,1.00,1.00
2017.11.17 21:12:12.572,9.71354,9.71743,1.00,1.00
2017.11.17 21:12:12.887,9.71288,9.71677,1.00,1.00
2017.11.17 21:12:13.202,9.71257,9.71646,1.00,1.00
2017.11.17 21:12:14.243,9.71257,9.71638,1.00,1.00
2017.11.17 21:12:14.294,9.71228,9.71617,1.00,1.00
2017.11.17 21:12:14.769,9.71192,9.71581,1.00,1.00
2017.11.17 21:12:16.371,9.71164,9.71553,1.00,1.00
2017.11.17 21:12:24.521,9.71126,9.71515,1.00,1.00
2017.11.17 21:12:25.124,9.71095,9.71484,1.00,1.00
2017.11.17 21:12:28.204,9.71054,9.71443,1.00,1.00
2017.11.17 21:12:28.506,9.71454,9.71717,1.00,1.00
2017.11.17 21:12:28.609,9.7139,9.71677,1.00,1.00
2017.11.17 21:12:28.762,9.7139,9.71779,1.00,1.00
2017.11.17 21:12:28.813,9.7142,9.71809,1.00,1.00
2017.11.17 21:12:29.119,9.71451,9.71817,1.00,1.00
2017.11.17 21:12:29.424,9.71451,9.71758,1.00,1.00
2017.11.17 21:12:30.346,9.71451,9.71757,1.00,1.00
2017.11.17 21:12:30.448,9.71416,9.71758,1.00,1.00
2017.11.17 21:12:31.059,9.71383,9.71772,1.00,1.00
2017.11.17 21:12:31.211,9.71355,9.71744,1.00,1.00
2017.11.17 21:12:31.516,9.71355,9.71737,1.00,1.00
2017.11.17 21:12:31.668,9.71355,9.71744,1.00,1.00
2017.11.17 21:12:31.821,9.71317,9.71706,1.00,1.00
2017.11.17 21:12:32.125,9.71267,9.71656,1.00,1.00
2017.11.17 21:12:34.835,9.71239,9.71628,1.00,1.00
2017.11.17 21:12:37.259,9.7123,9.71619,1.00,1.00
2017.11.17 21:12:39.417,9.7123,9.71601,1.00,1.00
2017.11.17 21:12:39.468,9.71192,9.71581,1.00,1.00
2017.11.17 21:12:42.322,9.71565,9.71765,1.78,1.00
2017.11.17 21:12:42.424,9.71538,9.71765,1.00,1.00
2017.11.17 21:12:42.475,9.71509,9.71765,1.00,1.00
2017.11.17 21:12:42.577,9.71462,9.71788,1.00,1.00
2017.11.17 21:12:42.628,9.71389,9.71737,1.00,1.00
2017.11.17 21:12:42.831,9.71386,9.71737,1.00,1.00
2017.11.17 21:12:42.882,9.71386,9.71727,1.00,1.00
2017.11.17 21:12:42.984,9.71332,9.71717,1.00,1.00
2017.11.17 21:12:43.035,9.71332,9.71721,1.00,1.00
2017.11.17 21:12:43.646,9.71483,9.71802,1.70,1.37
2017.11.17 21:12:43.850,9.71588,9.71887,1.00,1.00
2017.11.17 21:12:43.954,9.7156,9.71887,1.00,1.00
2017.11.17 21:12:44.005,9.7156,9.71878,1.00,1.00
2017.11.17 21:12:44.512,9.7156,9.71877,1.00,1.00
2017.11.17 21:12:44.867,9.71531,9.71877,1.00,1.00
2017.11.17 21:12:46.417,9.71496,9.71857,1.00,1.00
2017.11.17 21:12:46.469,9.71459,9.71807,1.00,1.00
2017.11.17 21:12:46.520,9.71431,9.71797,1.00,1.00
2017.11.17 21:12:46.572,9.71431,9.71787,1.00,1.00
2017.11.17 21:12:46.623,9.71403,9.71777,1.00,1.00
2017.11.17 21:12:46.928,9.71403,9.71767,1.00,1.00
2017.11.17 21:12:47.081,9.71403,9.71777,1.00,1.00
2017.11.17 21:12:47.132,9.71403,9.71767,1.00,1.00
2017.11.17 21:12:47.589,9.71336,9.71725,1.00,1.00
2017.11.17 21:12:47.641,9.71427,9.71795,1.00,1.00
2017.11.17 21:12:47.844,9.71477,9.71866,1.00,1.00
2017.11.17 21:12:47.895,9.71518,9.71897,1.00,1.00
2017.11.17 21:12:47.997,9.7149,9.71877,1.00,1.00
2017.11.17 21:12:48.049,9.71458,9.71847,1.00,1.00
2017.11.17 21:12:48.354,9.71458,9.71838,1.00,1.00
2017.11.17 21:12:48.557,9.71429,9.71818,1.00,1.00
2017.11.17 21:12:48.710,9.71401,9.7179,1.00,1.00
2017.11.17 21:12:49.014,9.71368,9.71759,1.00,1.00
2017.11.17 21:12:49.623,9.71368,9.71757,1.00,1.00
2017.11.17 21:12:49.928,9.71409,9.71774,1.00,1.00
2017.11.17 21:12:50.233,9.71555,9.71847,1.00,1.00
2017.11.17 21:12:50.547,9.71555,9.71857,1.00,1.00
2017.11.17 21:12:50.598,9.71555,9.71871,1.00,1.00
2017.11.17 21:12:50.649,9.71583,9.71871,1.00,1.00
2017.11.17 21:12:50.700,9.71583,9.71877,1.00,1.00
2017.11.17 21:12:50.853,9.71583,9.71898,1.00,1.00
2017.11.17 21:12:51.389,9.71583,9.71897,1.00,1.00
2017.11.17 21:12:52.697,9.71583,9.71887,1.00,1.00
2017.11.17 21:12:57.218,9.71569,9.71887,1.00,1.00
2017.11.17 21:13:05.721,9.71569,9.71877,1.00,1.00
2017.11.17 21:13:17.253,9.71567,9.71877,1.00,1.00
2017.11.17 21:13:37.250,9.71568,9.71877,1.00,1.00
2017.11.17 21:13:40.273,9.71568,9.71857,1.00,1.00
2017.11.17 21:13:57.218,9.71558,9.71857,1.00,1.00
2017.11.17 21:14:17.246,9.7156,9.71857,1.00,1.00
2017.11.17 21:14:29.457,9.7156,9.71867,1.00,1.00
2017.11.17 21:14:29.559,9.7156,9.71877,1.00,1.00
2017.11.17 21:14:31.767,9.7156,9.71887,1.00,1.00
2017.11.17 21:14:37.217,9.71568,9.71887,1.00,1.00
2017.11.17 21:14:41.639,9.71568,9.71897,1.00,1.00
2017.11.17 21:14:47.451,9.71539,9.71867,1.00,1.00
2017.11.17 21:14:47.654,9.71509,9.71847,1.00,1.00
2017.11.17 21:14:47.705,9.7148,9.71837,1.00,1.00
2017.11.17 21:14:47.756,9.7148,9.71827,1.00,1.00
2017.11.17 21:14:47.808,9.71452,9.71817,1.00,1.00
2017.11.17 21:14:47.909,9.71412,9.71797,1.00,1.00
2017.11.17 21:14:48.062,9.71412,9.71787,1.00,1.00
2017.11.17 21:14:48.214,9.71383,9.71772,1.00,1.00
2017.11.17 21:14:48.518,9.71354,9.71745,1.00,1.00
2017.11.17 21:14:49.398,9.71327,9.71716,1.00,1.00
2017.11.17 21:14:50.578,9.71299,9.71688,1.00,1.00
2017.11.17 21:14:57.218,9.71293,9.71682,1.00,1.00
2017.11.17 21:15:17.215,9.71305,9.71694,1.00,1.00
2017.11.17 21:15:37.214,9.71304,9.71693,1.00,1.00
2017.11.17 21:15:57.213,9.71308,9.71697,1.00,1.00
2017.11.17 21:16:09.119,9.71338,9.71727,1.00,1.00
2017.11.17 21:16:14.937,9.7131,9.71699,1.00,1.00
2017.11.17 21:16:17.254,9.71318,9.71707,1.00,1.00
2017.11.17 21:16:31.663,9.71318,9.71687,1.00,1.00
2017.11.17 21:16:31.714,9.71318,9.71707,1.00,1.00
2017.11.17 21:16:32.303,9.71318,9.71687,1.00,1.00
2017.11.17 21:16:32.795,9.71286,9.71675,1.00,1.00
2017.11.17 21:16:37.256,9.71298,9.71687,1.00,1.00
2017.11.17 21:16:57.213,9.71317,9.71706,1.00,1.00
2017.11.17 21:17:17.339,9.71307,9.71696,1.00,1.00
2017.11.17 21:17:37.213,9.71304,9.71693,1.00,1.00
2017.11.17 21:17:52.540,9.71332,9.71721,1.00,1.00
2017.11.17 21:17:52.845,9.71448,9.71837,1.00,1.00
2017.11.17 21:17:53.615,9.71507,9.71837,1.00,1.00
2017.11.17 21:17:53.666,9.71507,9.71865,1.00,1.00
2017.11.17 21:17:53.767,9.71511,9.719,1.00,1.00
2017.11.17 21:17:53.869,9.71562,9.71931,1.00,1.00
2017.11.17 21:17:55.707,9.71576,9.71959,1.00,1.00
2017.11.17 21:17:55.758,9.71617,9.71966,1.00,1.00
2017.11.17 21:17:55.860,9.71617,9.71999,1.00,1.00
2017.11.17 21:17:57.256,9.71617,9.71995,1.00,1.00
2017.11.17 21:17:59.666,9.71627,9.71995,1.00,1.00
2017.11.17 21:18:03.919,9.71634,9.71995,1.00,1.00
2017.11.17 21:18:04.303,9.71675,9.71995,1.00,1.00
2017.11.17 21:18:04.614,9.71675,9.72006,1.00,1.00
2017.11.17 21:18:05.524,9.71657,9.72006,1.00,1.00
2017.11.17 21:18:17.044,9.71669,9.71996,1.00,1.00
2017.11.17 21:18:27.617,9.7166,9.71996,1.00,1.00
2017.11.17 21:18:31.199,9.7165,9.71996,1.00,1.00
2017.11.17 21:18:38.081,9.71666,9.71996,1.00,1.00
2017.11.17 21:18:46.995,9.7165,9.71996,1.00,1.00
2017.11.17 21:18:52.212,9.71675,9.71996,1.00,1.00
2017.11.17 21:18:58.662,9.71658,9.71996,1.00,1.00
2017.11.17 21:19:01.984,9.71646,9.71996,1.00,1.00
2017.11.17 21:19:10.021,9.71653,9.71996,1.00,1.00
2017.11.17 21:19:11.895,9.71634,9.71965,1.00,1.00
2017.11.17 21:19:12.048,9.71585,9.71965,1.00,1.00
2017.11.17 21:19:12.251,9.71585,9.71934,1.00,1.00
2017.11.17 21:19:12.899,9.7155,9.71898,1.00,1.00
2017.11.17 21:19:13.102,9.71514,9.71898,1.00,1.00
2017.11.17 21:19:13.154,9.71514,9.7187,1.00,1.00
2017.11.17 21:19:14.609,9.71493,9.7187,1.00,1.00
2017.11.17 21:19:16.325,9.71481,9.7187,1.00,1.00
2017.11.17 21:19:16.528,9.71471,9.71811,1.00,1.00
2017.11.17 21:19:17.246,9.71471,9.71824,1.00,1.00
2017.11.17 21:19:17.552,9.71437,9.71824,1.00,1.00
2017.11.17 21:19:21.034,9.71433,9.71824,1.00,1.00
2017.11.17 21:19:37.213,9.71417,9.71806,1.00,1.00
2017.11.17 21:19:57.264,9.71421,9.7181,1.00,1.00
2017.11.17 21:20:03.344,9.71393,9.71782,1.00,1.00
2017.11.17 21:20:15.200,9.71421,9.71803,1.00,1.00
2017.11.17 21:20:15.251,9.71421,9.7181,1.00,1.00
2017.11.17 21:20:17.233,9.71412,9.71801,1.00,1.00
2017.11.17 21:20:25.638,9.71352,9.71741,1.00,1.00
2017.11.17 21:20:37.233,9.71367,9.71756,1.00,1.00
2017.11.17 21:20:40.647,9.71422,9.71813,1.00,1.00
2017.11.17 21:20:52.164,9.71395,9.71784,1.00,1.00
2017.11.17 21:20:57.279,9.714,9.71789,1.00,1.00
2017.11.17 21:21:17.233,9.71401,9.7179,1.00,1.00
2017.11.17 21:21:37.234,9.71421,9.7181,1.00,1.00
2017.11.17 21:21:57.284,9.71418,9.71807,1.00,1.00
2017.11.17 21:22:17.278,9.71415,9.71804,1.00,1.00
2017.11.17 21:22:26.095,9.71387,9.71776,1.00,1.00
2017.11.17 21:22:29.136,9.71421,9.7181,1.00,1.00
2017.11.17 21:22:29.491,9.71392,9.71781,1.00,1.00
2017.11.17 21:22:37.284,9.714,9.71789,1.00,1.00
2017.11.17 21:22:57.239,9.7138,9.71769,1.00,1.00
2017.11.17 21:23:17.340,9.71387,9.71776,1.00,1.00
2017.11.17 21:23:31.213,9.71349,9.7174,1.00,1.00
2017.11.17 21:23:37.264,9.71352,9.71741,1.00,1.00
2017.11.17 21:23:39.985,9.7138,9.71769,1.00,1.00
2017.11.17 21:23:40.290,9.71352,9.71741,1.00,1.00
2017.11.17 21:23:57.233,9.71353,9.71742,1.00,1.00
2017.11.17 21:24:17.258,9.71355,9.71744,1.00,1.00
2017.11.17 21:24:37.233,9.71352,9.71741,1.00,1.00
2017.11.17 21:24:46.507,9.71324,9.71713,1.00,1.00
2017.11.17 21:24:46.823,9.71352,9.71741,1.00,1.00
2017.11.17 21:24:47.584,9.71381,9.7177,1.00,1.00
2017.11.17 21:24:47.990,9.71417,9.71806,1.00,1.00
2017.11.17 21:24:57.253,9.71403,9.71792,1.00,1.00
2017.11.17 21:25:07.755,9.71374,9.71763,1.00,1.00
2017.11.17 21:25:08.162,9.71324,9.71713,1.00,1.00
2017.11.17 21:25:17.239,9.71329,9.71718,1.00,1.00
2017.11.17 21:25:37.271,9.7133,9.71719,1.00,1.00
2017.11.17 21:25:57.241,9.71328,9.71717,1.00,1.00
2017.11.17 21:26:17.261,9.71329,9.71718,1.00,1.00
2017.11.17 21:26:37.250,9.71328,9.71717,1.00,1.00
2017.11.17 21:26:57.249,9.71331,9.7172,1.00,1.00
2017.11.17 21:27:28.112,9.71303,9.71692,1.00,1.00
2017.11.17 21:27:37.229,9.71301,9.7169,1.00,1.00
2017.11.17 21:27:55.322,9.71332,9.71721,1.00,1.00
2017.11.17 21:27:56.082,9.71304,9.71693,1.00,1.00
2017.11.17 21:27:57.253,9.71302,9.71691,1.00,1.00
2017.11.17 21:28:17.235,9.71298,9.71687,1.00,1.00
2017.11.17 21:28:37.220,9.71296,9.71685,1.00,1.00
2017.11.17 21:28:54.054,9.71327,9.71716,1.00,1.00
2017.11.17 21:28:57.254,9.71324,9.71713,1.00,1.00
2017.11.17 21:29:06.457,9.71294,9.71683,1.00,1.00
2017.11.17 21:29:17.219,9.71298,9.71687,1.00,1.00
2017.11.17 21:29:37.220,9.71291,9.7168,1.00,1.00
2017.11.17 21:29:57.220,9.71298,9.71687,1.00,1.00
2017.11.17 21:30:17.226,9.71301,9.7169,1.00,1.00
2017.11.17 21:30:38.680,9.71301,9.7169,1.37,1.00
2017.11.17 21:30:38.732,9.71301,9.7169,1.00,1.00
2017.11.17 21:30:57.248,9.713,9.71691,1.00,1.00
2017.11.17 21:31:17.264,9.71302,9.71691,1.00,1.00
2017.11.17 21:31:20.120,9.71302,9.71691,1.37,1.00
2017.11.17 21:31:20.171,9.71302,9.71691,1.00,1.00
2017.11.17 21:31:37.213,9.713,9.71689,1.00,1.00
2017.11.17 21:31:40.357,9.713,9.71689,1.37,1.00
2017.11.17 21:31:40.513,9.713,9.71689,1.00,1.00
2017.11.17 21:31:57.245,9.71301,9.7169,1.00,1.00
2017.11.17 21:32:17.214,9.71298,9.71687,1.00,1.00
2017.11.17 21:32:37.214,9.71299,9.71688,1.00,1.00
2017.11.17 21:33:17.265,9.71296,9.71687,1.00,1.00
2017.11.17 21:33:37.214,9.71298,9.71687,1.00,1.00
2017.11.17 21:34:17.215,9.71306,9.71695,1.00,1.00
2017.11.17 21:34:37.214,9.71301,9.7169,1.00,1.00
2017.11.17 21:34:57.254,9.71303,9.71692,1.00,1.00
2017.11.17 21:35:17.213,9.71308,9.71697,1.00,1.00
2017.11.17 21:35:37.264,9.71303,9.71692,1.00,1.00
2017.11.17 21:35:57.246,9.71307,9.71696,1.00,1.00
2017.11.17 21:36:08.443,9.71307,9.71696,1.37,1.00
2017.11.17 21:36:08.494,9.71307,9.71696,1.00,1.00
2017.11.17 21:36:13.712,9.71307,9.71696,1.37,1.00
2017.11.17 21:36:13.764,9.71307,9.71696,1.00,1.00
2017.11.17 21:36:14.062,9.71307,9.71696,1.37,1.00
2017.11.17 21:36:14.113,9.71307,9.71696,1.00,1.00
2017.11.17 21:36:14.421,9.71307,9.71696,1.37,1.00
2017.11.17 21:36:14.472,9.71307,9.71696,1.00,1.00
2017.11.17 21:36:17.214,9.71309,9.71698,1.00,1.00
2017.11.17 21:36:37.067,9.71309,9.71698,1.37,1.00
2017.11.17 21:36:37.118,9.71309,9.71698,1.00,1.00
2017.11.17 21:36:37.219,9.71312,9.71701,1.00,1.00
2017.11.17 21:36:57.221,9.7131,9.71699,1.00,1.00
2017.11.17 21:36:58.563,9.7131,9.71699,1.37,1.00
2017.11.17 21:36:58.614,9.7131,9.71699,1.00,1.00
2017.11.17 21:36:58.901,9.7131,9.71699,1.37,1.00
2017.11.17 21:36:58.953,9.7131,9.71699,1.00,1.00
2017.11.17 21:37:17.264,9.71314,9.71703,1.00,1.00
2017.11.17 21:37:25.773,9.71369,9.71758,1.00,1.00
2017.11.17 21:37:37.213,9.71374,9.71763,1.00,1.00
2017.11.17 21:37:57.213,9.7138,9.71769,1.00,1.00
2017.11.17 21:38:12.895,9.71351,9.71742,1.00,1.00
2017.11.17 21:38:13.202,9.71317,9.71706,1.00,1.00
2017.11.17 21:38:13.507,9.71283,9.71672,1.00,1.00
2017.11.17 21:38:17.214,9.71289,9.71678,1.00,1.00
2017.11.17 21:38:37.213,9.71289,9.7168,1.00,1.00
2017.11.17 21:38:57.213,9.71287,9.71676,1.00,1.00
2017.11.17 21:39:17.224,9.71292,9.71681,1.00,1.00
2017.11.17 21:39:37.214,9.71293,9.71682,1.00,1.00
2017.11.17 21:39:57.213,9.7129,9.71679,1.00,1.00
2017.11.17 21:40:17.212,9.71297,9.71686,1.00,1.00
2017.11.17 21:40:37.213,9.71299,9.71688,1.00,1.00
2017.11.17 21:40:57.242,9.713,9.71689,1.00,1.00
2017.11.17 21:41:11.576,9.71327,9.71718,1.00,1.00
2017.11.17 21:41:17.265,9.71331,9.7172,1.00,1.00
2017.11.17 21:41:31.761,9.71331,9.7172,1.37,1.00
2017.11.17 21:41:31.813,9.71331,9.7172,1.00,1.00
2017.11.17 21:41:32.123,9.71331,9.7172,1.37,1.00
2017.11.17 21:41:32.173,9.71331,9.7172,1.00,1.00
2017.11.17 21:41:32.487,9.71331,9.7172,1.37,1.00
2017.11.17 21:41:32.793,9.71331,9.7172,1.00,1.00
2017.11.17 21:41:37.223,9.71326,9.71715,1.00,1.00
2017.11.17 21:41:37.527,9.71326,9.71715,1.37,1.00
2017.11.17 21:41:37.578,9.71388,9.71777,1.00,1.00
2017.11.17 21:41:55.398,9.7136,9.71749,1.00,1.00
2017.11.17 21:41:57.263,9.71362,9.71751,1.00,1.00
2017.11.17 21:42:17.215,9.71357,9.71748,1.00,1.00
2017.11.17 21:42:28.628,9.71483,9.71872,1.37,1.00
2017.11.17 21:42:28.781,9.71517,9.719,1.37,1.00
2017.11.17 21:42:28.832,9.71547,9.71936,1.37,1.00
2017.11.17 21:42:29.137,9.71547,9.71936,1.37,1.00
2017.11.17 21:42:29.553,9.71587,9.71965,1.37,1.00
2017.11.17 21:42:29.654,9.71642,9.72016,1.37,1.00
2017.11.17 21:42:29.885,9.71642,9.72016,1.37,1.00
2017.11.17 21:42:29.937,9.71642,9.72031,1.75,1.00
2017.11.17 21:42:30.190,9.71636,9.72,1.37,1.00
2017.11.17 21:42:30.242,9.71636,9.71929,1.00,1.00
2017.11.17 21:42:30.343,9.7154,9.71929,1.00,1.00
2017.11.17 21:42:30.394,9.71506,9.71895,1.00,1.00
2017.11.17 21:42:30.800,9.71476,9.71865,1.00,1.00
2017.11.17 21:42:31.305,9.71395,9.71784,1.00,1.00
2017.11.17 21:42:33.483,9.71338,9.71727,1.00,1.00
2017.11.17 21:42:52.598,9.71258,9.71647,1.00,1.00
2017.11.17 21:42:57.218,9.71264,9.71653,1.00,1.00
2017.11.17 21:43:17.216,9.71261,9.71652,1.00,1.00
2017.11.17 21:43:37.212,9.71262,9.71653,1.00,1.00
2017.11.17 21:43:39.278,9.71394,9.71783,1.37,1.00
2017.11.17 21:43:39.329,9.71434,9.71823,1.37,1.00
2017.11.17 21:43:39.381,9.71471,9.7186,1.37,1.00
2017.11.17 21:43:39.687,9.71499,9.71888,1.37,1.00
2017.11.17 21:43:39.738,9.71499,9.71888,1.37,1.00
2017.11.17 21:43:39.840,9.71499,9.71888,1.37,1.00
2017.11.17 21:43:39.942,9.71527,9.71916,1.37,1.00
2017.11.17 21:43:40.094,9.71527,9.71916,1.37,1.00
2017.11.17 21:43:40.399,9.71548,9.71916,1.87,1.00
2017.11.17 21:43:40.501,9.71617,9.72006,1.37,1.00
2017.11.17 21:43:40.553,9.71645,9.72016,1.37,1.00
2017.11.17 21:43:40.834,9.71645,9.72034,1.37,1.00
2017.11.17 21:43:40.885,9.71645,9.72034,1.37,1.00
2017.11.17 21:43:42.827,9.71645,9.72034,1.37,1.00
2017.11.17 21:43:52.569,9.71647,9.72034,1.75,1.00
2017.11.17 21:43:53.577,9.71676,9.72048,1.37,1.50
2017.11.17 21:43:57.020,9.71676,9.72049,1.37,4.50
2017.11.17 21:44:00.092,9.71657,9.72044,1.00,1.00
2017.11.17 21:44:00.143,9.71634,9.71973,1.00,1.00
2017.11.17 21:44:00.194,9.71584,9.71973,1.00,1.00
2017.11.17 21:44:00.635,9.71539,9.71928,1.00,1.00
2017.11.17 21:44:00.940,9.71475,9.71864,1.00,1.00
2017.11.17 21:44:01.297,9.71443,9.71832,1.00,1.00
2017.11.17 21:44:01.603,9.71473,9.71862,1.00,1.00
2017.11.17 21:44:13.992,9.71515,9.71904,1.37,1.00
2017.11.17 21:44:14.296,9.71554,9.71943,1.37,1.00
2017.11.17 21:44:14.652,9.71587,9.71976,1.37,1.00
2017.11.17 21:44:14.703,9.71557,9.71946,1.37,1.00
2017.11.17 21:44:15.967,9.71557,9.71946,1.37,1.00
2017.11.17 21:44:16.018,9.71589,9.71978,1.37,1.00
2017.11.17 21:44:17.263,9.71574,9.71963,1.37,1.00
2017.11.17 21:44:19.673,9.71604,9.71993,1.37,1.00
2017.11.17 21:44:19.775,9.71571,9.7196,1.37,1.00
2017.11.17 21:44:20.130,9.716,9.71989,1.37,1.00
2017.11.17 21:44:20.333,9.71629,9.72018,1.37,1.00
2017.11.17 21:44:20.696,9.71637,9.72018,1.75,1.00
2017.11.17 21:44:20.995,9.71686,9.72048,1.37,1.50
2017.11.17 21:44:21.856,9.71686,9.72048,1.37,1.50
2017.11.17 21:44:28.817,9.71687,9.72048,1.37,1.50
2017.11.17 21:44:38.508,9.71698,9.72048,1.37,1.50
2017.11.17 21:45:00.570,9.717,9.72048,1.37,1.50
2017.11.17 21:45:03.033,9.71663,9.72016,1.37,1.00
2017.11.17 21:45:03.084,9.71634,9.72016,1.75,1.00
2017.11.17 21:45:03.135,9.71634,9.72006,1.37,1.00
2017.11.17 21:45:03.186,9.71634,9.72006,1.37,1.00
2017.11.17 21:45:07.161,9.71634,9.72006,1.37,1.00
2017.11.17 21:45:09.116,9.71634,9.72006,1.37,1.00
2017.11.17 21:45:17.999,9.71617,9.72006,1.37,1.50
2017.11.17 21:45:25.913,9.71617,9.72006,1.37,1.50
2017.11.17 21:45:35.954,9.71617,9.72006,1.37,1.50
2017.11.17 21:45:44.024,9.7162,9.72006,1.37,1.00
2017.11.17 21:45:54.144,9.7162,9.72006,1.37,1.00
2017.11.17 21:45:58.161,9.71618,9.72006,1.37,1.00
2017.11.17 21:45:59.222,9.71603,9.71975,1.37,1.00
2017.11.17 21:45:59.273,9.71629,9.72006,1.37,1.00
2017.11.17 21:46:00.789,9.71629,9.72016,1.37,1.00
2017.11.17 21:46:00.840,9.716,9.71989,1.37,1.00
2017.11.17 21:46:02.276,9.716,9.71989,1.37,1.00
2017.11.17 21:46:12.714,9.716,9.71989,1.37,1.00
2017.11.17 21:46:17.266,9.71593,9.71982,1.37,1.00
2017.11.17 21:46:28.173,9.71593,9.71982,1.37,1.00
2017.11.17 21:46:31.554,9.71623,9.72006,1.37,1.00
2017.11.17 21:46:31.605,9.71623,9.72012,1.37,1.00
2017.11.17 21:46:37.214,9.71618,9.72007,1.37,1.00
2017.11.17 21:46:51.365,9.71618,9.72007,1.37,1.00
2017.11.17 21:46:51.877,9.71618,9.72006,1.37,1.00
2017.11.17 21:46:52.492,9.71618,9.72006,1.37,1.00
2017.11.17 21:46:53.122,9.71618,9.72007,1.37,1.00
2017.11.17 21:46:54.874,9.71618,9.72007,1.37,1.00
2017.11.17 21:46:55.407,9.71618,9.72006,1.37,1.00
2017.11.17 21:46:57.214,9.71606,9.71995,1.37,1.00
2017.11.17 21:47:17.265,9.71607,9.71996,1.37,1.00
2017.11.17 21:47:46.428,9.71607,9.71996,1.37,1.00
2017.11.17 21:47:48.075,9.71607,9.71996,1.37,1.00
2017.11.17 21:47:49.171,9.71607,9.71996,1.37,1.00
2017.11.17 21:47:52.714,9.71607,9.71996,1.37,1.00
2017.11.17 21:47:57.214,9.71616,9.72005,1.37,1.00
2017.11.17 21:48:00.578,9.71616,9.72005,1.37,1.00
2017.11.17 21:48:05.262,9.71616,9.72005,1.37,1.00
2017.11.17 21:48:15.464,9.71616,9.72005,1.37,1.00
2017.11.17 21:48:17.320,9.7161,9.71999,1.37,1.00
2017.11.17 21:48:30.666,9.7161,9.71999,1.37,1.00
2017.11.17 21:48:32.809,9.7161,9.71999,1.37,1.00
2017.11.17 21:48:36.000,9.71603,9.7199,1.37,1.00
2017.11.17 21:48:36.185,9.71603,9.7199,1.00,1.00
2017.11.17 21:48:37.215,9.71603,9.71978,1.00,1.00
2017.11.17 21:48:51.625,9.71583,9.7195,1.00,1.00
2017.11.17 21:48:51.676,9.71561,9.7195,1.37,1.00
2017.11.17 21:48:57.245,9.71574,9.71963,1.00,1.00
2017.11.17 21:49:17.214,9.71577,9.71966,1.00,1.00
2017.11.17 21:49:22.433,9.71577,9.71966,1.37,1.00
2017.11.17 21:49:23.994,9.71577,9.71966,1.00,1.00
2017.11.17 21:49:37.215,9.71572,9.71961,1.00,1.00
2017.11.17 21:49:39.317,9.71572,9.71961,1.37,1.00
2017.11.17 21:49:42.068,9.71572,9.71961,1.37,1.00
2017.11.17 21:49:51.321,9.71602,9.71991,1.37,1.00
2017.11.17 21:49:52.541,9.71602,9.71991,1.37,1.00
2017.11.17 21:49:57.216,9.71614,9.72003,1.37,1.00
2017.11.17 21:50:11.705,9.71614,9.72003,1.37,1.00
2017.11.17 21:50:15.311,9.71574,9.71963,1.37,1.00
2017.11.17 21:50:15.362,9.71543,9.71899,1.37,1.00
2017.11.17 21:50:15.413,9.71474,9.71863,1.37,1.00
2017.11.17 21:50:15.763,9.71474,9.71863,1.37,1.00
2017.11.17 21:50:16.909,9.71474,9.71863,1.37,1.00
2017.11.17 21:50:17.209,9.71474,9.71863,1.37,1.00
2017.11.17 21:50:17.260,9.71494,9.71883,1.37,1.00
2017.11.17 21:50:28.016,9.71494,9.71883,1.37,1.00
2017.11.17 21:50:28.219,9.71446,9.71835,1.37,1.00
2017.11.17 21:50:29.144,9.71446,9.71835,1.37,1.00
2017.11.17 21:50:31.960,9.71446,9.71835,1.37,1.00
2017.11.17 21:50:33.368,9.71446,9.71835,1.37,1.00
2017.11.17 21:50:33.756,9.71446,9.71835,1.37,1.00
2017.11.17 21:50:35.084,9.71446,9.71835,1.37,1.00
2017.11.17 21:50:36.225,9.71446,9.71835,1.37,1.00
2017.11.17 21:50:37.226,9.71459,9.71848,1.37,1.00
2017.11.17 21:50:37.585,9.71459,9.71848,1.37,1.00
2017.11.17 21:50:37.747,9.71459,9.71848,1.37,1.00
2017.11.17 21:50:38.366,9.71459,9.71848,1.37,1.00
2017.11.17 21:50:41.857,9.71459,9.71848,1.37,1.00
2017.11.17 21:50:42.181,9.71459,9.71848,1.37,1.00
2017.11.17 21:50:43.331,9.71459,9.71848,1.37,1.00
2017.11.17 21:50:46.390,9.71459,9.71848,1.37,1.00
2017.11.17 21:50:46.491,9.71459,9.71848,1.37,1.00
2017.11.17 21:50:46.724,9.71459,9.71848,1.37,1.00
2017.11.17 21:50:48.857,9.71459,9.71848,1.37,1.00
2017.11.17 21:50:50.456,9.71459,9.71848,1.37,1.00
2017.11.17 21:50:50.762,9.71459,9.71848,1.37,1.00
2017.11.17 21:50:52.069,9.71459,9.71848,1.37,1.00
2017.11.17 21:51:00.573,9.71459,9.71848,1.37,1.00
2017.11.17 21:51:01.936,9.71459,9.71848,1.37,1.00
2017.11.17 21:51:03.137,9.71459,9.71848,1.37,1.00
2017.11.17 21:51:03.391,9.71459,9.71848,1.37,1.00
2017.11.17 21:51:03.442,9.71459,9.71848,1.37,1.00
2017.11.17 21:51:04.590,9.71459,9.71848,1.37,1.00
2017.11.17 21:51:09.846,9.71459,9.71848,1.37,1.00
2017.11.17 21:51:10.274,9.71459,9.71848,1.37,1.00
2017.11.17 21:51:11.273,9.71459,9.71848,1.37,1.00
2017.11.17 21:51:13.013,9.71459,9.71848,1.37,1.00
2017.11.17 21:51:13.461,9.71459,9.71848,1.37,1.00
2017.11.17 21:51:25.091,9.71459,9.71848,1.37,1.00
2017.11.17 21:51:25.373,9.71459,9.71848,1.37,1.00
2017.11.17 21:51:26.567,9.71459,9.71848,1.37,1.00
2017.11.17 21:51:26.955,9.71459,9.71848,1.37,1.00
2017.11.17 21:51:27.833,9.71459,9.71848,1.37,1.00
2017.11.17 21:51:28.221,9.71459,9.71848,1.37,1.00
2017.11.17 21:51:28.865,9.71496,9.71868,1.37,1.00
2017.11.17 21:51:28.916,9.71496,9.71885,1.37,1.00
2017.11.17 21:51:30.261,9.71419,9.71869,1.37,1.00
2017.11.17 21:51:31.367,9.71419,9.71869,1.37,1.00
2017.11.17 21:51:37.212,9.71406,9.71856,1.37,1.00
2017.11.17 21:51:45.086,9.71406,9.71856,1.37,1.00
2017.11.17 21:51:51.365,9.71406,9.71856,1.37,1.00
2017.11.17 21:51:57.328,9.71402,9.71852,1.37,1.00
2017.11.17 21:52:05.675,9.71402,9.71852,1.37,1.00
2017.11.17 21:52:17.341,9.71407,9.71857,1.37,1.00
2017.11.17 21:52:18.804,9.71407,9.71857,1.37,1.00
2017.11.17 21:52:20.942,9.71407,9.71857,1.37,1.00
2017.11.17 21:52:31.364,9.71407,9.71857,1.37,1.00
2017.11.17 21:52:36.149,9.71407,9.71857,1.37,1.00
2017.11.17 21:52:37.212,9.71402,9.71852,1.37,1.00
2017.11.17 21:52:40.384,9.71402,9.71852,1.37,1.00
2017.11.17 21:52:45.090,9.71402,9.71852,1.37,1.00
2017.11.17 21:52:45.309,9.71402,9.71852,1.37,1.00
2017.11.17 21:52:46.851,9.71402,9.71852,1.37,1.00
2017.11.17 21:52:51.367,9.71402,9.71852,1.37,1.00
2017.11.17 21:52:57.212,9.71408,9.71858,1.37,1.00
2017.11.17 21:53:02.732,9.71408,9.71858,1.37,1.00
2017.11.17 21:53:11.351,9.71408,9.71858,1.37,1.00
2017.11.17 21:53:17.212,9.71409,9.71859,1.37,1.00
2017.11.17 21:53:18.107,9.71409,9.71859,1.37,1.00
2017.11.17 21:53:19.457,9.71409,9.71859,1.37,1.00
2017.11.17 21:53:20.546,9.71409,9.71859,1.37,1.00
2017.11.17 21:53:25.629,9.71409,9.71859,1.37,1.00
2017.11.17 21:53:35.898,9.71409,9.71859,1.37,1.00
2017.11.17 21:53:37.264,9.714,9.7185,1.37,1.00
2017.11.17 21:53:39.652,9.714,9.7185,1.37,1.00
2017.11.17 21:53:42.343,9.714,9.7185,1.37,1.00
2017.11.17 21:53:42.394,9.714,9.7185,1.37,1.00
2017.11.17 21:53:43.791,9.714,9.7185,1.37,1.00
2017.11.17 21:53:57.263,9.71407,9.71857,1.37,1.00
2017.11.17 21:54:02.124,9.71407,9.71857,1.37,1.00
2017.11.17 21:54:11.364,9.71407,9.71857,1.37,1.00
2017.11.17 21:54:15.413,9.71407,9.71857,1.37,1.00
2017.11.17 21:54:17.212,9.71412,9.71862,1.37,1.00
2017.11.17 21:54:22.625,9.71412,9.71862,1.37,1.00
2017.11.17 21:54:25.094,9.71412,9.71862,1.37,1.00
2017.11.17 21:54:27.002,9.71412,9.71862,1.37,1.00
2017.11.17 21:54:28.432,9.71412,9.71862,1.37,1.00
2017.11.17 21:54:36.041,9.71412,9.71862,1.37,1.00
2017.11.17 21:54:37.241,9.71401,9.71851,1.37,1.00
2017.11.17 21:54:40.744,9.71401,9.71851,1.37,1.00
2017.11.17 21:54:42.522,9.71401,9.71851,1.37,1.00
2017.11.17 21:54:49.342,9.71401,9.71851,1.37,1.00
2017.11.17 21:54:51.362,9.71401,9.71851,1.37,1.00
2017.11.17 21:54:53.051,9.71401,9.71851,1.37,1.00
2017.11.17 21:54:54.387,9.71401,9.71851,1.37,1.00
2017.11.17 21:54:57.261,9.71409,9.71859,1.37,1.00
2017.11.17 21:54:57.861,9.71409,9.71859,1.37,1.00
2017.11.17 21:54:59.115,9.71409,9.71859,1.37,1.00
2017.11.17 21:55:00.101,9.71259,9.72007,1.37,1.00
2017.11.17 21:55:00.254,9.71259,9.72007,1.37,1.00
2017.11.17 21:55:17.216,9.7124,9.71997,1.37,1.00
2017.11.17 21:55:37.210,9.71245,9.72002,1.37,1.00
2017.11.17 21:55:50.943,9.71245,9.72002,1.00,1.00
2017.11.17 21:55:57.241,9.71242,9.71999,1.00,1.00
2017.11.17 21:56:02.335,9.71222,9.7193,1.00,1.00
2017.11.17 21:56:02.386,9.71183,9.7193,1.00,1.00
2017.11.17 21:56:02.770,9.71173,9.7193,1.00,1.00
2017.11.17 21:56:12.220,9.71167,9.72026,1.00,1.00
2017.11.17 21:56:42.465,9.71167,9.72027,1.00,1.00
2017.11.17 21:56:51.077,9.71167,9.72036,1.00,1.00
2017.11.17 21:57:00.671,9.71167,9.72041,1.00,1.00
2017.11.17 21:57:01.619,9.71167,9.72046,1.00,1.00
2017.11.17 21:57:23.405,9.71166,9.72046,1.00,1.00
2017.11.17 21:57:24.250,9.71167,9.72046,1.00,1.00
2017.11.17 21:57:28.671,9.71167,9.72006,1.00,1.00
2017.11.17 21:57:52.101,9.71167,9.71996,1.00,1.00
2017.11.17 21:57:53.231,9.71167,9.72026,1.00,1.00
2017.11.17 21:57:59.594,9.71167,9.71996,1.00,1.00
2017.11.17 21:58:00.327,9.71166,9.71996,1.00,1.00
2017.11.17 21:58:00.973,9.71167,9.71996,1.00,1.00
2017.11.17 21:58:10.910,9.71014,9.71996,1.00,1.00
2017.11.17 21:58:20.310,9.71024,9.72006,1.00,1.00
2017.11.17 21:58:21.508,9.71014,9.71996,1.00,1.00
2017.11.17 21:58:32.561,9.71004,9.71986,1.00,1.00
2017.11.17 21:58:38.320,9.70994,9.71976,1.00,1.00
2017.11.17 21:58:46.352,9.71004,9.71986,1.00,1.00
2017.11.17 21:58:46.841,9.70994,9.71976,1.00,1.00
2017.11.17 21:58:50.568,9.70924,9.72176,1.00,1.00
2017.11.17 21:58:58.205,9.70923,9.72177,1.00,1.00
2017.11.17 21:58:58.724,9.70924,9.72176,1.00,1.00
2017.11.17 21:59:00.138,9.71014,9.71996,0.75,0.75
2017.11.17 21:59:07.628,9.71073,9.72057,0.75,0.75
2017.11.17 21:59:19.868,9.71073,9.72057,0.75,0.75
2017.11.17 21:59:30.252,9.71073,9.72057,0.75,0.75
2017.11.17 21:59:43.302,9.71073,9.72057,0.75,0.75
2017.11.17 21:59:55.693,9.71074,9.72056,0.75,0.75
