2018.03.26 03:00:02.109,9.58879,9.59239,1.00,1.00
2018.03.26 03:00:02.520,9.58889,9.59239,1.00,1.00
2018.03.26 03:00:08.763,9.58888,9.59239,1.00,1.00
2018.03.26 03:00:09.188,9.58889,9.5926,1.00,1.00
2018.03.26 03:00:12.368,9.58889,9.59254,1.00,1.00
2018.03.26 03:00:19.539,9.58888,9.59254,1.00,1.00
2018.03.26 03:00:20.072,9.58889,9.59254,1.00,1.00
2018.03.26 03:00:22.757,9.58888,9.59254,1.00,1.00
2018.03.26 03:00:22.961,9.58878,9.59254,1.00,1.00
2018.03.26 03:00:23.013,9.58879,9.59254,1.00,1.60
2018.03.26 03:00:23.115,9.58879,9.59254,1.00,1.00
2018.03.26 03:00:23.776,9.58878,9.59254,1.00,1.60
2018.03.26 03:00:23.878,9.58879,9.59254,1.00,1.00
2018.03.26 03:00:24.111,9.58889,9.59254,1.00,1.00
2018.03.26 03:00:37.427,9.58889,9.59246,1.00,1.00
2018.03.26 03:00:37.478,9.58889,9.59254,1.00,1.35
2018.03.26 03:00:37.704,9.58879,9.59254,1.50,1.00
2018.03.26 03:00:38.460,9.58879,9.59254,1.50,1.60
2018.03.26 03:00:38.887,9.58879,9.59254,1.50,1.00
2018.03.26 03:00:42.428,9.58881,9.59251,1.00,1.00
2018.03.26 03:00:46.099,9.58889,9.59251,1.00,1.00
2018.03.26 03:00:46.395,9.58881,9.59251,1.00,1.00
2018.03.26 03:00:46.750,9.58889,9.59251,1.00,1.00
2018.03.26 03:00:50.516,9.58881,9.59251,1.00,1.00
2018.03.26 03:00:55.641,9.58915,9.59247,1.00,1.00
2018.03.26 03:00:55.692,9.58884,9.59251,1.00,1.00
2018.03.26 03:00:55.845,9.58912,9.59244,1.00,1.00
2018.03.26 03:00:57.508,9.58919,9.59251,1.00,1.00
2018.03.26 03:01:12.489,9.5892,9.59254,1.00,1.00
2018.03.26 03:01:27.518,9.58926,9.59264,1.00,1.00
2018.03.26 03:01:28.709,9.58926,9.59265,1.00,1.00
2018.03.26 03:01:42.549,9.58931,9.59263,1.00,1.00
2018.03.26 03:01:51.982,9.58916,9.59248,1.00,1.00
2018.03.26 03:01:57.578,9.58923,9.59255,1.00,1.00
2018.03.26 03:02:01.780,9.58913,9.59245,1.00,1.00
2018.03.26 03:02:05.811,9.58923,9.59255,1.00,1.00
2018.03.26 03:02:05.863,9.58937,9.59271,1.00,1.00
2018.03.26 03:02:06.713,9.58924,9.59241,1.00,1.82
2018.03.26 03:02:06.816,9.58888,9.59197,1.00,1.79
2018.03.26 03:02:06.868,9.58878,9.59187,1.00,1.19
2018.03.26 03:02:12.608,9.58875,9.59186,1.00,1.25
2018.03.26 03:02:21.711,9.58875,9.59186,1.37,1.00
2018.03.26 03:02:22.381,9.58892,9.59186,1.00,1.00
2018.03.26 03:02:23.105,9.58893,9.59186,1.00,1.00
2018.03.26 03:02:23.194,9.58894,9.59217,1.00,1.19
2018.03.26 03:02:23.246,9.58924,9.59244,1.00,1.00
2018.03.26 03:02:23.297,9.58917,9.59249,1.00,1.00
2018.03.26 03:02:23.349,9.58934,9.59256,1.00,1.00
2018.03.26 03:02:23.400,9.58931,9.59271,1.00,1.00
2018.03.26 03:02:24.178,9.58931,9.59261,1.00,1.00
2018.03.26 03:02:24.485,9.5891,9.59218,1.00,1.00
2018.03.26 03:02:26.819,9.58899,9.59218,1.00,1.00
2018.03.26 03:02:27.639,9.58904,9.59218,1.00,1.00
2018.03.26 03:02:34.714,9.58893,9.59218,1.00,1.00
2018.03.26 03:02:34.766,9.58893,9.59206,1.00,1.00
2018.03.26 03:02:34.817,9.58887,9.59206,1.00,1.00
2018.03.26 03:02:42.718,9.58885,9.59206,1.00,1.00
2018.03.26 03:02:54.769,9.589,9.59216,1.00,1.60
2018.03.26 03:02:54.820,9.589,9.59216,1.00,1.00
2018.03.26 03:02:57.698,9.58897,9.59216,1.00,1.00
2018.03.26 03:03:00.458,9.58914,9.59236,1.00,1.00
2018.03.26 03:03:00.509,9.58924,9.59257,1.00,1.60
2018.03.26 03:03:00.561,9.58924,9.59257,1.00,1.00
2018.03.26 03:03:00.667,9.58935,9.59268,1.00,1.00
2018.03.26 03:03:00.994,9.58923,9.59255,1.00,1.00
2018.03.26 03:03:01.513,9.58933,9.59267,1.00,1.00
2018.03.26 03:03:01.833,9.58933,9.59266,1.00,1.60
2018.03.26 03:03:02.137,9.58917,9.59249,1.00,1.00
2018.03.26 03:03:06.564,9.58933,9.59265,1.00,1.60
2018.03.26 03:03:07.254,9.58917,9.59249,1.00,1.00
2018.03.26 03:03:12.728,9.58926,9.59258,1.00,1.00
2018.03.26 03:03:28.903,9.58924,9.59257,1.00,1.00
2018.03.26 03:03:41.745,9.58904,9.59236,1.00,1.00
2018.03.26 03:03:42.052,9.58884,9.59216,1.00,2.10
2018.03.26 03:03:44.736,9.58884,9.59216,1.00,2.10
2018.03.26 03:03:44.940,9.5888,9.59216,1.00,1.60
2018.03.26 03:03:45.845,9.5888,9.59212,1.00,1.00
2018.03.26 03:03:57.818,9.58881,9.59214,1.00,1.00
2018.03.26 03:04:01.745,9.58905,9.59226,1.00,1.00
2018.03.26 03:04:01.797,9.58894,9.59216,1.00,1.00
2018.03.26 03:04:01.906,9.58908,9.5924,1.00,1.60
2018.03.26 03:04:01.957,9.5892,9.59254,1.00,1.00
2018.03.26 03:04:03.253,9.58934,9.59267,1.00,1.35
2018.03.26 03:04:03.767,9.58934,9.59267,1.00,1.60
2018.03.26 03:04:04.489,9.58934,9.59267,1.00,1.00
2018.03.26 03:04:05.016,9.58923,9.59255,1.00,1.00
2018.03.26 03:04:12.899,9.58918,9.5925,1.00,1.00
2018.03.26 03:04:14.642,9.58908,9.5924,1.00,1.00
2018.03.26 03:04:14.949,9.58888,9.59216,1.00,1.60
2018.03.26 03:04:15.134,9.58886,9.59216,1.00,1.60
2018.03.26 03:04:17.843,9.58886,9.59216,1.00,1.00
2018.03.26 03:04:17.894,9.58886,9.59216,1.00,1.60
2018.03.26 03:04:22.265,9.58886,9.59216,1.00,1.00
2018.03.26 03:04:26.469,9.58886,9.59217,1.00,1.00
2018.03.26 03:04:27.929,9.58881,9.59214,1.00,1.00
2018.03.26 03:04:34.782,9.58896,9.59216,1.00,1.00
2018.03.26 03:04:34.834,9.58922,9.59254,1.00,1.60
2018.03.26 03:04:34.885,9.58922,9.59254,1.00,1.00
2018.03.26 03:04:35.317,9.58933,9.59265,1.00,1.00
2018.03.26 03:04:36.012,9.58923,9.59255,1.00,1.00
2018.03.26 03:04:36.320,9.58896,9.59217,1.00,1.00
2018.03.26 03:04:42.908,9.58898,9.59217,1.00,1.00
2018.03.26 03:04:46.193,9.58898,9.59199,1.00,1.20
2018.03.26 03:04:46.497,9.58888,9.59176,1.00,1.00
2018.03.26 03:04:47.675,9.58869,9.59166,1.00,1.00
2018.03.26 03:04:51.541,9.58869,9.59186,1.00,1.00
2018.03.26 03:04:51.693,9.58869,9.59196,1.00,1.00
2018.03.26 03:04:51.795,9.58868,9.59171,1.50,1.00
2018.03.26 03:04:52.663,9.58868,9.59145,1.00,1.00
2018.03.26 03:05:08.030,9.58867,9.59145,1.00,1.00
2018.03.26 03:05:10.336,9.58878,9.59169,1.00,1.00
2018.03.26 03:05:10.388,9.58894,9.59216,1.00,1.00
2018.03.26 03:05:10.440,9.58894,9.59227,1.00,1.00
2018.03.26 03:05:10.491,9.58917,9.59249,1.00,1.00
2018.03.26 03:05:10.809,9.58939,9.59271,1.00,1.00
2018.03.26 03:05:11.413,9.58905,9.59251,1.58,1.22
2018.03.26 03:05:11.726,9.58887,9.59177,1.00,1.00
2018.03.26 03:05:12.968,9.58886,9.59177,1.00,1.00
2018.03.26 03:05:20.426,9.58872,9.59166,1.00,1.00
2018.03.26 03:05:20.477,9.58885,9.59166,1.50,1.00
2018.03.26 03:05:20.529,9.58873,9.59166,1.00,1.00
2018.03.26 03:05:20.682,9.58868,9.59166,1.00,1.00
2018.03.26 03:05:38.178,9.58868,9.59178,1.00,1.00
2018.03.26 03:05:38.229,9.58878,9.59178,1.00,1.00
2018.03.26 03:05:38.280,9.58868,9.59178,1.00,1.00
2018.03.26 03:05:38.332,9.58893,9.59226,1.00,1.00
2018.03.26 03:05:38.384,9.58912,9.59226,1.37,1.00
2018.03.26 03:05:38.436,9.58912,9.59236,1.37,1.00
2018.03.26 03:05:38.487,9.58926,9.59259,1.00,1.00
2018.03.26 03:05:38.863,9.58938,9.5927,1.00,1.00
2018.03.26 03:05:39.067,9.58901,9.59261,1.97,1.00
2018.03.26 03:05:39.170,9.58901,9.59261,1.37,1.00
2018.03.26 03:05:40.262,9.58901,9.59261,1.00,1.00
2018.03.26 03:05:40.687,9.58915,9.59253,1.00,1.00
2018.03.26 03:05:43.028,9.58915,9.59254,1.00,1.00
2018.03.26 03:05:47.772,9.58932,9.59264,1.00,1.60
2018.03.26 03:05:47.823,9.58932,9.59264,1.00,1.00
2018.03.26 03:05:47.934,9.58915,9.59265,1.52,1.00
2018.03.26 03:05:47.985,9.58909,9.59242,1.00,1.00
2018.03.26 03:05:48.293,9.58897,9.59216,1.00,1.60
2018.03.26 03:05:49.333,9.58897,9.59216,1.00,1.60
2018.03.26 03:05:53.664,9.58885,9.59206,1.00,1.00
2018.03.26 03:05:56.948,9.58885,9.59216,1.00,1.60
2018.03.26 03:05:57.049,9.58885,9.59207,1.00,1.00
2018.03.26 03:05:58.108,9.58878,9.59207,1.00,1.00
2018.03.26 03:06:07.191,9.58878,9.59213,1.00,1.60
2018.03.26 03:06:07.242,9.58878,9.59213,1.00,1.60
2018.03.26 03:06:07.294,9.58878,9.59213,1.00,1.60
2018.03.26 03:06:07.346,9.58878,9.59213,1.00,1.60
2018.03.26 03:06:07.397,9.58878,9.59195,1.00,1.00
2018.03.26 03:06:13.089,9.5888,9.59195,1.00,1.00
2018.03.26 03:06:13.611,9.5888,9.59215,1.00,1.85
2018.03.26 03:06:13.663,9.5888,9.59215,1.00,1.00
2018.03.26 03:06:13.714,9.58893,9.59216,1.00,1.00
2018.03.26 03:06:14.252,9.58894,9.59216,1.00,1.00
2018.03.26 03:06:26.745,9.58882,9.59186,1.00,1.00
2018.03.26 03:06:27.049,9.58871,9.59169,1.00,1.00
2018.03.26 03:06:28.118,9.58868,9.59169,1.00,1.00
2018.03.26 03:06:46.735,9.58877,9.59169,1.00,1.00
2018.03.26 03:06:56.973,9.58855,9.59169,1.00,1.00
2018.03.26 03:06:57.438,9.58843,9.59169,1.00,1.00
2018.03.26 03:06:57.489,9.58843,9.59169,1.00,1.60
2018.03.26 03:06:58.178,9.5883,9.59169,1.00,1.60
2018.03.26 03:06:59.681,9.5883,9.59146,1.00,1.00
2018.03.26 03:06:59.787,9.5883,9.59166,1.00,1.60
2018.03.26 03:06:59.889,9.5883,9.59166,1.00,1.85
2018.03.26 03:06:59.941,9.5883,9.59166,1.00,1.85
2018.03.26 03:06:59.992,9.5883,9.59167,1.00,1.60
2018.03.26 03:07:00.044,9.5883,9.59167,1.00,1.60
2018.03.26 03:07:00.095,9.5883,9.59166,1.00,1.85
2018.03.26 03:07:00.147,9.5883,9.59166,1.00,1.85
2018.03.26 03:07:00.198,9.5883,9.59166,1.00,2.74
2018.03.26 03:07:00.250,9.5883,9.59166,1.00,1.60
2018.03.26 03:07:00.852,9.5883,9.59147,1.00,1.00
2018.03.26 03:07:00.904,9.5883,9.59166,1.00,1.60
2018.03.26 03:07:00.955,9.5883,9.59166,1.00,1.60
2018.03.26 03:07:01.112,9.5883,9.59166,1.00,1.60
2018.03.26 03:07:01.174,9.5883,9.59166,1.00,1.60
2018.03.26 03:07:03.392,9.5883,9.59146,1.00,1.00
2018.03.26 03:07:03.444,9.5883,9.59166,1.00,1.60
2018.03.26 03:07:04.054,9.5883,9.59146,1.00,1.00
2018.03.26 03:07:04.105,9.5883,9.59166,1.00,1.85
2018.03.26 03:07:04.211,9.5883,9.59146,1.00,1.00
2018.03.26 03:07:12.572,9.58823,9.59146,1.00,1.00
2018.03.26 03:07:13.208,9.58824,9.59146,1.00,1.00
2018.03.26 03:07:19.643,9.58838,9.59166,1.00,1.00
2018.03.26 03:07:19.747,9.58849,9.59177,1.00,1.00
2018.03.26 03:07:19.800,9.5886,9.59192,1.00,1.00
2018.03.26 03:07:28.249,9.58863,9.59195,1.00,1.00
2018.03.26 03:07:29.104,9.58871,9.59203,1.00,1.00
2018.03.26 03:07:29.273,9.58895,9.5923,1.12,1.00
2018.03.26 03:07:29.324,9.58935,9.59266,1.00,1.00
2018.03.26 03:07:29.580,9.58935,9.59268,1.00,1.00
2018.03.26 03:07:30.263,9.5891,9.59242,1.00,1.00
2018.03.26 03:07:30.621,9.58898,9.5923,1.00,1.00
2018.03.26 03:07:43.268,9.58893,9.59226,1.00,1.00
2018.03.26 03:07:48.581,9.58882,9.59214,1.00,1.00
2018.03.26 03:07:48.999,9.58857,9.59156,1.00,1.00
2018.03.26 03:07:52.681,9.58857,9.59166,1.00,1.00
2018.03.26 03:07:57.215,9.58857,9.59186,1.00,1.85
2018.03.26 03:07:58.362,9.58853,9.59186,1.00,2.10
2018.03.26 03:08:05.622,9.58853,9.59186,1.00,2.10
2018.03.26 03:08:06.233,9.58853,9.59155,1.00,1.00
2018.03.26 03:08:13.328,9.58845,9.59155,1.00,1.00
2018.03.26 03:08:21.776,9.58854,9.59166,1.00,1.00
2018.03.26 03:08:21.827,9.58845,9.59166,1.00,1.00
2018.03.26 03:08:22.240,9.58856,9.59188,1.00,1.00
2018.03.26 03:08:22.292,9.58866,9.59196,1.00,1.00
2018.03.26 03:08:22.344,9.58882,9.59214,1.00,1.00
2018.03.26 03:08:22.396,9.58882,9.59214,1.37,1.00
2018.03.26 03:08:22.448,9.58882,9.59214,1.00,1.00
2018.03.26 03:08:22.500,9.58905,9.59237,1.00,1.00
2018.03.26 03:08:23.212,9.58889,9.59224,1.00,1.00
2018.03.26 03:08:23.264,9.58889,9.59216,1.00,1.00
2018.03.26 03:08:23.316,9.58887,9.59216,1.00,1.00
2018.03.26 03:08:23.368,9.58887,9.59206,1.00,1.00
2018.03.26 03:08:23.680,9.58875,9.59206,1.00,1.00
2018.03.26 03:08:25.620,9.58875,9.59207,1.00,1.00
2018.03.26 03:08:28.358,9.58877,9.59209,1.00,1.00
2018.03.26 03:08:38.737,9.58877,9.59206,1.00,1.60
2018.03.26 03:08:38.788,9.58871,9.59186,1.00,1.00
2018.03.26 03:08:38.840,9.5886,9.59186,1.00,1.60
2018.03.26 03:08:38.943,9.58848,9.59166,1.00,1.60
2018.03.26 03:08:41.761,9.58848,9.59166,1.00,1.00
2018.03.26 03:08:43.414,9.58846,9.59166,1.00,1.00
2018.03.26 03:08:58.721,9.58846,9.59167,1.00,1.00
2018.03.26 03:08:58.772,9.58858,9.59167,1.00,1.00
2018.03.26 03:08:58.824,9.5887,9.59202,1.37,1.00
2018.03.26 03:08:58.876,9.58874,9.59208,1.37,1.00
2018.03.26 03:08:58.928,9.58903,9.59216,1.00,1.00
2018.03.26 03:08:58.979,9.58913,9.59245,1.00,1.00
2018.03.26 03:08:59.563,9.58914,9.59246,1.00,1.50
2018.03.26 03:09:00.257,9.58911,9.59236,1.00,1.00
2018.03.26 03:09:00.602,9.58925,9.59256,1.00,1.60
2018.03.26 03:09:00.654,9.58925,9.59256,1.00,1.60
2018.03.26 03:09:00.919,9.58925,9.59257,1.00,1.60
2018.03.26 03:09:11.639,9.58914,9.59246,1.00,1.00
2018.03.26 03:09:12.175,9.58914,9.59246,1.00,1.60
2018.03.26 03:09:13.000,9.58914,9.59246,1.00,1.00
2018.03.26 03:09:13.448,9.58906,9.59239,1.00,1.00
2018.03.26 03:09:31.989,9.58919,9.59251,1.00,1.00
2018.03.26 03:09:32.296,9.5895,9.59282,1.00,1.00
2018.03.26 03:09:33.919,9.58951,9.59284,1.00,1.00
2018.03.26 03:09:35.129,9.58953,9.59285,1.00,1.00
2018.03.26 03:09:37.163,9.58932,9.59264,1.00,1.00
2018.03.26 03:09:43.555,9.5893,9.59262,1.00,1.00
2018.03.26 03:09:44.700,9.58945,9.59277,1.00,1.60
2018.03.26 03:09:44.751,9.58924,9.59256,1.00,1.00
2018.03.26 03:09:44.832,9.58909,9.59241,1.50,1.00
2018.03.26 03:09:45.164,9.58924,9.59256,1.00,2.10
2018.03.26 03:09:58.588,9.58919,9.59251,1.00,1.60
2018.03.26 03:10:00.099,9.58919,9.59246,1.00,1.60
2018.03.26 03:10:01.610,9.58919,9.59246,1.00,1.60
2018.03.26 03:10:01.712,9.58932,9.59264,1.00,1.60
2018.03.26 03:10:01.763,9.58932,9.59264,1.00,1.60
2018.03.26 03:10:01.814,9.58919,9.59251,1.00,1.00
2018.03.26 03:10:01.866,9.58937,9.59271,1.00,1.00
2018.03.26 03:10:02.229,9.58923,9.59255,1.00,1.00
2018.03.26 03:10:04.701,9.58924,9.59256,1.00,1.00
2018.03.26 03:10:05.016,9.58944,9.59276,1.00,1.00
2018.03.26 03:10:05.763,9.58934,9.59266,1.00,1.00
2018.03.26 03:10:06.159,9.58955,9.59287,1.00,1.00
2018.03.26 03:10:09.693,9.58932,9.59264,1.00,1.00
2018.03.26 03:10:09.745,9.58951,9.59284,1.00,1.00
2018.03.26 03:10:09.909,9.58934,9.59266,1.00,1.00
2018.03.26 03:10:10.215,9.58929,9.59261,1.00,1.00
2018.03.26 03:10:13.568,9.58934,9.59266,1.00,1.00
2018.03.26 03:10:14.700,9.5894,9.59272,1.00,1.00
2018.03.26 03:10:18.604,9.58941,9.59274,1.00,1.00
2018.03.26 03:10:18.656,9.58931,9.59264,1.00,1.00
2018.03.26 03:10:18.961,9.58948,9.5928,1.00,1.60
2018.03.26 03:10:19.012,9.58924,9.59256,1.00,1.00
2018.03.26 03:10:19.522,9.58921,9.59253,1.00,1.00
2018.03.26 03:10:19.828,9.58943,9.59275,1.00,1.60
2018.03.26 03:10:20.655,9.58941,9.59273,1.00,1.00
2018.03.26 03:10:22.177,9.5894,9.59274,1.00,1.35
2018.03.26 03:10:24.927,9.5894,9.59272,1.00,1.00
2018.03.26 03:10:33.490,9.58925,9.59257,1.00,1.00
2018.03.26 03:10:33.541,9.58941,9.59275,1.00,1.00
2018.03.26 03:10:33.592,9.58926,9.59259,1.00,1.00
2018.03.26 03:10:38.637,9.58941,9.59273,1.00,1.00
2018.03.26 03:10:38.985,9.58927,9.59259,1.00,1.00
2018.03.26 03:10:39.830,9.58949,9.59281,1.00,1.00
2018.03.26 03:10:43.678,9.58953,9.59285,1.00,1.00
2018.03.26 03:10:44.787,9.58956,9.59289,1.00,1.00
2018.03.26 03:10:45.816,9.58956,9.59289,1.00,1.60
2018.03.26 03:10:46.133,9.58956,9.59289,1.00,1.60
2018.03.26 03:10:46.457,9.58956,9.59289,1.00,1.60
2018.03.26 03:10:47.443,9.58956,9.59289,1.00,1.60
2018.03.26 03:10:50.857,9.58956,9.59289,1.00,1.60
2018.03.26 03:10:53.627,9.58928,9.59262,1.00,1.00
2018.03.26 03:10:53.679,9.58945,9.59278,1.00,1.00
2018.03.26 03:10:58.658,9.58945,9.59277,1.00,1.00
2018.03.26 03:11:05.293,9.58946,9.59278,1.00,1.00
2018.03.26 03:11:07.289,9.58956,9.59288,1.00,1.00
2018.03.26 03:11:12.996,9.58945,9.59277,1.00,1.00
2018.03.26 03:11:13.733,9.58943,9.59275,1.00,1.00
2018.03.26 03:11:14.854,9.5895,9.59283,1.00,1.00
2018.03.26 03:11:17.583,9.58949,9.59281,1.00,1.00
2018.03.26 03:11:18.886,9.58949,9.59281,1.00,1.60
2018.03.26 03:11:19.163,9.58949,9.59281,1.00,1.00
2018.03.26 03:11:28.718,9.58952,9.59284,1.00,1.00
2018.03.26 03:11:43.799,9.58955,9.59287,1.00,1.00
2018.03.26 03:11:48.932,9.58944,9.59277,1.00,1.00
2018.03.26 03:11:49.035,9.58959,9.59293,1.00,1.60
2018.03.26 03:11:49.306,9.58959,9.59293,1.00,1.35
2018.03.26 03:11:58.779,9.58964,9.59296,1.00,1.00
2018.03.26 03:12:00.749,9.58964,9.59296,1.00,1.60
2018.03.26 03:12:00.800,9.58953,9.59285,1.00,1.00
2018.03.26 03:12:01.862,9.58964,9.59296,1.00,1.00
2018.03.26 03:12:07.160,9.58964,9.59296,1.00,1.60
2018.03.26 03:12:07.467,9.58919,9.59217,1.00,1.00
2018.03.26 03:12:07.569,9.58915,9.59217,1.00,1.00
2018.03.26 03:12:13.809,9.58913,9.59217,1.00,1.00
2018.03.26 03:12:19.180,9.58908,9.59217,1.00,1.00
2018.03.26 03:12:19.743,9.58907,9.59217,1.00,1.00
2018.03.26 03:12:20.686,9.58911,9.59217,1.00,1.00
2018.03.26 03:12:21.105,9.58923,9.59217,1.00,1.00
2018.03.26 03:12:23.517,9.58923,9.59236,1.50,1.00
2018.03.26 03:12:23.569,9.58951,9.59283,1.00,1.00
2018.03.26 03:12:24.663,9.58938,9.59266,1.00,1.00
2018.03.26 03:12:25.035,9.58938,9.59266,1.00,1.60
2018.03.26 03:12:28.838,9.58933,9.59266,1.00,1.60
2018.03.26 03:12:41.362,9.58933,9.59268,1.00,1.60
2018.03.26 03:12:41.413,9.58933,9.59268,1.00,1.00
2018.03.26 03:12:41.465,9.58947,9.59276,1.00,1.60
2018.03.26 03:12:41.516,9.58947,9.59279,1.00,1.35
2018.03.26 03:12:41.721,9.58957,9.59289,1.00,1.00
2018.03.26 03:12:42.573,9.58947,9.59279,1.00,1.00
2018.03.26 03:12:43.868,9.58945,9.59277,1.00,1.00
2018.03.26 03:12:58.898,9.58947,9.59279,1.00,1.00
2018.03.26 03:13:08.786,9.58947,9.59279,1.00,1.60
2018.03.26 03:13:09.091,9.58947,9.59276,1.00,1.60
2018.03.26 03:13:12.910,9.58947,9.59276,1.00,1.60
2018.03.26 03:13:13.012,9.58947,9.59279,1.00,1.00
2018.03.26 03:13:13.928,9.5895,9.59282,1.00,1.00
2018.03.26 03:13:14.269,9.58913,9.59222,1.00,1.00
2018.03.26 03:13:17.379,9.58937,9.59256,1.00,1.00
2018.03.26 03:13:17.481,9.58937,9.59266,1.00,1.60
2018.03.26 03:13:17.582,9.58927,9.59259,1.00,1.00
2018.03.26 03:13:20.538,9.58937,9.59269,1.00,1.00
2018.03.26 03:13:21.105,9.58953,9.59285,1.00,1.00
2018.03.26 03:13:25.980,9.58942,9.59274,1.00,1.00
2018.03.26 03:13:28.959,9.58944,9.59276,1.00,1.00
2018.03.26 03:13:30.152,9.58947,9.59279,1.00,1.00
2018.03.26 03:13:41.692,9.58943,9.59275,1.00,1.00
2018.03.26 03:13:43.988,9.58942,9.59274,1.00,1.00
2018.03.26 03:13:54.710,9.58943,9.59276,1.00,1.00
2018.03.26 03:13:54.812,9.58942,9.59274,1.00,1.00
2018.03.26 03:13:59.018,9.58938,9.5927,1.00,1.00
2018.03.26 03:14:01.736,9.58955,9.59286,1.00,1.00
2018.03.26 03:14:02.446,9.58955,9.59287,1.00,1.00
2018.03.26 03:14:14.048,9.58957,9.59289,1.00,1.00
2018.03.26 03:14:14.719,9.58943,9.59278,1.00,1.00
2018.03.26 03:14:14.923,9.58943,9.59266,1.00,1.00
2018.03.26 03:14:14.977,9.58943,9.59278,1.00,1.00
2018.03.26 03:14:15.232,9.5894,9.59273,1.00,1.00
2018.03.26 03:14:28.762,9.5894,9.59266,1.00,1.00
2018.03.26 03:14:29.354,9.58939,9.59266,1.00,1.00
2018.03.26 03:14:30.223,9.58938,9.59266,1.00,1.00
2018.03.26 03:14:34.695,9.58938,9.5927,1.00,1.00
2018.03.26 03:14:34.747,9.58949,9.59281,1.00,1.00
2018.03.26 03:14:44.149,9.58952,9.59284,1.00,1.00
2018.03.26 03:14:59.174,9.58951,9.59283,1.00,1.00
2018.03.26 03:15:07.684,9.58962,9.59294,1.00,1.60
2018.03.26 03:15:20.669,9.58962,9.59294,1.00,1.00
2018.03.26 03:15:20.744,9.58948,9.59281,1.00,1.00
2018.03.26 03:15:29.198,9.58947,9.59279,1.00,1.00
2018.03.26 03:15:44.229,9.58951,9.59285,1.00,1.00
2018.03.26 03:15:48.102,9.58951,9.59285,1.00,1.60
2018.03.26 03:15:51.517,9.58951,9.59285,1.00,1.00
2018.03.26 03:15:53.739,9.58951,9.59285,1.00,1.60
2018.03.26 03:15:54.091,9.58951,9.59285,1.00,1.60
2018.03.26 03:15:58.985,9.58951,9.59285,1.00,1.00
2018.03.26 03:15:59.309,9.58948,9.5928,1.00,1.00
2018.03.26 03:16:00.017,9.58949,9.59251,1.00,1.00
2018.03.26 03:16:13.687,9.58974,9.59276,1.00,1.00
2018.03.26 03:16:26.646,9.58977,9.59276,1.00,1.00
2018.03.26 03:16:26.799,9.58974,9.59276,1.00,1.00
2018.03.26 03:16:26.952,9.58977,9.59276,1.00,1.00
2018.03.26 03:16:32.940,9.58974,9.59276,1.00,1.00
2018.03.26 03:16:39.140,9.58975,9.59276,1.00,1.00
2018.03.26 03:16:44.389,9.58974,9.59276,1.00,1.00
2018.03.26 03:17:12.904,9.58975,9.59276,1.00,1.00
2018.03.26 03:17:13.718,9.58964,9.59296,1.00,1.00
2018.03.26 03:17:15.553,9.58964,9.59299,1.00,1.00
2018.03.26 03:17:19.251,9.58954,9.59286,1.00,1.00
2018.03.26 03:17:29.438,9.58958,9.59292,1.00,1.00
2018.03.26 03:17:32.717,9.58958,9.59287,1.00,1.00
2018.03.26 03:17:33.021,9.58962,9.59264,1.00,1.00
2018.03.26 03:17:52.762,9.58962,9.59288,1.00,1.00
2018.03.26 03:17:53.121,9.58967,9.59299,1.00,1.00
2018.03.26 03:17:53.611,9.58999,9.59299,1.00,1.00
2018.03.26 03:17:59.508,9.58999,9.59294,1.00,1.00
2018.03.26 03:18:04.239,9.58962,9.59294,1.00,1.00
2018.03.26 03:18:04.290,9.58962,9.59294,1.00,1.60
2018.03.26 03:18:05.022,9.58962,9.59264,1.50,1.00
2018.03.26 03:18:09.873,9.58964,9.59264,1.00,1.00
2018.03.26 03:18:14.540,9.58962,9.59264,1.00,1.00
2018.03.26 03:18:21.712,9.58962,9.59249,1.00,1.20
2018.03.26 03:18:21.764,9.58928,9.59236,1.00,1.25
2018.03.26 03:18:21.815,9.5892,9.59236,1.00,1.25
2018.03.26 03:18:21.918,9.5892,9.59236,1.00,1.60
2018.03.26 03:18:22.307,9.5892,9.59227,1.00,1.60
2018.03.26 03:18:23.123,9.5892,9.59214,1.00,1.00
2018.03.26 03:18:27.686,9.58925,9.59214,1.00,1.00
2018.03.26 03:18:27.737,9.58925,9.59237,1.00,1.19
2018.03.26 03:18:27.927,9.58937,9.59237,1.00,1.19
2018.03.26 03:18:30.131,9.58937,9.59237,1.00,1.25
2018.03.26 03:18:30.441,9.58952,9.59255,1.00,1.00
2018.03.26 03:18:30.494,9.58951,9.59283,1.00,1.00
2018.03.26 03:18:30.597,9.58951,9.59251,1.00,1.00
2018.03.26 03:18:30.920,9.58937,9.59237,1.00,1.01
2018.03.26 03:18:31.546,9.58932,9.59238,1.50,1.19
2018.03.26 03:18:31.597,9.58938,9.59248,1.00,1.00
2018.03.26 03:18:31.762,9.58926,9.59226,1.00,1.60
2018.03.26 03:18:32.064,9.58915,9.59209,1.00,1.19
2018.03.26 03:18:32.705,9.58914,9.59209,1.00,1.19
2018.03.26 03:18:33.501,9.58916,9.59209,1.00,1.19
2018.03.26 03:18:33.553,9.58914,9.59209,1.00,1.19
2018.03.26 03:18:34.292,9.58916,9.59209,1.00,1.19
2018.03.26 03:18:34.344,9.58914,9.59209,1.00,1.19
2018.03.26 03:18:43.806,9.58883,9.59198,1.00,1.00
2018.03.26 03:18:43.909,9.58883,9.59181,1.00,1.00
2018.03.26 03:18:44.217,9.58789,9.59056,1.00,1.97
2018.03.26 03:18:44.269,9.58789,9.59055,1.00,2.23
2018.03.26 03:18:44.474,9.58769,9.59046,1.00,1.00
2018.03.26 03:18:44.525,9.58769,9.59056,1.00,1.60
2018.03.26 03:18:44.578,9.58769,9.59057,1.00,1.60
2018.03.26 03:18:44.629,9.58769,9.59057,1.00,1.00
2018.03.26 03:18:44.844,9.58739,9.59057,1.00,1.60
2018.03.26 03:18:45.098,9.58739,9.59046,1.00,1.00
2018.03.26 03:18:45.200,9.58709,9.59056,1.50,1.60
2018.03.26 03:18:45.251,9.58709,9.59056,1.50,1.60
2018.03.26 03:18:45.557,9.58709,9.59046,1.00,1.60
2018.03.26 03:18:45.768,9.5869,9.59046,1.00,1.60
2018.03.26 03:18:45.819,9.5869,9.59046,1.00,1.60
2018.03.26 03:18:45.870,9.58669,9.59036,1.00,1.60
2018.03.26 03:18:45.921,9.58669,9.59036,1.00,1.60
2018.03.26 03:18:46.250,9.58613,9.58973,1.00,2.10
2018.03.26 03:18:46.301,9.58591,9.58946,1.00,1.60
2018.03.26 03:18:46.352,9.58569,9.58946,1.00,1.60
2018.03.26 03:18:46.403,9.58563,9.58916,1.00,1.60
2018.03.26 03:18:46.454,9.58563,9.58916,1.00,1.60
2018.03.26 03:18:46.555,9.58529,9.58928,1.00,1.97
2018.03.26 03:18:46.606,9.58528,9.58886,1.00,1.60
2018.03.26 03:18:46.759,9.58516,9.58876,1.00,1.60
2018.03.26 03:18:46.810,9.58516,9.58886,1.00,1.60
2018.03.26 03:18:46.861,9.58516,9.58886,1.00,1.60
2018.03.26 03:18:46.913,9.58516,9.58896,1.00,1.60
2018.03.26 03:18:46.964,9.58516,9.58896,1.00,1.60
2018.03.26 03:18:47.142,9.58549,9.58896,1.00,1.60
2018.03.26 03:18:47.244,9.58549,9.58896,1.00,1.60
2018.03.26 03:18:47.424,9.58549,9.58906,1.00,1.60
2018.03.26 03:18:47.775,9.58549,9.58906,1.00,1.60
2018.03.26 03:18:48.231,9.58549,9.58916,1.00,1.60
2018.03.26 03:18:49.217,9.58549,9.58916,1.00,1.60
2018.03.26 03:18:49.348,9.58549,9.58926,1.00,1.60
2018.03.26 03:18:54.977,9.58549,9.58926,1.00,1.60
2018.03.26 03:18:55.307,9.5857,9.58916,1.00,1.60
2018.03.26 03:18:55.668,9.5857,9.58916,1.00,1.60
2018.03.26 03:18:58.633,9.5857,9.58916,1.00,1.60
2018.03.26 03:18:58.684,9.58519,9.58906,1.00,1.60
2018.03.26 03:18:58.736,9.58519,9.58906,1.00,2.85
2018.03.26 03:18:58.838,9.58514,9.58896,1.00,1.60
2018.03.26 03:18:58.940,9.58514,9.58896,1.00,1.60
2018.03.26 03:18:59.064,9.58514,9.58896,1.00,1.60
2018.03.26 03:18:59.453,9.58514,9.58896,1.00,1.60
2018.03.26 03:18:59.618,9.58503,9.58896,1.00,1.60
2018.03.26 03:19:03.955,9.58503,9.58896,1.00,1.60
2018.03.26 03:19:04.006,9.58503,9.58896,1.00,1.60
2018.03.26 03:19:04.057,9.58503,9.58896,1.00,1.60
2018.03.26 03:19:04.736,9.58503,9.58896,1.00,1.60
2018.03.26 03:19:04.787,9.58503,9.58896,1.00,1.60
2018.03.26 03:19:04.840,9.58503,9.58926,1.00,2.59
2018.03.26 03:19:04.891,9.58503,9.58926,1.00,2.59
2018.03.26 03:19:04.942,9.58503,9.58926,1.00,2.59
2018.03.26 03:19:05.256,9.58503,9.58926,1.00,2.59
2018.03.26 03:19:05.377,9.58503,9.58926,1.00,2.59
2018.03.26 03:19:05.429,9.58503,9.58926,1.00,2.59
2018.03.26 03:19:05.480,9.58503,9.58926,1.00,2.59
2018.03.26 03:19:05.816,9.58503,9.58926,1.00,2.59
2018.03.26 03:19:06.121,9.58503,9.58925,1.00,2.18
2018.03.26 03:19:06.752,9.58503,9.58925,1.00,2.18
2018.03.26 03:19:07.219,9.58503,9.58926,1.37,1.97
2018.03.26 03:19:07.734,9.58503,9.58925,1.00,2.07
2018.03.26 03:19:07.785,9.58503,9.58925,1.00,2.07
2018.03.26 03:19:08.752,9.58503,9.58925,1.00,2.07
2018.03.26 03:19:11.999,9.58503,9.58925,1.00,2.07
2018.03.26 03:19:12.051,9.58503,9.58915,1.00,2.00
2018.03.26 03:19:12.355,9.58503,9.58896,1.00,1.60
2018.03.26 03:19:12.661,9.58503,9.58896,1.00,1.60
2018.03.26 03:19:13.014,9.58503,9.58896,1.00,1.60
2018.03.26 03:19:14.597,9.58503,9.58896,1.00,1.60
2018.03.26 03:19:14.699,9.585,9.58896,1.00,1.60
2018.03.26 03:19:16.586,9.585,9.58896,1.00,1.97
2018.03.26 03:19:16.913,9.585,9.58896,1.00,1.60
2018.03.26 03:19:17.820,9.585,9.58897,1.00,1.97
2018.03.26 03:19:18.639,9.585,9.58897,1.00,1.97
2018.03.26 03:19:18.691,9.585,9.58897,1.00,1.60
2018.03.26 03:19:18.742,9.585,9.58897,1.00,1.60
2018.03.26 03:19:19.045,9.585,9.58897,1.00,1.60
2018.03.26 03:19:19.097,9.5852,9.58906,1.00,1.60
2018.03.26 03:19:19.448,9.5852,9.58897,1.00,1.60
2018.03.26 03:19:21.618,9.5852,9.58897,1.00,1.60
2018.03.26 03:19:21.670,9.58497,9.58897,1.00,1.60
2018.03.26 03:19:21.721,9.58497,9.58897,1.00,1.60
2018.03.26 03:19:21.824,9.58497,9.58886,1.00,1.60
2018.03.26 03:19:26.505,9.58497,9.58886,1.00,1.60
2018.03.26 03:19:26.750,9.58497,9.58886,1.00,1.60
2018.03.26 03:19:26.872,9.58497,9.58886,1.00,1.60
2018.03.26 03:19:29.723,9.58485,9.58876,1.00,1.60
2018.03.26 03:19:30.967,9.58485,9.58876,1.00,1.60
2018.03.26 03:19:31.019,9.58485,9.58876,1.00,1.60
2018.03.26 03:19:31.688,9.58485,9.58876,1.00,1.60
2018.03.26 03:19:32.034,9.58485,9.58876,1.00,1.60
2018.03.26 03:19:32.428,9.58485,9.58876,1.00,1.60
2018.03.26 03:19:33.361,9.58485,9.58876,1.00,1.60
2018.03.26 03:19:33.895,9.58485,9.58875,1.00,1.11
2018.03.26 03:19:34.049,9.58485,9.58856,1.00,1.92
2018.03.26 03:19:34.100,9.58465,9.58855,1.00,1.69
2018.03.26 03:19:34.203,9.58465,9.58845,1.00,1.43
2018.03.26 03:19:34.254,9.58465,9.58855,1.00,1.95
2018.03.26 03:19:34.357,9.58465,9.58845,1.00,1.50
2018.03.26 03:19:34.408,9.58465,9.58846,1.00,1.37
2018.03.26 03:19:34.511,9.58465,9.58846,1.00,1.97
2018.03.26 03:19:34.562,9.58465,9.58846,1.00,1.00
2018.03.26 03:19:34.919,9.58465,9.58846,1.00,1.60
2018.03.26 03:19:35.225,9.58465,9.58846,1.00,1.97
2018.03.26 03:19:35.492,9.58465,9.58836,1.00,1.60
2018.03.26 03:19:35.595,9.58465,9.58847,1.00,1.37
2018.03.26 03:19:35.697,9.58486,9.58847,1.00,1.00
2018.03.26 03:19:35.749,9.58465,9.58836,1.00,1.00
2018.03.26 03:19:35.800,9.58465,9.58836,1.00,1.97
2018.03.26 03:19:35.954,9.58465,9.58836,1.00,1.97
2018.03.26 03:19:36.266,9.58465,9.58836,1.00,1.00
2018.03.26 03:19:36.368,9.58465,9.58855,1.00,2.77
2018.03.26 03:19:36.419,9.58465,9.58855,1.00,2.14
2018.03.26 03:19:44.004,9.58465,9.58855,1.00,2.74
2018.03.26 03:19:44.135,9.58465,9.58855,1.00,2.74
2018.03.26 03:19:44.287,9.58465,9.58855,1.00,1.72
2018.03.26 03:19:44.388,9.58465,9.58855,1.00,1.72
2018.03.26 03:19:44.708,9.58463,9.58855,1.00,1.72
2018.03.26 03:19:45.853,9.58465,9.58855,1.00,1.72
2018.03.26 03:19:46.369,9.58435,9.58855,1.00,1.72
2018.03.26 03:19:46.473,9.58464,9.58855,1.00,1.72
2018.03.26 03:19:46.677,9.58434,9.58855,1.00,2.36
2018.03.26 03:19:46.728,9.58461,9.58855,1.00,2.67
2018.03.26 03:19:46.831,9.58461,9.58855,1.00,1.87
2018.03.26 03:19:46.933,9.58461,9.58866,1.00,1.35
2018.03.26 03:19:46.985,9.58461,9.58855,1.00,1.10
2018.03.26 03:19:47.292,9.58482,9.58846,1.00,1.37
2018.03.26 03:19:47.394,9.5846,9.58836,1.00,1.00
2018.03.26 03:19:47.547,9.5846,9.58836,1.00,1.60
2018.03.26 03:19:47.748,9.5846,9.58855,1.00,2.41
2018.03.26 03:19:47.799,9.5846,9.58855,1.00,2.49
2018.03.26 03:19:47.850,9.5846,9.58855,1.00,2.49
2018.03.26 03:19:48.993,9.5846,9.58855,1.00,2.49
2018.03.26 03:19:49.045,9.5846,9.58836,1.00,1.60
2018.03.26 03:19:49.368,9.5846,9.58826,1.00,1.60
2018.03.26 03:19:49.419,9.5846,9.58826,1.00,1.60
2018.03.26 03:19:49.723,9.5846,9.58826,1.00,1.60
2018.03.26 03:19:51.663,9.5846,9.58837,1.00,1.60
2018.03.26 03:19:51.765,9.5846,9.58846,1.00,1.00
2018.03.26 03:19:51.868,9.58483,9.58857,1.00,1.00
2018.03.26 03:19:51.970,9.58483,9.58876,1.00,1.37
2018.03.26 03:19:52.860,9.58483,9.58876,1.00,1.97
2018.03.26 03:19:53.162,9.58483,9.58876,1.00,1.97
2018.03.26 03:19:57.651,9.58483,9.58876,1.00,1.97
2018.03.26 03:19:57.960,9.58468,9.58856,1.00,1.97
2018.03.26 03:19:58.012,9.58468,9.58856,1.00,1.97
2018.03.26 03:19:58.114,9.58468,9.58856,1.00,1.97
2018.03.26 03:19:58.166,9.58434,9.58856,1.00,1.97
2018.03.26 03:19:58.217,9.58465,9.58856,1.00,1.97
2018.03.26 03:19:58.519,9.58465,9.58846,1.00,1.97
2018.03.26 03:19:58.826,9.58465,9.58836,1.00,1.60
2018.03.26 03:19:59.789,9.58454,9.58846,1.00,1.60
2018.03.26 03:20:00.663,9.58454,9.58846,1.00,1.60
2018.03.26 03:20:00.715,9.58454,9.58846,1.00,1.60
2018.03.26 03:20:00.766,9.58454,9.58846,1.00,1.00
2018.03.26 03:20:00.817,9.58454,9.58865,1.00,1.65
2018.03.26 03:20:00.883,9.58465,9.58865,1.00,1.65
2018.03.26 03:20:01.750,9.58465,9.58865,1.00,1.65
2018.03.26 03:20:06.773,9.58437,9.58865,1.37,1.60
2018.03.26 03:20:06.825,9.58465,9.58865,1.00,1.72
2018.03.26 03:20:07.160,9.58465,9.58865,1.00,1.72
2018.03.26 03:20:12.566,9.58465,9.58865,1.00,2.55
2018.03.26 03:20:12.618,9.58433,9.58865,1.00,2.41
2018.03.26 03:20:12.669,9.58464,9.58865,1.00,2.41
2018.03.26 03:20:12.772,9.58464,9.58865,1.00,2.41
2018.03.26 03:20:13.021,9.58464,9.58865,1.00,1.72
2018.03.26 03:20:14.785,9.58463,9.58865,1.00,2.65
2018.03.26 03:20:19.478,9.5846,9.58855,1.00,2.79
2018.03.26 03:20:19.889,9.5843,9.58847,1.00,1.60
2018.03.26 03:20:19.941,9.58436,9.58865,1.00,1.51
2018.03.26 03:20:19.992,9.58461,9.58865,1.00,2.23
2018.03.26 03:20:20.304,9.58461,9.58865,1.00,2.17
2018.03.26 03:20:20.470,9.58459,9.58865,1.00,1.47
2018.03.26 03:20:26.256,9.58459,9.58865,1.00,2.27
2018.03.26 03:20:27.293,9.58459,9.58856,1.00,1.97
2018.03.26 03:20:27.635,9.58461,9.58865,1.00,2.44
2018.03.26 03:20:27.899,9.58461,9.58865,1.00,2.09
2018.03.26 03:20:29.761,9.58461,9.58856,1.00,1.97
2018.03.26 03:20:30.271,9.58463,9.58856,1.00,1.97
2018.03.26 03:20:30.983,9.58466,9.58866,1.00,1.97
2018.03.26 03:20:31.750,9.58466,9.58866,1.00,1.97
2018.03.26 03:20:37.251,9.58466,9.58857,1.00,1.97
2018.03.26 03:20:37.412,9.58458,9.58857,1.00,1.97
2018.03.26 03:20:38.652,9.58435,9.58857,1.00,1.60
2018.03.26 03:20:38.704,9.58458,9.58856,1.00,1.97
2018.03.26 03:20:39.266,9.58458,9.58856,1.00,1.97
2018.03.26 03:20:39.692,9.58433,9.58856,1.00,1.97
2018.03.26 03:20:39.743,9.58459,9.58856,1.00,1.97
2018.03.26 03:20:43.874,9.58453,9.58856,1.00,1.97
2018.03.26 03:20:44.189,9.58453,9.58856,1.00,1.97
2018.03.26 03:20:44.864,9.58455,9.58856,1.00,1.97
2018.03.26 03:20:45.396,9.58453,9.58866,1.00,1.60
2018.03.26 03:20:45.449,9.58461,9.58866,1.00,1.97
2018.03.26 03:20:45.500,9.58437,9.58875,1.00,2.23
2018.03.26 03:20:45.602,9.58435,9.58866,1.00,1.97
2018.03.26 03:20:45.654,9.5846,9.58866,1.00,1.97
2018.03.26 03:20:45.789,9.58434,9.58866,1.00,1.97
2018.03.26 03:20:45.841,9.58434,9.58856,1.00,1.60
2018.03.26 03:20:46.152,9.58465,9.58857,1.00,1.97
2018.03.26 03:20:46.559,9.5843,9.58857,1.00,1.97
2018.03.26 03:20:46.610,9.58453,9.58856,1.00,1.97
2018.03.26 03:20:54.184,9.58429,9.58856,1.00,1.97
2018.03.26 03:21:01.052,9.5843,9.58856,1.00,1.60
2018.03.26 03:21:01.850,9.58456,9.58866,1.00,1.97
2018.03.26 03:21:13.076,9.58435,9.58856,1.00,1.60
2018.03.26 03:21:13.280,9.58456,9.58856,1.00,1.60
2018.03.26 03:21:13.332,9.58456,9.58856,1.00,1.00
2018.03.26 03:21:13.384,9.58479,9.58866,1.00,1.00
2018.03.26 03:21:13.437,9.58479,9.58896,1.00,1.60
2018.03.26 03:21:13.489,9.58479,9.58896,1.00,1.60
2018.03.26 03:21:13.543,9.58468,9.58885,1.00,2.23
2018.03.26 03:21:13.596,9.5847,9.58875,1.00,1.99
2018.03.26 03:21:13.898,9.5847,9.58866,1.00,1.97
2018.03.26 03:21:13.950,9.5847,9.58866,1.00,1.97
2018.03.26 03:21:14.001,9.5847,9.58856,1.00,1.60
2018.03.26 03:21:14.917,9.58455,9.58856,1.00,1.60
2018.03.26 03:21:16.108,9.58456,9.58856,1.00,1.60
2018.03.26 03:21:26.002,9.58435,9.58856,1.00,1.60
2018.03.26 03:21:26.054,9.58457,9.58866,1.00,1.60
2018.03.26 03:21:26.105,9.58457,9.58866,1.00,1.97
2018.03.26 03:21:26.157,9.58457,9.58856,1.00,1.60
2018.03.26 03:21:26.468,9.58457,9.58846,1.00,1.60
2018.03.26 03:21:26.726,9.58425,9.58846,1.00,1.60
2018.03.26 03:21:26.777,9.58425,9.58836,1.00,1.60
2018.03.26 03:21:27.081,9.58448,9.58826,1.00,1.60
2018.03.26 03:21:27.664,9.58414,9.58826,1.00,1.60
2018.03.26 03:21:27.874,9.58414,9.58826,1.00,1.60
2018.03.26 03:21:29.824,9.58414,9.58806,1.00,1.60
2018.03.26 03:21:29.918,9.58396,9.58806,1.00,1.60
2018.03.26 03:21:30.821,9.58396,9.58806,1.00,1.60
2018.03.26 03:21:31.380,9.58396,9.58806,1.00,1.60
2018.03.26 03:21:31.431,9.58376,9.58815,1.00,2.17
2018.03.26 03:21:31.483,9.58396,9.58815,1.00,2.12
2018.03.26 03:21:31.688,9.58396,9.58807,1.00,1.97
2018.03.26 03:21:32.222,9.58396,9.58806,1.00,1.72
2018.03.26 03:21:34.101,9.58396,9.58816,1.00,1.00
2018.03.26 03:21:34.153,9.5845,9.58855,1.00,1.57
2018.03.26 03:21:34.205,9.5845,9.58856,1.00,1.12
2018.03.26 03:21:34.256,9.58471,9.58856,1.00,1.00
2018.03.26 03:21:34.772,9.58493,9.58875,1.00,1.00
2018.03.26 03:21:34.824,9.58459,9.58896,1.00,1.00
2018.03.26 03:21:34.875,9.58499,9.58905,1.00,1.56
2018.03.26 03:21:34.927,9.58499,9.58936,1.00,1.00
2018.03.26 03:21:35.030,9.58509,9.58945,1.00,1.69
2018.03.26 03:21:35.339,9.58499,9.58915,1.00,2.10
2018.03.26 03:21:35.546,9.58498,9.58916,1.00,1.97
2018.03.26 03:21:35.598,9.58489,9.58906,1.00,1.71
2018.03.26 03:21:35.649,9.58496,9.58895,1.00,1.45
2018.03.26 03:21:36.006,9.58479,9.58886,1.00,1.97
2018.03.26 03:21:36.057,9.58479,9.58876,1.00,1.97
2018.03.26 03:21:36.172,9.58479,9.58885,1.00,2.24
2018.03.26 03:21:36.274,9.58473,9.58885,1.00,2.24
2018.03.26 03:21:36.377,9.58473,9.58885,1.00,1.39
2018.03.26 03:21:36.678,9.58473,9.58876,1.00,1.97
2018.03.26 03:21:37.073,9.58473,9.58866,1.00,1.60
2018.03.26 03:21:37.378,9.58473,9.58856,1.00,1.60
2018.03.26 03:21:38.023,9.58473,9.58856,1.00,1.60
2018.03.26 03:21:38.176,9.58429,9.58846,1.00,1.60
2018.03.26 03:21:38.228,9.58429,9.58846,1.00,1.60
2018.03.26 03:21:38.422,9.58429,9.58836,1.00,1.60
2018.03.26 03:21:38.723,9.58429,9.58836,1.00,1.60
2018.03.26 03:21:39.071,9.58429,9.58836,1.00,1.60
2018.03.26 03:21:39.423,9.58429,9.58836,1.00,1.60
2018.03.26 03:21:42.535,9.58429,9.58836,1.00,1.60
2018.03.26 03:21:44.948,9.58416,9.58836,1.00,1.60
2018.03.26 03:21:58.504,9.58431,9.58876,1.00,1.00
2018.03.26 03:21:58.556,9.58453,9.58876,1.00,1.00
2018.03.26 03:21:58.660,9.58459,9.58915,1.00,1.37
2018.03.26 03:21:58.712,9.58499,9.58915,1.00,1.37
2018.03.26 03:21:58.913,9.58499,9.58926,1.00,1.37
2018.03.26 03:21:59.072,9.58499,9.58934,1.00,1.00
2018.03.26 03:21:59.629,9.58499,9.58935,1.00,1.97
2018.03.26 03:21:59.731,9.58489,9.58927,1.00,1.97
2018.03.26 03:21:59.834,9.58489,9.58916,1.00,1.60
2018.03.26 03:22:00.179,9.58479,9.58897,1.00,1.00
2018.03.26 03:22:00.489,9.58484,9.58895,1.00,2.39
2018.03.26 03:22:00.910,9.58484,9.58886,1.00,1.97
2018.03.26 03:22:01.224,9.58477,9.58876,1.00,1.60
2018.03.26 03:22:01.665,9.58477,9.58876,1.00,1.60
2018.03.26 03:22:01.767,9.58456,9.58865,1.00,1.56
2018.03.26 03:22:01.818,9.58449,9.58845,1.00,2.39
2018.03.26 03:22:02.083,9.58449,9.58845,1.00,1.99
2018.03.26 03:22:02.134,9.58449,9.58846,1.00,1.97
2018.03.26 03:22:02.641,9.58448,9.58846,1.00,1.97
2018.03.26 03:22:03.057,9.58448,9.58836,1.00,1.60
2018.03.26 03:22:03.406,9.58415,9.58845,1.00,1.63
2018.03.26 03:22:03.457,9.58415,9.58837,1.00,1.97
2018.03.26 03:22:03.763,9.58415,9.58837,1.00,1.97
2018.03.26 03:22:04.071,9.58415,9.58837,1.00,1.97
2018.03.26 03:22:04.423,9.58415,9.58837,1.00,1.97
2018.03.26 03:22:04.803,9.58415,9.58837,1.00,1.97
2018.03.26 03:22:05.203,9.58415,9.58835,1.00,2.22
2018.03.26 03:22:05.616,9.58415,9.58826,1.00,1.97
2018.03.26 03:22:05.667,9.58392,9.58826,1.00,1.60
2018.03.26 03:22:05.719,9.58392,9.58816,1.00,1.97
2018.03.26 03:22:06.076,9.58392,9.58816,1.00,1.97
2018.03.26 03:22:06.178,9.58392,9.58816,1.00,1.72
2018.03.26 03:22:06.757,9.58392,9.58816,1.00,1.97
2018.03.26 03:22:06.809,9.58392,9.58816,1.00,1.97
2018.03.26 03:22:08.166,9.58392,9.58816,1.00,1.97
2018.03.26 03:22:08.217,9.58392,9.58797,1.00,1.00
2018.03.26 03:22:08.534,9.58392,9.58786,1.00,1.00
2018.03.26 03:22:08.838,9.58392,9.58787,1.00,1.60
2018.03.26 03:22:09.180,9.58392,9.58787,1.00,1.60
2018.03.26 03:22:09.751,9.58392,9.58787,1.00,1.60
2018.03.26 03:22:12.547,9.5837,9.58776,1.00,1.00
2018.03.26 03:22:12.599,9.58349,9.58776,1.00,1.00
2018.03.26 03:22:12.651,9.58339,9.58716,1.00,1.00
2018.03.26 03:22:12.906,9.58309,9.58696,1.00,1.00
2018.03.26 03:22:13.112,9.58299,9.58696,1.00,1.00
2018.03.26 03:22:13.465,9.58295,9.58696,1.00,1.00
2018.03.26 03:22:14.014,9.58295,9.58696,1.00,1.37
2018.03.26 03:22:14.246,9.58295,9.58678,1.00,1.00
2018.03.26 03:22:14.582,9.58295,9.58666,1.00,1.00
2018.03.26 03:22:15.037,9.58281,9.58666,1.00,1.00
2018.03.26 03:22:16.154,9.58277,9.58666,1.00,1.00
2018.03.26 03:22:18.052,9.5826,9.58656,1.00,1.00
2018.03.26 03:22:20.063,9.58256,9.58696,1.00,1.37
2018.03.26 03:22:20.115,9.58285,9.58696,1.00,1.37
2018.03.26 03:22:20.424,9.58319,9.58708,1.00,1.00
2018.03.26 03:22:20.577,9.58319,9.58736,1.00,1.37
2018.03.26 03:22:20.730,9.58331,9.58756,1.00,1.00
2018.03.26 03:22:20.781,9.5834,9.58755,1.00,1.53
2018.03.26 03:22:20.882,9.5834,9.58756,1.00,1.37
2018.03.26 03:22:20.984,9.58352,9.58756,1.00,1.37
2018.03.26 03:22:21.290,9.58381,9.58774,1.00,1.00
2018.03.26 03:22:21.392,9.58381,9.58796,1.00,1.00
2018.03.26 03:22:21.546,9.58394,9.58806,1.00,1.00
2018.03.26 03:22:21.920,9.58394,9.58806,1.00,1.57
2018.03.26 03:22:24.610,9.58394,9.58805,1.00,1.63
2018.03.26 03:22:27.580,9.58394,9.58806,1.00,2.25
2018.03.26 03:22:28.113,9.58394,9.58805,1.00,1.51
2018.03.26 03:22:30.039,9.5839,9.58805,1.00,1.51
2018.03.26 03:22:35.052,9.5839,9.58806,1.00,1.37
2018.03.26 03:22:35.103,9.5839,9.58796,1.00,1.00
2018.03.26 03:22:36.287,9.5839,9.58796,1.00,1.37
2018.03.26 03:22:39.846,9.5839,9.58814,1.00,1.00
2018.03.26 03:22:42.281,9.5839,9.58845,1.00,1.00
2018.03.26 03:22:42.332,9.5839,9.58845,1.00,2.65
2018.03.26 03:22:42.384,9.5839,9.58846,1.00,1.12
2018.03.26 03:22:42.624,9.5839,9.58836,1.00,1.50
2018.03.26 03:22:42.675,9.5839,9.58845,1.00,1.37
2018.03.26 03:22:43.232,9.5839,9.58845,1.00,2.14
2018.03.26 03:22:43.638,9.58399,9.58845,1.00,1.72
2018.03.26 03:22:45.118,9.58405,9.58845,1.00,1.72
2018.03.26 03:22:50.125,9.58405,9.58845,1.00,1.12
2018.03.26 03:22:57.599,9.58405,9.58845,1.00,1.65
2018.03.26 03:22:57.650,9.58405,9.58845,1.00,1.12
2018.03.26 03:23:16.274,9.58404,9.58855,1.00,2.17
2018.03.26 03:23:19.795,9.58405,9.58855,1.00,2.17
2018.03.26 03:23:30.192,9.58404,9.58855,1.00,2.17
2018.03.26 03:23:40.166,9.58405,9.58839,1.00,1.00
2018.03.26 03:23:45.188,9.58405,9.5883,1.00,1.00
2018.03.26 03:23:53.241,9.58404,9.58811,1.00,1.00
2018.03.26 03:24:00.296,9.58405,9.58801,1.00,1.00
2018.03.26 03:24:00.630,9.58405,9.58797,1.00,1.00
2018.03.26 03:24:01.101,9.58405,9.58749,1.00,1.00
2018.03.26 03:24:01.689,9.58405,9.58747,1.00,1.00
2018.03.26 03:24:02.588,9.58404,9.58795,1.00,1.00
2018.03.26 03:24:02.639,9.58405,9.58748,1.00,1.00
2018.03.26 03:24:03.293,9.58405,9.58747,1.00,1.00
2018.03.26 03:24:15.248,9.58403,9.58745,1.00,1.00
2018.03.26 03:24:25.107,9.58383,9.58745,1.00,1.00
2018.03.26 03:24:28.868,9.58361,9.58745,1.00,1.00
2018.03.26 03:24:30.279,9.58364,9.58745,1.00,1.00
2018.03.26 03:24:31.450,9.58368,9.58745,1.00,1.00
2018.03.26 03:24:34.131,9.58385,9.58745,1.00,1.00
2018.03.26 03:24:34.566,9.58388,9.58746,1.00,1.00
2018.03.26 03:24:43.858,9.58367,9.58745,1.00,1.00
2018.03.26 03:24:44.929,9.58364,9.58745,1.00,1.00
2018.03.26 03:24:45.404,9.58343,9.58745,1.00,1.00
2018.03.26 03:24:45.710,9.58364,9.58745,1.00,1.00
2018.03.26 03:24:46.461,9.58369,9.58745,1.00,1.00
2018.03.26 03:24:49.462,9.58348,9.58745,1.00,1.00
2018.03.26 03:24:50.377,9.58348,9.58745,1.00,1.60
2018.03.26 03:24:50.630,9.58342,9.58746,1.00,1.60
2018.03.26 03:24:50.681,9.58342,9.58746,1.00,1.60
2018.03.26 03:24:50.935,9.58364,9.58745,1.00,1.00
2018.03.26 03:24:51.322,9.58364,9.58745,1.00,1.60
2018.03.26 03:24:51.373,9.58364,9.58745,1.00,1.00
2018.03.26 03:24:52.125,9.58364,9.58745,1.00,1.60
2018.03.26 03:24:52.176,9.58343,9.58736,1.00,1.00
2018.03.26 03:24:52.278,9.58343,9.58745,1.00,1.00
2018.03.26 03:24:57.885,9.58343,9.58736,1.00,1.00
2018.03.26 03:24:58.248,9.58343,9.58736,1.00,1.60
2018.03.26 03:24:58.351,9.58326,9.58716,1.00,1.00
2018.03.26 03:24:58.455,9.58326,9.58745,1.00,1.00
2018.03.26 03:24:58.557,9.58348,9.58745,1.00,1.00
2018.03.26 03:24:58.864,9.58321,9.58706,1.00,1.60
2018.03.26 03:24:58.915,9.58321,9.58706,1.00,1.00
2018.03.26 03:24:58.967,9.58321,9.58696,1.00,1.00
2018.03.26 03:24:59.222,9.58321,9.58717,1.00,1.60
2018.03.26 03:24:59.273,9.58321,9.58717,1.00,1.00
2018.03.26 03:24:59.324,9.58321,9.58706,1.00,1.00
2018.03.26 03:24:59.376,9.58321,9.58726,1.00,1.60
2018.03.26 03:24:59.427,9.58321,9.58745,1.00,1.60
2018.03.26 03:24:59.529,9.58321,9.58736,1.00,1.00
2018.03.26 03:24:59.835,9.58321,9.58736,1.00,1.60
2018.03.26 03:25:00.338,9.58324,9.58736,1.00,1.60
2018.03.26 03:25:03.729,9.58324,9.58727,1.00,1.60
2018.03.26 03:25:10.721,9.58324,9.58726,1.00,1.00
2018.03.26 03:25:10.823,9.58324,9.58736,1.00,1.60
2018.03.26 03:25:11.028,9.58324,9.58745,1.00,1.00
2018.03.26 03:25:11.080,9.58345,9.58745,1.00,1.00
2018.03.26 03:25:11.395,9.58366,9.58745,1.00,1.00
2018.03.26 03:25:12.407,9.58386,9.58746,1.00,1.00
2018.03.26 03:25:15.401,9.5839,9.58745,1.00,1.00
2018.03.26 03:25:16.513,9.58389,9.58745,1.00,1.00
2018.03.26 03:25:20.391,9.5837,9.58745,1.00,1.00
2018.03.26 03:25:20.442,9.58368,9.58745,1.00,1.00
2018.03.26 03:25:28.135,9.58349,9.58745,1.00,1.00
2018.03.26 03:25:41.754,9.58368,9.58746,1.00,1.00
2018.03.26 03:25:45.428,9.58364,9.58745,1.00,1.00
2018.03.26 03:25:50.431,9.58366,9.58708,1.00,1.00
2018.03.26 03:26:00.458,9.58361,9.58708,1.00,1.00
2018.03.26 03:26:13.039,9.58378,9.5871,1.00,1.00
2018.03.26 03:26:13.090,9.58391,9.58724,1.00,1.00
2018.03.26 03:26:13.193,9.58405,9.58738,1.00,1.00
2018.03.26 03:26:15.488,9.58405,9.58746,1.00,1.00
2018.03.26 03:26:16.640,9.58405,9.58743,1.00,1.00
2018.03.26 03:26:17.183,9.58387,9.58719,1.00,1.00
2018.03.26 03:26:17.490,9.58389,9.58721,1.00,1.00
2018.03.26 03:26:17.848,9.58379,9.58711,1.00,1.00
2018.03.26 03:26:21.116,9.5836,9.58708,1.00,1.00
2018.03.26 03:26:26.024,9.58338,9.58708,1.00,1.00
2018.03.26 03:26:30.518,9.58337,9.58708,1.00,1.00
2018.03.26 03:26:36.728,9.58358,9.58708,1.00,1.00
2018.03.26 03:26:36.983,9.5836,9.58736,1.00,1.00
2018.03.26 03:26:37.035,9.5836,9.5874,1.00,1.00
2018.03.26 03:26:37.590,9.5836,9.58741,1.00,1.00
2018.03.26 03:26:38.913,9.58405,9.58743,1.00,1.00
2018.03.26 03:26:45.549,9.58405,9.58746,1.00,1.00
2018.03.26 03:26:47.171,9.58405,9.58774,1.00,1.00
2018.03.26 03:26:47.324,9.58405,9.58753,1.00,1.00
2018.03.26 03:26:49.911,9.58403,9.58735,1.00,1.00
2018.03.26 03:26:50.315,9.58392,9.58724,1.00,1.00
2018.03.26 03:26:50.367,9.58381,9.58714,1.00,1.00
2018.03.26 03:26:50.520,9.58369,9.58701,1.00,1.00
2018.03.26 03:27:13.058,9.58379,9.58711,1.00,1.00
2018.03.26 03:27:13.783,9.58389,9.58723,1.00,1.00
2018.03.26 03:27:13.834,9.58402,9.58734,1.00,1.00
2018.03.26 03:27:14.737,9.58414,9.58746,1.00,1.00
2018.03.26 03:27:14.788,9.58374,9.58752,1.00,1.00
2018.03.26 03:27:15.641,9.58376,9.58755,1.00,1.00
2018.03.26 03:27:16.753,9.58377,9.58755,1.00,1.00
2018.03.26 03:27:19.120,9.58423,9.58755,1.00,1.00
2018.03.26 03:27:30.639,9.58416,9.58748,1.00,1.00
2018.03.26 03:27:30.945,9.58412,9.58744,1.00,1.00
2018.03.26 03:27:31.784,9.58413,9.58745,1.00,1.00
2018.03.26 03:27:35.692,9.58404,9.58736,1.00,1.00
2018.03.26 03:27:41.361,9.58393,9.58725,1.00,1.00
2018.03.26 03:27:43.256,9.58403,9.58735,1.00,1.00
2018.03.26 03:27:43.636,9.58413,9.58745,1.00,1.00
2018.03.26 03:27:43.891,9.58434,9.58767,1.00,1.00
2018.03.26 03:27:43.943,9.58397,9.58772,1.00,1.00
2018.03.26 03:27:43.994,9.58473,9.58805,1.00,1.00
2018.03.26 03:27:45.719,9.58469,9.58801,1.00,1.00
2018.03.26 03:27:50.209,9.58473,9.58822,1.00,1.00
2018.03.26 03:27:50.311,9.58474,9.58851,1.00,1.00
2018.03.26 03:27:50.412,9.58474,9.58831,1.00,1.00
2018.03.26 03:27:55.748,9.58473,9.58811,1.00,1.00
2018.03.26 03:27:56.454,9.58461,9.58794,1.00,1.00
2018.03.26 03:27:56.798,9.58463,9.58795,1.00,1.00
2018.03.26 03:27:56.850,9.58451,9.58784,1.00,1.00
2018.03.26 03:27:57.747,9.58441,9.58774,1.00,1.00
2018.03.26 03:27:58.966,9.58431,9.58763,1.00,1.00
2018.03.26 03:27:59.285,9.5842,9.58752,1.00,1.00
2018.03.26 03:27:59.842,9.58409,9.58741,1.00,1.00
2018.03.26 03:28:00.729,9.58416,9.58748,1.00,1.00
2018.03.26 03:28:02.019,9.58405,9.58737,1.00,1.00
2018.03.26 03:28:02.225,9.58387,9.5872,1.00,1.00
2018.03.26 03:28:02.276,9.58386,9.58759,1.00,1.00
2018.03.26 03:28:02.481,9.58384,9.58759,1.00,1.00
2018.03.26 03:28:02.634,9.58386,9.58719,1.00,1.00
2018.03.26 03:28:02.962,9.58398,9.5873,1.00,1.00
2018.03.26 03:28:03.369,9.58388,9.5872,1.00,1.00
2018.03.26 03:28:03.573,9.58384,9.58758,1.00,1.00
2018.03.26 03:28:03.676,9.58381,9.58758,1.00,1.00
2018.03.26 03:28:05.736,9.58363,9.58755,1.00,1.00
2018.03.26 03:28:06.115,9.58363,9.58755,1.00,1.60
2018.03.26 03:28:06.422,9.58363,9.58755,1.00,1.60
2018.03.26 03:28:06.807,9.58363,9.58755,1.00,1.60
2018.03.26 03:28:06.910,9.58363,9.58755,1.00,1.60
2018.03.26 03:28:07.121,9.58363,9.58755,1.00,1.60
2018.03.26 03:28:07.172,9.58363,9.58755,1.00,1.60
2018.03.26 03:28:09.212,9.58363,9.58755,1.00,1.60
2018.03.26 03:28:09.263,9.58363,9.58755,1.00,1.60
2018.03.26 03:28:09.872,9.58363,9.58755,1.00,1.60
2018.03.26 03:28:09.924,9.58363,9.58755,1.00,1.60
2018.03.26 03:28:10.864,9.58353,9.58745,1.00,1.00
2018.03.26 03:28:13.270,9.58353,9.58745,1.00,1.60
2018.03.26 03:28:13.622,9.58353,9.58745,1.00,1.60
2018.03.26 03:28:15.351,9.58353,9.58745,1.00,1.60
2018.03.26 03:28:15.402,9.58353,9.58745,1.00,1.60
2018.03.26 03:28:15.627,9.58353,9.58745,1.00,1.60
2018.03.26 03:28:15.679,9.58353,9.58745,1.00,1.00
2018.03.26 03:28:15.731,9.58363,9.58737,1.00,1.00
2018.03.26 03:28:16.146,9.58366,9.58698,1.00,1.00
2018.03.26 03:28:16.874,9.58368,9.587,1.00,1.00
2018.03.26 03:28:28.726,9.58352,9.58696,1.00,1.00
2018.03.26 03:28:28.777,9.58324,9.58696,1.00,1.00
2018.03.26 03:28:30.772,9.58318,9.58696,1.00,1.00
2018.03.26 03:28:31.817,9.58318,9.58696,1.00,1.60
2018.03.26 03:28:31.868,9.58318,9.58696,1.00,1.00
2018.03.26 03:28:31.919,9.58315,9.58696,1.00,1.00
2018.03.26 03:28:32.410,9.58315,9.58696,1.00,1.60
2018.03.26 03:28:32.563,9.58315,9.58696,1.00,1.00
2018.03.26 03:28:32.614,9.58315,9.58696,1.00,1.60
2018.03.26 03:28:32.819,9.58315,9.58696,1.00,1.00
2018.03.26 03:28:32.870,9.58315,9.58696,1.00,1.60
2018.03.26 03:28:32.922,9.58315,9.58696,1.00,1.00
2018.03.26 03:28:33.024,9.58315,9.58696,1.00,1.60
2018.03.26 03:28:33.075,9.58315,9.58696,1.00,1.60
2018.03.26 03:28:33.228,9.58315,9.58696,1.00,1.60
2018.03.26 03:28:33.280,9.58315,9.58696,1.00,1.00
2018.03.26 03:28:33.383,9.58315,9.58696,1.00,1.60
2018.03.26 03:28:33.485,9.58315,9.58696,1.00,1.00
2018.03.26 03:28:33.642,9.58315,9.58696,1.00,1.60
2018.03.26 03:28:34.141,9.58315,9.58696,1.00,1.60
2018.03.26 03:28:34.244,9.58315,9.58696,1.00,1.60
2018.03.26 03:28:34.346,9.58315,9.58696,1.00,1.60
2018.03.26 03:28:34.448,9.58315,9.58696,1.00,1.00
2018.03.26 03:28:34.551,9.58315,9.58696,1.00,1.60
2018.03.26 03:28:34.653,9.58315,9.58696,1.00,1.00
2018.03.26 03:28:34.806,9.58315,9.58696,1.00,1.60
2018.03.26 03:28:34.908,9.58315,9.58696,1.00,1.60
2018.03.26 03:28:35.112,9.58315,9.58696,1.00,1.60
2018.03.26 03:28:35.164,9.58297,9.58696,1.00,1.60
2018.03.26 03:28:35.215,9.58297,9.58696,1.00,1.60
2018.03.26 03:28:35.267,9.5828,9.58696,1.00,1.60
2018.03.26 03:28:35.370,9.58274,9.58696,1.00,1.60
2018.03.26 03:28:35.421,9.58274,9.58696,1.00,1.60
2018.03.26 03:28:35.815,9.58274,9.58696,1.00,1.60
2018.03.26 03:28:36.088,9.58274,9.58696,1.00,1.60
2018.03.26 03:28:36.139,9.58274,9.58696,1.00,1.60
2018.03.26 03:28:36.191,9.58268,9.58696,1.00,1.60
2018.03.26 03:28:36.243,9.58293,9.58696,1.00,1.60
2018.03.26 03:28:36.345,9.5829,9.58696,1.00,1.60
2018.03.26 03:28:36.397,9.58301,9.58696,1.00,1.60
2018.03.26 03:28:36.448,9.58301,9.58696,1.00,1.60
2018.03.26 03:28:36.499,9.58277,9.58696,1.00,1.60
2018.03.26 03:28:36.551,9.58277,9.58696,1.00,1.60
2018.03.26 03:28:36.977,9.58256,9.58696,1.00,2.29
2018.03.26 03:28:37.095,9.58248,9.58696,1.00,2.29
2018.03.26 03:28:37.146,9.58271,9.58696,1.00,1.79
2018.03.26 03:28:37.403,9.58252,9.58687,1.00,1.60
2018.03.26 03:28:37.507,9.58279,9.58696,1.00,1.60
2018.03.26 03:28:37.558,9.58259,9.58696,1.00,2.10
2018.03.26 03:28:37.660,9.58259,9.58696,1.00,3.60
2018.03.26 03:28:37.712,9.58259,9.58696,1.00,2.10
2018.03.26 03:28:37.763,9.58259,9.58696,1.00,1.60
2018.03.26 03:28:38.071,9.58281,9.58696,1.00,1.60
2018.03.26 03:28:38.224,9.58258,9.58696,1.00,2.29
2018.03.26 03:28:38.278,9.58258,9.58696,1.00,1.60
2018.03.26 03:28:38.380,9.58258,9.58696,1.00,2.29
2018.03.26 03:28:38.431,9.58258,9.58696,1.00,2.29
2018.03.26 03:28:38.534,9.58258,9.58696,1.00,1.60
2018.03.26 03:28:38.586,9.58258,9.58696,1.00,2.10
2018.03.26 03:28:38.688,9.58258,9.58696,1.00,2.10
2018.03.26 03:28:38.927,9.58258,9.58696,1.00,2.10
2018.03.26 03:28:38.979,9.58258,9.58696,1.00,2.10
2018.03.26 03:28:39.030,9.58284,9.58696,1.00,1.60
2018.03.26 03:28:39.082,9.58263,9.58696,1.00,1.60
2018.03.26 03:28:39.133,9.58263,9.58696,1.00,1.60
2018.03.26 03:28:39.442,9.58263,9.58696,1.00,1.97
2018.03.26 03:28:39.800,9.58263,9.58696,1.00,1.60
2018.03.26 03:28:39.852,9.58263,9.58696,1.00,2.10
2018.03.26 03:28:39.904,9.58263,9.58696,1.00,1.97
2018.03.26 03:28:39.955,9.58263,9.58696,1.00,1.97
2018.03.26 03:28:40.109,9.58263,9.58696,1.00,2.10
2018.03.26 03:28:40.160,9.58263,9.58696,1.00,2.10
2018.03.26 03:28:40.212,9.58263,9.58696,1.00,2.10
2018.03.26 03:28:40.264,9.58285,9.58696,1.00,1.60
2018.03.26 03:28:40.366,9.58262,9.58694,1.00,2.10
2018.03.26 03:28:40.494,9.58262,9.58674,1.00,2.10
2018.03.26 03:28:40.597,9.58262,9.58693,1.00,1.60
2018.03.26 03:28:40.648,9.58262,9.58693,1.00,1.60
2018.03.26 03:28:40.700,9.58262,9.58693,1.00,1.60
2018.03.26 03:28:40.751,9.58262,9.58693,1.00,1.60
2018.03.26 03:28:40.803,9.58262,9.58693,1.00,1.60
2018.03.26 03:28:40.905,9.58262,9.58693,1.00,1.60
2018.03.26 03:28:40.957,9.58262,9.58693,1.00,1.60
2018.03.26 03:28:41.008,9.58262,9.58693,1.00,1.60
2018.03.26 03:28:41.111,9.58262,9.58693,1.00,1.60
2018.03.26 03:28:41.213,9.58262,9.58693,1.00,1.60
2018.03.26 03:28:41.268,9.58262,9.58693,1.00,1.60
2018.03.26 03:28:41.319,9.58262,9.58693,1.00,1.60
2018.03.26 03:28:41.370,9.58262,9.58693,1.00,1.60
2018.03.26 03:28:41.626,9.58262,9.58693,1.00,1.60
2018.03.26 03:28:41.677,9.58262,9.58693,1.00,1.60
2018.03.26 03:28:41.729,9.58262,9.58693,1.00,1.60
2018.03.26 03:28:41.832,9.58262,9.58693,1.00,1.60
2018.03.26 03:28:41.935,9.58262,9.58693,1.00,1.60
2018.03.26 03:28:41.986,9.58262,9.58693,1.00,1.60
2018.03.26 03:28:42.192,9.58262,9.58693,1.00,1.60
2018.03.26 03:28:42.243,9.58262,9.58693,1.00,1.60
2018.03.26 03:28:42.294,9.58262,9.58693,1.00,1.60
2018.03.26 03:28:42.636,9.58262,9.58693,1.00,1.60
2018.03.26 03:28:42.738,9.58262,9.58693,1.00,1.60
2018.03.26 03:28:42.790,9.58262,9.5867,1.00,2.10
2018.03.26 03:28:42.841,9.58262,9.58689,1.00,2.10
2018.03.26 03:28:42.943,9.58262,9.58687,1.00,2.10
2018.03.26 03:28:43.147,9.58262,9.58696,1.00,2.10
2018.03.26 03:28:43.198,9.58262,9.58693,1.00,1.60
2018.03.26 03:28:43.249,9.58262,9.58696,1.00,1.60
2018.03.26 03:28:43.301,9.58262,9.58694,1.00,2.10
2018.03.26 03:28:43.352,9.58262,9.58696,1.00,2.10
2018.03.26 03:28:43.403,9.58262,9.58696,1.00,1.60
2018.03.26 03:28:43.556,9.58262,9.58696,1.00,2.10
2018.03.26 03:28:43.608,9.58283,9.58696,1.00,1.60
2018.03.26 03:28:43.659,9.58283,9.58696,1.00,1.60
2018.03.26 03:28:43.710,9.58283,9.58696,1.00,1.60
2018.03.26 03:28:43.762,9.58283,9.58696,1.00,1.00
2018.03.26 03:28:43.813,9.58283,9.58696,1.00,1.60
2018.03.26 03:28:44.162,9.58303,9.58696,1.00,1.00
2018.03.26 03:28:44.467,9.58303,9.58696,1.00,1.60
2018.03.26 03:28:44.775,9.58303,9.58696,1.00,1.60
2018.03.26 03:28:44.826,9.58303,9.58696,1.00,1.60
2018.03.26 03:28:44.877,9.58303,9.58696,1.00,1.60
2018.03.26 03:28:44.928,9.58303,9.58696,1.00,1.00
2018.03.26 03:28:45.133,9.58303,9.58696,1.00,1.60
2018.03.26 03:28:45.388,9.58303,9.58696,1.00,1.00
2018.03.26 03:28:45.542,9.58303,9.58696,1.00,1.60
2018.03.26 03:28:45.850,9.58304,9.58696,1.00,1.00
2018.03.26 03:28:46.003,9.58304,9.58696,1.00,1.60
2018.03.26 03:28:46.142,9.58304,9.58696,1.00,1.00
2018.03.26 03:28:46.295,9.58304,9.58696,1.00,1.60
2018.03.26 03:28:46.498,9.58304,9.58696,1.00,1.60
2018.03.26 03:28:46.549,9.58304,9.58696,1.00,1.00
2018.03.26 03:28:46.701,9.58304,9.58696,1.00,1.60
2018.03.26 03:28:47.005,9.5828,9.58697,1.00,1.60
2018.03.26 03:28:47.056,9.5828,9.58697,1.00,1.60
2018.03.26 03:28:47.107,9.58302,9.58696,1.00,1.60
2018.03.26 03:28:47.158,9.58302,9.58696,1.00,1.60
2018.03.26 03:28:47.209,9.58302,9.58696,1.00,1.60
2018.03.26 03:28:47.312,9.58302,9.58696,1.00,1.60
2018.03.26 03:28:47.363,9.58302,9.58696,1.00,1.60
2018.03.26 03:28:47.670,9.58302,9.58696,1.00,1.60
2018.03.26 03:28:47.721,9.58302,9.58696,1.00,1.60
2018.03.26 03:28:47.977,9.58281,9.58696,1.00,1.60
2018.03.26 03:28:48.028,9.58281,9.58696,1.00,1.60
2018.03.26 03:28:48.114,9.58281,9.58696,1.00,1.60
2018.03.26 03:28:48.268,9.58281,9.58696,1.00,1.60
2018.03.26 03:28:48.633,9.58281,9.58696,1.00,1.60
2018.03.26 03:28:48.684,9.58281,9.58696,1.00,1.00
2018.03.26 03:28:50.842,9.58281,9.58696,1.00,1.60
2018.03.26 03:28:51.204,9.58281,9.58696,1.00,1.60
2018.03.26 03:28:51.256,9.58281,9.58696,1.00,1.60
2018.03.26 03:28:51.462,9.58281,9.58696,1.00,1.60
2018.03.26 03:28:51.513,9.58281,9.58696,1.00,1.60
2018.03.26 03:28:51.564,9.58281,9.58696,1.00,1.60
2018.03.26 03:28:51.616,9.58281,9.58696,1.00,1.60
2018.03.26 03:28:51.965,9.58281,9.58696,1.00,1.60
2018.03.26 03:28:52.017,9.58281,9.58696,1.00,1.60
2018.03.26 03:28:52.364,9.58281,9.58696,1.00,1.60
2018.03.26 03:28:52.415,9.58281,9.58696,1.00,1.60
2018.03.26 03:28:52.466,9.58281,9.58696,1.00,1.60
2018.03.26 03:28:52.748,9.58281,9.58696,1.00,1.60
2018.03.26 03:28:53.167,9.58281,9.58696,1.00,1.60
2018.03.26 03:28:53.218,9.58281,9.58696,1.00,1.60
2018.03.26 03:28:53.270,9.58281,9.58696,1.00,1.60
2018.03.26 03:28:53.590,9.58281,9.58696,1.00,1.60
2018.03.26 03:28:54.008,9.58281,9.58696,1.00,1.60
2018.03.26 03:28:54.059,9.58281,9.58696,1.00,1.60
2018.03.26 03:28:54.110,9.58281,9.58696,1.00,1.60
2018.03.26 03:28:54.432,9.58281,9.58696,1.00,1.60
2018.03.26 03:28:54.863,9.58281,9.58696,1.00,1.60
2018.03.26 03:28:55.272,9.58281,9.58696,1.00,1.60
2018.03.26 03:28:55.691,9.58281,9.58696,1.00,1.60
2018.03.26 03:28:55.743,9.58281,9.58696,1.00,1.60
2018.03.26 03:28:55.794,9.58281,9.58696,1.00,1.60
2018.03.26 03:28:56.112,9.58281,9.58696,1.00,1.60
2018.03.26 03:28:56.555,9.58281,9.58696,1.00,1.60
2018.03.26 03:28:56.954,9.58281,9.58696,1.00,1.60
2018.03.26 03:28:57.372,9.58281,9.58696,1.00,1.60
2018.03.26 03:28:57.423,9.58281,9.58696,1.00,1.60
2018.03.26 03:28:57.474,9.58281,9.58696,1.00,1.60
2018.03.26 03:28:57.795,9.58281,9.58696,1.00,1.60
2018.03.26 03:28:58.213,9.58281,9.58696,1.00,1.60
2018.03.26 03:28:58.264,9.58281,9.58696,1.00,1.60
2018.03.26 03:28:58.315,9.58281,9.58696,1.00,1.60
2018.03.26 03:28:58.635,9.58281,9.58696,1.00,1.60
2018.03.26 03:28:59.096,9.58281,9.58696,1.00,1.60
2018.03.26 03:28:59.148,9.58281,9.58696,1.00,1.60
2018.03.26 03:28:59.505,9.58281,9.58696,1.00,1.60
2018.03.26 03:28:59.557,9.58281,9.58696,1.00,1.60
2018.03.26 03:28:59.908,9.58281,9.58696,1.00,1.60
2018.03.26 03:28:59.959,9.58281,9.58696,1.00,1.60
2018.03.26 03:29:00.009,9.58281,9.58696,1.00,1.60
2018.03.26 03:29:00.315,9.58281,9.58696,1.00,1.60
2018.03.26 03:29:00.735,9.58281,9.58696,1.00,1.60
2018.03.26 03:29:00.786,9.58281,9.58696,1.00,1.60
2018.03.26 03:29:00.838,9.58268,9.58696,1.00,1.60
2018.03.26 03:29:01.300,9.58268,9.58696,1.00,1.60
2018.03.26 03:29:01.405,9.58268,9.58696,1.00,1.60
2018.03.26 03:29:01.457,9.58268,9.58696,1.00,1.60
2018.03.26 03:29:01.635,9.58268,9.58696,1.00,1.60
2018.03.26 03:29:01.956,9.58268,9.58696,1.00,1.60
2018.03.26 03:29:02.109,9.5828,9.58696,1.00,1.60
2018.03.26 03:29:02.161,9.5828,9.58696,1.00,1.60
2018.03.26 03:29:02.215,9.5828,9.58696,1.00,1.60
2018.03.26 03:29:02.578,9.58291,9.58696,1.00,1.60
2018.03.26 03:29:03.693,9.58291,9.58696,1.00,1.60
2018.03.26 03:29:03.744,9.58291,9.58696,1.00,1.60
2018.03.26 03:29:04.059,9.58291,9.58696,1.00,1.60
2018.03.26 03:29:04.212,9.58291,9.58696,1.00,1.60
2018.03.26 03:29:04.263,9.58291,9.58696,1.00,1.60
2018.03.26 03:29:04.366,9.58291,9.58696,1.00,1.60
2018.03.26 03:29:05.827,9.58291,9.58696,1.00,1.60
2018.03.26 03:29:06.182,9.58291,9.58696,1.00,1.60
2018.03.26 03:29:10.417,9.58291,9.58696,1.00,1.60
2018.03.26 03:29:10.468,9.58291,9.58696,1.00,1.60
2018.03.26 03:29:12.101,9.58291,9.58696,1.00,1.60
2018.03.26 03:29:12.203,9.58291,9.58696,1.00,1.60
2018.03.26 03:29:12.254,9.58291,9.58696,1.00,1.60
2018.03.26 03:29:12.611,9.58291,9.58696,1.00,1.60
2018.03.26 03:29:12.663,9.58291,9.58696,1.00,1.60
2018.03.26 03:29:13.550,9.58291,9.58696,1.00,1.60
2018.03.26 03:29:13.907,9.58291,9.58696,1.00,1.60
2018.03.26 03:29:14.292,9.58291,9.58696,1.00,1.60
2018.03.26 03:29:15.104,9.58291,9.58696,1.00,1.60
2018.03.26 03:29:15.899,9.58283,9.58696,1.00,1.60
2018.03.26 03:29:16.249,9.58283,9.58696,1.00,1.60
2018.03.26 03:29:16.301,9.58283,9.58696,1.00,1.60
2018.03.26 03:29:16.993,9.58285,9.58696,1.00,1.60
2018.03.26 03:29:20.911,9.58285,9.58696,1.00,1.60
2018.03.26 03:29:21.429,9.58285,9.58696,1.00,1.60
2018.03.26 03:29:21.633,9.58285,9.58696,1.00,1.60
2018.03.26 03:29:21.684,9.58285,9.58696,1.00,1.60
2018.03.26 03:29:21.736,9.58285,9.58696,1.00,1.60
2018.03.26 03:29:22.091,9.58285,9.58696,1.00,1.60
2018.03.26 03:29:22.421,9.58285,9.58696,1.00,1.60
2018.03.26 03:29:22.472,9.58285,9.58696,1.00,1.60
2018.03.26 03:29:22.523,9.58285,9.58696,1.00,1.60
2018.03.26 03:29:22.625,9.58285,9.58696,1.00,1.60
2018.03.26 03:29:22.676,9.58285,9.58696,1.00,1.00
2018.03.26 03:29:22.862,9.58305,9.58696,1.00,1.60
2018.03.26 03:29:22.913,9.58305,9.58696,1.00,1.60
2018.03.26 03:29:23.152,9.58305,9.58696,1.00,1.60
2018.03.26 03:29:27.332,9.58305,9.58696,1.00,1.35
2018.03.26 03:29:28.391,9.58305,9.58696,1.00,1.60
2018.03.26 03:29:28.733,9.58305,9.58696,1.00,1.60
2018.03.26 03:29:30.882,9.58301,9.58696,1.00,1.60
2018.03.26 03:29:34.932,9.58301,9.58696,1.00,1.60
2018.03.26 03:29:35.034,9.58301,9.58696,1.00,1.60
2018.03.26 03:29:35.333,9.58259,9.58696,1.00,1.60
2018.03.26 03:29:35.384,9.58259,9.58696,1.00,1.60
2018.03.26 03:29:35.536,9.58259,9.58696,1.00,2.10
2018.03.26 03:29:35.588,9.58262,9.58696,1.00,2.10
2018.03.26 03:29:35.639,9.58262,9.58696,1.00,2.10
2018.03.26 03:29:35.690,9.58262,9.58696,1.00,2.10
2018.03.26 03:29:35.946,9.58262,9.58696,1.00,1.97
2018.03.26 03:29:35.999,9.58285,9.58696,1.00,1.60
2018.03.26 03:29:36.050,9.58285,9.58696,1.00,1.60
2018.03.26 03:29:36.102,9.58262,9.58696,1.00,1.60
2018.03.26 03:29:36.154,9.58283,9.58696,1.00,1.00
2018.03.26 03:29:36.461,9.58305,9.58696,1.00,1.00
2018.03.26 03:29:36.563,9.58283,9.58696,1.00,1.00
2018.03.26 03:29:36.767,9.58304,9.58696,1.00,1.00
2018.03.26 03:29:45.943,9.58318,9.58696,1.00,1.00
2018.03.26 03:29:55.431,9.58308,9.58696,1.00,1.00
2018.03.26 03:29:55.482,9.58308,9.58716,1.00,1.00
2018.03.26 03:29:55.585,9.58309,9.58727,1.00,1.00
2018.03.26 03:29:55.636,9.58309,9.58734,1.00,1.00
2018.03.26 03:29:55.687,9.58403,9.58742,1.00,1.00
2018.03.26 03:29:55.739,9.58403,9.58765,1.00,1.00
2018.03.26 03:29:55.944,9.58403,9.58744,1.00,1.00
2018.03.26 03:29:56.144,9.58403,9.58772,1.00,1.00
2018.03.26 03:30:00.939,9.58403,9.5877,1.00,1.00
2018.03.26 03:30:02.129,9.58403,9.58769,1.00,1.00
2018.03.26 03:30:08.094,9.58359,9.5876,1.00,1.00
2018.03.26 03:30:08.145,9.58403,9.58764,1.00,1.00
2018.03.26 03:30:08.297,9.58359,9.5876,1.00,1.00
2018.03.26 03:30:08.502,9.58403,9.58762,1.00,1.00
2018.03.26 03:30:08.554,9.58359,9.58759,1.00,1.00
2018.03.26 03:30:09.822,9.58348,9.58759,1.00,1.00
2018.03.26 03:30:09.874,9.58349,9.5874,1.00,1.00
2018.03.26 03:30:09.976,9.58345,9.5874,1.00,1.00
2018.03.26 03:30:11.249,9.58347,9.58721,1.00,1.00
2018.03.26 03:30:12.986,9.58388,9.5872,1.00,1.00
2018.03.26 03:30:13.166,9.58376,9.58709,1.00,1.00
2018.03.26 03:30:16.002,9.58372,9.58704,1.00,1.00
2018.03.26 03:30:21.604,9.5836,9.58696,1.00,1.00
2018.03.26 03:30:21.867,9.58341,9.58696,1.00,1.00
2018.03.26 03:30:23.013,9.58341,9.58696,1.00,1.60
2018.03.26 03:30:23.065,9.58321,9.58696,1.00,1.60
2018.03.26 03:30:23.116,9.58321,9.58696,1.00,1.60
2018.03.26 03:30:23.219,9.583,9.58696,1.00,1.60
2018.03.26 03:30:23.270,9.583,9.58696,1.00,1.60
2018.03.26 03:30:23.322,9.583,9.58696,1.00,1.60
2018.03.26 03:30:23.425,9.583,9.58696,1.00,1.00
2018.03.26 03:30:23.477,9.583,9.58696,1.00,1.60
2018.03.26 03:30:23.528,9.583,9.58696,1.00,1.00
2018.03.26 03:30:23.733,9.58313,9.58696,1.00,1.00
2018.03.26 03:30:24.062,9.58313,9.58696,1.00,1.60
2018.03.26 03:30:24.215,9.58313,9.58696,1.00,1.60
2018.03.26 03:30:24.267,9.58313,9.58696,1.00,1.00
2018.03.26 03:30:24.676,9.58313,9.58696,1.00,1.60
2018.03.26 03:30:24.728,9.58313,9.58696,1.00,1.00
2018.03.26 03:30:26.068,9.58313,9.58696,1.00,1.60
2018.03.26 03:30:26.407,9.58313,9.58696,1.00,1.60
2018.03.26 03:30:26.460,9.58313,9.58696,1.00,1.60
2018.03.26 03:30:26.563,9.58313,9.58696,1.00,1.60
2018.03.26 03:30:26.665,9.58313,9.58696,1.00,1.60
2018.03.26 03:30:26.767,9.58313,9.58696,1.00,1.60
2018.03.26 03:30:26.819,9.58313,9.58696,1.00,1.00
2018.03.26 03:30:27.075,9.58313,9.58696,1.00,1.60
2018.03.26 03:30:27.178,9.58313,9.58696,1.00,1.60
2018.03.26 03:30:27.382,9.58313,9.58696,1.00,1.60
2018.03.26 03:30:27.786,9.58313,9.58696,1.00,1.60
2018.03.26 03:30:28.042,9.58313,9.58696,1.00,1.60
2018.03.26 03:30:28.093,9.58313,9.58696,1.00,1.60
2018.03.26 03:30:28.422,9.58284,9.58696,1.00,1.60
2018.03.26 03:30:28.474,9.58284,9.58696,1.00,1.60
2018.03.26 03:30:28.805,9.58291,9.58696,1.00,1.60
2018.03.26 03:30:28.856,9.58291,9.58696,1.00,1.60
2018.03.26 03:30:28.907,9.58291,9.58696,1.00,1.60
2018.03.26 03:30:29.339,9.58291,9.58696,1.00,1.60
2018.03.26 03:30:29.785,9.58291,9.58696,1.00,1.60
2018.03.26 03:30:29.939,9.58269,9.58696,1.00,1.60
2018.03.26 03:30:29.991,9.58269,9.58696,1.00,1.60
2018.03.26 03:30:30.277,9.58269,9.58696,1.00,1.60
2018.03.26 03:30:31.039,9.58287,9.58696,1.00,1.60
2018.03.26 03:30:32.144,9.58286,9.58696,1.00,1.60
2018.03.26 03:30:32.899,9.58286,9.58696,1.00,1.60
2018.03.26 03:30:34.641,9.58286,9.58696,1.00,1.60
2018.03.26 03:30:34.692,9.58286,9.58696,1.00,1.60
2018.03.26 03:30:34.743,9.58286,9.58696,1.00,1.60
2018.03.26 03:30:35.489,9.58286,9.58696,1.00,1.60
2018.03.26 03:30:37.285,9.58286,9.58696,1.00,1.60
2018.03.26 03:30:37.336,9.58286,9.58696,1.00,1.60
2018.03.26 03:30:37.545,9.58286,9.58696,1.00,1.60
2018.03.26 03:30:37.698,9.58286,9.58696,1.00,1.60
2018.03.26 03:30:37.800,9.58286,9.58696,1.00,1.60
2018.03.26 03:30:37.852,9.58286,9.58696,1.00,1.60
2018.03.26 03:30:38.156,9.58286,9.58696,1.00,1.60
2018.03.26 03:30:38.533,9.58286,9.58696,1.00,1.60
2018.03.26 03:30:39.049,9.58286,9.58696,1.00,1.60
2018.03.26 03:30:39.559,9.58286,9.58696,1.00,1.60
2018.03.26 03:30:39.661,9.58286,9.58696,1.00,1.60
2018.03.26 03:30:40.592,9.58286,9.58696,1.00,1.60
2018.03.26 03:30:41.123,9.58286,9.58696,1.00,1.60
2018.03.26 03:30:41.174,9.58286,9.58696,1.00,1.60
2018.03.26 03:30:41.276,9.58286,9.58696,1.00,1.60
2018.03.26 03:30:41.429,9.58286,9.58696,1.00,1.60
2018.03.26 03:30:41.481,9.58286,9.58696,1.00,1.60
2018.03.26 03:30:42.665,9.58286,9.58696,1.00,1.60
2018.03.26 03:30:42.971,9.58286,9.58696,1.00,1.60
2018.03.26 03:30:43.085,9.58286,9.58696,1.00,1.60
2018.03.26 03:30:43.137,9.58286,9.58696,1.00,1.60
2018.03.26 03:30:43.189,9.58286,9.58696,1.00,1.60
2018.03.26 03:30:43.534,9.58286,9.58696,1.00,1.60
2018.03.26 03:30:43.637,9.58266,9.58696,1.00,1.60
2018.03.26 03:30:43.688,9.58266,9.58696,1.00,1.60
2018.03.26 03:30:45.869,9.58266,9.58696,1.00,1.60
2018.03.26 03:30:46.171,9.58283,9.58696,1.00,1.60
2018.03.26 03:30:51.036,9.58283,9.58696,1.00,1.60
2018.03.26 03:30:51.087,9.58283,9.58696,1.00,1.60
2018.03.26 03:30:51.525,9.58283,9.58696,1.00,1.60
2018.03.26 03:30:52.075,9.58283,9.58696,1.00,1.60
2018.03.26 03:30:58.557,9.58283,9.58696,1.00,1.60
2018.03.26 03:30:58.608,9.58283,9.58696,1.00,1.60
2018.03.26 03:30:58.659,9.58283,9.58696,1.00,1.60
2018.03.26 03:31:00.591,9.58283,9.58696,1.00,1.60
2018.03.26 03:31:00.642,9.58283,9.58696,1.00,1.60
2018.03.26 03:31:00.694,9.58283,9.58696,1.00,1.60
2018.03.26 03:31:01.088,9.58287,9.58696,1.00,1.60
2018.03.26 03:31:06.123,9.58287,9.58696,1.00,1.60
2018.03.26 03:31:13.703,9.58287,9.58696,1.00,1.60
2018.03.26 03:31:14.053,9.58287,9.58696,1.00,1.60
2018.03.26 03:31:14.957,9.58287,9.58696,1.00,1.60
2018.03.26 03:31:15.111,9.58287,9.58696,1.00,1.60
2018.03.26 03:31:15.162,9.58265,9.58696,1.00,1.60
2018.03.26 03:31:15.653,9.58265,9.58696,1.00,1.60
2018.03.26 03:31:15.705,9.58265,9.58696,1.00,1.60
2018.03.26 03:31:16.014,9.58265,9.58696,1.00,1.60
2018.03.26 03:31:16.380,9.58285,9.58696,1.00,1.60
2018.03.26 03:31:16.606,9.58285,9.58696,1.00,1.60
2018.03.26 03:31:17.233,9.58283,9.58696,1.00,1.60
2018.03.26 03:31:19.512,9.58283,9.58696,1.00,1.60
2018.03.26 03:31:19.565,9.58283,9.58696,1.00,1.60
2018.03.26 03:31:19.617,9.58283,9.58696,1.00,1.60
2018.03.26 03:31:19.816,9.58283,9.58696,1.00,1.60
2018.03.26 03:31:19.868,9.58283,9.58696,1.00,1.60
2018.03.26 03:31:20.137,9.58283,9.58696,1.00,1.60
2018.03.26 03:31:20.475,9.58283,9.58696,1.00,1.60
2018.03.26 03:31:20.801,9.58283,9.58696,1.00,1.60
2018.03.26 03:31:20.852,9.58283,9.58696,1.00,1.60
2018.03.26 03:31:21.141,9.58283,9.58696,1.00,1.60
2018.03.26 03:31:21.192,9.58283,9.58696,1.00,1.60
2018.03.26 03:31:21.243,9.58283,9.58696,1.00,1.60
2018.03.26 03:31:21.411,9.58283,9.58696,1.00,1.60
2018.03.26 03:31:21.772,9.58283,9.58696,1.00,1.60
2018.03.26 03:31:28.621,9.58283,9.58696,1.00,1.60
2018.03.26 03:31:28.672,9.58283,9.58696,1.00,1.60
2018.03.26 03:31:28.723,9.58283,9.58696,1.00,1.60
2018.03.26 03:31:29.130,9.58283,9.58696,1.00,1.60
2018.03.26 03:31:33.640,9.58283,9.58696,1.00,1.60
2018.03.26 03:31:33.692,9.58283,9.58696,1.00,1.60
2018.03.26 03:31:33.743,9.58283,9.58696,1.00,1.60
2018.03.26 03:31:36.129,9.58283,9.58696,1.00,1.60
2018.03.26 03:31:36.490,9.58283,9.58696,1.00,1.60
2018.03.26 03:31:43.195,9.58283,9.58696,1.00,1.60
2018.03.26 03:31:43.246,9.58283,9.58696,1.00,1.60
2018.03.26 03:31:43.692,9.58283,9.58696,1.00,1.60
2018.03.26 03:31:46.149,9.58289,9.58696,1.00,1.60
2018.03.26 03:31:46.625,9.58289,9.58696,1.00,1.60
2018.03.26 03:31:47.304,9.58283,9.58696,1.00,1.60
2018.03.26 03:31:47.932,9.58283,9.58696,1.00,1.60
2018.03.26 03:31:51.204,9.58277,9.58687,1.00,1.60
2018.03.26 03:31:56.386,9.58283,9.58687,1.00,1.60
2018.03.26 03:31:56.715,9.58283,9.58687,1.00,1.60
2018.03.26 03:31:57.560,9.58283,9.58687,1.00,1.60
2018.03.26 03:31:57.894,9.58283,9.58687,1.00,1.60
2018.03.26 03:31:58.700,9.58254,9.58687,1.00,1.60
2018.03.26 03:31:58.803,9.58254,9.58687,1.00,1.60
2018.03.26 03:31:59.048,9.58254,9.58687,1.00,1.60
2018.03.26 03:31:59.457,9.58274,9.58687,1.00,1.60
2018.03.26 03:32:00.628,9.58274,9.58687,1.00,1.60
2018.03.26 03:32:03.870,9.58274,9.58687,1.00,1.60
2018.03.26 03:32:06.639,9.58274,9.58687,1.00,1.60
2018.03.26 03:32:13.313,9.58274,9.58687,1.00,1.60
2018.03.26 03:32:14.386,9.58274,9.58687,1.00,1.60
2018.03.26 03:32:14.506,9.58274,9.58687,1.00,1.60
2018.03.26 03:32:14.557,9.58274,9.58687,1.00,1.60
2018.03.26 03:32:16.233,9.58286,9.58687,1.00,1.60
2018.03.26 03:32:19.709,9.58286,9.58687,1.00,1.60
2018.03.26 03:32:19.760,9.58266,9.58687,1.00,1.60
2018.03.26 03:32:19.812,9.58266,9.58686,1.00,1.60
2018.03.26 03:32:19.920,9.58266,9.58685,1.00,1.60
2018.03.26 03:32:19.972,9.58266,9.58687,1.00,1.60
2018.03.26 03:32:20.074,9.58266,9.58686,1.00,1.60
2018.03.26 03:32:20.125,9.58266,9.58686,1.00,1.60
2018.03.26 03:32:20.177,9.58266,9.58687,1.00,1.60
2018.03.26 03:32:20.228,9.58266,9.58687,1.00,1.60
2018.03.26 03:32:20.542,9.58287,9.58685,1.00,1.60
2018.03.26 03:32:21.122,9.58287,9.58685,1.00,1.60
2018.03.26 03:32:21.275,9.58245,9.58685,1.00,2.05
2018.03.26 03:32:21.327,9.58245,9.58685,1.00,2.16
2018.03.26 03:32:21.632,9.58245,9.58671,1.00,2.10
2018.03.26 03:32:21.683,9.58245,9.58685,1.00,2.73
2018.03.26 03:32:21.733,9.58245,9.58655,1.00,1.60
2018.03.26 03:32:22.037,9.58245,9.58655,1.00,1.60
2018.03.26 03:32:22.352,9.58245,9.58655,1.00,1.60
2018.03.26 03:32:22.668,9.58245,9.58655,1.00,1.60
2018.03.26 03:32:22.719,9.58245,9.58651,1.00,2.10
2018.03.26 03:32:23.053,9.58245,9.58648,1.00,2.10
2018.03.26 03:32:23.403,9.58224,9.58655,1.00,2.11
2018.03.26 03:32:23.454,9.58224,9.58642,1.00,2.10
2018.03.26 03:32:23.505,9.58224,9.58655,1.00,1.60
2018.03.26 03:32:23.557,9.58224,9.58655,1.00,1.60
2018.03.26 03:32:23.608,9.58224,9.58655,1.00,1.60
2018.03.26 03:32:23.659,9.58224,9.58653,1.00,2.10
2018.03.26 03:32:23.982,9.58224,9.58655,1.00,1.60
2018.03.26 03:32:24.033,9.58224,9.58655,1.00,1.60
2018.03.26 03:32:24.084,9.58224,9.58662,1.00,2.10
2018.03.26 03:32:24.136,9.58224,9.58666,1.00,1.60
2018.03.26 03:32:24.187,9.58224,9.58655,1.00,1.60
2018.03.26 03:32:24.289,9.58224,9.58655,1.00,1.60
2018.03.26 03:32:24.442,9.58224,9.58664,1.00,2.10
2018.03.26 03:32:24.827,9.58224,9.58655,1.00,1.60
2018.03.26 03:32:25.157,9.58224,9.58643,1.00,2.10
2018.03.26 03:32:25.506,9.58224,9.58635,1.00,2.10
2018.03.26 03:32:31.069,9.58224,9.58645,1.00,1.60
2018.03.26 03:32:31.172,9.58224,9.58661,1.00,2.10
2018.03.26 03:32:31.223,9.58224,9.58652,1.00,1.60
2018.03.26 03:32:31.361,9.58224,9.58652,1.00,1.60
2018.03.26 03:32:31.464,9.58224,9.58652,1.00,1.60
2018.03.26 03:32:31.516,9.58224,9.58652,1.00,1.60
2018.03.26 03:32:31.567,9.58224,9.58652,1.00,1.60
2018.03.26 03:32:31.619,9.58224,9.58655,1.00,1.60
2018.03.26 03:32:31.670,9.58224,9.58674,1.00,2.10
2018.03.26 03:32:31.977,9.58245,9.58655,1.00,1.60
2018.03.26 03:32:32.181,9.58225,9.58655,1.00,1.60
2018.03.26 03:32:32.232,9.58225,9.58655,1.00,1.60
2018.03.26 03:32:32.285,9.58225,9.58669,1.00,2.10
2018.03.26 03:32:32.591,9.58225,9.5865,1.00,2.10
2018.03.26 03:32:32.642,9.58225,9.58655,1.00,1.60
2018.03.26 03:32:32.693,9.58225,9.58655,1.00,1.60
2018.03.26 03:32:32.847,9.58225,9.58666,1.00,1.60
2018.03.26 03:32:32.898,9.58225,9.58647,1.00,1.60
2018.03.26 03:32:33.204,9.58225,9.58647,1.00,1.60
2018.03.26 03:32:33.255,9.58225,9.58656,1.00,1.60
2018.03.26 03:32:33.306,9.58225,9.58664,1.00,2.10
2018.03.26 03:32:33.409,9.58225,9.58648,1.00,1.60
2018.03.26 03:32:33.460,9.58225,9.58631,1.00,2.10
2018.03.26 03:32:33.581,9.58225,9.58648,1.00,1.60
2018.03.26 03:32:33.632,9.58225,9.58655,1.00,1.60
2018.03.26 03:32:33.684,9.58225,9.58676,1.00,1.97
2018.03.26 03:32:33.735,9.58225,9.58676,1.00,1.60
2018.03.26 03:32:33.786,9.58225,9.58676,1.00,1.60
2018.03.26 03:32:33.838,9.58225,9.58676,1.00,1.97
2018.03.26 03:32:34.144,9.58225,9.58675,1.00,2.47
2018.03.26 03:32:34.196,9.58225,9.58676,1.00,1.97
2018.03.26 03:32:34.247,9.58225,9.58655,1.00,1.60
2018.03.26 03:32:34.401,9.58225,9.58655,1.00,1.60
2018.03.26 03:32:34.452,9.58247,9.58676,1.00,1.97
2018.03.26 03:32:34.555,9.58247,9.58655,1.00,1.00
2018.03.26 03:32:34.658,9.5827,9.58676,1.00,1.00
2018.03.26 03:32:34.965,9.5827,9.58685,1.00,2.16
2018.03.26 03:32:35.016,9.5827,9.58685,1.00,2.16
2018.03.26 03:32:35.067,9.58248,9.58685,1.00,2.16
2018.03.26 03:32:35.232,9.58248,9.58685,1.00,2.30
2018.03.26 03:32:35.386,9.58246,9.58685,1.00,2.30
2018.03.26 03:32:35.651,9.58246,9.58685,1.00,2.30
2018.03.26 03:32:35.986,9.58246,9.58685,1.00,2.30
2018.03.26 03:32:36.307,9.58246,9.58678,1.00,2.10
2018.03.26 03:32:36.359,9.58246,9.58683,1.00,2.85
2018.03.26 03:32:37.252,9.58246,9.58683,1.00,1.60
2018.03.26 03:32:38.679,9.58246,9.58685,1.00,1.60
2018.03.26 03:32:38.730,9.58246,9.58673,1.00,2.10
2018.03.26 03:32:38.839,9.58246,9.58679,1.00,3.22
2018.03.26 03:32:38.891,9.58246,9.58656,1.00,1.60
2018.03.26 03:32:39.197,9.58227,9.5865,1.00,2.10
2018.03.26 03:32:39.248,9.58227,9.58656,1.00,1.60
2018.03.26 03:32:39.300,9.58227,9.58656,1.00,1.60
2018.03.26 03:32:39.352,9.58227,9.58656,1.00,1.60
2018.03.26 03:32:39.507,9.58246,9.58656,1.00,1.60
2018.03.26 03:32:39.559,9.58246,9.58656,1.00,1.60
2018.03.26 03:32:39.610,9.58246,9.58658,1.00,1.60
2018.03.26 03:32:39.662,9.58246,9.58658,1.00,1.60
2018.03.26 03:32:39.713,9.58246,9.58655,1.00,1.60
2018.03.26 03:32:39.764,9.58246,9.58684,1.00,1.60
2018.03.26 03:32:39.816,9.58276,9.58684,1.00,1.00
2018.03.26 03:32:39.867,9.58276,9.58688,1.00,1.00
2018.03.26 03:32:46.320,9.58272,9.58687,1.00,1.00
2018.03.26 03:32:47.464,9.58274,9.58687,1.00,1.00
2018.03.26 03:32:47.766,9.58311,9.58687,1.00,1.00
2018.03.26 03:32:49.146,9.58336,9.58687,1.00,1.00
2018.03.26 03:32:51.372,9.58353,9.58685,1.00,1.00
2018.03.26 03:32:54.992,9.58324,9.58656,1.00,1.00
2018.03.26 03:32:55.095,9.58314,9.58686,1.00,1.60
2018.03.26 03:32:55.267,9.5831,9.58642,1.00,1.00
2018.03.26 03:32:55.676,9.58307,9.58687,1.00,1.60
2018.03.26 03:32:55.727,9.58302,9.58671,1.00,1.60
2018.03.26 03:32:55.779,9.58307,9.58687,1.00,1.00
2018.03.26 03:32:55.881,9.58327,9.58659,1.00,1.00
2018.03.26 03:32:55.933,9.58299,9.58638,1.00,1.00
2018.03.26 03:32:55.984,9.58278,9.58638,1.00,1.60
2018.03.26 03:32:56.036,9.58278,9.58638,1.00,1.00
2018.03.26 03:32:56.138,9.58278,9.58638,1.00,1.60
2018.03.26 03:32:56.189,9.58279,9.58638,1.00,1.00
2018.03.26 03:32:56.795,9.58279,9.58638,1.00,1.60
2018.03.26 03:32:57.105,9.58279,9.58638,1.00,1.60
2018.03.26 03:32:57.157,9.58279,9.58638,1.00,1.60
2018.03.26 03:32:57.208,9.58279,9.58638,1.00,1.00
2018.03.26 03:32:57.455,9.58279,9.58638,1.00,1.60
2018.03.26 03:32:57.801,9.58279,9.58638,1.00,1.60
2018.03.26 03:32:58.067,9.58279,9.58638,1.00,1.60
2018.03.26 03:32:58.119,9.58279,9.58638,1.00,1.60
2018.03.26 03:32:58.170,9.58271,9.58682,1.00,1.60
2018.03.26 03:32:58.222,9.5827,9.58638,1.00,1.60
2018.03.26 03:32:58.324,9.5827,9.58638,1.00,1.60
2018.03.26 03:32:58.376,9.5827,9.58683,1.00,1.60
2018.03.26 03:32:58.479,9.5827,9.58683,1.00,1.00
2018.03.26 03:32:58.530,9.58291,9.58681,1.00,1.00
2018.03.26 03:32:58.936,9.58291,9.58681,1.00,1.60
2018.03.26 03:32:59.243,9.58273,9.58637,1.00,1.60
2018.03.26 03:32:59.567,9.58273,9.58637,1.00,1.60
2018.03.26 03:32:59.961,9.58273,9.58637,1.00,1.60
2018.03.26 03:33:00.275,9.58264,9.58655,1.00,1.60
2018.03.26 03:33:00.377,9.58264,9.58655,1.00,1.60
2018.03.26 03:33:01.299,9.58266,9.58637,1.00,1.60
2018.03.26 03:33:02.443,9.58265,9.58637,1.00,1.60
2018.03.26 03:33:05.101,9.58265,9.58671,1.00,1.60
2018.03.26 03:33:05.152,9.58265,9.58671,1.00,1.00
2018.03.26 03:33:05.278,9.58285,9.5867,1.00,1.60
2018.03.26 03:33:05.330,9.58273,9.58654,1.00,1.60
2018.03.26 03:33:05.381,9.58282,9.58635,1.00,1.60
2018.03.26 03:33:06.255,9.58282,9.58655,1.00,1.60
2018.03.26 03:33:06.945,9.58282,9.58635,1.00,1.60
2018.03.26 03:33:10.141,9.58282,9.58635,1.00,1.00
2018.03.26 03:33:10.243,9.58282,9.58626,1.50,1.00
2018.03.26 03:33:15.040,9.58298,9.58631,1.00,1.00
2018.03.26 03:33:15.371,9.58308,9.5864,1.00,1.00
2018.03.26 03:33:16.053,9.58319,9.58651,1.00,1.00
2018.03.26 03:33:17.474,9.58324,9.5866,1.00,1.00
2018.03.26 03:33:21.343,9.58324,9.58668,1.00,1.00
2018.03.26 03:33:27.047,9.58296,9.58629,1.00,1.00
2018.03.26 03:33:27.842,9.58292,9.58627,1.00,1.00
2018.03.26 03:33:27.893,9.58294,9.58626,1.00,1.00
2018.03.26 03:33:27.944,9.58273,9.58626,1.00,1.00
2018.03.26 03:33:28.098,9.583,9.58626,1.00,1.00
2018.03.26 03:33:28.150,9.58273,9.58626,1.00,1.00
2018.03.26 03:33:28.201,9.58304,9.58626,1.00,1.00
2018.03.26 03:33:28.764,9.58298,9.58626,1.00,1.00
2018.03.26 03:33:28.866,9.58306,9.58626,1.00,1.00
2018.03.26 03:33:29.122,9.58285,9.58626,1.00,1.00
2018.03.26 03:33:36.522,9.58338,9.58626,1.00,1.00
2018.03.26 03:33:36.624,9.58318,9.58626,1.00,1.00
2018.03.26 03:33:36.676,9.58327,9.58626,1.00,1.00
2018.03.26 03:33:40.196,9.58317,9.58626,1.00,1.00
2018.03.26 03:33:40.247,9.58342,9.58626,1.00,1.00
2018.03.26 03:33:40.350,9.58342,9.58628,1.00,1.00
2018.03.26 03:33:40.526,9.58317,9.58628,1.00,1.00
2018.03.26 03:33:40.578,9.58336,9.58628,1.00,1.00
2018.03.26 03:33:41.017,9.58336,9.58626,1.00,1.00
2018.03.26 03:33:47.127,9.58315,9.58626,1.00,1.00
2018.03.26 03:33:47.230,9.58315,9.58636,1.00,1.00
2018.03.26 03:33:51.848,9.58316,9.58648,1.00,1.00
2018.03.26 03:33:52.662,9.58325,9.58659,1.00,1.00
2018.03.26 03:33:55.530,9.58332,9.58664,1.00,1.00
2018.03.26 03:33:55.912,9.5834,9.58671,1.00,1.00
2018.03.26 03:33:57.559,9.5834,9.58664,1.00,1.00
2018.03.26 03:33:58.238,9.5834,9.58667,1.00,1.00
2018.03.26 03:33:58.290,9.5834,9.58651,1.00,1.00
2018.03.26 03:33:58.341,9.5834,9.58665,1.00,1.00
2018.03.26 03:34:00.048,9.5834,9.58655,1.00,1.00
2018.03.26 03:34:00.100,9.58324,9.58642,1.00,1.00
2018.03.26 03:34:00.736,9.58324,9.58632,1.00,1.00
2018.03.26 03:34:01.043,9.58286,9.58626,1.00,1.00
2018.03.26 03:34:01.094,9.58327,9.58626,1.00,1.00
2018.03.26 03:34:01.366,9.58315,9.58641,1.00,1.00
2018.03.26 03:34:01.418,9.58328,9.5866,1.00,1.00
2018.03.26 03:34:01.470,9.58315,9.5864,1.00,1.00
2018.03.26 03:34:01.779,9.58338,9.5863,1.00,1.00
2018.03.26 03:34:02.565,9.58338,9.58635,1.00,1.00
2018.03.26 03:34:06.477,9.58338,9.58627,1.00,1.00
2018.03.26 03:34:06.733,9.58329,9.58626,1.00,1.00
2018.03.26 03:34:06.784,9.58293,9.58626,1.00,1.00
2018.03.26 03:34:07.040,9.58318,9.58626,1.00,1.00
2018.03.26 03:34:09.061,9.58343,9.58626,1.00,1.00
2018.03.26 03:34:11.085,9.5832,9.58626,1.00,1.00
2018.03.26 03:34:11.136,9.58315,9.58626,1.00,1.00
2018.03.26 03:34:13.750,9.58316,9.58626,1.00,1.00
2018.03.26 03:34:13.802,9.58327,9.58626,1.00,1.00
2018.03.26 03:34:13.853,9.58292,9.58626,1.00,1.00
2018.03.26 03:34:13.956,9.58338,9.58626,1.00,1.00
2018.03.26 03:34:14.058,9.58315,9.58636,1.00,1.00
2018.03.26 03:34:14.110,9.58315,9.58626,1.00,1.00
2018.03.26 03:34:14.458,9.58338,9.58646,1.00,1.00
2018.03.26 03:34:14.510,9.58324,9.58635,1.00,1.00
2018.03.26 03:34:14.562,9.58338,9.58635,1.00,1.00
2018.03.26 03:34:14.666,9.58319,9.58651,1.00,1.00
2018.03.26 03:34:14.717,9.58315,9.58639,1.00,1.00
2018.03.26 03:34:14.769,9.58307,9.58639,1.00,1.00
2018.03.26 03:34:14.821,9.58362,9.58694,1.00,1.00
2018.03.26 03:34:14.872,9.5837,9.58711,1.00,1.00
2018.03.26 03:34:14.974,9.58371,9.58717,1.00,1.00
2018.03.26 03:34:15.025,9.58371,9.58738,1.00,1.00
2018.03.26 03:34:15.583,9.58335,9.5871,1.00,1.00
2018.03.26 03:34:15.878,9.58335,9.58692,1.00,1.00
2018.03.26 03:34:15.980,9.58321,9.587,1.00,1.00
2018.03.26 03:34:16.081,9.58334,9.58693,1.00,1.00
2018.03.26 03:34:16.289,9.58321,9.58685,1.00,1.00
2018.03.26 03:34:16.340,9.58335,9.58691,1.00,1.00
2018.03.26 03:34:16.646,9.58345,9.58679,1.00,1.00
2018.03.26 03:34:16.953,9.5834,9.58672,1.00,1.00
2018.03.26 03:34:17.005,9.58335,9.58687,1.00,1.00
2018.03.26 03:34:17.311,9.58344,9.58676,1.00,1.00
2018.03.26 03:34:17.363,9.58345,9.5868,1.00,1.00
2018.03.26 03:34:17.517,9.58336,9.58668,1.00,1.00
2018.03.26 03:34:17.823,9.58326,9.58658,1.00,1.00
2018.03.26 03:34:17.976,9.58336,9.5867,1.00,1.00
2018.03.26 03:34:18.179,9.58326,9.58658,1.00,1.00
2018.03.26 03:34:18.484,9.58337,9.58669,1.00,1.00
2018.03.26 03:34:18.795,9.58315,9.58647,1.00,1.00
2018.03.26 03:34:19.426,9.58326,9.58658,1.00,1.00
2018.03.26 03:34:19.732,9.58315,9.58647,1.00,1.00
2018.03.26 03:34:20.454,9.58339,9.58671,1.00,1.00
2018.03.26 03:34:20.606,9.58354,9.58688,1.00,1.00
2018.03.26 03:34:21.145,9.58355,9.58687,1.00,1.00
2018.03.26 03:34:26.971,9.58371,9.58709,1.00,1.00
2018.03.26 03:34:31.147,9.58345,9.58698,1.00,1.00
2018.03.26 03:34:32.623,9.58345,9.58695,1.00,1.00
2018.03.26 03:34:33.289,9.58345,9.587,1.00,1.00
2018.03.26 03:34:33.857,9.58359,9.58691,1.00,1.00
2018.03.26 03:34:34.111,9.58345,9.58696,1.00,1.00
2018.03.26 03:34:34.570,9.58333,9.58665,1.00,1.00
2018.03.26 03:34:34.760,9.58321,9.58654,1.00,1.00
2018.03.26 03:34:34.863,9.58338,9.5867,1.00,1.00
2018.03.26 03:34:35.118,9.58326,9.58659,1.00,1.00
2018.03.26 03:34:35.538,9.58316,9.58648,1.00,1.00
2018.03.26 03:34:38.053,9.58295,9.58627,1.00,1.00
2018.03.26 03:34:38.155,9.58316,9.58649,1.00,1.00
2018.03.26 03:34:40.224,9.58305,9.58637,1.00,1.00
2018.03.26 03:34:40.572,9.58331,9.58663,1.00,1.00
2018.03.26 03:34:40.876,9.5832,9.58652,1.00,1.00
2018.03.26 03:34:45.248,9.58308,9.5864,1.00,1.00
2018.03.26 03:34:45.606,9.5832,9.58652,1.00,1.00
2018.03.26 03:34:45.912,9.58309,9.58641,1.00,1.00
2018.03.26 03:34:46.220,9.58313,9.58644,1.00,1.00
2018.03.26 03:34:46.804,9.58313,9.58644,1.00,1.60
2018.03.26 03:34:47.110,9.58323,9.58655,1.00,1.00
2018.03.26 03:34:47.213,9.58313,9.58644,1.00,1.00
2018.03.26 03:34:47.315,9.58323,9.58655,1.00,1.00
2018.03.26 03:34:47.417,9.58313,9.58644,1.00,1.00
2018.03.26 03:34:47.928,9.58313,9.58643,1.00,1.00
2018.03.26 03:34:48.362,9.5832,9.58652,1.00,1.00
2018.03.26 03:34:54.636,9.58365,9.587,1.00,1.00
2018.03.26 03:34:55.541,9.58371,9.58715,1.00,1.00
2018.03.26 03:34:56.220,9.58371,9.58736,1.00,1.00
2018.03.26 03:35:01.590,9.58371,9.58735,1.00,1.00
2018.03.26 03:35:08.729,9.58371,9.58714,1.00,1.00
2018.03.26 03:35:09.569,9.58366,9.58698,1.00,1.00
2018.03.26 03:35:10.284,9.58359,9.58693,1.00,1.00
2018.03.26 03:35:10.386,9.58371,9.58704,1.00,1.00
2018.03.26 03:35:10.694,9.5835,9.58683,1.00,1.00
2018.03.26 03:35:11.403,9.5834,9.58672,1.00,1.00
2018.03.26 03:35:12.452,9.58325,9.5866,1.00,1.00
2018.03.26 03:35:16.569,9.58323,9.58655,1.00,1.00
2018.03.26 03:35:28.739,9.58333,9.58665,1.00,1.00
2018.03.26 03:35:29.123,9.58363,9.58695,1.00,1.00
2018.03.26 03:35:29.277,9.5837,9.58716,1.00,1.00
2018.03.26 03:35:29.811,9.58371,9.58716,1.00,1.00
2018.03.26 03:35:31.599,9.58371,9.58722,1.00,1.00
2018.03.26 03:35:37.311,9.58371,9.5873,1.00,1.00
2018.03.26 03:35:37.419,9.58371,9.58704,1.00,1.00
2018.03.26 03:35:41.698,9.58365,9.587,1.00,1.00
2018.03.26 03:35:41.750,9.58352,9.58684,1.00,1.00
2018.03.26 03:35:42.460,9.5834,9.58675,1.00,1.00
2018.03.26 03:35:43.170,9.58342,9.58675,1.00,1.00
2018.03.26 03:35:43.477,9.58327,9.5866,1.00,1.00
2018.03.26 03:35:44.071,9.58326,9.58659,1.00,1.00
2018.03.26 03:35:46.655,9.58324,9.58656,1.00,1.00
2018.03.26 03:35:48.040,9.58344,9.58677,1.00,1.00
2018.03.26 03:35:48.091,9.58331,9.58661,1.00,1.00
2018.03.26 03:35:48.142,9.58329,9.58661,1.00,1.00
2018.03.26 03:35:48.194,9.5834,9.58674,1.00,1.00
2018.03.26 03:35:48.297,9.58331,9.58663,1.00,1.00
2018.03.26 03:35:49.176,9.58332,9.58664,1.00,1.00
2018.03.26 03:35:49.482,9.5832,9.58654,1.00,1.00
2018.03.26 03:35:51.788,9.58335,9.58669,1.00,1.00
2018.03.26 03:35:52.089,9.58325,9.58657,1.50,1.00
2018.03.26 03:35:53.054,9.58336,9.58668,1.00,1.00
2018.03.26 03:35:53.361,9.58324,9.58656,1.00,1.00
2018.03.26 03:36:02.804,9.58328,9.58662,1.00,1.00
2018.03.26 03:36:14.453,9.58336,9.58669,1.00,1.00
2018.03.26 03:36:14.762,9.58358,9.5869,1.00,1.00
2018.03.26 03:36:15.080,9.58345,9.58677,1.00,1.00
2018.03.26 03:36:16.721,9.58339,9.58671,1.00,1.00
2018.03.26 03:36:17.028,9.5834,9.58659,1.00,1.00
2018.03.26 03:36:17.834,9.5834,9.58657,1.00,1.00
2018.03.26 03:36:19.622,9.58336,9.58668,1.00,1.00
2018.03.26 03:36:19.724,9.58336,9.58657,1.00,1.00
2018.03.26 03:36:23.424,9.58353,9.58657,1.00,1.00
2018.03.26 03:36:23.526,9.58325,9.58657,1.00,1.00
2018.03.26 03:36:23.629,9.58349,9.58681,1.00,1.00
2018.03.26 03:36:23.935,9.58369,9.58657,1.00,1.00
2018.03.26 03:36:24.037,9.58358,9.58669,1.00,1.00
2018.03.26 03:36:24.190,9.5837,9.58669,1.00,1.00
2018.03.26 03:36:24.446,9.58319,9.58645,1.00,1.00
2018.03.26 03:36:24.497,9.58362,9.58645,1.00,1.00
2018.03.26 03:36:24.549,9.58362,9.58655,1.00,1.00
2018.03.26 03:36:31.718,9.58362,9.58652,1.00,1.00
2018.03.26 03:36:34.756,9.58352,9.58661,1.00,1.00
2018.03.26 03:36:34.859,9.58353,9.58685,1.00,1.00
2018.03.26 03:36:35.598,9.58365,9.58685,1.00,1.00
2018.03.26 03:36:35.788,9.58353,9.58685,1.00,1.00
2018.03.26 03:36:36.303,9.58377,9.58685,1.00,1.00
2018.03.26 03:36:41.899,9.58377,9.58713,1.00,1.00
2018.03.26 03:36:46.755,9.58377,9.58709,1.00,1.00
2018.03.26 03:36:47.746,9.58377,9.58696,1.00,1.00
2018.03.26 03:36:47.848,9.58362,9.58694,1.00,1.00
2018.03.26 03:36:47.900,9.58383,9.58694,1.00,1.00
2018.03.26 03:36:48.276,9.58385,9.58694,1.00,1.00
2018.03.26 03:36:50.291,9.58385,9.58673,1.00,1.00
2018.03.26 03:36:50.445,9.58367,9.58662,1.00,1.00
2018.03.26 03:36:50.496,9.5833,9.58662,1.50,1.00
2018.03.26 03:36:50.958,9.58364,9.58662,1.00,1.00
2018.03.26 03:36:51.518,9.58364,9.58652,1.00,1.00
2018.03.26 03:36:52.799,9.58364,9.58675,1.00,1.60
2018.03.26 03:36:52.891,9.58364,9.58675,1.00,1.00
2018.03.26 03:36:52.943,9.58364,9.58675,1.00,1.60
2018.03.26 03:36:52.994,9.58364,9.58674,1.00,1.60
2018.03.26 03:36:53.045,9.58364,9.58674,1.00,1.60
2018.03.26 03:36:53.321,9.58364,9.58674,1.00,1.60
2018.03.26 03:36:54.271,9.58364,9.58636,1.00,1.00
2018.03.26 03:36:54.322,9.58364,9.58673,1.00,1.60
2018.03.26 03:36:54.585,9.58364,9.58635,1.00,1.00
2018.03.26 03:36:56.978,9.58364,9.58645,1.00,1.00
2018.03.26 03:36:57.298,9.58364,9.58635,1.00,1.00
2018.03.26 03:36:57.350,9.58343,9.5865,1.00,1.00
2018.03.26 03:36:57.402,9.58343,9.58659,1.00,1.00
2018.03.26 03:36:57.556,9.58364,9.58659,1.00,1.00
2018.03.26 03:36:57.919,9.58364,9.58649,1.00,1.00
2018.03.26 03:37:07.403,9.58364,9.5865,1.00,1.00
2018.03.26 03:37:07.471,9.58364,9.58662,1.00,1.00
2018.03.26 03:37:07.523,9.58376,9.58665,1.00,1.00
2018.03.26 03:37:07.574,9.58354,9.58675,1.00,1.00
2018.03.26 03:37:07.626,9.58376,9.58675,1.00,1.00
2018.03.26 03:37:07.936,9.58376,9.5867,1.00,1.00
2018.03.26 03:37:16.808,9.58376,9.58669,1.00,1.00
2018.03.26 03:37:20.742,9.58376,9.58658,1.00,1.00
2018.03.26 03:37:20.794,9.58342,9.58647,1.00,1.00
2018.03.26 03:37:20.948,9.58342,9.58658,1.00,1.00
2018.03.26 03:37:21.000,9.58366,9.58658,1.00,1.00
2018.03.26 03:37:29.421,9.58365,9.58658,1.00,1.00
2018.03.26 03:37:29.523,9.58355,9.58656,1.00,1.00
2018.03.26 03:37:29.575,9.58378,9.58656,1.00,1.00
2018.03.26 03:37:29.677,9.58356,9.58656,1.00,1.00
2018.03.26 03:37:29.728,9.58365,9.58657,1.00,1.00
2018.03.26 03:37:30.851,9.58365,9.58655,1.00,1.00
2018.03.26 03:37:31.005,9.58365,9.58666,1.00,1.00
2018.03.26 03:37:31.056,9.58372,9.58653,1.00,1.00
2018.03.26 03:37:31.158,9.58365,9.58666,1.00,1.00
2018.03.26 03:37:31.261,9.58365,9.58654,1.00,1.00
2018.03.26 03:37:31.569,9.58365,9.58664,1.00,1.00
2018.03.26 03:37:31.671,9.58365,9.58654,1.00,1.00
2018.03.26 03:37:31.773,9.58365,9.58665,1.00,1.00
2018.03.26 03:37:31.875,9.58365,9.58652,1.00,1.00
2018.03.26 03:37:32.181,9.58365,9.58663,1.00,1.00
2018.03.26 03:37:32.284,9.58365,9.58651,1.00,1.00
2018.03.26 03:37:32.794,9.58365,9.58662,1.00,1.00
2018.03.26 03:37:32.897,9.58365,9.58651,1.00,1.00
2018.03.26 03:37:33.225,9.58381,9.58651,1.00,1.00
2018.03.26 03:37:40.849,9.58353,9.58661,1.00,1.00
2018.03.26 03:37:41.002,9.58353,9.58672,1.00,1.00
2018.03.26 03:37:41.156,9.58365,9.58672,1.00,1.00
2018.03.26 03:37:46.880,9.58365,9.5867,1.00,1.00
2018.03.26 03:38:01.899,9.58365,9.58666,1.00,1.00
2018.03.26 03:38:03.044,9.58365,9.58668,1.00,1.00
2018.03.26 03:38:26.713,9.58365,9.58655,1.00,1.00
2018.03.26 03:38:26.764,9.58333,9.58655,1.00,1.00
2018.03.26 03:38:27.019,9.58357,9.58655,1.00,1.00
2018.03.26 03:38:30.333,9.58357,9.58666,1.00,1.00
2018.03.26 03:38:30.437,9.58357,9.58654,1.00,1.00
2018.03.26 03:38:30.540,9.58357,9.58665,1.00,1.00
2018.03.26 03:38:30.642,9.58357,9.58654,1.00,1.00
2018.03.26 03:38:30.744,9.58357,9.58666,1.00,1.00
2018.03.26 03:38:30.949,9.58355,9.58666,1.00,1.00
2018.03.26 03:38:31.052,9.58381,9.58666,1.00,1.00
2018.03.26 03:38:31.154,9.58377,9.58666,1.00,1.00
2018.03.26 03:38:31.257,9.5838,9.58666,1.00,1.00
2018.03.26 03:38:31.412,9.58377,9.58665,1.00,1.00
2018.03.26 03:38:31.465,9.58377,9.58655,1.00,1.00
2018.03.26 03:38:31.620,9.58377,9.58665,1.00,1.00
2018.03.26 03:38:31.672,9.58368,9.58652,1.00,1.00
2018.03.26 03:38:31.723,9.58365,9.58652,1.00,1.00
2018.03.26 03:38:31.825,9.58365,9.58663,1.00,1.00
2018.03.26 03:38:31.928,9.58365,9.58653,1.00,1.00
2018.03.26 03:38:32.031,9.58368,9.58664,1.00,1.00
2018.03.26 03:38:32.082,9.58368,9.58652,1.00,1.00
2018.03.26 03:38:32.134,9.58365,9.58652,1.00,1.00
2018.03.26 03:38:32.236,9.58369,9.58664,1.00,1.00
2018.03.26 03:38:32.287,9.58369,9.58652,1.00,1.00
2018.03.26 03:38:32.339,9.58365,9.58652,1.00,1.00
2018.03.26 03:38:32.390,9.58365,9.58663,1.00,1.00
2018.03.26 03:38:32.442,9.58367,9.58663,1.00,1.00
2018.03.26 03:38:32.748,9.58368,9.58653,1.00,1.00
2018.03.26 03:38:32.850,9.58365,9.58653,1.00,1.00
2018.03.26 03:38:32.901,9.58365,9.58664,1.00,1.00
2018.03.26 03:38:33.004,9.58365,9.58652,1.00,1.00
2018.03.26 03:38:33.303,9.58365,9.58664,1.00,1.00
2018.03.26 03:38:33.405,9.58365,9.58652,1.00,1.00
2018.03.26 03:38:33.814,9.58365,9.58662,1.00,1.00
2018.03.26 03:38:33.865,9.58365,9.58653,1.00,1.00
2018.03.26 03:38:34.018,9.58365,9.58663,1.00,1.00
2018.03.26 03:38:35.425,9.58365,9.58672,1.00,1.00
2018.03.26 03:38:35.476,9.58385,9.58672,1.00,1.00
2018.03.26 03:38:35.847,9.58385,9.58662,1.00,1.00
2018.03.26 03:38:36.810,9.58385,9.58651,1.00,1.00
2018.03.26 03:38:46.840,9.58352,9.58661,1.00,1.00
2018.03.26 03:38:47.206,9.58377,9.58661,1.00,1.00
2018.03.26 03:38:48.183,9.58377,9.58668,1.00,1.00
2018.03.26 03:38:49.793,9.58377,9.58672,1.00,1.00
2018.03.26 03:38:55.779,9.58377,9.58661,1.00,1.00
2018.03.26 03:39:03.169,9.58377,9.58664,1.00,1.00
2018.03.26 03:39:32.079,9.58377,9.58669,1.00,1.00
2018.03.26 03:39:33.224,9.58377,9.58666,1.00,1.00
2018.03.26 03:39:47.109,9.58377,9.58668,1.00,1.00
2018.03.26 03:39:47.160,9.58336,9.58668,1.00,1.00
2018.03.26 03:40:02.139,9.58337,9.5867,1.00,1.00
2018.03.26 03:40:05.752,9.58324,9.58658,1.00,1.00
2018.03.26 03:40:05.803,9.58343,9.58658,1.00,1.00
2018.03.26 03:40:06.127,9.58367,9.58658,1.00,1.00
2018.03.26 03:40:17.763,9.58377,9.58658,1.00,1.00
2018.03.26 03:40:18.114,9.58385,9.58658,1.00,1.00
2018.03.26 03:40:18.473,9.58385,9.58656,1.00,1.00
2018.03.26 03:40:25.833,9.58352,9.58656,1.00,1.00
2018.03.26 03:40:26.121,9.58377,9.58656,1.00,1.00
2018.03.26 03:40:32.199,9.58377,9.58662,1.00,1.00
2018.03.26 03:40:37.780,9.58377,9.58672,1.00,1.00
2018.03.26 03:40:38.635,9.58384,9.58672,1.00,1.00
2018.03.26 03:40:38.737,9.58348,9.5865,1.00,1.00
2018.03.26 03:40:38.942,9.58372,9.5865,1.00,1.00
2018.03.26 03:40:39.731,9.58372,9.58662,1.00,1.00
2018.03.26 03:40:39.884,9.58372,9.58659,1.00,1.00
2018.03.26 03:40:47.229,9.58372,9.58656,1.00,1.00
2018.03.26 03:40:58.729,9.58365,9.58667,1.00,1.00
2018.03.26 03:40:58.781,9.58353,9.58667,1.00,1.00
2018.03.26 03:40:59.007,9.58377,9.58667,1.00,1.00
2018.03.26 03:41:02.279,9.58377,9.58671,1.00,1.00
2018.03.26 03:41:17.288,9.58377,9.58676,1.00,1.00
2018.03.26 03:41:22.702,9.58377,9.58672,1.00,1.00
2018.03.26 03:41:22.805,9.58377,9.58684,1.00,1.00
2018.03.26 03:41:22.907,9.58377,9.58686,1.00,1.00
2018.03.26 03:41:32.324,9.58377,9.58679,1.00,1.00
2018.03.26 03:41:38.837,9.58377,9.5868,1.00,1.00
2018.03.26 03:41:43.660,9.58377,9.58677,1.00,1.00
2018.03.26 03:41:47.399,9.58377,9.58679,1.00,1.00
2018.03.26 03:41:50.154,9.58377,9.58691,1.00,1.00
2018.03.26 03:41:50.206,9.58377,9.58679,1.00,1.00
2018.03.26 03:41:59.124,9.58346,9.58679,1.00,1.00
2018.03.26 03:42:03.750,9.58378,9.58696,1.00,1.00
2018.03.26 03:42:03.852,9.58378,9.5871,1.00,1.00
2018.03.26 03:42:17.419,9.5838,9.58712,1.00,1.00
2018.03.26 03:42:32.439,9.58381,9.58713,1.00,1.00
2018.03.26 03:42:37.598,9.58392,9.58725,1.00,1.00
2018.03.26 03:42:38.916,9.58403,9.58735,1.00,1.00
2018.03.26 03:42:47.468,9.58398,9.5873,1.00,1.00
2018.03.26 03:42:49.752,9.58387,9.58719,1.00,1.00
2018.03.26 03:43:02.498,9.58383,9.58715,1.00,1.00
2018.03.26 03:43:09.850,9.58396,9.58729,1.00,1.00
2018.03.26 03:43:16.798,9.58408,9.5874,1.00,1.00
2018.03.26 03:43:17.559,9.58403,9.58735,1.00,1.00
2018.03.26 03:43:22.768,9.58391,9.58724,1.00,1.00
2018.03.26 03:43:22.820,9.5838,9.58712,1.00,1.00
2018.03.26 03:43:22.973,9.58391,9.58724,1.00,1.00
2018.03.26 03:43:25.433,9.5838,9.58712,1.00,1.00
2018.03.26 03:43:25.739,9.58391,9.58724,1.00,1.00
2018.03.26 03:43:25.914,9.58398,9.58724,1.00,1.00
2018.03.26 03:43:30.667,9.58391,9.58724,1.00,1.00
2018.03.26 03:43:30.718,9.58396,9.58724,1.00,1.00
2018.03.26 03:43:32.592,9.58396,9.5872,1.00,1.00
2018.03.26 03:43:42.845,9.58403,9.58735,1.00,1.00
2018.03.26 03:43:47.639,9.58408,9.58741,1.00,1.00
2018.03.26 03:43:55.689,9.58397,9.58729,1.00,1.00
2018.03.26 03:43:55.791,9.58386,9.58719,1.00,1.00
2018.03.26 03:43:57.322,9.58377,9.58708,1.00,1.00
2018.03.26 03:44:02.668,9.58379,9.58711,1.00,1.00
2018.03.26 03:44:14.404,9.58397,9.58711,1.00,1.00
2018.03.26 03:44:14.710,9.58397,9.58711,1.00,1.60
2018.03.26 03:44:15.640,9.58397,9.58711,1.00,1.00
2018.03.26 03:44:15.845,9.584,9.58732,1.00,1.00
2018.03.26 03:44:17.648,9.58401,9.58734,1.00,1.00
2018.03.26 03:44:18.794,9.58403,9.58735,1.00,1.00
2018.03.26 03:44:28.653,9.58393,9.58725,1.00,1.00
2018.03.26 03:44:28.705,9.58389,9.58723,1.00,1.00
2018.03.26 03:44:32.678,9.58389,9.58721,1.00,1.00
2018.03.26 03:44:47.708,9.58387,9.58719,1.00,1.00
2018.03.26 03:44:48.853,9.58394,9.58726,1.00,1.00
2018.03.26 03:45:01.949,9.58396,9.58731,1.00,1.00
2018.03.26 03:45:02.052,9.58394,9.58726,1.00,1.00
2018.03.26 03:45:02.103,9.58395,9.58729,1.00,1.00
2018.03.26 03:45:02.155,9.58405,9.58737,1.00,1.00
2018.03.26 03:45:02.464,9.58419,9.58739,1.00,1.00
2018.03.26 03:45:02.789,9.58419,9.58745,1.00,1.00
2018.03.26 03:45:03.345,9.58464,9.58745,1.00,1.00
2018.03.26 03:45:03.762,9.58464,9.58748,1.00,1.00
2018.03.26 03:45:17.793,9.58464,9.58752,1.00,1.00
2018.03.26 03:45:22.894,9.58464,9.58763,1.00,1.00
2018.03.26 03:45:22.997,9.58464,9.58778,1.00,1.00
2018.03.26 03:45:23.451,9.58464,9.58769,1.00,1.00
2018.03.26 03:45:23.795,9.58464,9.58778,1.00,1.00
2018.03.26 03:45:32.798,9.58464,9.58772,1.00,1.00
2018.03.26 03:45:34.641,9.58464,9.5878,1.00,1.00
2018.03.26 03:45:34.693,9.58438,9.58764,1.00,1.00
2018.03.26 03:45:34.744,9.58478,9.58764,1.00,1.00
2018.03.26 03:45:47.863,9.58478,9.58766,1.00,1.00
2018.03.26 03:45:48.973,9.58478,9.58771,1.00,1.00
2018.03.26 03:45:54.632,9.58478,9.58759,1.00,1.00
2018.03.26 03:45:54.734,9.58478,9.58783,1.00,1.00
2018.03.26 03:45:54.786,9.58453,9.5877,1.00,1.00
2018.03.26 03:45:54.837,9.58453,9.58785,1.50,1.00
2018.03.26 03:45:54.934,9.58477,9.58785,1.00,1.00
2018.03.26 03:45:55.239,9.58477,9.58793,1.00,1.00
2018.03.26 03:45:55.342,9.58477,9.58795,1.00,1.00
2018.03.26 03:45:55.700,9.58477,9.58791,1.00,1.00
2018.03.26 03:45:59.690,9.58477,9.58796,1.00,1.00
2018.03.26 03:46:00.361,9.58477,9.58777,1.00,1.00
2018.03.26 03:46:00.412,9.58477,9.58796,1.00,1.00
2018.03.26 03:46:00.926,9.58477,9.58777,1.00,1.00
2018.03.26 03:46:01.279,9.58477,9.58781,1.00,1.00
2018.03.26 03:46:01.535,9.58477,9.58797,1.00,1.00
2018.03.26 03:46:01.586,9.58477,9.5878,1.00,1.00
2018.03.26 03:46:01.637,9.58477,9.58795,1.00,1.00
2018.03.26 03:46:02.045,9.58477,9.58782,1.00,1.00
2018.03.26 03:46:02.096,9.58477,9.58784,1.00,1.00
2018.03.26 03:46:02.299,9.58477,9.58804,1.00,1.00
2018.03.26 03:46:02.884,9.58477,9.588,1.00,1.00
2018.03.26 03:46:03.768,9.58477,9.58782,1.00,1.00
2018.03.26 03:46:03.819,9.58477,9.58797,1.00,1.00
2018.03.26 03:46:09.324,9.58502,9.58797,1.00,1.00
2018.03.26 03:46:09.426,9.58477,9.58797,1.00,1.00
2018.03.26 03:46:09.478,9.58478,9.58812,1.00,1.00
2018.03.26 03:46:09.530,9.5847,9.58802,1.00,1.00
2018.03.26 03:46:09.911,9.58498,9.5883,1.00,1.00
2018.03.26 03:46:10.564,9.5849,9.58825,1.00,1.00
2018.03.26 03:46:10.667,9.5849,9.5881,1.00,1.00
2018.03.26 03:46:11.184,9.58454,9.5881,1.00,1.00
2018.03.26 03:46:11.236,9.58481,9.58809,1.00,1.00
2018.03.26 03:46:11.543,9.58481,9.58806,1.00,1.00
2018.03.26 03:46:11.850,9.58503,9.58806,1.00,1.00
2018.03.26 03:46:12.156,9.58503,9.58806,1.00,1.60
2018.03.26 03:46:12.667,9.58503,9.58806,1.00,1.60
2018.03.26 03:46:17.892,9.58503,9.588,1.00,1.00
2018.03.26 03:46:18.795,9.58503,9.58795,1.00,1.00
2018.03.26 03:46:21.335,9.5849,9.58795,1.00,1.00
2018.03.26 03:46:21.387,9.58478,9.58809,1.00,1.00
2018.03.26 03:46:21.438,9.58506,9.58809,1.00,1.00
2018.03.26 03:46:21.745,9.5848,9.58797,1.00,1.00
2018.03.26 03:46:21.796,9.5849,9.58797,1.00,1.00
2018.03.26 03:46:22.052,9.58491,9.58802,1.00,1.00
2018.03.26 03:46:22.208,9.58491,9.58802,1.00,1.60
2018.03.26 03:46:22.311,9.58491,9.58791,1.00,1.00
2018.03.26 03:46:28.229,9.58491,9.58804,1.00,1.00
2018.03.26 03:46:28.280,9.58491,9.58809,1.00,1.00
2018.03.26 03:46:28.331,9.58491,9.58799,1.00,1.00
2018.03.26 03:46:30.572,9.58491,9.58799,1.00,1.60
2018.03.26 03:46:30.946,9.58491,9.58799,1.00,1.60
2018.03.26 03:46:31.036,9.58491,9.58799,1.00,1.60
2018.03.26 03:46:32.973,9.58491,9.58795,1.00,1.00
2018.03.26 03:46:34.068,9.58491,9.58799,1.00,1.00
2018.03.26 03:46:47.948,9.58491,9.58795,1.00,1.00
2018.03.26 03:46:52.058,9.585,9.58795,1.00,1.00
2018.03.26 03:46:52.161,9.58478,9.58806,1.00,1.00
2018.03.26 03:46:52.265,9.5851,9.58807,1.00,1.00
2018.03.26 03:46:52.573,9.5851,9.58795,1.00,1.00
2018.03.26 03:47:00.628,9.5851,9.58807,1.00,1.00
2018.03.26 03:47:01.036,9.5851,9.58796,1.00,1.00
2018.03.26 03:47:01.346,9.5851,9.58809,1.00,1.00
2018.03.26 03:47:01.452,9.5851,9.58796,1.00,1.00
2018.03.26 03:47:03.025,9.5851,9.58795,1.00,1.00
2018.03.26 03:47:03.811,9.5851,9.5881,1.00,1.00
2018.03.26 03:47:03.863,9.58478,9.5881,1.50,1.00
2018.03.26 03:47:04.067,9.58502,9.5881,1.00,1.00
2018.03.26 03:47:04.181,9.58502,9.58821,1.00,1.00
2018.03.26 03:47:04.335,9.58489,9.58821,1.00,1.00
2018.03.26 03:47:04.387,9.585,9.58832,1.00,1.00
2018.03.26 03:47:05.309,9.58512,9.58856,1.00,1.00
2018.03.26 03:47:06.101,9.58515,9.58856,1.00,1.00
2018.03.26 03:47:06.152,9.58512,9.58856,1.00,1.00
2018.03.26 03:47:06.366,9.58515,9.58856,1.00,1.00
2018.03.26 03:47:06.469,9.58512,9.58856,1.00,1.00
2018.03.26 03:47:06.681,9.58528,9.58861,1.00,1.00
2018.03.26 03:47:06.734,9.58528,9.58898,1.00,1.00
2018.03.26 03:47:16.696,9.58528,9.58877,1.00,1.00
2018.03.26 03:47:16.799,9.58489,9.58851,1.00,1.00
2018.03.26 03:47:16.923,9.58513,9.58845,1.00,1.00
2018.03.26 03:47:16.975,9.58501,9.58834,1.00,1.00
2018.03.26 03:47:17.345,9.58481,9.58813,1.00,1.00
2018.03.26 03:47:18.010,9.58476,9.58808,1.00,1.00
2018.03.26 03:47:18.702,9.58464,9.58796,1.00,1.00
2018.03.26 03:47:19.764,9.58454,9.58798,1.00,1.00
2018.03.26 03:47:21.115,9.58446,9.5881,1.00,1.00
2018.03.26 03:47:21.166,9.58448,9.5881,1.00,1.00
2018.03.26 03:47:21.217,9.58441,9.5881,1.00,1.60
2018.03.26 03:47:21.269,9.58441,9.5881,1.00,1.60
2018.03.26 03:47:21.422,9.58434,9.5881,1.00,1.60
2018.03.26 03:47:21.473,9.58434,9.5881,1.00,1.60
2018.03.26 03:47:21.983,9.58434,9.5881,1.00,1.60
2018.03.26 03:47:22.238,9.58434,9.5881,1.00,1.60
2018.03.26 03:47:22.290,9.58434,9.5881,1.00,1.60
2018.03.26 03:47:22.341,9.58434,9.5881,1.00,1.00
2018.03.26 03:47:22.392,9.58434,9.5881,1.00,1.60
2018.03.26 03:47:22.699,9.58441,9.58809,1.00,1.60
2018.03.26 03:47:22.750,9.58442,9.58809,1.00,1.35
2018.03.26 03:47:22.903,9.58442,9.58809,1.00,1.60
2018.03.26 03:47:22.955,9.58442,9.58809,1.00,1.00
2018.03.26 03:47:23.456,9.58451,9.58784,1.00,1.00
2018.03.26 03:47:23.661,9.58437,9.58809,1.00,1.60
2018.03.26 03:47:23.782,9.58437,9.58809,1.00,1.60
2018.03.26 03:47:23.834,9.58437,9.58809,1.00,1.60
2018.03.26 03:47:23.885,9.58437,9.58809,1.00,1.60
2018.03.26 03:47:23.936,9.58439,9.58809,1.00,1.60
2018.03.26 03:47:24.088,9.58439,9.58809,1.00,1.60
2018.03.26 03:47:24.139,9.58439,9.58809,1.00,1.60
2018.03.26 03:47:24.750,9.58439,9.58809,1.00,1.60
2018.03.26 03:47:25.069,9.58439,9.58809,1.00,1.60
2018.03.26 03:47:30.538,9.58436,9.58805,1.00,1.60
2018.03.26 03:47:31.023,9.58436,9.58769,1.00,1.00
2018.03.26 03:47:31.383,9.5845,9.58782,1.00,1.00
2018.03.26 03:47:33.038,9.58443,9.58777,1.00,1.00
2018.03.26 03:47:34.510,9.58434,9.58802,1.00,1.00
2018.03.26 03:47:34.563,9.5845,9.58782,1.00,1.00
2018.03.26 03:47:35.005,9.58461,9.58794,1.00,1.00
2018.03.26 03:47:35.056,9.58442,9.58774,1.00,1.00
2018.03.26 03:47:35.468,9.58455,9.58787,1.00,1.00
2018.03.26 03:47:36.282,9.58438,9.5877,1.00,1.00
2018.03.26 03:47:36.591,9.58436,9.58768,1.00,1.00
2018.03.26 03:47:36.896,9.58443,9.58775,1.00,1.00
2018.03.26 03:47:37.171,9.58465,9.58831,1.00,1.00
2018.03.26 03:47:37.222,9.58495,9.58827,1.00,1.00
2018.03.26 03:47:37.526,9.58474,9.58806,1.00,1.00
2018.03.26 03:47:37.577,9.58491,9.58824,1.00,1.00
2018.03.26 03:47:38.797,9.58503,9.58835,1.00,1.00
2018.03.26 03:47:38.899,9.58467,9.58831,1.00,1.00
2018.03.26 03:47:39.133,9.58499,9.58831,1.00,1.00
2018.03.26 03:47:39.532,9.58488,9.5882,1.00,1.00
2018.03.26 03:47:39.634,9.58496,9.58829,1.00,1.00
2018.03.26 03:47:39.890,9.58475,9.58807,1.00,1.00
2018.03.26 03:47:40.095,9.58491,9.58824,1.00,1.00
2018.03.26 03:47:47.632,9.5849,9.58822,1.00,1.00
2018.03.26 03:47:47.735,9.58493,9.58827,1.00,1.00
2018.03.26 03:47:47.787,9.58479,9.58811,1.00,1.00
2018.03.26 03:47:47.915,9.58476,9.58809,1.00,1.00
2018.03.26 03:47:47.967,9.58503,9.58835,1.00,1.00
2018.03.26 03:47:48.912,9.58491,9.58824,1.00,1.00
2018.03.26 03:47:49.013,9.58494,9.58828,1.00,1.00
2018.03.26 03:47:49.593,9.58495,9.58827,1.00,1.00
2018.03.26 03:48:03.098,9.58498,9.5883,1.00,1.00
2018.03.26 03:48:30.876,9.58508,9.5884,1.00,1.00
2018.03.26 03:48:31.208,9.58495,9.58827,1.00,1.00
2018.03.26 03:48:33.158,9.58493,9.58825,1.00,1.00
2018.03.26 03:48:42.993,9.58503,9.58835,1.00,1.00
2018.03.26 03:48:48.188,9.58495,9.58827,1.00,1.00
2018.03.26 03:48:49.352,9.58496,9.58829,1.00,1.00
2018.03.26 03:49:01.384,9.58485,9.58817,1.00,1.00
2018.03.26 03:49:03.218,9.58491,9.58824,1.00,1.00
2018.03.26 03:49:04.364,9.58493,9.58825,1.00,1.00
2018.03.26 03:49:12.026,9.58482,9.58814,1.00,1.00
2018.03.26 03:49:14.430,9.58493,9.58825,1.00,1.00
2018.03.26 03:49:18.299,9.58498,9.5883,1.00,1.00
2018.03.26 03:49:26.837,9.58487,9.58819,1.00,1.00
2018.03.26 03:49:29.683,9.58475,9.58809,1.00,1.00
2018.03.26 03:49:29.735,9.58465,9.58797,1.00,1.00
2018.03.26 03:49:29.889,9.58457,9.58814,1.00,1.60
2018.03.26 03:49:29.941,9.58434,9.58814,1.00,1.60
2018.03.26 03:49:29.993,9.58434,9.58814,1.00,1.35
2018.03.26 03:49:30.045,9.58457,9.58813,1.00,1.00
2018.03.26 03:49:30.200,9.58453,9.58814,1.00,1.60
2018.03.26 03:49:30.251,9.58453,9.58814,1.00,1.60
2018.03.26 03:49:30.585,9.58453,9.58814,1.00,1.60
2018.03.26 03:49:30.636,9.58453,9.58814,1.00,1.60
2018.03.26 03:49:30.831,9.58453,9.58814,1.00,1.60
2018.03.26 03:49:30.882,9.58453,9.58814,1.00,1.60
2018.03.26 03:49:30.933,9.58435,9.58814,1.00,1.00
2018.03.26 03:49:31.036,9.58428,9.58814,1.00,1.60
2018.03.26 03:49:31.138,9.5845,9.58813,1.00,1.60
2018.03.26 03:49:31.442,9.5845,9.58813,1.00,1.60
2018.03.26 03:49:31.950,9.5845,9.58813,1.00,1.60
2018.03.26 03:49:32.514,9.5845,9.58813,1.00,1.60
2018.03.26 03:49:33.278,9.58433,9.58813,1.00,1.60
2018.03.26 03:49:42.954,9.58442,9.58774,1.00,1.00
2018.03.26 03:49:43.005,9.58438,9.58803,1.00,1.60
2018.03.26 03:49:43.057,9.58438,9.58803,1.00,1.60
2018.03.26 03:49:43.108,9.58438,9.58803,1.00,1.60
2018.03.26 03:49:43.396,9.58438,9.58803,1.00,1.60
2018.03.26 03:49:44.174,9.58438,9.58803,1.00,1.60
2018.03.26 03:49:44.277,9.58441,9.58773,1.00,1.00
2018.03.26 03:49:44.328,9.58442,9.58775,1.00,1.00
2018.03.26 03:49:44.380,9.58436,9.58802,1.00,1.00
2018.03.26 03:49:44.431,9.58445,9.58777,1.00,1.00
2018.03.26 03:49:44.738,9.58448,9.5878,1.00,1.00
2018.03.26 03:49:45.966,9.58452,9.58784,1.00,1.00
2018.03.26 03:49:46.272,9.58442,9.58774,1.00,1.00
2018.03.26 03:49:48.308,9.58444,9.58776,1.00,1.00
2018.03.26 03:49:49.840,9.58459,9.58791,1.00,1.00
2018.03.26 03:49:50.199,9.5848,9.58815,1.00,1.00
2018.03.26 03:49:50.251,9.5848,9.58812,1.00,1.00
2018.03.26 03:49:50.581,9.58468,9.588,1.00,1.00
2018.03.26 03:49:50.891,9.58465,9.58797,1.00,1.00
2018.03.26 03:49:50.942,9.58481,9.58814,1.00,1.00
2018.03.26 03:50:01.419,9.58467,9.58801,1.00,1.00
2018.03.26 03:50:01.470,9.58479,9.58811,1.00,1.00
2018.03.26 03:50:01.776,9.58469,9.58803,1.00,1.00
2018.03.26 03:50:01.963,9.58484,9.58816,1.00,1.00
2018.03.26 03:50:02.163,9.58468,9.58802,1.00,1.00
2018.03.26 03:50:02.835,9.5847,9.58802,1.00,1.00
2018.03.26 03:50:03.181,9.58458,9.5879,1.00,1.00
2018.03.26 03:50:04.047,9.58468,9.588,1.00,1.00
2018.03.26 03:50:04.379,9.58465,9.58797,1.00,1.00
2018.03.26 03:50:04.686,9.58453,9.58785,1.00,1.00
2018.03.26 03:50:08.391,9.5844,9.58772,1.00,1.00
2018.03.26 03:50:18.368,9.58438,9.5877,1.00,1.00
2018.03.26 03:50:33.447,9.58439,9.58771,1.00,1.00
2018.03.26 03:50:48.450,9.58437,9.5877,1.00,1.00
2018.03.26 03:51:00.438,9.58448,9.5878,1.00,1.00
2018.03.26 03:51:01.854,9.58464,9.58796,1.00,1.00
2018.03.26 03:51:02.059,9.58473,9.58807,1.00,1.00
2018.03.26 03:51:02.326,9.58484,9.58816,1.00,1.00
2018.03.26 03:51:02.377,9.5851,9.58844,1.00,1.00
2018.03.26 03:51:02.428,9.58488,9.5882,1.00,1.00
2018.03.26 03:51:02.761,9.58506,9.58838,1.00,1.00
2018.03.26 03:51:03.081,9.58517,9.58849,1.00,1.00
2018.03.26 03:51:03.387,9.58486,9.58819,1.00,1.00
2018.03.26 03:51:03.819,9.58483,9.58815,1.00,1.00
2018.03.26 03:51:04.364,9.58486,9.58818,1.00,1.00
2018.03.26 03:51:04.665,9.58501,9.58833,1.00,1.00
2018.03.26 03:51:04.975,9.58481,9.58815,1.00,1.00
2018.03.26 03:51:05.282,9.58481,9.58813,1.00,1.00
2018.03.26 03:51:05.879,9.58483,9.58815,1.00,1.00
2018.03.26 03:51:06.409,9.58482,9.58814,1.00,1.00
2018.03.26 03:51:06.957,9.58483,9.58815,1.00,1.00
2018.03.26 03:51:07.609,9.58505,9.58837,1.00,1.00
2018.03.26 03:51:07.938,9.58485,9.58817,1.00,1.00
2018.03.26 03:51:07.990,9.58484,9.58819,1.00,1.00
2018.03.26 03:51:08.215,9.58499,9.58831,1.00,1.00
2018.03.26 03:51:08.521,9.58484,9.58816,1.00,1.00
2018.03.26 03:51:08.776,9.58452,9.5882,1.00,1.00
2018.03.26 03:51:08.828,9.58473,9.58805,1.00,1.00
2018.03.26 03:51:09.083,9.5845,9.58784,1.00,1.00
2018.03.26 03:51:09.345,9.58465,9.58797,1.00,1.00
2018.03.26 03:51:09.396,9.58452,9.58787,1.00,1.00
2018.03.26 03:51:09.632,9.58464,9.58796,1.00,1.00
2018.03.26 03:51:09.784,9.58451,9.58785,1.00,1.00
2018.03.26 03:51:10.038,9.58439,9.58771,1.00,1.00
2018.03.26 03:51:10.360,9.58428,9.5876,1.00,1.00
2018.03.26 03:51:11.687,9.58429,9.5876,1.00,1.00
2018.03.26 03:51:12.819,9.58411,9.58755,1.00,1.00
2018.03.26 03:51:12.973,9.58432,9.58755,1.00,1.00
2018.03.26 03:51:29.752,9.58431,9.58764,1.00,1.00
2018.03.26 03:51:29.803,9.58441,9.58775,1.00,1.00
2018.03.26 03:51:29.885,9.58453,9.58785,1.00,1.00
2018.03.26 03:51:30.232,9.58459,9.58791,1.00,1.00
2018.03.26 03:51:33.518,9.5846,9.58792,1.00,1.00
2018.03.26 03:51:38.578,9.58472,9.58804,1.00,1.00
2018.03.26 03:51:38.884,9.58467,9.58799,1.00,1.00
2018.03.26 03:51:39.628,9.58466,9.58798,1.00,1.00
2018.03.26 03:51:40.355,9.58455,9.58787,1.00,1.00
2018.03.26 03:51:41.696,9.58459,9.58791,1.00,1.00
2018.03.26 03:51:42.091,9.58457,9.58791,1.00,1.00
2018.03.26 03:51:42.542,9.58447,9.58779,1.00,1.00
2018.03.26 03:51:43.067,9.58448,9.5878,1.00,1.00
2018.03.26 03:51:43.393,9.58445,9.58777,1.50,1.00
2018.03.26 03:51:44.943,9.58445,9.58767,1.00,1.00
2018.03.26 03:51:48.548,9.58445,9.5877,1.00,1.00
2018.03.26 03:51:51.995,9.58449,9.58781,1.00,1.00
2018.03.26 03:51:52.097,9.58438,9.5877,1.00,1.00
2018.03.26 03:51:53.595,9.58416,9.58749,1.00,1.00
2018.03.26 03:51:53.646,9.58394,9.58737,1.00,1.00
2018.03.26 03:51:53.697,9.5841,9.58774,1.00,1.00
2018.03.26 03:51:53.851,9.58408,9.5874,1.00,1.00
2018.03.26 03:51:53.902,9.58409,9.58774,1.00,1.00
2018.03.26 03:51:53.954,9.58408,9.5874,1.00,1.00
2018.03.26 03:51:54.005,9.58386,9.58737,1.00,1.00
2018.03.26 03:51:54.108,9.5841,9.58743,1.00,1.00
2018.03.26 03:51:54.210,9.58381,9.58737,1.00,1.00
2018.03.26 03:51:54.261,9.58403,9.58737,1.00,1.00
2018.03.26 03:51:54.594,9.58405,9.58737,1.00,1.00
2018.03.26 03:51:55.300,9.58408,9.5874,1.00,1.00
2018.03.26 03:51:56.828,9.58401,9.58737,1.00,1.00
2018.03.26 03:51:57.132,9.58404,9.58737,1.00,1.00
2018.03.26 03:51:57.183,9.58379,9.58738,1.00,1.00
2018.03.26 03:51:57.691,9.58379,9.58737,1.00,1.00
2018.03.26 03:51:57.847,9.58375,9.58737,1.00,1.00
2018.03.26 03:51:58.330,9.58398,9.58737,1.00,1.00
2018.03.26 03:51:58.831,9.5838,9.58738,1.00,1.00
2018.03.26 03:51:59.086,9.58404,9.58738,1.00,1.00
2018.03.26 03:51:59.138,9.58387,9.58738,1.00,1.00
2018.03.26 03:51:59.414,9.584,9.58768,1.00,1.00
2018.03.26 03:51:59.465,9.58404,9.58736,1.00,1.00
2018.03.26 03:52:00.074,9.58401,9.58766,1.00,1.00
2018.03.26 03:52:00.126,9.58403,9.58735,1.00,1.00
2018.03.26 03:52:00.791,9.58404,9.58736,1.00,1.00
2018.03.26 03:52:00.842,9.58401,9.58734,1.00,1.00
2018.03.26 03:52:01.132,9.584,9.58765,1.00,1.00
2018.03.26 03:52:01.523,9.58401,9.58734,1.00,1.00
2018.03.26 03:52:01.776,9.58398,9.58738,1.00,1.00
2018.03.26 03:52:01.879,9.58415,9.58747,1.00,1.00
2018.03.26 03:52:02.392,9.58394,9.58737,1.00,1.00
2018.03.26 03:52:02.714,9.58392,9.58724,1.00,1.00
2018.03.26 03:52:03.282,9.58408,9.5874,1.00,1.00
2018.03.26 03:52:03.608,9.58392,9.58724,1.00,1.00
2018.03.26 03:52:03.659,9.58408,9.58742,1.00,1.00
2018.03.26 03:52:03.812,9.58396,9.58729,1.00,1.00
2018.03.26 03:52:04.118,9.58398,9.5873,1.00,1.00
2018.03.26 03:52:04.424,9.5841,9.58742,1.00,1.00
2018.03.26 03:52:04.729,9.58423,9.58755,1.00,1.00
2018.03.26 03:52:05.036,9.58429,9.58794,1.00,1.00
2018.03.26 03:52:05.087,9.5846,9.58792,1.00,1.00
2018.03.26 03:52:05.396,9.5848,9.58812,1.00,1.00
2018.03.26 03:52:07.781,9.5849,9.58822,1.00,1.00
2018.03.26 03:52:07.832,9.58501,9.58834,1.00,1.00
2018.03.26 03:52:07.883,9.58506,9.58839,1.00,1.00
2018.03.26 03:52:08.631,9.58518,9.5885,1.00,1.00
2018.03.26 03:52:08.939,9.58526,9.58858,1.00,1.00
2018.03.26 03:52:15.673,9.58515,9.58847,1.00,1.00
2018.03.26 03:52:15.878,9.58494,9.58827,1.00,1.00
2018.03.26 03:52:15.930,9.58456,9.58826,1.00,1.00
2018.03.26 03:52:16.033,9.58473,9.58805,1.00,1.00
2018.03.26 03:52:16.343,9.58463,9.58795,1.00,1.00
2018.03.26 03:52:16.445,9.5846,9.58794,1.00,1.00
2018.03.26 03:52:16.708,9.5845,9.58782,1.00,1.00
2018.03.26 03:52:16.875,9.58451,9.58784,1.00,1.00
2018.03.26 03:52:17.384,9.58451,9.58783,1.00,1.00
2018.03.26 03:52:17.799,9.58424,9.58756,1.00,1.00
2018.03.26 03:52:17.901,9.58411,9.58744,1.00,1.00
2018.03.26 03:52:18.003,9.5841,9.58742,1.00,1.00
2018.03.26 03:52:18.358,9.58407,9.58739,1.00,1.00
2018.03.26 03:52:18.818,9.58398,9.5873,1.00,1.00
2018.03.26 03:52:19.216,9.58383,9.58715,1.00,1.00
2018.03.26 03:52:19.792,9.58382,9.58714,1.00,1.00
2018.03.26 03:52:21.003,9.58364,9.58714,1.00,1.00
2018.03.26 03:52:21.521,9.58363,9.58713,1.00,1.00
2018.03.26 03:52:22.469,9.58331,9.58713,1.00,1.00
2018.03.26 03:52:22.725,9.58331,9.58713,1.00,1.60
2018.03.26 03:52:23.031,9.58331,9.58713,1.00,1.60
2018.03.26 03:52:23.133,9.58331,9.58713,1.00,1.00
2018.03.26 03:52:23.515,9.58331,9.58713,1.00,1.60
2018.03.26 03:52:23.862,9.58331,9.58713,1.00,1.60
2018.03.26 03:52:24.312,9.58292,9.58713,1.00,1.60
2018.03.26 03:52:24.363,9.58292,9.58713,1.00,1.60
2018.03.26 03:52:24.494,9.58292,9.58711,1.00,1.60
2018.03.26 03:52:24.552,9.58292,9.58713,1.00,1.60
2018.03.26 03:52:24.603,9.58314,9.58713,1.00,1.60
2018.03.26 03:52:24.655,9.58294,9.58713,1.00,1.60
2018.03.26 03:52:24.854,9.58294,9.58713,1.00,1.60
2018.03.26 03:52:25.637,9.58294,9.58713,1.00,1.60
2018.03.26 03:52:31.181,9.58294,9.58712,1.00,1.60
2018.03.26 03:52:31.559,9.58294,9.58712,1.00,1.60
2018.03.26 03:52:31.909,9.58294,9.58703,1.00,1.60
2018.03.26 03:52:32.260,9.58294,9.58703,1.00,1.60
2018.03.26 03:52:33.638,9.58282,9.58695,1.00,1.60
2018.03.26 03:52:34.753,9.58282,9.58698,1.00,1.60
2018.03.26 03:52:34.804,9.58288,9.58704,1.00,1.60
2018.03.26 03:52:37.076,9.58288,9.58704,1.00,1.60
2018.03.26 03:52:37.128,9.58288,9.58703,1.00,1.60
2018.03.26 03:52:37.180,9.58305,9.58713,1.00,1.60
2018.03.26 03:52:37.487,9.58333,9.58713,1.00,1.00
2018.03.26 03:52:37.831,9.58346,9.58713,1.00,1.00
2018.03.26 03:52:38.299,9.58355,9.58737,1.00,1.00
2018.03.26 03:52:38.350,9.58348,9.58713,1.00,1.00
2018.03.26 03:52:38.606,9.58353,9.58749,1.00,1.00
2018.03.26 03:52:38.657,9.5835,9.5875,1.00,1.00
2018.03.26 03:52:38.991,9.58371,9.58749,1.00,1.00
2018.03.26 03:52:47.688,9.58373,9.58714,1.00,1.00
2018.03.26 03:52:48.751,9.58364,9.58713,1.00,1.00
2018.03.26 03:52:49.850,9.58365,9.58713,1.00,1.00
2018.03.26 03:52:50.950,9.58341,9.58713,1.00,1.00
2018.03.26 03:53:03.698,9.58357,9.58713,1.00,1.00
2018.03.26 03:53:04.843,9.58359,9.58713,1.00,1.00
2018.03.26 03:53:16.981,9.5833,9.58713,1.00,1.00
2018.03.26 03:53:17.032,9.58351,9.58713,1.00,1.00
2018.03.26 03:53:17.083,9.58349,9.58713,1.00,1.00
2018.03.26 03:53:18.728,9.5836,9.58713,1.00,1.00
2018.03.26 03:53:19.873,9.58361,9.58713,1.00,1.00
2018.03.26 03:53:20.794,9.58361,9.58713,1.00,1.60
2018.03.26 03:53:20.896,9.5834,9.58713,1.00,1.60
2018.03.26 03:53:20.948,9.5834,9.58713,1.00,1.60
2018.03.26 03:53:20.999,9.5834,9.58713,1.00,1.60
2018.03.26 03:53:21.352,9.5834,9.58713,1.00,1.60
2018.03.26 03:53:21.701,9.5834,9.58713,1.00,1.60
2018.03.26 03:53:21.752,9.58305,9.58713,1.00,1.60
2018.03.26 03:53:21.804,9.58305,9.58713,1.00,1.60
2018.03.26 03:53:21.906,9.58284,9.58713,1.00,1.60
2018.03.26 03:53:21.993,9.58284,9.58707,1.00,1.60
2018.03.26 03:53:22.045,9.58284,9.58705,1.00,1.60
2018.03.26 03:53:22.096,9.58284,9.58705,1.00,1.60
2018.03.26 03:53:22.148,9.58284,9.58696,1.00,2.10
2018.03.26 03:53:22.250,9.58284,9.58696,1.00,1.60
2018.03.26 03:53:22.301,9.58284,9.58706,1.00,1.60
2018.03.26 03:53:22.353,9.58284,9.58705,1.00,2.10
2018.03.26 03:53:22.718,9.58284,9.58706,1.00,1.60
2018.03.26 03:53:23.261,9.58284,9.58704,1.00,2.10
2018.03.26 03:53:23.616,9.58284,9.58693,1.00,2.10
2018.03.26 03:53:23.871,9.58284,9.58705,1.00,1.60
2018.03.26 03:53:23.974,9.58284,9.58709,1.00,2.10
2018.03.26 03:53:24.025,9.58284,9.58705,1.00,1.60
2018.03.26 03:53:24.077,9.58284,9.58705,1.00,1.60
2018.03.26 03:53:24.128,9.58284,9.58703,1.00,2.10
2018.03.26 03:53:24.180,9.58284,9.58705,1.00,2.85
2018.03.26 03:53:24.231,9.58284,9.58703,1.00,2.10
2018.03.26 03:53:24.336,9.58284,9.58705,1.00,1.60
2018.03.26 03:53:24.387,9.58284,9.58695,1.00,1.60
2018.03.26 03:53:24.799,9.58284,9.58695,1.00,1.60
2018.03.26 03:53:25.141,9.58284,9.58683,1.00,2.10
2018.03.26 03:53:28.809,9.58284,9.5869,1.00,2.10
2018.03.26 03:53:29.229,9.58284,9.58692,1.00,2.10
2018.03.26 03:53:29.556,9.58284,9.58694,1.00,2.10
2018.03.26 03:53:31.632,9.58284,9.58695,1.00,1.60
2018.03.26 03:53:33.758,9.5827,9.58695,1.00,1.60
2018.03.26 03:53:40.672,9.5827,9.58695,1.00,1.60
2018.03.26 03:53:40.723,9.5827,9.58695,1.00,1.60
2018.03.26 03:53:40.775,9.5827,9.58705,1.00,1.60
2018.03.26 03:53:40.826,9.5827,9.58707,1.00,1.60
2018.03.26 03:53:40.878,9.5829,9.58713,1.00,1.60
2018.03.26 03:53:40.929,9.5829,9.58713,1.00,1.60
2018.03.26 03:53:41.353,9.5829,9.58713,1.00,1.60
2018.03.26 03:53:41.405,9.5829,9.58713,1.00,1.60
2018.03.26 03:53:42.035,9.5829,9.58713,1.00,1.60
2018.03.26 03:53:42.086,9.5829,9.58713,1.00,1.60
2018.03.26 03:53:42.997,9.5829,9.58713,1.00,1.60
2018.03.26 03:53:43.100,9.5829,9.58713,1.00,1.60
2018.03.26 03:53:43.151,9.5829,9.58713,1.00,1.60
2018.03.26 03:53:43.311,9.5829,9.58713,1.00,1.60
2018.03.26 03:53:43.363,9.5829,9.58713,1.00,1.60
2018.03.26 03:53:43.686,9.5829,9.58713,1.00,1.60
2018.03.26 03:53:46.488,9.5829,9.58713,1.00,1.60
2018.03.26 03:53:46.850,9.5829,9.58713,1.00,1.60
2018.03.26 03:53:48.788,9.58292,9.58713,1.00,1.60
2018.03.26 03:53:49.307,9.58292,9.58713,1.00,1.60
2018.03.26 03:53:49.409,9.58292,9.58713,1.00,1.60
2018.03.26 03:53:49.562,9.58292,9.58713,1.00,1.60
2018.03.26 03:53:49.933,9.58289,9.58713,1.00,1.60
2018.03.26 03:53:50.041,9.58289,9.58713,1.00,1.60
2018.03.26 03:53:50.092,9.58289,9.58713,1.00,1.60
2018.03.26 03:53:52.035,9.58289,9.58713,1.00,1.60
2018.03.26 03:53:52.835,9.58289,9.58713,1.00,1.60
2018.03.26 03:53:54.810,9.58289,9.58713,1.00,1.60
2018.03.26 03:53:54.861,9.58289,9.58713,1.00,1.60
2018.03.26 03:54:01.019,9.58289,9.58713,1.00,1.97
2018.03.26 03:54:01.350,9.58289,9.58713,1.00,1.60
2018.03.26 03:54:02.844,9.58289,9.58713,1.00,1.60
2018.03.26 03:54:03.819,9.58288,9.58713,1.00,1.60
2018.03.26 03:54:13.793,9.58288,9.58713,1.00,1.60
2018.03.26 03:54:15.537,9.58288,9.58713,1.00,1.60
2018.03.26 03:54:15.588,9.58288,9.58713,1.00,1.60
2018.03.26 03:54:15.691,9.58288,9.58713,1.00,1.60
2018.03.26 03:54:15.797,9.58288,9.58713,1.00,1.60
2018.03.26 03:54:16.148,9.58288,9.58713,1.00,1.60
2018.03.26 03:54:17.242,9.58288,9.58713,1.00,1.60
2018.03.26 03:54:17.294,9.58288,9.58713,1.00,1.60
2018.03.26 03:54:17.345,9.58288,9.58713,1.00,1.60
2018.03.26 03:54:17.736,9.58288,9.58713,1.00,1.60
2018.03.26 03:54:18.243,9.58288,9.58713,1.00,1.60
2018.03.26 03:54:18.623,9.58288,9.58713,1.00,1.60
2018.03.26 03:54:19.272,9.58289,9.58713,1.00,1.60
2018.03.26 03:54:19.703,9.58289,9.58713,1.00,1.60
2018.03.26 03:54:19.993,9.58291,9.58713,1.00,1.60
2018.03.26 03:54:20.044,9.58291,9.58713,1.00,1.60
2018.03.26 03:54:27.640,9.58291,9.58713,1.00,1.60
2018.03.26 03:54:29.507,9.58291,9.58713,1.00,1.60
2018.03.26 03:54:31.162,9.58291,9.58713,1.00,1.60
2018.03.26 03:54:33.878,9.58292,9.58713,1.00,1.60
2018.03.26 03:54:47.846,9.58292,9.58713,1.00,1.60
2018.03.26 03:54:48.908,9.58291,9.58713,1.00,1.60
2018.03.26 03:54:57.829,9.58291,9.58713,1.00,1.60
2018.03.26 03:54:58.084,9.58291,9.58713,1.00,1.60
2018.03.26 03:55:00.230,9.58291,9.58713,1.00,1.60
2018.03.26 03:55:00.339,9.58291,9.58713,1.00,1.60
2018.03.26 03:55:00.676,9.58291,9.58713,1.00,1.60
2018.03.26 03:55:01.006,9.58291,9.58703,1.00,2.10
2018.03.26 03:55:01.442,9.58291,9.58691,1.00,2.10
2018.03.26 03:55:01.494,9.58291,9.58694,1.00,2.10
2018.03.26 03:55:01.667,9.58291,9.58697,1.00,2.10
2018.03.26 03:55:01.774,9.58291,9.58692,1.00,2.10
2018.03.26 03:55:03.980,9.58279,9.58692,1.00,2.10
2018.03.26 03:55:06.240,9.58279,9.58694,1.00,2.10
2018.03.26 03:55:07.543,9.58279,9.58696,1.00,2.10
2018.03.26 03:55:07.594,9.58279,9.58698,1.00,2.10
2018.03.26 03:55:07.646,9.58279,9.58696,1.00,2.10
2018.03.26 03:55:08.948,9.58279,9.58699,1.00,2.10
2018.03.26 03:55:09.050,9.58279,9.58705,1.00,1.60
2018.03.26 03:55:09.202,9.583,9.58713,1.00,1.60
2018.03.26 03:55:09.509,9.583,9.58705,1.00,1.60
2018.03.26 03:55:09.560,9.583,9.58705,1.00,1.60
2018.03.26 03:55:09.611,9.583,9.58705,1.00,1.60
2018.03.26 03:55:09.664,9.583,9.58705,1.00,1.60
2018.03.26 03:55:09.716,9.583,9.58705,1.00,1.60
2018.03.26 03:55:09.768,9.583,9.58705,1.00,1.60
2018.03.26 03:55:09.820,9.583,9.58713,1.00,1.60
2018.03.26 03:55:09.871,9.583,9.58706,1.00,1.60
2018.03.26 03:55:10.215,9.583,9.58706,1.00,1.60
2018.03.26 03:55:10.519,9.583,9.58706,1.00,1.60
2018.03.26 03:55:10.829,9.583,9.58705,1.00,2.10
2018.03.26 03:55:11.091,9.583,9.58705,1.00,1.60
2018.03.26 03:55:11.142,9.583,9.58705,1.00,1.60
2018.03.26 03:55:11.193,9.583,9.58705,1.00,1.60
2018.03.26 03:55:11.540,9.583,9.58705,1.00,1.60
2018.03.26 03:55:11.643,9.583,9.58705,1.00,1.60
2018.03.26 03:55:11.694,9.583,9.58705,1.00,1.60
2018.03.26 03:55:11.954,9.583,9.58705,1.00,1.60
2018.03.26 03:55:12.687,9.583,9.58705,1.00,1.60
2018.03.26 03:55:12.739,9.583,9.58705,1.00,2.85
2018.03.26 03:55:18.968,9.58299,9.58705,1.00,2.85
2018.03.26 03:55:20.626,9.58299,9.58705,1.00,1.60
2018.03.26 03:55:20.677,9.58299,9.58705,1.00,1.60
2018.03.26 03:55:20.779,9.58299,9.58705,1.00,1.60
2018.03.26 03:55:20.830,9.58299,9.58713,1.00,1.00
2018.03.26 03:55:20.932,9.5832,9.58714,1.00,1.00
2018.03.26 03:55:21.314,9.58293,9.58713,1.00,1.00
2018.03.26 03:55:21.365,9.58324,9.58713,1.00,1.00
2018.03.26 03:55:33.695,9.5835,9.58713,1.00,1.00
2018.03.26 03:55:33.951,9.58308,9.58713,1.00,1.60
2018.03.26 03:55:34.002,9.58308,9.58713,1.00,1.60
2018.03.26 03:55:34.308,9.58336,9.58713,1.00,1.60
2018.03.26 03:55:34.464,9.58336,9.58713,1.00,1.35
2018.03.26 03:55:34.672,9.58314,9.58713,1.00,1.60
2018.03.26 03:55:34.825,9.58314,9.58713,1.00,1.60
2018.03.26 03:55:35.167,9.58314,9.58713,1.00,1.60
2018.03.26 03:55:35.988,9.58293,9.58713,1.00,1.60
2018.03.26 03:55:36.039,9.58293,9.58713,1.00,1.60
2018.03.26 03:55:36.141,9.58293,9.58713,1.00,1.60
2018.03.26 03:55:36.193,9.58293,9.58713,1.00,1.60
2018.03.26 03:55:36.622,9.58293,9.58713,1.00,1.60
2018.03.26 03:55:37.235,9.58293,9.58713,1.00,1.60
2018.03.26 03:55:37.440,9.58293,9.58713,1.00,1.60
2018.03.26 03:55:37.491,9.58293,9.58713,1.00,1.60
2018.03.26 03:55:39.061,9.58293,9.58713,1.00,1.60
2018.03.26 03:55:45.937,9.58293,9.58713,1.00,1.60
2018.03.26 03:55:46.574,9.58293,9.58713,1.00,1.60
2018.03.26 03:55:46.883,9.58293,9.58713,1.00,1.60
2018.03.26 03:55:47.752,9.58293,9.58713,1.00,1.60
2018.03.26 03:55:49.034,9.58291,9.58713,1.00,1.60
2018.03.26 03:55:53.592,9.58291,9.58713,1.00,1.60
2018.03.26 03:55:53.644,9.58291,9.58713,1.00,1.60
2018.03.26 03:55:53.695,9.58291,9.58707,1.00,1.60
2018.03.26 03:55:53.797,9.58291,9.58713,1.00,1.60
2018.03.26 03:55:54.095,9.58291,9.58713,1.00,1.60
2018.03.26 03:55:54.403,9.58291,9.58713,1.00,1.60
2018.03.26 03:55:54.454,9.58291,9.58713,1.00,1.60
2018.03.26 03:55:54.505,9.58291,9.58713,1.00,1.60
2018.03.26 03:55:54.770,9.58291,9.58713,1.00,1.60
2018.03.26 03:55:54.821,9.58291,9.58713,1.00,1.60
2018.03.26 03:55:56.830,9.58297,9.58713,1.00,1.60
2018.03.26 03:55:59.770,9.58297,9.58713,1.00,1.60
2018.03.26 03:56:00.711,9.58297,9.58713,1.00,1.60
2018.03.26 03:56:00.762,9.58291,9.58713,1.00,1.60
2018.03.26 03:56:00.814,9.58291,9.58713,1.00,1.60
2018.03.26 03:56:00.867,9.58291,9.58713,1.00,1.60
2018.03.26 03:56:01.303,9.58291,9.58713,1.00,1.60
2018.03.26 03:56:01.575,9.58291,9.58713,1.00,1.60
2018.03.26 03:56:01.626,9.58291,9.58713,1.00,1.60
2018.03.26 03:56:03.094,9.58291,9.58713,1.00,1.60
2018.03.26 03:56:03.534,9.58313,9.58713,1.00,1.00
2018.03.26 03:56:04.058,9.58315,9.58713,1.00,1.00
2018.03.26 03:56:04.554,9.58333,9.58713,1.00,1.00
2018.03.26 03:56:05.203,9.58333,9.58714,1.00,1.00
2018.03.26 03:56:06.721,9.58333,9.58714,1.00,1.60
2018.03.26 03:56:07.176,9.58333,9.58714,1.00,1.60
2018.03.26 03:56:07.493,9.58333,9.58714,1.00,1.60
2018.03.26 03:56:07.751,9.58333,9.58714,1.00,1.60
2018.03.26 03:56:09.115,9.58303,9.58714,1.00,1.60
2018.03.26 03:56:09.166,9.58303,9.58714,1.00,1.60
2018.03.26 03:56:09.218,9.58303,9.58714,1.00,1.60
2018.03.26 03:56:09.524,9.58303,9.58705,1.00,1.60
2018.03.26 03:56:09.575,9.58303,9.58714,1.00,1.60
2018.03.26 03:56:09.627,9.58303,9.58705,1.00,1.60
2018.03.26 03:56:09.678,9.58303,9.58705,1.00,1.60
2018.03.26 03:56:09.730,9.58303,9.58705,1.00,1.60
2018.03.26 03:56:09.781,9.58303,9.58714,1.00,1.60
2018.03.26 03:56:09.832,9.58303,9.58705,1.00,1.60
2018.03.26 03:56:09.935,9.58303,9.58705,1.00,1.60
2018.03.26 03:56:09.986,9.58303,9.58712,1.00,1.60
2018.03.26 03:56:10.037,9.58303,9.58705,1.00,1.60
2018.03.26 03:56:10.089,9.58303,9.58705,1.00,1.60
2018.03.26 03:56:10.140,9.58303,9.58705,1.00,1.60
2018.03.26 03:56:10.192,9.58303,9.58712,1.00,1.60
2018.03.26 03:56:10.243,9.58303,9.58712,1.00,1.60
2018.03.26 03:56:10.295,9.58303,9.58705,1.00,1.60
2018.03.26 03:56:10.691,9.58305,9.58696,1.00,1.00
2018.03.26 03:56:11.034,9.58331,9.58714,1.00,1.60
2018.03.26 03:56:11.136,9.58306,9.58695,1.00,1.60
2018.03.26 03:56:11.188,9.58306,9.58695,1.00,1.60
2018.03.26 03:56:11.336,9.58306,9.58695,1.00,1.60
2018.03.26 03:56:11.409,9.58306,9.58695,1.00,1.60
2018.03.26 03:56:11.460,9.58306,9.58695,1.00,1.60
2018.03.26 03:56:11.511,9.58306,9.58695,1.00,1.60
2018.03.26 03:56:11.818,9.58306,9.58688,1.00,2.10
2018.03.26 03:56:11.869,9.58306,9.58695,1.00,1.60
2018.03.26 03:56:11.921,9.58306,9.58695,1.00,1.60
2018.03.26 03:56:11.973,9.58306,9.58695,1.00,1.60
2018.03.26 03:56:12.024,9.58306,9.58695,1.00,1.60
2018.03.26 03:56:12.364,9.58306,9.58695,1.00,1.60
2018.03.26 03:56:12.713,9.58306,9.58689,1.00,2.10
2018.03.26 03:56:16.633,9.58286,9.58706,1.00,2.85
2018.03.26 03:56:16.736,9.58283,9.58713,1.00,1.60
2018.03.26 03:56:16.788,9.58288,9.58687,1.00,1.60
2018.03.26 03:56:16.839,9.58288,9.58687,1.00,1.60
2018.03.26 03:56:16.890,9.58288,9.58687,1.00,1.60
2018.03.26 03:56:16.941,9.58288,9.58687,1.00,1.60
2018.03.26 03:56:16.992,9.58288,9.58687,1.00,1.60
2018.03.26 03:56:17.042,9.58288,9.58687,1.00,1.60
2018.03.26 03:56:17.093,9.58288,9.58687,1.00,1.60
2018.03.26 03:56:17.397,9.58288,9.58687,1.00,1.60
2018.03.26 03:56:17.702,9.58318,9.58705,1.00,1.60
2018.03.26 03:56:17.854,9.58298,9.58705,1.00,1.60
2018.03.26 03:56:17.905,9.58298,9.58705,1.00,1.60
2018.03.26 03:56:17.956,9.58298,9.58713,1.00,1.60
2018.03.26 03:56:18.008,9.58298,9.58713,1.00,1.60
2018.03.26 03:56:18.312,9.58298,9.58705,1.00,1.60
2018.03.26 03:56:18.363,9.58298,9.58705,1.00,1.60
2018.03.26 03:56:18.414,9.58298,9.58705,1.00,1.60
2018.03.26 03:56:18.465,9.58298,9.58713,1.00,1.60
2018.03.26 03:56:18.517,9.58298,9.58705,1.00,1.60
2018.03.26 03:56:18.568,9.58298,9.58705,1.00,1.60
2018.03.26 03:56:18.620,9.58304,9.58713,1.00,1.60
2018.03.26 03:56:18.671,9.58304,9.58713,1.00,1.60
2018.03.26 03:56:18.723,9.58282,9.58674,1.00,1.60
2018.03.26 03:56:18.775,9.58306,9.58695,1.00,1.60
2018.03.26 03:56:18.826,9.58282,9.5867,1.00,1.60
2018.03.26 03:56:18.878,9.58282,9.5867,1.00,1.60
2018.03.26 03:56:19.183,9.58306,9.58695,1.00,1.60
2018.03.26 03:56:19.233,9.58306,9.58695,1.00,1.60
2018.03.26 03:56:19.284,9.58306,9.58695,1.00,1.60
2018.03.26 03:56:19.335,9.58306,9.58695,1.00,1.60
2018.03.26 03:56:19.437,9.58306,9.58695,1.00,1.60
2018.03.26 03:56:19.488,9.58306,9.58695,1.00,1.60
2018.03.26 03:56:19.799,9.58306,9.58695,1.00,1.60
2018.03.26 03:56:20.128,9.58306,9.58695,1.00,1.60
2018.03.26 03:56:20.437,9.58306,9.58695,1.00,1.60
2018.03.26 03:56:20.604,9.58306,9.58695,1.00,1.60
2018.03.26 03:56:20.656,9.58298,9.58713,1.00,1.60
2018.03.26 03:56:20.707,9.58298,9.58713,1.00,1.60
2018.03.26 03:56:20.758,9.58276,9.58695,1.00,1.60
2018.03.26 03:56:20.810,9.58291,9.58684,1.00,1.60
2018.03.26 03:56:20.912,9.58298,9.58713,1.00,1.60
2018.03.26 03:56:20.963,9.58298,9.58705,1.50,1.60
2018.03.26 03:56:21.117,9.58298,9.58705,1.50,1.60
2018.03.26 03:56:21.168,9.58298,9.58705,1.50,1.60
2018.03.26 03:56:21.219,9.58298,9.58706,1.50,1.60
2018.03.26 03:56:21.424,9.58298,9.58705,1.50,1.60
2018.03.26 03:56:21.475,9.58298,9.58705,1.50,1.60
2018.03.26 03:56:21.526,9.58298,9.58705,1.50,1.60
2018.03.26 03:56:21.578,9.58298,9.58687,1.00,1.60
2018.03.26 03:56:21.629,9.58298,9.58687,1.00,1.60
2018.03.26 03:56:21.783,9.58298,9.58713,1.00,1.60
2018.03.26 03:56:21.834,9.58298,9.58713,1.00,1.60
2018.03.26 03:56:21.886,9.58298,9.58706,1.00,1.60
2018.03.26 03:56:21.937,9.58298,9.58706,1.00,1.60
2018.03.26 03:56:21.989,9.58298,9.58705,1.00,1.60
2018.03.26 03:56:22.040,9.58298,9.58713,1.00,1.60
2018.03.26 03:56:22.092,9.58298,9.58713,1.00,1.60
2018.03.26 03:56:22.246,9.58298,9.58713,1.00,1.60
2018.03.26 03:56:22.348,9.58298,9.58713,1.00,1.60
2018.03.26 03:56:22.486,9.58298,9.58713,1.00,1.60
2018.03.26 03:56:22.897,9.58298,9.58713,1.00,1.60
2018.03.26 03:56:24.140,9.58298,9.58713,1.00,1.60
2018.03.26 03:56:25.252,9.58298,9.58713,1.00,1.60
2018.03.26 03:56:26.664,9.58298,9.58713,1.00,1.60
2018.03.26 03:56:26.715,9.58298,9.58713,1.00,1.60
2018.03.26 03:56:26.766,9.58298,9.58713,1.00,1.60
2018.03.26 03:56:26.818,9.583,9.58713,1.00,1.60
2018.03.26 03:56:27.161,9.58304,9.58713,1.00,1.60
2018.03.26 03:56:27.263,9.58304,9.58713,1.00,1.60
2018.03.26 03:56:27.560,9.58304,9.58713,1.00,1.60
2018.03.26 03:56:27.611,9.58304,9.58713,1.00,1.60
2018.03.26 03:56:27.772,9.58304,9.58713,1.00,1.60
2018.03.26 03:56:29.116,9.58304,9.58713,1.00,1.60
2018.03.26 03:56:31.087,9.58304,9.58713,1.00,1.00
2018.03.26 03:56:31.883,9.58321,9.58713,1.00,1.00
2018.03.26 03:56:34.118,9.58316,9.58713,1.00,1.00
2018.03.26 03:56:39.711,9.58316,9.58713,1.00,1.60
2018.03.26 03:56:40.017,9.58295,9.58713,1.00,1.60
2018.03.26 03:56:40.119,9.58297,9.58713,1.00,1.60
2018.03.26 03:56:40.296,9.58297,9.58713,1.00,1.60
2018.03.26 03:56:40.597,9.58297,9.58713,1.00,1.60
2018.03.26 03:56:40.902,9.58297,9.58713,1.00,1.60
2018.03.26 03:56:41.271,9.58295,9.58691,1.00,1.60
2018.03.26 03:56:41.404,9.58274,9.58705,1.00,2.85
2018.03.26 03:56:41.456,9.58289,9.58686,1.00,1.60
2018.03.26 03:56:41.769,9.58274,9.58697,1.00,1.60
2018.03.26 03:56:42.041,9.58279,9.58672,1.00,1.60
2018.03.26 03:56:42.404,9.58279,9.58672,1.00,1.60
2018.03.26 03:56:49.075,9.58279,9.58672,1.00,1.60
2018.03.26 03:56:49.128,9.58279,9.58672,1.00,1.60
2018.03.26 03:56:49.179,9.58279,9.58672,1.00,1.60
2018.03.26 03:56:49.276,9.58279,9.58672,1.00,1.60
2018.03.26 03:56:49.583,9.58279,9.58672,1.00,1.60
2018.03.26 03:56:51.480,9.58279,9.58672,1.00,1.60
2018.03.26 03:56:51.531,9.58279,9.58672,1.00,1.60
2018.03.26 03:56:51.582,9.58279,9.58672,1.00,1.00
2018.03.26 03:56:51.634,9.58292,9.58713,1.00,1.60
2018.03.26 03:56:51.685,9.58292,9.58713,1.00,1.60
2018.03.26 03:56:51.737,9.58292,9.58713,1.00,1.60
2018.03.26 03:56:51.788,9.58292,9.58713,1.00,1.60
2018.03.26 03:56:51.928,9.58292,9.58713,1.00,1.60
2018.03.26 03:56:52.030,9.58292,9.58713,1.00,1.60
2018.03.26 03:56:52.082,9.58292,9.58713,1.00,1.60
2018.03.26 03:56:53.160,9.58292,9.58713,1.00,1.60
2018.03.26 03:56:53.574,9.58292,9.58713,1.00,1.60
2018.03.26 03:56:54.132,9.58292,9.58713,1.00,1.60
2018.03.26 03:56:54.440,9.58292,9.58713,1.00,1.60
2018.03.26 03:56:54.906,9.58292,9.58713,1.00,1.60
2018.03.26 03:56:55.122,9.58287,9.58674,1.00,1.60
2018.03.26 03:56:55.174,9.58287,9.58674,1.00,1.60
2018.03.26 03:56:55.225,9.58287,9.58674,1.00,1.60
2018.03.26 03:56:55.551,9.58287,9.58674,1.00,1.60
2018.03.26 03:56:56.277,9.58287,9.58674,1.00,1.60
2018.03.26 03:56:59.022,9.58287,9.58674,1.00,1.60
2018.03.26 03:56:59.074,9.58287,9.58674,1.00,1.60
2018.03.26 03:56:59.635,9.58287,9.58674,1.00,1.60
2018.03.26 03:56:59.686,9.58286,9.58631,1.00,1.00
2018.03.26 03:56:59.789,9.58285,9.58697,1.00,1.60
2018.03.26 03:57:00.260,9.58285,9.58697,1.00,1.60
2018.03.26 03:57:00.312,9.58285,9.58697,1.00,1.60
2018.03.26 03:57:00.363,9.58303,9.58697,1.00,1.00
2018.03.26 03:57:00.671,9.58328,9.58696,1.00,1.00
2018.03.26 03:57:01.193,9.58327,9.58696,1.00,1.00
2018.03.26 03:57:01.576,9.58329,9.58661,1.00,1.00
2018.03.26 03:57:01.627,9.58327,9.58696,1.00,1.00
2018.03.26 03:57:01.978,9.58327,9.58664,1.00,1.00
2018.03.26 03:57:02.029,9.58327,9.58694,1.00,1.00
2018.03.26 03:57:03.228,9.5833,9.58662,1.00,1.00
2018.03.26 03:57:03.718,9.58327,9.58692,1.00,1.00
2018.03.26 03:57:03.770,9.58327,9.58664,1.00,1.00
2018.03.26 03:57:03.872,9.58327,9.58669,1.00,1.00
2018.03.26 03:57:04.178,9.58331,9.58664,1.00,1.00
2018.03.26 03:57:04.230,9.58327,9.58667,1.00,1.00
2018.03.26 03:57:04.281,9.58332,9.58664,1.00,1.00
2018.03.26 03:57:04.492,9.58327,9.58666,1.00,1.00
2018.03.26 03:57:05.236,9.58334,9.58666,1.00,1.00
2018.03.26 03:57:05.288,9.58327,9.58672,1.00,1.00
2018.03.26 03:57:06.558,9.58335,9.58667,1.00,1.00
2018.03.26 03:57:09.202,9.58327,9.58688,1.00,1.00
2018.03.26 03:57:09.254,9.58333,9.58665,1.00,1.00
2018.03.26 03:57:09.562,9.58327,9.58687,1.00,1.00
2018.03.26 03:57:10.302,9.58327,9.58686,1.00,1.00
2018.03.26 03:57:11.242,9.58327,9.58685,1.00,1.00
2018.03.26 03:57:11.748,9.58327,9.58684,1.00,1.00
2018.03.26 03:57:12.512,9.58327,9.58683,1.00,1.00
2018.03.26 03:57:13.215,9.58327,9.58682,1.00,1.00
2018.03.26 03:57:13.769,9.58327,9.58683,1.00,1.00
2018.03.26 03:57:13.929,9.58327,9.58681,1.00,1.00
2018.03.26 03:57:14.431,9.58327,9.58682,1.00,1.00
2018.03.26 03:57:14.736,9.58327,9.58676,1.00,1.00
2018.03.26 03:57:14.839,9.58293,9.58676,1.00,1.00
2018.03.26 03:57:15.066,9.58312,9.58676,1.00,1.00
2018.03.26 03:57:19.208,9.58312,9.58673,1.00,1.00
2018.03.26 03:57:31.787,9.58312,9.58656,1.00,1.00
2018.03.26 03:57:32.100,9.58312,9.58621,1.00,1.00
2018.03.26 03:57:33.693,9.58312,9.58619,1.00,1.00
2018.03.26 03:57:33.744,9.58312,9.58638,1.00,1.00
2018.03.26 03:57:33.796,9.58333,9.58622,1.00,1.00
2018.03.26 03:57:33.848,9.58333,9.58653,1.00,1.60
2018.03.26 03:57:34.022,9.58333,9.58622,1.00,1.00
2018.03.26 03:57:34.657,9.58333,9.58652,1.00,1.60
2018.03.26 03:57:34.708,9.58312,9.58638,1.00,1.00
2018.03.26 03:57:34.810,9.58312,9.58616,1.00,1.00
2018.03.26 03:57:35.116,9.5834,9.58624,1.00,1.00
2018.03.26 03:57:35.660,9.5834,9.58623,1.00,1.00
2018.03.26 03:57:47.752,9.58306,9.58623,1.00,1.00
2018.03.26 03:57:47.803,9.58306,9.58613,1.00,1.00
2018.03.26 03:57:47.855,9.58306,9.58635,1.00,1.60
2018.03.26 03:57:47.906,9.58306,9.58635,1.00,1.60
2018.03.26 03:57:47.958,9.58306,9.58635,1.00,1.60
2018.03.26 03:57:48.009,9.58306,9.58635,1.00,1.60
2018.03.26 03:57:48.414,9.58306,9.58635,1.00,1.60
2018.03.26 03:57:48.766,9.5832,9.5863,1.00,1.60
2018.03.26 03:57:49.108,9.5832,9.58605,1.00,1.00
2018.03.26 03:57:50.413,9.5832,9.58603,1.00,1.00
2018.03.26 03:57:52.628,9.5832,9.58605,1.00,1.00
2018.03.26 03:57:53.143,9.58327,9.58621,1.00,1.00
2018.03.26 03:57:53.195,9.58308,9.58608,1.00,1.00
2018.03.26 03:57:53.246,9.58336,9.58609,1.00,1.00
2018.03.26 03:58:04.298,9.58336,9.58608,1.00,1.00
2018.03.26 03:58:07.859,9.58326,9.58619,1.00,1.00
2018.03.26 03:58:19.379,9.58326,9.58622,1.00,1.00
2018.03.26 03:58:20.482,9.58326,9.58625,1.00,1.00
2018.03.26 03:58:34.362,9.58326,9.58622,1.00,1.00
2018.03.26 03:58:49.388,9.58326,9.58624,1.00,1.00
2018.03.26 03:58:56.305,9.58326,9.58609,1.00,1.00
2018.03.26 03:58:56.357,9.58294,9.58609,1.00,1.00
2018.03.26 03:58:56.698,9.58323,9.58609,1.00,1.00
2018.03.26 03:59:04.429,9.58323,9.58601,1.00,1.00
2018.03.26 03:59:49.616,9.58323,9.58607,1.00,1.00
2018.03.26 03:59:54.722,9.58304,9.58616,1.00,1.00
2018.03.26 03:59:54.773,9.58304,9.58626,1.00,1.00
2018.03.26 03:59:54.876,9.58326,9.58626,1.00,1.00
2018.03.26 03:59:54.927,9.58306,9.58626,1.00,1.00
2018.03.26 03:59:55.579,9.5834,9.58626,1.00,1.00
