2013.06.04 11:00:06.379,7.60116,7.60312,1.50,1.35
2013.06.04 11:00:07.359,7.60135,7.6032,1.50,1.35
2013.06.04 11:00:09.714,7.60135,7.6032,1.50,1.35
2013.06.04 11:00:13.072,7.60121,7.60313,1.50,1.35
2013.06.04 11:00:33.360,7.60139,7.60313,1.50,2.10
2013.06.04 11:00:35.520,7.6014,7.60313,1.50,1.35
2013.06.04 11:00:35.599,7.60144,7.60313,1.50,1.35
2013.06.04 11:00:36.290,7.60147,7.60313,1.50,1.35
2013.06.04 11:00:37.069,7.60147,7.60313,1.50,1.35
2013.06.04 11:00:39.965,7.60147,7.60313,1.50,1.35
2013.06.04 11:00:41.220,7.60144,7.60313,1.50,1.35
2013.06.04 11:00:52.330,7.60144,7.60316,1.50,1.35
2013.06.04 11:00:52.960,7.60144,7.60314,1.50,1.35
2013.06.04 11:00:56.409,7.60152,7.60316,1.50,1.35
2013.06.04 11:01:07.192,7.60152,7.60311,1.50,1.35
2013.06.04 11:01:10.142,7.60152,7.60308,1.50,2.85
2013.06.04 11:01:10.490,7.60152,7.60318,1.50,1.83
2013.06.04 11:01:17.520,7.60154,7.60318,1.50,1.83
2013.06.04 11:01:17.930,7.60154,7.60322,1.50,2.03
2013.06.04 11:01:19.061,7.6016,7.60327,2.25,1.80
2013.06.04 11:01:19.366,7.60163,7.60319,1.50,1.50
2013.06.04 11:01:26.601,7.60163,7.60319,1.50,1.50
2013.06.04 11:01:27.489,7.60156,7.60339,1.50,1.50
2013.06.04 11:01:27.670,7.60169,7.6034,1.50,2.78
2013.06.04 11:01:27.971,7.60169,7.6034,1.50,2.78
2013.06.04 11:01:28.330,7.60168,7.60336,2.25,2.78
2013.06.04 11:01:28.393,7.60163,7.60336,1.50,2.78
2013.06.04 11:01:36.810,7.60165,7.60349,1.50,2.59
2013.06.04 11:01:36.930,7.60165,7.60349,1.50,2.40
2013.06.04 11:01:37.051,7.60178,7.60355,1.50,1.35
2013.06.04 11:01:37.171,7.60179,7.60355,1.50,1.35
2013.06.04 11:01:37.665,7.60179,7.60355,1.50,1.35
2013.06.04 11:01:38.241,7.60181,7.60365,1.50,2.70
2013.06.04 11:01:41.450,7.60179,7.60361,1.50,2.14
2013.06.04 11:01:42.229,7.60179,7.60361,1.50,2.14
2013.06.04 11:01:42.571,7.60187,7.60361,1.50,2.14
2013.06.04 11:01:42.631,7.60187,7.6037,1.50,2.22
2013.06.04 11:01:43.990,7.6019,7.60372,1.50,1.69
2013.06.04 11:01:44.051,7.6019,7.60374,2.25,3.64
2013.06.04 11:01:45.671,7.6019,7.60364,1.50,1.69
2013.06.04 11:01:45.738,7.60195,7.60374,1.50,1.69
2013.06.04 11:01:46.126,7.60213,7.60387,1.50,1.69
2013.06.04 11:01:46.493,7.60227,7.60394,1.50,1.35
2013.06.04 11:01:47.240,7.60227,7.60388,1.50,1.73
2013.06.04 11:01:47.301,7.60219,7.60388,1.50,1.73
2013.06.04 11:01:49.981,7.60219,7.60388,1.50,1.92
2013.06.04 11:01:51.330,7.60219,7.60384,1.50,2.74
2013.06.04 11:01:51.630,7.60206,7.60384,1.50,2.74
2013.06.04 11:01:52.001,7.60206,7.60384,1.50,2.74
2013.06.04 11:02:01.341,7.602,7.60379,1.50,1.69
2013.06.04 11:02:01.557,7.60196,7.60378,1.50,3.04
2013.06.04 11:02:01.620,7.60196,7.60373,1.50,1.69
2013.06.04 11:02:01.921,7.60196,7.60376,1.50,1.69
2013.06.04 11:02:03.031,7.60196,7.60376,1.50,1.69
2013.06.04 11:02:03.150,7.60196,7.60369,1.50,1.69
2013.06.04 11:02:03.416,7.60183,7.60364,1.50,1.69
2013.06.04 11:02:03.665,7.60182,7.60362,1.50,1.69
2013.06.04 11:02:08.291,7.60176,7.6036,2.25,2.55
2013.06.04 11:02:10.241,7.60176,7.6035,2.25,1.35
2013.06.04 11:02:18.791,7.60189,7.60363,1.50,2.85
2013.06.04 11:02:22.144,7.60185,7.60359,1.50,1.35
2013.06.04 11:02:29.451,7.60177,7.60349,1.50,1.35
2013.06.04 11:02:33.461,7.60174,7.60349,1.50,1.35
2013.06.04 11:02:34.415,7.60174,7.60356,1.50,1.53
2013.06.04 11:02:40.500,7.60174,7.60356,1.50,1.53
2013.06.04 11:02:50.181,7.60176,7.60356,1.50,1.53
2013.06.04 11:03:00.571,7.60183,7.60356,1.50,2.21
2013.06.04 11:03:06.900,7.60185,7.60356,2.25,2.21
2013.06.04 11:03:10.972,7.60189,7.60356,1.50,2.21
2013.06.04 11:03:11.370,7.60182,7.60352,1.50,1.73
2013.06.04 11:03:18.380,7.60168,7.60352,1.50,1.92
2013.06.04 11:03:19.320,7.60177,7.60352,1.50,1.92
2013.06.04 11:03:21.260,7.60168,7.60353,1.50,1.54
2013.06.04 11:03:21.403,7.60181,7.60356,1.50,1.50
2013.06.04 11:03:41.303,7.60181,7.60352,1.50,1.66
2013.06.04 11:03:41.420,7.60177,7.60352,1.50,1.66
2013.06.04 11:03:42.350,7.60177,7.60353,1.50,2.29
2013.06.04 11:03:53.273,7.60181,7.60351,2.25,1.20
2013.06.04 11:03:53.500,7.60185,7.60351,1.50,1.20
2013.06.04 11:04:11.451,7.60178,7.60356,1.50,2.45
2013.06.04 11:04:14.222,7.60175,7.60356,1.50,2.29
2013.06.04 11:04:24.391,7.60175,7.60354,1.50,1.54
2013.06.04 11:04:24.450,7.60175,7.60378,1.50,2.44
2013.06.04 11:04:24.690,7.6018,7.60383,1.50,2.82
2013.06.04 11:04:28.252,7.6018,7.60383,1.50,2.82
2013.06.04 11:04:30.147,7.6018,7.60383,1.50,2.82
2013.06.04 11:04:30.371,7.6018,7.60383,1.50,2.82
2013.06.04 11:04:30.463,7.6018,7.60383,1.50,2.82
2013.06.04 11:04:30.684,7.6018,7.60383,1.50,2.82
2013.06.04 11:04:30.885,7.6018,7.60383,1.50,2.82
2013.06.04 11:04:33.360,7.60201,7.60383,1.50,2.63
2013.06.04 11:04:33.866,7.60201,7.60383,1.50,2.63
2013.06.04 11:04:34.173,7.6018,7.60383,1.50,2.63
2013.06.04 11:04:35.369,7.6018,7.60351,1.50,2.29
2013.06.04 11:04:41.540,7.60171,7.60351,1.50,2.29
2013.06.04 11:04:41.599,7.60165,7.6035,1.50,1.54
2013.06.04 11:04:41.700,7.60165,7.60343,1.50,1.35
2013.06.04 11:04:42.645,7.60157,7.60343,1.50,1.54
2013.06.04 11:04:45.722,7.60167,7.60343,2.63,1.35
2013.06.04 11:04:45.900,7.60175,7.60351,2.25,2.10
2013.06.04 11:04:46.211,7.60172,7.60351,1.50,2.10
2013.06.04 11:04:48.185,7.60165,7.6035,1.50,1.35
2013.06.04 11:04:53.299,7.60186,7.6035,1.50,1.35
2013.06.04 11:04:54.237,7.60165,7.6035,1.50,1.35
2013.06.04 11:04:56.394,7.60158,7.60343,1.50,1.35
2013.06.04 11:04:57.014,7.60158,7.60343,1.50,1.54
2013.06.04 11:04:57.233,7.60158,7.60343,1.50,1.54
2013.06.04 11:04:57.652,7.60158,7.60343,1.50,1.54
2013.06.04 11:04:58.123,7.60158,7.60343,1.50,1.54
2013.06.04 11:04:58.251,7.60158,7.60343,1.50,1.54
2013.06.04 11:04:59.074,7.6015,7.60338,1.50,1.54
2013.06.04 11:04:59.380,7.6015,7.60338,1.50,1.54
2013.06.04 11:05:00.741,7.60143,7.60338,1.50,1.54
2013.06.04 11:05:05.400,7.60143,7.6032,1.50,2.10
2013.06.04 11:05:07.011,7.60158,7.6032,1.50,2.10
2013.06.04 11:05:07.749,7.60171,7.6032,1.50,2.10
2013.06.04 11:05:09.271,7.60171,7.6032,1.50,2.10
2013.06.04 11:05:11.290,7.60178,7.6032,2.63,2.10
2013.06.04 11:05:11.653,7.60173,7.6032,1.50,2.10
2013.06.04 11:05:13.061,7.60159,7.6032,1.50,2.10
2013.06.04 11:05:17.321,7.60155,7.6032,1.50,2.10
2013.06.04 11:05:19.879,7.60155,7.6032,1.50,2.10
2013.06.04 11:05:27.630,7.60157,7.6032,3.38,2.10
2013.06.04 11:05:28.550,7.60167,7.6032,1.50,2.10
2013.06.04 11:05:28.790,7.60161,7.6032,1.50,2.10
2013.06.04 11:05:28.970,7.60152,7.6032,1.50,2.10
2013.06.04 11:05:31.243,7.60178,7.6032,1.88,2.10
2013.06.04 11:05:31.550,7.60178,7.6032,2.63,2.10
2013.06.04 11:05:31.610,7.60177,7.6032,1.50,2.10
2013.06.04 11:05:31.730,7.60157,7.6032,1.50,2.10
2013.06.04 11:05:36.481,7.60157,7.60333,1.50,2.29
2013.06.04 11:05:38.360,7.60149,7.60333,1.50,2.29
2013.06.04 11:05:40.146,7.60139,7.60323,2.25,1.35
2013.06.04 11:05:40.217,7.60123,7.60318,1.50,1.35
2013.06.04 11:05:40.892,7.60127,7.60318,3.38,1.35
2013.06.04 11:05:41.840,7.60118,7.60318,2.63,1.35
2013.06.04 11:05:45.280,7.60118,7.60302,2.63,1.35
2013.06.04 11:05:46.481,7.60116,7.60294,1.50,1.35
2013.06.04 11:05:47.462,7.6011,7.60293,1.50,1.88
2013.06.04 11:05:47.651,7.6011,7.60258,1.50,2.10
2013.06.04 11:05:47.711,7.60106,7.60258,1.50,2.10
2013.06.04 11:05:47.770,7.60087,7.60258,1.50,2.10
2013.06.04 11:05:48.029,7.60087,7.60278,1.50,1.35
2013.06.04 11:05:48.599,7.60087,7.60256,1.50,2.10
2013.06.04 11:05:48.840,7.60087,7.60256,1.50,2.10
2013.06.04 11:05:50.141,7.60079,7.60264,1.50,1.35
2013.06.04 11:05:50.263,7.60087,7.60271,1.50,2.10
2013.06.04 11:05:50.622,7.60095,7.60271,1.50,2.10
2013.06.04 11:05:52.330,7.60114,7.60271,1.50,2.10
2013.06.04 11:05:52.590,7.60116,7.60303,1.50,4.95
2013.06.04 11:05:52.830,7.60116,7.60303,1.50,3.00
2013.06.04 11:05:53.310,7.60116,7.60303,1.50,2.25
2013.06.04 11:05:55.762,7.60104,7.60283,1.50,2.10
2013.06.04 11:05:56.005,7.60097,7.60281,1.50,1.35
2013.06.04 11:05:58.480,7.60097,7.60281,1.50,1.35
2013.06.04 11:06:03.442,7.60104,7.60286,1.50,2.10
2013.06.04 11:06:07.811,7.60107,7.60286,4.13,2.10
2013.06.04 11:06:17.370,7.60118,7.60286,2.63,2.10
2013.06.04 11:06:29.030,7.60118,7.60303,2.63,2.25
2013.06.04 11:06:37.453,7.60114,7.60303,1.50,2.25
2013.06.04 11:07:37.505,7.60117,7.60318,1.88,2.10
2013.06.04 11:07:38.861,7.60121,7.60307,1.50,1.35
2013.06.04 11:07:44.860,7.60121,7.60312,1.50,1.35
2013.06.04 11:07:46.092,7.60117,7.60312,2.63,1.35
2013.06.04 11:07:51.289,7.60135,7.60312,1.50,1.35
2013.06.04 11:07:51.591,7.60137,7.60321,1.50,1.35
2013.06.04 11:07:52.329,7.60137,7.60313,2.63,1.35
2013.06.04 11:07:54.422,7.60147,7.60313,1.50,1.35
2013.06.04 11:07:55.184,7.60128,7.60313,1.50,1.35
2013.06.04 11:07:55.670,7.60127,7.60312,2.63,1.35
2013.06.04 11:08:16.241,7.60127,7.60314,2.63,1.35
2013.06.04 11:08:36.353,7.60117,7.60314,2.63,1.35
2013.06.04 11:08:38.091,7.60117,7.60293,2.63,2.22
2013.06.04 11:08:38.270,7.60117,7.60283,2.63,1.50
2013.06.04 11:08:38.470,7.60117,7.60283,1.88,1.50
2013.06.04 11:08:38.671,7.60107,7.60283,4.13,1.50
2013.06.04 11:08:38.971,7.60107,7.60283,3.38,1.50
2013.06.04 11:08:40.041,7.60088,7.60283,2.63,1.50
2013.06.04 11:08:40.161,7.60088,7.6028,2.63,1.50
2013.06.04 11:08:41.231,7.60107,7.60297,2.63,2.25
2013.06.04 11:08:41.302,7.60107,7.60306,2.63,1.50
2013.06.04 11:08:41.362,7.60112,7.60314,1.50,1.35
2013.06.04 11:08:53.414,7.60168,7.60316,1.88,1.50
2013.06.04 11:08:53.541,7.60168,7.60321,1.88,1.50
2013.06.04 11:08:53.602,7.60168,7.60341,1.88,1.50
2013.06.04 11:08:53.661,7.60168,7.60346,2.63,1.50
2013.06.04 11:08:53.720,7.60168,7.60354,2.63,1.58
2013.06.04 11:08:53.780,7.60168,7.60354,2.63,1.58
2013.06.04 11:08:54.235,7.60178,7.60362,2.63,1.58
2013.06.04 11:08:54.832,7.60178,7.60362,2.63,1.58
2013.06.04 11:08:56.321,7.60178,7.60362,2.63,1.58
2013.06.04 11:08:57.121,7.60178,7.60362,2.63,1.58
2013.06.04 11:08:58.164,7.60178,7.60362,2.63,1.58
2013.06.04 11:08:59.051,7.60178,7.60362,2.63,1.58
2013.06.04 11:08:59.683,7.60178,7.60362,2.63,1.58
2013.06.04 11:09:00.281,7.60178,7.60362,2.63,1.58
2013.06.04 11:09:02.781,7.60178,7.60362,2.63,1.58
2013.06.04 11:09:03.372,7.60178,7.60362,2.63,1.58
2013.06.04 11:09:04.254,7.60178,7.60362,2.63,1.58
2013.06.04 11:09:04.824,7.60178,7.60362,2.63,1.58
2013.06.04 11:09:05.389,7.60178,7.60362,2.63,1.58
2013.06.04 11:09:06.411,7.60178,7.60362,2.63,1.58
2013.06.04 11:09:07.013,7.60178,7.60362,2.63,1.58
2013.06.04 11:09:09.020,7.60178,7.60362,2.63,1.58
2013.06.04 11:09:09.739,7.60178,7.60362,2.63,1.58
2013.06.04 11:09:10.253,7.60178,7.60362,2.63,1.58
2013.06.04 11:09:10.894,7.60178,7.60362,2.63,1.58
2013.06.04 11:09:12.274,7.60178,7.60362,2.63,1.58
2013.06.04 11:09:13.033,7.60178,7.60362,2.63,1.58
2013.06.04 11:09:14.451,7.60179,7.60365,1.50,1.58
2013.06.04 11:09:15.010,7.60179,7.60365,1.50,1.58
2013.06.04 11:09:15.130,7.60178,7.60357,2.63,1.58
2013.06.04 11:09:16.341,7.60178,7.60357,2.63,1.58
2013.06.04 11:09:17.903,7.60178,7.60357,2.63,1.58
2013.06.04 11:09:18.432,7.60178,7.60357,2.63,1.58
2013.06.04 11:09:19.186,7.60178,7.60357,2.63,1.58
2013.06.04 11:09:19.702,7.60178,7.60357,2.63,1.58
2013.06.04 11:09:20.581,7.60178,7.60357,2.63,1.58
2013.06.04 11:09:21.132,7.60178,7.60357,2.63,1.58
2013.06.04 11:09:22.332,7.60178,7.60357,2.63,1.58
2013.06.04 11:09:23.321,7.60178,7.60357,2.63,1.58
2013.06.04 11:09:23.941,7.60178,7.60374,2.63,1.58
2013.06.04 11:09:25.171,7.60178,7.60374,2.63,1.58
2013.06.04 11:09:25.764,7.60178,7.60374,2.63,1.58
2013.06.04 11:09:27.127,7.60178,7.60374,2.63,1.58
2013.06.04 11:09:29.394,7.60178,7.60374,2.63,1.58
2013.06.04 11:09:30.071,7.60178,7.60374,2.63,1.58
2013.06.04 11:09:32.455,7.60178,7.60374,2.63,1.58
2013.06.04 11:09:33.770,7.60178,7.60374,2.63,1.58
2013.06.04 11:09:34.713,7.60178,7.60374,2.63,1.58
2013.06.04 11:09:36.301,7.60178,7.60374,2.63,1.58
2013.06.04 11:09:38.251,7.60197,7.60376,1.88,1.73
2013.06.04 11:09:38.726,7.60197,7.60394,2.63,2.33
2013.06.04 11:09:39.970,7.60197,7.60394,2.63,2.33
2013.06.04 11:09:40.487,7.60197,7.60394,2.63,2.33
2013.06.04 11:09:44.201,7.60197,7.60394,2.63,2.33
2013.06.04 11:09:44.947,7.60197,7.60394,2.63,2.33
2013.06.04 11:09:48.360,7.60197,7.60394,2.63,2.33
2013.06.04 11:09:49.741,7.60197,7.60394,2.63,2.33
2013.06.04 11:09:56.892,7.60197,7.60394,2.63,2.33
2013.06.04 11:09:58.481,7.60197,7.60394,2.63,2.33
2013.06.04 11:09:59.303,7.60197,7.60394,2.63,1.58
2013.06.04 11:10:00.194,7.60197,7.60394,2.63,1.58
2013.06.04 11:10:00.713,7.60197,7.60394,2.63,1.58
2013.06.04 11:10:07.214,7.60197,7.60394,2.63,1.58
2013.06.04 11:10:08.953,7.60197,7.60394,2.63,1.58
2013.06.04 11:10:09.472,7.60197,7.60394,2.63,1.58
2013.06.04 11:10:10.051,7.60197,7.60394,2.63,1.58
2013.06.04 11:10:10.663,7.60197,7.60394,2.63,1.58
2013.06.04 11:10:11.182,7.60217,7.60394,1.88,1.58
2013.06.04 11:10:11.484,7.60217,7.60394,2.63,1.58
2013.06.04 11:10:12.075,7.60217,7.60394,2.63,1.58
2013.06.04 11:10:12.688,7.60217,7.60394,2.63,1.58
2013.06.04 11:10:13.314,7.60217,7.60394,2.63,1.35
2013.06.04 11:10:16.922,7.60268,7.60407,2.10,1.50
2013.06.04 11:10:17.103,7.60268,7.60414,2.10,1.50
2013.06.04 11:10:17.223,7.60268,7.60431,2.10,1.50
2013.06.04 11:10:17.293,7.60268,7.60451,2.10,1.50
2013.06.04 11:10:17.530,7.60275,7.60459,1.35,1.50
2013.06.04 11:10:18.081,7.60268,7.60449,2.10,1.50
2013.06.04 11:10:20.820,7.60278,7.60449,1.35,1.69
2013.06.04 11:10:22.361,7.6028,7.60463,1.35,2.82
2013.06.04 11:10:25.133,7.6028,7.60463,1.35,2.82
2013.06.04 11:10:25.991,7.60267,7.60463,1.50,2.82
2013.06.04 11:10:27.459,7.60267,7.60463,1.50,2.82
2013.06.04 11:10:27.851,7.60327,7.60463,1.50,2.07
2013.06.04 11:10:27.911,7.60327,7.60473,1.50,2.25
2013.06.04 11:10:27.971,7.60327,7.60473,1.50,1.50
2013.06.04 11:10:28.032,7.60332,7.60473,2.25,1.50
2013.06.04 11:10:28.210,7.6035,7.6051,1.50,2.93
2013.06.04 11:10:28.271,7.60365,7.6051,1.50,2.93
2013.06.04 11:10:28.399,7.60365,7.60521,1.50,2.52
2013.06.04 11:10:28.521,7.60365,7.60531,1.50,3.49
2013.06.04 11:10:28.581,7.60384,7.60531,1.50,3.49
2013.06.04 11:10:28.821,7.60394,7.60558,1.35,1.50
2013.06.04 11:10:28.940,7.60408,7.60558,2.25,1.50
2013.06.04 11:10:29.060,7.60419,7.60612,1.50,2.55
2013.06.04 11:10:29.184,7.60465,7.60612,1.50,1.56
2013.06.04 11:10:29.521,7.60477,7.60622,1.50,1.54
2013.06.04 11:10:29.880,7.6047,7.60623,1.50,1.83
2013.06.04 11:10:30.120,7.60471,7.60623,1.50,1.83
2013.06.04 11:10:30.427,7.60474,7.60623,1.50,1.83
2013.06.04 11:10:31.161,7.60475,7.60623,1.50,1.83
2013.06.04 11:10:31.522,7.60478,7.60623,2.25,1.83
2013.06.04 11:10:31.797,7.60475,7.60623,1.50,1.83
2013.06.04 11:10:31.871,7.60471,7.60623,1.50,1.83
2013.06.04 11:10:33.610,7.60482,7.60623,1.50,1.83
2013.06.04 11:10:33.731,7.60471,7.60623,1.50,1.83
2013.06.04 11:10:35.721,7.60471,7.60562,1.50,1.88
2013.06.04 11:10:35.901,7.60448,7.60572,2.63,1.50
2013.06.04 11:10:36.020,7.60448,7.60615,2.63,2.70
2013.06.04 11:10:36.080,7.60456,7.60615,1.50,2.70
2013.06.04 11:10:36.381,7.60466,7.60617,2.25,1.50
2013.06.04 11:10:36.440,7.60455,7.60617,1.50,1.50
2013.06.04 11:10:36.500,7.60455,7.60626,1.50,1.50
2013.06.04 11:10:37.964,7.60455,7.60563,1.50,1.88
2013.06.04 11:10:38.151,7.60419,7.60563,1.50,1.88
2013.06.04 11:10:38.211,7.6041,7.60563,1.50,1.88
2013.06.04 11:10:38.450,7.60388,7.60563,1.50,1.88
2013.06.04 11:10:38.630,7.60388,7.60572,1.50,2.63
2013.06.04 11:10:46.381,7.60388,7.60533,1.50,1.88
2013.06.04 11:10:46.621,7.6036,7.60533,1.50,1.88
2013.06.04 11:10:46.742,7.6036,7.60543,1.50,1.88
2013.06.04 11:10:47.111,7.60367,7.60553,1.50,2.63
2013.06.04 11:10:51.692,7.60373,7.60563,1.50,2.63
2013.06.04 11:10:52.832,7.60373,7.60559,1.50,1.50
2013.06.04 11:10:53.801,7.60388,7.60583,2.63,2.44
2013.06.04 11:10:54.476,7.60411,7.60595,1.50,1.09
2013.06.04 11:10:56.674,7.60411,7.60595,1.50,1.09
2013.06.04 11:10:57.604,7.60411,7.60595,1.50,1.09
2013.06.04 11:11:00.273,7.60411,7.60595,1.50,1.09
2013.06.04 11:11:03.894,7.60411,7.60595,1.50,1.09
2013.06.04 11:11:12.212,7.60414,7.60602,2.25,1.09
2013.06.04 11:11:23.691,7.60426,7.60606,1.50,1.09
2013.06.04 11:11:25.691,7.60426,7.60609,1.50,1.09
2013.06.04 11:11:26.911,7.60426,7.60609,1.50,1.09
2013.06.04 11:11:27.811,7.60432,7.60608,1.50,1.84
2013.06.04 11:11:27.871,7.60432,7.60608,1.50,1.69
2013.06.04 11:11:27.932,7.60432,7.60608,1.50,1.50
2013.06.04 11:11:27.992,7.60457,7.60617,1.88,1.50
2013.06.04 11:11:28.111,7.60457,7.60642,2.63,2.25
2013.06.04 11:11:28.231,7.60476,7.60668,1.50,2.25
2013.06.04 11:11:28.411,7.60483,7.60668,1.50,2.25
2013.06.04 11:11:28.769,7.60495,7.60668,1.50,1.50
2013.06.04 11:11:29.251,7.60495,7.60672,1.50,1.50
2013.06.04 11:11:29.441,7.60503,7.60672,1.50,1.50
2013.06.04 11:11:29.742,7.6051,7.60672,1.50,1.50
2013.06.04 11:11:29.981,7.6051,7.60692,1.50,2.25
2013.06.04 11:11:30.492,7.60519,7.60692,1.50,2.25
2013.06.04 11:11:31.035,7.60519,7.60692,1.50,2.25
2013.06.04 11:11:31.101,7.60511,7.60692,1.50,2.25
2013.06.04 11:11:31.742,7.60511,7.60692,1.50,2.25
2013.06.04 11:11:32.191,7.60511,7.60692,1.50,2.25
2013.06.04 11:11:32.431,7.60511,7.60692,1.50,1.50
2013.06.04 11:11:41.410,7.60511,7.60692,1.50,2.25
2013.06.04 11:11:41.661,7.60511,7.60692,1.50,1.50
2013.06.04 11:11:41.780,7.60522,7.60692,1.50,1.50
2013.06.04 11:11:43.602,7.60514,7.60692,1.50,1.50
2013.06.04 11:11:44.741,7.60514,7.60692,1.50,2.25
2013.06.04 11:11:44.860,7.60514,7.60692,1.50,2.25
2013.06.04 11:11:44.921,7.60507,7.60692,1.50,2.25
2013.06.04 11:11:45.241,7.60507,7.60692,1.50,1.50
2013.06.04 11:11:46.230,7.60507,7.60692,1.50,2.25
2013.06.04 11:11:46.551,7.60507,7.60692,1.50,1.50
2013.06.04 11:11:46.811,7.60511,7.60692,2.25,1.50
2013.06.04 11:12:07.144,7.60503,7.60692,1.50,2.25
2013.06.04 11:12:13.281,7.60511,7.60692,1.50,1.50
2013.06.04 11:12:13.941,7.60505,7.60692,1.50,2.25
2013.06.04 11:12:16.101,7.60514,7.60692,2.25,1.50
2013.06.04 11:12:20.431,7.60518,7.60705,1.50,1.50
2013.06.04 11:12:20.551,7.60525,7.60711,1.50,1.50
2013.06.04 11:12:21.392,7.60543,7.60713,1.50,2.63
2013.06.04 11:12:21.630,7.60543,7.60713,1.50,2.63
2013.06.04 11:12:22.341,7.60543,7.6071,1.50,1.50
2013.06.04 11:12:22.592,7.60526,7.6071,1.50,1.50
2013.06.04 11:12:25.300,7.60513,7.60706,1.50,1.50
2013.06.04 11:13:15.721,7.60513,7.60692,1.50,1.88
2013.06.04 11:13:15.905,7.60482,7.60667,1.50,1.50
2013.06.04 11:13:16.301,7.60487,7.60683,2.63,2.25
2013.06.04 11:13:16.480,7.60508,7.60706,1.50,1.69
2013.06.04 11:13:21.612,7.60549,7.60706,2.10,1.69
2013.06.04 11:13:21.851,7.60618,7.60762,2.63,1.73
2013.06.04 11:13:21.911,7.60618,7.60807,2.63,1.50
2013.06.04 11:13:21.972,7.60622,7.60798,2.25,1.50
2013.06.04 11:13:22.155,7.6059,7.60773,1.50,3.38
2013.06.04 11:13:22.281,7.6059,7.60773,1.50,4.13
2013.06.04 11:13:23.942,7.60574,7.60773,1.50,2.25
2013.06.04 11:13:26.082,7.60574,7.60772,1.50,2.63
2013.06.04 11:13:26.512,7.60563,7.60753,1.50,2.25
2013.06.04 11:13:27.332,7.60549,7.60749,2.25,1.50
2013.06.04 11:13:29.591,7.60577,7.60763,2.63,2.25
2013.06.04 11:13:29.651,7.60592,7.60791,1.50,1.69
2013.06.04 11:13:33.152,7.60608,7.60806,2.63,1.50
2013.06.04 11:13:33.644,7.60608,7.6081,3.38,1.69
2013.06.04 11:13:44.212,7.60601,7.60807,1.50,1.50
2013.06.04 11:14:04.431,7.60598,7.60804,1.50,1.50
2013.06.04 11:14:06.692,7.60597,7.60794,2.25,1.50
2013.06.04 11:14:11.551,7.60585,7.60773,2.25,1.50
2013.06.04 11:14:11.616,7.60577,7.60762,2.63,1.50
2013.06.04 11:14:12.561,7.60588,7.6077,2.63,1.50
2013.06.04 11:14:20.051,7.60589,7.60795,1.50,1.69
2013.06.04 11:14:20.811,7.60597,7.60801,1.50,1.69
2013.06.04 11:14:34.402,7.60589,7.60795,1.50,1.69
2013.06.04 11:14:41.252,7.60589,7.60793,1.50,2.82
2013.06.04 11:14:46.570,7.60574,7.60778,1.50,1.69
2013.06.04 11:14:47.001,7.60574,7.60753,1.50,1.50
2013.06.04 11:14:47.301,7.60565,7.60752,1.50,2.63
2013.06.04 11:14:48.611,7.60557,7.60753,3.38,2.25
2013.06.04 11:14:49.411,7.6055,7.60753,1.50,2.25
2013.06.04 11:14:51.712,7.6055,7.60746,1.50,2.25
2013.06.04 11:14:57.602,7.60545,7.60749,1.50,1.50
2013.06.04 11:14:57.840,7.60555,7.60759,1.50,1.50
2013.06.04 11:15:00.676,7.60567,7.60759,2.63,1.50
2013.06.04 11:15:05.115,7.60583,7.60769,1.35,1.50
2013.06.04 11:15:05.422,7.60647,7.60838,1.50,3.75
2013.06.04 11:15:05.481,7.60647,7.60838,1.50,2.25
2013.06.04 11:15:06.492,7.60656,7.60838,1.50,1.50
2013.06.04 11:15:09.192,7.60656,7.60844,1.50,2.44
2013.06.04 11:15:11.521,7.60656,7.60844,1.50,2.44
2013.06.04 11:15:13.545,7.60668,7.60848,1.35,1.69
2013.06.04 11:15:13.852,7.60737,7.60877,2.25,2.25
2013.06.04 11:15:14.151,7.60737,7.609,2.25,2.25
2013.06.04 11:15:14.911,7.60733,7.609,1.50,2.25
2013.06.04 11:15:14.971,7.60733,7.60905,1.50,2.25
2013.06.04 11:15:15.152,7.60744,7.60905,1.50,2.25
2013.06.04 11:15:16.151,7.60744,7.60912,1.50,1.50
2013.06.04 11:15:17.452,7.60758,7.60948,2.25,1.50
2013.06.04 11:15:17.513,7.60768,7.60948,1.88,1.50
2013.06.04 11:15:17.975,7.60794,7.60992,1.50,2.82
2013.06.04 11:15:18.064,7.60794,7.60992,1.50,2.82
2013.06.04 11:15:20.072,7.60794,7.60992,1.50,2.82
2013.06.04 11:15:24.431,7.60794,7.60912,1.50,1.50
2013.06.04 11:15:24.611,7.6077,7.60912,2.25,1.50
2013.06.04 11:15:24.672,7.60745,7.60912,1.50,1.50
2013.06.04 11:15:25.119,7.60722,7.60912,1.50,4.13
2013.06.04 11:15:25.791,7.60722,7.60912,1.50,4.13
2013.06.04 11:15:26.091,7.60699,7.60903,1.50,1.50
2013.06.04 11:15:26.701,7.60691,7.60897,1.50,1.50
2013.06.04 11:15:27.061,7.60685,7.60889,1.50,1.50
2013.06.04 11:15:28.151,7.60676,7.60882,1.50,1.50
2013.06.04 11:15:28.561,7.60676,7.60853,1.50,1.50
2013.06.04 11:15:28.680,7.60668,7.60853,1.50,2.25
2013.06.04 11:15:29.042,7.60654,7.60853,1.50,2.25
2013.06.04 11:15:31.391,7.60666,7.60853,2.25,1.50
2013.06.04 11:15:32.078,7.60685,7.60853,1.50,1.50
2013.06.04 11:15:32.561,7.60688,7.60853,2.25,1.50
2013.06.04 11:15:32.921,7.60662,7.60823,1.50,3.38
2013.06.04 11:15:32.982,7.60642,7.60823,1.50,3.38
2013.06.04 11:15:33.042,7.60621,7.60823,1.50,4.13
2013.06.04 11:15:33.512,7.60621,7.60793,1.50,1.88
2013.06.04 11:15:33.994,7.60621,7.60793,1.50,1.88
2013.06.04 11:15:37.492,7.60611,7.60815,1.50,1.69
2013.06.04 11:15:37.612,7.60625,7.60815,2.25,1.50
2013.06.04 11:15:37.791,7.60639,7.60823,1.50,2.25
2013.06.04 11:15:38.181,7.60657,7.60823,1.50,1.50
2013.06.04 11:15:39.011,7.60663,7.60869,1.50,1.50
2013.06.04 11:15:39.131,7.60676,7.6088,1.50,1.50
2013.06.04 11:15:39.661,7.60688,7.60882,1.50,2.25
2013.06.04 11:15:48.841,7.60694,7.60882,1.50,2.25
2013.06.04 11:15:50.854,7.60703,7.60882,1.50,1.50
2013.06.04 11:15:54.112,7.60705,7.60882,2.25,1.50
2013.06.04 11:15:59.472,7.6071,7.60882,1.50,1.50
2013.06.04 11:16:01.753,7.607,7.60882,1.50,2.25
2013.06.04 11:16:02.051,7.607,7.60882,1.50,1.50
2013.06.04 11:16:02.413,7.60717,7.60885,2.63,1.50
2013.06.04 11:16:02.532,7.60734,7.60924,2.25,1.50
2013.06.04 11:16:02.591,7.60739,7.60926,1.50,1.50
2013.06.04 11:16:02.712,7.60746,7.6094,1.50,1.50
2013.06.04 11:16:04.442,7.60754,7.60946,1.50,1.50
2013.06.04 11:16:04.884,7.60771,7.60953,1.50,1.50
2013.06.04 11:16:04.957,7.6078,7.60981,1.50,1.50
2013.06.04 11:16:05.182,7.60786,7.60981,1.50,1.50
2013.06.04 11:16:05.852,7.60794,7.60981,1.50,1.50
2013.06.04 11:16:30.071,7.60793,7.60983,1.50,2.25
2013.06.04 11:16:30.193,7.60776,7.60978,2.25,1.50
2013.06.04 11:16:31.475,7.60786,7.60985,2.25,1.50
2013.06.04 11:16:32.772,7.60789,7.6098,1.50,2.44
2013.06.04 11:16:33.831,7.60779,7.60977,2.25,1.69
2013.06.04 11:16:35.761,7.60782,7.60979,1.50,1.69
2013.06.04 11:16:37.501,7.60782,7.60979,1.50,1.69
2013.06.04 11:16:41.591,7.60791,7.60986,1.50,1.69
2013.06.04 11:16:52.121,7.60791,7.60993,1.50,2.44
2013.06.04 11:17:02.401,7.60791,7.60994,1.50,1.69
2013.06.04 11:17:23.322,7.60793,7.60992,2.25,1.86
2013.06.04 11:17:27.560,7.60797,7.60981,1.50,1.50
2013.06.04 11:17:28.411,7.60814,7.60991,1.50,2.44
2013.06.04 11:17:29.301,7.60794,7.60981,1.50,1.69
2013.06.04 11:17:34.161,7.60787,7.60981,1.50,1.69
2013.06.04 11:17:44.370,7.60795,7.60981,1.50,1.69
2013.06.04 11:17:57.100,7.60784,7.60988,1.50,1.69
2013.06.04 11:18:06.041,7.60787,7.60988,2.25,1.69
2013.06.04 11:18:06.633,7.60791,7.60985,1.50,2.44
2013.06.04 11:18:13.540,7.60783,7.60987,1.50,1.69
2013.06.04 11:18:15.014,7.60795,7.60999,1.50,1.69
2013.06.04 11:18:34.370,7.60798,7.61002,1.50,3.57
2013.06.04 11:18:36.039,7.60798,7.61002,1.50,3.57
2013.06.04 11:18:46.652,7.60798,7.60993,1.50,2.44
2013.06.04 11:19:04.313,7.60792,7.60989,2.25,1.69
2013.06.04 11:19:05.194,7.60796,7.61002,1.50,3.57
2013.06.04 11:19:06.143,7.60796,7.61002,1.50,3.57
2013.06.04 11:19:07.023,7.60796,7.61002,1.50,3.57
2013.06.04 11:19:18.638,7.60796,7.61002,1.50,3.57
2013.06.04 11:19:24.460,7.60795,7.60999,1.50,1.69
2013.06.04 11:19:26.671,7.60786,7.6099,1.50,1.69
2013.06.04 11:19:31.791,7.60796,7.61002,1.50,3.57
2013.06.04 11:19:31.972,7.60787,7.60993,1.50,1.69
2013.06.04 11:19:34.702,7.60787,7.60993,1.50,1.69
2013.06.04 11:19:35.923,7.60787,7.60993,1.50,1.69
2013.06.04 11:19:36.213,7.60787,7.60993,1.50,1.69
2013.06.04 11:19:39.021,7.60778,7.60975,2.63,1.69
2013.06.04 11:19:39.141,7.60778,7.60973,2.63,2.44
2013.06.04 11:19:40.350,7.60778,7.60961,1.88,1.50
2013.06.04 11:19:41.043,7.60778,7.60961,2.63,1.50
2013.06.04 11:19:41.221,7.60778,7.60963,1.88,2.25
2013.06.04 11:19:43.423,7.60757,7.6096,2.63,1.50
2013.06.04 11:19:53.472,7.60757,7.60892,2.63,1.50
2013.06.04 11:19:53.532,7.60757,7.60892,1.88,1.50
2013.06.04 11:19:53.591,7.60723,7.60882,1.50,1.88
2013.06.04 11:19:53.712,7.60717,7.60892,1.50,4.13
2013.06.04 11:19:54.082,7.60696,7.60892,1.50,4.13
2013.06.04 11:19:54.542,7.60696,7.60892,1.50,4.13
2013.06.04 11:19:54.842,7.60675,7.60879,1.50,1.50
2013.06.04 11:19:55.143,7.60682,7.60888,1.50,1.50
2013.06.04 11:19:55.504,7.6067,7.60852,1.50,1.88
2013.06.04 11:19:55.693,7.6067,7.60852,1.50,2.63
2013.06.04 11:19:56.305,7.60654,7.60842,1.50,2.63
2013.06.04 11:19:56.623,7.60622,7.60803,1.50,1.88
2013.06.04 11:19:56.682,7.6061,7.60803,1.50,2.63
2013.06.04 11:19:58.594,7.60614,7.60812,2.25,2.25
2013.06.04 11:19:59.153,7.60618,7.60803,1.50,2.63
2013.06.04 11:19:59.862,7.60597,7.60803,1.50,3.38
2013.06.04 11:20:00.177,7.60618,7.60812,2.63,2.25
2013.06.04 11:20:00.622,7.6062,7.60812,2.25,2.25
2013.06.04 11:20:01.092,7.60638,7.60812,2.63,1.50
2013.06.04 11:20:01.212,7.60648,7.60836,2.25,1.50
2013.06.04 11:20:01.332,7.60632,7.60812,1.50,1.88
2013.06.04 11:20:01.392,7.60622,7.60812,1.50,2.63
2013.06.04 11:20:02.172,7.60622,7.60803,1.50,1.88
2013.06.04 11:20:02.708,7.60615,7.60803,1.50,2.63
2013.06.04 11:20:03.252,7.60617,7.60819,2.25,1.50
2013.06.04 11:20:06.592,7.60642,7.60826,1.50,1.50
2013.06.04 11:20:06.891,7.60643,7.60832,1.50,3.38
2013.06.04 11:20:19.613,7.60643,7.60832,2.25,2.63
2013.06.04 11:20:22.474,7.60646,7.60831,1.50,1.50
2013.06.04 11:20:22.781,7.60646,7.60822,1.50,1.88
2013.06.04 11:20:23.031,7.60638,7.60822,1.50,1.88
2013.06.04 11:20:23.301,7.60638,7.60822,1.50,2.63
2013.06.04 11:20:23.621,7.60638,7.60803,1.50,1.88
2013.06.04 11:20:23.802,7.6063,7.60803,1.50,1.88
2013.06.04 11:20:23.921,7.60618,7.60803,1.50,2.63
2013.06.04 11:20:25.354,7.60612,7.60793,1.50,1.88
2013.06.04 11:20:26.112,7.60605,7.60793,1.50,2.63
2013.06.04 11:20:32.862,7.60626,7.60812,1.50,2.25
2013.06.04 11:20:33.196,7.60626,7.60812,1.50,2.25
2013.06.04 11:20:35.213,7.60628,7.60812,2.25,1.50
2013.06.04 11:20:35.532,7.60644,7.60812,1.50,1.50
2013.06.04 11:20:36.596,7.60644,7.60812,1.50,3.38
2013.06.04 11:20:37.252,7.60643,7.60812,2.25,1.50
2013.06.04 11:20:37.312,7.60648,7.60833,2.25,1.50
2013.06.04 11:20:37.433,7.60654,7.60835,2.25,1.58
2013.06.04 11:20:37.614,7.60669,7.60823,1.50,1.88
2013.06.04 11:20:37.682,7.60648,7.60823,1.50,1.88
2013.06.04 11:20:37.952,7.60648,7.60833,1.50,4.88
2013.06.04 11:20:38.142,7.60648,7.60833,1.50,4.88
2013.06.04 11:20:39.282,7.60648,7.60822,1.50,1.88
2013.06.04 11:20:39.462,7.60639,7.60822,1.50,2.63
2013.06.04 11:20:43.252,7.60639,7.60812,1.50,2.63
2013.06.04 11:20:43.672,7.60639,7.60802,1.50,1.88
2013.06.04 11:20:43.793,7.6063,7.60802,1.50,1.88
2013.06.04 11:20:44.664,7.6063,7.60813,1.50,4.13
2013.06.04 11:20:44.961,7.6063,7.60813,1.50,4.13
2013.06.04 11:20:45.142,7.60615,7.60793,1.50,1.88
2013.06.04 11:20:45.381,7.60615,7.60793,1.50,2.63
2013.06.04 11:20:46.006,7.60606,7.60783,1.50,1.88
2013.06.04 11:20:46.191,7.60598,7.60783,1.50,2.63
2013.06.04 11:20:46.651,7.60588,7.60783,1.50,2.63
2013.06.04 11:20:51.592,7.6058,7.60772,1.50,2.63
2013.06.04 11:20:53.802,7.60596,7.60772,1.50,1.88
2013.06.04 11:20:54.105,7.60618,7.60792,1.50,1.50
2013.06.04 11:20:54.962,7.60618,7.60783,1.50,1.88
2013.06.04 11:20:55.082,7.60609,7.60783,1.50,1.88
2013.06.04 11:20:55.846,7.60609,7.60783,1.50,1.88
2013.06.04 11:20:55.972,7.60591,7.60783,1.50,2.63
2013.06.04 11:20:56.032,7.60608,7.60792,2.25,1.50
2013.06.04 11:20:56.152,7.60613,7.60812,1.50,2.25
2013.06.04 11:20:56.334,7.60617,7.60812,2.25,2.25
2013.06.04 11:20:58.214,7.6062,7.60812,1.50,2.44
2013.06.04 11:20:59.153,7.6062,7.60812,1.50,2.44
2013.06.04 11:20:59.273,7.6062,7.60812,1.50,2.25
2013.06.04 11:20:59.332,7.60638,7.60825,2.25,2.70
2013.06.04 11:20:59.393,7.60642,7.60826,1.50,1.50
2013.06.04 11:20:59.453,7.60642,7.60813,1.50,1.88
2013.06.04 11:20:59.572,7.60642,7.60813,1.50,4.13
2013.06.04 11:20:59.692,7.60628,7.60812,1.50,1.50
2013.06.04 11:21:00.433,7.60628,7.60802,1.50,1.88
2013.06.04 11:21:00.612,7.60618,7.60802,1.50,1.88
2013.06.04 11:21:00.892,7.60618,7.60802,1.50,2.63
2013.06.04 11:21:02.842,7.60637,7.6081,3.38,2.33
2013.06.04 11:21:03.022,7.60628,7.60811,2.25,1.50
2013.06.04 11:21:03.933,7.60627,7.60802,1.50,1.88
2013.06.04 11:21:04.052,7.60627,7.60802,1.50,1.88
2013.06.04 11:21:04.172,7.60627,7.60793,1.50,1.88
2013.06.04 11:21:05.062,7.6062,7.60793,1.50,2.63
2013.06.04 11:21:06.242,7.60605,7.60783,1.50,1.88
2013.06.04 11:21:06.301,7.60605,7.60783,1.50,2.63
2013.06.04 11:21:06.633,7.60598,7.60775,1.50,1.35
2013.06.04 11:21:06.942,7.60564,7.60742,1.50,1.88
2013.06.04 11:21:07.244,7.60564,7.60722,1.50,1.88
2013.06.04 11:21:07.312,7.60564,7.60722,1.50,1.88
2013.06.04 11:21:07.755,7.60546,7.60722,1.50,2.63
2013.06.04 11:21:07.823,7.60546,7.60718,1.50,1.50
2013.06.04 11:21:08.279,7.60536,7.60703,1.50,2.63
2013.06.04 11:21:08.345,7.60536,7.60703,1.50,2.63
2013.06.04 11:21:09.472,7.60522,7.60692,1.50,1.88
2013.06.04 11:21:09.653,7.60507,7.60692,1.50,2.63
2013.06.04 11:21:10.442,7.60507,7.60689,1.50,2.25
2013.06.04 11:21:10.622,7.60497,7.60687,1.50,1.50
2013.06.04 11:21:25.231,7.60497,7.60678,1.50,1.50
2013.06.04 11:21:25.415,7.6049,7.60678,1.50,2.25
2013.06.04 11:21:26.023,7.6049,7.60676,1.50,1.50
2013.06.04 11:21:26.542,7.60479,7.60672,1.50,1.50
2013.06.04 11:21:28.281,7.60479,7.60663,1.50,4.13
2013.06.04 11:21:28.582,7.60478,7.60666,2.25,1.50
2013.06.04 11:21:35.542,7.60499,7.60701,1.50,1.50
2013.06.04 11:21:35.602,7.60524,7.6071,1.50,1.50
2013.06.04 11:21:36.588,7.60535,7.60711,1.50,2.70
2013.06.04 11:21:36.802,7.60535,7.60715,1.50,1.73
2013.06.04 11:21:46.222,7.60535,7.6072,1.50,1.50
2013.06.04 11:21:47.222,7.60535,7.60682,1.50,1.88
2013.06.04 11:21:47.282,7.60535,7.60682,1.50,1.88
2013.06.04 11:21:47.405,7.60526,7.60682,1.50,1.88
2013.06.04 11:21:56.482,7.60518,7.60693,1.50,1.88
2013.06.04 11:21:59.973,7.60518,7.60712,1.50,2.63
2013.06.04 11:22:00.692,7.60522,7.60712,2.25,2.63
2013.06.04 11:22:01.529,7.60527,7.60712,1.50,2.82
2013.06.04 11:22:02.483,7.60527,7.60731,1.50,1.69
2013.06.04 11:22:02.605,7.60536,7.60731,2.25,1.69
2013.06.04 11:22:19.202,7.60541,7.60733,1.50,2.44
2013.06.04 11:22:23.453,7.60541,7.60733,1.50,2.44
2013.06.04 11:22:24.865,7.60544,7.60733,1.50,2.44
2013.06.04 11:22:26.413,7.60544,7.60733,1.50,2.44
2013.06.04 11:22:26.752,7.60544,7.60733,1.50,2.44
2013.06.04 11:22:27.876,7.60544,7.60733,1.50,2.44
2013.06.04 11:22:28.532,7.60544,7.60733,1.50,2.44
2013.06.04 11:22:28.957,7.60544,7.60733,1.50,2.44
2013.06.04 11:22:29.955,7.60544,7.60733,1.50,2.44
2013.06.04 11:22:31.193,7.60544,7.60733,1.50,2.44
2013.06.04 11:22:31.703,7.60544,7.60733,1.50,2.44
2013.06.04 11:22:43.752,7.60546,7.60742,1.50,2.82
2013.06.04 11:22:43.874,7.60546,7.60742,1.50,2.82
2013.06.04 11:22:45.113,7.60546,7.60742,1.50,2.82
2013.06.04 11:22:45.454,7.60546,7.60742,1.50,2.82
2013.06.04 11:22:45.584,7.60536,7.60742,1.50,3.57
2013.06.04 11:22:45.743,7.60545,7.60742,1.50,2.82
2013.06.04 11:22:46.181,7.60545,7.60742,1.50,2.82
2013.06.04 11:22:49.316,7.60545,7.60742,1.50,2.82
2013.06.04 11:22:49.448,7.60545,7.60742,1.50,2.82
2013.06.04 11:22:50.323,7.60537,7.60742,1.50,2.82
2013.06.04 11:22:58.413,7.60537,7.60742,1.50,2.82
2013.06.04 11:22:59.651,7.60537,7.60742,1.50,2.82
2013.06.04 11:23:08.083,7.60537,7.60742,1.50,2.82
2013.06.04 11:23:08.690,7.60537,7.60742,1.50,2.82
2013.06.04 11:23:10.314,7.60537,7.60742,1.50,2.82
2013.06.04 11:23:10.452,7.60542,7.60742,1.50,2.82
2013.06.04 11:23:11.521,7.60542,7.60742,1.50,2.82
2013.06.04 11:23:16.183,7.60542,7.60742,1.50,2.82
2013.06.04 11:23:35.496,7.60528,7.60692,1.50,1.88
2013.06.04 11:23:35.622,7.60498,7.60692,1.50,2.63
2013.06.04 11:23:36.813,7.60498,7.60692,1.50,2.82
2013.06.04 11:23:37.342,7.6049,7.60692,1.50,2.82
2013.06.04 11:23:37.522,7.60508,7.60692,2.25,2.63
2013.06.04 11:23:37.912,7.60526,7.60726,2.25,1.69
2013.06.04 11:23:38.536,7.6053,7.60736,1.50,1.69
2013.06.04 11:23:38.953,7.6054,7.60742,1.50,3.57
2013.06.04 11:23:39.283,7.6054,7.60742,1.50,2.82
2013.06.04 11:23:41.033,7.60587,7.60746,1.88,1.50
2013.06.04 11:23:41.212,7.60587,7.60782,2.63,2.48
2013.06.04 11:23:41.272,7.60587,7.60785,2.63,1.73
2013.06.04 11:23:41.966,7.60587,7.60785,2.63,1.73
2013.06.04 11:23:42.312,7.6059,7.60785,1.50,1.73
2013.06.04 11:23:42.672,7.60596,7.60789,1.50,1.73
2013.06.04 11:23:43.032,7.60604,7.60795,1.50,1.73
2013.06.04 11:23:43.542,7.60604,7.60795,1.50,1.73
2013.06.04 11:23:44.217,7.60604,7.60801,1.50,1.92
2013.06.04 11:23:46.196,7.60604,7.60791,1.50,1.17
2013.06.04 11:23:50.102,7.60604,7.60791,1.50,1.17
2013.06.04 11:23:50.719,7.60597,7.60791,1.50,1.17
2013.06.04 11:23:51.992,7.60597,7.60782,1.50,1.17
2013.06.04 11:23:52.112,7.60597,7.6078,1.50,1.17
2013.06.04 11:23:53.069,7.6058,7.6077,1.50,1.17
2013.06.04 11:23:54.123,7.6058,7.6077,1.50,1.17
2013.06.04 11:24:02.712,7.6058,7.6078,1.50,1.73
2013.06.04 11:24:03.573,7.6058,7.6078,1.50,1.73
2013.06.04 11:24:04.334,7.6058,7.6078,1.50,1.73
2013.06.04 11:24:05.350,7.6058,7.6078,1.50,1.73
2013.06.04 11:24:06.533,7.6058,7.6078,1.50,1.73
2013.06.04 11:24:06.602,7.6058,7.6078,1.50,3.23
2013.06.04 11:24:26.143,7.60577,7.60756,2.25,1.50
2013.06.04 11:24:27.133,7.60577,7.60776,2.25,1.73
2013.06.04 11:24:27.413,7.60577,7.60776,2.25,1.73
2013.06.04 11:24:55.328,7.60557,7.60761,3.38,1.50
2013.06.04 11:24:57.431,7.60557,7.60754,2.63,1.50
2013.06.04 11:24:59.014,7.60548,7.60733,3.38,1.50
2013.06.04 11:24:59.314,7.60547,7.60728,1.50,1.50
2013.06.04 11:24:59.374,7.60547,7.60733,1.50,1.50
2013.06.04 11:25:00.011,7.60547,7.60735,1.50,1.50
2013.06.04 11:25:00.142,7.6054,7.60735,1.50,1.50
2013.06.04 11:25:20.381,7.60545,7.60749,1.50,1.50
2013.06.04 11:25:26.803,7.60538,7.60743,2.63,1.50
2013.06.04 11:25:44.053,7.60541,7.60743,2.25,1.50
2013.06.04 11:26:13.103,7.60538,7.60742,3.38,1.50
2013.06.04 11:26:13.352,7.60538,7.60732,2.63,1.50
2013.06.04 11:26:25.592,7.60538,7.60744,1.50,1.69
2013.06.04 11:26:29.923,7.60538,7.60744,1.50,1.69
2013.06.04 11:26:30.464,7.60538,7.60744,1.50,1.69
2013.06.04 11:26:32.049,7.60538,7.60744,1.50,1.69
2013.06.04 11:26:32.714,7.60538,7.60744,1.50,1.69
2013.06.04 11:26:33.095,7.60538,7.60744,1.50,1.69
2013.06.04 11:26:34.083,7.60538,7.60744,1.50,1.69
2013.06.04 11:26:35.133,7.60538,7.60729,1.50,2.44
2013.06.04 11:26:37.714,7.60528,7.60717,2.63,1.50
2013.06.04 11:26:38.074,7.60518,7.60707,2.63,1.50
2013.06.04 11:26:49.074,7.60518,7.60704,1.88,2.25
2013.06.04 11:26:56.142,7.60507,7.60682,2.63,1.50
2013.06.04 11:26:56.273,7.60507,7.60682,2.63,1.50
2013.06.04 11:26:58.364,7.60507,7.60702,2.63,1.50
2013.06.04 11:27:14.384,7.60507,7.60698,2.63,2.25
2013.06.04 11:27:16.187,7.60507,7.6068,1.88,1.50
2013.06.04 11:27:16.585,7.60507,7.60674,1.88,1.50
2013.06.04 11:27:17.243,7.60498,7.60674,1.50,1.50
2013.06.04 11:27:17.362,7.60498,7.60682,2.25,1.50
2013.06.04 11:27:17.422,7.60498,7.60668,1.50,2.25
2013.06.04 11:27:26.743,7.60497,7.60644,1.88,1.50
2013.06.04 11:27:26.922,7.60488,7.60632,1.88,1.50
2013.06.04 11:27:27.102,7.60488,7.60639,1.88,1.50
2013.06.04 11:27:27.303,7.60477,7.60639,1.50,1.50
2013.06.04 11:27:28.913,7.60477,7.60658,1.50,1.50
2013.06.04 11:27:30.812,7.60454,7.60623,1.50,1.50
2013.06.04 11:27:31.112,7.60407,7.60613,1.50,1.50
2013.06.04 11:27:31.735,7.60394,7.60582,1.50,2.25
2013.06.04 11:27:31.805,7.60379,7.60578,1.50,1.50
2013.06.04 11:27:32.703,7.60377,7.60571,2.25,2.25
2013.06.04 11:27:33.013,7.60377,7.60566,2.85,1.50
2013.06.04 11:27:33.193,7.60408,7.60601,2.25,1.50
2013.06.04 11:27:33.594,7.60408,7.60601,2.25,1.50
2013.06.04 11:27:33.912,7.60411,7.60615,1.50,1.50
2013.06.04 11:27:48.964,7.60411,7.60588,1.50,1.50
2013.06.04 11:27:49.202,7.60403,7.60588,1.50,1.50
2013.06.04 11:27:49.544,7.60403,7.60588,1.50,2.25
2013.06.04 11:27:49.663,7.60396,7.60588,1.50,2.25
2013.06.04 11:28:03.564,7.60381,7.60587,1.50,1.50
2013.06.04 11:28:06.674,7.60381,7.6058,1.50,2.44
2013.06.04 11:28:14.714,7.60381,7.60576,1.50,1.73
2013.06.04 11:28:14.905,7.6038,7.60566,1.50,1.73
2013.06.04 11:28:15.414,7.6038,7.60566,1.50,1.73
2013.06.04 11:28:15.953,7.60377,7.60566,2.25,1.73
2013.06.04 11:28:16.864,7.60377,7.60566,2.25,1.73
2013.06.04 11:28:18.002,7.60377,7.60566,2.25,1.73
2013.06.04 11:28:18.625,7.60377,7.60566,2.25,1.73
2013.06.04 11:28:19.568,7.6038,7.60566,1.50,1.73
2013.06.04 11:28:19.823,7.60381,7.60578,1.50,1.73
2013.06.04 11:28:19.892,7.60381,7.60566,1.50,1.73
2013.06.04 11:28:20.564,7.60381,7.60566,1.50,1.73
2013.06.04 11:28:21.178,7.60381,7.60566,1.50,1.73
2013.06.04 11:28:22.735,7.60381,7.60566,1.50,1.73
2013.06.04 11:28:23.273,7.60377,7.60566,2.25,1.73
2013.06.04 11:28:24.649,7.60382,7.60566,1.50,1.73
2013.06.04 11:28:27.929,7.60382,7.60566,1.50,1.73
2013.06.04 11:28:29.066,7.60382,7.60566,1.50,1.73
2013.06.04 11:28:29.649,7.60382,7.60566,1.50,1.73
2013.06.04 11:28:30.187,7.60382,7.60566,1.50,1.73
2013.06.04 11:28:31.231,7.60382,7.60566,1.50,1.73
2013.06.04 11:28:32.113,7.60377,7.60574,2.25,1.73
2013.06.04 11:28:34.813,7.60382,7.60573,1.50,1.73
2013.06.04 11:28:35.355,7.60382,7.60573,1.50,1.73
2013.06.04 11:28:35.886,7.60382,7.60573,1.50,1.73
2013.06.04 11:28:36.973,7.60382,7.60573,1.50,1.73
2013.06.04 11:28:38.135,7.60377,7.60562,2.25,1.73
2013.06.04 11:28:38.646,7.60377,7.60562,2.25,1.73
2013.06.04 11:28:38.714,7.60377,7.60562,2.25,1.73
2013.06.04 11:28:39.065,7.60377,7.60562,1.50,1.73
2013.06.04 11:28:39.626,7.60377,7.60562,1.50,1.73
2013.06.04 11:28:39.753,7.60377,7.60562,1.50,1.50
2013.06.04 11:28:39.880,7.60377,7.60574,2.25,1.50
2013.06.04 11:28:41.412,7.60378,7.6058,1.50,1.50
2013.06.04 11:28:53.983,7.60376,7.60561,1.50,1.35
2013.06.04 11:28:54.342,7.60335,7.60512,1.50,1.50
2013.06.04 11:28:55.173,7.60328,7.60512,1.50,2.25
2013.06.04 11:28:56.155,7.60324,7.60492,1.50,1.88
2013.06.04 11:28:56.342,7.6032,7.60492,1.50,1.88
2013.06.04 11:28:56.883,7.60314,7.60493,1.50,1.88
2013.06.04 11:29:04.914,7.60314,7.60512,1.50,4.13
2013.06.04 11:29:06.143,7.60321,7.60512,1.50,2.25
2013.06.04 11:29:06.992,7.60321,7.60512,1.50,3.75
2013.06.04 11:29:15.006,7.60302,7.60495,1.50,2.25
2013.06.04 11:29:16.104,7.60286,7.60483,1.50,2.63
2013.06.04 11:29:16.462,7.60268,7.60472,3.00,3.38
2013.06.04 11:29:17.275,7.60268,7.60463,3.00,2.25
2013.06.04 11:29:22.442,7.60268,7.60459,2.25,1.50
2013.06.04 11:29:22.863,7.60268,7.60464,2.25,1.50
2013.06.04 11:29:22.923,7.60284,7.60488,1.50,1.50
2013.06.04 11:29:23.413,7.60271,7.60477,1.50,1.50
2013.06.04 11:29:23.893,7.60264,7.60462,1.50,2.63
2013.06.04 11:29:25.063,7.60287,7.60473,2.25,2.25
2013.06.04 11:29:25.122,7.6029,7.60494,1.50,1.50
2013.06.04 11:29:25.672,7.60296,7.60502,1.50,1.50
2013.06.04 11:29:26.582,7.60287,7.60491,3.00,1.50
2013.06.04 11:29:29.106,7.60287,7.60478,1.50,2.25
2013.06.04 11:29:32.412,7.60269,7.60422,2.25,1.88
2013.06.04 11:29:32.593,7.60218,7.60422,1.50,2.63
2013.06.04 11:29:33.654,7.60218,7.60411,1.50,2.25
2013.06.04 11:29:33.713,7.60218,7.60363,1.50,1.88
2013.06.04 11:29:33.832,7.60209,7.60363,1.50,1.88
2013.06.04 11:29:33.893,7.60196,7.60363,1.50,2.63
2013.06.04 11:29:33.953,7.60172,7.6036,3.00,1.50
2013.06.04 11:29:34.012,7.60172,7.60359,1.50,1.50
2013.06.04 11:29:34.372,7.60186,7.60368,2.25,1.50
2013.06.04 11:29:34.492,7.60172,7.60368,1.50,1.50
2013.06.04 11:29:35.292,7.60172,7.60373,1.50,2.25
2013.06.04 11:29:36.003,7.60184,7.60373,2.25,1.50
2013.06.04 11:29:37.532,7.60193,7.60373,2.25,1.50
2013.06.04 11:29:37.992,7.60197,7.60373,1.50,2.25
2013.06.04 11:29:38.112,7.60204,7.60373,1.35,2.25
2013.06.04 11:29:38.353,7.60248,7.60422,2.25,1.50
2013.06.04 11:29:38.413,7.60248,7.60438,3.00,1.50
2013.06.04 11:29:38.473,7.60248,7.60451,3.00,1.50
2013.06.04 11:29:44.143,7.60264,7.60452,2.25,1.50
2013.06.04 11:29:45.008,7.60268,7.60471,1.50,1.65
2013.06.04 11:29:53.152,7.60268,7.60443,1.50,1.88
2013.06.04 11:29:53.333,7.60259,7.60443,1.50,1.88
2013.06.04 11:29:53.453,7.60237,7.60441,1.50,1.50
2013.06.04 11:29:55.723,7.60237,7.60393,1.50,1.88
2013.06.04 11:29:55.903,7.60201,7.60393,1.50,2.63
2013.06.04 11:29:56.383,7.60187,7.6039,1.50,1.50
2013.06.04 11:29:57.163,7.60178,7.60372,1.50,2.63
2013.06.04 11:29:59.202,7.60178,7.60362,1.50,1.88
2013.06.04 11:29:59.745,7.60178,7.60368,1.50,1.50
2013.06.04 11:30:09.313,7.60189,7.60389,1.50,1.50
2013.06.04 11:30:19.913,7.60199,7.60397,1.50,1.50
2013.06.04 11:30:39.354,7.60209,7.60395,1.50,1.50
2013.06.04 11:30:39.474,7.60223,7.60413,1.50,1.50
2013.06.04 11:31:20.327,7.60228,7.60413,1.50,1.50
2013.06.04 11:31:22.898,7.60248,7.60433,1.50,1.50
2013.06.04 11:31:32.158,7.60248,7.60432,1.50,1.50
2013.06.04 11:31:32.970,7.60248,7.60432,1.50,1.50
2013.06.04 11:31:33.173,7.60248,7.60433,1.50,1.50
2013.06.04 11:31:43.363,7.60249,7.60433,1.50,1.50
2013.06.04 11:32:04.351,7.60249,7.60453,1.69,1.50
2013.06.04 11:32:25.363,7.60257,7.60461,1.69,1.50
2013.06.04 11:32:45.375,7.60257,7.60463,1.69,2.03
2013.06.04 11:32:48.364,7.60264,7.6046,2.25,1.50
2013.06.04 11:32:48.424,7.60256,7.6046,1.69,1.50
2013.06.04 11:33:08.352,7.60256,7.6046,1.69,1.50
2013.06.04 11:33:09.210,7.60278,7.60462,1.50,1.28
2013.06.04 11:33:10.141,7.60257,7.60462,1.69,1.28
2013.06.04 11:33:50.324,7.60258,7.60463,2.25,2.03
2013.06.04 11:33:57.281,7.60262,7.60449,1.50,1.50
2013.06.04 11:34:14.734,7.60256,7.60441,1.50,1.13
2013.06.04 11:34:14.973,7.60238,7.60422,1.69,1.13
2013.06.04 11:34:15.044,7.60238,7.60442,1.69,1.50
2013.06.04 11:34:15.213,7.60258,7.60446,1.50,2.25
2013.06.04 11:34:15.272,7.6026,7.60449,1.50,1.50
2013.06.04 11:34:29.194,7.6026,7.60445,1.50,1.50
2013.06.04 11:34:30.216,7.6026,7.60456,1.50,1.50
2013.06.04 11:34:35.248,7.60261,7.60456,2.25,1.50
2013.06.04 11:34:38.293,7.60258,7.60456,1.50,1.50
2013.06.04 11:34:57.652,7.60258,7.60432,1.50,1.88
2013.06.04 11:34:58.352,7.60258,7.60432,1.50,1.88
2013.06.04 11:35:00.904,7.60248,7.60432,1.50,1.88
2013.06.04 11:35:20.953,7.60247,7.60432,1.50,1.88
2013.06.04 11:35:39.593,7.60255,7.60432,1.50,1.88
2013.06.04 11:35:41.783,7.60247,7.60432,1.50,2.63
2013.06.04 11:35:48.278,7.60227,7.60412,1.50,1.50
2013.06.04 11:35:50.124,7.60235,7.60412,1.50,1.50
2013.06.04 11:36:02.084,7.60228,7.60429,2.25,1.50
2013.06.04 11:36:02.876,7.60225,7.60429,1.50,1.50
2013.06.04 11:36:13.963,7.60225,7.60402,1.50,1.88
2013.06.04 11:36:14.143,7.602,7.60402,1.35,2.63
2013.06.04 11:36:22.408,7.60198,7.60375,1.50,1.50
2013.06.04 11:36:23.313,7.60198,7.60376,2.25,1.50
2013.06.04 11:36:25.155,7.60198,7.60395,2.25,1.50
2013.06.04 11:36:31.485,7.60198,7.60388,2.25,1.50
2013.06.04 11:36:38.302,7.60198,7.60396,2.25,1.50
2013.06.04 11:36:58.264,7.60198,7.60396,2.25,1.50
2013.06.04 11:37:04.465,7.60198,7.60391,2.25,2.25
2013.06.04 11:37:19.372,7.60189,7.60393,1.50,1.50
2013.06.04 11:37:26.703,7.60177,7.60383,1.50,1.50
2013.06.04 11:37:58.314,7.60197,7.60383,1.50,1.50
2013.06.04 11:38:07.093,7.60201,7.60386,1.50,1.50
2013.06.04 11:38:27.503,7.60198,7.60383,1.50,1.50
2013.06.04 11:38:33.396,7.60198,7.60383,1.50,1.50
2013.06.04 11:38:36.574,7.60205,7.60391,1.50,1.50
2013.06.04 11:38:41.753,7.60205,7.60391,1.50,1.50
2013.06.04 11:38:52.104,7.60198,7.60392,1.50,1.50
2013.06.04 11:39:00.757,7.60202,7.60392,1.50,1.50
2013.06.04 11:39:15.503,7.60193,7.60393,1.50,2.82
2013.06.04 11:39:21.993,7.60197,7.60393,1.50,2.63
2013.06.04 11:39:26.675,7.60193,7.60393,1.50,2.82
2013.06.04 11:39:42.844,7.60194,7.60398,1.50,1.50
2013.06.04 11:39:44.194,7.60197,7.60391,1.50,1.50
2013.06.04 11:39:57.415,7.60187,7.60373,1.50,2.63
2013.06.04 11:40:02.113,7.60179,7.60373,1.50,2.63
2013.06.04 11:40:04.146,7.6018,7.60383,1.50,2.63
2013.06.04 11:40:14.983,7.60178,7.60367,2.25,1.50
2013.06.04 11:40:15.048,7.60178,7.60367,2.25,1.65
2013.06.04 11:40:15.174,7.60178,7.60372,2.25,2.63
2013.06.04 11:40:23.913,7.60167,7.60362,1.50,2.63
2013.06.04 11:40:43.925,7.60166,7.60362,1.50,2.82
2013.06.04 11:40:45.245,7.60165,7.60362,1.50,2.82
2013.06.04 11:40:45.670,7.60165,7.60362,2.25,2.63
2013.06.04 11:41:06.244,7.60165,7.60362,1.50,2.63
2013.06.04 11:41:06.544,7.60164,7.60362,1.50,2.63
2013.06.04 11:41:15.353,7.60164,7.60358,1.50,1.50
2013.06.04 11:41:16.346,7.60164,7.60358,1.50,1.50
2013.06.04 11:41:57.353,7.60166,7.60362,1.50,2.63
2013.06.04 11:42:09.513,7.60154,7.6036,1.50,1.50
2013.06.04 11:42:09.674,7.60163,7.60362,1.50,2.63
2013.06.04 11:42:19.058,7.60163,7.60323,1.50,1.88
2013.06.04 11:42:19.364,7.60141,7.60293,1.50,1.88
2013.06.04 11:42:19.425,7.60141,7.60293,1.50,1.88
2013.06.04 11:42:19.544,7.60131,7.60293,2.25,1.88
2013.06.04 11:42:20.084,7.60127,7.60293,1.50,1.88
2013.06.04 11:42:21.903,7.60127,7.60293,1.50,1.88
2013.06.04 11:42:22.025,7.60117,7.60242,1.50,1.88
2013.06.04 11:42:22.084,7.60098,7.60242,1.28,1.88
2013.06.04 11:42:22.144,7.60075,7.60242,1.50,1.88
2013.06.04 11:42:22.264,7.60087,7.60281,2.25,1.50
2013.06.04 11:42:22.383,7.60087,7.6029,2.25,1.50
2013.06.04 11:42:22.504,7.60093,7.60293,1.50,2.63
2013.06.04 11:42:22.564,7.60087,7.60262,2.25,1.88
2013.06.04 11:42:23.565,7.60087,7.60272,2.25,2.63
2013.06.04 11:42:30.435,7.60093,7.60283,1.50,2.63
2013.06.04 11:42:30.505,7.60099,7.60283,1.50,1.88
2013.06.04 11:42:31.424,7.60099,7.60293,1.50,2.63
2013.06.04 11:42:33.013,7.60107,7.60303,1.50,2.63
2013.06.04 11:42:33.205,7.60107,7.60283,1.50,1.88
2013.06.04 11:42:33.503,7.60107,7.60293,1.50,2.63
2013.06.04 11:42:36.166,7.60107,7.60282,1.50,1.88
2013.06.04 11:42:36.414,7.601,7.60282,1.50,1.88
2013.06.04 11:42:36.478,7.601,7.60292,1.50,2.63
2013.06.04 11:42:38.323,7.60107,7.60311,1.50,1.50
2013.06.04 11:42:39.333,7.60098,7.60283,1.50,2.63
2013.06.04 11:42:39.517,7.60105,7.60292,1.50,2.63
2013.06.04 11:42:42.225,7.60105,7.60283,1.50,1.88
2013.06.04 11:42:42.285,7.60105,7.60283,1.50,2.63
2013.06.04 11:42:43.415,7.60098,7.60293,1.50,2.63
2013.06.04 11:42:44.785,7.60107,7.60312,1.50,2.63
2013.06.04 11:42:45.364,7.60107,7.60282,1.50,1.88
2013.06.04 11:42:45.501,7.60098,7.60282,1.50,1.88
2013.06.04 11:42:45.834,7.60092,7.60282,1.50,2.63
2013.06.04 11:42:46.573,7.60099,7.60293,1.50,2.63
2013.06.04 11:42:46.834,7.60088,7.60293,1.50,2.63
2013.06.04 11:43:08.976,7.60094,7.60293,2.25,2.63
2013.06.04 11:43:09.334,7.60107,7.60303,1.50,2.63
2013.06.04 11:43:10.364,7.60107,7.60282,1.50,1.88
2013.06.04 11:43:10.545,7.60113,7.60292,1.50,1.88
2013.06.04 11:43:11.524,7.60113,7.60303,1.50,2.63
2013.06.04 11:43:13.244,7.60107,7.60311,1.50,1.50
2013.06.04 11:43:16.303,7.60107,7.60283,1.50,1.88
2013.06.04 11:43:16.423,7.60107,7.60292,1.50,2.63
2013.06.04 11:43:19.154,7.60107,7.60282,1.50,1.88
2013.06.04 11:43:19.394,7.60099,7.60292,1.50,2.63
2013.06.04 11:43:21.293,7.60107,7.60311,1.50,1.50
2013.06.04 11:43:22.234,7.60107,7.60282,1.50,1.88
2013.06.04 11:43:22.594,7.601,7.60292,1.50,2.63
2013.06.04 11:43:24.422,7.60106,7.60312,1.50,3.38
2013.06.04 11:43:25.194,7.60106,7.60283,1.50,1.88
2013.06.04 11:43:25.374,7.60103,7.60293,2.25,2.63
2013.06.04 11:43:25.434,7.60099,7.60293,1.50,2.63
2013.06.04 11:43:27.473,7.60106,7.60312,1.50,1.50
2013.06.04 11:43:28.233,7.60106,7.60283,1.50,1.88
2013.06.04 11:43:28.421,7.60098,7.60283,1.50,1.88
2013.06.04 11:43:28.724,7.60106,7.60292,1.50,2.63
2013.06.04 11:43:31.295,7.60106,7.60282,1.50,1.88
2013.06.04 11:43:31.414,7.60098,7.60293,1.50,2.63
2013.06.04 11:43:32.615,7.60106,7.60303,1.50,2.63
2013.06.04 11:43:34.288,7.60106,7.60283,1.50,1.88
2013.06.04 11:43:34.413,7.60099,7.60283,1.50,2.63
2013.06.04 11:43:35.576,7.60105,7.60303,1.50,2.63
2013.06.04 11:43:37.314,7.60101,7.60283,2.25,1.88
2013.06.04 11:43:37.574,7.60099,7.60292,1.50,2.63
2013.06.04 11:43:38.364,7.60106,7.60292,1.50,2.63
2013.06.04 11:43:40.255,7.60106,7.60283,1.50,1.88
2013.06.04 11:43:40.434,7.60098,7.60283,1.50,1.88
2013.06.04 11:43:41.095,7.60098,7.60293,1.50,2.63
2013.06.04 11:43:41.564,7.60106,7.60302,1.50,2.63
2013.06.04 11:43:43.214,7.60106,7.60283,1.50,1.88
2013.06.04 11:43:43.394,7.60099,7.60283,1.50,1.88
2013.06.04 11:43:44.076,7.60099,7.60292,1.50,2.63
2013.06.04 11:43:44.674,7.60106,7.60303,1.50,2.63
2013.06.04 11:43:46.294,7.60106,7.60283,1.50,1.88
2013.06.04 11:43:46.414,7.60097,7.60293,1.50,2.63
2013.06.04 11:43:47.614,7.60104,7.60303,1.50,2.63
2013.06.04 11:43:49.234,7.60104,7.60282,1.50,1.88
2013.06.04 11:43:49.353,7.60089,7.60282,2.25,2.63
2013.06.04 11:43:49.414,7.60086,7.60282,1.50,2.63
2013.06.04 11:43:50.404,7.60094,7.60293,1.50,2.63
2013.06.04 11:44:04.052,7.60107,7.60298,1.50,1.50
2013.06.04 11:44:04.474,7.60107,7.60283,1.50,1.88
2013.06.04 11:44:04.724,7.601,7.60292,1.50,2.63
2013.06.04 11:44:05.514,7.60107,7.60306,2.25,1.50
2013.06.04 11:44:05.814,7.60115,7.60312,2.25,2.63
2013.06.04 11:44:06.977,7.60126,7.60323,1.50,2.63
2013.06.04 11:44:07.394,7.60128,7.60323,2.25,2.63
2013.06.04 11:44:07.754,7.6014,7.60332,1.50,2.63
2013.06.04 11:44:08.500,7.6014,7.60313,1.50,1.88
2013.06.04 11:44:09.414,7.6014,7.60322,1.50,2.63
2013.06.04 11:44:10.404,7.60132,7.60312,1.50,1.88
2013.06.04 11:44:11.564,7.60132,7.60323,1.50,2.63
2013.06.04 11:44:13.043,7.60131,7.60282,1.50,1.88
2013.06.04 11:44:13.163,7.60111,7.60293,1.50,2.63
2013.06.04 11:44:15.083,7.60111,7.60312,1.50,2.63
2013.06.04 11:44:15.402,7.60118,7.60312,1.50,2.63
2013.06.04 11:44:35.445,7.60122,7.60312,1.50,2.63
2013.06.04 11:44:55.594,7.60115,7.60312,1.50,2.63
2013.06.04 11:44:55.954,7.60096,7.60283,1.50,2.63
2013.06.04 11:44:57.114,7.60104,7.60292,1.50,2.63
2013.06.04 11:44:57.825,7.60106,7.60302,2.25,2.63
2013.06.04 11:44:58.713,7.60111,7.60282,1.50,1.88
2013.06.04 11:44:58.894,7.60103,7.60292,1.50,2.63
2013.06.04 11:45:03.674,7.60111,7.60312,1.50,2.63
2013.06.04 11:45:04.034,7.60117,7.60312,1.50,2.63
2013.06.04 11:45:24.433,7.60117,7.60312,1.50,2.63
2013.06.04 11:45:28.584,7.60115,7.60312,1.50,2.63
2013.06.04 11:45:45.794,7.60111,7.60282,2.25,1.88
2013.06.04 11:45:45.854,7.60102,7.60293,1.50,2.63
2013.06.04 11:45:47.949,7.60111,7.60313,1.50,2.63
2013.06.04 11:45:48.743,7.60111,7.60282,2.25,1.88
2013.06.04 11:45:48.804,7.60111,7.60282,1.50,1.88
2013.06.04 11:45:49.114,7.60101,7.60292,1.50,2.63
2013.06.04 11:45:50.826,7.60109,7.60313,1.50,3.38
2013.06.04 11:45:51.064,7.60112,7.60313,2.25,3.38
2013.06.04 11:45:51.724,7.60116,7.60282,1.50,1.88
2013.06.04 11:45:51.904,7.60116,7.60282,1.50,1.88
2013.06.04 11:45:51.981,7.60099,7.60292,1.50,2.63
2013.06.04 11:45:53.044,7.60106,7.60302,1.50,2.63
2013.06.04 11:45:53.904,7.60113,7.60313,1.50,2.63
2013.06.04 11:45:55.234,7.60113,7.60283,1.50,1.88
2013.06.04 11:45:55.354,7.6011,7.60283,1.50,1.88
2013.06.04 11:45:55.475,7.60105,7.60292,1.50,2.63
2013.06.04 11:45:55.611,7.60098,7.60292,1.50,2.63
2013.06.04 11:45:56.654,7.60104,7.60303,1.50,2.63
2013.06.04 11:45:57.534,7.60113,7.60312,1.50,2.63
2013.06.04 11:45:58.244,7.60113,7.60283,1.50,1.88
2013.06.04 11:45:58.364,7.60097,7.60283,1.50,2.63
2013.06.04 11:46:00.354,7.60107,7.60303,1.50,1.50
2013.06.04 11:46:00.709,7.60116,7.60312,1.50,2.63
2013.06.04 11:46:08.074,7.60123,7.60312,1.50,2.63
2013.06.04 11:46:17.504,7.60133,7.60322,1.50,2.63
2013.06.04 11:46:17.808,7.60141,7.60322,1.50,1.88
2013.06.04 11:46:22.303,7.60148,7.60322,1.50,1.88
2013.06.04 11:46:25.795,7.60148,7.60312,1.50,1.88
2013.06.04 11:46:26.015,7.60148,7.60322,1.50,1.88
2013.06.04 11:46:26.074,7.60148,7.60322,1.50,1.88
2013.06.04 11:46:27.623,7.6014,7.60312,1.50,1.88
2013.06.04 11:46:27.874,7.6014,7.60322,1.50,1.88
2013.06.04 11:46:29.614,7.6014,7.60312,1.50,1.88
2013.06.04 11:46:29.976,7.6014,7.60322,1.50,1.88
2013.06.04 11:46:31.764,7.6014,7.60313,1.50,1.88
2013.06.04 11:46:32.084,7.6014,7.60323,1.50,1.88
2013.06.04 11:46:32.324,7.60144,7.60323,2.25,1.88
2013.06.04 11:46:32.744,7.6016,7.60323,1.50,1.88
2013.06.04 11:46:33.044,7.6016,7.60333,1.50,1.88
2013.06.04 11:46:33.233,7.60167,7.60333,1.50,1.88
2013.06.04 11:46:34.704,7.60167,7.60323,1.50,1.88
2013.06.04 11:46:43.244,7.6016,7.60323,1.50,1.88
2013.06.04 11:46:43.306,7.60141,7.60323,1.50,1.88
2013.06.04 11:46:44.164,7.60155,7.60323,2.25,1.88
2013.06.04 11:47:04.296,7.60159,7.60323,1.50,1.88
2013.06.04 11:47:23.554,7.60162,7.60323,1.50,1.88
2013.06.04 11:47:39.842,7.60155,7.60323,1.50,2.48
2013.06.04 11:47:40.172,7.60155,7.60316,1.50,1.35
2013.06.04 11:47:40.256,7.60133,7.60293,1.50,1.50
2013.06.04 11:47:40.327,7.60118,7.60289,1.50,1.50
2013.06.04 11:47:40.578,7.60118,7.60272,1.50,2.63
2013.06.04 11:47:40.704,7.60078,7.60272,1.50,2.63
2013.06.04 11:47:41.497,7.60091,7.60272,1.50,1.88
2013.06.04 11:47:41.564,7.6008,7.60272,1.50,2.63
2013.06.04 11:47:42.126,7.60091,7.60273,1.50,2.48
2013.06.04 11:47:42.486,7.60063,7.60202,1.50,1.88
2013.06.04 11:47:43.205,7.60063,7.60243,1.50,1.50
2013.06.04 11:47:43.384,7.60076,7.60272,1.50,2.63
2013.06.04 11:47:43.445,7.60083,7.60272,1.50,2.63
2013.06.04 11:47:45.425,7.60096,7.60203,1.50,1.88
2013.06.04 11:47:45.783,7.60061,7.60203,1.50,1.88
2013.06.04 11:47:46.177,7.60061,7.60192,1.50,1.88
2013.06.04 11:47:46.246,7.60054,7.60192,1.50,1.88
2013.06.04 11:47:46.425,7.60047,7.60192,2.25,1.88
2013.06.04 11:47:47.294,7.60048,7.60192,1.50,1.88
2013.06.04 11:47:47.804,7.6002,7.60192,1.50,1.88
2013.06.04 11:47:47.936,7.60024,7.60224,1.50,1.50
2013.06.04 11:47:48.055,7.60047,7.60232,2.25,1.50
2013.06.04 11:47:48.416,7.60077,7.60253,1.50,1.88
2013.06.04 11:47:48.800,7.60088,7.60253,1.50,1.88
2013.06.04 11:47:49.165,7.60088,7.60263,1.50,1.88
2013.06.04 11:47:49.415,7.60081,7.60263,1.50,1.88
2013.06.04 11:47:49.476,7.60081,7.60233,1.50,1.88
2013.06.04 11:47:49.535,7.60071,7.60233,1.50,1.88
2013.06.04 11:47:50.445,7.60078,7.60233,1.50,1.88
2013.06.04 11:47:50.745,7.60078,7.60243,1.50,1.88
2013.06.04 11:47:51.335,7.60087,7.60243,1.50,1.88
2013.06.04 11:48:11.248,7.60084,7.60243,1.50,1.88
2013.06.04 11:48:20.165,7.60084,7.60192,1.50,1.88
2013.06.04 11:48:20.286,7.60047,7.60192,2.25,1.88
2013.06.04 11:48:20.347,7.60056,7.60192,1.50,1.88
2013.06.04 11:48:20.655,7.60031,7.60162,1.50,1.88
2013.06.04 11:48:21.574,7.60008,7.60162,1.50,1.88
2013.06.04 11:48:32.745,7.60015,7.60192,1.50,4.13
2013.06.04 11:48:32.805,7.60015,7.60192,1.50,3.38
2013.06.04 11:48:33.106,7.60021,7.60192,2.25,1.88
2013.06.04 11:48:44.976,7.60025,7.60208,1.50,1.58
2013.06.04 11:48:45.095,7.60054,7.60208,2.25,1.58
2013.06.04 11:48:45.155,7.60064,7.60233,1.50,2.63
2013.06.04 11:48:45.275,7.60064,7.60233,1.50,1.88
2013.06.04 11:48:46.195,7.60072,7.60242,1.50,2.63
2013.06.04 11:48:49.465,7.60072,7.60224,1.50,1.65
2013.06.04 11:48:49.585,7.60048,7.60205,1.50,1.65
2013.06.04 11:48:49.766,7.60048,7.60209,1.50,2.70
2013.06.04 11:48:49.832,7.60057,7.60209,1.50,2.70
2013.06.04 11:48:50.015,7.60057,7.60213,1.50,2.03
2013.06.04 11:48:50.784,7.60057,7.60218,1.50,1.80
2013.06.04 11:49:01.079,7.60057,7.60222,1.50,2.25
2013.06.04 11:49:10.476,7.60057,7.60228,1.50,1.50
2013.06.04 11:49:10.718,7.60057,7.60233,1.50,4.73
2013.06.04 11:49:11.785,7.60057,7.60212,1.50,2.63
2013.06.04 11:49:11.965,7.60057,7.60223,1.50,2.63
2013.06.04 11:49:12.735,7.60057,7.60223,1.50,2.63
2013.06.04 11:49:13.095,7.60057,7.60233,1.50,2.63
2013.06.04 11:49:13.612,7.60057,7.60233,1.50,2.63
2013.06.04 11:49:14.745,7.60057,7.60223,1.50,1.73
2013.06.04 11:49:14.985,7.60057,7.60222,1.50,2.63
2013.06.04 11:49:15.229,7.60077,7.60222,1.50,2.63
2013.06.04 11:49:15.541,7.60082,7.60222,1.50,2.63
2013.06.04 11:49:15.847,7.60082,7.60222,1.50,1.88
2013.06.04 11:49:15.976,7.60082,7.60233,1.50,2.63
2013.06.04 11:49:16.277,7.60082,7.60233,1.50,2.63
2013.06.04 11:49:16.686,7.60066,7.60233,1.50,2.63
2013.06.04 11:49:17.735,7.60066,7.60213,1.50,1.88
2013.06.04 11:49:17.796,7.60066,7.60213,1.50,1.88
2013.06.04 11:49:17.975,7.60066,7.60222,1.50,1.88
2013.06.04 11:49:18.996,7.60059,7.60233,1.50,1.88
2013.06.04 11:49:19.126,7.60066,7.60233,1.50,1.88
2013.06.04 11:49:20.666,7.60066,7.60212,1.50,1.88
2013.06.04 11:49:20.845,7.60066,7.60212,1.50,1.88
2013.06.04 11:49:21.084,7.60058,7.60222,1.50,1.88
2013.06.04 11:49:22.024,7.60061,7.60222,2.25,1.88
2013.06.04 11:49:22.085,7.60065,7.60233,1.50,1.88
2013.06.04 11:49:23.806,7.60065,7.60233,1.50,1.88
2013.06.04 11:49:23.927,7.60058,7.60222,1.50,1.88
2013.06.04 11:49:25.046,7.60058,7.60233,1.50,1.88
2013.06.04 11:49:25.104,7.60066,7.60233,1.50,1.88
2013.06.04 11:49:26.605,7.60053,7.60233,1.50,1.88
2013.06.04 11:49:26.784,7.60053,7.60212,1.50,1.88
2013.06.04 11:49:26.904,7.60053,7.60222,1.50,1.88
2013.06.04 11:49:47.354,7.6005,7.60222,1.50,1.88
2013.06.04 11:50:09.384,7.6007,7.60232,1.50,1.88
2013.06.04 11:50:09.445,7.60073,7.60232,1.50,1.88
2013.06.04 11:50:09.804,7.60088,7.60232,1.50,1.88
2013.06.04 11:50:09.985,7.60088,7.60243,1.50,1.88
2013.06.04 11:50:10.476,7.60073,7.60243,1.50,1.88
2013.06.04 11:50:10.945,7.60073,7.60233,1.50,1.88
2013.06.04 11:50:46.637,7.60053,7.60233,1.50,1.88
2013.06.04 11:50:47.025,7.60053,7.60212,1.50,1.88
2013.06.04 11:50:47.815,7.60053,7.60223,1.50,1.88
2013.06.04 11:50:52.217,7.60074,7.60223,1.50,1.88
2013.06.04 11:50:53.166,7.60053,7.60223,1.50,1.88
2013.06.04 11:50:54.284,7.60036,7.60223,1.50,2.63
2013.06.04 11:50:55.255,7.60045,7.60212,1.50,1.88
2013.06.04 11:50:55.455,7.60045,7.60222,1.50,1.88
2013.06.04 11:50:56.717,7.60045,7.60213,1.50,1.88
2013.06.04 11:50:56.955,7.60045,7.60222,1.50,1.88
2013.06.04 11:50:58.674,7.60045,7.60213,1.50,1.88
2013.06.04 11:50:58.914,7.60045,7.60223,1.50,1.88
2013.06.04 11:51:00.675,7.60045,7.60213,1.50,1.88
2013.06.04 11:51:00.882,7.60045,7.60223,1.50,1.88
2013.06.04 11:51:02.774,7.60045,7.60212,1.50,1.88
2013.06.04 11:51:03.014,7.60045,7.60223,1.50,1.88
2013.06.04 11:51:04.620,7.60045,7.60213,1.50,1.88
2013.06.04 11:51:04.984,7.60045,7.60222,1.50,1.88
2013.06.04 11:51:06.606,7.60045,7.60213,1.50,1.88
2013.06.04 11:51:06.964,7.60045,7.60223,1.50,1.88
2013.06.04 11:51:07.205,7.60045,7.60217,1.50,1.50
2013.06.04 11:51:07.395,7.60035,7.60213,1.50,2.63
2013.06.04 11:51:07.694,7.60035,7.60213,1.50,3.45
2013.06.04 11:51:26.634,7.60027,7.60213,1.50,4.20
2013.06.04 11:51:50.284,7.60027,7.60213,1.50,2.63
2013.06.04 11:52:07.345,7.60028,7.60213,2.25,1.88
2013.06.04 11:52:37.846,7.6004,7.60213,2.25,1.88
2013.06.04 11:52:57.945,7.60043,7.60213,1.50,1.88
2013.06.04 11:52:58.005,7.60043,7.60213,1.50,1.88
2013.06.04 11:53:18.395,7.60043,7.60213,1.50,1.88
2013.06.04 11:53:38.404,7.60036,7.60213,1.50,1.88
2013.06.04 11:53:54.805,7.60078,7.60264,2.25,1.50
2013.06.04 11:53:54.879,7.60091,7.60277,1.50,1.50
2013.06.04 11:53:57.027,7.60087,7.60262,2.25,1.88
2013.06.04 11:53:57.087,7.6008,7.60262,2.25,1.88
2013.06.04 11:53:57.206,7.60074,7.60204,1.50,2.10
2013.06.04 11:53:57.325,7.60061,7.60183,2.25,1.88
2013.06.04 11:53:57.445,7.60021,7.60183,1.50,1.88
2013.06.04 11:53:57.566,7.60018,7.60193,2.25,2.48
2013.06.04 11:53:57.691,7.6001,7.60193,1.50,2.48
2013.06.04 11:53:58.014,7.6003,7.60194,1.50,1.35
2013.06.04 11:53:58.386,7.60032,7.60202,1.50,1.35
2013.06.04 11:54:02.385,7.60013,7.60188,1.50,1.35
2013.06.04 11:54:02.688,7.60013,7.60188,1.50,1.35
2013.06.04 11:54:03.326,7.60019,7.60202,1.50,1.35
2013.06.04 11:54:07.287,7.60024,7.60204,1.50,2.10
2013.06.04 11:54:28.846,7.60024,7.60213,1.50,3.23
2013.06.04 11:54:44.235,7.60078,7.60213,1.50,2.63
2013.06.04 11:54:44.356,7.60079,7.60267,3.00,2.25
2013.06.04 11:54:44.416,7.60103,7.60283,1.50,1.88
2013.06.04 11:55:05.256,7.60103,7.60283,1.50,1.88
2013.06.04 11:55:11.098,7.60107,7.60283,1.50,2.63
2013.06.04 11:55:25.426,7.60109,7.60283,1.50,2.63
2013.06.04 11:56:12.166,7.60109,7.60283,1.50,1.88
2013.06.04 11:56:25.922,7.6005,7.60283,1.69,1.88
2013.06.04 11:56:33.234,7.6005,7.60283,1.69,1.88
2013.06.04 11:56:35.197,7.6005,7.60283,1.69,1.88
2013.06.04 11:56:36.743,7.60049,7.60304,2.44,2.25
2013.06.04 11:56:40.144,7.60049,7.60304,2.44,2.25
2013.06.04 11:56:40.837,7.60126,7.60304,2.93,2.25
2013.06.04 11:57:21.127,7.60134,7.60298,1.50,1.50
2013.06.04 11:57:40.930,7.60115,7.603,1.50,1.50
2013.06.04 11:57:46.556,7.60121,7.60304,2.25,1.35
2013.06.04 11:57:47.026,7.60141,7.60304,1.50,1.35
2013.06.04 11:57:52.086,7.60141,7.60304,1.50,2.85
2013.06.04 11:57:53.867,7.60144,7.60304,1.50,2.85
2013.06.04 11:57:53.926,7.60124,7.60304,1.50,2.85
2013.06.04 11:58:08.830,7.60113,7.60298,1.50,1.35
2013.06.04 11:58:09.213,7.60113,7.60282,1.50,1.88
2013.06.04 11:58:13.455,7.60117,7.60282,2.25,1.88
2013.06.04 11:58:48.371,7.60121,7.60282,1.50,1.88
2013.06.04 11:58:52.228,7.60114,7.60283,1.50,1.88
2013.06.04 11:58:52.917,7.6012,7.60283,1.50,1.88
2013.06.04 11:59:12.621,7.6012,7.60283,1.50,1.88
2013.06.04 11:59:12.956,7.60117,7.60272,1.50,1.88
2013.06.04 11:59:13.078,7.60102,7.60272,1.50,1.88
2013.06.04 11:59:14.057,7.60102,7.60178,1.50,2.10
2013.06.04 11:59:14.176,7.60086,7.60178,1.50,2.10
2013.06.04 11:59:14.357,7.60086,7.60163,1.50,2.48
2013.06.04 11:59:14.417,7.60062,7.60163,2.25,2.48
2013.06.04 11:59:14.598,7.60004,7.60163,1.50,2.48
2013.06.04 11:59:15.096,7.59998,7.60163,1.50,2.48
2013.06.04 11:59:16.809,7.59989,7.60153,1.50,1.88
2013.06.04 11:59:23.407,7.59975,7.60153,1.50,2.63
2013.06.04 11:59:24.318,7.59977,7.60153,2.25,1.88
2013.06.04 11:59:25.567,7.59982,7.60133,1.50,1.88
2013.06.04 11:59:25.686,7.59973,7.60133,1.50,1.88
2013.06.04 11:59:29.737,7.59973,7.60133,1.50,3.98
2013.06.04 11:59:29.916,7.59973,7.60113,1.50,1.88
2013.06.04 11:59:30.216,7.59949,7.60113,1.50,1.88
2013.06.04 11:59:31.018,7.59942,7.60113,1.50,1.88
2013.06.04 11:59:31.205,7.59942,7.60103,1.50,1.88
2013.06.04 11:59:31.308,7.59942,7.60103,1.50,1.88
2013.06.04 11:59:32.306,7.59929,7.60092,1.50,1.88
2013.06.04 11:59:36.688,7.59922,7.60013,1.50,2.48
2013.06.04 11:59:36.989,7.59879,7.60013,2.25,2.48
2013.06.04 11:59:37.060,7.59846,7.60013,1.50,2.48
2013.06.04 11:59:44.928,7.59846,7.59962,1.50,2.48
2013.06.04 11:59:45.050,7.59835,7.59962,1.50,2.48
2013.06.04 11:59:45.178,7.59824,7.59962,1.50,2.48
2013.06.04 11:59:45.250,7.59804,7.59962,1.50,2.48
2013.06.04 11:59:45.317,7.59807,7.59962,2.25,2.48
2013.06.04 11:59:45.696,7.59825,7.59975,2.25,2.10
2013.06.04 11:59:46.196,7.59816,7.59975,1.50,2.10
2013.06.04 11:59:46.406,7.59827,7.59975,2.25,2.10
2013.06.04 11:59:46.468,7.59843,7.60007,1.50,1.50
2013.06.04 11:59:46.536,7.59848,7.6002,1.50,1.50
2013.06.04 11:59:46.597,7.59848,7.60023,1.50,2.25
2013.06.04 11:59:46.716,7.59867,7.60043,2.25,2.63
2013.06.04 11:59:46.777,7.59871,7.60043,1.50,1.88
2013.06.04 11:59:46.956,7.59871,7.60077,1.50,1.69
2013.06.04 11:59:47.078,7.59883,7.60077,1.50,1.50
2013.06.04 11:59:47.148,7.599,7.60082,2.25,2.25
2013.06.04 11:59:47.206,7.59905,7.60082,1.50,1.50
2013.06.04 11:59:47.266,7.59923,7.60082,1.50,1.50
2013.06.04 11:59:47.327,7.59923,7.60112,1.50,2.82
2013.06.04 11:59:47.456,7.59931,7.60112,1.50,2.07
2013.06.04 11:59:47.978,7.59931,7.60112,1.50,1.88
2013.06.04 11:59:48.436,7.59931,7.60112,1.50,2.07
2013.06.04 11:59:48.787,7.59942,7.60112,1.50,2.07
2013.06.04 11:59:50.901,7.59942,7.60112,1.50,1.88
2013.06.04 11:59:52.459,7.59942,7.60112,1.50,2.07
2013.06.04 11:59:52.628,7.59942,7.60112,1.50,1.88
2013.06.04 11:59:52.938,7.59942,7.60112,1.50,2.07
2013.06.04 11:59:54.737,7.59942,7.60093,1.50,2.10
2013.06.04 11:59:54.798,7.59942,7.60093,1.50,2.10
2013.06.04 11:59:54.918,7.59903,7.60063,1.50,1.88
2013.06.04 11:59:55.646,7.59903,7.60063,1.50,1.88
