2016.02.12 03:00:05.611,9.68114,9.68996,1.00,1.00
2016.02.12 03:00:08.113,9.68063,9.69007,1.07,1.00
2016.02.12 03:00:09.041,9.68044,9.68986,2.32,1.00
2016.02.12 03:00:09.143,9.68044,9.69046,1.57,1.00
2016.02.12 03:00:09.923,9.68044,9.69056,1.57,1.50
2016.02.12 03:00:18.974,9.68044,9.69046,1.57,1.00
2016.02.12 03:00:19.176,9.68044,9.69056,1.57,1.50
2016.02.12 03:00:40.464,9.68084,9.69036,1.00,1.00
2016.02.12 03:00:47.154,9.68074,9.69026,1.00,1.00
2016.02.12 03:00:48.878,9.68083,9.69037,1.00,1.00
2016.02.12 03:00:49.402,9.68074,9.69016,1.00,1.00
2016.02.12 03:00:49.677,9.68084,9.69036,1.00,1.00
2016.02.12 03:00:49.861,9.68074,9.69026,1.00,1.00
2016.02.12 03:00:58.583,9.68064,9.69006,1.07,1.00
2016.02.12 03:01:00.098,9.67964,9.69036,1.37,1.00
2016.02.12 03:01:00.798,9.67984,9.69056,1.37,1.00
2016.02.12 03:01:00.900,9.68004,9.69059,1.37,1.00
2016.02.12 03:01:01.124,9.67944,9.69065,1.37,1.00
2016.02.12 03:01:02.538,9.67944,9.69071,1.87,1.00
2016.02.12 03:01:06.923,9.67934,9.69066,1.87,1.00
2016.02.12 03:01:07.451,9.67944,9.69071,1.87,1.00
2016.02.12 03:01:10.322,9.67934,9.69066,1.87,1.00
2016.02.12 03:01:20.197,9.67924,9.69056,2.25,1.00
2016.02.12 03:01:23.012,9.67944,9.69071,1.37,1.00
2016.02.12 03:01:27.529,9.68035,9.69096,1.07,1.50
2016.02.12 03:01:27.580,9.68035,9.69016,1.07,1.00
2016.02.12 03:01:27.885,9.68264,9.68956,1.00,1.00
2016.02.12 03:01:28.138,9.68264,9.68966,1.00,1.00
2016.02.12 03:01:28.449,9.68253,9.68947,1.00,1.00
2016.02.12 03:01:38.453,9.68264,9.68956,1.00,1.00
2016.02.12 03:01:46.989,9.68254,9.68946,1.00,1.00
2016.02.12 03:01:48.474,9.68234,9.68936,1.00,1.00
2016.02.12 03:01:48.969,9.68214,9.68916,1.00,1.00
2016.02.12 03:01:49.376,9.68204,9.68906,1.00,1.00
2016.02.12 03:01:49.787,9.68184,9.68886,1.00,1.00
2016.02.12 03:01:56.290,9.68204,9.68906,1.00,1.00
2016.02.12 03:02:04.061,9.68214,9.68906,1.00,1.00
2016.02.12 03:02:04.858,9.68203,9.68907,1.00,1.00
2016.02.12 03:02:13.738,9.68184,9.68886,1.00,1.00
2016.02.12 03:02:20.856,9.68154,9.68866,1.50,1.00
2016.02.12 03:02:21.779,9.68164,9.68876,1.00,1.00
2016.02.12 03:02:22.131,9.68154,9.68866,1.00,1.00
2016.02.12 03:02:22.889,9.68134,9.68846,1.00,1.00
2016.02.12 03:02:23.791,9.68144,9.68846,1.00,1.00
2016.02.12 03:02:23.892,9.68154,9.68866,1.00,1.00
2016.02.12 03:02:24.877,9.68113,9.68837,2.25,1.00
2016.02.12 03:02:25.322,9.68124,9.68837,1.00,1.00
2016.02.12 03:02:25.816,9.68193,9.68846,1.50,1.00
2016.02.12 03:02:25.918,9.68193,9.68866,1.50,1.00
2016.02.12 03:02:28.391,9.68193,9.68836,1.50,1.00
2016.02.12 03:02:28.719,9.68193,9.68846,1.50,1.00
2016.02.12 03:02:29.433,9.68193,9.68856,1.50,1.00
2016.02.12 03:02:32.539,9.68193,9.68876,1.50,1.00
2016.02.12 03:02:32.641,9.68193,9.68867,1.50,1.00
2016.02.12 03:02:33.320,9.68193,9.68876,1.50,1.00
2016.02.12 03:02:33.628,9.68193,9.68886,1.50,1.00
2016.02.12 03:02:34.035,9.68204,9.68906,1.00,1.00
2016.02.12 03:02:34.618,9.68193,9.68886,1.50,1.00
2016.02.12 03:02:41.120,9.68193,9.68876,1.50,1.00
2016.02.12 03:02:41.444,9.68193,9.68867,1.50,1.00
2016.02.12 03:02:42.160,9.68193,9.68886,1.50,1.00
2016.02.12 03:02:42.656,9.68193,9.68866,1.50,1.00
2016.02.12 03:02:43.627,9.68193,9.68876,1.50,1.00
2016.02.12 03:02:44.142,9.68193,9.68866,1.50,1.00
2016.02.12 03:02:45.360,9.68193,9.68876,1.50,1.00
2016.02.12 03:02:45.847,9.68193,9.68866,1.50,1.00
2016.02.12 03:02:55.562,9.68193,9.68877,1.50,1.00
2016.02.12 03:02:57.692,9.68193,9.68886,1.50,1.00
2016.02.12 03:02:58.174,9.68204,9.68906,1.00,1.00
2016.02.12 03:02:58.377,9.68193,9.68897,1.50,1.00
2016.02.12 03:03:01.999,9.68193,9.68876,1.50,1.00
2016.02.12 03:03:05.394,9.68193,9.68866,1.50,1.00
2016.02.12 03:03:05.929,9.68193,9.68846,1.50,1.00
2016.02.12 03:03:09.451,9.68193,9.68816,1.50,1.00
2016.02.12 03:03:09.725,9.68193,9.68836,1.50,1.00
2016.02.12 03:03:13.167,9.68193,9.68816,1.50,1.00
2016.02.12 03:03:15.832,9.68193,9.68836,1.50,1.00
2016.02.12 03:03:17.169,9.68193,9.68846,1.50,1.00
2016.02.12 03:03:17.371,9.68193,9.68836,1.50,1.00
2016.02.12 03:03:17.845,9.68193,9.68816,1.50,1.00
2016.02.12 03:03:18.371,9.68193,9.68836,1.50,1.00
2016.02.12 03:03:19.674,9.68193,9.68856,1.50,1.00
2016.02.12 03:03:19.827,9.68144,9.68856,1.00,1.00
2016.02.12 03:03:19.878,9.68174,9.68886,1.00,1.00
2016.02.12 03:03:20.249,9.68154,9.68866,1.00,1.00
2016.02.12 03:03:20.775,9.68254,9.68866,1.50,1.00
2016.02.12 03:03:24.068,9.68254,9.68876,1.50,1.00
2016.02.12 03:04:14.055,9.68254,9.68886,1.50,1.00
2016.02.12 03:04:19.670,9.68254,9.68906,1.50,1.00
2016.02.12 03:04:19.772,9.68144,9.68906,1.00,1.00
2016.02.12 03:04:20.670,9.68064,9.68926,1.57,1.00
2016.02.12 03:04:21.399,9.68064,9.68936,2.32,1.00
2016.02.12 03:04:21.686,9.68064,9.68946,1.57,1.00
2016.02.12 03:04:39.924,9.68004,9.68926,1.87,1.00
2016.02.12 03:04:41.148,9.68094,9.68916,1.07,1.00
2016.02.12 03:04:42.242,9.68074,9.68896,1.07,1.00
2016.02.12 03:04:45.131,9.68054,9.68886,1.07,1.00
2016.02.12 03:04:46.446,9.68074,9.68896,1.07,1.00
2016.02.12 03:04:56.396,9.68064,9.68886,1.07,1.00
2016.02.12 03:04:56.930,9.68084,9.68906,1.07,1.00
2016.02.12 03:05:10.865,9.68064,9.68886,1.07,1.00
2016.02.12 03:05:19.695,9.68084,9.68906,1.07,1.00
2016.02.12 03:05:43.856,9.68104,9.68916,1.07,1.00
2016.02.12 03:05:48.070,9.68104,9.68916,1.07,1.00
2016.02.12 03:05:50.644,9.68084,9.68906,1.07,1.00
2016.02.12 03:05:57.044,9.68084,9.68906,1.00,1.00
2016.02.12 03:06:00.708,9.68093,9.68917,1.00,1.00
2016.02.12 03:06:07.400,9.68114,9.68926,1.00,1.00
2016.02.12 03:06:21.135,9.68134,9.68946,1.00,1.00
2016.02.12 03:06:24.172,9.68144,9.68956,1.00,1.00
2016.02.12 03:06:30.180,9.68094,9.68966,1.00,1.00
2016.02.12 03:06:40.081,9.68084,9.68956,1.00,1.00
2016.02.12 03:06:47.240,9.68094,9.68976,1.00,1.00
2016.02.12 03:06:49.652,9.68114,9.68996,1.00,1.00
2016.02.12 03:06:59.630,9.68104,9.68986,1.00,1.00
2016.02.12 03:07:05.143,9.68094,9.68966,1.00,1.00
2016.02.12 03:07:05.876,9.68104,9.68986,1.00,1.00
2016.02.12 03:07:10.450,9.68124,9.69006,1.00,1.00
2016.02.12 03:07:10.785,9.68134,9.69016,1.00,1.00
2016.02.12 03:07:17.817,9.68144,9.69036,1.00,1.00
2016.02.12 03:07:20.304,9.68164,9.69056,1.00,1.00
2016.02.12 03:07:22.297,9.68174,9.69076,1.00,1.50
2016.02.12 03:07:23.189,9.68194,9.69086,1.00,1.50
2016.02.12 03:07:30.333,9.68174,9.69076,1.00,1.00
2016.02.12 03:07:36.164,9.68163,9.69057,1.00,1.00
2016.02.12 03:07:39.837,9.68174,9.69076,1.00,1.00
2016.02.12 03:07:47.091,9.68194,9.69086,1.00,1.50
2016.02.12 03:07:49.941,9.68194,9.69096,1.00,1.50
2016.02.12 03:07:52.814,9.68214,9.69096,1.00,1.00
2016.02.12 03:07:54.286,9.68214,9.69115,1.00,1.00
2016.02.12 03:07:54.387,9.68254,9.69096,1.00,1.00
2016.02.12 03:07:54.711,9.68284,9.69066,1.00,1.00
2016.02.12 03:07:57.725,9.68274,9.69056,1.00,1.00
2016.02.12 03:07:58.086,9.68284,9.69066,1.00,1.00
2016.02.12 03:07:58.912,9.68273,9.69057,1.00,1.00
2016.02.12 03:07:59.111,9.68304,9.69016,1.50,1.50
2016.02.12 03:08:08.571,9.68254,9.69026,1.00,1.00
2016.02.12 03:08:08.925,9.68204,9.69036,1.00,1.00
2016.02.12 03:08:09.128,9.68194,9.69026,1.00,1.00
2016.02.12 03:08:09.854,9.68184,9.69006,1.00,1.00
2016.02.12 03:08:17.226,9.68194,9.69026,1.00,1.00
2016.02.12 03:08:27.294,9.68184,9.69016,1.00,1.00
2016.02.12 03:08:33.179,9.68174,9.68996,1.00,1.00
2016.02.12 03:08:38.006,9.68154,9.68976,1.00,1.00
2016.02.12 03:08:38.710,9.68144,9.68956,1.00,1.00
2016.02.12 03:08:46.192,9.68134,9.68946,1.00,1.00
2016.02.12 03:08:47.303,9.68124,9.68936,2.25,1.00
2016.02.12 03:08:47.941,9.68143,9.68957,1.00,1.00
2016.02.12 03:08:48.141,9.68124,9.68937,1.50,1.00
2016.02.12 03:08:56.123,9.68124,9.68916,1.50,1.00
2016.02.12 03:08:56.428,9.68124,9.68967,1.50,1.00
2016.02.12 03:08:57.431,9.68124,9.68926,1.50,1.00
2016.02.12 03:08:57.976,9.68124,9.68946,1.50,1.00
2016.02.12 03:09:00.648,9.68124,9.68956,1.50,1.00
2016.02.12 03:09:03.850,9.68124,9.68936,1.50,1.00
2016.02.12 03:09:04.172,9.68124,9.68996,1.50,1.00
2016.02.12 03:09:07.354,9.68124,9.68986,1.50,1.00
2016.02.12 03:09:07.686,9.68124,9.69026,1.50,1.00
2016.02.12 03:09:07.849,9.68124,9.69046,1.50,1.00
2016.02.12 03:09:08.636,9.67974,9.69046,1.00,1.00
2016.02.12 03:09:12.700,9.67984,9.69056,1.00,1.00
2016.02.12 03:09:14.822,9.67984,9.69056,1.75,1.75
2016.02.12 03:09:45.971,9.68034,9.68946,1.87,1.75
2016.02.12 03:09:58.081,9.68034,9.69036,2.25,1.75
2016.02.12 03:10:01.710,9.68034,9.69016,2.25,1.75
2016.02.12 03:10:26.904,9.68034,9.69036,2.25,1.75
2016.02.12 03:10:33.610,9.68034,9.69046,2.25,2.25
2016.02.12 03:10:43.529,9.68034,9.69046,2.25,2.25
2016.02.12 03:10:45.388,9.68074,9.69046,1.75,2.25
2016.02.12 03:11:05.462,9.68104,9.69016,2.25,1.75
2016.02.12 03:11:49.994,9.68104,9.69066,2.25,1.75
2016.02.12 03:11:57.152,9.68104,9.69046,2.25,2.25
2016.02.12 03:11:58.981,9.68104,9.69046,1.87,1.00
2016.02.12 03:11:59.159,9.68104,9.69026,1.87,1.00
2016.02.12 03:12:04.680,9.68004,9.69006,1.75,1.00
2016.02.12 03:12:05.917,9.68034,9.68966,1.75,1.00
2016.02.12 03:12:06.417,9.68043,9.68987,1.75,1.00
2016.02.12 03:12:07.379,9.68034,9.68966,1.75,1.00
2016.02.12 03:12:09.384,9.68014,9.68946,1.75,1.00
2016.02.12 03:12:12.919,9.68005,9.68926,1.75,1.00
2016.02.12 03:12:20.644,9.68014,9.68946,1.75,1.00
2016.02.12 03:12:20.837,9.68274,9.68946,1.50,1.00
2016.02.12 03:12:23.882,9.68113,9.68946,1.87,1.00
2016.02.12 03:12:28.846,9.68113,9.68957,1.87,1.00
2016.02.12 03:12:29.869,9.68273,9.68957,1.50,1.00
2016.02.12 03:12:35.964,9.68273,9.68946,1.50,1.00
2016.02.12 03:12:41.007,9.68273,9.68956,1.50,1.00
2016.02.12 03:12:42.516,9.68273,9.68957,1.50,1.00
2016.02.12 03:12:42.717,9.68273,9.68976,1.50,1.00
2016.02.12 03:12:44.513,9.68273,9.68987,1.50,1.50
2016.02.12 03:12:47.642,9.68273,9.68986,1.50,1.00
2016.02.12 03:12:49.145,9.68273,9.68956,1.50,1.00
2016.02.12 03:12:50.206,9.68273,9.68957,1.50,1.00
2016.02.12 03:12:51.354,9.68273,9.68956,1.50,1.00
2016.02.12 03:13:07.900,9.68273,9.68946,1.50,1.00
2016.02.12 03:13:08.203,9.68273,9.68926,1.50,1.00
2016.02.12 03:13:09.195,9.68273,9.68946,1.50,1.00
2016.02.12 03:13:10.186,9.68273,9.68916,1.50,1.00
2016.02.12 03:13:10.388,9.68273,9.68936,1.50,1.00
2016.02.12 03:13:10.490,9.68273,9.68916,1.50,1.00
2016.02.12 03:13:12.093,9.68273,9.68926,1.50,1.00
2016.02.12 03:13:23.600,9.68273,9.68916,1.50,1.00
2016.02.12 03:13:24.218,9.68273,9.68926,1.50,1.00
2016.02.12 03:13:29.912,9.68114,9.68926,1.75,1.00
2016.02.12 03:13:31.909,9.68094,9.68916,1.75,1.00
2016.02.12 03:13:34.610,9.68094,9.68916,1.75,1.00
2016.02.12 03:13:59.219,9.68094,9.68916,1.75,1.00
2016.02.12 03:14:01.172,9.68114,9.68926,1.75,1.00
2016.02.12 03:14:01.908,9.68134,9.68946,1.75,1.00
2016.02.12 03:14:04.015,9.68144,9.68956,1.75,1.00
2016.02.12 03:14:14.017,9.68154,9.68966,1.75,1.00
2016.02.12 03:14:16.361,9.68134,9.68946,1.75,1.00
2016.02.12 03:14:20.583,9.68144,9.68956,1.75,1.00
2016.02.12 03:14:21.166,9.68134,9.68946,1.75,1.00
2016.02.12 03:14:31.357,9.68124,9.68936,1.75,1.00
2016.02.12 03:14:36.571,9.68104,9.68916,1.75,1.00
2016.02.12 03:14:36.875,9.68083,9.68907,1.75,1.00
2016.02.12 03:14:46.808,9.68094,9.68916,1.75,1.00
2016.02.12 03:15:41.614,9.68074,9.68896,1.75,1.00
2016.02.12 03:15:51.646,9.68084,9.68906,1.75,1.00
2016.02.12 03:15:52.005,9.68084,9.68906,1.75,1.00
2016.02.12 03:15:57.235,9.68084,9.68906,1.75,1.00
2016.02.12 03:16:01.648,9.68074,9.68896,1.75,1.00
2016.02.12 03:16:03.853,9.68064,9.68886,2.25,1.00
2016.02.12 03:16:04.229,9.68064,9.68876,2.25,1.00
2016.02.12 03:16:05.969,9.68064,9.68866,2.25,1.00
2016.02.12 03:16:06.669,9.68174,9.68886,1.87,1.50
2016.02.12 03:16:06.721,9.68174,9.68886,1.50,1.50
2016.02.12 03:16:07.225,9.68024,9.68936,2.47,1.00
2016.02.12 03:16:07.677,9.68024,9.68916,2.47,1.00
2016.02.12 03:16:08.006,9.68024,9.68916,2.47,1.00
2016.02.12 03:16:08.180,9.68024,9.68936,2.47,1.00
2016.02.12 03:16:09.715,9.68024,9.68946,2.47,1.00
2016.02.12 03:16:10.178,9.68024,9.68936,2.47,1.00
2016.02.12 03:16:10.543,9.68173,9.68887,1.57,1.50
2016.02.12 03:16:11.216,9.68024,9.68956,2.47,1.00
2016.02.12 03:16:11.700,9.68024,9.68946,2.47,1.00
2016.02.12 03:16:14.107,9.68024,9.68956,2.47,1.00
2016.02.12 03:16:14.510,9.68024,9.68946,2.47,1.00
2016.02.12 03:16:14.713,9.68024,9.68956,2.47,1.00
2016.02.12 03:16:15.615,9.68024,9.68946,2.47,1.00
2016.02.12 03:16:20.145,9.68024,9.68936,2.47,1.00
2016.02.12 03:16:20.496,9.68164,9.68876,1.57,1.50
2016.02.12 03:16:31.695,9.68164,9.68866,1.57,1.00
2016.02.12 03:16:32.353,9.68164,9.68856,1.57,1.00
2016.02.12 03:16:36.462,9.68164,9.68866,1.57,1.00
2016.02.12 03:16:36.663,9.68164,9.68876,1.57,2.25
2016.02.12 03:16:54.929,9.68164,9.68866,1.57,1.00
2016.02.12 03:16:57.337,9.68164,9.68876,1.57,2.25
2016.02.12 03:17:03.185,9.68164,9.68866,1.57,1.00
2016.02.12 03:17:03.506,9.68164,9.68846,1.57,1.00
2016.02.12 03:17:03.854,9.68164,9.68866,1.57,1.00
2016.02.12 03:17:13.881,9.68164,9.68856,1.57,1.00
2016.02.12 03:17:30.156,9.68054,9.68866,1.75,1.00
2016.02.12 03:17:30.257,9.68064,9.68876,1.75,1.00
2016.02.12 03:17:30.460,9.68054,9.68866,1.75,1.00
2016.02.12 03:17:30.662,9.6802,9.68996,1.60,1.07
2016.02.12 03:17:31.973,9.6802,9.69026,1.24,1.00
2016.02.12 03:17:32.345,9.6802,9.69016,1.24,1.00
2016.02.12 03:17:46.825,9.68074,9.69026,2.25,1.00
2016.02.12 03:17:47.414,9.68074,9.69016,2.25,1.00
2016.02.12 03:17:47.515,9.68074,9.69026,2.25,1.00
2016.02.12 03:17:47.715,9.68074,9.69016,2.25,1.00
2016.02.12 03:17:52.231,9.68074,9.69026,2.25,1.00
2016.02.12 03:17:52.933,9.68074,9.69006,2.25,1.00
2016.02.12 03:17:53.284,9.68074,9.68976,2.25,1.00
2016.02.12 03:17:53.585,9.68074,9.68996,2.25,1.00
2016.02.12 03:17:53.934,9.68074,9.68976,2.25,1.00
2016.02.12 03:17:58.406,9.68074,9.68976,2.25,1.75
2016.02.12 03:18:02.224,9.68074,9.68936,2.25,1.37
2016.02.12 03:18:17.672,9.68074,9.68896,2.25,1.00
2016.02.12 03:18:19.534,9.68074,9.68896,2.25,1.07
2016.02.12 03:18:20.161,9.68164,9.68866,2.25,1.00
2016.02.12 03:18:21.665,9.68164,9.68876,2.25,2.32
2016.02.12 03:18:25.272,9.68164,9.68866,2.25,1.00
2016.02.12 03:18:32.987,9.68164,9.68856,2.25,1.00
2016.02.12 03:18:34.062,9.68164,9.68856,2.25,1.07
2016.02.12 03:18:52.210,9.68164,9.68856,1.87,1.07
2016.02.12 03:18:53.923,9.68164,9.68856,2.25,1.37
2016.02.12 03:19:17.324,9.68164,9.68876,2.25,1.57
2016.02.12 03:20:00.583,9.68174,9.68886,1.50,2.25
2016.02.12 03:20:04.613,9.68264,9.68886,1.50,1.00
2016.02.12 03:20:08.872,9.68264,9.68856,1.50,1.00
2016.02.12 03:20:17.266,9.68264,9.68846,1.50,1.00
2016.02.12 03:20:21.983,9.68264,9.68826,1.50,1.00
2016.02.12 03:20:23.079,9.68264,9.68827,1.50,1.00
2016.02.12 03:20:23.381,9.68264,9.68816,1.50,1.00
2016.02.12 03:20:23.755,9.68193,9.68816,1.50,1.00
2016.02.12 03:20:27.523,9.68193,9.68826,1.50,1.00
2016.02.12 03:20:27.697,9.68193,9.68816,1.50,1.00
2016.02.12 03:20:27.898,9.68193,9.68826,1.50,1.00
2016.02.12 03:20:28.099,9.68193,9.68816,1.50,1.00
2016.02.12 03:20:28.299,9.68193,9.68826,1.50,1.00
2016.02.12 03:20:28.400,9.68193,9.68816,1.50,1.00
2016.02.12 03:20:35.733,9.68193,9.68806,1.50,1.00
2016.02.12 03:20:35.921,9.68193,9.68817,1.50,1.00
2016.02.12 03:20:37.589,9.68193,9.68806,1.50,1.00
2016.02.12 03:20:45.277,9.68193,9.68816,1.50,1.00
2016.02.12 03:20:51.372,9.68193,9.68846,1.50,1.00
2016.02.12 03:20:52.061,9.68193,9.68847,1.50,1.00
2016.02.12 03:20:52.374,9.68193,9.68826,1.50,1.00
2016.02.12 03:20:52.687,9.68193,9.68847,1.50,1.00
2016.02.12 03:20:55.276,9.68193,9.68846,1.50,1.00
2016.02.12 03:20:56.479,9.68193,9.68856,1.50,1.00
2016.02.12 03:21:01.803,9.68264,9.68876,1.50,1.00
2016.02.12 03:21:03.597,9.68264,9.68866,1.50,1.00
2016.02.12 03:21:04.299,9.68264,9.68877,1.50,1.00
2016.02.12 03:21:04.945,9.68264,9.68876,1.50,1.00
2016.02.12 03:21:11.656,9.68264,9.68877,1.50,1.00
2016.02.12 03:21:12.157,9.68264,9.68876,1.50,1.00
2016.02.12 03:21:17.365,9.68264,9.68866,1.50,1.00
2016.02.12 03:21:18.350,9.68264,9.68867,1.50,1.00
2016.02.12 03:21:19.152,9.68264,9.68866,1.50,1.00
2016.02.12 03:21:19.521,9.68264,9.68856,1.50,1.00
2016.02.12 03:21:20.893,9.68264,9.68857,1.50,1.00
2016.02.12 03:21:21.415,9.68264,9.68856,1.50,1.00
2016.02.12 03:21:25.436,9.68264,9.68866,1.50,1.00
2016.02.12 03:21:25.588,9.68264,9.68876,1.50,1.00
2016.02.12 03:21:25.701,9.68264,9.68866,1.50,1.00
2016.02.12 03:21:25.803,9.68264,9.68876,1.50,1.00
2016.02.12 03:21:25.904,9.68264,9.68947,1.50,1.07
2016.02.12 03:21:25.955,9.68264,9.68936,1.50,1.37
2016.02.12 03:21:26.811,9.68283,9.68857,1.50,1.50
2016.02.12 03:21:37.665,9.68154,9.68866,1.50,2.25
2016.02.12 03:21:37.965,9.68154,9.68816,1.50,1.00
2016.02.12 03:21:40.649,9.68154,9.68796,1.50,1.00
2016.02.12 03:21:49.084,9.68154,9.68776,1.50,1.00
2016.02.12 03:21:55.288,9.68154,9.68796,1.50,1.00
2016.02.12 03:21:58.402,9.68154,9.68766,1.50,1.00
2016.02.12 03:21:59.405,9.68154,9.68796,1.50,1.00
2016.02.12 03:22:03.442,9.68154,9.68756,1.50,1.00
2016.02.12 03:22:04.469,9.68154,9.68786,1.50,1.00
2016.02.12 03:22:06.160,9.68154,9.68746,1.50,1.00
2016.02.12 03:22:07.171,9.68154,9.68786,1.50,1.00
2016.02.12 03:22:08.144,9.68154,9.68746,1.50,1.00
2016.02.12 03:22:09.163,9.68154,9.68786,1.50,1.00
2016.02.12 03:22:09.648,9.68154,9.68736,1.50,1.00
2016.02.12 03:22:10.167,9.68154,9.68746,1.50,1.00
2016.02.12 03:22:10.670,9.68154,9.68786,1.50,1.00
2016.02.12 03:22:12.382,9.68154,9.68756,1.50,1.00
2016.02.12 03:22:13.145,9.68154,9.68776,1.50,1.00
2016.02.12 03:22:13.347,9.68154,9.68796,1.50,1.00
2016.02.12 03:22:16.366,9.68154,9.68797,1.50,1.00
2016.02.12 03:22:17.055,9.68154,9.68806,1.50,1.00
2016.02.12 03:22:18.870,9.68154,9.68846,1.50,1.00
2016.02.12 03:22:19.662,9.68154,9.68796,1.50,1.00
2016.02.12 03:22:19.862,9.68154,9.68806,1.50,1.00
2016.02.12 03:22:25.281,9.68154,9.68826,1.50,1.00
2016.02.12 03:22:35.226,9.68154,9.68836,1.50,1.00
2016.02.12 03:22:37.688,9.6803,9.68836,1.37,1.00
2016.02.12 03:22:40.527,9.6803,9.68837,1.37,1.00
2016.02.12 03:22:41.099,9.6803,9.68836,1.37,1.00
2016.02.12 03:22:41.319,9.6803,9.68846,1.37,1.00
2016.02.12 03:22:41.788,9.68254,9.68826,1.50,1.50
2016.02.12 03:22:45.878,9.68174,9.68836,1.50,1.00
2016.02.12 03:22:51.666,9.68174,9.68837,1.50,1.00
2016.02.12 03:22:52.459,9.68174,9.68836,1.50,1.00
2016.02.12 03:22:53.848,9.68174,9.68856,1.50,1.00
2016.02.12 03:22:54.168,9.68174,9.68886,1.50,2.25
2016.02.12 03:22:56.892,9.68174,9.68866,1.50,1.00
2016.02.12 03:22:57.204,9.68174,9.68856,1.50,1.00
2016.02.12 03:22:57.368,9.68174,9.68876,1.50,1.00
2016.02.12 03:22:59.476,9.68174,9.68866,1.50,1.00
2016.02.12 03:23:02.988,9.68174,9.68876,1.50,1.00
2016.02.12 03:23:05.775,9.68174,9.68877,1.50,1.00
2016.02.12 03:23:06.300,9.68174,9.68876,1.50,1.00
2016.02.12 03:23:11.116,9.68174,9.68856,1.50,1.00
2016.02.12 03:23:11.432,9.68174,9.68836,1.50,1.00
2016.02.12 03:23:11.920,9.68174,9.68846,1.50,1.00
2016.02.12 03:23:21.908,9.68174,9.68856,1.50,1.00
2016.02.12 03:23:28.840,9.68174,9.68836,1.50,1.00
2016.02.12 03:23:30.848,9.68174,9.68826,1.50,1.00
2016.02.12 03:23:40.883,9.68174,9.68817,1.50,1.00
2016.02.12 03:23:41.400,9.68174,9.68806,1.50,1.00
2016.02.12 03:23:41.501,9.68174,9.68816,1.50,1.00
2016.02.12 03:23:45.920,9.6803,9.68816,1.75,1.00
2016.02.12 03:23:51.474,9.6803,9.68826,1.75,1.00
2016.02.12 03:23:55.928,9.68016,9.68806,1.75,1.00
2016.02.12 03:24:00.737,9.68029,9.68806,1.75,1.07
2016.02.12 03:24:47.618,9.68005,9.68806,2.02,1.37
2016.02.12 03:24:49.372,9.68027,9.68806,1.75,1.07
2016.02.12 03:24:52.880,9.68104,9.68816,1.57,1.87
2016.02.12 03:24:53.105,9.68104,9.68816,1.50,1.57
2016.02.12 03:24:54.681,9.68104,9.68816,1.50,2.25
2016.02.12 03:25:01.022,9.68104,9.68816,1.50,1.57
2016.02.12 03:25:18.440,9.68145,9.68816,1.00,1.57
2016.02.12 03:25:18.542,9.68133,9.68816,1.00,1.57
2016.02.12 03:25:18.736,9.68114,9.68816,1.45,1.57
2016.02.12 03:25:18.838,9.68104,9.68816,1.50,1.57
2016.02.12 03:25:21.892,9.68194,9.68906,1.50,2.25
2016.02.12 03:25:22.300,9.68194,9.68836,1.50,1.75
2016.02.12 03:25:22.706,9.68194,9.68836,1.50,1.12
2016.02.12 03:25:23.825,9.68114,9.68826,1.50,1.57
2016.02.12 03:25:24.251,9.68114,9.68818,1.50,1.37
2016.02.12 03:25:29.002,9.68184,9.68846,1.50,1.75
2016.02.12 03:25:29.104,9.68184,9.68846,1.50,1.37
2016.02.12 03:25:30.108,9.68184,9.68839,1.50,1.75
2016.02.12 03:25:59.460,9.68184,9.68876,1.50,1.07
2016.02.12 03:26:05.130,9.68184,9.68826,1.50,1.00
2016.02.12 03:26:06.951,9.68184,9.68827,1.50,1.00
2016.02.12 03:26:07.153,9.68184,9.68856,1.50,1.00
2016.02.12 03:26:07.410,9.68184,9.68896,1.50,1.50
2016.02.12 03:26:16.519,9.68184,9.68896,1.50,1.87
2016.02.12 03:26:16.722,9.68184,9.68896,1.50,1.50
2016.02.12 03:26:17.581,9.68184,9.68857,1.50,1.00
2016.02.12 03:26:18.646,9.68184,9.68896,1.50,1.50
2016.02.12 03:26:21.696,9.68254,9.68966,1.50,1.87
2016.02.12 03:26:27.983,9.68174,9.68886,1.50,1.50
2016.02.12 03:26:30.148,9.68254,9.68966,1.50,1.87
2016.02.12 03:26:33.129,9.68164,9.68876,1.50,1.50
2016.02.12 03:26:33.231,9.68164,9.68866,1.50,1.00
2016.02.12 03:26:33.542,9.68164,9.68828,1.50,1.00
2016.02.12 03:26:34.327,9.68164,9.68876,1.50,1.50
2016.02.12 03:26:48.778,9.68164,9.68866,1.50,1.00
2016.02.12 03:26:49.081,9.68164,9.68806,1.50,1.00
2016.02.12 03:26:49.437,9.68063,9.68777,1.50,1.50
2016.02.12 03:26:50.211,9.68071,9.68777,1.00,1.50
2016.02.12 03:26:50.465,9.68193,9.68907,1.50,1.50
2016.02.12 03:26:52.901,9.68193,9.68907,1.50,1.57
2016.02.12 03:26:54.681,9.68193,9.68907,1.50,1.57
2016.02.12 03:26:54.783,9.68193,9.68876,1.50,1.00
2016.02.12 03:26:54.885,9.68193,9.68907,1.50,1.57
2016.02.12 03:26:55.448,9.68114,9.68826,1.57,1.50
2016.02.12 03:27:05.979,9.68114,9.68826,1.57,1.50
2016.02.12 03:27:09.190,9.68114,9.68826,1.50,1.50
2016.02.12 03:27:23.149,9.68114,9.68787,1.50,1.00
2016.02.12 03:27:23.959,9.68114,9.68806,1.50,1.00
2016.02.12 03:27:24.161,9.68114,9.68796,1.50,1.00
2016.02.12 03:27:24.619,9.68114,9.68826,1.50,2.25
2016.02.12 03:27:25.124,9.68114,9.68806,1.50,1.00
2016.02.12 03:27:26.453,9.68114,9.68826,1.50,1.50
2016.02.12 03:27:27.230,9.68114,9.68796,1.50,1.00
2016.02.12 03:27:27.648,9.68114,9.68826,1.50,2.25
2016.02.12 03:27:39.895,9.68114,9.68796,1.50,1.00
2016.02.12 03:27:40.354,9.68114,9.68816,1.50,1.00
2016.02.12 03:27:51.391,9.68114,9.68826,1.50,1.50
2016.02.12 03:27:51.911,9.68114,9.68796,1.50,1.00
2016.02.12 03:27:52.703,9.68114,9.68816,1.50,1.00
2016.02.12 03:27:52.906,9.68114,9.68826,1.50,1.50
2016.02.12 03:27:55.454,9.6803,9.68836,1.07,1.00
2016.02.12 03:28:00.320,9.68055,9.68836,1.66,1.00
2016.02.12 03:28:00.421,9.68055,9.68856,1.66,1.00
2016.02.12 03:28:00.623,9.68016,9.68866,2.39,1.00
2016.02.12 03:28:00.911,9.68004,9.68806,1.51,1.00
2016.02.12 03:28:01.213,9.68004,9.68826,2.26,1.00
2016.02.12 03:28:01.637,9.68024,9.68846,1.75,1.00
2016.02.12 03:28:05.829,9.68024,9.68846,1.75,1.00
2016.02.12 03:28:06.139,9.68424,9.68796,1.00,1.00
2016.02.12 03:28:06.443,9.68424,9.68816,1.07,1.00
2016.02.12 03:28:06.494,9.68424,9.68816,1.00,1.00
2016.02.12 03:28:06.646,9.68374,9.68766,2.25,1.00
2016.02.12 03:28:06.919,9.68374,9.68786,1.50,1.00
2016.02.12 03:28:06.970,9.68304,9.68786,2.25,1.00
2016.02.12 03:28:07.123,9.68304,9.68876,1.50,1.50
2016.02.12 03:28:07.275,9.68304,9.68876,1.50,1.57
2016.02.12 03:28:07.326,9.68064,9.68776,1.50,1.50
2016.02.12 03:28:08.394,9.68154,9.68866,1.50,1.57
2016.02.12 03:28:08.603,9.68154,9.68866,1.50,1.57
2016.02.12 03:28:10.221,9.68154,9.68866,1.50,1.50
2016.02.12 03:28:11.115,9.68154,9.68866,1.50,1.57
2016.02.12 03:28:13.192,9.68154,9.68861,1.50,1.00
2016.02.12 03:28:13.395,9.68154,9.68866,1.50,1.57
2016.02.12 03:28:14.906,9.68154,9.68846,1.50,1.00
2016.02.12 03:28:15.008,9.68154,9.68866,1.50,1.57
2016.02.12 03:28:16.621,9.68154,9.68866,1.50,1.50
2016.02.12 03:28:17.761,9.68244,9.68956,1.50,1.57
2016.02.12 03:28:23.438,9.68244,9.68931,1.50,1.00
2016.02.12 03:28:23.539,9.68244,9.68933,1.50,1.00
2016.02.12 03:28:23.644,9.68244,9.68897,1.50,1.00
2016.02.12 03:28:23.797,9.68134,9.68846,1.50,1.50
2016.02.12 03:28:31.927,9.68214,9.68926,1.50,1.50
2016.02.12 03:28:32.787,9.68214,9.68926,1.50,1.57
2016.02.12 03:28:37.196,9.68214,9.68874,1.50,1.00
2016.02.12 03:28:37.298,9.68214,9.68908,1.50,1.07
2016.02.12 03:28:38.258,9.68214,9.68856,1.50,1.00
2016.02.12 03:28:38.360,9.68214,9.68908,1.50,1.07
2016.02.12 03:28:38.613,9.68214,9.68878,1.50,1.00
2016.02.12 03:28:39.139,9.68214,9.68896,1.50,1.07
2016.02.12 03:28:40.447,9.68214,9.68926,1.50,1.50
2016.02.12 03:28:42.121,9.68214,9.68926,1.50,2.32
2016.02.12 03:28:43.583,9.68214,9.68874,1.50,1.00
2016.02.12 03:28:44.824,9.68214,9.68866,1.50,1.00
2016.02.12 03:28:44.877,9.68214,9.68869,1.50,1.00
2016.02.12 03:28:44.979,9.68214,9.68874,1.50,1.00
2016.02.12 03:28:45.491,9.68144,9.68856,1.50,1.50
2016.02.12 03:28:49.438,9.68264,9.68976,1.50,1.57
2016.02.12 03:28:49.742,9.68264,9.68966,1.50,1.00
2016.02.12 03:28:50.413,9.68264,9.68976,1.50,2.32
2016.02.12 03:28:54.850,9.68264,9.68938,1.50,1.00
2016.02.12 03:28:55.053,9.68264,9.68976,1.50,1.57
2016.02.12 03:28:56.322,9.68264,9.68965,1.50,1.00
2016.02.12 03:28:56.424,9.68264,9.68976,1.50,1.57
2016.02.12 03:28:56.475,9.68194,9.68906,1.50,1.50
2016.02.12 03:28:56.526,9.68194,9.68906,1.50,1.57
2016.02.12 03:28:56.830,9.68194,9.68896,1.50,1.50
2016.02.12 03:28:57.167,9.68194,9.68896,1.50,1.37
2016.02.12 03:28:57.437,9.68194,9.68906,1.50,1.50
2016.02.12 03:28:58.398,9.68194,9.68884,1.50,1.07
2016.02.12 03:29:00.636,9.68194,9.68886,1.50,1.00
2016.02.12 03:29:00.740,9.68194,9.68888,1.50,1.07
2016.02.12 03:29:05.923,9.68194,9.68884,1.50,1.00
2016.02.12 03:29:06.121,9.68194,9.68888,1.50,1.00
2016.02.12 03:29:07.117,9.68194,9.68874,1.50,1.00
2016.02.12 03:29:07.356,9.68264,9.68976,1.50,1.50
2016.02.12 03:29:08.590,9.68264,9.68957,1.50,1.00
2016.02.12 03:29:08.641,9.68264,9.68962,1.50,1.00
2016.02.12 03:29:08.742,9.68264,9.68956,1.50,1.00
2016.02.12 03:29:09.047,9.68264,9.68938,1.50,1.00
2016.02.12 03:29:09.852,9.68264,9.68934,1.50,1.00
2016.02.12 03:29:09.954,9.68264,9.68938,1.50,1.00
2016.02.12 03:29:12.251,9.68264,9.68937,1.50,1.00
2016.02.12 03:29:12.444,9.68264,9.68938,1.50,1.07
2016.02.12 03:29:13.165,9.68264,9.68836,1.50,1.50
2016.02.12 03:29:30.290,9.68354,9.68926,1.50,1.50
2016.02.12 03:29:33.234,9.68364,9.68996,1.50,1.00
2016.02.12 03:29:34.108,9.68364,9.69016,1.50,1.00
2016.02.12 03:29:35.114,9.68364,9.69036,1.50,1.00
2016.02.12 03:29:35.626,9.68364,9.69016,1.50,1.00
2016.02.12 03:29:40.128,9.68364,9.69043,1.50,1.00
2016.02.12 03:29:40.179,9.68364,9.69046,1.50,1.00
2016.02.12 03:29:40.230,9.68384,9.68956,1.50,1.50
2016.02.12 03:29:43.230,9.68344,9.68996,1.50,1.00
2016.02.12 03:29:44.145,9.68344,9.69016,1.50,1.00
2016.02.12 03:29:45.452,9.68344,9.69036,1.50,1.00
2016.02.12 03:29:45.655,9.68344,9.69017,1.50,1.00
2016.02.12 03:29:46.740,9.68344,9.68996,1.50,1.00
2016.02.12 03:29:50.279,9.68414,9.68986,1.50,1.50
2016.02.12 03:29:54.786,9.68414,9.68976,1.50,1.00
2016.02.12 03:29:58.869,9.68414,9.68977,1.50,1.00
2016.02.12 03:29:59.179,9.68414,9.68976,1.50,1.75
2016.02.12 03:29:59.281,9.68353,9.68976,1.50,1.75
2016.02.12 03:30:00.284,9.68404,9.68936,1.50,1.50
2016.02.12 03:30:00.635,9.68404,9.68916,1.50,1.75
2016.02.12 03:30:00.768,9.68404,9.68946,1.50,1.37
2016.02.12 03:30:04.238,9.68344,9.68946,1.50,1.37
2016.02.12 03:30:05.208,9.68384,9.68946,1.50,1.37
2016.02.12 03:30:06.955,9.68384,9.68926,1.50,1.75
2016.02.12 03:30:07.928,9.68384,9.68926,1.50,1.37
2016.02.12 03:30:09.072,9.68353,9.68926,1.50,1.37
2016.02.12 03:30:09.906,9.68353,9.68916,1.50,1.75
2016.02.12 03:30:10.211,9.68394,9.68916,1.50,1.75
2016.02.12 03:30:10.559,9.68394,9.68916,1.50,1.37
2016.02.12 03:30:11.575,9.68324,9.68896,1.50,1.00
2016.02.12 03:30:11.678,9.68324,9.68896,1.50,1.37
2016.02.12 03:30:12.689,9.68354,9.68916,1.50,1.75
2016.02.12 03:30:12.999,9.68354,9.68916,1.50,1.75
2016.02.12 03:30:14.187,9.68354,9.68926,1.50,3.00
2016.02.12 03:30:14.657,9.68283,9.68906,1.50,1.50
2016.02.12 03:30:15.308,9.68283,9.68886,1.50,1.75
2016.02.12 03:30:18.394,9.68204,9.68856,1.50,1.37
2016.02.12 03:30:20.129,9.68204,9.68916,1.50,2.25
2016.02.12 03:30:20.459,9.68204,9.68916,1.50,2.25
2016.02.12 03:30:21.720,9.68204,9.68916,1.50,2.25
2016.02.12 03:30:22.498,9.68204,9.68916,1.50,2.25
2016.02.12 03:30:22.943,9.68204,9.68916,1.50,2.25
2016.02.12 03:30:23.045,9.68204,9.68916,1.50,2.25
2016.02.12 03:30:24.335,9.68204,9.68916,1.50,2.25
2016.02.12 03:30:28.425,9.68204,9.68916,1.50,2.25
2016.02.12 03:30:28.987,9.68274,9.68966,1.50,1.75
2016.02.12 03:30:33.390,9.68274,9.68927,1.50,1.75
2016.02.12 03:30:35.047,9.68254,9.68826,1.50,1.87
2016.02.12 03:30:40.643,9.68273,9.68987,1.50,2.25
2016.02.12 03:30:44.597,9.68273,9.68976,1.50,1.00
2016.02.12 03:30:47.495,9.68273,9.68977,1.50,1.00
2016.02.12 03:30:48.042,9.68273,9.68976,1.50,1.00
2016.02.12 03:30:48.491,9.68273,9.68967,1.50,1.00
2016.02.12 03:30:49.854,9.68273,9.68957,1.50,1.00
2016.02.12 03:30:50.396,9.68273,9.68956,1.50,1.00
2016.02.12 03:30:50.698,9.68273,9.68946,1.50,1.00
2016.02.12 03:30:51.005,9.68273,9.68925,1.50,1.00
2016.02.12 03:30:51.159,9.68273,9.68946,1.50,1.00
2016.02.12 03:30:51.261,9.68273,9.68956,1.50,1.00
2016.02.12 03:30:51.902,9.68273,9.68944,1.50,1.00
2016.02.12 03:30:52.003,9.68273,9.68966,1.50,1.50
2016.02.12 03:30:52.363,9.68273,9.68956,1.50,1.00
2016.02.12 03:30:52.978,9.68273,9.68953,1.50,1.00
2016.02.12 03:30:53.180,9.68273,9.68956,1.50,1.00
2016.02.12 03:30:53.282,9.68273,9.68946,1.50,1.00
2016.02.12 03:30:53.384,9.68273,9.68966,1.50,1.00
2016.02.12 03:30:53.889,9.68273,9.68956,1.50,1.00
2016.02.12 03:30:55.201,9.68273,9.68966,1.50,1.00
2016.02.12 03:30:55.404,9.68273,9.68956,1.50,1.00
2016.02.12 03:30:57.186,9.68273,9.68946,1.50,1.00
2016.02.12 03:30:58.725,9.68273,9.68956,1.50,1.00
2016.02.12 03:30:58.937,9.68273,9.68906,1.50,1.00
2016.02.12 03:31:00.213,9.68273,9.68916,1.50,1.00
2016.02.12 03:31:01.524,9.68334,9.68906,1.50,1.50
2016.02.12 03:31:02.525,9.68274,9.68916,1.50,1.00
2016.02.12 03:31:03.517,9.68304,9.68876,1.50,1.50
2016.02.12 03:31:03.619,9.68264,9.68916,1.50,1.00
2016.02.12 03:31:03.771,9.68264,9.68936,1.50,1.00
2016.02.12 03:31:05.044,9.68264,9.68916,1.50,1.00
2016.02.12 03:31:06.698,9.68193,9.68907,1.50,1.50
2016.02.12 03:31:10.622,9.68193,9.68906,1.50,1.00
2016.02.12 03:31:10.876,9.68193,9.68896,1.50,1.00
2016.02.12 03:31:11.411,9.68193,9.68897,1.50,1.00
2016.02.12 03:31:11.936,9.68193,9.68896,1.50,1.00
2016.02.12 03:31:13.136,9.68193,9.68876,1.50,1.00
2016.02.12 03:31:13.498,9.68193,9.68866,1.50,1.00
2016.02.12 03:31:13.862,9.68214,9.68786,1.50,1.50
2016.02.12 03:31:14.963,9.68184,9.68867,1.50,1.00
2016.02.12 03:31:15.653,9.68184,9.68876,1.50,1.00
2016.02.12 03:31:16.628,9.68184,9.68866,1.50,1.00
2016.02.12 03:31:17.135,9.68184,9.68876,1.50,1.00
2016.02.12 03:31:17.630,9.68184,9.68866,1.50,1.00
2016.02.12 03:31:17.936,9.68184,9.68876,1.50,1.00
2016.02.12 03:31:18.441,9.68184,9.68877,1.50,1.00
2016.02.12 03:31:18.971,9.68184,9.6886,1.50,1.00
2016.02.12 03:31:19.072,9.68184,9.68866,1.50,1.00
2016.02.12 03:31:20.121,9.68184,9.68876,1.50,1.00
2016.02.12 03:31:20.447,9.68184,9.68886,1.50,1.00
2016.02.12 03:31:21.153,9.68184,9.68887,1.50,1.00
2016.02.12 03:31:21.204,9.68264,9.68887,1.50,1.00
2016.02.12 03:31:21.754,9.68264,9.68886,1.50,1.00
2016.02.12 03:31:27.075,9.68264,9.68887,1.50,1.00
2016.02.12 03:31:27.619,9.68264,9.68886,1.50,1.00
2016.02.12 03:31:30.380,9.68264,9.68876,1.50,1.00
2016.02.12 03:31:31.716,9.68264,9.68877,1.50,1.00
2016.02.12 03:31:32.020,9.68174,9.68866,1.50,1.00
2016.02.12 03:31:32.416,9.68174,9.68836,1.50,1.00
2016.02.12 03:31:32.871,9.68174,9.68816,1.50,1.00
2016.02.12 03:31:33.175,9.68174,9.68774,1.50,1.00
2016.02.12 03:31:33.498,9.68174,9.68746,1.50,1.00
2016.02.12 03:31:33.549,9.68064,9.68746,1.50,1.00
2016.02.12 03:31:33.651,9.68064,9.68726,1.50,1.00
2016.02.12 03:31:34.438,9.68064,9.68746,1.50,1.00
2016.02.12 03:31:34.642,9.68064,9.68776,1.50,1.50
2016.02.12 03:31:35.754,9.68144,9.68856,1.50,1.50
2016.02.12 03:31:38.774,9.68144,9.68846,1.50,1.00
2016.02.12 03:31:39.431,9.68144,9.68856,1.50,1.50
2016.02.12 03:31:39.859,9.68144,9.68846,1.50,1.00
2016.02.12 03:31:42.580,9.68144,9.68837,1.50,1.00
2016.02.12 03:31:43.134,9.68144,9.68836,1.50,1.00
2016.02.12 03:31:44.351,9.68144,9.68816,1.50,1.00
2016.02.12 03:31:45.698,9.68144,9.68817,1.50,1.00
2016.02.12 03:31:46.059,9.68144,9.68813,1.50,1.00
2016.02.12 03:31:46.160,9.68144,9.68836,1.50,1.00
2016.02.12 03:31:46.687,9.68144,9.68837,1.50,1.00
2016.02.12 03:31:46.740,9.68144,9.68816,1.50,1.00
2016.02.12 03:31:47.610,9.68144,9.68806,1.50,1.00
2016.02.12 03:31:48.194,9.68144,9.68807,1.50,1.00
2016.02.12 03:31:48.722,9.68144,9.68806,1.50,1.00
2016.02.12 03:31:49.090,9.68144,9.68796,1.50,1.00
2016.02.12 03:31:50.888,9.68144,9.68797,1.50,1.00
2016.02.12 03:31:51.432,9.68144,9.68796,1.50,1.00
2016.02.12 03:31:52.506,9.68144,9.68776,1.50,1.00
2016.02.12 03:31:53.419,9.68144,9.68806,1.50,1.00
2016.02.12 03:31:53.997,9.68144,9.68796,1.50,1.00
2016.02.12 03:31:54.919,9.68144,9.68776,1.50,1.00
2016.02.12 03:31:56.328,9.68064,9.68776,1.50,2.25
2016.02.12 03:31:56.430,9.68064,9.68746,1.50,1.00
2016.02.12 03:31:56.800,9.68064,9.68726,1.50,1.00
2016.02.12 03:31:57.403,9.68064,9.68746,1.50,1.00
2016.02.12 03:31:57.612,9.68064,9.68776,1.50,2.25
2016.02.12 03:31:57.944,9.68064,9.68726,1.50,1.00
2016.02.12 03:31:58.618,9.68064,9.68756,1.50,1.00
2016.02.12 03:31:58.921,9.68064,9.68776,1.50,1.50
2016.02.12 03:32:04.130,9.67953,9.68847,1.00,1.00
2016.02.12 03:32:04.182,9.67943,9.68866,1.50,1.50
2016.02.12 03:32:04.385,9.67974,9.68866,1.00,1.50
2016.02.12 03:32:04.587,9.67943,9.68866,1.72,1.50
2016.02.12 03:32:04.790,9.67943,9.68866,1.50,1.00
2016.02.12 03:32:05.143,9.67943,9.68876,1.50,1.00
2016.02.12 03:32:05.313,9.67943,9.68866,1.50,1.00
2016.02.12 03:32:05.615,9.67945,9.68856,1.64,1.00
2016.02.12 03:32:05.882,9.67943,9.68856,1.72,1.00
2016.02.12 03:32:06.085,9.67943,9.68857,1.50,1.00
2016.02.12 03:32:06.356,9.67984,9.68876,1.00,1.00
2016.02.12 03:32:06.681,9.67976,9.68876,1.32,1.00
2016.02.12 03:32:06.883,9.67943,9.68876,2.06,1.00
2016.02.12 03:32:07.037,9.67943,9.68886,2.06,1.00
2016.02.12 03:32:07.089,9.68124,9.68836,1.50,1.50
2016.02.12 03:32:12.027,9.67954,9.68896,1.50,1.50
2016.02.12 03:32:12.128,9.67954,9.68896,3.34,1.50
2016.02.12 03:32:12.334,9.67954,9.68896,1.72,1.50
2016.02.12 03:32:12.615,9.67954,9.68886,1.50,1.00
2016.02.12 03:32:12.954,9.67985,9.68896,1.95,1.50
2016.02.12 03:32:13.258,9.68144,9.68856,1.50,1.50
2016.02.12 03:32:17.332,9.67974,9.68906,1.72,1.00
2016.02.12 03:32:17.433,9.67983,9.68906,1.00,1.00
2016.02.12 03:32:17.780,9.67985,9.68906,1.44,1.00
2016.02.12 03:32:17.944,9.67985,9.68906,1.00,1.50
2016.02.12 03:32:18.046,9.68004,9.68906,1.00,1.00
2016.02.12 03:32:18.097,9.68004,9.68916,1.00,1.00
2016.02.12 03:32:18.339,9.67974,9.68916,3.41,1.50
2016.02.12 03:32:18.441,9.68124,9.68836,1.50,1.50
2016.02.12 03:32:19.426,9.67964,9.68896,1.50,1.00
2016.02.12 03:32:19.737,9.67965,9.68896,1.66,1.00
2016.02.12 03:32:20.280,9.67964,9.68896,1.72,1.00
2016.02.12 03:32:20.406,9.68124,9.68836,1.50,1.50
2016.02.12 03:32:21.652,9.68124,9.68827,1.50,1.00
2016.02.12 03:32:21.945,9.68124,9.68836,1.50,1.50
2016.02.12 03:32:23.368,9.67954,9.68896,1.50,1.50
2016.02.12 03:32:24.583,9.67998,9.68893,1.00,1.00
2016.02.12 03:32:24.801,9.67954,9.68896,1.50,1.00
2016.02.12 03:32:24.904,9.67964,9.68896,1.00,1.00
2016.02.12 03:32:24.958,9.67954,9.68896,1.50,1.00
2016.02.12 03:32:25.161,9.67983,9.68896,1.00,1.00
2016.02.12 03:32:25.505,9.68144,9.68856,1.50,1.50
2016.02.12 03:32:26.874,9.68144,9.68847,1.50,1.00
2016.02.12 03:32:26.976,9.68144,9.68856,1.50,1.50
2016.02.12 03:32:35.355,9.68074,9.68786,1.50,1.50
2016.02.12 03:32:42.292,9.68154,9.68866,1.50,1.50
2016.02.12 03:32:53.073,9.68034,9.68916,1.50,1.00
2016.02.12 03:32:53.485,9.68034,9.68771,1.50,1.22
2016.02.12 03:32:53.587,9.68034,9.68902,1.50,1.00
2016.02.12 03:32:53.638,9.68034,9.68826,1.50,1.00
2016.02.12 03:32:53.944,9.68034,9.68596,1.50,1.00
2016.02.12 03:32:54.283,9.68034,9.68606,1.50,1.50
2016.02.12 03:32:55.044,9.68074,9.68786,1.50,1.50
2016.02.12 03:32:57.061,9.68184,9.68896,1.50,1.50
2016.02.12 03:32:59.118,9.68054,9.68976,1.23,1.00
2016.02.12 03:32:59.169,9.68055,9.68936,1.30,1.50
2016.02.12 03:32:59.351,9.68045,9.68936,1.46,1.50
2016.02.12 03:32:59.402,9.68045,9.68927,1.46,1.00
2016.02.12 03:32:59.453,9.68023,9.68926,2.12,1.00
2016.02.12 03:32:59.670,9.68023,9.68916,1.50,1.00
2016.02.12 03:32:59.873,9.68023,9.68916,2.15,1.00
2016.02.12 03:33:00.076,9.68023,9.68916,1.50,1.00
2016.02.12 03:33:00.300,9.68024,9.68884,1.50,1.00
2016.02.12 03:33:00.352,9.68024,9.68916,1.50,1.50
2016.02.12 03:33:00.877,9.68054,9.68916,1.00,1.50
2016.02.12 03:33:01.181,9.68024,9.68916,1.72,1.00
2016.02.12 03:33:01.354,9.68034,9.68916,1.00,1.50
2016.02.12 03:33:01.677,9.6809,9.68916,1.00,1.50
2016.02.12 03:33:01.779,9.68074,9.68916,1.00,1.50
2016.02.12 03:33:01.880,9.68045,9.68916,1.25,1.50
2016.02.12 03:33:01.982,9.68035,9.68916,1.25,1.50
2016.02.12 03:33:02.279,9.68024,9.68916,1.50,1.00
2016.02.12 03:33:02.381,9.68024,9.68926,1.50,1.00
2016.02.12 03:33:03.085,9.68044,9.68926,1.00,1.00
2016.02.12 03:33:03.388,9.68204,9.68916,1.50,2.25
2016.02.12 03:33:03.737,9.68014,9.68916,1.50,1.00
2016.02.12 03:33:04.388,9.68024,9.68916,1.00,1.50
2016.02.12 03:33:04.699,9.68064,9.68916,1.00,1.50
2016.02.12 03:33:05.049,9.68204,9.68916,1.50,3.00
2016.02.12 03:33:05.555,9.68204,9.68906,1.50,1.00
2016.02.12 03:33:06.061,9.68014,9.68906,1.50,1.00
2016.02.12 03:33:06.142,9.68014,9.68897,1.50,1.00
2016.02.12 03:33:06.671,9.68014,9.68896,1.50,1.00
2016.02.12 03:33:07.058,9.68164,9.68876,1.50,1.50
2016.02.12 03:33:09.577,9.67984,9.68896,1.50,1.00
2016.02.12 03:33:09.984,9.67994,9.68897,1.00,1.00
2016.02.12 03:33:10.288,9.67984,9.68896,1.50,1.50
2016.02.12 03:33:10.543,9.68154,9.68866,1.50,1.50
2016.02.12 03:33:14.407,9.68059,9.68896,1.00,1.00
2016.02.12 03:33:14.458,9.68004,9.68896,1.72,1.00
2016.02.12 03:33:14.645,9.68004,9.68896,1.50,1.00
2016.02.12 03:33:15.352,9.68004,9.68845,1.50,1.00
2016.02.12 03:33:15.454,9.68004,9.68885,1.50,1.00
2016.02.12 03:33:15.584,9.68004,9.68896,1.50,1.00
2016.02.12 03:33:16.452,9.68004,9.68873,1.50,1.00
2016.02.12 03:33:16.503,9.67984,9.68873,1.50,1.00
2016.02.12 03:33:16.655,9.68004,9.68896,1.00,1.00
2016.02.12 03:33:16.757,9.68034,9.68896,1.00,1.00
2016.02.12 03:33:17.078,9.68005,9.68896,1.49,1.00
2016.02.12 03:33:17.281,9.67984,9.68896,1.50,1.00
2016.02.12 03:33:17.484,9.68,9.68894,1.00,1.00
2016.02.12 03:33:17.794,9.68034,9.68896,1.00,1.00
2016.02.12 03:33:18.499,9.68124,9.68836,1.50,1.50
2016.02.12 03:33:19.017,9.67994,9.68896,1.50,1.00
2016.02.12 03:33:20.022,9.68154,9.68866,1.50,1.50
2016.02.12 03:33:20.781,9.67993,9.68896,1.00,1.50
2016.02.12 03:33:21.294,9.68015,9.68896,1.00,1.50
2016.02.12 03:33:21.395,9.67984,9.68896,1.00,1.00
2016.02.12 03:33:21.709,9.67974,9.68896,1.50,1.50
2016.02.12 03:33:21.811,9.68153,9.68867,1.50,1.50
2016.02.12 03:33:21.912,9.67984,9.68896,1.00,1.00
2016.02.12 03:33:22.016,9.67974,9.68896,1.50,1.00
2016.02.12 03:33:22.416,9.68018,9.68896,1.00,1.50
2016.02.12 03:33:22.721,9.67995,9.68896,2.42,1.50
2016.02.12 03:33:22.862,9.68174,9.68886,1.50,1.50
2016.02.12 03:33:23.410,9.67984,9.68896,1.50,1.50
2016.02.12 03:33:23.512,9.67995,9.68889,1.00,1.00
2016.02.12 03:33:23.828,9.67984,9.68886,2.16,1.50
2016.02.12 03:33:23.879,9.67984,9.68886,1.72,1.50
2016.02.12 03:33:24.392,9.67984,9.68886,1.50,1.00
2016.02.12 03:33:24.517,9.68014,9.68886,1.00,1.00
2016.02.12 03:33:24.620,9.67984,9.68886,1.72,1.50
2016.02.12 03:33:24.722,9.68004,9.68886,1.00,1.50
2016.02.12 03:33:25.026,9.67994,9.68886,1.00,1.50
2016.02.12 03:33:25.299,9.68123,9.68837,1.50,1.50
2016.02.12 03:33:28.930,9.68054,9.68766,1.50,1.50
2016.02.12 03:33:29.911,9.68154,9.68866,1.50,1.50
2016.02.12 03:33:31.052,9.68154,9.68857,1.50,1.00
2016.02.12 03:33:31.153,9.68074,9.68786,1.50,1.50
2016.02.12 03:33:33.989,9.67965,9.68866,1.90,1.00
2016.02.12 03:33:34.261,9.67954,9.68867,1.72,1.00
2016.02.12 03:33:34.464,9.67964,9.68866,1.00,1.00
2016.02.12 03:33:34.792,9.67974,9.68876,1.00,1.00
2016.02.12 03:33:35.096,9.68134,9.68846,1.50,1.50
2016.02.12 03:33:35.420,9.67954,9.68866,2.25,1.00
2016.02.12 03:33:35.792,9.67964,9.68866,1.00,1.00
2016.02.12 03:33:36.097,9.67965,9.68866,1.38,1.00
2016.02.12 03:33:36.346,9.67984,9.68876,1.00,1.50
2016.02.12 03:33:36.397,9.68154,9.68866,1.50,1.50
2016.02.12 03:33:38.856,9.68074,9.68786,1.50,1.50
2016.02.12 03:33:40.927,9.68154,9.68866,1.50,2.25
2016.02.12 03:33:42.124,9.67974,9.68866,1.00,1.50
2016.02.12 03:33:42.175,9.67993,9.68866,1.00,1.50
2016.02.12 03:33:42.377,9.67985,9.68877,1.74,1.00
2016.02.12 03:33:42.479,9.67955,9.68877,1.46,1.00
2016.02.12 03:33:42.688,9.67944,9.68876,1.50,1.00
2016.02.12 03:33:42.857,9.67944,9.68866,1.50,1.00
2016.02.12 03:33:43.161,9.68124,9.68836,1.50,1.50
2016.02.12 03:33:44.128,9.67984,9.68877,1.00,1.00
2016.02.12 03:33:44.230,9.67964,9.68877,1.72,1.00
2016.02.12 03:33:44.384,9.67974,9.68877,1.00,1.00
2016.02.12 03:33:44.689,9.67994,9.68877,1.00,1.00
2016.02.12 03:33:44.791,9.67965,9.68877,1.40,1.00
2016.02.12 03:33:44.899,9.67964,9.68877,2.29,1.00
2016.02.12 03:33:45.131,9.67964,9.68886,2.29,1.50
2016.02.12 03:33:45.488,9.67992,9.68886,1.00,1.50
2016.02.12 03:33:45.590,9.67974,9.68876,1.00,1.00
2016.02.12 03:33:45.692,9.67964,9.68876,1.72,1.00
2016.02.12 03:33:46.195,9.67964,9.68876,1.50,1.00
2016.02.12 03:33:46.314,9.67964,9.68866,1.50,1.00
2016.02.12 03:33:46.567,9.67964,9.68876,1.50,1.00
2016.02.12 03:33:46.617,9.67969,9.68864,1.00,1.00
2016.02.12 03:33:46.922,9.67964,9.68876,1.72,1.50
2016.02.12 03:33:47.189,9.68114,9.68826,1.50,1.50
2016.02.12 03:33:47.943,9.67955,9.68886,1.30,1.00
2016.02.12 03:33:48.244,9.67974,9.68886,1.00,1.00
2016.02.12 03:33:48.566,9.67984,9.68886,1.00,1.00
2016.02.12 03:33:48.617,9.67965,9.68886,1.33,1.00
2016.02.12 03:33:48.668,9.67965,9.68896,1.33,1.50
2016.02.12 03:33:48.719,9.67954,9.68896,1.00,1.50
2016.02.12 03:33:48.828,9.67964,9.68896,1.00,1.50
2016.02.12 03:33:49.132,9.68114,9.68826,1.50,1.50
2016.02.12 03:33:49.284,9.67944,9.68886,1.00,1.00
2016.02.12 03:33:49.385,9.67934,9.68886,1.72,1.00
2016.02.12 03:33:49.733,9.67954,9.68876,1.00,1.00
2016.02.12 03:33:49.835,9.67934,9.68876,1.50,1.00
2016.02.12 03:33:49.936,9.67974,9.68876,1.00,1.00
2016.02.12 03:33:50.250,9.68114,9.68826,1.50,1.50
2016.02.12 03:33:51.244,9.67944,9.68886,1.72,1.00
2016.02.12 03:33:51.346,9.67954,9.68886,1.00,1.00
2016.02.12 03:33:51.933,9.67983,9.68878,1.00,1.00
2016.02.12 03:33:52.236,9.68074,9.68786,1.50,1.50
2016.02.12 03:33:54.320,9.67914,9.68877,2.40,1.50
2016.02.12 03:33:54.819,9.67968,9.68863,1.00,1.00
2016.02.12 03:33:55.122,9.67935,9.68856,1.99,1.00
2016.02.12 03:33:55.174,9.67914,9.68846,1.72,1.00
2016.02.12 03:33:55.327,9.68044,9.68756,1.50,1.50
2016.02.12 03:33:55.683,9.67984,9.68896,1.00,1.00
2016.02.12 03:33:55.784,9.67974,9.68896,1.00,1.50
2016.02.12 03:33:55.886,9.67984,9.68896,1.54,1.50
2016.02.12 03:33:56.190,9.68049,9.68886,1.00,1.00
2016.02.12 03:33:56.419,9.68021,9.68886,1.00,1.50
2016.02.12 03:33:56.627,9.68015,9.68886,1.53,1.50
2016.02.12 03:33:56.930,9.68123,9.68837,1.50,1.50
2016.02.12 03:33:57.649,9.67954,9.68876,1.50,1.00
2016.02.12 03:33:57.700,9.67984,9.68876,1.00,1.00
2016.02.12 03:33:57.803,9.67955,9.68876,1.57,1.00
2016.02.12 03:33:57.860,9.67955,9.68886,1.57,1.50
2016.02.12 03:33:58.234,9.6799,9.68886,1.00,1.00
2016.02.12 03:33:58.538,9.67985,9.68896,1.83,1.00
2016.02.12 03:33:58.888,9.68154,9.68866,1.50,1.50
2016.02.12 03:33:58.990,9.68015,9.68906,2.13,1.50
2016.02.12 03:33:59.142,9.67986,9.68906,1.44,1.50
2016.02.12 03:33:59.243,9.67975,9.68897,1.94,1.00
2016.02.12 03:33:59.396,9.67974,9.68906,1.50,1.00
2016.02.12 03:33:59.571,9.67975,9.6887,1.00,1.00
2016.02.12 03:33:59.622,9.67974,9.68906,1.50,1.50
2016.02.12 03:33:59.824,9.67974,9.68876,1.50,1.00
2016.02.12 03:33:59.926,9.67974,9.68916,1.50,1.00
2016.02.12 03:34:00.204,9.67974,9.68896,1.50,1.00
2016.02.12 03:34:00.305,9.67974,9.68916,1.50,3.00
2016.02.12 03:34:00.641,9.67974,9.68906,1.50,1.00
2016.02.12 03:34:00.743,9.67974,9.68916,2.25,1.50
2016.02.12 03:34:00.848,9.68014,9.68926,1.00,1.00
2016.02.12 03:34:01.152,9.68033,9.68926,1.50,1.50
2016.02.12 03:34:01.499,9.68033,9.68916,1.50,1.00
2016.02.12 03:34:01.802,9.68035,9.68916,1.00,1.00
2016.02.12 03:34:01.853,9.68033,9.68916,1.50,1.00
2016.02.12 03:34:02.055,9.68033,9.68896,1.50,1.00
2016.02.12 03:34:02.157,9.68004,9.68896,1.50,1.50
2016.02.12 03:34:02.654,9.68005,9.68897,1.55,1.00
2016.02.12 03:34:02.895,9.68005,9.68906,1.32,1.00
2016.02.12 03:34:02.946,9.68004,9.68906,1.50,1.00
2016.02.12 03:34:03.157,9.68004,9.68916,1.50,1.00
2016.02.12 03:34:03.361,9.68025,9.68906,1.20,1.50
2016.02.12 03:34:03.563,9.68004,9.68906,2.25,1.00
2016.02.12 03:34:03.665,9.68053,9.68906,1.00,1.00
2016.02.12 03:34:03.970,9.68064,9.68906,1.00,1.00
2016.02.12 03:34:04.296,9.68204,9.68906,1.50,1.00
2016.02.12 03:34:04.398,9.68204,9.68916,1.50,2.25
2016.02.12 03:34:04.913,9.68035,9.68916,1.27,1.50
2016.02.12 03:34:04.964,9.68024,9.68916,1.50,1.50
2016.02.12 03:34:05.668,9.68024,9.68926,1.50,1.50
2016.02.12 03:34:05.827,9.68024,9.68916,1.50,1.00
2016.02.12 03:34:06.131,9.68144,9.68856,1.50,1.50
2016.02.12 03:34:06.354,9.68015,9.68916,1.26,1.00
2016.02.12 03:34:06.456,9.68055,9.68916,1.33,1.00
2016.02.12 03:34:06.557,9.68055,9.68926,1.33,1.00
2016.02.12 03:34:06.970,9.68105,9.68926,1.00,1.00
2016.02.12 03:34:07.071,9.68074,9.68926,1.00,1.00
2016.02.12 03:34:07.122,9.68074,9.68897,1.00,1.00
2016.02.12 03:34:07.451,9.68214,9.68866,1.50,1.00
2016.02.12 03:34:07.973,9.68045,9.68866,1.41,1.00
2016.02.12 03:34:08.077,9.68077,9.68866,1.00,1.00
2016.02.12 03:34:08.178,9.68034,9.68866,1.26,1.00
2016.02.12 03:34:08.381,9.68054,9.68896,1.00,1.00
2016.02.12 03:34:08.961,9.68042,9.68896,1.00,1.00
2016.02.12 03:34:09.069,9.68054,9.68896,1.00,1.00
2016.02.12 03:34:09.174,9.68024,9.68896,2.38,1.00
2016.02.12 03:34:09.288,9.68024,9.68896,2.25,1.00
2016.02.12 03:34:09.390,9.68034,9.68896,1.00,1.00
2016.02.12 03:34:09.693,9.68095,9.68916,1.23,1.50
2016.02.12 03:34:09.897,9.68056,9.68916,1.38,1.50
2016.02.12 03:34:10.174,9.68233,9.68916,1.50,1.50
2016.02.12 03:34:10.680,9.68233,9.68896,1.50,1.00
2016.02.12 03:34:10.909,9.68233,9.68916,1.50,1.50
2016.02.12 03:34:11.525,9.68054,9.68916,1.72,1.00
2016.02.12 03:34:12.074,9.68054,9.68916,1.50,1.50
2016.02.12 03:34:12.184,9.68062,9.68916,1.00,1.50
2016.02.12 03:34:12.258,9.68054,9.68916,1.50,1.50
2016.02.12 03:34:13.666,9.68084,9.68916,1.00,1.00
2016.02.12 03:34:13.767,9.68074,9.68916,1.00,1.00
2016.02.12 03:34:13.989,9.68103,9.68916,1.00,1.00
2016.02.12 03:34:14.316,9.68065,9.68916,1.35,1.00
2016.02.12 03:34:14.469,9.68122,9.68916,1.00,1.00
2016.02.12 03:34:14.571,9.68074,9.68916,1.00,1.00
2016.02.12 03:34:14.672,9.68054,9.68916,2.25,1.00
2016.02.12 03:34:14.774,9.68084,9.68916,1.00,1.00
2016.02.12 03:34:15.077,9.68204,9.68916,1.50,1.50
2016.02.12 03:34:15.443,9.68025,9.68956,1.47,1.50
2016.02.12 03:34:15.720,9.68029,9.68956,1.00,1.50
2016.02.12 03:34:15.775,9.68044,9.68956,1.00,1.50
2016.02.12 03:34:16.077,9.68055,9.68956,1.49,1.50
2016.02.12 03:34:16.178,9.68034,9.68956,1.00,1.50
2016.02.12 03:34:16.280,9.68043,9.68956,1.00,1.50
2016.02.12 03:34:16.491,9.68024,9.68956,1.50,1.50
2016.02.12 03:34:16.693,9.68035,9.68956,1.31,1.00
2016.02.12 03:34:17.040,9.68065,9.68957,1.33,1.00
2016.02.12 03:34:17.091,9.68045,9.68957,1.33,1.00
2016.02.12 03:34:17.294,9.68024,9.68956,1.72,1.00
2016.02.12 03:34:17.699,9.68044,9.68956,1.00,1.00
2016.02.12 03:34:18.070,9.68024,9.68956,1.50,1.00
2016.02.12 03:34:18.121,9.68034,9.68957,1.00,1.00
2016.02.12 03:34:18.189,9.68024,9.68957,1.50,1.00
2016.02.12 03:34:18.691,9.68024,9.68946,2.25,1.00
2016.02.12 03:34:18.996,9.68094,9.68946,1.00,1.50
2016.02.12 03:34:19.212,9.68082,9.68946,1.00,1.50
2016.02.12 03:34:19.296,9.68094,9.68946,1.00,1.50
2016.02.12 03:34:19.398,9.68055,9.68946,1.45,1.50
2016.02.12 03:34:19.552,9.68194,9.68906,1.50,1.50
2016.02.12 03:34:30.004,9.68054,9.68926,1.72,1.00
2016.02.12 03:34:30.055,9.68054,9.68926,1.50,1.00
2016.02.12 03:34:30.345,9.68054,9.68936,1.50,1.50
2016.02.12 03:34:30.597,9.68054,9.68927,1.50,1.00
2016.02.12 03:34:31.139,9.68054,9.68916,1.50,1.00
2016.02.12 03:34:31.443,9.68054,9.68906,1.50,1.00
2016.02.12 03:34:31.545,9.68054,9.68916,1.50,1.50
2016.02.12 03:34:32.279,9.68058,9.68916,1.00,1.50
2016.02.12 03:34:32.583,9.68104,9.68916,1.00,1.00
2016.02.12 03:34:32.685,9.68093,9.68926,1.00,1.00
2016.02.12 03:34:32.848,9.68054,9.68926,3.09,1.00
2016.02.12 03:34:32.902,9.68055,9.68916,1.35,1.00
2016.02.12 03:34:33.003,9.68054,9.68916,1.50,1.00
2016.02.12 03:34:33.105,9.68054,9.68906,1.50,1.00
2016.02.12 03:34:33.679,9.68054,9.68906,1.72,1.00
2016.02.12 03:34:33.962,9.68054,9.68916,1.50,1.50
2016.02.12 03:34:34.165,9.68054,9.68926,1.50,1.00
2016.02.12 03:34:34.485,9.68094,9.68926,1.00,1.00
2016.02.12 03:34:34.827,9.6813,9.68926,1.00,1.50
2016.02.12 03:34:34.970,9.68055,9.68916,1.27,1.50
2016.02.12 03:34:35.239,9.68214,9.68916,1.50,1.50
2016.02.12 03:34:35.950,9.68034,9.68916,1.50,1.50
2016.02.12 03:34:36.930,9.6806,9.68916,1.00,1.50
2016.02.12 03:34:37.032,9.68034,9.68916,1.72,1.50
2016.02.12 03:34:37.184,9.68034,9.68926,1.50,1.00
2016.02.12 03:34:37.385,9.68034,9.68916,1.50,1.00
2016.02.12 03:34:38.105,9.68059,9.68916,1.00,1.00
2016.02.12 03:34:38.429,9.68064,9.68916,1.00,1.00
2016.02.12 03:34:38.531,9.68054,9.68916,1.00,1.00
2016.02.12 03:34:38.633,9.68034,9.68916,2.75,1.00
2016.02.12 03:34:38.916,9.68034,9.68916,1.72,1.00
2016.02.12 03:34:39.381,9.68034,9.68926,1.72,1.00
2016.02.12 03:34:39.639,9.68071,9.68926,1.00,1.00
2016.02.12 03:34:39.690,9.68071,9.68936,1.00,1.00
2016.02.12 03:34:39.741,9.68043,9.68936,1.00,1.00
2016.02.12 03:34:39.843,9.68065,9.68936,1.57,1.00
2016.02.12 03:34:40.046,9.68063,9.68936,1.00,1.00
2016.02.12 03:34:40.314,9.68034,9.68936,1.72,1.50
2016.02.12 03:34:40.416,9.68044,9.68936,1.00,1.50
2016.02.12 03:34:40.518,9.68034,9.68936,1.50,1.50
2016.02.12 03:34:40.569,9.68034,9.68926,1.50,1.00
2016.02.12 03:34:40.872,9.68144,9.68856,1.50,1.50
2016.02.12 03:34:43.450,9.68076,9.68926,1.00,1.50
2016.02.12 03:34:43.501,9.68044,9.68926,1.72,1.50
2016.02.12 03:34:43.552,9.68053,9.68926,1.00,1.50
2016.02.12 03:34:43.761,9.68044,9.68926,1.50,1.00
2016.02.12 03:34:43.913,9.68044,9.68916,1.50,1.50
2016.02.12 03:34:44.634,9.68044,9.68916,1.72,1.50
2016.02.12 03:34:44.946,9.68044,9.68926,2.25,1.50
2016.02.12 03:34:45.301,9.68044,9.68916,1.50,1.00
2016.02.12 03:34:45.687,9.68184,9.68896,1.50,1.50
2016.02.12 03:34:46.474,9.68044,9.68926,1.00,1.50
2016.02.12 03:34:46.642,9.68023,9.68916,1.72,1.50
2016.02.12 03:34:46.943,9.68023,9.68916,1.50,2.25
2016.02.12 03:34:47.059,9.68023,9.68906,1.50,1.00
2016.02.12 03:34:47.645,9.68023,9.68916,1.50,1.50
2016.02.12 03:34:48.031,9.68023,9.68916,1.72,1.50
2016.02.12 03:34:48.133,9.68023,9.68926,1.72,1.50
2016.02.12 03:34:48.184,9.68023,9.68905,1.50,1.00
2016.02.12 03:34:48.498,9.68054,9.68926,1.50,1.00
2016.02.12 03:34:48.651,9.68035,9.68926,1.83,1.50
2016.02.12 03:34:48.855,9.68023,9.68926,1.72,1.50
2016.02.12 03:34:49.555,9.68056,9.68926,1.00,1.50
2016.02.12 03:34:49.860,9.68055,9.68926,1.29,1.00
2016.02.12 03:34:49.961,9.68035,9.68926,1.80,1.00
2016.02.12 03:34:50.125,9.68194,9.68906,1.50,1.50
2016.02.12 03:34:51.969,9.68015,9.68926,1.24,1.50
2016.02.12 03:34:52.175,9.68014,9.68926,1.50,1.50
2016.02.12 03:34:52.765,9.68034,9.68926,1.00,1.00
2016.02.12 03:34:53.094,9.68053,9.68926,1.50,1.00
2016.02.12 03:34:53.432,9.68053,9.68926,2.22,1.50
2016.02.12 03:34:53.584,9.68053,9.68926,1.72,1.50
2016.02.12 03:34:53.768,9.68053,9.68926,1.50,1.50
2016.02.12 03:34:54.284,9.68054,9.68926,1.50,1.00
2016.02.12 03:34:54.385,9.68084,9.68926,1.00,1.50
2016.02.12 03:34:54.487,9.68053,9.68926,2.46,1.50
2016.02.12 03:34:54.639,9.68055,9.68956,1.35,1.00
2016.02.12 03:34:54.690,9.68053,9.68956,1.72,1.00
2016.02.12 03:34:54.792,9.68084,9.68956,1.00,1.00
2016.02.12 03:34:54.893,9.68053,9.68956,1.50,1.00
2016.02.12 03:34:54.995,9.68082,9.68956,1.00,1.00
2016.02.12 03:34:55.096,9.68054,9.68956,1.00,1.00
2016.02.12 03:34:55.349,9.68053,9.68966,1.50,1.50
2016.02.12 03:34:55.678,9.68064,9.68966,1.63,1.50
2016.02.12 03:34:55.891,9.68053,9.68956,1.50,1.00
2016.02.12 03:34:55.993,9.68053,9.68941,1.50,1.00
2016.02.12 03:34:56.094,9.68053,9.68956,1.50,1.00
2016.02.12 03:34:56.297,9.68065,9.68956,1.52,1.00
2016.02.12 03:34:56.644,9.68094,9.68956,1.00,1.00
2016.02.12 03:34:56.695,9.68053,9.68956,2.46,1.00
2016.02.12 03:34:56.932,9.68214,9.68926,1.50,1.50
2016.02.12 03:34:57.914,9.68055,9.68956,1.33,1.00
2016.02.12 03:34:58.117,9.68054,9.68956,1.50,1.00
2016.02.12 03:34:58.320,9.68054,9.68966,1.50,1.50
2016.02.12 03:34:58.659,9.68054,9.68956,1.50,1.00
2016.02.12 03:34:58.963,9.68074,9.68906,1.00,1.00
2016.02.12 03:34:59.014,9.68054,9.68906,1.72,1.00
2016.02.12 03:34:59.166,9.68054,9.68897,1.72,1.00
2016.02.12 03:34:59.746,9.68054,9.68896,1.50,1.00
2016.02.12 03:35:00.181,9.68054,9.68936,1.50,1.50
2016.02.12 03:35:00.232,9.68084,9.68936,1.00,1.50
2016.02.12 03:35:00.283,9.68055,9.68936,1.49,1.50
2016.02.12 03:35:00.607,9.68054,9.68936,1.72,1.00
2016.02.12 03:35:00.710,9.68074,9.68936,1.00,1.00
2016.02.12 03:35:01.038,9.68081,9.68936,1.00,1.00
2016.02.12 03:35:01.194,9.68065,9.68956,2.08,1.50
2016.02.12 03:35:01.248,9.68214,9.68926,1.50,1.50
2016.02.12 03:35:01.674,9.68034,9.68956,1.72,1.50
2016.02.12 03:35:01.826,9.68044,9.68956,1.00,1.50
2016.02.12 03:35:02.145,9.6809,9.68956,1.00,1.50
2016.02.12 03:35:02.196,9.68044,9.68946,2.12,1.00
2016.02.12 03:35:02.422,9.68035,9.68946,1.31,1.00
2016.02.12 03:35:02.937,9.68035,9.68947,1.41,1.00
2016.02.12 03:35:03.096,9.68035,9.68956,1.41,1.50
2016.02.12 03:35:03.147,9.68074,9.68956,1.00,1.50
2016.02.12 03:35:03.451,9.68084,9.68956,1.00,1.50
2016.02.12 03:35:03.501,9.68055,9.68956,1.26,1.50
2016.02.12 03:35:03.804,9.68035,9.68956,1.36,1.50
2016.02.12 03:35:03.877,9.68035,9.68946,1.36,1.00
2016.02.12 03:35:03.928,9.68034,9.68946,1.50,1.00
2016.02.12 03:35:04.342,9.68034,9.68937,1.50,1.00
2016.02.12 03:35:04.888,9.68034,9.68946,1.50,1.50
2016.02.12 03:35:05.398,9.68034,9.68956,1.50,1.50
2016.02.12 03:35:05.550,9.68057,9.68946,1.00,1.00
2016.02.12 03:35:05.753,9.68044,9.68946,1.00,1.50
2016.02.12 03:35:05.854,9.68034,9.68946,1.50,1.50
2016.02.12 03:35:06.655,9.68085,9.68946,1.00,1.50
2016.02.12 03:35:06.959,9.68094,9.68946,1.00,1.00
2016.02.12 03:35:07.111,9.68094,9.68956,1.00,1.50
2016.02.12 03:35:07.162,9.68065,9.68956,1.45,1.50
2016.02.12 03:35:07.332,9.68065,9.68946,1.45,1.00
2016.02.12 03:35:07.383,9.68045,9.68946,1.82,1.00
2016.02.12 03:35:07.588,9.68034,9.68946,1.50,1.50
2016.02.12 03:35:07.790,9.68043,9.68937,1.00,1.00
2016.02.12 03:35:08.094,9.68075,9.68926,1.27,1.00
2016.02.12 03:35:08.298,9.68055,9.68926,1.93,1.00
2016.02.12 03:35:08.400,9.68174,9.68886,1.50,1.50
2016.02.12 03:35:08.801,9.68005,9.68926,1.30,1.00
2016.02.12 03:35:08.902,9.68086,9.68946,1.00,1.50
2016.02.12 03:35:09.157,9.68035,9.68946,1.26,1.50
2016.02.12 03:35:09.393,9.67994,9.68946,2.35,1.50
2016.02.12 03:35:09.564,9.67994,9.68946,1.72,1.50
2016.02.12 03:35:09.615,9.67994,9.68936,1.72,1.00
2016.02.12 03:35:09.963,9.68077,9.68936,1.00,1.00
2016.02.12 03:35:10.168,9.68049,9.68936,1.00,1.00
2016.02.12 03:35:10.269,9.68024,9.68936,1.00,1.00
2016.02.12 03:35:10.604,9.68024,9.68946,1.00,1.00
2016.02.12 03:35:10.807,9.68074,9.68946,1.00,1.00
2016.02.12 03:35:11.111,9.68144,9.68936,1.00,1.00
2016.02.12 03:35:11.398,9.68105,9.68936,1.32,1.00
2016.02.12 03:35:11.601,9.68066,9.68936,1.25,1.00
2016.02.12 03:35:11.804,9.68214,9.68926,1.50,1.50
2016.02.12 03:35:14.007,9.6809,9.68926,1.00,1.00
2016.02.12 03:35:14.108,9.68113,9.68926,1.00,1.00
2016.02.12 03:35:14.412,9.68133,9.68926,1.00,1.50
2016.02.12 03:35:14.584,9.68095,9.68926,1.90,1.50
2016.02.12 03:35:14.787,9.68056,9.68926,1.57,1.50
2016.02.12 03:35:15.010,9.68041,9.68926,1.54,1.50
2016.02.12 03:35:15.163,9.68031,9.68916,1.88,1.50
2016.02.12 03:35:15.467,9.68055,9.68926,1.06,1.00
2016.02.12 03:35:15.771,9.68089,9.68926,1.00,1.50
2016.02.12 03:35:15.888,9.6804,9.68926,1.25,1.00
2016.02.12 03:35:16.091,9.68074,9.68926,1.00,1.50
2016.02.12 03:35:16.267,9.6806,9.68926,1.30,1.00
2016.02.12 03:35:16.420,9.68044,9.68926,1.00,1.50
2016.02.12 03:35:16.522,9.68025,9.68926,1.40,1.50
2016.02.12 03:35:16.623,9.68064,9.68926,1.00,1.00
2016.02.12 03:35:16.945,9.68164,9.68876,1.50,1.50
2016.02.12 03:35:17.951,9.68234,9.68926,1.50,1.00
2016.02.12 03:35:18.302,9.68074,9.68926,1.00,1.50
2016.02.12 03:35:18.839,9.68114,9.68926,1.00,1.00
2016.02.12 03:35:18.941,9.68108,9.68926,1.00,1.00
2016.02.12 03:35:19.043,9.68065,9.68926,1.33,1.00
2016.02.12 03:35:19.244,9.68234,9.68926,1.50,1.00
2016.02.12 03:35:20.668,9.68234,9.68916,1.50,1.00
2016.02.12 03:35:20.820,9.68075,9.68916,1.57,1.00
2016.02.12 03:35:20.872,9.68075,9.68926,1.57,1.00
2016.02.12 03:35:20.923,9.68055,9.68926,2.06,1.00
2016.02.12 03:35:21.113,9.68054,9.68926,1.50,1.00
2016.02.12 03:35:21.622,9.68054,9.68926,1.72,1.00
2016.02.12 03:35:21.825,9.68064,9.68916,1.50,1.00
2016.02.12 03:35:22.027,9.68054,9.68916,1.50,1.50
2016.02.12 03:35:22.128,9.68057,9.68916,1.00,1.50
2016.02.12 03:35:22.230,9.68054,9.68916,1.50,1.50
2016.02.12 03:35:22.331,9.68054,9.68906,1.50,1.00
2016.02.12 03:35:22.653,9.68174,9.68886,1.50,1.50
2016.02.12 03:35:23.209,9.68046,9.68916,1.50,1.50
2016.02.12 03:35:23.361,9.68034,9.68916,1.72,1.50
2016.02.12 03:35:23.893,9.68034,9.68926,1.50,1.00
2016.02.12 03:35:24.231,9.68074,9.68926,1.00,1.50
2016.02.12 03:35:24.550,9.68083,9.68926,1.00,1.50
2016.02.12 03:35:24.854,9.68163,9.68926,1.00,1.50
2016.02.12 03:35:24.980,9.68074,9.68926,1.00,1.50
2016.02.12 03:35:25.031,9.68045,9.68926,2.61,1.50
2016.02.12 03:35:25.138,9.68035,9.68926,1.59,1.00
2016.02.12 03:35:25.340,9.68078,9.68926,1.00,1.00
2016.02.12 03:35:25.553,9.68065,9.68926,1.23,1.50
2016.02.12 03:35:25.604,9.68065,9.68916,1.23,1.00
2016.02.12 03:35:25.837,9.68046,9.68916,1.52,1.50
2016.02.12 03:35:26.169,9.68034,9.68916,2.20,1.50
2016.02.12 03:35:26.220,9.68194,9.68906,1.50,1.50
2016.02.12 03:35:27.279,9.68024,9.68926,2.29,1.50
2016.02.12 03:35:27.330,9.68024,9.68916,2.29,1.00
2016.02.12 03:35:27.484,9.68024,9.68916,1.50,1.00
2016.02.12 03:35:27.789,9.68034,9.68916,1.31,1.50
2016.02.12 03:35:28.193,9.68094,9.68916,1.00,1.50
2016.02.12 03:35:28.498,9.68164,9.68876,1.50,1.50
2016.02.12 03:35:29.692,9.68034,9.68906,2.25,1.00
2016.02.12 03:35:29.988,9.68094,9.68906,1.00,1.00
2016.02.12 03:35:30.039,9.68094,9.68916,1.00,1.00
2016.02.12 03:35:30.090,9.68094,9.68926,1.00,1.50
2016.02.12 03:35:30.192,9.68104,9.68926,1.00,1.50
2016.02.12 03:35:30.496,9.68115,9.68936,1.44,1.50
2016.02.12 03:35:30.823,9.68233,9.68927,1.50,1.00
2016.02.12 03:35:31.613,9.68233,9.68936,1.50,1.00
2016.02.12 03:35:32.018,9.68072,9.68936,1.50,1.50
2016.02.12 03:35:32.119,9.68054,9.68936,1.00,1.50
2016.02.12 03:35:32.220,9.68034,9.68936,1.72,1.50
2016.02.12 03:35:32.289,9.68034,9.68936,1.50,1.50
2016.02.12 03:35:32.593,9.68063,9.68936,1.00,1.50
2016.02.12 03:35:32.897,9.68034,9.68936,1.72,1.50
2016.02.12 03:35:33.099,9.68058,9.68936,1.00,1.50
2016.02.12 03:35:33.201,9.68056,9.68936,1.00,1.50
2016.02.12 03:35:33.302,9.68034,9.68936,1.50,1.50
2016.02.12 03:35:33.490,9.68084,9.68936,1.50,1.50
2016.02.12 03:35:33.795,9.68094,9.68936,1.00,1.50
2016.02.12 03:35:34.123,9.68224,9.68936,1.50,3.00
2016.02.12 03:35:37.958,9.68154,9.68866,1.50,1.50
2016.02.12 03:35:38.563,9.68004,9.68916,2.25,1.00
2016.02.12 03:35:38.690,9.68045,9.68916,1.24,1.50
2016.02.12 03:35:38.856,9.68025,9.68916,1.96,1.50
2016.02.12 03:35:39.132,9.68018,9.68916,1.00,1.50
2016.02.12 03:35:39.234,9.68005,9.68916,1.35,1.00
2016.02.12 03:35:39.335,9.68045,9.68916,1.26,1.00
2016.02.12 03:35:39.639,9.68194,9.68906,1.50,1.50
2016.02.12 03:35:40.525,9.68004,9.68926,2.25,1.50
2016.02.12 03:35:41.224,9.68025,9.68926,1.35,1.50
2016.02.12 03:35:41.537,9.68065,9.68926,1.35,1.50
2016.02.12 03:35:41.638,9.68035,9.68926,1.64,1.50
2016.02.12 03:35:41.844,9.68015,9.68926,1.39,1.00
2016.02.12 03:35:42.047,9.68005,9.68926,1.68,1.50
2016.02.12 03:35:42.290,9.68005,9.68926,1.28,1.00
2016.02.12 03:35:42.341,9.68064,9.68926,1.00,1.00
2016.02.12 03:35:42.443,9.68034,9.68926,1.00,1.00
2016.02.12 03:35:42.545,9.68045,9.68926,1.50,1.00
2016.02.12 03:35:42.739,9.68024,9.68926,1.90,1.00
2016.02.12 03:35:42.942,9.68004,9.68926,1.72,1.50
2016.02.12 03:35:43.350,9.68054,9.68926,1.00,1.50
2016.02.12 03:35:43.674,9.68184,9.68896,1.50,1.50
2016.02.12 03:35:48.567,9.68003,9.68916,1.00,1.00
2016.02.12 03:35:48.877,9.68028,9.68923,1.00,1.00
2016.02.12 03:35:48.978,9.68015,9.68936,1.44,1.50
2016.02.12 03:35:49.080,9.68065,9.68936,1.50,1.50
2016.02.12 03:35:49.321,9.68016,9.68936,1.33,1.50
2016.02.12 03:35:49.400,9.68044,9.68936,1.00,1.50
2016.02.12 03:35:49.705,9.68154,9.68866,1.50,1.50
2016.02.12 03:35:50.537,9.68074,9.68906,1.00,1.00
2016.02.12 03:35:50.588,9.68094,9.68906,1.00,1.00
2016.02.12 03:35:50.892,9.68046,9.68906,1.35,1.00
2016.02.12 03:35:51.082,9.68046,9.68916,1.35,1.50
2016.02.12 03:35:51.133,9.6805,9.68916,1.00,1.50
2016.02.12 03:35:51.234,9.68033,9.68916,1.00,1.50
2016.02.12 03:35:51.336,9.68014,9.68906,1.72,1.00
2016.02.12 03:35:51.387,9.68014,9.68896,1.72,1.00
2016.02.12 03:35:51.695,9.68184,9.68896,1.50,2.25
2016.02.12 03:35:52.547,9.68104,9.68816,1.50,1.50
2016.02.12 03:35:52.934,9.68174,9.68886,1.50,1.50
2016.02.12 03:35:53.199,9.68015,9.68896,1.47,1.00
2016.02.12 03:35:53.250,9.68004,9.68896,1.72,1.00
2016.02.12 03:35:53.351,9.68026,9.68896,1.00,1.00
2016.02.12 03:35:53.504,9.68004,9.68896,1.50,1.00
2016.02.12 03:35:53.606,9.68004,9.68906,1.50,1.00
2016.02.12 03:35:53.657,9.68004,9.68916,1.50,1.50
2016.02.12 03:35:53.879,9.68004,9.68906,1.50,1.00
2016.02.12 03:35:54.184,9.68004,9.68896,1.72,1.00
2016.02.12 03:35:54.708,9.68014,9.68896,1.00,1.00
2016.02.12 03:35:55.042,9.68075,9.68896,1.00,1.00
2016.02.12 03:35:55.355,9.68204,9.68916,1.50,3.00
2016.02.12 03:35:55.828,9.68204,9.68906,1.50,1.00
2016.02.12 03:35:56.132,9.68024,9.68897,1.50,1.00
2016.02.12 03:35:56.308,9.68024,9.68896,2.26,1.00
2016.02.12 03:35:56.648,9.68053,9.68896,1.00,1.00
2016.02.12 03:35:56.910,9.68053,9.68916,1.00,1.00
2016.02.12 03:35:56.961,9.68065,9.68916,1.30,1.00
2016.02.12 03:35:57.265,9.68194,9.68896,1.50,1.00
2016.02.12 03:35:59.563,9.68194,9.68877,1.50,1.00
2016.02.12 03:36:00.138,9.68194,9.68886,1.50,1.50
2016.02.12 03:36:00.639,9.68194,9.68896,1.50,1.50
2016.02.12 03:36:00.916,9.68194,9.68886,1.50,1.00
2016.02.12 03:36:02.045,9.68194,9.68866,1.50,1.00
2016.02.12 03:36:02.147,9.68194,9.68876,1.50,1.00
2016.02.12 03:36:02.627,9.68046,9.68876,1.00,1.50
2016.02.12 03:36:02.729,9.68059,9.68876,1.00,1.50
2016.02.12 03:36:02.830,9.68024,9.68876,1.50,1.50
2016.02.12 03:36:02.986,9.68032,9.68876,1.00,1.50
2016.02.12 03:36:03.300,9.68044,9.68856,1.00,1.00
2016.02.12 03:36:03.351,9.68044,9.68866,1.00,1.00
2016.02.12 03:36:03.402,9.68025,9.68866,1.40,1.00
2016.02.12 03:36:03.503,9.68024,9.68866,1.50,1.00
2016.02.12 03:36:03.630,9.68114,9.68826,1.50,1.50
2016.02.12 03:36:07.058,9.67984,9.68866,1.95,1.00
2016.02.12 03:36:07.330,9.67965,9.68866,1.31,1.00
2016.02.12 03:36:07.381,9.67975,9.68856,1.00,1.50
2016.02.12 03:36:07.684,9.67995,9.68856,1.27,1.50
2016.02.12 03:36:07.886,9.67975,9.68856,1.37,1.50
2016.02.12 03:36:08.089,9.67965,9.68856,1.46,1.50
2016.02.12 03:36:08.393,9.67965,9.68866,1.32,1.00
2016.02.12 03:36:08.485,9.68014,9.68866,1.00,1.00
2016.02.12 03:36:08.797,9.68085,9.68866,1.00,1.00
2016.02.12 03:36:08.898,9.68025,9.68866,1.40,1.00
2016.02.12 03:36:08.999,9.68054,9.68866,1.00,1.00
2016.02.12 03:36:09.303,9.68173,9.68866,1.50,1.50
2016.02.12 03:36:09.620,9.68173,9.68856,1.50,1.50
2016.02.12 03:36:10.798,9.68173,9.68866,1.50,1.00
2016.02.12 03:36:10.900,9.68173,9.68856,1.50,1.50
2016.02.12 03:36:11.939,9.68173,9.68876,1.50,1.00
2016.02.12 03:36:14.926,9.68173,9.68866,1.50,1.00
2016.02.12 03:36:15.843,9.68173,9.68876,1.50,1.00
2016.02.12 03:36:15.894,9.68173,9.68886,1.50,1.50
2016.02.12 03:36:16.541,9.68173,9.68876,1.50,1.00
2016.02.12 03:36:16.844,9.68173,9.68866,1.50,1.00
2016.02.12 03:36:17.679,9.68173,9.68886,1.50,1.50
2016.02.12 03:36:18.300,9.68173,9.68876,1.50,1.00
2016.02.12 03:36:18.637,9.68173,9.68866,1.50,1.00
2016.02.12 03:36:19.186,9.68173,9.68876,1.50,1.00
2016.02.12 03:36:20.271,9.68173,9.68877,1.50,1.00
2016.02.12 03:36:20.815,9.68173,9.68876,1.50,1.50
2016.02.12 03:36:21.373,9.68173,9.68866,1.50,1.00
2016.02.12 03:36:21.627,9.68173,9.68876,1.50,1.50
2016.02.12 03:36:22.433,9.68173,9.68877,1.50,1.00
2016.02.12 03:36:22.944,9.68173,9.68876,1.50,1.00
2016.02.12 03:36:23.941,9.68173,9.68886,1.50,1.00
2016.02.12 03:36:24.776,9.68024,9.68886,1.72,1.00
2016.02.12 03:36:24.928,9.68048,9.68886,1.00,1.00
2016.02.12 03:36:25.246,9.68044,9.68886,1.00,1.00
2016.02.12 03:36:25.348,9.68024,9.68886,1.50,1.00
2016.02.12 03:36:25.449,9.68034,9.68886,1.00,1.00
2016.02.12 03:36:25.550,9.68025,9.68886,1.00,1.00
2016.02.12 03:36:26.049,9.68045,9.68886,1.00,1.50
2016.02.12 03:36:26.353,9.68048,9.68886,1.00,1.50
2016.02.12 03:36:26.551,9.68043,9.68886,1.00,1.50
2016.02.12 03:36:26.811,9.68194,9.68886,1.50,1.50
2016.02.12 03:36:28.721,9.68024,9.68886,1.50,1.50
2016.02.12 03:36:29.170,9.68038,9.68886,1.00,1.50
2016.02.12 03:36:29.457,9.68034,9.68886,1.50,1.00
2016.02.12 03:36:29.722,9.68184,9.68886,1.50,1.00
2016.02.12 03:36:31.683,9.68024,9.68886,1.50,1.00
2016.02.12 03:36:31.885,9.68111,9.68886,1.00,1.00
2016.02.12 03:36:31.986,9.68083,9.68886,1.00,1.00
2016.02.12 03:36:32.088,9.68094,9.68886,1.00,1.00
2016.02.12 03:36:32.392,9.68046,9.68906,1.79,1.00
2016.02.12 03:36:32.594,9.68024,9.68906,1.72,1.00
2016.02.12 03:36:33.235,9.6806,9.68906,1.00,1.50
2016.02.12 03:36:33.539,9.68045,9.68906,2.10,1.50
2016.02.12 03:36:33.843,9.68224,9.68906,1.50,1.00
2016.02.12 03:36:36.099,9.68224,9.68926,1.50,1.50
2016.02.12 03:36:38.006,9.68224,9.68916,1.50,1.50
2016.02.12 03:36:39.564,9.68224,9.68906,1.50,1.00
2016.02.12 03:36:40.718,9.68224,9.68896,1.50,1.00
2016.02.12 03:36:41.264,9.68224,9.68897,1.50,1.00
2016.02.12 03:36:41.773,9.68224,9.68896,1.50,1.50
2016.02.12 03:36:42.435,9.68224,9.68916,1.50,1.50
2016.02.12 03:36:42.638,9.68224,9.68926,1.50,1.00
2016.02.12 03:36:42.925,9.68224,9.68916,1.50,1.00
2016.02.12 03:36:43.932,9.68224,9.68896,1.50,1.00
2016.02.12 03:36:44.231,9.68134,9.68846,1.50,1.50
2016.02.12 03:37:00.930,9.68043,9.68896,1.00,1.50
2016.02.12 03:37:01.031,9.68084,9.68896,1.00,1.50
2016.02.12 03:37:01.133,9.68035,9.68896,1.52,1.50
2016.02.12 03:37:01.213,9.68025,9.68896,1.30,1.50
2016.02.12 03:37:01.416,9.68024,9.68896,1.50,1.50
2016.02.12 03:37:01.930,9.68035,9.68896,1.50,1.50
2016.02.12 03:37:02.032,9.68024,9.68896,2.30,1.50
2016.02.12 03:37:02.343,9.68024,9.68896,1.50,1.50
2016.02.12 03:37:02.648,9.68034,9.68896,1.00,1.00
2016.02.12 03:37:02.952,9.68085,9.68896,1.27,1.00
2016.02.12 03:37:03.155,9.68046,9.68896,1.50,1.00
2016.02.12 03:37:03.257,9.68046,9.68916,1.50,1.00
2016.02.12 03:37:03.389,9.68074,9.68926,1.00,1.00
2016.02.12 03:37:03.910,9.68204,9.68916,1.50,1.50
2016.02.12 03:37:04.914,9.68075,9.68916,1.88,1.50
2016.02.12 03:37:05.015,9.68045,9.68916,1.91,1.50
2016.02.12 03:37:05.307,9.68054,9.68916,1.00,1.50
2016.02.12 03:37:05.416,9.68044,9.68916,1.72,1.50
2016.02.12 03:37:05.517,9.68084,9.68916,1.00,1.50
2016.02.12 03:37:05.619,9.68065,9.68916,1.33,1.50
2016.02.12 03:37:05.720,9.68084,9.68916,1.00,1.50
2016.02.12 03:37:06.024,9.68204,9.68916,1.50,3.00
2016.02.12 03:37:06.227,9.68035,9.68916,1.55,1.50
2016.02.12 03:37:06.398,9.68024,9.68916,1.50,1.50
2016.02.12 03:37:06.521,9.68076,9.68916,1.00,1.50
2016.02.12 03:37:06.622,9.68025,9.68916,1.86,1.00
2016.02.12 03:37:06.825,9.68024,9.68916,1.50,1.50
2016.02.12 03:37:07.330,9.68062,9.68916,1.00,1.50
2016.02.12 03:37:07.432,9.68025,9.68916,1.30,1.00
2016.02.12 03:37:07.598,9.68044,9.68916,1.00,1.00
2016.02.12 03:37:07.927,9.68059,9.68916,1.00,1.50
2016.02.12 03:37:08.029,9.68039,9.68916,1.00,1.50
2016.02.12 03:37:08.181,9.68194,9.68906,1.50,1.50
2016.02.12 03:37:08.797,9.68194,9.68896,1.50,1.00
2016.02.12 03:37:09.601,9.68194,9.68886,1.50,1.00
2016.02.12 03:37:10.149,9.68194,9.68887,1.50,1.00
2016.02.12 03:37:10.687,9.68194,9.68886,1.50,1.50
2016.02.12 03:37:14.456,9.68194,9.68887,1.50,1.00
2016.02.12 03:37:15.127,9.68194,9.68886,1.50,1.00
2016.02.12 03:37:17.868,9.68015,9.68886,2.56,1.50
2016.02.12 03:37:17.969,9.68025,9.68896,1.64,1.50
2016.02.12 03:37:18.021,9.68047,9.68896,1.00,1.50
2016.02.12 03:37:18.123,9.68045,9.68896,1.00,1.50
2016.02.12 03:37:18.326,9.68094,9.68896,1.00,1.00
2016.02.12 03:37:18.631,9.68104,9.68896,1.00,1.00
2016.02.12 03:37:18.971,9.68224,9.68896,1.50,1.00
2016.02.12 03:37:21.100,9.68224,9.68886,1.50,1.00
2016.02.12 03:37:21.201,9.68055,9.68876,1.36,1.00
2016.02.12 03:37:21.252,9.68044,9.68876,1.00,1.00
2016.02.12 03:37:21.354,9.68084,9.68876,1.00,1.00
2016.02.12 03:37:21.674,9.68094,9.68876,1.00,1.00
2016.02.12 03:37:21.725,9.68065,9.68876,1.30,1.00
2016.02.12 03:37:21.927,9.68056,9.68876,1.36,1.00
2016.02.12 03:37:22.110,9.68034,9.68876,2.33,1.00
2016.02.12 03:37:22.161,9.68214,9.68876,1.50,1.00
2016.02.12 03:37:22.284,9.68054,9.68876,1.50,1.00
2016.02.12 03:37:22.335,9.68094,9.68876,1.00,1.00
2016.02.12 03:37:22.386,9.68094,9.68886,1.00,1.00
2016.02.12 03:37:22.437,9.68104,9.68886,1.00,1.00
2016.02.12 03:37:22.728,9.68055,9.68886,1.27,1.00
2016.02.12 03:37:22.937,9.68054,9.68886,2.26,1.00
2016.02.12 03:37:23.219,9.68054,9.68886,1.72,1.00
2016.02.12 03:37:23.540,9.68075,9.68886,1.91,1.00
2016.02.12 03:37:24.278,9.68224,9.68886,1.50,1.00
2016.02.12 03:37:24.616,9.68144,9.68856,1.50,1.50
2016.02.12 03:37:24.939,9.68024,9.68886,1.50,1.00
2016.02.12 03:37:25.486,9.68035,9.68886,1.93,1.00
2016.02.12 03:37:25.644,9.68025,9.68886,1.55,1.00
2016.02.12 03:37:25.898,9.68194,9.68886,1.50,1.50
2016.02.12 03:37:26.914,9.68194,9.68887,1.50,1.00
2016.02.12 03:37:27.455,9.68194,9.68886,1.50,1.50
2016.02.12 03:37:28.458,9.68034,9.68886,1.50,1.50
2016.02.12 03:37:28.559,9.68059,9.68886,1.00,1.50
2016.02.12 03:37:28.896,9.68093,9.68876,1.00,1.00
2016.02.12 03:37:29.001,9.68083,9.68876,1.00,1.00
2016.02.12 03:37:29.063,9.6808,9.68876,1.00,1.00
2016.02.12 03:37:29.263,9.68051,9.68877,1.00,1.00
2016.02.12 03:37:29.366,9.68062,9.68876,1.00,1.00
2016.02.12 03:37:29.764,9.68204,9.68876,1.50,1.00
2016.02.12 03:37:31.923,9.68204,9.68877,1.50,1.00
2016.02.12 03:37:32.446,9.68204,9.68876,1.50,1.00
2016.02.12 03:37:33.429,9.68204,9.68877,1.50,1.00
2016.02.12 03:37:33.978,9.68204,9.68876,1.50,1.00
2016.02.12 03:37:34.585,9.68034,9.68876,1.50,1.00
2016.02.12 03:37:34.837,9.68044,9.68876,1.00,1.00
2016.02.12 03:37:35.174,9.68057,9.68866,1.00,1.00
2016.02.12 03:37:35.225,9.68034,9.68866,1.50,1.00
2016.02.12 03:37:35.581,9.68184,9.68866,1.50,1.00
2016.02.12 03:37:37.459,9.68184,9.68876,1.50,1.00
2016.02.12 03:37:37.560,9.68104,9.68816,1.50,1.50
2016.02.12 03:37:42.721,9.68184,9.68856,1.50,1.00
2016.02.12 03:37:43.093,9.68184,9.68866,1.50,1.50
2016.02.12 03:37:43.195,9.68184,9.68876,1.50,1.50
2016.02.12 03:37:43.347,9.68184,9.68866,1.50,1.00
2016.02.12 03:37:43.780,9.68184,9.68857,1.50,1.00
2016.02.12 03:37:44.304,9.68184,9.68856,1.50,1.00
2016.02.12 03:37:44.407,9.68184,9.68866,1.50,1.50
2016.02.12 03:37:44.915,9.68184,9.68876,1.50,1.50
2016.02.12 03:37:45.862,9.68184,9.68866,1.50,1.00
2016.02.12 03:37:49.427,9.68184,9.68876,1.50,1.00
2016.02.12 03:37:49.718,9.68184,9.68866,1.50,1.00
2016.02.12 03:37:50.328,9.68184,9.68867,1.50,1.00
2016.02.12 03:37:50.839,9.68184,9.68866,1.50,1.00
2016.02.12 03:37:51.391,9.68184,9.68856,1.50,1.00
2016.02.12 03:37:52.636,9.68184,9.68866,1.50,1.00
2016.02.12 03:37:52.937,9.68184,9.68856,1.50,1.00
2016.02.12 03:37:54.597,9.68184,9.68857,1.50,1.00
2016.02.12 03:37:54.903,9.68184,9.68866,1.50,1.00
2016.02.12 03:37:55.148,9.68184,9.68856,1.50,1.00
2016.02.12 03:37:56.451,9.68184,9.68846,1.50,1.50
2016.02.12 03:37:57.525,9.68184,9.68847,1.50,1.00
2016.02.12 03:37:58.031,9.68184,9.68846,1.50,1.00
2016.02.12 03:38:00.169,9.68184,9.68826,1.50,1.00
2016.02.12 03:38:00.554,9.68114,9.68826,1.50,1.50
2016.02.12 03:38:01.873,9.68114,9.68816,1.50,1.00
2016.02.12 03:38:02.859,9.68114,9.68826,1.50,1.50
2016.02.12 03:38:06.166,9.68114,9.68806,1.50,1.00
2016.02.12 03:38:07.212,9.68114,9.68826,1.50,2.25
2016.02.12 03:38:08.616,9.68114,9.68806,1.50,1.00
2016.02.12 03:38:08.932,9.68034,9.68746,1.50,1.50
2016.02.12 03:38:11.483,9.68049,9.68746,1.00,1.50
2016.02.12 03:38:11.686,9.68034,9.68746,1.72,1.50
2016.02.12 03:38:11.988,9.68104,9.68816,1.50,2.25
2016.02.12 03:38:12.090,9.68104,9.68796,1.50,1.00
2016.02.12 03:38:12.393,9.68104,9.68806,1.50,1.00
2016.02.12 03:38:12.597,9.68104,9.68796,1.50,1.00
2016.02.12 03:38:12.786,9.68104,9.68806,1.50,1.00
2016.02.12 03:38:13.122,9.68104,9.68816,1.50,1.50
2016.02.12 03:38:22.319,9.68174,9.68826,1.50,1.00
2016.02.12 03:38:23.164,9.68174,9.68816,1.50,1.00
2016.02.12 03:38:25.201,9.68074,9.68786,1.50,1.50
2016.02.12 03:38:26.497,9.68077,9.68786,1.00,1.50
2016.02.12 03:38:26.554,9.68074,9.68786,1.50,1.50
2016.02.12 03:38:30.055,9.67995,9.68806,1.45,1.00
2016.02.12 03:38:30.106,9.67985,9.68806,1.52,1.00
2016.02.12 03:38:30.411,9.68024,9.68806,1.00,1.00
2016.02.12 03:38:30.715,9.68046,9.68807,1.00,1.00
2016.02.12 03:38:31.091,9.68114,9.68826,1.50,2.25
2016.02.12 03:38:31.361,9.67994,9.68826,1.00,1.00
2016.02.12 03:38:31.412,9.67975,9.68826,1.49,1.00
2016.02.12 03:38:31.514,9.68004,9.68826,1.00,1.00
2016.02.12 03:38:31.820,9.67975,9.68836,1.97,1.00
2016.02.12 03:38:31.982,9.68043,9.68836,1.00,1.00
2016.02.12 03:38:32.034,9.68004,9.68836,2.15,1.00
2016.02.12 03:38:32.136,9.6801,9.68836,1.00,1.00
2016.02.12 03:38:32.339,9.68134,9.68836,1.50,1.00
2016.02.12 03:38:33.106,9.68134,9.68837,1.50,1.00
2016.02.12 03:38:33.693,9.68134,9.68836,1.50,1.00
2016.02.12 03:38:34.753,9.68134,9.68816,1.50,1.00
2016.02.12 03:38:34.804,9.68134,9.68836,1.50,1.00
2016.02.12 03:38:34.906,9.68134,9.68846,1.50,1.50
2016.02.12 03:38:35.711,9.68134,9.68836,1.50,1.00
2016.02.12 03:38:36.982,9.68134,9.68846,1.50,2.25
2016.02.12 03:38:41.348,9.67993,9.68866,1.00,1.00
2016.02.12 03:38:41.454,9.68028,9.68866,1.00,1.00
2016.02.12 03:38:41.555,9.68014,9.68866,1.00,1.00
2016.02.12 03:38:41.606,9.68014,9.68876,1.00,1.50
2016.02.12 03:38:41.657,9.67975,9.68876,2.48,1.50
2016.02.12 03:38:42.127,9.67975,9.68866,2.48,1.00
2016.02.12 03:38:42.453,9.68014,9.68866,1.00,1.00
2016.02.12 03:38:42.760,9.68044,9.68876,1.00,1.50
2016.02.12 03:38:43.378,9.68154,9.68866,1.50,1.50
2016.02.12 03:38:49.632,9.68011,9.68866,1.00,1.00
2016.02.12 03:38:49.693,9.68044,9.68866,1.00,1.00
2016.02.12 03:38:49.995,9.68054,9.68866,1.00,1.00
2016.02.12 03:38:50.148,9.68054,9.68876,1.00,1.50
2016.02.12 03:38:50.630,9.68164,9.68876,1.50,3.00
2016.02.12 03:38:51.006,9.68164,9.68866,1.50,1.00
2016.02.12 03:38:51.553,9.68164,9.68867,1.50,1.00
2016.02.12 03:38:52.069,9.68164,9.68866,1.50,1.00
2016.02.12 03:38:52.398,9.68164,9.68856,1.50,1.00
2016.02.12 03:38:53.186,9.68164,9.68866,1.50,1.50
2016.02.12 03:38:54.866,9.68164,9.68876,1.50,1.50
2016.02.12 03:38:56.350,9.68014,9.68886,1.00,1.50
2016.02.12 03:38:56.520,9.67995,9.68886,1.30,1.50
2016.02.12 03:38:56.621,9.67994,9.68886,1.00,1.50
2016.02.12 03:38:56.723,9.68014,9.68886,1.00,1.50
2016.02.12 03:38:57.056,9.68007,9.68886,1.00,1.50
2016.02.12 03:38:57.121,9.68037,9.68886,1.00,1.50
2016.02.12 03:38:57.223,9.67984,9.68886,2.64,1.50
2016.02.12 03:38:57.459,9.67984,9.68886,1.72,1.50
2016.02.12 03:38:58.139,9.68023,9.68886,1.00,1.50
2016.02.12 03:38:58.240,9.68013,9.68886,1.00,1.50
2016.02.12 03:38:58.291,9.68104,9.68816,1.50,1.50
2016.02.12 03:39:00.737,9.68174,9.68886,1.50,2.25
2016.02.12 03:39:02.040,9.67986,9.68886,2.20,1.50
2016.02.12 03:39:02.091,9.67985,9.68886,1.35,1.00
2016.02.12 03:39:02.193,9.68018,9.68886,1.00,1.00
2016.02.12 03:39:02.395,9.68015,9.68886,1.00,1.00
2016.02.12 03:39:02.541,9.68044,9.68886,1.00,1.00
2016.02.12 03:39:02.694,9.67985,9.68886,2.00,1.50
2016.02.12 03:39:02.997,9.68014,9.68886,1.00,1.50
2016.02.12 03:39:03.314,9.68144,9.68856,1.50,1.50
2016.02.12 03:39:04.898,9.68144,9.68846,1.50,1.00
2016.02.12 03:39:07.795,9.68144,9.68847,1.50,1.50
2016.02.12 03:39:08.113,9.68144,9.68826,1.50,1.00
2016.02.12 03:39:08.715,9.68144,9.68827,1.50,1.00
2016.02.12 03:39:08.918,9.68144,9.68846,1.50,1.00
2016.02.12 03:39:09.420,9.68144,9.68826,1.50,1.00
2016.02.12 03:39:10.050,9.68144,9.68816,1.50,1.00
2016.02.12 03:39:10.473,9.68144,9.68826,1.50,1.00
2016.02.12 03:39:10.953,9.68144,9.68817,1.50,1.00
2016.02.12 03:39:11.517,9.68144,9.68816,1.50,1.00
2016.02.12 03:39:11.950,9.68144,9.68826,1.50,1.00
2016.02.12 03:39:12.459,9.68144,9.68816,1.50,1.00
2016.02.12 03:39:13.338,9.68144,9.68836,1.50,1.00
2016.02.12 03:39:17.183,9.68144,9.68856,1.50,3.00
2016.02.12 03:39:17.355,9.68144,9.68836,1.50,1.00
2016.02.12 03:39:18.088,9.67975,9.68836,1.30,1.00
2016.02.12 03:39:18.343,9.67998,9.68836,1.00,1.00
2016.02.12 03:39:18.584,9.67985,9.68856,1.93,1.00
2016.02.12 03:39:18.940,9.68014,9.68856,1.00,1.00
2016.02.12 03:39:19.042,9.67994,9.68856,1.00,1.00
2016.02.12 03:39:19.093,9.68133,9.68847,1.50,1.50
2016.02.12 03:39:22.604,9.68133,9.68846,1.50,1.00
2016.02.12 03:39:23.334,9.68133,9.68847,1.50,2.25
2016.02.12 03:39:23.840,9.68133,9.68846,1.50,1.00
2016.02.12 03:39:25.001,9.68133,9.68847,1.50,3.00
2016.02.12 03:39:25.612,9.68133,9.68846,1.50,1.00
2016.02.12 03:39:30.612,9.68133,9.68847,1.50,3.00
2016.02.12 03:39:31.235,9.68133,9.68846,1.50,1.00
2016.02.12 03:39:32.659,9.68133,9.68836,1.50,1.00
2016.02.12 03:39:33.197,9.68133,9.68837,1.50,1.00
2016.02.12 03:39:33.713,9.68133,9.68836,1.50,1.00
2016.02.12 03:39:35.129,9.68133,9.68837,1.50,1.00
2016.02.12 03:39:35.650,9.68133,9.68836,1.50,1.00
2016.02.12 03:39:39.588,9.68133,9.68837,1.50,1.00
2016.02.12 03:39:39.948,9.68133,9.68826,1.50,1.00
2016.02.12 03:39:40.844,9.68133,9.68836,1.50,1.00
2016.02.12 03:39:41.854,9.68133,9.68826,1.50,1.00
2016.02.12 03:39:43.856,9.68133,9.68836,1.50,1.00
2016.02.12 03:39:44.608,9.68133,9.68776,1.50,1.00
2016.02.12 03:39:45.341,9.68004,9.68716,1.50,1.50
2016.02.12 03:39:57.830,9.68004,9.68688,1.50,1.00
2016.02.12 03:39:58.033,9.68004,9.68716,1.50,1.50
2016.02.12 03:39:59.227,9.68074,9.68786,1.50,1.50
2016.02.12 03:40:19.616,9.68074,9.68771,1.50,1.00
2016.02.12 03:40:19.819,9.68074,9.68783,1.50,1.00
2016.02.12 03:40:24.877,9.68074,9.68756,1.50,1.00
2016.02.12 03:40:25.559,9.67974,9.68686,1.50,1.50
2016.02.12 03:40:26.909,9.68038,9.68686,1.00,1.50
2016.02.12 03:40:27.010,9.68034,9.68686,1.00,1.50
2016.02.12 03:40:27.061,9.68074,9.68713,1.50,1.00
2016.02.12 03:40:27.571,9.68074,9.68712,1.50,1.00
2016.02.12 03:40:27.724,9.67954,9.68666,1.50,1.50
2016.02.12 03:40:33.321,9.6804,9.68666,1.00,1.50
2016.02.12 03:40:33.372,9.68064,9.68776,1.50,2.25
2016.02.12 03:40:34.871,9.68064,9.68775,1.50,1.00
2016.02.12 03:40:35.074,9.68064,9.68732,1.50,1.00
2016.02.12 03:40:35.979,9.67984,9.68696,1.50,1.50
2016.02.12 03:40:40.051,9.68052,9.68696,1.00,1.50
2016.02.12 03:40:40.152,9.68074,9.68747,1.50,1.00
2016.02.12 03:40:40.304,9.68074,9.68709,1.50,1.00
2016.02.12 03:40:40.604,9.67964,9.68676,1.50,1.50
2016.02.12 03:40:41.062,9.68005,9.68676,1.33,1.50
2016.02.12 03:40:41.163,9.68063,9.68746,1.50,1.00
2016.02.12 03:40:41.897,9.68063,9.68776,1.50,1.00
2016.02.12 03:40:42.427,9.68063,9.68777,1.50,2.25
2016.02.12 03:40:46.449,9.68063,9.68772,1.50,1.00
2016.02.12 03:40:48.111,9.68063,9.68771,1.50,1.00
2016.02.12 03:40:50.015,9.68063,9.68777,1.50,1.50
2016.02.12 03:40:50.218,9.68063,9.68758,1.50,1.00
2016.02.12 03:40:50.384,9.67994,9.68706,1.72,1.50
2016.02.12 03:40:50.921,9.67994,9.68706,1.50,1.50
2016.02.12 03:40:55.385,9.68074,9.68706,1.00,1.50
2016.02.12 03:40:55.588,9.68124,9.68836,1.50,1.50
2016.02.12 03:40:55.892,9.68104,9.68956,1.00,1.00
2016.02.12 03:40:55.994,9.68085,9.68956,1.41,1.00
2016.02.12 03:40:56.095,9.68085,9.68966,1.36,1.50
2016.02.12 03:40:56.211,9.68015,9.68956,2.01,1.00
2016.02.12 03:40:56.262,9.68025,9.68946,1.54,1.00
2016.02.12 03:40:56.490,9.68004,9.68946,1.50,1.00
2016.02.12 03:40:56.691,9.68004,9.68956,1.50,1.00
2016.02.12 03:40:56.792,9.68004,9.68946,1.50,1.00
2016.02.12 03:40:56.894,9.68004,9.68976,2.42,1.00
2016.02.12 03:40:57.180,9.68028,9.68922,1.00,1.00
2016.02.12 03:40:57.231,9.68028,9.68956,1.00,1.00
2016.02.12 03:40:57.282,9.68004,9.68956,1.50,1.00
2016.02.12 03:40:57.390,9.68004,9.68976,2.25,1.00
2016.02.12 03:40:57.494,9.68004,9.68966,1.72,1.00
2016.02.12 03:40:57.799,9.68055,9.68996,1.52,1.50
2016.02.12 03:40:58.147,9.68174,9.68886,1.50,1.50
2016.02.12 03:40:59.856,9.68104,9.68816,1.50,1.50
2016.02.12 03:41:00.354,9.68184,9.68896,1.50,1.50
2016.02.12 03:41:00.508,9.67994,9.68956,1.72,1.00
2016.02.12 03:41:00.910,9.68015,9.68966,1.27,1.00
2016.02.12 03:41:01.214,9.68005,9.68966,1.44,1.50
2016.02.12 03:41:01.510,9.68124,9.68836,1.50,1.50
2016.02.12 03:41:01.611,9.68004,9.68966,1.00,1.50
2016.02.12 03:41:02.314,9.68046,9.68943,1.00,1.00
2016.02.12 03:41:02.641,9.68164,9.68876,1.50,1.50
2016.02.12 03:41:04.021,9.68035,9.68956,1.41,1.00
2016.02.12 03:41:04.123,9.68014,9.68936,1.50,1.00
2016.02.12 03:41:04.224,9.68014,9.68956,1.50,1.00
2016.02.12 03:41:04.326,9.68014,9.68966,3.00,1.00
2016.02.12 03:41:04.427,9.68014,9.68936,1.50,1.00
2016.02.12 03:41:04.528,9.68014,9.68947,1.50,1.00
2016.02.12 03:41:05.016,9.68134,9.68846,1.50,1.50
2016.02.12 03:41:05.776,9.68204,9.68916,1.50,1.50
2016.02.12 03:41:06.453,9.67955,9.68926,1.51,1.00
2016.02.12 03:41:06.631,9.67991,9.68927,1.00,1.00
2016.02.12 03:41:07.134,9.67969,9.68864,1.00,1.00
2016.02.12 03:41:07.344,9.68014,9.68966,1.00,2.25
2016.02.12 03:41:07.547,9.68005,9.68956,1.31,1.00
2016.02.12 03:41:07.749,9.67984,9.68956,2.33,1.00
2016.02.12 03:41:08.555,9.67987,9.68881,1.00,1.00
2016.02.12 03:41:08.657,9.68027,9.68922,1.00,1.00
2016.02.12 03:41:08.759,9.68024,9.68925,1.52,1.00
2016.02.12 03:41:08.860,9.68025,9.68966,1.47,1.00
2016.02.12 03:41:08.962,9.68102,9.68976,1.00,1.00
2016.02.12 03:41:09.266,9.68059,9.68976,2.27,1.00
2016.02.12 03:41:09.418,9.68069,9.68966,1.39,1.00
2016.02.12 03:41:09.469,9.6803,9.68966,1.33,1.00
2016.02.12 03:41:09.672,9.68024,9.68956,1.50,1.00
2016.02.12 03:41:09.901,9.68054,9.68966,1.00,1.00
2016.02.12 03:41:10.215,9.68076,9.68956,1.00,1.00
2016.02.12 03:41:10.318,9.68035,9.68956,1.23,1.00
2016.02.12 03:41:10.369,9.68025,9.68966,2.14,1.50
2016.02.12 03:41:10.420,9.68194,9.68906,1.50,1.50
2016.02.12 03:41:10.747,9.68013,9.68966,2.16,1.50
2016.02.12 03:41:10.798,9.68013,9.68966,1.72,2.25
2016.02.12 03:41:10.849,9.68013,9.68956,1.72,1.00
2016.02.12 03:41:11.001,9.68013,9.68956,1.50,1.00
2016.02.12 03:41:11.173,9.68025,9.68956,1.92,1.00
2016.02.12 03:41:11.375,9.68015,9.68956,1.22,1.00
2016.02.12 03:41:11.682,9.68013,9.68956,1.50,1.00
2016.02.12 03:41:11.834,9.68013,9.68966,1.50,2.25
2016.02.12 03:41:11.884,9.68031,9.68926,1.00,1.00
2016.02.12 03:41:12.087,9.68015,9.68926,1.35,1.00
2016.02.12 03:41:12.138,9.68015,9.68916,1.35,1.00
2016.02.12 03:41:12.452,9.68085,9.68906,1.44,1.00
2016.02.12 03:41:12.503,9.68045,9.68906,1.83,1.00
2016.02.12 03:41:12.611,9.68045,9.68896,1.83,1.00
2016.02.12 03:41:12.680,9.68039,9.68896,1.00,1.00
2016.02.12 03:41:12.883,9.68074,9.68897,1.00,1.00
2016.02.12 03:41:12.984,9.68013,9.68876,2.26,1.00
2016.02.12 03:41:13.086,9.68057,9.68876,1.00,1.00
2016.02.12 03:41:13.193,9.68013,9.68876,1.72,1.00
2016.02.12 03:41:13.446,9.68013,9.68916,1.72,1.00
2016.02.12 03:41:13.497,9.68034,9.68916,1.00,1.00
2016.02.12 03:41:14.030,9.68074,9.68916,1.00,1.00
2016.02.12 03:41:14.133,9.68056,9.68916,1.00,1.00
2016.02.12 03:41:14.185,9.68032,9.68916,1.00,1.00
2016.02.12 03:41:14.287,9.68015,9.68916,1.35,1.00
2016.02.12 03:41:14.388,9.68013,9.68916,1.50,1.50
2016.02.12 03:41:14.439,9.68013,9.68906,1.50,1.00
2016.02.12 03:41:15.192,9.68016,9.68906,1.00,1.00
2016.02.12 03:41:15.496,9.68054,9.68926,1.00,1.00
2016.02.12 03:41:15.597,9.68027,9.68926,1.00,1.00
2016.02.12 03:41:15.648,9.68027,9.68936,1.00,1.00
2016.02.12 03:41:15.814,9.68034,9.68936,1.00,1.00
2016.02.12 03:41:15.915,9.68024,9.68936,1.00,1.00
2016.02.12 03:41:16.017,9.68004,9.68936,1.50,1.00
2016.02.12 03:41:16.153,9.68004,9.68926,1.50,1.00
2016.02.12 03:41:16.495,9.68084,9.68796,1.50,1.50
2016.02.12 03:41:16.597,9.68015,9.68926,2.03,1.00
2016.02.12 03:41:16.800,9.68004,9.68926,1.72,1.00
2016.02.12 03:41:17.451,9.68004,9.68916,1.72,1.00
2016.02.12 03:41:17.705,9.68024,9.68956,1.00,1.00
2016.02.12 03:41:18.619,9.68004,9.68956,2.25,1.50
2016.02.12 03:41:18.721,9.6805,9.68945,1.00,1.00
2016.02.12 03:41:18.823,9.68004,9.68956,1.50,1.50
2016.02.12 03:41:19.076,9.68004,9.68946,1.50,1.00
2016.02.12 03:41:19.642,9.68004,9.68956,1.50,2.25
2016.02.12 03:41:19.821,9.68034,9.68956,1.00,1.50
2016.02.12 03:41:20.113,9.68015,9.68956,1.32,1.50
2016.02.12 03:41:20.214,9.68005,9.68956,1.59,1.50
2016.02.12 03:41:20.414,9.68004,9.68956,1.72,1.50
2016.02.12 03:41:20.938,9.68004,9.68956,1.50,2.25
2016.02.12 03:41:21.719,9.68025,9.6892,1.00,1.00
2016.02.12 03:41:21.960,9.68004,9.68928,1.50,1.00
2016.02.12 03:41:22.123,9.68004,9.68906,1.50,1.00
2016.02.12 03:41:22.335,9.68004,9.68936,1.50,1.00
2016.02.12 03:41:22.739,9.68104,9.68816,1.50,1.50
2016.02.12 03:41:23.957,9.68085,9.68956,2.01,1.00
2016.02.12 03:41:24.159,9.68059,9.68956,1.00,1.00
2016.02.12 03:41:24.370,9.68053,9.68947,1.50,1.50
2016.02.12 03:41:24.901,9.68053,9.68946,1.50,1.00
2016.02.12 03:41:25.233,9.68154,9.68866,1.50,1.50
2016.02.12 03:41:25.934,9.68043,9.68946,1.00,1.50
2016.02.12 03:41:25.985,9.68036,9.68946,1.00,1.50
2016.02.12 03:41:26.040,9.6807,9.68946,1.00,1.50
2016.02.12 03:41:26.141,9.67994,9.68946,2.20,1.50
2016.02.12 03:41:26.243,9.68024,9.68946,1.00,1.50
2016.02.12 03:41:26.654,9.68024,9.68956,1.00,1.00
2016.02.12 03:41:26.821,9.68024,9.68946,1.00,1.00
2016.02.12 03:41:26.873,9.67995,9.68946,1.35,1.00
2016.02.12 03:41:27.287,9.68009,9.68903,1.00,1.00
2016.02.12 03:41:27.453,9.68034,9.68946,1.54,1.00
2016.02.12 03:41:27.656,9.68005,9.68946,1.44,1.50
2016.02.12 03:41:27.859,9.68005,9.68946,1.50,1.50
2016.02.12 03:41:28.085,9.67994,9.68946,1.72,1.50
2016.02.12 03:41:28.187,9.67994,9.68956,1.72,2.25
2016.02.12 03:41:28.504,9.68004,9.68899,1.00,1.00
2016.02.12 03:41:28.606,9.68005,9.68956,1.25,1.50
2016.02.12 03:41:28.707,9.68054,9.68956,1.00,1.50
2016.02.12 03:41:28.964,9.68025,9.68956,1.02,1.50
2016.02.12 03:41:29.166,9.68005,9.68966,1.05,1.50
2016.02.12 03:41:29.268,9.68005,9.68956,1.31,1.00
2016.02.12 03:41:29.424,9.67994,9.68956,1.72,1.50
2016.02.12 03:41:29.475,9.68004,9.68956,1.00,1.50
2016.02.12 03:41:30.091,9.68043,9.68938,1.00,1.00
2016.02.12 03:41:30.417,9.67994,9.68966,2.25,1.50
2016.02.12 03:41:30.624,9.68005,9.68956,1.83,1.00
2016.02.12 03:41:30.784,9.68005,9.68956,1.44,2.25
2016.02.12 03:41:30.885,9.68004,9.68937,1.27,1.00
2016.02.12 03:41:31.114,9.67994,9.68926,1.50,1.00
2016.02.12 03:41:31.215,9.67994,9.68936,1.50,1.00
2016.02.12 03:41:31.317,9.68027,9.68922,1.00,1.00
2016.02.12 03:41:31.425,9.67994,9.68956,2.25,3.00
2016.02.12 03:41:31.526,9.68014,9.68956,1.00,1.50
2016.02.12 03:41:31.628,9.67994,9.68946,1.72,1.00
2016.02.12 03:41:31.729,9.67994,9.68926,1.50,1.00
2016.02.12 03:41:32.244,9.67994,9.68927,1.50,1.00
2016.02.12 03:41:32.567,9.68019,9.68916,1.00,1.00
2016.02.12 03:41:32.719,9.68057,9.68956,1.00,1.00
2016.02.12 03:41:33.052,9.68174,9.68886,1.50,1.50
2016.02.12 03:41:36.396,9.67984,9.68956,1.50,3.00
2016.02.12 03:41:36.447,9.68025,9.68956,1.27,2.25
2016.02.12 03:41:36.751,9.67975,9.68927,2.06,1.00
2016.02.12 03:41:36.853,9.67974,9.68916,1.72,1.00
2016.02.12 03:41:37.027,9.67974,9.68896,1.50,1.00
2016.02.12 03:41:37.142,9.67974,9.68906,1.50,1.00
2016.02.12 03:41:37.308,9.6798,9.68874,1.00,1.00
2016.02.12 03:41:37.612,9.68064,9.68776,1.50,1.50
2016.02.12 03:41:38.552,9.67974,9.68936,1.72,1.00
2016.02.12 03:41:38.654,9.68024,9.68919,1.00,1.00
2016.02.12 03:41:38.932,9.68014,9.68956,1.00,1.50
2016.02.12 03:41:39.185,9.68024,9.68956,1.00,1.50
2016.02.12 03:41:39.554,9.68154,9.68866,1.50,1.50
2016.02.12 03:41:41.541,9.67974,9.68926,1.50,1.00
2016.02.12 03:41:41.592,9.68039,9.68945,1.00,1.00
2016.02.12 03:41:41.693,9.67995,9.68946,1.31,1.50
2016.02.12 03:41:41.795,9.68041,9.68936,1.00,1.00
2016.02.12 03:41:41.896,9.68013,9.68945,1.00,1.00
2016.02.12 03:41:42.099,9.68018,9.68945,1.00,1.00
2016.02.12 03:41:42.534,9.68164,9.68876,1.50,1.50
2016.02.12 03:41:45.835,9.68094,9.68806,1.50,1.50
2016.02.12 03:42:01.689,9.67925,9.68896,1.68,1.00
2016.02.12 03:42:02.552,9.67982,9.68878,1.00,1.00
2016.02.12 03:42:02.856,9.68074,9.68786,1.50,1.50
2016.02.12 03:42:07.384,9.67915,9.68881,1.95,1.00
2016.02.12 03:42:07.892,9.67925,9.68882,1.52,1.00
2016.02.12 03:42:07.994,9.67953,9.68882,1.00,1.00
2016.02.12 03:42:08.308,9.67945,9.68881,1.52,1.00
2016.02.12 03:42:08.617,9.68084,9.68796,1.50,1.50
2016.02.12 03:42:35.671,9.6795,9.68886,1.00,1.00
2016.02.12 03:42:35.722,9.6799,9.68881,1.00,1.00
2016.02.12 03:42:35.823,9.67965,9.68881,1.25,1.00
2016.02.12 03:42:35.925,9.67945,9.68881,2.27,1.00
2016.02.12 03:42:36.127,9.67928,9.68881,1.26,1.00
2016.02.12 03:42:36.638,9.68074,9.68786,1.50,1.50
2016.02.12 03:42:37.737,9.6795,9.68876,1.00,1.00
2016.02.12 03:42:37.940,9.67957,9.68852,1.00,1.00
2016.02.12 03:42:38.245,9.67984,9.68916,1.00,1.50
2016.02.12 03:42:38.296,9.67984,9.68881,1.00,1.00
2016.02.12 03:42:38.450,9.67935,9.68876,1.33,1.00
2016.02.12 03:42:38.552,9.67963,9.68858,1.00,1.00
2016.02.12 03:42:38.914,9.68054,9.68766,1.50,1.50
2016.02.12 03:42:48.604,9.68054,9.68746,1.50,1.00
2016.02.12 03:42:48.768,9.67984,9.68696,1.50,1.50
2016.02.12 03:42:50.755,9.68054,9.68626,1.50,1.50
2016.02.12 03:42:55.677,9.67974,9.68686,1.50,1.50
2016.02.12 03:42:56.814,9.68054,9.68626,1.50,1.50
2016.02.12 03:43:00.727,9.67974,9.68686,1.50,1.50
2016.02.12 03:43:01.744,9.68053,9.68627,1.50,1.50
2016.02.12 03:43:02.706,9.67974,9.68686,1.50,1.50
2016.02.12 03:43:03.740,9.68054,9.68626,1.50,1.50
2016.02.12 03:43:05.673,9.67974,9.68686,1.50,1.50
2016.02.12 03:43:06.771,9.68054,9.68626,1.50,1.50
2016.02.12 03:43:09.758,9.67974,9.68686,1.50,1.50
2016.02.12 03:43:10.765,9.68054,9.68626,1.50,1.50
2016.02.12 03:43:17.776,9.67974,9.68686,1.50,1.50
2016.02.12 03:43:18.787,9.68054,9.68626,1.50,1.50
2016.02.12 03:43:27.192,9.68102,9.68626,1.00,1.50
2016.02.12 03:43:27.243,9.68114,9.68826,1.50,1.50
2016.02.12 03:43:30.125,9.68044,9.68756,1.50,1.50
2016.02.12 03:43:31.268,9.68045,9.68756,1.88,1.50
2016.02.12 03:43:31.471,9.68044,9.68756,1.50,1.50
2016.02.12 03:43:38.693,9.68071,9.68756,1.00,1.50
2016.02.12 03:43:38.997,9.68045,9.68756,1.43,1.50
2016.02.12 03:43:39.098,9.68044,9.68756,1.50,1.50
2016.02.12 03:43:49.117,9.68076,9.68756,1.00,1.50
2016.02.12 03:43:49.322,9.68044,9.68756,1.72,1.50
2016.02.12 03:43:49.845,9.68044,9.68756,1.50,1.50
2016.02.12 03:43:50.149,9.6806,9.68756,1.00,1.50
2016.02.12 03:43:50.251,9.68045,9.68756,1.00,1.50
2016.02.12 03:43:50.352,9.6805,9.68756,1.00,1.50
2016.02.12 03:43:50.454,9.68044,9.68756,1.50,1.50
2016.02.12 03:44:30.116,9.67955,9.68797,1.42,1.00
2016.02.12 03:44:31.159,9.67964,9.68797,1.19,1.00
2016.02.12 03:44:31.719,9.67965,9.68797,1.42,1.00
2016.02.12 03:44:32.022,9.67965,9.68797,1.17,1.75
2016.02.12 03:44:34.919,9.67964,9.68797,1.26,1.75
2016.02.12 03:44:38.005,9.67955,9.68797,1.51,1.75
2016.02.12 03:44:39.758,9.67964,9.68797,1.01,1.75
2016.02.12 03:44:41.219,9.67965,9.68797,1.06,1.75
2016.02.12 03:45:05.552,9.67964,9.68797,1.44,1.75
2016.02.12 03:45:07.647,9.68004,9.68776,1.00,1.75
2016.02.12 03:45:07.749,9.67995,9.68736,1.63,1.00
2016.02.12 03:45:07.799,9.68134,9.68736,1.50,1.00
2016.02.12 03:45:08.103,9.68134,9.68685,1.50,1.00
2016.02.12 03:45:08.509,9.68134,9.68685,1.50,1.37
2016.02.12 03:45:08.765,9.68063,9.68637,1.50,1.50
2016.02.12 03:46:08.777,9.67951,9.68676,1.61,1.00
2016.02.12 03:46:19.185,9.67951,9.68666,1.61,1.00
2016.02.12 03:46:28.109,9.67951,9.68666,1.61,1.07
2016.02.12 03:46:40.477,9.67951,9.68646,1.61,1.00
2016.02.12 03:46:40.862,9.67924,9.68685,1.50,1.37
2016.02.12 03:46:40.914,9.67924,9.68685,1.50,1.75
2016.02.12 03:46:41.218,9.67954,9.68666,1.50,1.87
2016.02.12 03:46:44.175,9.67954,9.68666,1.50,2.25
2016.02.12 03:46:45.927,9.67884,9.68596,1.50,1.87
2016.02.12 03:46:47.169,9.67884,9.68596,1.50,1.87
2016.02.12 03:46:58.699,9.67884,9.68596,1.50,2.25
2016.02.12 03:46:58.901,9.67684,9.68579,2.32,1.75
2016.02.12 03:46:59.269,9.67705,9.68646,1.83,1.75
2016.02.12 03:46:59.371,9.67684,9.68636,1.80,1.75
2016.02.12 03:46:59.849,9.67713,9.68607,1.00,1.75
2016.02.12 03:46:59.951,9.67684,9.68646,2.32,1.75
2016.02.12 03:47:00.255,9.67721,9.68666,1.00,1.75
2016.02.12 03:47:00.559,9.67734,9.68675,1.00,1.75
2016.02.12 03:47:00.761,9.67714,9.68675,1.39,1.75
2016.02.12 03:47:00.964,9.67834,9.68546,1.50,1.87
2016.02.12 03:47:02.115,9.67834,9.68546,1.50,2.25
2016.02.12 03:47:02.421,9.67664,9.68616,1.87,1.75
2016.02.12 03:47:03.110,9.67704,9.68598,1.00,1.75
2016.02.12 03:47:03.211,9.67677,9.6863,1.18,1.75
2016.02.12 03:47:03.419,9.67814,9.68526,1.50,2.25
2016.02.12 03:47:04.412,9.67694,9.68644,1.07,1.75
2016.02.12 03:47:04.971,9.67674,9.68606,1.87,1.75
2016.02.12 03:47:05.314,9.67733,9.68628,1.00,1.75
2016.02.12 03:47:05.415,9.67704,9.6863,1.57,1.75
2016.02.12 03:47:06.445,9.67834,9.68546,1.50,1.87
2016.02.12 03:47:09.804,9.67834,9.68546,1.50,2.25
2016.02.12 03:47:10.361,9.67834,9.68546,1.50,1.87
2016.02.12 03:47:11.596,9.67834,9.68546,1.50,2.25
2016.02.12 03:47:12.478,9.67834,9.68546,1.50,1.87
2016.02.12 03:47:12.681,9.67834,9.68546,1.50,1.87
2016.02.12 03:47:13.252,9.67834,9.68546,1.50,2.25
2016.02.12 03:47:14.097,9.67834,9.68546,1.50,1.87
2016.02.12 03:47:14.452,9.67834,9.68546,1.50,2.25
2016.02.12 03:47:14.987,9.67834,9.68546,1.50,2.25
2016.02.12 03:47:16.393,9.67744,9.68456,1.50,1.57
2016.02.12 03:47:16.595,9.67614,9.68536,2.25,1.75
2016.02.12 03:47:16.697,9.67714,9.68586,1.00,1.75
2016.02.12 03:47:16.900,9.67694,9.68586,2.46,1.75
2016.02.12 03:47:17.002,9.67694,9.68536,1.50,1.75
2016.02.12 03:47:17.817,9.67804,9.68516,1.50,2.25
2016.02.12 03:47:19.625,9.67804,9.68516,1.50,2.25
2016.02.12 03:47:19.929,9.67804,9.68516,1.50,2.25
2016.02.12 03:47:20.113,9.67604,9.68546,1.50,1.75
2016.02.12 03:47:20.629,9.67623,9.68546,1.00,1.75
2016.02.12 03:47:20.832,9.67604,9.68526,1.50,1.75
2016.02.12 03:47:21.506,9.67614,9.68566,1.00,1.75
2016.02.12 03:47:21.809,9.67654,9.68556,1.37,1.75
2016.02.12 03:47:22.012,9.67666,9.68556,1.07,1.75
2016.02.12 03:47:22.076,9.67804,9.68516,1.50,1.87
2016.02.12 03:47:22.406,9.67804,9.68516,1.50,2.25
2016.02.12 03:47:22.459,9.67604,9.68557,2.47,1.75
2016.02.12 03:47:23.417,9.67694,9.68576,1.00,1.75
2016.02.12 03:47:23.570,9.67714,9.68576,1.00,1.75
2016.02.12 03:47:23.620,9.67645,9.68576,1.61,1.75
2016.02.12 03:47:24.323,9.67684,9.68576,1.10,1.75
2016.02.12 03:47:24.744,9.67719,9.68576,1.00,1.75
2016.02.12 03:47:24.795,9.67719,9.68576,1.00,1.75
2016.02.12 03:47:24.846,9.67734,9.68576,1.00,1.75
2016.02.12 03:47:25.150,9.67735,9.68576,1.25,1.75
2016.02.12 03:47:25.201,9.67735,9.68576,1.25,1.37
2016.02.12 03:47:25.252,9.67686,9.68577,1.39,1.37
2016.02.12 03:47:25.454,9.67834,9.68546,1.50,2.25
2016.02.12 03:47:25.606,9.67657,9.68576,1.82,1.75
2016.02.12 03:47:26.946,9.67692,9.68566,1.00,1.75
2016.02.12 03:47:27.048,9.67675,9.68566,1.38,1.75
2016.02.12 03:47:27.403,9.67655,9.68616,2.49,1.75
2016.02.12 03:47:27.996,9.67709,9.68566,1.00,1.75
2016.02.12 03:47:28.047,9.67662,9.68566,1.29,1.75
2016.02.12 03:47:28.461,9.67675,9.68576,2.06,1.75
2016.02.12 03:47:28.769,9.67824,9.68536,1.50,1.87
2016.02.12 03:47:28.997,9.67824,9.68536,1.50,1.87
2016.02.12 03:47:29.313,9.67824,9.68536,1.50,1.50
2016.02.12 03:47:29.819,9.67824,9.68536,1.50,1.87
2016.02.12 03:47:30.197,9.67824,9.68536,1.50,2.25
2016.02.12 03:47:31.161,9.67824,9.68536,1.50,1.57
2016.02.12 03:47:31.941,9.67824,9.68536,1.50,2.25
2016.02.12 03:47:33.081,9.67754,9.68466,1.50,1.57
2016.02.12 03:47:33.681,9.67754,9.68466,1.50,2.25
2016.02.12 03:47:34.036,9.67754,9.68466,1.50,1.57
2016.02.12 03:47:34.674,9.67754,9.68466,1.50,2.25
2016.02.12 03:47:34.776,9.67684,9.68396,1.50,1.57
2016.02.12 03:47:35.561,9.67684,9.68396,1.57,1.50
2016.02.12 03:47:40.619,9.67684,9.68396,1.50,1.57
2016.02.12 03:47:43.930,9.67684,9.68396,1.50,1.87
2016.02.12 03:47:44.676,9.67684,9.68396,1.50,1.57
2016.02.12 03:47:54.457,9.67684,9.68396,1.87,1.57
2016.02.12 03:47:54.897,9.67684,9.68376,1.50,1.07
2016.02.12 03:47:55.901,9.67684,9.68396,1.57,1.87
2016.02.12 03:47:56.276,9.67684,9.68376,1.50,1.07
2016.02.12 03:47:58.197,9.67684,9.68396,1.57,1.57
2016.02.12 03:47:58.417,9.67684,9.68386,1.50,1.07
2016.02.12 03:47:58.696,9.67684,9.68386,1.50,1.00
2016.02.12 03:48:00.012,9.67684,9.68387,1.50,1.00
2016.02.12 03:48:00.515,9.67684,9.68396,1.50,1.50
2016.02.12 03:48:00.668,9.67684,9.68396,2.25,1.50
2016.02.12 03:48:00.952,9.67684,9.68396,1.57,1.50
2016.02.12 03:48:01.169,9.67684,9.68396,1.50,1.50
2016.02.12 03:48:11.428,9.67684,9.68396,1.57,1.50
2016.02.12 03:48:11.738,9.67684,9.68396,1.50,1.50
2016.02.12 03:48:14.937,9.67684,9.68396,1.57,1.50
2016.02.12 03:48:15.178,9.67684,9.68396,1.50,1.50
2016.02.12 03:48:19.457,9.67684,9.68396,1.57,1.50
2016.02.12 03:48:19.596,9.67684,9.68396,1.50,1.50
2016.02.12 03:48:20.587,9.67684,9.68396,1.57,1.50
2016.02.12 03:48:20.902,9.67684,9.68396,1.50,1.50
2016.02.12 03:48:22.880,9.67684,9.68396,1.57,1.50
2016.02.12 03:48:23.143,9.67684,9.68396,1.50,1.50
2016.02.12 03:48:24.088,9.67684,9.68396,1.57,1.50
2016.02.12 03:48:24.326,9.67684,9.68396,1.50,1.50
2016.02.12 03:48:29.597,9.67684,9.68396,1.57,1.50
2016.02.12 03:48:29.843,9.67684,9.68396,1.50,1.50
2016.02.12 03:48:31.917,9.67684,9.68396,1.57,1.50
2016.02.12 03:48:32.119,9.67684,9.68396,1.50,1.50
2016.02.12 03:48:33.109,9.67684,9.68396,1.57,1.50
2016.02.12 03:48:33.356,9.67684,9.68396,1.50,1.50
2016.02.12 03:48:34.813,9.67586,9.68417,1.37,1.00
2016.02.12 03:48:36.876,9.6758,9.68426,1.37,1.07
2016.02.12 03:48:39.766,9.67566,9.68416,1.87,1.00
2016.02.12 03:48:40.688,9.67584,9.68436,1.37,1.07
2016.02.12 03:48:40.827,9.67584,9.68436,1.75,1.07
2016.02.12 03:48:41.182,9.67565,9.68426,1.37,1.07
2016.02.12 03:48:44.152,9.67564,9.68426,1.75,1.00
2016.02.12 03:48:44.203,9.67566,9.68444,1.75,1.00
2016.02.12 03:48:44.354,9.67566,9.68444,1.75,1.00
2016.02.12 03:48:44.691,9.67566,9.68436,1.37,1.07
2016.02.12 03:48:45.402,9.67579,9.68416,1.37,1.00
2016.02.12 03:48:45.904,9.67579,9.68417,1.37,1.00
2016.02.12 03:48:47.690,9.67564,9.68396,1.37,1.00
2016.02.12 03:48:48.022,9.67566,9.68386,1.37,1.00
2016.02.12 03:48:48.609,9.6758,9.68396,1.37,1.00
2016.02.12 03:48:48.865,9.6758,9.68396,1.75,1.00
2016.02.12 03:48:48.917,9.6758,9.68436,1.75,1.07
2016.02.12 03:48:49.128,9.6757,9.68386,1.37,1.00
2016.02.12 03:48:49.897,9.6758,9.68406,1.37,1.07
2016.02.12 03:48:50.275,9.67598,9.68444,1.75,1.00
2016.02.12 03:48:50.376,9.67598,9.68444,1.75,1.00
2016.02.12 03:48:50.630,9.67557,9.68416,2.41,1.07
2016.02.12 03:48:52.917,9.67596,9.68444,1.75,1.07
2016.02.12 03:48:53.139,9.67596,9.68416,1.07,1.00
2016.02.12 03:48:54.638,9.67557,9.68426,1.31,1.07
2016.02.12 03:48:58.629,9.67589,9.68444,1.75,1.07
2016.02.12 03:48:58.890,9.67557,9.68444,1.82,1.07
2016.02.12 03:49:02.176,9.67569,9.68444,1.75,1.00
2016.02.12 03:49:02.379,9.6758,9.68444,1.75,1.00
2016.02.12 03:49:02.585,9.67557,9.68444,1.95,1.07
2016.02.12 03:49:03.618,9.67596,9.68445,1.75,1.07
2016.02.12 03:49:03.956,9.6758,9.68445,1.37,1.07
2016.02.12 03:49:08.132,9.67579,9.68445,1.75,1.00
2016.02.12 03:49:08.336,9.6758,9.68444,1.75,1.00
2016.02.12 03:49:08.648,9.67557,9.68444,1.67,1.07
2016.02.12 03:49:09.657,9.67596,9.68444,1.75,1.07
2016.02.12 03:49:09.862,9.67579,9.68444,1.37,1.07
2016.02.12 03:49:18.145,9.67596,9.68444,1.75,1.00
2016.02.12 03:49:18.335,9.67596,9.68444,1.75,1.10
2016.02.12 03:49:18.661,9.67557,9.68444,1.70,1.07
2016.02.12 03:49:19.650,9.67579,9.68444,1.75,1.07
2016.02.12 03:49:19.874,9.67579,9.68444,1.37,1.07
2016.02.12 03:49:20.703,9.67557,9.68415,1.31,1.00
2016.02.12 03:49:21.205,9.6758,9.68416,1.37,1.00
2016.02.12 03:49:22.002,9.6758,9.68415,1.37,1.00
2016.02.12 03:49:23.306,9.67557,9.68377,1.70,1.00
2016.02.12 03:49:23.610,9.67594,9.68306,1.87,1.50
2016.02.12 03:49:24.505,9.67684,9.68256,1.50,1.50
2016.02.12 03:49:26.530,9.67603,9.68317,1.57,1.50
2016.02.12 03:49:27.043,9.67603,9.68316,1.57,1.00
2016.02.12 03:49:27.481,9.67684,9.68256,1.50,1.50
2016.02.12 03:49:40.454,9.67604,9.68296,1.57,1.00
2016.02.12 03:49:42.467,9.67684,9.68256,1.50,1.50
2016.02.12 03:49:58.135,9.67684,9.68256,1.50,1.87
2016.02.12 03:49:59.483,9.67603,9.68306,1.50,1.75
2016.02.12 03:50:00.474,9.67683,9.68257,1.50,1.87
2016.02.12 03:50:02.503,9.67604,9.68316,1.50,3.00
2016.02.12 03:50:03.445,9.67684,9.68256,1.50,1.87
2016.02.12 03:50:04.575,9.67594,9.68306,1.57,2.25
2016.02.12 03:50:05.545,9.67684,9.68256,1.50,1.87
2016.02.12 03:50:09.496,9.67604,9.68297,1.50,1.75
2016.02.12 03:50:10.534,9.67684,9.68256,1.50,1.87
2016.02.12 03:50:12.492,9.67603,9.68296,1.50,1.75
2016.02.12 03:50:13.540,9.67684,9.68256,1.50,1.87
2016.02.12 03:50:14.585,9.67604,9.68296,1.50,1.75
2016.02.12 03:50:15.634,9.67684,9.68256,1.50,1.87
2016.02.12 03:50:22.485,9.67604,9.68276,1.50,1.75
2016.02.12 03:50:23.616,9.67693,9.68267,1.50,2.25
2016.02.12 03:50:24.613,9.67604,9.68276,1.50,1.75
2016.02.12 03:50:25.593,9.67694,9.68266,1.50,2.25
2016.02.12 03:50:28.558,9.67604,9.68276,1.50,1.75
2016.02.12 03:50:29.558,9.67694,9.68266,1.50,2.25
2016.02.12 03:50:30.517,9.67604,9.68276,1.50,1.75
2016.02.12 03:50:33.476,9.67694,9.68266,1.50,2.25
2016.02.12 03:50:34.579,9.67604,9.68276,1.50,1.75
2016.02.12 03:50:35.569,9.67694,9.68266,1.50,2.25
2016.02.12 03:50:36.559,9.67604,9.68276,1.50,1.75
2016.02.12 03:50:37.550,9.67694,9.68266,1.50,2.25
2016.02.12 03:50:39.552,9.67603,9.68276,1.50,1.75
2016.02.12 03:50:40.558,9.67693,9.68267,1.50,2.25
2016.02.12 03:50:42.575,9.67604,9.68276,1.50,1.75
2016.02.12 03:50:46.564,9.67694,9.68266,1.50,2.25
2016.02.12 03:50:47.562,9.67604,9.68276,1.50,1.75
2016.02.12 03:50:48.567,9.67694,9.68266,1.50,2.25
2016.02.12 03:50:54.526,9.67604,9.68286,1.50,1.75
2016.02.12 03:50:55.517,9.67694,9.68266,1.50,2.25
2016.02.12 03:51:00.602,9.67604,9.68276,1.50,1.75
2016.02.12 03:51:02.554,9.67694,9.68266,1.50,2.25
2016.02.12 03:51:04.534,9.67604,9.68276,1.50,1.75
2016.02.12 03:51:06.625,9.67694,9.68266,1.50,3.00
2016.02.12 03:51:10.585,9.67604,9.68256,1.50,1.37
2016.02.12 03:51:11.612,9.67694,9.68256,1.50,1.37
2016.02.12 03:51:15.559,9.67594,9.68236,1.57,1.12
2016.02.12 03:51:17.666,9.67694,9.68246,1.50,1.37
2016.02.12 03:51:19.726,9.67604,9.68256,1.50,1.37
2016.02.12 03:51:21.584,9.67694,9.68256,1.50,1.37
2016.02.12 03:51:22.585,9.67604,9.68266,1.50,1.50
2016.02.12 03:51:27.524,9.67694,9.68256,1.50,1.37
2016.02.12 03:51:30.617,9.67604,9.68256,1.50,1.37
2016.02.12 03:51:31.613,9.67694,9.68256,1.50,1.37
2016.02.12 03:51:34.564,9.67604,9.68256,1.50,1.37
2016.02.12 03:51:37.545,9.67694,9.68236,1.50,1.12
2016.02.12 03:51:40.621,9.67594,9.68236,1.57,1.12
2016.02.12 03:51:41.713,9.67694,9.68236,1.50,1.12
2016.02.12 03:51:47.545,9.67604,9.68227,1.50,1.07
2016.02.12 03:51:48.550,9.67694,9.68227,1.50,1.07
2016.02.12 03:51:49.645,9.67604,9.68227,1.50,1.07
2016.02.12 03:51:50.722,9.67694,9.68227,1.50,1.07
2016.02.12 03:51:52.625,9.67603,9.68227,1.50,1.07
2016.02.12 03:51:53.620,9.67694,9.68227,1.50,1.07
2016.02.12 03:51:57.584,9.67694,9.68246,1.50,1.00
2016.02.12 03:51:58.162,9.67694,9.68236,1.50,1.00
2016.02.12 03:52:01.623,9.67603,9.68236,1.50,1.00
2016.02.12 03:52:02.613,9.67694,9.68236,1.50,1.00
2016.02.12 03:52:03.637,9.67604,9.68236,1.50,1.00
2016.02.12 03:52:04.625,9.67694,9.68236,1.50,1.00
2016.02.12 03:52:05.622,9.67604,9.68236,1.50,1.00
2016.02.12 03:52:06.612,9.67694,9.68236,1.50,1.00
2016.02.12 03:52:08.263,9.67694,9.68246,1.50,1.00
2016.02.12 03:52:10.748,9.67694,9.68236,1.50,1.00
2016.02.12 03:52:11.185,9.67694,9.68246,1.50,1.00
2016.02.12 03:52:14.637,9.67604,9.68246,1.50,1.00
2016.02.12 03:52:15.593,9.67694,9.68246,1.50,1.00
2016.02.12 03:52:16.265,9.67694,9.68256,1.50,1.00
2016.02.12 03:52:16.673,9.67604,9.68256,1.50,1.00
2016.02.12 03:52:16.876,9.67604,9.68266,1.50,1.07
2016.02.12 03:52:17.506,9.67604,9.68256,1.50,1.00
2016.02.12 03:52:17.883,9.67693,9.68256,1.50,1.00
2016.02.12 03:52:17.985,9.67693,9.68266,1.50,1.07
2016.02.12 03:52:18.723,9.67604,9.68266,1.50,1.07
2016.02.12 03:52:19.680,9.67694,9.68266,1.50,2.32
2016.02.12 03:52:22.633,9.67603,9.68266,1.50,1.07
2016.02.12 03:52:24.613,9.67694,9.68266,1.50,2.32
2016.02.12 03:52:26.713,9.67694,9.68256,1.50,1.00
2016.02.12 03:52:27.617,9.67604,9.68256,1.50,1.00
2016.02.12 03:52:30.779,9.67694,9.68256,1.50,1.00
2016.02.12 03:52:32.775,9.67644,9.68256,1.50,1.00
2016.02.12 03:52:32.927,9.67644,9.68276,1.50,1.00
2016.02.12 03:52:33.139,9.6771,9.68356,1.00,1.87
2016.02.12 03:52:33.242,9.67734,9.68446,1.50,1.57
2016.02.12 03:52:33.428,9.67734,9.68406,1.50,1.07
2016.02.12 03:52:33.792,9.67734,9.68406,1.50,1.75
2016.02.12 03:52:34.198,9.67734,9.68426,1.50,1.37
2016.02.12 03:52:34.424,9.67734,9.68446,1.50,1.50
2016.02.12 03:52:34.617,9.67734,9.68446,1.87,1.50
2016.02.12 03:52:34.921,9.67734,9.68446,1.50,1.87
2016.02.12 03:52:35.230,9.67734,9.68446,1.50,2.25
2016.02.12 03:52:37.734,9.67734,9.68446,1.50,1.87
2016.02.12 03:52:37.944,9.67734,9.68446,1.57,1.50
2016.02.12 03:52:38.147,9.67734,9.68446,1.50,1.87
2016.02.12 03:52:38.459,9.67734,9.68446,1.50,3.00
2016.02.12 03:52:39.162,9.67734,9.68445,1.50,1.75
2016.02.12 03:52:39.719,9.67734,9.68446,1.50,3.00
2016.02.12 03:52:40.919,9.67734,9.68446,1.50,3.00
2016.02.12 03:52:41.485,9.67734,9.68446,1.50,3.00
2016.02.12 03:52:43.217,9.67734,9.68446,1.50,3.00
2016.02.12 03:52:43.674,9.67734,9.68446,1.50,3.00
2016.02.12 03:52:49.630,9.67654,9.68366,1.50,1.57
2016.02.12 03:52:52.901,9.67654,9.68366,1.87,1.50
2016.02.12 03:52:53.436,9.67654,9.68366,1.50,1.87
2016.02.12 03:52:59.943,9.67654,9.68366,2.25,1.50
2016.02.12 03:53:00.146,9.67654,9.68366,1.87,1.57
2016.02.12 03:53:00.400,9.67654,9.68366,1.50,1.57
2016.02.12 03:53:02.158,9.67654,9.68366,1.87,1.57
2016.02.12 03:53:02.461,9.67654,9.68366,1.50,1.87
2016.02.12 03:53:10.420,9.67654,9.68366,2.10,1.50
2016.02.12 03:53:11.366,9.67654,9.68366,1.87,1.50
2016.02.12 03:53:11.724,9.67654,9.68366,1.87,1.50
2016.02.12 03:53:11.978,9.67654,9.68354,1.87,1.07
2016.02.12 03:53:12.251,9.67654,9.68354,1.87,1.18
2016.02.12 03:53:12.775,9.67654,9.68355,1.87,1.18
2016.02.12 03:53:13.283,9.67654,9.68354,1.87,1.52
2016.02.12 03:53:13.838,9.67654,9.68355,1.87,1.29
2016.02.12 03:53:14.443,9.67654,9.68354,1.87,1.11
2016.02.12 03:53:16.631,9.67654,9.68366,1.87,2.09
2016.02.12 03:53:16.936,9.67654,9.68366,1.87,1.57
2016.02.12 03:53:17.138,9.67654,9.68324,1.87,1.38
2016.02.12 03:53:18.612,9.67654,9.68325,1.87,1.12
2016.02.12 03:53:19.441,9.67654,9.68324,1.87,1.33
2016.02.12 03:53:22.668,9.67654,9.68366,1.87,1.57
2016.02.12 03:53:22.835,9.67654,9.68295,1.87,1.23
2016.02.12 03:53:26.769,9.67654,9.68296,1.87,1.03
2016.02.12 03:53:26.993,9.67654,9.68366,1.87,1.57
2016.02.12 03:53:27.095,9.67654,9.68366,1.57,1.50
2016.02.12 03:53:27.196,9.67654,9.68249,1.57,1.29
2016.02.12 03:53:34.066,9.67654,9.68366,1.57,1.57
2016.02.12 03:53:34.269,9.67654,9.68228,1.57,1.06
2016.02.12 03:53:36.090,9.67654,9.68229,1.57,1.06
2016.02.12 03:53:36.628,9.67654,9.68366,1.57,2.33
2016.02.12 03:53:42.416,9.67654,9.68366,1.57,2.27
2016.02.12 03:53:43.016,9.67654,9.68366,1.57,2.34
2016.02.12 03:53:43.526,9.67654,9.68366,1.57,2.32
2016.02.12 03:53:44.221,9.67654,9.68366,1.57,2.35
2016.02.12 03:53:44.724,9.67654,9.68366,1.57,2.41
2016.02.12 03:53:45.263,9.67654,9.68366,1.57,2.33
2016.02.12 03:53:47.092,9.67654,9.68366,1.57,2.16
2016.02.12 03:53:47.637,9.67654,9.68366,1.57,2.22
2016.02.12 03:53:50.107,9.67584,9.68506,1.37,1.75
2016.02.12 03:53:50.310,9.67554,9.6819,2.39,1.23
2016.02.12 03:53:50.842,9.67609,9.68189,1.37,1.23
2016.02.12 03:53:53.842,9.67586,9.68099,1.37,1.00
2016.02.12 03:53:53.944,9.67614,9.68186,1.50,2.23
2016.02.12 03:53:54.046,9.67604,9.68316,1.50,1.87
2016.02.12 03:53:54.199,9.67604,9.68104,1.87,1.25
2016.02.12 03:53:54.533,9.67604,9.68104,1.87,1.39
2016.02.12 03:53:55.160,9.67604,9.68104,1.87,1.25
2016.02.12 03:53:55.325,9.67604,9.68316,1.87,1.50
2016.02.12 03:53:55.802,9.67465,9.68436,2.20,1.75
2016.02.12 03:53:55.853,9.67465,9.68436,2.20,1.75
2016.02.12 03:53:59.458,9.67624,9.68336,1.50,2.25
2016.02.12 03:53:59.669,9.67624,9.68336,2.25,1.50
2016.02.12 03:53:59.872,9.67624,9.68336,1.57,2.25
2016.02.12 03:54:00.864,9.67624,9.68336,2.25,1.50
2016.02.12 03:54:01.192,9.67455,9.68416,1.59,1.75
2016.02.12 03:54:01.452,9.67464,9.68416,1.75,1.75
2016.02.12 03:54:09.492,9.67624,9.68336,1.57,2.25
2016.02.12 03:54:23.309,9.67624,9.68336,1.57,2.25
2016.02.12 03:54:31.482,9.67624,9.68336,1.57,2.25
2016.02.12 03:55:04.201,9.67624,9.68336,1.57,2.25
2016.02.12 03:55:13.642,9.67624,9.68196,1.57,1.00
2016.02.12 03:55:13.946,9.67624,9.68136,1.50,1.00
2016.02.12 03:55:14.163,9.67544,9.68136,1.57,1.00
2016.02.12 03:55:22.787,9.6756,9.68136,1.00,1.00
2016.02.12 03:55:22.889,9.6756,9.68146,1.00,1.00
2016.02.12 03:55:22.991,9.67544,9.68146,1.57,1.00
2016.02.12 03:55:23.328,9.67544,9.68146,1.57,1.07
2016.02.12 03:55:23.632,9.67544,9.68136,1.57,1.00
2016.02.12 03:55:24.697,9.67544,9.68146,1.57,1.07
2016.02.12 03:55:42.035,9.67544,9.68196,2.25,1.75
2016.02.12 03:55:42.360,9.67544,9.68186,2.25,1.07
2016.02.12 03:55:45.071,9.67544,9.68177,2.25,1.00
2016.02.12 03:55:45.404,9.67544,9.68186,2.25,1.07
2016.02.12 03:55:46.376,9.67544,9.68176,2.25,1.00
2016.02.12 03:55:46.802,9.67544,9.68186,2.25,1.07
2016.02.12 03:55:59.481,9.67544,9.68196,2.25,1.00
2016.02.12 03:56:11.596,9.67544,9.68206,2.25,1.00
2016.02.12 03:56:12.572,9.67544,9.68196,2.25,1.00
2016.02.12 03:56:12.802,9.67544,9.68206,2.25,1.00
2016.02.12 03:56:13.882,9.67544,9.68196,2.25,1.00
2016.02.12 03:56:14.121,9.67544,9.68206,2.25,1.00
2016.02.12 03:56:14.872,9.67533,9.68216,1.75,1.00
2016.02.12 03:56:16.129,9.67544,9.68206,1.75,1.00
2016.02.12 03:56:16.634,9.67544,9.68216,1.75,1.00
2016.02.12 03:56:18.313,9.67544,9.68206,1.75,1.00
2016.02.12 03:56:18.649,9.67544,9.68216,1.75,1.00
2016.02.12 03:56:21.404,9.67544,9.68206,1.75,1.00
2016.02.12 03:56:22.366,9.67534,9.68196,1.75,1.00
2016.02.12 03:56:27.319,9.67534,9.68186,1.75,1.00
2016.02.12 03:56:27.673,9.67524,9.68196,1.75,1.00
2016.02.12 03:56:35.331,9.67524,9.68206,1.75,1.00
2016.02.12 03:56:36.540,9.67524,9.68196,1.75,1.00
2016.02.12 03:56:36.913,9.67524,9.68206,1.75,1.00
2016.02.12 03:56:44.790,9.67604,9.68216,1.75,1.00
2016.02.12 03:56:58.341,9.67594,9.68206,1.75,1.00
2016.02.12 03:56:59.360,9.67604,9.68216,1.75,1.00
2016.02.12 03:57:09.879,9.67593,9.68207,1.75,1.00
2016.02.12 03:57:15.098,9.67604,9.68216,1.75,1.00
2016.02.12 03:57:16.050,9.67594,9.68206,1.75,1.00
2016.02.12 03:57:19.715,9.67583,9.68197,1.75,1.00
2016.02.12 03:57:22.060,9.67574,9.68186,1.75,1.00
2016.02.12 03:57:22.324,9.67584,9.68196,1.75,1.00
2016.02.12 03:57:23.311,9.67574,9.68186,1.75,1.00
2016.02.12 03:57:23.713,9.67564,9.68176,1.75,1.00
2016.02.12 03:57:27.122,9.67574,9.68186,1.75,1.00
2016.02.12 03:57:30.771,9.67564,9.68176,1.75,1.00
2016.02.12 03:57:32.314,9.67554,9.68166,1.75,1.00
2016.02.12 03:57:32.731,9.67544,9.68156,1.75,1.00
2016.02.12 03:57:34.143,9.67534,9.68146,1.75,1.00
2016.02.12 03:57:34.420,9.67544,9.68156,1.75,1.00
2016.02.12 03:57:40.546,9.67534,9.68146,1.75,1.00
2016.02.12 03:57:49.460,9.67523,9.68137,1.75,1.00
2016.02.12 03:57:56.316,9.67534,9.68146,1.75,1.00
2016.02.12 03:57:58.029,9.67524,9.68136,1.75,1.00
2016.02.12 03:58:00.884,9.67524,9.68136,1.75,1.00
2016.02.12 03:58:03.100,9.67514,9.68126,1.75,1.00
2016.02.12 03:58:03.353,9.67524,9.68136,1.75,1.00
2016.02.12 03:58:06.090,9.67534,9.68146,1.75,1.00
2016.02.12 03:58:09.178,9.67524,9.68136,1.75,1.00
2016.02.12 03:58:09.669,9.67514,9.68126,1.75,1.00
2016.02.12 03:58:19.943,9.67504,9.68116,1.75,1.00
2016.02.12 03:58:21.661,9.67494,9.68106,1.75,1.00
2016.02.12 03:58:46.783,9.67504,9.68116,1.75,1.00
2016.02.12 03:58:47.126,9.67514,9.68126,1.75,1.00
2016.02.12 03:58:47.328,9.67504,9.68116,1.75,1.00
2016.02.12 03:58:48.334,9.67514,9.68126,1.75,1.00
2016.02.12 03:58:49.088,9.67503,9.68117,1.75,1.00
2016.02.12 03:58:51.370,9.67493,9.68107,1.75,1.00
2016.02.12 03:58:52.826,9.67484,9.68096,1.75,1.00
2016.02.12 03:58:54.597,9.67484,9.68096,1.75,1.00
2016.02.12 03:58:55.768,9.67474,9.68086,1.75,1.00
2016.02.12 03:58:57.880,9.67464,9.68076,1.75,1.00
2016.02.12 03:58:58.127,9.67474,9.68086,1.75,1.00
2016.02.12 03:58:59.400,9.67464,9.68076,1.75,1.00
2016.02.12 03:58:59.882,9.67454,9.68066,1.75,1.00
2016.02.12 03:59:05.617,9.67464,9.68076,1.75,1.00
2016.02.12 03:59:07.274,9.67474,9.68086,1.75,1.00
2016.02.12 03:59:11.885,9.67484,9.68096,1.75,1.00
2016.02.12 03:59:14.957,9.67494,9.68106,1.75,1.00
2016.02.12 03:59:22.346,9.67484,9.68096,1.75,1.00
2016.02.12 03:59:22.986,9.67474,9.68086,1.75,1.00
2016.02.12 03:59:26.603,9.67474,9.68086,1.00,1.00
2016.02.12 03:59:27.247,9.67464,9.68076,1.00,1.00
2016.02.12 03:59:29.137,9.67474,9.68086,1.00,1.00
2016.02.12 03:59:29.337,9.67463,9.68077,1.00,1.00
2016.02.12 03:59:31.541,9.67474,9.68086,1.00,1.00
2016.02.12 03:59:32.088,9.67463,9.68077,1.00,1.00
2016.02.12 03:59:36.822,9.67474,9.68086,1.00,1.00
2016.02.12 03:59:37.127,9.67464,9.68076,1.00,1.00
2016.02.12 03:59:41.650,9.67474,9.68086,1.00,1.00
2016.02.12 03:59:41.998,9.67464,9.68076,1.00,1.00
2016.02.12 03:59:42.839,9.67474,9.68086,1.00,1.00
2016.02.12 03:59:43.305,9.67464,9.68076,1.00,1.00
2016.02.12 03:59:52.849,9.67474,9.68086,1.00,1.00
2016.02.12 03:59:53.257,9.67464,9.68076,1.00,1.00
2016.02.12 03:59:54.097,9.67473,9.68087,1.00,1.00
2016.02.12 03:59:54.646,9.67464,9.68076,1.00,1.00
