2013.09.18 12:00:00.070,7.89038,7.89246,2.25,1.50
2013.09.18 12:00:00.928,7.89038,7.89246,3.00,1.50
2013.09.18 12:00:01.159,7.89038,7.89246,1.50,1.50
2013.09.18 12:00:05.568,7.88995,7.89233,1.50,2.85
2013.09.18 12:00:05.689,7.88981,7.89222,1.50,1.50
2013.09.18 12:00:07.357,7.88981,7.89202,1.50,1.50
2013.09.18 12:00:07.697,7.88973,7.89197,1.35,1.50
2013.09.18 12:00:10.918,7.88997,7.89193,1.50,1.50
2013.09.18 12:00:17.927,7.88977,7.89178,1.50,1.50
2013.09.18 12:00:27.967,7.88983,7.89183,1.50,1.50
2013.09.18 12:00:28.956,7.88973,7.89162,1.35,1.50
2013.09.18 12:00:30.438,7.88973,7.89162,1.35,1.50
2013.09.18 12:00:49.886,7.88973,7.89174,1.35,1.50
2013.09.18 12:00:50.007,7.88954,7.89174,1.50,1.50
2013.09.18 12:00:50.067,7.8895,7.89156,1.13,1.50
2013.09.18 12:00:55.147,7.88918,7.89086,2.25,1.35
2013.09.18 12:00:55.267,7.88918,7.89086,1.50,1.35
2013.09.18 12:00:55.326,7.88887,7.89066,1.50,1.50
2013.09.18 12:00:55.506,7.88887,7.89066,1.50,1.50
2013.09.18 12:00:55.817,7.88888,7.89066,1.50,1.50
2013.09.18 12:00:56.046,7.88887,7.89066,1.50,1.50
2013.09.18 12:00:56.802,7.88887,7.89066,1.50,1.50
2013.09.18 12:00:58.917,7.88873,7.89066,1.35,1.50
2013.09.18 12:00:59.158,7.88884,7.89082,1.50,1.50
2013.09.18 12:00:59.508,7.8888,7.89082,1.50,1.50
2013.09.18 12:01:00.127,7.8888,7.89092,1.50,1.50
2013.09.18 12:01:00.247,7.88885,7.89092,1.50,1.50
2013.09.18 12:01:01.187,7.88885,7.89099,1.50,1.50
2013.09.18 12:01:01.246,7.88918,7.89099,2.10,1.50
2013.09.18 12:01:01.367,7.88923,7.89138,1.35,1.50
2013.09.18 12:01:02.296,7.88928,7.89142,1.50,1.50
2013.09.18 12:01:03.427,7.88929,7.89142,1.50,1.50
2013.09.18 12:01:10.554,7.88928,7.89128,1.50,1.50
2013.09.18 12:01:13.027,7.88902,7.89087,1.88,2.85
2013.09.18 12:01:13.207,7.88877,7.89078,1.50,1.50
2013.09.18 12:01:14.397,7.88877,7.89064,1.50,1.50
2013.09.18 12:01:16.156,7.88868,7.89064,1.35,1.50
2013.09.18 12:01:16.217,7.88868,7.89075,1.35,1.50
2013.09.18 12:01:16.456,7.88878,7.89077,1.50,1.50
2013.09.18 12:01:16.647,7.88868,7.89077,1.35,1.50
2013.09.18 12:01:17.966,7.88887,7.89086,1.50,1.50
2013.09.18 12:01:22.477,7.88924,7.89113,1.35,1.50
2013.09.18 12:01:22.596,7.88924,7.89116,1.35,1.50
2013.09.18 12:01:25.577,7.88932,7.89123,1.50,1.50
2013.09.18 12:01:50.537,7.88938,7.89123,1.50,1.50
2013.09.18 12:02:10.986,7.88938,7.8911,1.50,1.50
2013.09.18 12:02:12.427,7.88923,7.8911,2.10,1.50
2013.09.18 12:02:13.358,7.88923,7.8911,2.10,1.50
2013.09.18 12:02:13.737,7.88909,7.89077,1.50,1.50
2013.09.18 12:02:13.797,7.88902,7.89077,1.50,1.50
2013.09.18 12:02:13.857,7.88888,7.89065,1.13,1.50
2013.09.18 12:02:14.735,7.88878,7.89058,1.50,1.50
2013.09.18 12:02:15.267,7.88878,7.89058,1.50,1.50
2013.09.18 12:02:15.338,7.88878,7.89041,1.50,1.50
2013.09.18 12:02:15.597,7.88848,7.89041,1.50,1.50
2013.09.18 12:02:16.397,7.88839,7.89041,1.50,1.50
2013.09.18 12:02:16.937,7.88839,7.89053,1.50,1.50
2013.09.18 12:02:16.997,7.88839,7.89053,1.50,1.50
2013.09.18 12:02:18.367,7.88841,7.89053,1.50,1.50
2013.09.18 12:02:19.358,7.88841,7.89053,1.50,1.50
2013.09.18 12:02:22.177,7.88841,7.89053,1.50,1.50
2013.09.18 12:02:49.647,7.88871,7.89063,1.50,1.50
2013.09.18 12:02:49.706,7.88871,7.89042,1.50,1.50
2013.09.18 12:02:51.369,7.88854,7.89042,1.35,1.50
2013.09.18 12:02:51.707,7.88838,7.88998,1.50,1.50
2013.09.18 12:02:51.827,7.88829,7.88998,1.50,1.50
2013.09.18 12:02:52.007,7.88829,7.88987,1.50,1.50
2013.09.18 12:02:52.247,7.88829,7.88987,1.50,1.50
2013.09.18 12:02:52.686,7.88829,7.88987,1.50,1.50
2013.09.18 12:02:53.937,7.88829,7.88981,1.50,1.50
2013.09.18 12:02:55.279,7.88824,7.88984,1.50,1.50
2013.09.18 12:02:55.549,7.88802,7.88984,1.50,1.50
2013.09.18 12:03:21.646,7.88812,7.88984,1.50,1.50
2013.09.18 12:03:21.714,7.88812,7.88989,1.50,1.50
2013.09.18 12:03:22.018,7.8882,7.88992,1.50,1.50
2013.09.18 12:03:22.887,7.88829,7.89012,1.50,2.25
2013.09.18 12:03:22.949,7.88829,7.89012,1.50,1.50
2013.09.18 12:03:23.246,7.88844,7.89019,1.50,1.50
2013.09.18 12:03:24.187,7.88852,7.89022,1.50,1.50
2013.09.18 12:03:24.247,7.88847,7.89022,1.50,1.50
2013.09.18 12:03:25.078,7.88847,7.8901,1.50,1.50
2013.09.18 12:03:26.097,7.88837,7.89007,1.50,1.50
2013.09.18 12:03:26.217,7.8883,7.89007,1.50,1.50
2013.09.18 12:03:26.337,7.8883,7.89007,1.50,1.50
2013.09.18 12:03:26.457,7.8883,7.88998,1.50,1.50
2013.09.18 12:03:27.447,7.8883,7.88998,1.50,1.50
2013.09.18 12:03:28.430,7.8883,7.88993,1.50,1.50
2013.09.18 12:03:32.547,7.8883,7.88993,1.50,1.50
2013.09.18 12:03:36.617,7.88833,7.88993,1.50,1.50
2013.09.18 12:03:37.207,7.88826,7.88993,1.50,1.50
2013.09.18 12:03:39.167,7.88826,7.88993,1.50,1.50
2013.09.18 12:03:39.232,7.88826,7.88993,1.50,1.50
2013.09.18 12:03:40.418,7.88826,7.88993,1.50,1.50
2013.09.18 12:03:45.548,7.88808,7.8904,2.25,1.50
2013.09.18 12:03:46.147,7.88808,7.89049,3.00,2.25
2013.09.18 12:03:57.387,7.88808,7.89052,3.00,1.50
2013.09.18 12:03:57.741,7.88821,7.89054,1.50,1.50
2013.09.18 12:04:06.631,7.88821,7.89054,1.50,1.50
2013.09.18 12:04:06.838,7.88828,7.89054,1.50,1.50
2013.09.18 12:04:08.197,7.88817,7.89054,1.50,1.50
2013.09.18 12:04:08.378,7.88818,7.89054,1.50,1.50
2013.09.18 12:04:09.369,7.88838,7.89054,1.50,1.50
2013.09.18 12:04:11.667,7.88838,7.89054,1.50,1.50
2013.09.18 12:04:11.727,7.88838,7.89054,1.50,1.50
2013.09.18 12:04:12.657,7.88818,7.89049,1.50,2.10
2013.09.18 12:04:12.717,7.8881,7.89049,1.50,2.10
2013.09.18 12:04:12.897,7.88802,7.89028,1.50,2.10
2013.09.18 12:04:12.957,7.88797,7.89028,1.50,2.10
2013.09.18 12:04:14.027,7.88797,7.89027,1.50,3.60
2013.09.18 12:04:15.367,7.88789,7.89022,1.50,2.10
2013.09.18 12:04:21.857,7.88783,7.89022,1.50,1.50
2013.09.18 12:04:22.197,7.88791,7.89023,1.50,3.00
2013.09.18 12:04:22.517,7.88798,7.89023,1.50,3.00
2013.09.18 12:04:23.347,7.88798,7.89023,1.50,3.00
2013.09.18 12:04:23.947,7.88787,7.89023,1.50,3.75
2013.09.18 12:04:24.127,7.88799,7.89023,1.50,3.00
2013.09.18 12:04:24.908,7.88805,7.89023,1.50,3.00
2013.09.18 12:04:25.427,7.88805,7.89023,1.50,2.25
2013.09.18 12:04:28.655,7.88778,7.89018,1.50,1.35
2013.09.18 12:04:28.718,7.88778,7.89017,1.50,1.35
2013.09.18 12:04:28.837,7.88778,7.89017,1.50,1.35
2013.09.18 12:04:29.708,7.88779,7.89017,1.50,1.35
2013.09.18 12:04:30.009,7.88779,7.89017,1.50,1.35
2013.09.18 12:04:30.549,7.88789,7.89017,1.50,1.35
2013.09.18 12:04:31.378,7.88789,7.89017,1.50,1.35
2013.09.18 12:04:32.497,7.88798,7.89017,1.50,1.35
2013.09.18 12:04:32.616,7.88816,7.89017,1.50,1.35
2013.09.18 12:04:33.146,7.88816,7.89022,1.50,1.35
2013.09.18 12:04:33.387,7.88818,7.89022,1.50,1.35
2013.09.18 12:04:33.907,7.88817,7.89022,1.50,1.35
2013.09.18 12:04:35.458,7.88805,7.89018,1.50,1.35
2013.09.18 12:04:42.596,7.88785,7.89017,1.50,1.35
2013.09.18 12:04:42.807,7.88777,7.89009,1.50,1.50
2013.09.18 12:04:56.853,7.8879,7.89009,1.50,1.50
2013.09.18 12:05:27.457,7.88785,7.89008,1.50,1.50
2013.09.18 12:05:27.737,7.88797,7.89013,1.50,1.50
2013.09.18 12:05:29.346,7.88797,7.89013,1.50,1.50
2013.09.18 12:05:37.097,7.88778,7.89013,1.50,1.50
2013.09.18 12:05:44.439,7.88797,7.88984,1.50,1.50
2013.09.18 12:06:14.288,7.88797,7.88993,1.50,1.50
2013.09.18 12:06:30.197,7.88798,7.89002,1.50,1.50
2013.09.18 12:06:31.167,7.88817,7.8902,1.50,1.50
2013.09.18 12:06:36.387,7.88797,7.89008,1.50,1.50
2013.09.18 12:06:48.084,7.88808,7.88918,1.50,1.50
2013.09.18 12:06:48.146,7.88773,7.88918,2.10,3.28
2013.09.18 12:06:48.270,7.88764,7.88908,2.25,1.50
2013.09.18 12:06:48.327,7.88737,7.88908,1.61,1.50
2013.09.18 12:06:48.446,7.8875,7.88893,2.10,1.50
2013.09.18 12:06:48.687,7.88781,7.88973,1.50,1.50
2013.09.18 12:06:49.627,7.88781,7.88972,1.50,1.50
2013.09.18 12:06:49.687,7.88781,7.88968,1.50,1.50
2013.09.18 12:06:50.638,7.88774,7.88987,1.35,1.50
2013.09.18 12:06:53.528,7.88822,7.88984,1.86,1.50
2013.09.18 12:06:53.838,7.88708,7.88907,2.25,1.50
2013.09.18 12:06:53.897,7.88714,7.88907,1.13,1.50
2013.09.18 12:06:54.197,7.88753,7.88949,1.35,1.50
2013.09.18 12:06:55.487,7.88768,7.88979,2.25,1.50
2013.09.18 12:06:57.410,7.88807,7.88996,1.50,1.50
2013.09.18 12:06:58.345,7.88807,7.88996,1.50,1.50
2013.09.18 12:06:58.648,7.8878,7.88943,1.50,2.10
2013.09.18 12:06:58.888,7.88729,7.88917,1.13,2.85
2013.09.18 12:06:58.948,7.88711,7.88887,1.13,1.50
2013.09.18 12:06:59.008,7.88753,7.88902,1.35,1.50
2013.09.18 12:06:59.128,7.88768,7.88943,1.50,1.50
2013.09.18 12:06:59.187,7.88768,7.88949,1.50,1.50
2013.09.18 12:06:59.254,7.88768,7.88954,1.50,1.50
2013.09.18 12:06:59.437,7.88768,7.88982,1.50,1.50
2013.09.18 12:07:00.227,7.88758,7.88972,1.50,1.50
2013.09.18 12:07:03.158,7.88748,7.88938,2.25,2.10
2013.09.18 12:07:03.337,7.88718,7.88907,1.50,6.60
2013.09.18 12:07:03.398,7.88703,7.88891,1.50,1.50
2013.09.18 12:07:05.438,7.88699,7.88884,1.50,1.50
2013.09.18 12:07:06.428,7.88699,7.88884,1.50,1.50
2013.09.18 12:07:16.687,7.88699,7.88887,3.23,1.50
2013.09.18 12:07:16.747,7.88723,7.88908,1.35,1.50
2013.09.18 12:07:16.807,7.88723,7.88908,1.35,1.50
2013.09.18 12:07:16.990,7.88723,7.88923,2.10,1.50
2013.09.18 12:07:17.167,7.88737,7.88944,1.50,1.50
2013.09.18 12:07:17.957,7.88774,7.88953,1.35,1.50
2013.09.18 12:07:18.527,7.88774,7.88966,1.35,1.50
2013.09.18 12:07:19.484,7.88774,7.88966,1.35,1.50
2013.09.18 12:07:39.400,7.88781,7.88966,1.50,1.50
2013.09.18 12:07:46.928,7.88781,7.88966,1.50,1.50
2013.09.18 12:08:01.917,7.88787,7.88987,2.25,1.50
2013.09.18 12:08:03.428,7.88805,7.88987,1.50,1.50
2013.09.18 12:08:13.148,7.88823,7.88987,1.35,1.50
2013.09.18 12:08:13.268,7.88823,7.89009,1.35,1.50
2013.09.18 12:08:14.467,7.88836,7.89009,1.50,1.50
2013.09.18 12:08:15.363,7.88836,7.89009,1.50,1.50
2013.09.18 12:08:16.408,7.88836,7.89009,1.50,1.50
2013.09.18 12:08:16.468,7.88836,7.89036,1.50,1.50
2013.09.18 12:09:12.570,7.8885,7.89036,1.50,1.50
2013.09.18 12:09:16.549,7.88829,7.89061,1.50,1.50
2013.09.18 12:09:49.377,7.88807,7.89081,1.65,1.35
2013.09.18 12:10:10.377,7.88824,7.89064,2.10,1.50
2013.09.18 12:10:13.440,7.88824,7.8908,2.10,1.50
2013.09.18 12:10:13.668,7.88824,7.89064,2.10,1.50
2013.09.18 12:10:24.668,7.88824,7.89064,1.50,1.50
2013.09.18 12:10:29.948,7.88824,7.89066,1.50,1.50
2013.09.18 12:10:36.871,7.88831,7.89066,1.50,1.50
2013.09.18 12:10:40.218,7.88831,7.89066,1.50,1.50
2013.09.18 12:10:42.869,7.88831,7.89066,1.50,1.50
2013.09.18 12:10:43.139,7.88831,7.89066,1.50,1.50
2013.09.18 12:10:43.259,7.88843,7.89027,1.50,1.50
2013.09.18 12:10:43.497,7.88838,7.89027,1.50,1.50
2013.09.18 12:10:43.988,7.88838,7.89036,1.50,1.50
2013.09.18 12:10:44.899,7.88855,7.89036,1.50,1.50
2013.09.18 12:10:45.018,7.88843,7.89027,1.50,1.50
2013.09.18 12:10:45.078,7.88827,7.89027,1.50,1.50
2013.09.18 12:10:46.007,7.88827,7.89036,1.50,1.50
2013.09.18 12:10:47.178,7.88843,7.89007,1.50,1.50
2013.09.18 12:10:47.358,7.88843,7.89023,1.50,1.50
2013.09.18 12:10:47.477,7.88843,7.89023,1.50,1.50
2013.09.18 12:10:47.538,7.88836,7.89023,1.50,1.50
2013.09.18 12:10:48.218,7.88836,7.89037,1.50,1.50
2013.09.18 12:10:48.857,7.88852,7.89037,1.50,1.50
2013.09.18 12:10:49.098,7.8883,7.89028,1.50,1.50
2013.09.18 12:10:49.928,7.88823,7.89036,1.50,1.50
2013.09.18 12:10:50.647,7.88854,7.89036,1.50,1.50
2013.09.18 12:10:50.707,7.88843,7.89028,1.50,1.50
2013.09.18 12:10:50.767,7.88845,7.89028,1.50,1.50
2013.09.18 12:10:50.827,7.88843,7.89028,1.50,1.50
2013.09.18 12:10:51.138,7.88837,7.89028,1.50,1.50
2013.09.18 12:10:51.477,7.88824,7.89037,1.50,1.50
2013.09.18 12:10:52.400,7.88854,7.89037,1.50,1.50
2013.09.18 12:10:52.468,7.88842,7.89028,1.50,1.50
2013.09.18 12:10:52.527,7.88842,7.89028,1.50,1.50
2013.09.18 12:10:52.588,7.88827,7.89028,1.50,1.50
2013.09.18 12:10:53.257,7.88827,7.89037,1.50,1.50
2013.09.18 12:10:54.359,7.88854,7.89037,1.50,1.50
2013.09.18 12:10:54.708,7.88843,7.89027,1.50,1.50
2013.09.18 12:10:54.768,7.88849,7.89027,1.50,1.50
2013.09.18 12:10:54.828,7.88843,7.89027,1.50,1.50
2013.09.18 12:10:55.198,7.88842,7.89027,1.50,1.50
2013.09.18 12:10:55.467,7.88842,7.89037,1.50,1.50
2013.09.18 12:10:56.397,7.88858,7.89037,1.50,1.50
2013.09.18 12:10:56.457,7.88842,7.89028,1.50,1.50
2013.09.18 12:10:56.578,7.88842,7.89028,1.50,1.50
2013.09.18 12:10:56.643,7.88831,7.89028,1.50,1.50
2013.09.18 12:10:57.248,7.88831,7.89037,1.50,1.50
2013.09.18 12:11:08.886,7.88853,7.89037,1.50,1.50
2013.09.18 12:11:16.677,7.88845,7.89009,1.50,1.35
2013.09.18 12:11:16.798,7.88845,7.89008,1.50,1.50
2013.09.18 12:11:16.858,7.88812,7.89008,1.50,2.25
2013.09.18 12:11:17.008,7.88808,7.89008,1.43,2.25
2013.09.18 12:11:17.927,7.88799,7.89006,2.18,3.60
2013.09.18 12:11:18.468,7.88799,7.88998,2.18,1.50
2013.09.18 12:11:19.027,7.88807,7.88998,1.43,1.50
2013.09.18 12:11:19.147,7.88838,7.88998,1.50,1.50
2013.09.18 12:11:20.427,7.88838,7.88998,1.50,1.50
2013.09.18 12:11:21.918,7.88838,7.88998,1.50,1.50
2013.09.18 12:11:23.300,7.8884,7.89001,1.50,1.50
2013.09.18 12:11:31.968,7.8882,7.89004,1.50,1.35
2013.09.18 12:11:32.088,7.88808,7.89004,1.43,1.50
2013.09.18 12:11:32.468,7.88798,7.89004,1.43,1.50
2013.09.18 12:11:33.159,7.88798,7.89004,1.43,1.50
2013.09.18 12:11:33.445,7.88807,7.88998,1.05,1.50
2013.09.18 12:11:33.917,7.88798,7.88998,1.43,1.50
2013.09.18 12:11:33.978,7.88798,7.88977,1.35,1.50
2013.09.18 12:11:34.358,7.88798,7.88977,1.35,1.50
2013.09.18 12:11:36.879,7.88798,7.88957,1.35,1.50
2013.09.18 12:11:37.859,7.88798,7.88957,1.35,1.50
2013.09.18 12:11:38.217,7.88778,7.88909,1.16,1.35
2013.09.18 12:11:38.277,7.88778,7.88909,1.16,1.35
2013.09.18 12:11:38.459,7.88778,7.88913,1.16,2.25
2013.09.18 12:11:38.766,7.8873,7.88914,1.50,2.25
2013.09.18 12:11:38.828,7.8873,7.88914,1.50,1.50
2013.09.18 12:11:39.268,7.88746,7.88914,1.35,1.50
2013.09.18 12:11:40.378,7.88763,7.88952,1.50,1.50
2013.09.18 12:11:40.438,7.88763,7.88962,1.50,1.50
2013.09.18 12:11:40.558,7.88763,7.88962,1.50,1.50
2013.09.18 12:11:40.938,7.88778,7.88955,1.50,1.50
2013.09.18 12:11:41.339,7.88778,7.88962,1.50,1.50
2013.09.18 12:11:41.462,7.88778,7.88978,1.50,1.50
2013.09.18 12:11:42.943,7.88778,7.88978,1.50,1.50
2013.09.18 12:11:43.350,7.88778,7.8898,1.50,2.25
2013.09.18 12:11:47.240,7.88778,7.88978,1.50,1.50
2013.09.18 12:12:03.228,7.88778,7.88972,1.50,1.50
2013.09.18 12:12:03.408,7.88801,7.88972,1.50,1.50
2013.09.18 12:12:11.338,7.88807,7.89022,1.50,1.50
2013.09.18 12:12:11.699,7.88835,7.8903,1.50,1.50
2013.09.18 12:12:12.707,7.88835,7.89032,1.50,1.50
2013.09.18 12:12:14.398,7.88847,7.89018,1.50,1.50
2013.09.18 12:12:18.728,7.88818,7.8899,2.25,1.35
2013.09.18 12:12:18.800,7.88818,7.8899,1.50,1.35
2013.09.18 12:12:18.918,7.88769,7.8899,1.50,1.35
2013.09.18 12:12:28.330,7.88769,7.88957,1.50,1.50
2013.09.18 12:12:36.648,7.88773,7.88987,1.35,1.50
2013.09.18 12:12:36.708,7.88796,7.88987,1.35,1.50
2013.09.18 12:12:36.958,7.88803,7.89002,1.50,1.88
2013.09.18 12:12:42.473,7.88822,7.89002,1.50,1.50
2013.09.18 12:12:53.448,7.88796,7.89003,1.35,1.13
2013.09.18 12:12:53.508,7.88788,7.88984,2.25,1.35
2013.09.18 12:12:53.688,7.8877,7.88983,1.50,2.85
2013.09.18 12:13:01.028,7.88755,7.88958,1.50,2.25
2013.09.18 12:13:01.089,7.8874,7.88953,1.50,6.00
2013.09.18 12:13:02.948,7.8874,7.8892,1.50,1.35
2013.09.18 12:13:03.067,7.88717,7.88907,2.25,3.75
2013.09.18 12:13:03.128,7.88717,7.88906,1.50,5.85
2013.09.18 12:13:03.798,7.88721,7.88906,1.50,1.50
2013.09.18 12:13:03.857,7.88717,7.88906,1.50,1.50
2013.09.18 12:13:04.958,7.8871,7.88906,3.00,1.50
2013.09.18 12:13:05.508,7.8871,7.88893,2.25,1.50
2013.09.18 12:13:05.568,7.88698,7.88893,1.50,1.50
2013.09.18 12:13:05.734,7.88678,7.88893,1.50,1.50
2013.09.18 12:13:08.346,7.88698,7.88877,1.50,1.50
2013.09.18 12:13:08.878,7.88698,7.88877,1.50,1.50
2013.09.18 12:13:10.745,7.8869,7.88877,1.50,1.50
2013.09.18 12:13:13.648,7.88678,7.8888,1.50,1.50
2013.09.18 12:13:13.708,7.88687,7.88888,1.50,1.50
2013.09.18 12:13:59.518,7.88699,7.88902,1.50,5.25
2013.09.18 12:13:59.578,7.88698,7.88902,1.50,5.25
2013.09.18 12:14:01.168,7.88698,7.88862,1.50,1.35
2013.09.18 12:14:01.528,7.88652,7.88854,3.00,1.50
2013.09.18 12:14:01.648,7.88652,7.88854,2.25,1.50
2013.09.18 12:14:01.709,7.88618,7.8881,1.50,1.35
2013.09.18 12:14:01.888,7.88605,7.88808,1.50,2.25
2013.09.18 12:14:02.008,7.88598,7.88808,1.50,2.25
2013.09.18 12:14:02.309,7.88618,7.88808,1.50,2.25
2013.09.18 12:14:03.920,7.88633,7.88803,1.50,3.00
2013.09.18 12:14:05.349,7.88633,7.88803,1.50,3.00
2013.09.18 12:14:11.245,7.88628,7.88803,1.50,1.50
2013.09.18 12:14:11.308,7.88628,7.88814,1.50,1.35
2013.09.18 12:14:13.379,7.88656,7.88814,1.50,1.35
2013.09.18 12:14:17.622,7.88637,7.88814,1.50,1.35
2013.09.18 12:14:21.079,7.88656,7.88814,1.50,1.35
2013.09.18 12:14:21.641,7.88637,7.88814,1.50,1.35
2013.09.18 12:14:22.398,7.88656,7.88814,1.50,1.35
2013.09.18 12:14:24.969,7.88657,7.88822,1.50,1.35
2013.09.18 12:14:28.728,7.88637,7.88832,1.50,1.50
2013.09.18 12:14:28.788,7.88637,7.88843,1.50,1.50
2013.09.18 12:14:28.847,7.88637,7.88851,1.50,1.50
2013.09.18 12:14:28.968,7.88643,7.88857,1.50,1.73
2013.09.18 12:14:29.328,7.88666,7.88857,1.50,1.35
2013.09.18 12:14:30.138,7.88666,7.88862,1.50,1.35
2013.09.18 12:14:30.198,7.88666,7.88862,1.50,1.35
2013.09.18 12:14:30.614,7.88666,7.88859,1.50,1.35
2013.09.18 12:14:34.149,7.88666,7.88873,1.50,2.25
2013.09.18 12:14:34.209,7.88666,7.88873,1.50,2.25
2013.09.18 12:14:34.448,7.88686,7.88892,1.50,1.50
2013.09.18 12:14:36.359,7.88686,7.88892,1.50,1.50
2013.09.18 12:14:36.620,7.88686,7.88892,1.50,1.50
2013.09.18 12:14:37.410,7.88686,7.88892,1.50,1.50
2013.09.18 12:14:44.638,7.88682,7.88876,1.50,1.50
2013.09.18 12:14:45.429,7.88669,7.88876,1.50,1.50
2013.09.18 12:14:46.420,7.88669,7.88876,1.50,1.50
2013.09.18 12:14:46.819,7.88669,7.88882,1.50,2.25
2013.09.18 12:14:46.938,7.88777,7.88882,1.75,2.25
2013.09.18 12:14:47.239,7.88801,7.88942,1.35,1.50
2013.09.18 12:14:47.620,7.88846,7.88982,1.50,1.50
2013.09.18 12:14:48.050,7.88846,7.88983,1.50,1.88
2013.09.18 12:14:48.249,7.88858,7.88983,1.50,2.63
2013.09.18 12:14:48.678,7.88858,7.88968,1.50,1.50
2013.09.18 12:14:50.168,7.88891,7.88983,1.35,1.88
2013.09.18 12:14:50.230,7.88897,7.88983,1.50,1.13
2013.09.18 12:14:50.289,7.88903,7.88993,3.75,1.13
2013.09.18 12:14:50.590,7.88934,7.8902,1.50,1.13
2013.09.18 12:14:50.653,7.8893,7.89017,1.50,1.13
2013.09.18 12:14:50.839,7.88921,7.88998,1.50,1.13
2013.09.18 12:14:51.018,7.88905,7.88993,1.50,1.13
2013.09.18 12:14:51.299,7.88902,7.88991,4.50,1.13
2013.09.18 12:14:51.658,7.88902,7.88988,4.50,1.13
2013.09.18 12:14:53.728,7.88902,7.88988,3.75,1.13
2013.09.18 12:14:54.663,7.88902,7.88987,3.75,1.88
2013.09.18 12:14:55.419,7.8885,7.88987,1.50,1.50
2013.09.18 12:14:55.480,7.8885,7.89058,1.50,1.50
2013.09.18 12:14:55.688,7.88886,7.89066,1.35,1.50
2013.09.18 12:14:55.748,7.88888,7.89072,2.25,1.50
2013.09.18 12:14:55.808,7.88902,7.89095,4.50,1.50
2013.09.18 12:14:55.928,7.88924,7.89112,1.50,1.50
2013.09.18 12:14:56.239,7.88924,7.89122,1.50,1.50
2013.09.18 12:14:56.299,7.88924,7.89124,1.50,1.50
2013.09.18 12:14:56.597,7.88938,7.89138,1.50,1.50
2013.09.18 12:14:56.717,7.88938,7.89138,1.50,1.50
2013.09.18 12:14:57.013,7.88938,7.89138,1.50,1.50
2013.09.18 12:14:57.397,7.88938,7.89138,1.50,1.50
2013.09.18 12:14:57.578,7.88938,7.89138,1.50,1.50
2013.09.18 12:14:57.697,7.88938,7.89141,1.50,1.50
2013.09.18 12:14:58.248,7.88938,7.89147,1.50,1.50
2013.09.18 12:14:58.428,7.88961,7.89147,1.50,1.50
2013.09.18 12:14:58.489,7.88961,7.89147,1.50,1.50
2013.09.18 12:14:58.669,7.88981,7.89147,1.50,1.50
2013.09.18 12:14:59.103,7.88981,7.89156,1.50,2.25
2013.09.18 12:14:59.558,7.88981,7.89179,1.50,1.35
2013.09.18 12:14:59.800,7.88996,7.89195,1.35,1.50
2013.09.18 12:14:59.979,7.88996,7.89202,1.35,1.50
2013.09.18 12:15:00.039,7.88996,7.89202,1.35,1.50
2013.09.18 12:15:00.161,7.89017,7.89202,2.25,1.50
2013.09.18 12:15:00.230,7.89017,7.89203,2.25,1.50
2013.09.18 12:15:00.351,7.89044,7.89212,1.50,1.50
2013.09.18 12:15:00.598,7.89035,7.89212,1.50,1.50
2013.09.18 12:15:00.908,7.89035,7.89212,1.50,1.50
2013.09.18 12:15:01.318,7.89022,7.89212,1.50,1.50
2013.09.18 12:15:01.378,7.89022,7.89212,1.50,1.50
2013.09.18 12:15:01.558,7.89006,7.89212,1.88,1.50
2013.09.18 12:15:01.741,7.89008,7.89212,1.50,1.50
2013.09.18 12:15:02.043,7.89026,7.89212,1.50,1.50
2013.09.18 12:15:03.756,7.89036,7.89212,1.50,1.50
2013.09.18 12:15:03.908,7.89036,7.89207,1.50,2.25
2013.09.18 12:15:03.968,7.89018,7.89164,2.25,1.35
2013.09.18 12:15:04.028,7.89018,7.89164,1.50,1.35
2013.09.18 12:15:04.088,7.89009,7.89162,4.50,2.85
2013.09.18 12:15:04.148,7.89009,7.89124,3.75,1.35
2013.09.18 12:15:04.449,7.88938,7.89098,1.50,2.25
2013.09.18 12:15:04.509,7.88903,7.89098,1.50,2.25
2013.09.18 12:15:04.748,7.88898,7.89098,1.50,3.00
2013.09.18 12:15:04.870,7.88898,7.89096,1.50,5.25
2013.09.18 12:15:05.218,7.88898,7.89081,1.50,3.00
2013.09.18 12:15:05.551,7.88898,7.89032,1.50,1.50
2013.09.18 12:15:05.622,7.88898,7.89032,1.50,1.50
2013.09.18 12:15:06.259,7.88897,7.89023,1.50,1.50
2013.09.18 12:15:06.876,7.88897,7.89023,1.50,1.50
2013.09.18 12:15:07.158,7.88897,7.89023,1.50,1.50
2013.09.18 12:15:07.460,7.88897,7.88994,1.50,3.00
2013.09.18 12:15:07.809,7.88868,7.88984,3.00,1.50
2013.09.18 12:15:08.178,7.88868,7.88984,1.50,1.50
2013.09.18 12:15:08.241,7.88864,7.8897,1.50,1.50
2013.09.18 12:15:08.551,7.88862,7.8897,4.50,1.50
2013.09.18 12:15:09.275,7.88861,7.8897,4.50,1.50
2013.09.18 12:15:09.599,7.88847,7.88961,1.50,1.50
2013.09.18 12:15:09.809,7.88769,7.8897,1.50,1.50
2013.09.18 12:15:09.928,7.88769,7.88974,1.50,1.50
2013.09.18 12:15:10.192,7.88766,7.8898,1.50,1.50
2013.09.18 12:15:11.462,7.88779,7.88992,1.50,2.25
2013.09.18 12:15:11.588,7.88779,7.88992,1.50,1.50
2013.09.18 12:15:11.768,7.88794,7.88992,1.50,1.50
2013.09.18 12:15:12.619,7.88794,7.88992,1.50,1.50
2013.09.18 12:15:13.529,7.88801,7.88995,1.50,1.50
2013.09.18 12:15:13.978,7.88932,7.89033,1.35,2.25
2013.09.18 12:15:14.098,7.88932,7.89053,1.35,1.13
2013.09.18 12:15:14.158,7.88969,7.89092,1.35,1.13
2013.09.18 12:15:14.518,7.89,7.89103,1.50,1.13
2013.09.18 12:15:15.238,7.89016,7.89103,1.35,1.13
2013.09.18 12:15:15.779,7.8906,7.89125,1.50,1.13
2013.09.18 12:15:17.438,7.89079,7.89181,1.50,1.13
2013.09.18 12:15:17.682,7.89079,7.89155,1.50,1.50
2013.09.18 12:15:17.748,7.89046,7.89137,1.50,1.50
2013.09.18 12:15:17.808,7.8902,7.89137,1.50,1.50
2013.09.18 12:15:17.870,7.89012,7.89137,1.50,1.50
2013.09.18 12:15:17.929,7.89005,7.89137,1.50,1.50
2013.09.18 12:15:18.489,7.89005,7.89137,1.50,1.50
2013.09.18 12:15:18.728,7.88997,7.89129,1.50,1.50
2013.09.18 12:15:18.788,7.88987,7.89129,2.25,1.50
2013.09.18 12:15:18.852,7.88971,7.89129,1.54,1.50
2013.09.18 12:15:18.919,7.88962,7.89129,1.13,1.50
2013.09.18 12:15:18.978,7.88962,7.89133,1.50,1.50
2013.09.18 12:15:19.160,7.88971,7.89133,1.50,1.50
2013.09.18 12:15:19.918,7.8898,7.89133,1.50,1.50
2013.09.18 12:15:20.099,7.8898,7.89133,1.50,1.50
2013.09.18 12:15:20.279,7.88971,7.89133,1.50,1.50
2013.09.18 12:15:20.705,7.88971,7.89133,1.50,1.50
2013.09.18 12:15:22.880,7.88979,7.89133,1.50,1.50
2013.09.18 12:15:23.296,7.88979,7.89193,1.50,1.50
2013.09.18 12:15:25.519,7.88979,7.89193,1.50,1.50
2013.09.18 12:15:26.718,7.88979,7.89047,1.50,1.50
2013.09.18 12:15:26.778,7.88928,7.89047,2.25,2.25
2013.09.18 12:15:26.839,7.88905,7.89047,1.50,2.25
2013.09.18 12:15:26.899,7.88894,7.89047,1.50,2.25
2013.09.18 12:15:26.959,7.88837,7.89047,1.50,2.25
2013.09.18 12:15:27.018,7.88821,7.89032,1.50,1.50
2013.09.18 12:15:27.198,7.88811,7.89032,1.50,1.50
2013.09.18 12:15:27.768,7.88821,7.89048,1.35,1.50
2013.09.18 12:15:27.888,7.88837,7.89051,1.50,1.50
2013.09.18 12:15:28.738,7.88837,7.89051,1.50,1.50
2013.09.18 12:15:31.529,7.88839,7.89032,1.50,1.50
2013.09.18 12:15:32.780,7.88839,7.89038,1.50,2.25
2013.09.18 12:15:35.430,7.88839,7.89038,1.50,2.25
2013.09.18 12:15:36.355,7.88839,7.89038,1.50,2.25
2013.09.18 12:15:36.417,7.88839,7.89038,1.50,2.25
2013.09.18 12:15:36.658,7.88831,7.89038,1.50,4.35
2013.09.18 12:15:36.778,7.88831,7.89038,1.50,4.35
2013.09.18 12:15:37.315,7.88824,7.89038,1.50,5.10
2013.09.18 12:15:37.840,7.88824,7.89038,1.50,5.10
2013.09.18 12:15:38.381,7.88818,7.89033,1.50,3.00
2013.09.18 12:15:38.732,7.88817,7.89033,1.50,3.00
2013.09.18 12:15:39.390,7.88818,7.89033,1.50,3.00
2013.09.18 12:15:39.968,7.88818,7.89033,1.50,3.00
2013.09.18 12:15:41.371,7.88818,7.89033,1.50,3.00
2013.09.18 12:15:42.027,7.88814,7.89033,1.50,3.00
2013.09.18 12:15:42.148,7.88814,7.89033,1.50,3.00
2013.09.18 12:15:43.354,7.88836,7.89035,1.50,1.35
2013.09.18 12:15:48.918,7.88937,7.89053,2.10,1.50
2013.09.18 12:15:49.279,7.8899,7.89114,1.50,1.13
2013.09.18 12:15:49.458,7.89013,7.89183,1.35,1.88
2013.09.18 12:15:50.228,7.8904,7.89183,1.50,1.88
2013.09.18 12:15:50.409,7.8904,7.89183,1.50,1.88
2013.09.18 12:15:50.468,7.89045,7.89183,1.50,1.88
2013.09.18 12:15:50.588,7.89031,7.89183,1.50,1.88
2013.09.18 12:15:50.780,7.89031,7.89183,1.50,1.88
2013.09.18 12:15:51.318,7.89018,7.89183,1.50,1.88
2013.09.18 12:15:51.439,7.88999,7.89106,1.50,1.35
2013.09.18 12:15:51.558,7.88919,7.89098,1.50,2.25
2013.09.18 12:15:51.618,7.88915,7.89098,1.50,2.25
2013.09.18 12:15:51.678,7.88919,7.89098,1.35,2.25
2013.09.18 12:15:51.981,7.88948,7.89161,2.25,1.50
2013.09.18 12:15:52.608,7.88968,7.89183,1.50,1.50
2013.09.18 12:15:52.910,7.88988,7.89183,1.50,1.50
2013.09.18 12:15:53.268,7.89002,7.89183,1.50,1.50
2013.09.18 12:15:53.647,7.89011,7.89183,1.50,1.50
2013.09.18 12:15:53.829,7.89011,7.89213,1.50,2.25
2013.09.18 12:15:53.948,7.89017,7.8925,1.50,1.50
2013.09.18 12:15:54.008,7.8903,7.8925,1.50,1.50
2013.09.18 12:15:54.278,7.8903,7.8925,1.50,1.50
2013.09.18 12:15:54.986,7.88937,7.89147,1.50,2.10
2013.09.18 12:15:55.062,7.8891,7.89142,1.50,2.85
2013.09.18 12:15:55.843,7.8891,7.89142,1.50,2.85
2013.09.18 12:15:56.031,7.88905,7.89094,1.50,2.10
2013.09.18 12:15:56.090,7.88898,7.89094,1.50,2.10
2013.09.18 12:15:56.394,7.8888,7.89087,1.50,2.10
2013.09.18 12:15:57.168,7.8888,7.89087,1.50,2.85
2013.09.18 12:15:57.699,7.88868,7.89082,1.50,3.60
2013.09.18 12:15:58.359,7.88867,7.89082,1.50,3.60
2013.09.18 12:15:59.058,7.88867,7.89078,1.50,1.50
2013.09.18 12:16:00.105,7.88868,7.8907,1.50,1.50
2013.09.18 12:16:00.919,7.88852,7.89082,1.35,2.25
2013.09.18 12:16:00.980,7.88852,7.89082,1.35,2.25
2013.09.18 12:16:01.158,7.88868,7.89089,1.50,2.25
2013.09.18 12:16:01.218,7.88876,7.89089,1.50,1.50
2013.09.18 12:16:01.340,7.88876,7.89089,1.50,1.50
2013.09.18 12:16:02.318,7.88884,7.89089,1.50,1.50
2013.09.18 12:16:02.620,7.88932,7.89089,1.50,1.50
2013.09.18 12:16:02.978,7.88953,7.89089,1.50,1.50
2013.09.18 12:16:03.509,7.88962,7.89089,1.50,1.50
2013.09.18 12:16:03.869,7.88976,7.89089,1.50,1.50
2013.09.18 12:16:04.525,7.88991,7.89138,1.50,1.50
2013.09.18 12:16:04.651,7.88991,7.89205,1.50,1.50
2013.09.18 12:16:04.708,7.88988,7.89211,2.25,1.50
2013.09.18 12:16:05.068,7.88988,7.89211,2.25,1.50
2013.09.18 12:16:05.428,7.89021,7.89232,1.50,1.50
2013.09.18 12:16:05.800,7.89037,7.89232,1.50,1.50
2013.09.18 12:16:06.579,7.89037,7.89232,1.50,1.50
2013.09.18 12:16:07.740,7.89008,7.89233,1.50,1.88
2013.09.18 12:16:07.875,7.88994,7.89233,1.50,1.88
2013.09.18 12:16:07.939,7.88994,7.89233,1.50,1.88
2013.09.18 12:16:08.059,7.8899,7.89233,1.13,1.13
2013.09.18 12:16:08.591,7.88972,7.89224,1.50,2.25
2013.09.18 12:16:17.208,7.88965,7.8919,1.50,2.10
2013.09.18 12:16:17.388,7.88908,7.89153,1.50,3.75
2013.09.18 12:16:17.568,7.88907,7.89149,1.50,3.00
2013.09.18 12:16:19.568,7.88887,7.8914,3.00,1.50
2013.09.18 12:16:23.166,7.88887,7.89114,1.50,3.75
2013.09.18 12:16:24.178,7.88887,7.89113,1.50,1.50
2013.09.18 12:16:25.440,7.88887,7.89093,2.25,1.50
2013.09.18 12:16:29.228,7.88872,7.89093,1.50,1.50
2013.09.18 12:16:29.288,7.88879,7.89095,1.50,1.50
2013.09.18 12:16:30.451,7.88879,7.89095,1.50,1.50
2013.09.18 12:16:30.979,7.88879,7.89112,1.50,1.50
2013.09.18 12:16:31.099,7.88889,7.89112,1.35,1.50
2013.09.18 12:16:31.160,7.88892,7.89122,1.35,1.50
2013.09.18 12:16:31.518,7.88921,7.89152,2.10,2.25
2013.09.18 12:16:31.579,7.8895,7.89153,1.35,2.25
2013.09.18 12:16:31.698,7.88968,7.89176,1.50,1.50
2013.09.18 12:16:31.878,7.88968,7.89182,2.25,1.50
2013.09.18 12:16:32.378,7.88968,7.89173,1.50,1.50
2013.09.18 12:16:32.818,7.88968,7.89173,1.50,1.50
2013.09.18 12:16:32.878,7.88937,7.89173,1.50,1.50
2013.09.18 12:16:36.268,7.88937,7.89193,1.50,1.50
2013.09.18 12:16:36.648,7.88957,7.89201,2.25,1.50
2013.09.18 12:16:36.709,7.88975,7.8921,1.50,1.50
2013.09.18 12:16:37.029,7.88986,7.8922,1.50,1.50
2013.09.18 12:16:37.209,7.88988,7.8924,2.25,1.50
2013.09.18 12:16:37.390,7.89008,7.89243,1.50,1.50
2013.09.18 12:16:37.798,7.89015,7.89251,1.50,1.50
2013.09.18 12:16:38.341,7.89,7.89239,1.50,1.50
2013.09.18 12:16:38.908,7.89,7.89252,1.50,2.25
2013.09.18 12:16:39.148,7.88967,7.89226,1.50,1.50
2013.09.18 12:16:39.208,7.88967,7.89218,1.50,2.25
2013.09.18 12:16:40.278,7.88957,7.89215,1.50,1.50
2013.09.18 12:16:42.178,7.88953,7.89207,1.50,1.50
2013.09.18 12:16:45.938,7.88954,7.8921,1.50,1.50
2013.09.18 12:16:45.998,7.88972,7.89226,1.50,1.50
2013.09.18 12:16:50.568,7.8896,7.89221,1.50,1.50
2013.09.18 12:16:50.928,7.8895,7.89211,1.50,1.50
2013.09.18 12:16:53.419,7.8895,7.89148,1.50,1.50
2013.09.18 12:16:53.658,7.88894,7.89148,1.50,2.25
2013.09.18 12:16:54.619,7.88905,7.89148,1.50,2.25
2013.09.18 12:16:55.362,7.88888,7.89143,3.00,3.00
2013.09.18 12:16:58.509,7.88938,7.89143,1.50,1.50
2013.09.18 12:16:58.629,7.88938,7.89178,2.25,1.50
2013.09.18 12:16:59.618,7.88938,7.89178,2.25,1.50
2013.09.18 12:17:00.898,7.88932,7.89127,1.50,1.50
2013.09.18 12:17:01.153,7.88903,7.89127,1.50,2.25
2013.09.18 12:17:01.218,7.88882,7.89127,1.50,2.25
2013.09.18 12:17:06.898,7.88872,7.89117,1.50,1.50
2013.09.18 12:17:12.448,7.88864,7.89104,1.50,1.50
2013.09.18 12:17:12.939,7.88872,7.89107,1.50,1.50
2013.09.18 12:17:14.335,7.88872,7.89107,1.50,1.50
2013.09.18 12:17:28.177,7.88891,7.89107,1.50,1.50
2013.09.18 12:17:32.608,7.88898,7.89113,1.50,1.50
2013.09.18 12:17:38.448,7.88898,7.89121,1.50,1.50
2013.09.18 12:17:39.169,7.88901,7.89122,1.50,2.25
2013.09.18 12:17:39.360,7.88901,7.89122,1.50,2.25
2013.09.18 12:17:39.538,7.88897,7.89122,1.50,2.25
2013.09.18 12:17:39.736,7.88902,7.89122,1.50,2.25
2013.09.18 12:17:39.859,7.88897,7.89122,1.50,2.25
2013.09.18 12:17:40.066,7.88902,7.89122,1.50,2.25
2013.09.18 12:17:40.813,7.88908,7.89122,1.50,2.25
2013.09.18 12:17:41.268,7.88908,7.89122,1.50,2.25
2013.09.18 12:17:41.648,7.88908,7.89122,1.50,2.25
2013.09.18 12:17:42.478,7.88908,7.89122,1.50,2.25
2013.09.18 12:17:42.718,7.88907,7.89122,1.50,3.00
2013.09.18 12:17:43.362,7.88917,7.89122,1.50,2.25
2013.09.18 12:17:44.375,7.88917,7.89122,1.50,2.25
2013.09.18 12:17:45.658,7.88897,7.89122,1.50,1.50
2013.09.18 12:17:45.718,7.88897,7.89108,1.50,1.50
2013.09.18 12:17:45.839,7.88895,7.89108,1.50,1.50
2013.09.18 12:17:47.344,7.88895,7.89108,1.50,2.25
2013.09.18 12:17:48.380,7.88895,7.89108,1.50,2.25
2013.09.18 12:17:55.481,7.88898,7.89098,1.50,1.50
2013.09.18 12:18:03.429,7.88898,7.89097,1.50,1.35
2013.09.18 12:18:06.868,7.88938,7.89097,1.50,1.35
2013.09.18 12:18:07.169,7.88962,7.89142,1.50,2.66
2013.09.18 12:18:07.528,7.88918,7.89123,1.50,2.85
2013.09.18 12:18:07.738,7.88918,7.89123,1.50,2.10
2013.09.18 12:18:08.528,7.88918,7.89123,1.50,2.85
2013.09.18 12:18:08.709,7.8891,7.89132,1.50,2.25
2013.09.18 12:18:08.889,7.88941,7.89132,1.50,1.50
2013.09.18 12:18:09.043,7.88941,7.89132,1.50,1.50
2013.09.18 12:18:09.929,7.88941,7.89132,1.50,1.50
2013.09.18 12:18:10.048,7.88958,7.89162,2.25,1.50
2013.09.18 12:18:10.109,7.88958,7.89165,2.25,1.50
2013.09.18 12:18:10.288,7.88968,7.89184,1.50,1.50
2013.09.18 12:18:10.914,7.88968,7.892,1.50,1.50
2013.09.18 12:18:11.594,7.88968,7.89189,1.50,1.50
2013.09.18 12:18:14.379,7.88968,7.89133,1.50,1.13
2013.09.18 12:18:14.738,7.88895,7.8909,1.50,1.35
2013.09.18 12:18:16.478,7.88895,7.8909,1.50,1.35
2013.09.18 12:18:16.958,7.88877,7.89088,1.50,1.50
2013.09.18 12:18:18.508,7.88876,7.89078,1.50,1.50
2013.09.18 12:18:18.630,7.88867,7.89078,1.50,1.50
2013.09.18 12:18:18.688,7.88867,7.89078,1.50,1.50
2013.09.18 12:18:18.748,7.88867,7.89078,1.50,1.50
2013.09.18 12:18:24.658,7.88852,7.89058,1.50,1.50
2013.09.18 12:18:24.839,7.88849,7.89058,1.50,1.50
2013.09.18 12:18:24.969,7.8886,7.89085,1.50,1.35
2013.09.18 12:18:25.029,7.88881,7.89095,1.50,1.50
2013.09.18 12:18:25.149,7.88889,7.89105,1.50,1.50
2013.09.18 12:18:25.478,7.88884,7.89105,1.50,1.50
2013.09.18 12:18:25.959,7.88884,7.89113,1.50,2.25
2013.09.18 12:18:26.281,7.8889,7.89113,1.50,2.25
2013.09.18 12:18:27.408,7.8889,7.89033,1.50,1.35
2013.09.18 12:18:27.537,7.88868,7.89033,1.50,1.35
2013.09.18 12:18:27.602,7.88838,7.89033,2.25,1.35
2013.09.18 12:18:27.680,7.88838,7.89033,2.25,1.35
2013.09.18 12:18:28.659,7.88838,7.89033,2.25,1.35
2013.09.18 12:18:29.158,7.88838,7.89048,2.10,1.50
2013.09.18 12:18:29.218,7.88857,7.89052,1.35,2.25
2013.09.18 12:18:29.278,7.88888,7.89052,1.50,1.50
2013.09.18 12:18:29.785,7.88888,7.89052,2.25,1.50
2013.09.18 12:18:31.258,7.88888,7.89052,2.25,1.50
2013.09.18 12:18:34.258,7.88864,7.89052,1.50,2.10
2013.09.18 12:18:34.318,7.88864,7.89052,1.50,2.10
2013.09.18 12:18:34.498,7.88848,7.89052,1.50,1.35
2013.09.18 12:18:35.408,7.88888,7.89052,1.50,1.35
2013.09.18 12:18:35.468,7.88888,7.89069,1.50,1.50
2013.09.18 12:18:35.588,7.88888,7.89048,1.50,1.50
2013.09.18 12:18:35.648,7.88888,7.89092,1.50,1.50
2013.09.18 12:18:36.242,7.88888,7.8911,2.25,1.50
2013.09.18 12:18:36.600,7.88874,7.89068,1.50,1.35
2013.09.18 12:18:36.659,7.88858,7.89068,1.50,1.35
2013.09.18 12:18:39.310,7.88857,7.89007,1.50,1.72
2013.09.18 12:18:39.539,7.88858,7.89052,1.50,1.50
2013.09.18 12:18:39.599,7.88858,7.89052,1.50,1.50
2013.09.18 12:18:40.229,7.8886,7.89074,1.50,1.50
2013.09.18 12:18:40.288,7.88877,7.89086,1.50,1.50
2013.09.18 12:18:40.802,7.88882,7.89098,1.50,1.13
2013.09.18 12:18:41.428,7.88882,7.89098,1.50,1.13
2013.09.18 12:18:42.528,7.88877,7.89098,3.00,1.13
2013.09.18 12:18:42.588,7.88877,7.89098,3.00,1.13
2013.09.18 12:18:44.134,7.88877,7.89098,3.00,2.63
2013.09.18 12:18:46.668,7.88877,7.89078,3.00,1.50
2013.09.18 12:18:46.959,7.88877,7.89078,3.00,1.50
2013.09.18 12:18:47.869,7.88882,7.89078,1.50,1.50
2013.09.18 12:18:48.359,7.88882,7.89067,1.50,2.02
2013.09.18 12:18:48.479,7.88882,7.89073,1.50,1.58
2013.09.18 12:18:48.658,7.88882,7.89073,1.50,1.50
2013.09.18 12:18:50.428,7.88868,7.89073,2.25,1.50
2013.09.18 12:18:51.059,7.88868,7.89066,1.50,1.50
2013.09.18 12:18:51.441,7.88862,7.89066,1.50,1.50
2013.09.18 12:18:52.058,7.88862,7.89057,1.50,1.50
2013.09.18 12:18:52.122,7.88862,7.89062,1.50,1.50
2013.09.18 12:18:52.419,7.88858,7.89057,3.00,1.50
2013.09.18 12:18:52.539,7.88847,7.89053,1.50,1.50
2013.09.18 12:18:52.598,7.88847,7.89047,1.50,1.50
2013.09.18 12:18:55.049,7.88828,7.89044,3.08,1.50
2013.09.18 12:18:57.209,7.88828,7.89044,2.43,2.85
2013.09.18 12:18:57.270,7.88828,7.89042,2.43,2.85
2013.09.18 12:18:58.468,7.88818,7.89042,1.87,2.85
2013.09.18 12:18:58.790,7.88827,7.89042,2.42,2.85
2013.09.18 12:18:59.390,7.88827,7.89042,2.42,2.85
2013.09.18 12:19:00.169,7.88827,7.89042,2.42,2.10
2013.09.18 12:19:00.229,7.88818,7.89025,1.07,1.35
2013.09.18 12:19:01.803,7.88784,7.88987,1.50,2.25
2013.09.18 12:19:01.989,7.88843,7.89015,1.35,1.50
2013.09.18 12:19:02.170,7.88846,7.89052,1.50,2.48
2013.09.18 12:19:02.230,7.88837,7.89032,3.08,1.35
2013.09.18 12:19:02.350,7.88837,7.89032,2.33,1.35
2013.09.18 12:19:02.413,7.88819,7.89007,2.40,2.25
2013.09.18 12:19:02.479,7.88793,7.89007,1.37,2.25
2013.09.18 12:19:03.939,7.88772,7.88993,1.37,1.50
2013.09.18 12:19:04.298,7.88797,7.88969,1.12,1.50
2013.09.18 12:19:04.538,7.88797,7.88969,1.12,1.50
2013.09.18 12:19:04.718,7.88768,7.88979,1.49,1.50
2013.09.18 12:19:05.690,7.88774,7.88982,1.49,1.50
2013.09.18 12:19:05.928,7.88779,7.88982,1.49,1.50
2013.09.18 12:19:06.699,7.88783,7.88988,1.73,1.50
2013.09.18 12:19:06.758,7.88883,7.88988,1.50,1.50
2013.09.18 12:19:07.238,7.88883,7.89002,1.50,2.63
2013.09.18 12:19:07.298,7.88888,7.89002,1.61,2.63
2013.09.18 12:19:07.608,7.88917,7.89002,1.07,2.63
2013.09.18 12:19:07.728,7.88917,7.88987,1.07,1.50
2013.09.18 12:19:07.848,7.88849,7.88987,1.50,1.50
2013.09.18 12:19:07.909,7.88849,7.89002,1.50,2.63
2013.09.18 12:19:08.028,7.88819,7.89002,1.35,2.63
2013.09.18 12:19:08.208,7.88871,7.89002,2.10,2.63
2013.09.18 12:19:08.268,7.88878,7.89012,1.35,1.13
2013.09.18 12:19:08.448,7.88884,7.89012,1.35,1.13
2013.09.18 12:19:12.768,7.88964,7.89073,1.35,1.13
2013.09.18 12:19:13.078,7.88964,7.89067,1.35,1.13
2013.09.18 12:19:13.709,7.88964,7.89098,1.35,1.50
2013.09.18 12:19:14.349,7.88964,7.89112,1.35,1.50
2013.09.18 12:19:14.528,7.88945,7.89112,1.50,1.50
2013.09.18 12:19:15.459,7.88937,7.89129,1.50,1.50
2013.09.18 12:19:16.448,7.88929,7.89129,2.10,1.50
2013.09.18 12:19:27.110,7.88929,7.89125,1.35,1.50
2013.09.18 12:19:32.009,7.88929,7.89125,1.35,1.50
2013.09.18 12:19:33.338,7.88929,7.89125,1.35,1.50
2013.09.18 12:19:41.838,7.88929,7.89128,1.35,1.50
2013.09.18 12:19:41.969,7.88929,7.89128,1.35,1.50
2013.09.18 12:19:54.689,7.88938,7.8913,1.35,1.50
2013.09.18 12:20:08.689,7.88938,7.89133,1.35,1.50
2013.09.18 12:20:08.959,7.88938,7.89133,1.35,1.50
2013.09.18 12:20:12.340,7.88938,7.89133,1.35,1.50
2013.09.18 12:20:14.661,7.88938,7.89133,1.35,1.50
2013.09.18 12:20:25.178,7.88938,7.89135,1.35,2.25
2013.09.18 12:20:26.372,7.88938,7.89135,1.35,2.25
2013.09.18 12:20:32.529,7.88938,7.89135,1.35,2.25
2013.09.18 12:20:38.908,7.88938,7.89135,1.35,2.25
2013.09.18 12:20:38.968,7.88938,7.89134,1.35,1.50
2013.09.18 12:20:40.391,7.88938,7.89123,1.35,1.50
2013.09.18 12:20:45.850,7.88938,7.89123,1.35,1.50
2013.09.18 12:20:50.400,7.88927,7.89123,1.35,1.50
2013.09.18 12:20:54.140,7.88927,7.89121,1.35,1.50
2013.09.18 12:20:54.461,7.88927,7.89121,1.35,1.50
2013.09.18 12:21:10.861,7.88927,7.89121,1.35,1.50
2013.09.18 12:21:11.189,7.88927,7.89121,1.35,1.50
2013.09.18 12:21:13.381,7.88927,7.89121,1.35,1.50
2013.09.18 12:21:13.613,7.88927,7.89121,1.35,1.50
2013.09.18 12:21:17.297,7.88931,7.89121,1.35,1.50
2013.09.18 12:21:30.738,7.88931,7.89129,1.35,1.50
2013.09.18 12:21:30.803,7.88935,7.89138,1.50,1.50
2013.09.18 12:21:31.439,7.88935,7.89134,1.50,1.50
2013.09.18 12:21:32.422,7.88931,7.89134,1.35,1.50
2013.09.18 12:21:36.590,7.88931,7.89134,1.35,1.50
2013.09.18 12:21:51.778,7.88921,7.89095,1.35,1.50
2013.09.18 12:22:15.758,7.88932,7.89095,1.35,1.50
2013.09.18 12:22:15.939,7.88932,7.89095,1.35,1.50
2013.09.18 12:22:16.059,7.88924,7.89095,1.35,1.50
2013.09.18 12:22:20.010,7.88917,7.89095,1.35,1.50
2013.09.18 12:22:23.609,7.88917,7.89095,1.35,1.50
2013.09.18 12:22:41.631,7.88917,7.89095,2.10,1.50
2013.09.18 12:22:41.810,7.88917,7.89095,2.10,1.50
2013.09.18 12:22:45.369,7.88917,7.89095,1.35,1.50
2013.09.18 12:22:50.479,7.88917,7.89095,1.35,1.50
2013.09.18 12:22:51.910,7.88916,7.89132,1.35,1.50
2013.09.18 12:23:50.499,7.88921,7.89156,1.35,1.50
2013.09.18 12:23:52.690,7.88921,7.89156,1.35,1.50
2013.09.18 12:23:58.299,7.88914,7.89153,2.85,1.50
2013.09.18 12:24:01.116,7.88914,7.89133,2.85,1.50
2013.09.18 12:24:01.339,7.88914,7.89133,2.85,1.50
2013.09.18 12:24:30.009,7.88927,7.89107,1.35,1.50
2013.09.18 12:24:30.129,7.88927,7.89107,1.35,1.50
2013.09.18 12:24:30.189,7.88929,7.89107,1.50,1.50
2013.09.18 12:24:35.779,7.88929,7.89107,1.50,1.50
2013.09.18 12:24:36.551,7.88929,7.89107,1.50,1.50
2013.09.18 12:24:45.658,7.88929,7.89113,1.50,1.50
2013.09.18 12:24:45.718,7.88941,7.89125,1.50,1.50
2013.09.18 12:24:45.959,7.88948,7.89129,1.50,1.50
2013.09.18 12:24:46.199,7.88954,7.89133,1.50,1.50
2013.09.18 12:24:46.849,7.88954,7.89133,1.50,1.50
2013.09.18 12:24:50.361,7.88954,7.89133,1.50,1.50
2013.09.18 12:25:16.743,7.88957,7.89133,1.35,1.50
2013.09.18 12:25:34.579,7.88957,7.89133,1.35,1.50
2013.09.18 12:25:35.124,7.88967,7.89137,1.35,1.50
2013.09.18 12:25:35.310,7.88967,7.89137,1.35,1.50
2013.09.18 12:25:35.429,7.88967,7.89137,1.35,1.50
2013.09.18 12:25:36.442,7.88967,7.89137,1.35,1.50
2013.09.18 12:25:37.442,7.88967,7.89137,1.35,1.50
2013.09.18 12:25:45.597,7.88967,7.89137,1.35,1.50
2013.09.18 12:25:50.438,7.88967,7.89137,1.35,1.50
2013.09.18 12:25:50.890,7.88967,7.89137,1.35,1.50
2013.09.18 12:25:51.434,7.88967,7.89137,1.35,1.50
2013.09.18 12:26:08.141,7.88963,7.89142,1.35,1.50
2013.09.18 12:26:11.468,7.88963,7.89163,1.35,1.50
2013.09.18 12:26:19.589,7.88964,7.89176,1.50,1.50
2013.09.18 12:26:21.509,7.88963,7.89168,1.35,1.50
2013.09.18 12:26:32.010,7.88963,7.89168,1.35,1.50
2013.09.18 12:26:40.199,7.88963,7.89168,1.50,1.50
2013.09.18 12:26:40.319,7.88975,7.89168,1.50,1.50
2013.09.18 12:26:40.625,7.88975,7.89168,1.50,1.50
2013.09.18 12:26:40.809,7.88963,7.89168,1.50,1.50
2013.09.18 12:26:41.179,7.88962,7.89168,2.10,1.50
2013.09.18 12:26:41.359,7.88962,7.89168,1.35,1.50
2013.09.18 12:27:01.368,7.88962,7.89147,1.35,1.50
2013.09.18 12:27:09.902,7.88962,7.89147,1.35,1.50
2013.09.18 12:27:37.009,7.88963,7.89147,1.35,1.50
2013.09.18 12:27:37.369,7.88972,7.89147,1.50,1.50
2013.09.18 12:27:38.079,7.88972,7.89162,1.50,1.50
2013.09.18 12:27:38.141,7.88972,7.89162,1.50,1.50
2013.09.18 12:27:38.199,7.88963,7.89162,1.35,1.50
2013.09.18 12:27:45.419,7.88983,7.89162,1.35,1.50
2013.09.18 12:27:45.479,7.88991,7.8918,1.35,1.50
2013.09.18 12:27:45.780,7.88995,7.89185,1.35,1.50
2013.09.18 12:27:45.840,7.88995,7.89185,1.35,1.50
2013.09.18 12:27:46.601,7.88995,7.89185,1.35,1.50
2013.09.18 12:27:47.491,7.89002,7.89185,1.50,1.50
2013.09.18 12:27:50.416,7.89002,7.89185,1.50,1.50
2013.09.18 12:27:50.789,7.89002,7.89185,1.50,1.50
2013.09.18 12:27:50.973,7.88995,7.89185,2.10,1.50
2013.09.18 12:27:51.220,7.89004,7.89193,1.50,1.50
2013.09.18 12:27:52.209,7.89004,7.89193,1.50,1.50
2013.09.18 12:27:53.331,7.89004,7.89193,1.50,1.50
2013.09.18 12:27:55.710,7.89004,7.89193,2.25,1.50
2013.09.18 12:28:07.929,7.89004,7.89223,1.50,2.25
2013.09.18 12:28:16.369,7.89002,7.89223,1.50,2.25
2013.09.18 12:28:27.381,7.89011,7.89223,1.35,2.25
2013.09.18 12:28:27.514,7.89011,7.89223,1.35,2.25
2013.09.18 12:28:28.362,7.89011,7.89223,1.35,2.25
2013.09.18 12:28:28.749,7.89011,7.89223,1.35,2.25
2013.09.18 12:28:28.811,7.89011,7.89223,1.35,2.25
2013.09.18 12:28:28.930,7.89011,7.89223,1.35,2.25
2013.09.18 12:28:29.350,7.89011,7.89223,1.35,2.25
2013.09.18 12:28:29.730,7.89011,7.89223,1.35,2.25
2013.09.18 12:28:30.121,7.89013,7.89223,1.50,2.25
2013.09.18 12:28:30.621,7.89013,7.89223,1.50,2.25
2013.09.18 12:28:30.740,7.89034,7.89223,1.35,2.25
2013.09.18 12:28:31.100,7.89042,7.8922,1.35,1.50
2013.09.18 12:28:31.903,7.89042,7.8922,1.35,1.50
2013.09.18 12:28:32.440,7.89042,7.8922,1.35,1.50
2013.09.18 12:28:34.863,7.89042,7.8922,1.35,1.50
2013.09.18 12:28:35.401,7.89042,7.8922,1.35,1.50
2013.09.18 12:28:35.583,7.89042,7.8922,1.35,1.50
2013.09.18 12:28:35.709,7.89042,7.8922,1.35,1.50
2013.09.18 12:28:36.710,7.89042,7.8922,1.35,1.50
2013.09.18 12:28:37.249,7.89042,7.8922,1.35,1.50
2013.09.18 12:28:45.360,7.89042,7.8922,1.35,1.50
2013.09.18 12:28:45.561,7.89042,7.8922,1.35,1.50
2013.09.18 12:28:50.469,7.89042,7.8922,1.35,1.50
2013.09.18 12:28:55.679,7.89042,7.8922,1.35,1.50
2013.09.18 12:28:56.419,7.89042,7.8922,1.35,1.50
2013.09.18 12:29:12.579,7.89047,7.89274,1.35,1.50
2013.09.18 12:29:23.289,7.89047,7.89272,1.35,1.50
2013.09.18 12:29:30.319,7.89107,7.89287,2.25,1.50
2013.09.18 12:29:32.820,7.89119,7.89305,2.25,1.50
2013.09.18 12:29:33.129,7.89139,7.89305,1.50,1.50
2013.09.18 12:29:40.271,7.89139,7.89227,1.50,1.50
2013.09.18 12:29:42.644,7.89139,7.89257,1.50,1.50
2013.09.18 12:29:43.411,7.89139,7.89257,1.50,1.50
2013.09.18 12:29:45.343,7.89139,7.89257,1.50,1.50
2013.09.18 12:29:45.589,7.89153,7.89257,1.50,1.50
2013.09.18 12:29:49.950,7.89153,7.89302,1.50,2.25
2013.09.18 12:29:50.462,7.89153,7.89302,1.50,2.25
2013.09.18 12:29:51.002,7.89145,7.89302,1.50,1.50
2013.09.18 12:29:51.791,7.8909,7.89302,1.50,1.50
2013.09.18 12:29:52.761,7.8909,7.89302,1.50,2.25
2013.09.18 12:29:53.101,7.8909,7.89302,1.50,2.25
2013.09.18 12:29:55.321,7.89038,7.89302,1.50,2.25
2013.09.18 12:29:55.392,7.89038,7.89302,1.50,2.25
2013.09.18 12:29:55.572,7.89058,7.89322,1.50,2.25
2013.09.18 12:29:56.341,7.89058,7.89322,1.50,2.25
2013.09.18 12:29:57.382,7.89058,7.89322,1.50,2.25
2013.09.18 12:30:02.156,7.89058,7.89322,1.50,2.25
2013.09.18 12:30:06.430,7.89058,7.89322,1.50,1.50
2013.09.18 12:30:10.202,7.89058,7.89322,2.25,2.25
2013.09.18 12:30:15.882,7.89058,7.89322,2.25,3.75
2013.09.18 12:30:21.843,7.89065,7.89317,1.50,1.50
2013.09.18 12:30:22.792,7.89072,7.89317,1.50,1.50
2013.09.18 12:30:23.798,7.89072,7.89298,1.50,1.50
2013.09.18 12:30:24.903,7.89072,7.89312,1.50,1.50
2013.09.18 12:30:26.860,7.89079,7.89312,1.50,1.50
2013.09.18 12:30:27.650,7.89079,7.89297,1.50,1.50
2013.09.18 12:30:31.862,7.89079,7.89313,1.50,1.50
2013.09.18 12:30:32.392,7.89156,7.89313,2.25,1.50
2013.09.18 12:30:32.511,7.89091,7.89312,1.50,1.50
2013.09.18 12:30:36.959,7.89117,7.89312,1.50,1.50
2013.09.18 12:30:41.671,7.89091,7.89297,1.50,1.50
2013.09.18 12:30:42.442,7.89098,7.89297,1.50,1.50
2013.09.18 12:31:08.442,7.8909,7.89297,1.50,1.50
2013.09.18 12:31:08.680,7.89097,7.89297,1.50,1.50
2013.09.18 12:31:37.106,7.89093,7.89307,1.50,1.50
2013.09.18 12:31:45.750,7.89098,7.89315,1.50,1.50
2013.09.18 12:31:48.390,7.89079,7.89315,1.50,1.50
2013.09.18 12:32:06.410,7.89079,7.89315,1.50,1.50
2013.09.18 12:32:11.933,7.89076,7.89315,2.10,1.50
2013.09.18 12:32:12.150,7.89077,7.89315,1.50,1.50
2013.09.18 12:32:21.133,7.89076,7.89315,1.50,1.50
2013.09.18 12:32:21.690,7.89078,7.89315,1.50,1.50
2013.09.18 12:32:26.809,7.89078,7.89313,1.50,1.50
2013.09.18 12:32:44.571,7.89078,7.89313,1.50,1.50
2013.09.18 12:32:45.759,7.89088,7.89317,1.50,1.50
2013.09.18 12:32:58.910,7.89087,7.89267,1.50,3.47
2013.09.18 12:32:59.032,7.89083,7.89257,1.50,1.50
2013.09.18 12:32:59.271,7.89087,7.89257,1.50,1.50
2013.09.18 12:32:59.510,7.89041,7.89257,1.50,1.50
2013.09.18 12:33:00.304,7.89041,7.89257,1.50,6.75
2013.09.18 12:33:01.451,7.89041,7.89257,1.50,6.75
2013.09.18 12:33:06.990,7.89073,7.89257,1.35,1.50
2013.09.18 12:33:07.291,7.89073,7.89262,1.35,1.50
2013.09.18 12:33:08.120,7.89085,7.89292,1.50,1.50
2013.09.18 12:33:08.300,7.89101,7.89292,1.50,1.50
2013.09.18 12:33:10.350,7.89106,7.89267,1.50,1.50
2013.09.18 12:33:19.339,7.89098,7.89301,1.50,1.50
2013.09.18 12:33:20.379,7.89098,7.89303,1.50,1.50
2013.09.18 12:33:20.500,7.89098,7.89303,1.50,1.50
2013.09.18 12:33:20.620,7.89098,7.89303,1.50,1.50
2013.09.18 12:33:21.449,7.89108,7.89297,1.50,1.50
2013.09.18 12:33:27.990,7.89108,7.89297,1.50,1.50
2013.09.18 12:33:29.806,7.89108,7.89297,1.50,1.50
2013.09.18 12:33:29.965,7.89108,7.893,1.50,1.50
2013.09.18 12:33:31.391,7.89097,7.893,1.50,1.50
2013.09.18 12:33:34.541,7.89108,7.89302,1.50,1.50
2013.09.18 12:33:34.921,7.89097,7.89302,1.50,1.50
2013.09.18 12:33:35.899,7.89105,7.89302,1.50,1.50
2013.09.18 12:33:38.651,7.89097,7.89302,1.50,1.50
2013.09.18 12:33:38.874,7.89097,7.89302,1.50,1.50
2013.09.18 12:33:41.400,7.89097,7.89304,1.50,1.50
2013.09.18 12:33:44.601,7.89097,7.89304,1.50,1.50
2013.09.18 12:33:53.131,7.89097,7.89304,1.50,1.50
2013.09.18 12:33:55.651,7.89097,7.89304,1.50,1.50
2013.09.18 12:33:56.101,7.89097,7.89304,1.50,1.50
2013.09.18 12:33:58.223,7.89148,7.89327,1.50,1.50
2013.09.18 12:33:58.400,7.89166,7.89344,1.50,1.13
2013.09.18 12:33:58.462,7.89187,7.89344,2.25,1.13
2013.09.18 12:33:58.650,7.89227,7.89352,1.50,1.13
2013.09.18 12:33:58.770,7.89213,7.89352,1.50,1.13
2013.09.18 12:33:58.890,7.89204,7.89349,1.50,1.13
2013.09.18 12:33:59.663,7.89166,7.89347,1.50,2.25
2013.09.18 12:33:59.720,7.89166,7.89347,1.50,2.25
2013.09.18 12:34:00.561,7.89144,7.89347,1.50,2.25
2013.09.18 12:34:00.621,7.89153,7.89347,1.50,2.25
2013.09.18 12:34:02.361,7.89153,7.89347,1.50,2.25
2013.09.18 12:34:03.300,7.89153,7.89347,1.50,2.25
2013.09.18 12:34:05.902,7.89145,7.89347,1.50,2.25
2013.09.18 12:34:06.243,7.89153,7.89347,1.50,2.25
2013.09.18 12:34:06.530,7.89153,7.89347,1.50,2.25
2013.09.18 12:34:18.950,7.89153,7.89347,1.50,1.50
2013.09.18 12:34:31.660,7.89154,7.89347,1.50,1.50
2013.09.18 12:34:33.430,7.89147,7.89347,1.50,2.25
2013.09.18 12:34:34.311,7.89148,7.89347,1.50,2.25
2013.09.18 12:34:42.020,7.89157,7.89347,1.50,1.50
2013.09.18 12:34:51.881,7.89148,7.89347,1.50,2.25
2013.09.18 12:34:51.940,7.89147,7.89359,2.25,1.35
2013.09.18 12:35:14.555,7.89177,7.89365,1.50,1.50
2013.09.18 12:35:14.886,7.89157,7.89365,1.50,1.50
2013.09.18 12:35:35.480,7.89149,7.89358,1.50,2.25
2013.09.18 12:35:35.600,7.89117,7.89336,1.50,1.50
2013.09.18 12:35:35.931,7.89117,7.89328,1.50,2.25
2013.09.18 12:35:45.812,7.89118,7.89317,1.50,1.50
2013.09.18 12:35:49.480,7.89116,7.89323,1.35,2.25
2013.09.18 12:35:49.661,7.89132,7.89346,1.50,1.50
2013.09.18 12:35:49.780,7.89123,7.89344,1.50,1.50
2013.09.18 12:35:51.441,7.89138,7.89349,1.50,3.00
2013.09.18 12:35:56.403,7.89138,7.89354,2.25,1.50
2013.09.18 12:35:59.950,7.89138,7.89354,1.50,1.50
2013.09.18 12:36:01.542,7.89148,7.89354,1.50,1.50
2013.09.18 12:36:01.663,7.89138,7.89354,1.50,1.50
2013.09.18 12:36:09.920,7.89146,7.8936,1.50,1.50
2013.09.18 12:36:11.411,7.89146,7.8936,1.50,1.50
2013.09.18 12:36:12.180,7.89148,7.8936,1.50,1.50
2013.09.18 12:36:20.424,7.89157,7.8936,2.25,1.50
2013.09.18 12:36:20.491,7.89157,7.89356,2.25,3.60
2013.09.18 12:36:20.670,7.8914,7.89348,1.35,1.50
2013.09.18 12:36:21.111,7.89175,7.89384,1.50,1.50
2013.09.18 12:36:26.211,7.89183,7.89384,1.50,1.50
2013.09.18 12:36:26.392,7.89183,7.89384,1.50,1.50
2013.09.18 12:36:26.780,7.89177,7.89378,1.50,1.50
2013.09.18 12:36:26.862,7.89177,7.89376,1.50,1.50
2013.09.18 12:36:26.921,7.89188,7.89392,1.50,1.50
2013.09.18 12:36:27.880,7.89167,7.89376,1.50,1.50
2013.09.18 12:36:28.240,7.89158,7.89371,1.50,1.50
2013.09.18 12:36:29.402,7.89157,7.8937,1.50,1.50
2013.09.18 12:36:30.562,7.89178,7.8937,1.50,1.50
2013.09.18 12:36:33.801,7.89157,7.8937,1.50,1.50
2013.09.18 12:36:37.959,7.89158,7.8937,1.50,1.50
2013.09.18 12:36:38.021,7.89158,7.8937,1.50,1.50
2013.09.18 12:36:40.954,7.89168,7.89373,1.50,2.25
2013.09.18 12:36:42.497,7.8917,7.89373,1.50,2.25
2013.09.18 12:36:44.413,7.89178,7.89373,1.50,2.25
2013.09.18 12:36:45.402,7.8917,7.89373,1.50,2.25
2013.09.18 12:36:54.681,7.89198,7.89373,1.50,2.25
2013.09.18 12:36:54.742,7.89198,7.89373,1.50,2.25
2013.09.18 12:36:54.922,7.89193,7.89403,1.50,2.25
2013.09.18 12:36:55.041,7.89184,7.89403,1.50,1.50
2013.09.18 12:36:55.101,7.89184,7.89393,1.50,1.50
2013.09.18 12:36:55.412,7.89187,7.894,1.50,1.50
2013.09.18 12:36:55.720,7.89187,7.89401,1.50,1.50
2013.09.18 12:36:56.450,7.89187,7.89401,1.50,1.50
2013.09.18 12:37:03.981,7.89187,7.89401,1.50,1.50
2013.09.18 12:37:05.423,7.89187,7.89401,1.50,1.50
2013.09.18 12:37:06.651,7.89187,7.89388,1.50,1.35
2013.09.18 12:37:06.711,7.89187,7.89341,1.50,1.50
2013.09.18 12:37:06.952,7.89134,7.89341,1.50,1.50
2013.09.18 12:37:07.191,7.89153,7.89369,2.25,1.50
2013.09.18 12:37:07.252,7.89174,7.89382,1.50,1.50
2013.09.18 12:37:07.502,7.89164,7.89382,1.50,1.50
2013.09.18 12:37:07.950,7.89158,7.89377,1.50,1.50
2013.09.18 12:37:08.011,7.89158,7.89364,1.50,1.50
2013.09.18 12:37:08.070,7.89158,7.89358,1.50,1.50
2013.09.18 12:37:08.393,7.89166,7.89372,1.50,1.50
2013.09.18 12:37:08.803,7.89166,7.89364,1.50,1.50
2013.09.18 12:37:09.171,7.89157,7.89364,1.50,1.50
2013.09.18 12:37:10.391,7.89157,7.89364,1.50,1.50
2013.09.18 12:37:18.433,7.89157,7.89364,1.50,1.50
2013.09.18 12:37:18.890,7.89157,7.89364,1.50,1.50
2013.09.18 12:37:22.430,7.89157,7.89364,1.50,1.50
2013.09.18 12:37:22.610,7.89157,7.89364,2.25,1.50
2013.09.18 12:37:23.380,7.89158,7.89364,1.50,1.50
2013.09.18 12:37:33.010,7.89165,7.89365,1.50,1.50
2013.09.18 12:37:38.900,7.89165,7.89365,1.50,1.50
2013.09.18 12:37:38.966,7.89165,7.89373,1.50,2.25
2013.09.18 12:38:09.362,7.89197,7.89406,1.50,1.50
2013.09.18 12:38:13.481,7.89197,7.89406,1.50,2.10
2013.09.18 12:38:13.600,7.89205,7.89406,1.50,2.10
2013.09.18 12:38:13.851,7.8918,7.89387,1.50,3.00
2013.09.18 12:38:14.721,7.8918,7.89387,1.50,3.00
2013.09.18 12:38:15.932,7.8918,7.89392,1.50,1.50
2013.09.18 12:38:16.172,7.8921,7.89415,1.50,1.13
2013.09.18 12:38:29.161,7.8921,7.89402,1.50,1.35
2013.09.18 12:38:29.221,7.89191,7.89376,1.50,1.35
2013.09.18 12:38:29.283,7.89192,7.89358,2.25,2.25
2013.09.18 12:38:29.401,7.89196,7.89358,1.50,2.25
2013.09.18 12:38:29.461,7.89179,7.89358,1.50,2.25
2013.09.18 12:38:34.931,7.89157,7.89358,1.50,1.50
2013.09.18 12:38:40.742,7.89189,7.89358,1.35,1.50
2013.09.18 12:38:40.981,7.89189,7.89366,1.50,1.50
2013.09.18 12:38:41.041,7.89195,7.89366,1.50,1.50
2013.09.18 12:38:41.221,7.89182,7.89366,1.50,2.25
2013.09.18 12:38:42.321,7.89175,7.89366,1.50,3.00
2013.09.18 12:38:43.388,7.89175,7.89362,1.50,3.75
2013.09.18 12:38:44.380,7.89175,7.89362,1.50,3.75
2013.09.18 12:38:53.862,7.89147,7.89348,1.50,1.50
2013.09.18 12:38:54.292,7.89147,7.89348,1.50,1.50
2013.09.18 12:38:56.201,7.8913,7.89348,1.50,1.50
2013.09.18 12:38:56.321,7.89127,7.89344,1.50,1.50
2013.09.18 12:39:06.861,7.89127,7.89328,1.50,1.50
2013.09.18 12:39:12.758,7.89122,7.89328,1.50,1.50
2013.09.18 12:39:25.461,7.89103,7.89322,1.50,1.50
2013.09.18 12:40:00.171,7.89096,7.89317,1.50,1.50
2013.09.18 12:40:00.231,7.89096,7.89317,1.50,1.50
2013.09.18 12:40:01.352,7.89096,7.89317,1.50,2.25
2013.09.18 12:40:05.911,7.89096,7.89317,1.50,1.50
2013.09.18 12:40:06.211,7.89084,7.89298,1.50,1.50
2013.09.18 12:40:06.271,7.89084,7.89298,1.50,1.50
2013.09.18 12:40:07.931,7.89084,7.89288,1.50,1.50
2013.09.18 12:40:07.992,7.89079,7.89278,1.35,1.50
2013.09.18 12:40:08.122,7.89084,7.89298,1.50,1.50
2013.09.18 12:40:08.602,7.89084,7.89298,1.50,1.50
2013.09.18 12:40:09.444,7.89084,7.89297,1.50,1.50
2013.09.18 12:40:19.813,7.89075,7.89296,1.35,1.50
2013.09.18 12:40:19.933,7.89075,7.89218,1.35,1.50
2013.09.18 12:40:19.992,7.89072,7.89218,1.50,1.50
2013.09.18 12:40:20.172,7.89075,7.89218,1.35,1.50
2013.09.18 12:40:20.352,7.89075,7.89273,1.35,1.50
2013.09.18 12:40:20.412,7.89067,7.89273,2.25,1.50
2013.09.18 12:40:20.472,7.89067,7.89273,1.50,1.50
2013.09.18 12:40:21.661,7.89067,7.89263,1.50,1.50
2013.09.18 12:40:37.301,7.89067,7.89264,1.50,1.50
2013.09.18 12:40:37.602,7.89067,7.89264,1.50,1.50
2013.09.18 12:41:13.111,7.89037,7.89256,1.35,1.50
2013.09.18 12:41:21.322,7.89029,7.89207,1.35,1.50
2013.09.18 12:41:24.553,7.8902,7.89207,1.35,1.50
2013.09.18 12:41:27.182,7.89011,7.89227,1.50,2.25
2013.09.18 12:41:27.361,7.89007,7.89223,1.50,3.75
2013.09.18 12:41:27.421,7.89004,7.89222,1.50,3.00
2013.09.18 12:41:27.542,7.88998,7.89217,1.50,1.50
2013.09.18 12:41:28.352,7.88988,7.89207,1.50,1.50
2013.09.18 12:41:28.721,7.88988,7.89207,1.50,1.50
2013.09.18 12:41:28.961,7.88987,7.89154,1.50,1.35
2013.09.18 12:41:29.081,7.88988,7.89154,1.50,1.35
2013.09.18 12:41:29.141,7.88978,7.89154,1.60,1.35
2013.09.18 12:41:29.261,7.88978,7.89154,1.60,1.35
2013.09.18 12:41:29.859,7.88939,7.89138,1.50,1.50
2013.09.18 12:41:29.929,7.88927,7.89132,1.50,1.50
2013.09.18 12:41:30.472,7.88927,7.89132,1.50,1.50
2013.09.18 12:41:31.487,7.88928,7.8912,1.50,1.50
2013.09.18 12:41:32.191,7.88938,7.8912,1.50,1.50
2013.09.18 12:41:32.605,7.88901,7.8912,1.50,1.50
2013.09.18 12:41:34.821,7.88901,7.8912,1.50,1.50
2013.09.18 12:41:35.002,7.88901,7.8912,1.50,1.50
2013.09.18 12:41:35.651,7.88901,7.8912,1.50,1.50
2013.09.18 12:41:35.791,7.88901,7.8912,1.50,1.50
2013.09.18 12:41:35.851,7.88917,7.89123,1.50,1.50
2013.09.18 12:41:35.971,7.88917,7.89123,1.50,1.50
2013.09.18 12:41:37.334,7.88924,7.89123,1.50,1.50
2013.09.18 12:41:40.352,7.88907,7.89118,1.50,1.50
2013.09.18 12:41:40.491,7.88907,7.89118,1.50,1.50
2013.09.18 12:41:42.463,7.88907,7.89108,1.50,1.50
2013.09.18 12:41:46.021,7.88907,7.89108,1.50,1.50
2013.09.18 12:41:51.070,7.88895,7.89088,1.50,1.50
2013.09.18 12:41:51.312,7.88895,7.89103,1.50,1.50
2013.09.18 12:41:51.371,7.88895,7.89088,1.50,1.50
2013.09.18 12:41:51.823,7.889,7.89103,2.25,1.50
2013.09.18 12:42:07.723,7.88911,7.89103,1.50,1.50
2013.09.18 12:42:07.844,7.88907,7.89103,1.50,1.50
2013.09.18 12:42:09.456,7.88896,7.89088,1.50,1.50
2013.09.18 12:42:12.832,7.88895,7.8911,1.50,1.35
2013.09.18 12:42:12.891,7.88882,7.8911,1.50,1.35
2013.09.18 12:42:12.952,7.88878,7.89098,2.25,1.50
2013.09.18 12:42:13.011,7.88878,7.89098,2.25,1.50
2013.09.18 12:42:13.722,7.88878,7.89097,2.25,1.50
2013.09.18 12:42:14.751,7.88878,7.89093,1.50,1.50
2013.09.18 12:42:19.242,7.8887,7.89093,1.50,1.50
2013.09.18 12:42:19.421,7.88874,7.89093,2.25,1.50
2013.09.18 12:42:19.865,7.88887,7.89112,1.50,2.25
2013.09.18 12:42:20.414,7.889,7.89112,1.50,2.25
2013.09.18 12:42:21.403,7.889,7.89112,1.50,2.25
2013.09.18 12:42:21.661,7.88874,7.89065,1.50,1.35
2013.09.18 12:42:21.781,7.88874,7.89065,1.50,1.35
2013.09.18 12:42:21.902,7.88856,7.89065,1.50,1.35
2013.09.18 12:42:22.021,7.88856,7.89062,1.50,2.85
2013.09.18 12:42:22.681,7.88856,7.89062,1.50,2.85
2013.09.18 12:42:22.864,7.88848,7.89062,2.25,2.85
2013.09.18 12:42:43.311,7.88858,7.89062,1.50,2.85
2013.09.18 12:42:51.601,7.88834,7.89028,1.50,1.50
2013.09.18 12:42:56.472,7.88852,7.89062,1.50,2.25
2013.09.18 12:42:56.593,7.88856,7.89062,1.50,2.25
2013.09.18 12:42:56.772,7.88858,7.89062,1.50,2.25
2013.09.18 12:42:58.022,7.8886,7.89062,1.50,2.25
2013.09.18 12:42:59.423,7.88866,7.89062,1.50,2.25
2013.09.18 12:43:00.912,7.8886,7.89062,1.50,2.25
2013.09.18 12:43:00.971,7.88865,7.89062,1.50,2.25
2013.09.18 12:43:01.211,7.88866,7.8908,1.50,1.50
2013.09.18 12:43:01.622,7.8887,7.89099,1.50,1.50
2013.09.18 12:43:10.241,7.88885,7.89099,1.35,1.50
2013.09.18 12:43:10.363,7.88913,7.89123,1.50,1.50
2013.09.18 12:43:10.423,7.88917,7.89123,1.50,1.50
2013.09.18 12:43:10.541,7.88917,7.89132,1.50,1.50
2013.09.18 12:43:10.985,7.88917,7.89132,2.25,1.50
2013.09.18 12:43:11.641,7.88917,7.89126,2.25,1.50
2013.09.18 12:43:11.761,7.88897,7.89115,2.25,1.35
2013.09.18 12:43:11.822,7.88897,7.89111,1.50,1.50
2013.09.18 12:43:12.002,7.88907,7.89111,1.35,1.50
2013.09.18 12:43:12.122,7.88917,7.89113,1.50,1.50
2013.09.18 12:43:12.642,7.88915,7.89113,1.50,1.50
2013.09.18 12:43:12.709,7.88915,7.89113,1.50,1.50
2013.09.18 12:43:12.951,7.88908,7.89132,1.50,1.50
2013.09.18 12:43:13.133,7.88907,7.89127,1.35,1.50
2013.09.18 12:43:13.192,7.88907,7.89118,1.35,1.50
2013.09.18 12:43:13.311,7.88907,7.89123,2.10,1.50
2013.09.18 12:43:13.671,7.88861,7.8908,1.50,1.50
2013.09.18 12:43:14.211,7.88853,7.89072,1.50,1.50
2013.09.18 12:43:16.023,7.88874,7.89068,1.50,1.50
2013.09.18 12:43:16.172,7.88872,7.89075,1.35,1.50
2013.09.18 12:43:16.293,7.88894,7.89075,1.50,1.50
2013.09.18 12:43:16.472,7.88888,7.89099,1.50,1.50
2013.09.18 12:43:16.591,7.88877,7.89103,3.00,1.50
2013.09.18 12:43:16.892,7.88891,7.89103,1.50,1.50
2013.09.18 12:43:16.951,7.88872,7.89105,1.35,1.50
2013.09.18 12:43:17.501,7.88878,7.89112,1.50,1.50
2013.09.18 12:43:17.681,7.88878,7.89112,1.50,1.50
2013.09.18 12:43:17.861,7.88886,7.89112,1.50,1.50
2013.09.18 12:43:18.493,7.88886,7.89107,1.50,1.50
2013.09.18 12:43:18.553,7.88878,7.89099,1.50,1.50
2013.09.18 12:43:18.612,7.88872,7.89088,1.35,1.50
2013.09.18 12:43:18.671,7.88872,7.89088,1.35,1.50
2013.09.18 12:43:18.972,7.8886,7.89081,1.50,1.50
2013.09.18 12:43:25.850,7.88888,7.89109,1.50,1.50
2013.09.18 12:43:27.411,7.88893,7.89109,1.50,1.50
2013.09.18 12:43:27.622,7.88907,7.89109,1.35,1.50
2013.09.18 12:43:28.272,7.88911,7.89125,1.50,1.50
2013.09.18 12:43:28.392,7.88911,7.89125,1.50,1.50
2013.09.18 12:43:29.271,7.88907,7.89124,1.35,1.50
2013.09.18 12:43:29.391,7.88907,7.89117,1.35,1.50
2013.09.18 12:43:30.461,7.88907,7.89117,1.35,1.50
2013.09.18 12:43:34.627,7.88908,7.89107,1.50,1.50
2013.09.18 12:43:35.100,7.88912,7.89123,1.50,1.50
2013.09.18 12:43:38.293,7.88927,7.89123,1.50,1.50
2013.09.18 12:43:48.382,7.88932,7.89142,1.50,1.50
2013.09.18 12:44:21.672,7.88907,7.8913,1.50,1.50
2013.09.18 12:44:21.732,7.88948,7.8913,1.35,1.50
2013.09.18 12:44:21.912,7.88957,7.89164,2.85,1.13
2013.09.18 12:44:22.151,7.88957,7.89182,1.35,1.88
2013.09.18 12:44:22.272,7.88957,7.89171,1.35,1.13
2013.09.18 12:44:22.331,7.88957,7.89176,3.60,1.13
2013.09.18 12:44:23.012,7.88957,7.89182,5.10,1.13
2013.09.18 12:44:23.901,7.88958,7.89182,2.25,1.88
2013.09.18 12:44:23.963,7.88958,7.89182,1.50,1.50
2013.09.18 12:44:24.081,7.88958,7.89182,2.25,1.50
2013.09.18 12:44:24.201,7.88958,7.89185,3.00,1.50
2013.09.18 12:44:25.331,7.88969,7.89185,1.50,1.50
2013.09.18 12:44:26.321,7.88969,7.89185,1.50,1.50
2013.09.18 12:44:29.681,7.89001,7.89205,2.48,1.50
2013.09.18 12:44:29.801,7.89027,7.89205,1.50,1.50
2013.09.18 12:44:29.861,7.89027,7.89213,2.25,1.50
2013.09.18 12:44:30.162,7.89033,7.89213,1.50,1.50
2013.09.18 12:44:30.702,7.89033,7.89223,1.50,1.50
2013.09.18 12:44:31.133,7.89033,7.89223,3.00,1.50
2013.09.18 12:44:31.842,7.89043,7.89223,1.50,1.50
2013.09.18 12:44:32.081,7.89043,7.89271,1.50,1.50
2013.09.18 12:44:33.383,7.89037,7.89271,1.50,1.50
2013.09.18 12:44:38.892,7.89037,7.89282,1.50,1.50
2013.09.18 12:44:39.013,7.89057,7.89282,1.35,1.50
2013.09.18 12:44:39.072,7.8907,7.89284,1.50,1.50
2013.09.18 12:44:39.132,7.89074,7.89293,1.50,2.25
2013.09.18 12:44:40.092,7.89074,7.89293,1.50,2.25
2013.09.18 12:44:41.067,7.89082,7.89293,1.50,2.25
2013.09.18 12:44:42.442,7.89082,7.89293,1.50,1.50
2013.09.18 12:44:48.221,7.89082,7.89293,1.50,1.50
2013.09.18 12:44:51.223,7.89146,7.89293,2.10,1.50
2013.09.18 12:44:51.282,7.89168,7.89344,2.85,1.50
2013.09.18 12:44:51.402,7.89171,7.89353,1.35,1.50
2013.09.18 12:44:51.461,7.89178,7.89363,1.50,1.13
2013.09.18 12:44:51.761,7.89178,7.89363,1.50,1.13
2013.09.18 12:44:52.062,7.89268,7.89412,2.10,1.13
2013.09.18 12:44:52.522,7.89271,7.89443,1.35,1.88
2013.09.18 12:44:52.829,7.89271,7.89443,1.35,1.13
2013.09.18 12:44:53.242,7.89284,7.89443,1.35,1.13
2013.09.18 12:44:53.482,7.89317,7.89463,2.25,1.50
2013.09.18 12:44:53.842,7.89317,7.89463,1.50,1.50
2013.09.18 12:44:55.158,7.89317,7.89463,2.25,1.50
2013.09.18 12:44:57.504,7.89317,7.89542,2.25,1.50
2013.09.18 12:45:00.083,7.89317,7.89542,1.50,1.50
2013.09.18 12:45:04.852,7.89317,7.89542,2.25,1.50
2013.09.18 12:45:11.806,7.89317,7.89436,2.25,2.10
2013.09.18 12:45:11.992,7.89317,7.89436,1.50,2.48
2013.09.18 12:45:12.115,7.89272,7.89403,4.40,3.00
2013.09.18 12:45:12.182,7.89198,7.89387,1.50,1.50
2013.09.18 12:45:12.241,7.89172,7.89387,1.50,1.50
2013.09.18 12:45:12.541,7.89188,7.89386,1.35,1.50
2013.09.18 12:45:12.661,7.89178,7.89382,1.66,3.00
2013.09.18 12:45:12.787,7.89173,7.89382,1.35,1.50
2013.09.18 12:45:12.852,7.89173,7.89382,1.35,1.50
2013.09.18 12:45:13.152,7.89145,7.89378,1.35,1.50
2013.09.18 12:45:13.211,7.89145,7.89364,1.35,1.13
2013.09.18 12:45:13.451,7.89086,7.89307,1.50,2.85
2013.09.18 12:45:14.090,7.89128,7.89307,1.50,1.35
2013.09.18 12:45:14.392,7.89128,7.89307,1.50,1.50
2013.09.18 12:45:14.451,7.89128,7.89342,1.50,1.13
2013.09.18 12:45:14.511,7.89128,7.89348,2.25,1.13
2013.09.18 12:45:16.141,7.89128,7.89368,2.25,1.50
2013.09.18 12:45:16.261,7.89138,7.89368,1.50,1.50
2013.09.18 12:45:16.381,7.89145,7.89374,1.50,1.50
2013.09.18 12:45:16.502,7.89142,7.89377,1.50,1.50
2013.09.18 12:45:17.811,7.89169,7.89384,1.50,1.50
2013.09.18 12:45:18.131,7.89169,7.89384,1.50,1.50
2013.09.18 12:45:18.492,7.89178,7.89393,1.50,1.50
2013.09.18 12:45:19.113,7.89186,7.89393,1.50,1.50
2013.09.18 12:45:19.462,7.89196,7.89393,1.50,1.50
2013.09.18 12:45:19.701,7.89187,7.89393,1.50,1.50
2013.09.18 12:45:19.882,7.89195,7.89393,1.50,1.50
2013.09.18 12:45:20.352,7.89205,7.89393,1.50,1.50
2013.09.18 12:45:20.888,7.89204,7.89393,1.50,1.50
2013.09.18 12:45:21.592,7.89193,7.89393,1.50,1.50
2013.09.18 12:45:22.181,7.892,7.89393,1.50,1.50
2013.09.18 12:45:22.541,7.89235,7.89393,1.50,1.50
2013.09.18 12:45:22.799,7.89235,7.8948,1.50,1.69
2013.09.18 12:45:22.974,7.89235,7.8948,1.50,1.69
2013.09.18 12:45:23.272,7.89243,7.8948,1.50,1.50
2013.09.18 12:45:23.334,7.89243,7.89487,1.50,1.50
2013.09.18 12:45:23.872,7.89252,7.89503,1.50,2.25
2013.09.18 12:45:24.231,7.89265,7.89503,1.50,2.25
2013.09.18 12:45:24.595,7.89273,7.89503,1.50,1.50
2013.09.18 12:45:25.342,7.8928,7.89503,1.50,1.50
2013.09.18 12:45:25.701,7.89289,7.89503,1.50,1.50
2013.09.18 12:45:26.451,7.89281,7.89503,1.50,1.50
2013.09.18 12:45:27.672,7.89279,7.89503,1.50,2.25
2013.09.18 12:45:27.732,7.89279,7.89503,1.50,2.85
2013.09.18 12:45:27.852,7.89276,7.89497,1.50,1.35
2013.09.18 12:45:28.232,7.89276,7.89497,1.50,1.35
2013.09.18 12:45:28.952,7.89276,7.89497,1.50,2.10
2013.09.18 12:45:29.291,7.89279,7.89497,1.50,1.35
2013.09.18 12:45:30.372,7.8928,7.89497,1.50,1.35
2013.09.18 12:45:32.212,7.8928,7.89497,1.50,1.35
2013.09.18 12:45:33.352,7.8928,7.89497,1.50,1.35
2013.09.18 12:45:37.770,7.8928,7.89503,1.50,2.10
2013.09.18 12:45:44.931,7.89273,7.89497,1.50,1.35
2013.09.18 12:45:45.133,7.89273,7.89503,1.50,2.85
2013.09.18 12:45:48.803,7.89286,7.89498,1.50,1.35
2013.09.18 12:45:53.704,7.89321,7.89552,2.25,1.50
2013.09.18 12:45:53.832,7.89341,7.89552,1.50,1.50
2013.09.18 12:45:54.892,7.89348,7.89552,1.50,1.50
2013.09.18 12:45:55.271,7.89356,7.89552,1.50,1.50
2013.09.18 12:45:58.155,7.89363,7.89552,1.50,1.50
2013.09.18 12:45:59.572,7.89356,7.89552,1.50,1.50
2013.09.18 12:45:59.692,7.89348,7.89552,1.50,1.50
2013.09.18 12:46:03.631,7.89347,7.89427,2.25,1.50
2013.09.18 12:46:03.753,7.89327,7.89417,2.48,2.10
2013.09.18 12:46:03.812,7.89233,7.89412,1.50,4.02
2013.09.18 12:46:03.872,7.8923,7.89412,2.33,2.10
2013.09.18 12:46:03.992,7.89227,7.89412,2.03,1.50
2013.09.18 12:46:04.112,7.89248,7.89449,1.50,2.25
2013.09.18 12:46:04.172,7.89254,7.89501,1.50,2.25
2013.09.18 12:46:04.293,7.89254,7.8951,1.50,1.50
2013.09.18 12:46:04.603,7.89248,7.89507,3.00,1.50
2013.09.18 12:46:04.994,7.89255,7.89509,1.50,1.50
2013.09.18 12:46:05.415,7.89263,7.89512,1.50,2.25
2013.09.18 12:46:05.605,7.8927,7.89512,1.50,2.25
2013.09.18 12:46:06.606,7.89279,7.89512,1.50,1.50
2013.09.18 12:46:07.361,7.89285,7.89512,1.50,1.50
2013.09.18 12:46:08.663,7.89292,7.89512,1.50,1.50
2013.09.18 12:46:15.555,7.89307,7.89512,1.50,1.50
2013.09.18 12:46:21.212,7.89309,7.89512,1.50,1.50
2013.09.18 12:46:24.707,7.8944,7.89512,1.35,1.50
2013.09.18 12:46:24.772,7.8944,7.89565,1.35,1.50
2013.09.18 12:46:24.892,7.89446,7.89653,1.35,1.50
2013.09.18 12:46:24.951,7.89453,7.89653,1.50,1.35
2013.09.18 12:46:25.132,7.89453,7.8966,1.50,2.10
2013.09.18 12:46:25.191,7.89453,7.89663,1.50,1.35
2013.09.18 12:46:25.372,7.89438,7.89657,2.25,1.50
2013.09.18 12:46:25.492,7.89441,7.89657,1.50,1.50
2013.09.18 12:46:25.802,7.89465,7.89663,1.50,1.50
2013.09.18 12:46:25.921,7.89465,7.89673,1.50,2.63
2013.09.18 12:46:26.161,7.89473,7.89673,1.50,1.88
2013.09.18 12:46:26.532,7.89517,7.89673,1.50,1.88
2013.09.18 12:46:26.892,7.89532,7.89673,1.50,1.88
2013.09.18 12:46:27.682,7.89532,7.89673,1.50,1.88
2013.09.18 12:46:28.046,7.89552,7.89673,1.50,1.88
2013.09.18 12:46:28.389,7.89569,7.89673,1.50,1.88
2013.09.18 12:46:28.752,7.89569,7.89673,1.50,1.88
2013.09.18 12:46:29.351,7.89558,7.89673,1.50,1.88
2013.09.18 12:46:30.063,7.89566,7.89673,1.50,1.88
2013.09.18 12:46:30.186,7.89566,7.89783,1.50,1.50
2013.09.18 12:46:30.911,7.89572,7.89783,1.50,1.50
2013.09.18 12:46:37.774,7.8959,7.89823,1.35,1.50
2013.09.18 12:46:37.892,7.89592,7.89827,1.50,1.50
2013.09.18 12:46:37.951,7.89592,7.89843,1.50,1.50
2013.09.18 12:46:38.132,7.89611,7.89846,1.50,1.50
2013.09.18 12:46:39.167,7.89668,7.89849,1.50,1.35
2013.09.18 12:46:39.236,7.89668,7.899,2.25,1.13
2013.09.18 12:46:39.302,7.89668,7.899,2.25,1.13
2013.09.18 12:46:40.222,7.89668,7.899,1.50,1.50
2013.09.18 12:46:40.566,7.89668,7.89884,1.50,1.50
2013.09.18 12:46:40.873,7.89668,7.89884,1.50,1.50
2013.09.18 12:46:40.932,7.89668,7.89899,1.50,1.50
2013.09.18 12:46:41.052,7.89671,7.89912,1.50,1.50
2013.09.18 12:46:41.112,7.89671,7.89912,1.50,1.50
2013.09.18 12:46:43.312,7.89671,7.89922,1.50,1.50
2013.09.18 12:46:44.122,7.89697,7.89922,2.75,1.50
2013.09.18 12:46:44.422,7.89748,7.89962,2.25,1.50
2013.09.18 12:46:44.481,7.89748,7.89964,2.25,1.35
2013.09.18 12:46:44.602,7.89748,7.89964,2.25,1.35
2013.09.18 12:46:44.662,7.89748,7.89936,1.50,1.50
2013.09.18 12:46:44.721,7.89698,7.89928,2.48,1.50
2013.09.18 12:46:44.781,7.89737,7.89928,1.50,1.50
2013.09.18 12:46:44.842,7.89737,7.89932,1.50,1.50
2013.09.18 12:46:44.902,7.89737,7.89945,1.50,1.50
2013.09.18 12:46:45.202,7.89737,7.89945,1.50,1.50
2013.09.18 12:46:45.640,7.89737,7.89945,1.50,1.50
2013.09.18 12:46:45.709,7.89725,7.89937,1.35,1.50
2013.09.18 12:46:45.952,7.89674,7.89932,1.50,3.00
2013.09.18 12:46:46.732,7.89673,7.89928,1.50,1.50
2013.09.18 12:46:48.331,7.89685,7.89931,1.50,2.25
2013.09.18 12:46:48.391,7.89696,7.89932,1.50,2.25
2013.09.18 12:46:48.752,7.89696,7.89932,1.50,2.25
2013.09.18 12:46:50.672,7.89673,7.89932,1.50,3.00
2013.09.18 12:46:51.663,7.89668,7.89924,2.25,1.50
2013.09.18 12:46:52.053,7.89668,7.89909,2.25,1.50
2013.09.18 12:46:52.414,7.8966,7.89908,1.50,2.25
2013.09.18 12:46:52.721,7.89626,7.89867,1.50,3.00
2013.09.18 12:46:55.057,7.89626,7.89867,1.50,3.00
2013.09.18 12:46:55.839,7.89626,7.89867,1.50,3.00
2013.09.18 12:46:56.063,7.89626,7.89867,1.50,3.00
2013.09.18 12:46:56.621,7.89606,7.89867,1.50,3.00
2013.09.18 12:47:05.162,7.89606,7.89862,1.50,4.50
2013.09.18 12:47:06.404,7.89603,7.89862,1.50,3.00
2013.09.18 12:47:10.482,7.89609,7.89862,1.50,2.25
2013.09.18 12:47:21.112,7.8962,7.89862,1.50,2.25
2013.09.18 12:47:21.413,7.89612,7.89862,2.25,2.25
2013.09.18 12:47:23.545,7.89613,7.89862,1.50,2.25
2013.09.18 12:47:24.262,7.89617,7.89862,1.50,4.50
2013.09.18 12:47:25.332,7.89606,7.89862,1.50,3.00
2013.09.18 12:47:26.854,7.89605,7.89862,1.50,3.00
2013.09.18 12:47:27.212,7.8958,7.89839,1.50,1.50
2013.09.18 12:47:28.592,7.8958,7.89837,1.50,1.50
2013.09.18 12:47:28.712,7.89594,7.89843,2.25,1.50
2013.09.18 12:47:29.312,7.89597,7.89853,1.50,1.50
2013.09.18 12:47:29.742,7.89605,7.89859,1.50,1.50
2013.09.18 12:47:30.102,7.89598,7.89857,2.25,1.50
2013.09.18 12:47:30.441,7.89598,7.89748,2.25,1.27
2013.09.18 12:47:30.562,7.89547,7.89718,2.25,1.50
2013.09.18 12:47:30.681,7.89522,7.89718,2.17,1.50
2013.09.18 12:47:30.743,7.89532,7.89718,1.35,2.25
2013.09.18 12:47:30.921,7.89558,7.89786,1.50,1.50
2013.09.18 12:47:30.982,7.89558,7.89788,2.25,1.50
2013.09.18 12:47:31.222,7.89558,7.89806,2.25,1.50
2013.09.18 12:47:32.312,7.89558,7.89806,2.25,2.25
2013.09.18 12:47:36.751,7.89545,7.89798,1.50,2.25
2013.09.18 12:47:38.418,7.89556,7.89798,1.50,2.25
2013.09.18 12:47:40.311,7.89556,7.89798,1.50,1.50
2013.09.18 12:47:44.672,7.8957,7.89798,1.50,1.50
2013.09.18 12:47:46.132,7.89567,7.89798,1.50,2.25
2013.09.18 12:47:46.641,7.89546,7.89798,1.50,2.25
2013.09.18 12:47:46.701,7.89546,7.89783,1.50,3.45
2013.09.18 12:47:46.821,7.89538,7.89779,1.50,1.50
2013.09.18 12:47:46.941,7.89527,7.89778,2.25,1.50
2013.09.18 12:47:47.382,7.89527,7.89776,2.25,1.50
2013.09.18 12:47:49.122,7.89527,7.89776,2.25,1.50
2013.09.18 12:48:06.362,7.89536,7.89776,1.50,1.50
2013.09.18 12:48:26.352,7.89536,7.89777,1.50,1.50
2013.09.18 12:48:44.261,7.89548,7.89777,1.50,1.50
2013.09.18 12:48:45.592,7.89549,7.89784,1.50,1.50
2013.09.18 12:48:45.652,7.89557,7.89802,1.50,1.13
2013.09.18 12:48:46.732,7.89563,7.89802,1.50,1.13
2013.09.18 12:48:47.272,7.89568,7.89811,2.25,1.50
2013.09.18 12:48:48.292,7.89568,7.89819,2.25,1.50
2013.09.18 12:48:48.603,7.89581,7.89832,1.50,2.25
2013.09.18 12:48:48.952,7.8959,7.89832,1.50,2.25
2013.09.18 12:48:50.132,7.89597,7.89844,2.25,1.50
2013.09.18 12:48:50.312,7.89625,7.89862,1.50,1.16
2013.09.18 12:48:50.613,7.89597,7.8982,2.25,2.48
2013.09.18 12:48:50.673,7.89592,7.89788,1.50,1.50
2013.09.18 12:48:50.852,7.89561,7.89788,1.50,1.50
2013.09.18 12:48:51.151,7.89567,7.89788,1.50,2.25
2013.09.18 12:48:52.082,7.89548,7.89788,2.25,2.85
2013.09.18 12:48:52.442,7.8954,7.89765,1.50,3.23
2013.09.18 12:48:52.502,7.89526,7.89765,1.50,1.50
2013.09.18 12:48:52.823,7.89526,7.89765,1.50,1.50
2013.09.18 12:48:58.013,7.89536,7.89769,1.50,1.50
2013.09.18 12:48:58.812,7.89536,7.8977,1.50,2.25
2013.09.18 12:48:59.152,7.89529,7.8977,1.50,2.25
2013.09.18 12:49:01.320,7.89549,7.8977,1.50,2.25
2013.09.18 12:49:01.452,7.89555,7.8977,1.50,1.50
2013.09.18 12:49:09.163,7.89548,7.8977,1.50,1.50
2013.09.18 12:49:10.603,7.89555,7.8977,1.50,1.50
2013.09.18 12:49:19.394,7.89555,7.8977,1.50,1.50
2013.09.18 12:49:19.982,7.89555,7.89778,1.50,2.25
2013.09.18 12:49:20.394,7.89555,7.89778,1.50,2.25
2013.09.18 12:49:20.902,7.89555,7.89768,1.50,1.88
2013.09.18 12:49:20.962,7.89535,7.89768,1.50,1.88
2013.09.18 12:49:21.022,7.89535,7.89748,1.50,1.50
2013.09.18 12:49:21.083,7.89529,7.89748,1.50,2.25
2013.09.18 12:49:21.145,7.89498,7.89743,1.50,3.00
2013.09.18 12:49:21.334,7.89498,7.89743,1.50,3.00
2013.09.18 12:49:21.693,7.89497,7.89717,1.50,1.50
2013.09.18 12:49:22.608,7.89504,7.89717,1.50,1.50
2013.09.18 12:49:23.212,7.89497,7.89717,1.50,1.50
2013.09.18 12:49:23.600,7.89504,7.89717,1.50,1.50
2013.09.18 12:49:23.818,7.89504,7.89717,1.50,1.50
2013.09.18 12:49:24.242,7.89496,7.89717,3.00,1.50
2013.09.18 12:49:26.385,7.89505,7.89717,3.00,1.50
2013.09.18 12:49:26.852,7.89515,7.89762,1.50,2.25
2013.09.18 12:49:28.104,7.89508,7.89762,1.50,3.00
2013.09.18 12:49:28.342,7.89507,7.89758,1.50,1.13
2013.09.18 12:49:28.702,7.89479,7.89707,1.50,1.50
2013.09.18 12:49:28.762,7.89469,7.89707,1.50,1.50
2013.09.18 12:49:29.872,7.89477,7.89707,1.50,1.50
2013.09.18 12:49:31.672,7.89484,7.89707,1.50,1.50
2013.09.18 12:49:32.092,7.89492,7.89707,1.50,1.50
2013.09.18 12:49:33.062,7.89502,7.89707,1.50,1.50
2013.09.18 12:49:34.034,7.89502,7.89707,1.50,1.50
2013.09.18 12:49:36.853,7.8951,7.89753,1.50,2.25
2013.09.18 12:49:36.913,7.8951,7.89706,1.50,2.85
2013.09.18 12:49:37.093,7.89468,7.89688,1.50,2.10
2013.09.18 12:49:37.153,7.89457,7.89683,1.13,2.85
2013.09.18 12:49:37.273,7.89507,7.89694,1.50,1.50
2013.09.18 12:49:37.453,7.89513,7.89763,1.50,1.50
2013.09.18 12:49:37.513,7.89513,7.89763,1.50,1.50
2013.09.18 12:49:38.335,7.8951,7.89763,1.50,1.50
2013.09.18 12:49:39.272,7.8951,7.89748,1.50,1.50
2013.09.18 12:49:39.332,7.8951,7.89748,1.50,2.25
2013.09.18 12:49:39.392,7.89491,7.89742,1.50,2.25
2013.09.18 12:49:39.452,7.89472,7.89731,1.50,1.50
2013.09.18 12:49:39.692,7.89472,7.89708,1.50,1.50
2013.09.18 12:49:40.423,7.89472,7.89708,1.50,2.25
2013.09.18 12:49:41.613,7.89477,7.89708,1.50,1.50
2013.09.18 12:49:42.543,7.89484,7.89708,1.50,1.50
2013.09.18 12:49:42.793,7.89478,7.89708,1.50,1.50
2013.09.18 12:49:45.508,7.89478,7.89708,1.50,1.50
2013.09.18 12:49:45.751,7.89497,7.89741,2.25,1.50
2013.09.18 12:49:45.811,7.89498,7.89748,2.25,1.50
2013.09.18 12:49:46.112,7.89517,7.8976,1.50,2.25
2013.09.18 12:49:46.832,7.89518,7.8976,1.50,2.25
2013.09.18 12:49:47.542,7.89518,7.8976,1.50,2.25
2013.09.18 12:49:48.161,7.89537,7.8976,1.50,2.25
2013.09.18 12:49:48.762,7.89537,7.89778,2.25,1.50
2013.09.18 12:49:49.314,7.89537,7.89785,2.25,1.50
2013.09.18 12:49:49.823,7.89537,7.89792,2.25,1.50
2013.09.18 12:49:50.361,7.89546,7.898,1.50,1.50
2013.09.18 12:49:50.487,7.89546,7.89786,1.50,1.35
2013.09.18 12:49:50.552,7.89537,7.89779,2.25,1.35
2013.09.18 12:49:51.833,7.89537,7.89774,2.25,1.50
2013.09.18 12:49:52.395,7.89537,7.89774,2.25,1.50
2013.09.18 12:49:53.393,7.89537,7.89774,1.50,2.85
2013.09.18 12:49:53.944,7.89537,7.89774,2.25,1.50
2013.09.18 12:50:10.222,7.89537,7.89764,2.25,1.50
2013.09.18 12:50:27.633,7.89537,7.89767,2.25,1.50
2013.09.18 12:50:29.914,7.89537,7.89767,2.25,1.50
2013.09.18 12:50:29.973,7.89537,7.89733,2.25,2.48
2013.09.18 12:50:30.335,7.89471,7.89706,1.50,3.60
2013.09.18 12:50:30.682,7.89464,7.89702,1.50,3.00
2013.09.18 12:50:30.873,7.89464,7.89702,1.50,3.00
2013.09.18 12:50:30.933,7.89464,7.89682,1.50,2.10
2013.09.18 12:50:31.234,7.89438,7.89637,1.50,1.50
2013.09.18 12:50:31.294,7.89437,7.89645,2.25,1.50
2013.09.18 12:50:31.413,7.89438,7.89664,1.50,1.50
2013.09.18 12:50:31.472,7.89438,7.89685,1.50,1.50
2013.09.18 12:50:31.892,7.89438,7.89682,1.50,1.50
2013.09.18 12:50:32.883,7.89437,7.89685,2.25,1.50
2013.09.18 12:50:33.244,7.89448,7.89694,1.50,1.50
2013.09.18 12:50:33.482,7.89449,7.89703,1.50,2.25
2013.09.18 12:50:33.904,7.89448,7.89703,1.50,3.00
2013.09.18 12:50:38.420,7.89457,7.89703,1.50,2.25
2013.09.18 12:50:42.392,7.89441,7.8969,2.25,1.50
2013.09.18 12:50:42.452,7.89421,7.89674,2.25,1.50
2013.09.18 12:50:42.512,7.89421,7.89674,2.25,1.50
2013.09.18 12:50:43.912,7.89421,7.89666,2.25,1.50
2013.09.18 12:50:44.393,7.89421,7.89671,2.25,1.50
2013.09.18 12:50:44.948,7.89421,7.89671,2.25,1.50
2013.09.18 12:50:46.042,7.89428,7.89679,2.25,1.50
2013.09.18 12:50:46.402,7.89454,7.8971,1.50,1.50
2013.09.18 12:50:46.734,7.89447,7.89706,1.50,1.50
2013.09.18 12:50:47.582,7.89454,7.89708,1.50,1.50
2013.09.18 12:50:48.182,7.8946,7.89716,1.50,1.50
2013.09.18 12:50:48.634,7.89468,7.89722,1.50,1.50
2013.09.18 12:50:49.242,7.89478,7.89734,1.50,1.50
2013.09.18 12:50:50.225,7.89478,7.89734,1.50,1.50
2013.09.18 12:50:50.533,7.89485,7.89728,1.50,2.25
2013.09.18 12:50:50.954,7.89468,7.89723,1.50,3.00
2013.09.18 12:50:54.034,7.89497,7.89723,1.50,2.25
2013.09.18 12:50:54.365,7.8951,7.89723,1.50,1.50
2013.09.18 12:50:54.603,7.89553,7.89773,1.50,1.50
2013.09.18 12:50:54.782,7.89563,7.89773,1.50,1.50
2013.09.18 12:50:55.752,7.89563,7.89817,1.50,1.50
2013.09.18 12:50:55.932,7.89588,7.89844,1.50,1.50
2013.09.18 12:50:56.052,7.89576,7.89837,1.50,1.50
2013.09.18 12:50:56.832,7.89576,7.89827,1.50,2.25
2013.09.18 12:50:57.312,7.89594,7.89827,1.50,1.50
2013.09.18 12:50:57.432,7.89594,7.8985,1.50,1.50
2013.09.18 12:50:57.552,7.89603,7.89857,1.50,2.37
2013.09.18 12:50:57.913,7.897,7.89862,1.50,1.74
2013.09.18 12:50:58.154,7.89653,7.89862,1.50,1.79
2013.09.18 12:50:58.212,7.89641,7.89862,1.50,1.79
2013.09.18 12:50:58.333,7.89604,7.89862,1.50,3.12
2013.09.18 12:50:58.512,7.89638,7.89862,2.04,2.64
2013.09.18 12:50:59.652,7.89611,7.89862,1.50,1.62
2013.09.18 12:50:59.773,7.89611,7.89862,1.50,1.62
2013.09.18 12:50:59.965,7.896,7.89858,2.25,1.62
2013.09.18 12:51:01.382,7.89618,7.89858,1.50,1.62
2013.09.18 12:51:01.683,7.8961,7.89858,1.50,1.62
2013.09.18 12:51:01.862,7.89604,7.89858,1.50,2.37
2013.09.18 12:51:02.229,7.89627,7.89858,1.50,2.37
2013.09.18 12:51:02.722,7.89627,7.89858,2.25,1.62
2013.09.18 12:51:03.352,7.89619,7.89858,1.50,1.62
2013.09.18 12:51:03.712,7.89631,7.89863,1.50,1.15
2013.09.18 12:51:04.113,7.89622,7.89863,1.50,1.62
2013.09.18 12:51:04.173,7.89647,7.89863,1.50,1.62
2013.09.18 12:51:04.713,7.89656,7.89863,1.13,1.62
2013.09.18 12:51:05.093,7.89728,7.89863,1.50,1.07
2013.09.18 12:51:05.452,7.89728,7.89863,2.10,1.07
2013.09.18 12:51:05.772,7.89706,7.89863,1.50,1.07
2013.09.18 12:51:05.933,7.89698,7.89863,1.50,1.07
2013.09.18 12:51:06.852,7.89698,7.89863,1.50,1.07
2013.09.18 12:51:07.403,7.89708,7.89863,1.50,1.07
2013.09.18 12:51:08.570,7.89708,7.89863,1.50,1.07
2013.09.18 12:51:08.635,7.89707,7.89863,1.50,1.07
2013.09.18 12:51:10.153,7.89708,7.89863,1.50,1.07
2013.09.18 12:51:17.422,7.89708,7.89863,1.50,1.08
2013.09.18 12:51:17.542,7.89718,7.89863,1.50,1.08
2013.09.18 12:51:17.602,7.89715,7.89863,1.50,1.08
2013.09.18 12:51:18.194,7.89687,7.89863,2.25,1.08
2013.09.18 12:51:18.252,7.89687,7.89863,1.50,1.08
2013.09.18 12:51:18.434,7.89649,7.89863,2.25,1.11
2013.09.18 12:51:18.563,7.89649,7.89863,1.50,1.62
2013.09.18 12:51:19.029,7.89637,7.89863,1.50,1.62
2013.09.18 12:51:19.182,7.89645,7.89863,1.50,1.62
2013.09.18 12:51:19.432,7.89634,7.89863,1.50,1.62
2013.09.18 12:51:19.564,7.89617,7.89863,2.25,1.62
2013.09.18 12:51:19.813,7.89667,7.89863,1.50,1.62
2013.09.18 12:51:20.314,7.89667,7.89863,1.50,1.08
2013.09.18 12:51:21.803,7.89667,7.89863,1.50,1.14
2013.09.18 12:51:22.982,7.89667,7.89863,1.50,1.06
2013.09.18 12:51:23.963,7.89645,7.89847,1.50,1.50
2013.09.18 12:51:24.083,7.89631,7.89847,1.50,1.50
2013.09.18 12:51:24.143,7.89612,7.89847,1.50,2.25
2013.09.18 12:51:24.262,7.89597,7.89847,1.13,2.25
2013.09.18 12:51:26.023,7.89597,7.89844,1.13,4.50
2013.09.18 12:51:28.852,7.89597,7.89842,1.13,3.00
2013.09.18 12:51:30.433,7.89596,7.89823,1.50,2.85
2013.09.18 12:51:30.672,7.89578,7.89801,1.50,1.35
2013.09.18 12:51:31.212,7.89578,7.89788,1.50,1.35
2013.09.18 12:51:31.393,7.8951,7.89747,1.50,1.50
2013.09.18 12:51:31.512,7.89498,7.89747,1.50,2.25
2013.09.18 12:51:32.023,7.89499,7.89747,1.50,2.25
2013.09.18 12:51:34.969,7.89518,7.89747,1.50,2.25
2013.09.18 12:51:35.353,7.89518,7.89747,1.50,2.25
2013.09.18 12:51:35.722,7.89518,7.89747,1.50,2.25
2013.09.18 12:51:35.843,7.89526,7.89747,1.50,2.25
2013.09.18 12:51:40.233,7.89526,7.89747,1.50,2.25
2013.09.18 12:51:56.352,7.89526,7.89747,1.50,2.25
2013.09.18 12:51:59.500,7.8952,7.89747,1.50,2.25
2013.09.18 12:52:02.052,7.89526,7.89747,1.50,2.25
2013.09.18 12:52:08.092,7.8952,7.89747,1.50,2.25
2013.09.18 12:52:08.152,7.89517,7.89747,1.50,2.25
2013.09.18 12:52:08.643,7.89508,7.89747,1.50,2.25
2013.09.18 12:52:08.962,7.89495,7.89747,1.50,2.25
2013.09.18 12:52:09.082,7.89478,7.89729,2.25,1.50
2013.09.18 12:52:09.142,7.89466,7.8972,1.13,1.50
2013.09.18 12:52:09.323,7.89466,7.89707,1.13,1.50
2013.09.18 12:52:11.277,7.89446,7.89697,1.50,2.25
2013.09.18 12:52:11.603,7.89462,7.89697,1.50,1.50
2013.09.18 12:52:13.852,7.89472,7.89648,1.50,1.50
2013.09.18 12:52:14.032,7.89472,7.89648,1.50,2.10
2013.09.18 12:52:14.152,7.89462,7.89648,1.50,2.10
2013.09.18 12:52:14.272,7.89423,7.89643,1.50,2.85
2013.09.18 12:52:15.162,7.89412,7.89627,1.50,3.60
2013.09.18 12:52:15.222,7.8941,7.89627,1.50,3.60
2013.09.18 12:52:15.288,7.8941,7.89587,1.50,1.50
2013.09.18 12:52:15.475,7.89377,7.89587,1.50,1.50
2013.09.18 12:52:15.972,7.89377,7.89571,1.50,2.10
2013.09.18 12:52:16.212,7.89367,7.89548,1.43,2.10
2013.09.18 12:52:17.152,7.89357,7.89533,2.29,2.10
2013.09.18 12:52:17.453,7.89357,7.89488,2.29,2.25
2013.09.18 12:52:17.635,7.89297,7.89488,1.50,1.50
2013.09.18 12:52:17.762,7.89307,7.89447,1.50,1.50
2013.09.18 12:52:18.442,7.89307,7.89447,1.50,1.50
2013.09.18 12:52:19.442,7.89298,7.89442,1.50,3.00
2013.09.18 12:52:19.622,7.89298,7.89442,1.50,2.25
2013.09.18 12:52:19.682,7.89238,7.89432,1.50,1.35
2013.09.18 12:52:19.742,7.89238,7.89412,1.50,3.85
2013.09.18 12:52:20.053,7.89218,7.89388,1.50,2.25
2013.09.18 12:52:20.232,7.89217,7.89423,2.25,2.25
2013.09.18 12:52:20.613,7.89217,7.89423,2.25,2.25
2013.09.18 12:52:21.152,7.89218,7.89423,1.50,2.25
2013.09.18 12:52:21.717,7.89238,7.89423,1.50,2.25
2013.09.18 12:52:22.596,7.89238,7.89423,1.50,2.25
2013.09.18 12:52:22.862,7.89237,7.89423,1.50,2.25
2013.09.18 12:52:23.102,7.89237,7.89433,1.50,1.50
2013.09.18 12:52:23.162,7.89238,7.89471,1.50,2.37
2013.09.18 12:52:23.703,7.89238,7.89473,1.50,1.26
2013.09.18 12:52:24.253,7.89236,7.89473,1.35,1.39
2013.09.18 12:52:24.372,7.89265,7.89482,1.50,1.09
2013.09.18 12:52:24.913,7.89268,7.89487,2.25,2.50
2013.09.18 12:52:25.273,7.89281,7.89487,1.50,2.70
2013.09.18 12:52:25.633,7.89281,7.89488,1.50,1.40
2013.09.18 12:52:25.872,7.89278,7.89488,2.25,1.87
2013.09.18 12:52:26.353,7.8928,7.89488,1.50,1.77
2013.09.18 12:52:28.262,7.8928,7.89534,1.50,1.62
2013.09.18 12:52:28.382,7.89299,7.89542,1.50,2.37
2013.09.18 12:52:28.744,7.89304,7.89542,1.50,2.37
2013.09.18 12:52:29.222,7.89312,7.89542,1.50,1.62
2013.09.18 12:52:29.582,7.89319,7.89542,1.50,1.62
2013.09.18 12:52:30.074,7.89328,7.89581,2.25,1.62
2013.09.18 12:52:30.463,7.89334,7.89588,1.50,1.62
2013.09.18 12:52:30.822,7.89341,7.89592,1.50,2.37
2013.09.18 12:52:30.943,7.89341,7.89592,1.50,2.25
2013.09.18 12:52:31.003,7.89341,7.89592,1.50,2.25
2013.09.18 12:52:32.093,7.89353,7.89592,1.50,3.00
2013.09.18 12:52:32.323,7.89354,7.89592,1.50,3.00
2013.09.18 12:52:32.552,7.89354,7.89592,1.50,2.25
2013.09.18 12:52:32.972,7.89361,7.89592,1.50,1.50
2013.09.18 12:52:33.092,7.89378,7.89625,2.25,1.50
2013.09.18 12:52:33.602,7.89378,7.89632,3.00,1.88
2013.09.18 12:52:34.102,7.89389,7.89632,1.50,1.88
2013.09.18 12:52:34.163,7.89389,7.89632,1.50,1.88
2013.09.18 12:52:35.602,7.89402,7.89637,1.50,1.50
2013.09.18 12:52:35.912,7.89406,7.89637,1.50,1.50
2013.09.18 12:52:36.032,7.89403,7.89645,1.50,1.50
2013.09.18 12:52:36.092,7.89403,7.89642,1.50,1.50
2013.09.18 12:52:37.435,7.89405,7.89642,2.18,1.50
2013.09.18 12:52:37.507,7.89417,7.89654,2.25,1.50
2013.09.18 12:52:37.633,7.89419,7.89654,1.50,1.50
2013.09.18 12:52:38.027,7.89421,7.89654,1.50,1.50
2013.09.18 12:52:39.493,7.89427,7.89661,1.50,1.50
2013.09.18 12:52:39.672,7.89432,7.89661,1.50,1.50
2013.09.18 12:52:40.094,7.89427,7.8967,1.50,1.50
2013.09.18 12:52:40.523,7.89432,7.8967,1.50,1.50
2013.09.18 12:52:40.823,7.89435,7.8967,1.50,1.50
2013.09.18 12:52:41.183,7.8946,7.89693,1.65,1.50
2013.09.18 12:52:41.242,7.89444,7.897,1.50,1.50
2013.09.18 12:52:41.304,7.89441,7.89694,1.50,1.50
2013.09.18 12:52:42.303,7.89445,7.89698,1.50,1.50
2013.09.18 12:52:42.861,7.89476,7.89711,1.50,1.50
2013.09.18 12:52:43.164,7.89476,7.89711,2.48,1.50
2013.09.18 12:52:43.633,7.89486,7.89726,1.50,1.50
2013.09.18 12:52:46.962,7.8947,7.89649,1.50,2.10
2013.09.18 12:52:47.322,7.89448,7.89638,1.50,2.25
2013.09.18 12:52:48.402,7.89412,7.89638,2.93,2.25
2013.09.18 12:52:48.462,7.89412,7.89638,2.93,2.25
2013.09.18 12:52:48.522,7.89412,7.89578,2.93,1.50
2013.09.18 12:52:48.582,7.89406,7.89578,1.13,1.50
2013.09.18 12:52:48.643,7.8936,7.89578,1.13,1.50
2013.09.18 12:52:48.702,7.89348,7.89578,1.13,2.25
2013.09.18 12:52:49.048,7.89348,7.89578,1.13,2.25
2013.09.18 12:52:49.472,7.89348,7.89578,1.13,2.25
2013.09.18 12:52:50.461,7.89351,7.89578,1.13,2.25
2013.09.18 12:53:09.332,7.89341,7.89578,1.50,2.25
2013.09.18 12:53:17.093,7.89341,7.89578,1.50,2.25
2013.09.18 12:53:17.452,7.89305,7.89533,1.50,2.85
2013.09.18 12:53:17.585,7.89305,7.89533,1.50,2.85
2013.09.18 12:53:17.902,7.89294,7.89533,1.50,3.60
2013.09.18 12:53:18.222,7.89294,7.89513,1.50,1.35
2013.09.18 12:53:18.282,7.89294,7.89487,1.50,1.50
2013.09.18 12:53:18.463,7.89262,7.89487,1.50,2.25
2013.09.18 12:53:18.872,7.89254,7.89487,1.50,2.25
2013.09.18 12:53:19.442,7.89254,7.89487,1.50,2.25
2013.09.18 12:53:20.383,7.89254,7.89487,1.50,2.25
2013.09.18 12:53:22.202,7.89247,7.89482,1.50,3.00
2013.09.18 12:53:23.407,7.89247,7.89482,1.50,3.00
2013.09.18 12:53:24.343,7.89247,7.89482,1.50,3.00
2013.09.18 12:53:25.218,7.89247,7.89482,1.50,3.00
2013.09.18 12:53:27.404,7.89247,7.89482,1.50,3.00
2013.09.18 12:53:42.304,7.89247,7.89482,1.50,3.00
2013.09.18 12:53:42.404,7.89249,7.89482,1.50,3.00
2013.09.18 12:53:43.303,7.89249,7.89482,1.50,2.25
2013.09.18 12:53:45.922,7.89247,7.89482,1.50,2.25
2013.09.18 12:53:46.102,7.89267,7.89488,2.25,1.50
2013.09.18 12:53:46.163,7.89267,7.89507,2.25,1.50
2013.09.18 12:53:47.292,7.89267,7.89514,2.25,1.50
2013.09.18 12:53:48.633,7.89287,7.89522,1.50,1.50
2013.09.18 12:53:49.349,7.89287,7.89522,1.50,1.50
2013.09.18 12:53:49.576,7.89278,7.89522,1.50,1.50
2013.09.18 12:53:49.934,7.89278,7.89528,1.50,1.50
2013.09.18 12:53:50.942,7.89267,7.89525,2.25,1.50
2013.09.18 12:53:51.302,7.89275,7.89529,1.50,1.50
2013.09.18 12:53:52.022,7.89275,7.89529,1.50,2.25
2013.09.18 12:53:52.082,7.89267,7.89524,2.25,3.00
2013.09.18 12:53:52.474,7.89267,7.89513,2.25,1.50
2013.09.18 12:53:52.806,7.89267,7.89523,3.00,1.50
2013.09.18 12:53:54.293,7.89288,7.89523,1.50,1.50
2013.09.18 12:53:57.682,7.89277,7.89523,1.50,1.50
2013.09.18 12:53:57.925,7.89288,7.89523,1.50,1.50
2013.09.18 12:53:59.318,7.89288,7.89523,1.50,1.50
2013.09.18 12:54:00.162,7.89295,7.89529,1.50,1.50
2013.09.18 12:54:01.307,7.89295,7.89529,1.50,1.50
2013.09.18 12:54:02.392,7.89295,7.89529,1.50,1.50
2013.09.18 12:54:04.162,7.89275,7.89529,1.50,1.50
2013.09.18 12:54:04.222,7.89268,7.89527,1.50,1.50
2013.09.18 12:54:04.402,7.89267,7.8952,2.25,1.50
2013.09.18 12:54:08.373,7.89277,7.89521,1.50,1.50
2013.09.18 12:54:09.330,7.89287,7.89521,1.50,1.50
2013.09.18 12:54:10.321,7.89287,7.89521,1.50,1.50
2013.09.18 12:54:14.832,7.89294,7.89528,1.50,1.50
2013.09.18 12:54:15.423,7.89294,7.89528,1.50,1.50
2013.09.18 12:54:17.862,7.89294,7.89528,1.50,1.50
2013.09.18 12:54:18.343,7.89294,7.89528,1.50,1.50
2013.09.18 12:54:35.362,7.89294,7.89528,1.50,1.50
2013.09.18 12:54:56.405,7.89296,7.89531,1.50,1.50
2013.09.18 12:55:07.192,7.89296,7.89531,1.50,1.50
2013.09.18 12:55:08.391,7.89296,7.89531,1.50,1.50
2013.09.18 12:55:17.304,7.893,7.89531,1.50,1.50
2013.09.18 12:55:33.212,7.89281,7.89535,1.50,1.50
2013.09.18 12:55:33.572,7.89263,7.89524,1.50,1.50
2013.09.18 12:55:37.372,7.89284,7.89524,1.50,1.50
2013.09.18 12:55:38.292,7.89288,7.89527,1.50,1.50
2013.09.18 12:55:39.833,7.89292,7.89527,1.50,1.50
2013.09.18 12:55:40.162,7.89292,7.89527,1.50,1.50
2013.09.18 12:55:41.371,7.89292,7.89527,1.50,1.50
2013.09.18 12:55:42.232,7.89292,7.89527,1.50,1.50
2013.09.18 12:55:42.352,7.89307,7.8954,1.50,2.25
2013.09.18 12:55:43.404,7.89307,7.8954,1.50,2.25
2013.09.18 12:55:57.013,7.89299,7.89539,1.50,1.50
2013.09.18 12:55:57.132,7.89309,7.8954,1.50,2.25
2013.09.18 12:56:22.172,7.89309,7.8953,1.50,1.35
2013.09.18 12:56:22.472,7.89289,7.89515,1.50,1.35
2013.09.18 12:56:23.066,7.89255,7.89514,2.25,1.50
2013.09.18 12:56:23.253,7.89255,7.89478,2.25,1.50
2013.09.18 12:56:23.372,7.89255,7.89478,1.50,2.25
2013.09.18 12:56:23.492,7.89248,7.89478,1.50,2.25
2013.09.18 12:56:24.443,7.89248,7.89478,1.50,2.25
2013.09.18 12:56:24.824,7.89255,7.89478,1.50,2.25
2013.09.18 12:56:25.157,7.89238,7.89478,1.50,2.25
2013.09.18 12:56:25.702,7.89255,7.89478,1.50,2.25
2013.09.18 12:56:26.425,7.89255,7.89478,1.50,2.25
2013.09.18 12:56:27.432,7.89255,7.89478,1.50,2.25
2013.09.18 12:56:29.984,7.89261,7.89478,1.50,1.50
2013.09.18 12:56:31.554,7.89261,7.89478,1.50,1.50
2013.09.18 12:56:31.882,7.89267,7.89478,1.50,1.50
2013.09.18 12:56:32.233,7.89269,7.89478,1.50,1.50
2013.09.18 12:56:33.310,7.89269,7.89478,1.50,1.50
2013.09.18 12:56:38.922,7.8928,7.89478,1.50,1.50
2013.09.18 12:56:38.982,7.8928,7.89506,1.50,1.35
2013.09.18 12:56:39.043,7.89288,7.89506,1.50,1.35
2013.09.18 12:56:39.352,7.89288,7.89513,1.50,1.35
2013.09.18 12:56:40.350,7.89297,7.89513,1.50,1.35
2013.09.18 12:56:41.412,7.89306,7.8952,1.50,1.35
2013.09.18 12:56:49.414,7.89306,7.8952,1.50,1.35
2013.09.18 12:56:49.637,7.89306,7.8952,1.50,1.35
2013.09.18 12:57:02.442,7.89309,7.8953,1.50,1.35
2013.09.18 12:57:09.114,7.89309,7.89528,1.50,1.50
2013.09.18 12:57:13.944,7.89317,7.89531,3.00,1.35
2013.09.18 12:57:32.413,7.89317,7.89531,2.25,1.35
2013.09.18 12:57:40.133,7.89317,7.89531,2.25,1.50
2013.09.18 12:57:40.333,7.89317,7.89531,3.00,1.35
2013.09.18 12:57:54.827,7.89317,7.89531,3.00,1.35
2013.09.18 12:57:55.032,7.89317,7.8953,2.25,1.50
2013.09.18 12:57:56.413,7.89317,7.8953,2.25,1.50
2013.09.18 12:58:04.914,7.89317,7.8953,2.25,1.35
2013.09.18 12:58:12.538,7.89311,7.89529,1.50,1.35
2013.09.18 12:58:48.845,7.89307,7.89529,1.50,2.10
2013.09.18 12:58:48.903,7.89297,7.89518,1.50,1.50
2013.09.18 12:58:49.083,7.89307,7.89525,1.50,1.35
2013.09.18 12:58:58.262,7.89317,7.89525,1.50,1.35
2013.09.18 12:58:59.672,7.89367,7.89525,1.50,1.35
2013.09.18 12:58:59.733,7.89367,7.89538,1.50,1.50
2013.09.18 12:58:59.792,7.89367,7.89548,1.50,1.13
2013.09.18 12:58:59.852,7.89367,7.89553,1.50,1.13
2013.09.18 12:59:00.964,7.89367,7.89553,2.25,1.13
2013.09.18 12:59:01.333,7.89367,7.89572,2.25,1.13
2013.09.18 12:59:01.807,7.89367,7.89588,2.25,2.25
2013.09.18 12:59:02.093,7.89367,7.89588,2.25,1.50
2013.09.18 12:59:05.422,7.89367,7.89588,2.25,2.25
2013.09.18 12:59:05.662,7.89367,7.89599,2.25,1.35
2013.09.18 12:59:08.903,7.89367,7.89599,1.50,1.35
2013.09.18 12:59:13.873,7.89367,7.89599,2.25,1.35
2013.09.18 12:59:14.202,7.89367,7.89597,1.50,1.50
2013.09.18 12:59:14.383,7.89367,7.89599,1.50,2.10
2013.09.18 12:59:14.444,7.89367,7.89599,2.25,2.10
2013.09.18 12:59:15.865,7.89367,7.89599,2.25,2.10
2013.09.18 12:59:18.333,7.89388,7.89603,1.50,2.10
2013.09.18 12:59:20.867,7.89388,7.89603,1.50,1.50
2013.09.18 12:59:33.543,7.89372,7.89603,1.50,1.50
2013.09.18 12:59:36.643,7.89381,7.89615,1.50,1.35
2013.09.18 12:59:38.923,7.89381,7.89609,1.50,1.35
2013.09.18 12:59:39.283,7.89381,7.89615,1.50,1.35
2013.09.18 12:59:39.343,7.89367,7.89607,2.25,1.35
2013.09.18 12:59:39.403,7.89367,7.89594,2.25,1.50
2013.09.18 12:59:40.372,7.89376,7.89594,1.50,1.50
2013.09.18 12:59:40.492,7.89376,7.89602,1.50,1.35
2013.09.18 12:59:40.683,7.89376,7.89602,1.50,1.35
2013.09.18 12:59:40.875,7.89376,7.89603,1.50,2.10
2013.09.18 12:59:46.183,7.89388,7.89603,1.50,2.10
2013.09.18 12:59:46.353,7.89388,7.89603,1.50,2.10
2013.09.18 12:59:49.314,7.89388,7.89603,1.50,2.10
2013.09.18 12:59:49.755,7.89383,7.89603,1.50,2.10
2013.09.18 12:59:59.462,7.89387,7.89603,1.50,2.10
