2016.12.28 08:00:00.803,9.09924,9.1027,1.37,1.37
2016.12.28 08:00:01.632,9.0992,9.1027,1.37,1.00
2016.12.28 08:00:01.941,9.0992,9.1027,1.37,1.37
2016.12.28 08:00:02.597,9.09924,9.1027,1.37,1.00
2016.12.28 08:00:09.049,9.0992,9.1027,1.37,1.37
2016.12.28 08:00:09.131,9.0992,9.1027,1.37,1.00
2016.12.28 08:00:09.283,9.0992,9.1027,1.37,1.37
2016.12.28 08:00:09.385,9.0992,9.1027,1.37,1.00
2016.12.28 08:00:09.604,9.0992,9.1027,1.37,1.50
2016.12.28 08:00:11.096,9.0992,9.1027,1.00,1.50
2016.12.28 08:00:12.472,9.0992,9.10269,1.00,1.37
2016.12.28 08:00:16.716,9.0992,9.10269,1.00,1.75
2016.12.28 08:00:17.294,9.0992,9.10269,1.00,1.37
2016.12.28 08:00:19.794,9.09924,9.1027,1.00,1.87
2016.12.28 08:00:20.507,9.0992,9.1027,1.00,1.87
2016.12.28 08:00:21.027,9.09924,9.1027,1.00,1.87
2016.12.28 08:00:21.887,9.0992,9.1027,1.00,1.87
2016.12.28 08:00:26.889,9.09924,9.1027,1.00,1.87
2016.12.28 08:00:26.990,9.0992,9.1027,1.00,1.87
2016.12.28 08:00:28.496,9.09914,9.10263,1.12,1.12
2016.12.28 08:00:28.750,9.09924,9.10263,1.00,1.12
2016.12.28 08:00:32.870,9.09934,9.10263,1.00,1.12
2016.12.28 08:00:32.921,9.09924,9.10263,1.00,1.12
2016.12.28 08:00:33.452,9.09944,9.10263,1.00,1.12
2016.12.28 08:00:33.503,9.09934,9.10263,1.12,1.12
2016.12.28 08:00:34.203,9.09938,9.10263,1.00,1.00
2016.12.28 08:00:34.530,9.09944,9.10263,1.00,1.00
2016.12.28 08:00:35.080,9.09943,9.10284,1.00,1.75
2016.12.28 08:00:35.382,9.09954,9.10284,1.00,1.75
2016.12.28 08:00:37.464,9.09964,9.10284,1.00,1.75
2016.12.28 08:00:37.948,9.09954,9.1028,1.00,1.75
2016.12.28 08:00:38.501,9.09953,9.10281,1.00,1.75
2016.12.28 08:00:38.983,9.09964,9.10272,1.00,1.37
2016.12.28 08:00:39.973,9.09934,9.10272,1.12,1.37
2016.12.28 08:00:40.465,9.09944,9.10272,1.00,1.37
2016.12.28 08:00:40.954,9.09938,9.10284,1.00,1.75
2016.12.28 08:00:41.005,9.09944,9.10284,1.37,1.75
2016.12.28 08:00:41.322,9.09958,9.10284,1.00,1.75
2016.12.28 08:00:41.692,9.09957,9.10284,1.00,1.37
2016.12.28 08:00:41.953,9.09964,9.10284,1.00,1.37
2016.12.28 08:00:42.465,9.09963,9.10303,1.12,1.75
2016.12.28 08:00:42.817,9.09988,9.10308,1.00,1.37
2016.12.28 08:00:43.120,9.10004,9.10308,1.00,1.37
2016.12.28 08:00:43.749,9.09984,9.10308,1.00,1.37
2016.12.28 08:00:44.002,9.09973,9.10308,1.75,1.37
2016.12.28 08:00:44.154,9.09984,9.10308,1.00,1.00
2016.12.28 08:00:44.562,9.09984,9.10308,1.00,1.37
2016.12.28 08:00:44.886,9.09994,9.10308,1.00,1.37
2016.12.28 08:00:45.141,9.09974,9.10308,1.37,1.37
2016.12.28 08:00:46.862,9.0997,9.10308,1.00,1.37
2016.12.28 08:00:47.183,9.09973,9.10308,1.00,1.37
2016.12.28 08:00:47.900,9.09974,9.10308,1.00,1.37
2016.12.28 08:00:48.531,9.09984,9.10318,1.00,1.37
2016.12.28 08:00:48.996,9.09973,9.10318,1.00,1.37
2016.12.28 08:00:49.199,9.09974,9.10302,1.00,1.00
2016.12.28 08:00:49.250,9.09968,9.10302,1.00,1.00
2016.12.28 08:00:49.366,9.09954,9.10292,1.00,1.00
2016.12.28 08:00:49.421,9.09953,9.10272,1.00,1.00
2016.12.28 08:00:49.774,9.09964,9.10272,1.00,1.00
2016.12.28 08:00:49.972,9.09924,9.10272,1.50,1.00
2016.12.28 08:00:50.288,9.09924,9.10272,1.87,1.00
2016.12.28 08:01:01.154,9.09924,9.10272,1.12,1.00
2016.12.28 08:01:01.255,9.09934,9.10272,1.00,1.00
2016.12.28 08:01:02.289,9.09929,9.10272,1.00,1.00
2016.12.28 08:01:02.896,9.09927,9.10272,1.00,1.00
2016.12.28 08:01:04.225,9.09926,9.10272,1.00,1.00
2016.12.28 08:01:04.734,9.09927,9.10272,1.00,1.00
2016.12.28 08:01:04.835,9.09932,9.10272,1.00,1.00
2016.12.28 08:01:04.886,9.09927,9.10272,1.00,1.00
2016.12.28 08:01:04.937,9.09926,9.10272,1.37,1.00
2016.12.28 08:01:08.498,9.09933,9.10273,1.37,1.00
2016.12.28 08:01:13.654,9.09937,9.10273,1.00,1.00
2016.12.28 08:01:14.067,9.09944,9.10273,1.00,1.00
2016.12.28 08:01:14.372,9.09954,9.10292,1.37,1.37
2016.12.28 08:01:15.781,9.09953,9.10293,1.37,1.37
2016.12.28 08:01:16.288,9.09954,9.10293,1.37,1.37
2016.12.28 08:01:17.941,9.09953,9.10293,1.37,1.37
2016.12.28 08:01:19.346,9.09946,9.10293,1.37,1.37
2016.12.28 08:01:19.397,9.09954,9.10293,1.75,1.00
2016.12.28 08:01:19.499,9.0997,9.10313,1.00,1.50
2016.12.28 08:01:19.600,9.09981,9.10315,1.00,1.75
2016.12.28 08:01:19.757,9.09981,9.10315,1.00,1.37
2016.12.28 08:01:19.808,9.09981,9.10315,1.37,1.37
2016.12.28 08:01:19.859,9.09981,9.10315,1.37,1.00
2016.12.28 08:01:20.385,9.09994,9.10315,1.00,1.00
2016.12.28 08:01:20.837,9.09984,9.10315,1.00,1.00
2016.12.28 08:01:21.352,9.09994,9.10315,1.00,1.00
2016.12.28 08:01:21.654,9.09998,9.10315,1.00,1.00
2016.12.28 08:01:22.470,9.10004,9.10315,1.00,1.00
2016.12.28 08:01:22.621,9.10002,9.10315,1.00,1.00
2016.12.28 08:01:22.723,9.10002,9.10335,1.00,1.37
2016.12.28 08:01:23.275,9.10014,9.10344,1.00,1.75
2016.12.28 08:01:23.632,9.10024,9.10344,1.00,1.75
2016.12.28 08:01:27.991,9.10034,9.10344,1.00,1.75
2016.12.28 08:01:29.917,9.10024,9.10343,1.00,1.50
2016.12.28 08:01:31.359,9.10018,9.10343,1.00,1.50
2016.12.28 08:01:31.851,9.10028,9.10342,1.00,1.37
2016.12.28 08:01:32.385,9.10034,9.10342,1.00,1.37
2016.12.28 08:01:33.323,9.10044,9.10342,1.00,1.37
2016.12.28 08:01:33.374,9.10028,9.10342,1.00,1.37
2016.12.28 08:01:33.526,9.10028,9.10342,1.00,1.00
2016.12.28 08:01:33.875,9.10044,9.10342,1.00,1.00
2016.12.28 08:01:33.926,9.10028,9.10342,1.00,1.00
2016.12.28 08:01:34.419,9.10024,9.10343,1.00,1.00
2016.12.28 08:01:34.470,9.10043,9.10343,1.00,1.00
2016.12.28 08:01:34.832,9.10034,9.10343,1.00,1.00
2016.12.28 08:01:34.883,9.10038,9.10343,1.00,1.00
2016.12.28 08:01:35.186,9.10038,9.10332,1.00,1.00
2016.12.28 08:01:35.515,9.10048,9.10332,1.00,1.00
2016.12.28 08:01:35.862,9.10054,9.10332,1.00,1.00
2016.12.28 08:01:37.862,9.10058,9.10332,1.00,1.00
2016.12.28 08:01:38.427,9.10057,9.10333,1.00,1.00
2016.12.28 08:01:38.680,9.10067,9.10363,1.00,1.37
2016.12.28 08:01:39.006,9.10078,9.10356,1.00,1.37
2016.12.28 08:01:39.259,9.10078,9.10372,1.00,1.00
2016.12.28 08:01:39.461,9.10088,9.10372,1.00,1.00
2016.12.28 08:01:39.828,9.10088,9.10352,1.00,1.00
2016.12.28 08:01:40.177,9.10098,9.10352,1.00,1.00
2016.12.28 08:01:41.499,9.10098,9.10362,1.00,1.00
2016.12.28 08:01:41.812,9.10074,9.10382,1.00,1.12
2016.12.28 08:01:42.246,9.10074,9.10372,1.00,1.00
2016.12.28 08:01:42.551,9.10084,9.10372,1.00,1.00
2016.12.28 08:01:42.605,9.10084,9.10389,1.00,1.00
2016.12.28 08:01:43.089,9.10084,9.10382,1.00,1.00
2016.12.28 08:01:43.488,9.10094,9.10382,1.00,1.00
2016.12.28 08:01:43.539,9.10068,9.10382,1.37,1.00
2016.12.28 08:01:44.054,9.10094,9.10382,1.00,1.00
2016.12.28 08:01:44.508,9.10093,9.10389,1.00,1.00
2016.12.28 08:01:45.112,9.10094,9.10389,1.00,1.00
2016.12.28 08:01:45.163,9.10114,9.10389,1.00,1.00
2016.12.28 08:01:45.365,9.10114,9.10402,1.00,1.12
2016.12.28 08:01:45.556,9.10094,9.10402,1.00,1.12
2016.12.28 08:01:45.923,9.10094,9.10392,1.00,1.00
2016.12.28 08:01:45.974,9.10088,9.10392,1.00,1.00
2016.12.28 08:01:46.874,9.10094,9.10392,1.00,1.00
2016.12.28 08:01:47.362,9.10077,9.10393,1.00,1.00
2016.12.28 08:01:47.515,9.10078,9.10402,1.00,1.12
2016.12.28 08:01:47.855,9.10083,9.10403,1.00,1.37
2016.12.28 08:01:48.119,9.10078,9.10402,1.00,1.12
2016.12.28 08:01:48.669,9.10093,9.10403,1.00,1.37
2016.12.28 08:01:49.267,9.10094,9.10382,1.00,1.00
2016.12.28 08:01:49.689,9.10094,9.10372,1.00,1.00
2016.12.28 08:01:49.740,9.10074,9.10372,1.00,1.00
2016.12.28 08:01:49.892,9.10068,9.10372,1.37,1.00
2016.12.28 08:01:50.262,9.10084,9.10372,1.00,1.00
2016.12.28 08:01:50.708,9.10068,9.10372,1.00,1.00
2016.12.28 08:01:50.759,9.10068,9.10387,1.00,1.00
2016.12.28 08:01:50.910,9.10068,9.10392,1.37,1.00
2016.12.28 08:01:51.011,9.10068,9.10392,1.00,1.00
2016.12.28 08:01:51.245,9.10064,9.10372,1.00,1.00
2016.12.28 08:01:51.549,9.10094,9.10356,1.00,1.00
2016.12.28 08:01:51.852,9.10084,9.10342,1.00,1.00
2016.12.28 08:01:51.903,9.10068,9.10342,1.00,1.00
2016.12.28 08:01:52.234,9.10068,9.10362,1.00,1.00
2016.12.28 08:01:52.561,9.10054,9.10362,1.00,1.00
2016.12.28 08:01:52.662,9.10054,9.10342,1.00,1.00
2016.12.28 08:01:52.896,9.10049,9.10342,1.00,1.00
2016.12.28 08:01:53.098,9.10049,9.10332,1.00,1.00
2016.12.28 08:01:53.534,9.10049,9.10322,1.00,1.00
2016.12.28 08:01:54.702,9.10049,9.10352,1.00,1.00
2016.12.28 08:01:54.753,9.10054,9.10352,1.00,1.00
2016.12.28 08:01:55.163,9.10054,9.10342,1.00,1.00
2016.12.28 08:01:55.315,9.10054,9.10356,1.00,1.00
2016.12.28 08:01:55.366,9.10049,9.10362,1.00,1.00
2016.12.28 08:01:55.856,9.10064,9.10362,1.00,1.00
2016.12.28 08:01:56.184,9.10074,9.10362,1.00,1.00
2016.12.28 08:01:56.394,9.10074,9.10372,1.00,1.00
2016.12.28 08:01:56.445,9.10054,9.10372,1.00,1.00
2016.12.28 08:01:56.496,9.10054,9.10356,1.00,1.00
2016.12.28 08:01:56.616,9.10054,9.10372,1.00,1.00
2016.12.28 08:01:56.717,9.10054,9.10356,1.00,1.00
2016.12.28 08:01:56.869,9.10064,9.10372,1.00,1.00
2016.12.28 08:01:57.021,9.10049,9.10372,1.00,1.00
2016.12.28 08:01:57.829,9.10053,9.10373,1.00,1.00
2016.12.28 08:01:58.369,9.10054,9.10372,1.00,1.00
2016.12.28 08:01:58.468,9.10049,9.10372,1.00,1.00
2016.12.28 08:01:59.453,9.10049,9.10362,1.00,1.00
2016.12.28 08:01:59.973,9.10048,9.10363,1.00,1.00
2016.12.28 08:02:00.475,9.10049,9.10362,1.00,1.00
2016.12.28 08:02:01.081,9.10049,9.10373,1.00,1.00
2016.12.28 08:02:01.390,9.10048,9.10353,1.00,1.00
2016.12.28 08:02:01.909,9.10049,9.10352,1.00,1.00
2016.12.28 08:02:02.212,9.10054,9.10352,1.00,1.00
2016.12.28 08:02:02.438,9.10048,9.10353,1.00,1.00
2016.12.28 08:02:02.694,9.10063,9.10353,1.00,1.00
2016.12.28 08:02:03.240,9.10064,9.10352,1.00,1.00
2016.12.28 08:02:04.894,9.10064,9.10342,1.00,1.00
2016.12.28 08:02:04.995,9.10054,9.10342,1.00,1.00
2016.12.28 08:02:05.492,9.10074,9.10342,1.00,1.00
2016.12.28 08:02:05.964,9.10064,9.10342,1.00,1.00
2016.12.28 08:02:06.932,9.10063,9.10361,1.37,1.00
2016.12.28 08:02:07.084,9.10058,9.10362,1.37,1.00
2016.12.28 08:02:07.185,9.10058,9.10362,1.37,1.00
2016.12.28 08:02:07.644,9.10059,9.10352,1.37,1.00
2016.12.28 08:02:07.695,9.10059,9.10352,1.37,1.00
2016.12.28 08:02:07.815,9.10059,9.10352,1.37,1.00
2016.12.28 08:02:07.866,9.10059,9.10352,1.37,1.00
2016.12.28 08:02:08.018,9.10084,9.10352,1.00,1.00
2016.12.28 08:02:08.162,9.10084,9.10352,1.37,1.00
2016.12.28 08:02:08.465,9.10088,9.10352,1.37,1.00
2016.12.28 08:02:08.566,9.10088,9.10352,1.37,1.00
2016.12.28 08:02:08.617,9.10088,9.10352,1.37,1.00
2016.12.28 08:02:08.932,9.10098,9.10352,1.37,1.00
2016.12.28 08:02:09.102,9.10098,9.10352,1.00,1.00
2016.12.28 08:02:09.284,9.10098,9.10352,1.37,1.00
2016.12.28 08:02:09.334,9.10098,9.10352,1.00,1.00
2016.12.28 08:02:09.558,9.10098,9.10352,1.37,1.00
2016.12.28 08:02:09.717,9.10098,9.10352,1.00,1.00
2016.12.28 08:02:09.768,9.10098,9.10342,1.00,1.00
2016.12.28 08:02:10.130,9.10098,9.10342,1.37,1.00
2016.12.28 08:02:11.646,9.10098,9.10342,1.00,1.00
2016.12.28 08:02:12.380,9.10097,9.10343,1.00,1.00
2016.12.28 08:02:12.542,9.10074,9.10342,1.37,1.00
2016.12.28 08:02:12.724,9.10064,9.10342,1.00,1.00
2016.12.28 08:02:12.888,9.10064,9.10342,1.37,1.00
2016.12.28 08:02:13.085,9.10064,9.10342,1.00,1.00
2016.12.28 08:02:13.265,9.10064,9.10342,1.37,1.00
2016.12.28 08:02:13.641,9.10064,9.10342,1.37,1.00
2016.12.28 08:02:14.185,9.10073,9.10343,1.37,1.00
2016.12.28 08:02:14.761,9.10074,9.10342,1.37,1.00
2016.12.28 08:02:15.141,9.10074,9.10342,1.00,1.00
2016.12.28 08:02:15.343,9.10074,9.10342,1.37,1.00
2016.12.28 08:02:15.847,9.10064,9.10342,1.37,1.00
2016.12.28 08:02:16.434,9.10064,9.10342,1.00,1.00
2016.12.28 08:02:16.536,9.10064,9.10342,1.37,1.00
2016.12.28 08:02:18.106,9.10073,9.10343,1.37,1.00
2016.12.28 08:02:18.756,9.10074,9.10342,1.37,1.00
2016.12.28 08:02:19.237,9.10074,9.10342,1.00,1.00
2016.12.28 08:02:19.288,9.10074,9.10332,1.00,1.00
2016.12.28 08:02:19.591,9.10084,9.10332,1.00,1.00
2016.12.28 08:02:20.034,9.10084,9.10312,1.00,1.00
2016.12.28 08:02:20.318,9.10068,9.10312,1.00,1.00
2016.12.28 08:02:20.571,9.10058,9.10312,1.00,1.00
2016.12.28 08:02:21.015,9.10058,9.10312,1.37,1.00
2016.12.28 08:02:21.167,9.10058,9.10312,1.00,1.00
2016.12.28 08:02:21.326,9.10058,9.10312,1.37,1.00
2016.12.28 08:02:21.439,9.10058,9.10312,1.00,1.00
2016.12.28 08:02:22.166,9.10058,9.10322,1.37,1.00
2016.12.28 08:02:23.627,9.10068,9.10322,1.37,1.00
2016.12.28 08:02:23.732,9.10068,9.10322,1.37,1.00
2016.12.28 08:02:25.558,9.10068,9.10322,1.00,1.00
2016.12.28 08:02:25.659,9.10068,9.10322,1.37,1.00
2016.12.28 08:02:26.086,9.10074,9.10322,1.00,1.00
2016.12.28 08:02:26.187,9.10074,9.10322,1.37,1.00
2016.12.28 08:02:26.488,9.10074,9.10322,1.37,1.00
2016.12.28 08:02:27.834,9.10068,9.10332,1.37,1.00
2016.12.28 08:02:27.886,9.10068,9.10352,1.00,1.00
2016.12.28 08:02:27.936,9.10128,9.10362,1.00,1.00
2016.12.28 08:02:28.464,9.10128,9.10362,1.37,1.00
2016.12.28 08:02:28.719,9.10128,9.10362,1.00,1.00
2016.12.28 08:02:28.820,9.10127,9.10363,1.37,1.00
2016.12.28 08:02:28.966,9.10138,9.10372,1.00,1.00
2016.12.28 08:02:29.872,9.10138,9.10372,1.37,1.00
2016.12.28 08:02:30.074,9.10128,9.10372,1.00,1.00
2016.12.28 08:02:30.758,9.10127,9.10373,1.00,1.00
2016.12.28 08:02:31.304,9.10128,9.10372,1.00,1.00
2016.12.28 08:02:33.435,9.10104,9.10372,1.00,1.00
2016.12.28 08:02:33.489,9.10104,9.10372,1.37,1.00
2016.12.28 08:02:33.811,9.10128,9.10372,1.00,1.00
2016.12.28 08:02:34.298,9.10128,9.10362,1.00,1.00
2016.12.28 08:02:35.550,9.10128,9.10372,1.00,1.00
2016.12.28 08:02:35.760,9.10138,9.10372,1.00,1.00
2016.12.28 08:02:36.297,9.10138,9.10362,1.00,1.00
2016.12.28 08:02:36.348,9.10114,9.10362,1.00,1.00
2016.12.28 08:02:37.001,9.10104,9.10362,1.00,1.00
2016.12.28 08:02:37.385,9.10104,9.10392,1.00,1.00
2016.12.28 08:02:37.802,9.10104,9.10372,1.00,1.00
2016.12.28 08:02:38.155,9.10088,9.10372,1.00,1.00
2016.12.28 08:02:38.572,9.10079,9.10372,1.00,1.00
2016.12.28 08:02:39.140,9.10084,9.10396,1.00,1.00
2016.12.28 08:02:39.292,9.10084,9.10384,1.00,1.00
2016.12.28 08:02:39.445,9.10078,9.10384,1.00,1.00
2016.12.28 08:02:39.496,9.10079,9.10362,1.00,1.00
2016.12.28 08:02:40.070,9.10084,9.10362,1.00,1.00
2016.12.28 08:02:40.121,9.10079,9.10362,1.00,1.00
2016.12.28 08:02:40.506,9.10079,9.10372,1.00,1.00
2016.12.28 08:02:41.033,9.10079,9.10362,1.00,1.00
2016.12.28 08:02:41.336,9.10079,9.10362,1.00,1.97
2016.12.28 08:02:41.615,9.10053,9.10353,1.00,1.60
2016.12.28 08:02:41.767,9.10064,9.10352,1.00,1.60
2016.12.28 08:02:42.248,9.10054,9.10352,1.00,1.60
2016.12.28 08:02:42.471,9.10054,9.10342,1.00,1.00
2016.12.28 08:02:43.846,9.10054,9.10332,1.00,1.00
2016.12.28 08:02:44.173,9.10064,9.10332,1.12,1.00
2016.12.28 08:02:45.849,9.10063,9.10333,1.12,1.00
2016.12.28 08:02:47.162,9.10058,9.10332,1.37,1.00
2016.12.28 08:02:47.365,9.10058,9.10332,1.00,1.00
2016.12.28 08:02:47.876,9.10057,9.10333,1.00,1.00
2016.12.28 08:02:48.215,9.10054,9.10332,1.00,1.00
2016.12.28 08:02:49.445,9.10058,9.10332,1.00,1.00
2016.12.28 08:02:50.195,9.10058,9.10342,1.00,1.00
2016.12.28 08:02:50.351,9.10054,9.10342,1.00,1.00
2016.12.28 08:02:50.604,9.10044,9.10312,1.00,1.00
2016.12.28 08:02:51.627,9.10038,9.10312,1.00,1.00
2016.12.28 08:02:51.736,9.10037,9.10303,1.00,1.00
2016.12.28 08:02:52.438,9.10038,9.10302,1.00,1.00
2016.12.28 08:02:52.767,9.10034,9.10302,1.00,1.00
2016.12.28 08:02:52.868,9.10028,9.10302,1.00,1.00
2016.12.28 08:02:53.243,9.10038,9.10302,1.00,1.00
2016.12.28 08:02:53.686,9.10048,9.10302,1.00,1.00
2016.12.28 08:02:53.787,9.10028,9.10292,1.00,1.00
2016.12.28 08:02:53.838,9.10034,9.10292,1.00,1.00
2016.12.28 08:02:54.175,9.10033,9.10273,1.00,1.00
2016.12.28 08:02:54.710,9.10034,9.10272,1.00,1.00
2016.12.28 08:02:54.812,9.10028,9.10272,1.00,1.00
2016.12.28 08:02:55.600,9.10028,9.10262,1.00,1.00
2016.12.28 08:02:55.744,9.10018,9.10262,1.00,1.00
2016.12.28 08:02:56.480,9.10018,9.10242,1.00,1.00
2016.12.28 08:02:57.090,9.10008,9.10242,1.00,1.00
2016.12.28 08:02:58.766,9.10008,9.10232,1.00,1.00
2016.12.28 08:02:59.018,9.09998,9.10232,1.00,1.00
2016.12.28 08:02:59.170,9.09998,9.10222,1.00,1.00
2016.12.28 08:02:59.681,9.09997,9.10223,1.00,1.00
2016.12.28 08:03:00.109,9.09998,9.10212,1.00,1.00
2016.12.28 08:03:01.466,9.09998,9.10222,1.00,1.00
2016.12.28 08:03:01.949,9.09998,9.10212,1.00,1.00
2016.12.28 08:03:02.916,9.09994,9.10252,1.87,1.00
2016.12.28 08:03:02.967,9.09994,9.10266,1.87,1.87
2016.12.28 08:03:03.546,9.09993,9.10267,1.87,1.87
2016.12.28 08:03:04.074,9.09994,9.10276,1.87,1.37
2016.12.28 08:03:04.187,9.09994,9.10292,1.87,1.00
2016.12.28 08:03:04.238,9.09994,9.10276,1.87,1.00
2016.12.28 08:03:04.340,9.09994,9.10295,1.87,1.00
2016.12.28 08:03:04.441,9.09994,9.10276,1.87,1.00
2016.12.28 08:03:04.601,9.09994,9.10295,2.62,1.37
2016.12.28 08:03:04.915,9.09994,9.10276,2.62,1.00
2016.12.28 08:03:05.239,9.09994,9.10276,2.62,1.87
2016.12.28 08:03:06.287,9.09994,9.10245,2.25,1.00
2016.12.28 08:03:06.683,9.09994,9.10236,1.50,1.00
2016.12.28 08:03:07.008,9.09994,9.10215,1.00,1.00
2016.12.28 08:03:07.059,9.09984,9.10215,1.00,1.00
2016.12.28 08:03:07.313,9.09984,9.10185,1.00,1.00
2016.12.28 08:03:07.653,9.09863,9.10062,1.00,1.37
2016.12.28 08:03:07.705,9.09852,9.10062,1.00,1.00
2016.12.28 08:03:07.806,9.09808,9.1004,1.37,1.00
2016.12.28 08:03:08.009,9.09788,9.1004,1.75,1.00
2016.12.28 08:03:08.161,9.09788,9.10036,1.75,1.00
2016.12.28 08:03:08.212,9.09788,9.1004,1.75,1.00
2016.12.28 08:03:08.536,9.09778,9.1004,1.12,1.00
2016.12.28 08:03:08.688,9.09768,9.1004,3.51,1.00
2016.12.28 08:03:08.790,9.09778,9.1004,1.87,1.00
2016.12.28 08:03:08.840,9.09777,9.10041,2.25,1.00
2016.12.28 08:03:08.901,9.09778,9.1004,1.87,1.00
2016.12.28 08:03:09.081,9.09828,9.10076,1.37,1.12
2016.12.28 08:03:09.377,9.09828,9.10086,1.37,1.00
2016.12.28 08:03:09.579,9.09848,9.10096,1.00,1.00
2016.12.28 08:03:09.630,9.09828,9.10096,1.87,1.00
2016.12.28 08:03:10.377,9.09838,9.10142,1.37,1.00
2016.12.28 08:03:10.580,9.09828,9.10146,1.87,1.00
2016.12.28 08:03:11.124,9.09837,9.10147,1.37,1.00
2016.12.28 08:03:11.417,9.09838,9.10136,1.37,1.00
2016.12.28 08:03:11.519,9.09838,9.10146,1.37,1.00
2016.12.28 08:03:12.032,9.09827,9.10147,1.87,1.00
2016.12.28 08:03:12.083,9.09827,9.10137,1.87,1.00
2016.12.28 08:03:12.377,9.09828,9.10146,2.62,1.00
2016.12.28 08:03:12.529,9.09848,9.10146,1.00,1.00
2016.12.28 08:03:12.832,9.09858,9.10136,1.00,1.00
2016.12.28 08:03:13.065,9.09858,9.10146,1.00,1.00
2016.12.28 08:03:13.120,9.09878,9.10146,1.00,1.00
2016.12.28 08:03:13.272,9.09868,9.10146,1.00,1.00
2016.12.28 08:03:13.474,9.09868,9.10166,1.00,1.00
2016.12.28 08:03:13.525,9.09858,9.10166,1.37,1.00
2016.12.28 08:03:13.578,9.09868,9.10166,1.00,1.00
2016.12.28 08:03:13.940,9.09868,9.10156,1.00,1.00
2016.12.28 08:03:13.991,9.09858,9.10156,1.37,1.00
2016.12.28 08:03:14.042,9.09868,9.10156,1.00,1.00
2016.12.28 08:03:14.194,9.09848,9.10156,1.37,1.00
2016.12.28 08:03:14.245,9.09868,9.10156,1.00,1.00
2016.12.28 08:03:14.428,9.09858,9.10156,1.37,1.00
2016.12.28 08:03:14.479,9.09868,9.10156,1.00,1.00
2016.12.28 08:03:14.832,9.09858,9.10156,1.37,1.00
2016.12.28 08:03:14.883,9.09867,9.10177,1.00,1.00
2016.12.28 08:03:15.443,9.09868,9.10176,1.00,1.00
2016.12.28 08:03:15.494,9.09858,9.10176,1.37,1.00
2016.12.28 08:03:15.545,9.09868,9.10176,1.00,1.00
2016.12.28 08:03:15.791,9.09858,9.10176,1.37,1.00
2016.12.28 08:03:16.177,9.09868,9.10176,1.00,1.00
2016.12.28 08:03:16.606,9.09868,9.10166,1.00,1.00
2016.12.28 08:03:16.837,9.09848,9.10166,1.00,1.00
2016.12.28 08:03:16.888,9.09858,9.10156,1.00,1.00
2016.12.28 08:03:16.989,9.09848,9.10156,1.00,1.00
2016.12.28 08:03:17.466,9.09848,9.10146,1.00,1.00
2016.12.28 08:03:17.517,9.09838,9.10146,1.37,1.00
2016.12.28 08:03:17.669,9.09838,9.10146,1.00,1.00
2016.12.28 08:03:17.720,9.09828,9.10146,1.87,1.00
2016.12.28 08:03:17.770,9.09828,9.10116,1.37,1.00
2016.12.28 08:03:18.083,9.09828,9.10112,1.37,1.87
2016.12.28 08:03:18.337,9.09828,9.10106,1.12,1.00
2016.12.28 08:03:18.438,9.09828,9.10106,1.12,1.87
2016.12.28 08:03:18.593,9.09827,9.10107,1.37,1.87
2016.12.28 08:03:18.695,9.09828,9.10106,1.12,1.87
2016.12.28 08:03:18.746,9.09828,9.10106,1.37,1.87
2016.12.28 08:03:18.796,9.09828,9.10106,1.12,1.00
2016.12.28 08:03:19.105,9.09828,9.10096,1.12,1.00
2016.12.28 08:03:19.628,9.09827,9.10097,1.12,1.00
2016.12.28 08:03:19.781,9.09828,9.10096,1.37,1.00
2016.12.28 08:03:20.088,9.09828,9.10096,1.12,1.00
2016.12.28 08:03:20.189,9.09828,9.10106,1.12,1.87
2016.12.28 08:03:20.240,9.09828,9.10102,1.37,1.37
2016.12.28 08:03:20.557,9.09828,9.10106,1.12,1.00
2016.12.28 08:03:21.219,9.09828,9.10116,1.12,1.00
2016.12.28 08:03:21.608,9.09828,9.10116,1.37,1.00
2016.12.28 08:03:21.659,9.09828,9.10106,1.50,1.00
2016.12.28 08:03:21.988,9.09828,9.10106,1.12,1.12
2016.12.28 08:03:22.344,9.09828,9.10086,1.12,1.00
2016.12.28 08:03:24.095,9.09828,9.10102,1.12,1.00
2016.12.28 08:03:24.346,9.09828,9.10102,1.12,1.00
2016.12.28 08:03:24.448,9.09827,9.10077,1.37,1.00
2016.12.28 08:03:24.629,9.09828,9.10102,1.12,1.00
2016.12.28 08:03:24.680,9.09828,9.10092,1.12,1.00
2016.12.28 08:03:24.731,9.09828,9.10106,1.12,1.00
2016.12.28 08:03:24.782,9.09821,9.10036,1.12,1.00
2016.12.28 08:03:24.883,9.09828,9.10096,1.50,1.37
2016.12.28 08:03:24.934,9.09828,9.10096,1.37,1.37
2016.12.28 08:03:25.143,9.09828,9.10066,1.12,1.00
2016.12.28 08:03:25.244,9.09828,9.10066,1.37,1.00
2016.12.28 08:03:25.446,9.09828,9.10066,1.12,1.00
2016.12.28 08:03:25.598,9.09828,9.10066,1.37,1.00
2016.12.28 08:03:25.736,9.09818,9.10036,1.75,1.00
2016.12.28 08:03:26.090,9.09828,9.10066,1.37,1.00
2016.12.28 08:03:26.141,9.09828,9.10086,1.37,1.00
2016.12.28 08:03:26.191,9.09828,9.10036,1.37,1.00
2016.12.28 08:03:26.596,9.09827,9.10087,1.50,1.00
2016.12.28 08:03:26.697,9.09828,9.10036,1.37,1.00
2016.12.28 08:03:27.102,9.09828,9.10086,1.12,1.00
2016.12.28 08:03:27.203,9.09816,9.10036,1.12,1.00
2016.12.28 08:03:27.607,9.09828,9.10096,1.12,1.87
2016.12.28 08:03:27.900,9.09828,9.10095,1.12,1.00
2016.12.28 08:03:28.223,9.0982,9.10036,1.12,1.00
2016.12.28 08:03:28.375,9.09828,9.10086,1.37,1.37
2016.12.28 08:03:28.476,9.09817,9.10036,1.12,1.00
2016.12.28 08:03:28.628,9.09828,9.10086,1.37,1.37
2016.12.28 08:03:28.786,9.09828,9.10036,1.12,1.00
2016.12.28 08:03:28.837,9.09828,9.10086,1.37,1.37
2016.12.28 08:03:29.132,9.09828,9.10036,1.50,1.00
2016.12.28 08:03:29.335,9.09828,9.10066,1.37,1.00
2016.12.28 08:03:29.436,9.09812,9.10036,1.12,1.00
2016.12.28 08:03:29.588,9.09828,9.10066,1.37,1.00
2016.12.28 08:03:29.817,9.09812,9.10036,1.12,1.00
2016.12.28 08:03:29.868,9.09828,9.10066,1.37,1.00
2016.12.28 08:03:30.184,9.09815,9.10036,1.12,1.00
2016.12.28 08:03:30.336,9.09828,9.10076,1.37,1.00
2016.12.28 08:03:30.539,9.09788,9.10036,1.75,1.00
2016.12.28 08:03:30.590,9.09828,9.10076,1.37,1.12
2016.12.28 08:03:30.742,9.09811,9.10036,1.12,1.00
2016.12.28 08:03:31.097,9.09828,9.10076,1.37,1.12
2016.12.28 08:03:31.486,9.09828,9.10036,1.12,1.00
2016.12.28 08:03:31.842,9.09828,9.10082,1.50,1.37
2016.12.28 08:03:31.893,9.09828,9.10082,1.37,1.00
2016.12.28 08:03:31.944,9.09811,9.10036,1.12,1.00
2016.12.28 08:03:32.096,9.09828,9.10082,1.37,1.37
2016.12.28 08:03:32.252,9.09828,9.10066,1.50,1.00
2016.12.28 08:03:32.575,9.09821,9.10036,1.12,1.00
2016.12.28 08:03:32.837,9.09828,9.10066,1.37,1.00
2016.12.28 08:03:32.939,9.09788,9.10036,1.75,1.00
2016.12.28 08:03:32.990,9.09778,9.10036,1.12,1.00
2016.12.28 08:03:33.092,9.09828,9.10066,1.37,1.00
2016.12.28 08:03:33.239,9.09809,9.10037,1.12,1.00
2016.12.28 08:03:33.340,9.09828,9.10066,1.37,1.00
2016.12.28 08:03:33.441,9.09828,9.10066,1.12,1.00
2016.12.28 08:03:33.599,9.09828,9.10076,1.37,1.00
2016.12.28 08:03:33.824,9.09827,9.10077,1.12,1.00
2016.12.28 08:03:34.127,9.09828,9.10076,1.37,1.00
2016.12.28 08:03:34.178,9.09828,9.10076,1.12,1.00
2016.12.28 08:03:34.487,9.09819,9.10036,1.12,1.00
2016.12.28 08:03:34.588,9.09822,9.10062,1.12,1.00
2016.12.28 08:03:34.639,9.09827,9.10067,1.37,1.00
2016.12.28 08:03:34.782,9.09788,9.10036,1.75,1.00
2016.12.28 08:03:34.934,9.09788,9.10036,1.75,1.00
2016.12.28 08:03:35.085,9.09828,9.10066,1.00,1.00
2016.12.28 08:03:35.187,9.09788,9.10036,1.75,1.00
2016.12.28 08:03:35.238,9.09828,9.10052,1.00,1.00
2016.12.28 08:03:35.339,9.09827,9.10067,1.00,1.00
2016.12.28 08:03:35.390,9.09828,9.10066,1.37,1.00
2016.12.28 08:03:35.611,9.09828,9.10072,1.37,1.00
2016.12.28 08:03:35.712,9.09828,9.10076,1.37,1.00
2016.12.28 08:03:36.254,9.09828,9.10076,1.12,1.00
2016.12.28 08:03:36.305,9.09828,9.10076,1.37,1.00
2016.12.28 08:03:36.457,9.09827,9.10077,1.12,1.00
2016.12.28 08:03:36.609,9.09828,9.10106,1.12,1.00
2016.12.28 08:03:36.765,9.09828,9.10114,1.12,1.00
2016.12.28 08:03:36.866,9.09828,9.10116,1.12,1.00
2016.12.28 08:03:36.917,9.09828,9.10126,1.12,1.00
2016.12.28 08:03:36.968,9.09828,9.10126,1.12,1.00
2016.12.28 08:03:37.405,9.09828,9.10106,1.12,1.00
2016.12.28 08:03:37.506,9.09828,9.10106,1.12,1.00
2016.12.28 08:03:37.608,9.09827,9.10127,1.12,1.00
2016.12.28 08:03:37.759,9.09828,9.10126,1.12,1.00
2016.12.28 08:03:38.604,9.09828,9.10136,1.12,1.00
2016.12.28 08:03:38.977,9.09828,9.10146,2.62,1.37
2016.12.28 08:03:39.028,9.09848,9.10146,1.00,1.00
2016.12.28 08:03:39.079,9.09838,9.10146,1.37,1.00
2016.12.28 08:03:39.130,9.09838,9.10146,1.00,1.00
2016.12.28 08:03:39.180,9.09838,9.10146,1.37,1.00
2016.12.28 08:03:39.484,9.09878,9.10146,1.37,1.00
2016.12.28 08:03:39.586,9.09868,9.10176,1.37,1.00
2016.12.28 08:03:39.788,9.09878,9.10176,1.37,1.00
2016.12.28 08:03:40.613,9.09868,9.10196,2.25,1.12
2016.12.28 08:03:41.254,9.09878,9.10196,1.00,1.00
2016.12.28 08:03:41.356,9.09878,9.10196,1.37,1.00
2016.12.28 08:03:41.683,9.09888,9.10186,1.37,1.00
2016.12.28 08:03:43.029,9.09888,9.10196,1.37,1.00
2016.12.28 08:03:43.524,9.09878,9.10206,1.37,1.12
2016.12.28 08:03:44.027,9.09887,9.10207,1.37,1.50
2016.12.28 08:03:44.078,9.09888,9.10196,1.37,1.00
2016.12.28 08:03:44.283,9.09878,9.10186,1.00,1.00
2016.12.28 08:03:44.347,9.09877,9.10187,1.37,1.00
2016.12.28 08:03:44.496,9.09878,9.10186,1.00,1.00
2016.12.28 08:03:44.598,9.09888,9.10186,1.00,1.00
2016.12.28 08:03:45.005,9.09878,9.10196,1.37,1.00
2016.12.28 08:03:45.306,9.09873,9.10186,1.75,1.00
2016.12.28 08:03:45.357,9.09878,9.10186,1.00,1.00
2016.12.28 08:03:45.509,9.09873,9.10186,1.37,1.00
2016.12.28 08:03:45.559,9.09873,9.10186,1.75,1.00
2016.12.28 08:03:45.884,9.09873,9.10186,1.75,1.00
2016.12.28 08:03:46.035,9.09868,9.10176,2.25,1.00
2016.12.28 08:03:46.137,9.09878,9.10176,1.37,1.00
2016.12.28 08:03:46.304,9.09878,9.10186,1.37,1.00
2016.12.28 08:03:47.560,9.09878,9.10196,1.37,1.00
2016.12.28 08:03:47.821,9.09898,9.10209,1.00,1.75
2016.12.28 08:03:47.922,9.09888,9.10209,1.37,1.75
2016.12.28 08:03:48.056,9.09908,9.10209,1.00,1.75
2016.12.28 08:03:48.208,9.09898,9.10209,1.00,1.75
2016.12.28 08:03:48.259,9.09908,9.10206,1.00,1.37
2016.12.28 08:03:48.361,9.09898,9.10206,1.00,1.37
2016.12.28 08:03:48.463,9.09888,9.10216,1.37,1.75
2016.12.28 08:03:48.716,9.09908,9.10206,1.00,1.00
2016.12.28 08:03:48.868,9.09908,9.10216,1.37,1.12
2016.12.28 08:03:49.060,9.09938,9.10216,1.00,1.12
2016.12.28 08:03:49.370,9.09928,9.10216,1.37,1.00
2016.12.28 08:03:49.622,9.09928,9.10246,1.37,1.00
2016.12.28 08:03:49.729,9.09928,9.10256,1.37,1.00
2016.12.28 08:03:49.781,9.09928,9.10256,1.37,1.00
2016.12.28 08:03:49.983,9.09938,9.10256,1.00,1.00
2016.12.28 08:03:50.034,9.09948,9.10256,1.00,1.00
2016.12.28 08:03:50.359,9.09938,9.10226,1.37,1.00
2016.12.28 08:03:50.612,9.09958,9.10256,1.00,1.12
2016.12.28 08:03:50.764,9.09937,9.10257,1.75,1.00
2016.12.28 08:03:50.815,9.09938,9.10246,1.75,1.00
2016.12.28 08:03:50.967,9.09944,9.10256,1.37,1.00
2016.12.28 08:03:51.224,9.09958,9.10256,1.00,1.12
2016.12.28 08:03:51.307,9.09948,9.10256,1.37,1.12
2016.12.28 08:03:51.459,9.09948,9.10246,1.37,1.00
2016.12.28 08:03:51.806,9.09958,9.10246,1.00,1.00
2016.12.28 08:03:52.072,9.09948,9.10246,1.37,1.00
2016.12.28 08:03:52.249,9.09958,9.10246,1.00,1.00
2016.12.28 08:03:52.555,9.09958,9.10236,1.00,1.00
2016.12.28 08:03:52.993,9.09958,9.10256,1.00,1.00
2016.12.28 08:03:53.044,9.09968,9.10256,1.00,1.00
2016.12.28 08:03:53.097,9.09967,9.10267,1.00,1.00
2016.12.28 08:03:53.199,9.09958,9.10266,1.37,1.12
2016.12.28 08:03:53.312,9.09968,9.10266,1.00,1.12
2016.12.28 08:03:53.514,9.09958,9.10266,1.37,1.12
2016.12.28 08:03:53.686,9.09968,9.10266,1.00,1.12
2016.12.28 08:03:53.838,9.09958,9.10266,1.37,1.12
2016.12.28 08:03:54.040,9.09968,9.10266,1.00,1.12
2016.12.28 08:03:54.284,9.09958,9.10276,1.37,1.37
2016.12.28 08:03:55.563,9.09958,9.10266,1.00,1.00
2016.12.28 08:03:55.613,9.09968,9.10246,1.00,1.00
2016.12.28 08:03:55.664,9.09958,9.10256,1.37,1.00
2016.12.28 08:03:56.149,9.09948,9.10266,1.37,1.12
2016.12.28 08:03:57.151,9.09958,9.10256,1.37,1.00
2016.12.28 08:03:58.231,9.09958,9.10246,1.37,1.00
2016.12.28 08:03:58.282,9.09958,9.10246,1.00,1.00
2016.12.28 08:03:58.333,9.09958,9.10236,1.00,1.00
2016.12.28 08:03:58.384,9.09958,9.10246,1.00,1.00
2016.12.28 08:03:58.819,9.09958,9.10246,1.37,1.00
2016.12.28 08:03:59.365,9.09957,9.10247,1.37,1.00
2016.12.28 08:03:59.416,9.09958,9.10256,1.37,1.00
2016.12.28 08:03:59.467,9.09958,9.10246,1.37,1.00
2016.12.28 08:04:00.809,9.09968,9.10246,1.00,1.00
2016.12.28 08:04:00.892,9.09958,9.10246,1.37,1.00
2016.12.28 08:04:00.993,9.09958,9.10276,1.00,1.12
2016.12.28 08:04:01.044,9.09951,9.10276,1.00,1.12
2016.12.28 08:04:01.095,9.09951,9.10296,1.37,1.87
2016.12.28 08:04:02.162,9.09958,9.10266,1.37,1.00
2016.12.28 08:04:02.213,9.09948,9.10276,1.37,1.12
2016.12.28 08:04:02.264,9.09958,9.10276,1.00,1.00
2016.12.28 08:04:02.365,9.09958,9.10279,1.37,1.37
2016.12.28 08:04:03.336,9.09945,9.10277,1.37,1.12
2016.12.28 08:04:03.387,9.09946,9.10266,1.00,1.00
2016.12.28 08:04:03.438,9.09945,9.10267,1.37,1.00
2016.12.28 08:04:03.489,9.09946,9.10276,1.00,1.12
2016.12.28 08:04:03.590,9.09946,9.10276,1.37,1.12
2016.12.28 08:04:03.988,9.0995,9.10256,1.75,1.00
2016.12.28 08:04:04.281,9.0995,9.10266,1.75,1.00
2016.12.28 08:04:06.104,9.0995,9.10276,1.75,1.12
2016.12.28 08:04:06.489,9.09953,9.10286,1.12,1.37
2016.12.28 08:04:06.825,9.0995,9.10286,1.75,1.75
2016.12.28 08:04:07.016,9.0995,9.10281,1.75,1.00
2016.12.28 08:04:07.067,9.0995,9.10278,1.37,1.37
2016.12.28 08:04:07.118,9.0995,9.10278,1.00,1.37
2016.12.28 08:04:07.443,9.09929,9.10279,1.75,2.25
2016.12.28 08:04:07.960,9.09929,9.10266,1.75,1.37
2016.12.28 08:04:08.313,9.09929,9.10236,1.75,1.00
2016.12.28 08:04:08.913,9.09921,9.10246,1.12,1.12
2016.12.28 08:04:09.317,9.09921,9.10256,1.12,1.00
2016.12.28 08:04:09.419,9.09928,9.10246,1.75,1.12
2016.12.28 08:04:10.024,9.09921,9.10236,1.12,1.00
2016.12.28 08:04:11.130,9.09921,9.10226,1.12,1.00
2016.12.28 08:04:11.312,9.09914,9.10226,2.62,1.00
2016.12.28 08:04:11.464,9.09921,9.10246,1.12,1.12
2016.12.28 08:04:11.666,9.09921,9.10246,1.12,1.12
2016.12.28 08:04:11.982,9.09921,9.10216,1.12,1.00
2016.12.28 08:04:12.033,9.09921,9.10216,1.12,1.00
2016.12.28 08:04:12.084,9.09921,9.10226,1.12,1.00
2016.12.28 08:04:12.135,9.09921,9.10236,1.12,1.00
2016.12.28 08:04:12.611,9.09921,9.10226,1.12,1.00
2016.12.28 08:04:13.001,9.09914,9.10226,2.25,1.00
2016.12.28 08:04:13.102,9.09914,9.10216,2.25,1.00
2016.12.28 08:04:13.654,9.09914,9.10217,1.75,1.00
2016.12.28 08:04:14.096,9.09914,9.10236,1.75,1.12
2016.12.28 08:04:14.253,9.09914,9.10236,1.75,1.12
2016.12.28 08:04:14.495,9.09914,9.10236,1.37,1.12
2016.12.28 08:04:14.603,9.09914,9.10236,1.75,1.12
2016.12.28 08:04:14.954,9.09914,9.10206,1.75,1.00
2016.12.28 08:04:19.125,9.09913,9.10243,1.75,1.37
2016.12.28 08:04:19.176,9.09916,9.10246,1.50,1.00
2016.12.28 08:04:19.227,9.09916,9.10256,1.87,1.37
2016.12.28 08:04:19.278,9.09918,9.10256,1.50,1.37
2016.12.28 08:04:19.379,9.09918,9.10256,1.37,1.50
2016.12.28 08:04:19.716,9.09918,9.10226,1.75,1.00
2016.12.28 08:04:19.767,9.09917,9.10247,1.37,1.00
2016.12.28 08:04:19.868,9.09924,9.10246,1.37,1.00
2016.12.28 08:04:19.919,9.09924,9.10246,1.12,1.00
2016.12.28 08:04:20.190,9.09928,9.10266,1.75,1.87
2016.12.28 08:04:20.295,9.09938,9.10236,1.37,1.00
2016.12.28 08:04:20.397,9.09936,9.10246,1.75,1.00
2016.12.28 08:04:20.973,9.09936,9.10236,1.75,1.00
2016.12.28 08:04:21.211,9.09936,9.10246,1.75,1.00
2016.12.28 08:04:22.313,9.09936,9.10236,1.75,1.00
2016.12.28 08:04:23.308,9.09938,9.10246,1.37,1.00
2016.12.28 08:04:23.783,9.09938,9.10246,1.00,1.00
2016.12.28 08:04:23.834,9.09937,9.10257,1.50,1.00
2016.12.28 08:04:24.319,9.09936,9.10246,1.75,1.00
2016.12.28 08:04:24.522,9.09936,9.10276,1.75,1.75
2016.12.28 08:04:24.634,9.09936,9.10276,1.75,1.37
2016.12.28 08:04:24.685,9.09936,9.10276,1.75,1.75
2016.12.28 08:04:25.113,9.09938,9.10236,1.37,1.00
2016.12.28 08:04:25.216,9.09936,9.10236,1.75,1.00
2016.12.28 08:04:25.317,9.09936,9.10226,1.75,1.00
2016.12.28 08:04:25.722,9.09938,9.10256,1.37,1.12
2016.12.28 08:04:25.825,9.09937,9.10257,1.12,1.00
2016.12.28 08:04:25.876,9.09948,9.10256,1.00,1.00
2016.12.28 08:04:26.207,9.09938,9.10256,1.37,1.00
2016.12.28 08:04:26.548,9.09938,9.10236,1.37,1.00
2016.12.28 08:04:27.468,9.09938,9.10226,1.37,1.00
2016.12.28 08:04:28.371,9.09938,9.10236,1.37,1.00
2016.12.28 08:04:28.577,9.09938,9.10266,1.87,1.12
2016.12.28 08:04:28.910,9.09948,9.10266,1.00,1.12
2016.12.28 08:04:29.032,9.09938,9.10266,1.37,1.12
2016.12.28 08:04:29.134,9.09938,9.10236,1.87,1.00
2016.12.28 08:04:29.449,9.09938,9.10227,1.37,1.00
2016.12.28 08:04:29.754,9.09948,9.10226,1.37,1.00
2016.12.28 08:04:29.805,9.09948,9.10256,1.37,1.12
2016.12.28 08:04:30.007,9.09938,9.10257,1.75,1.00
2016.12.28 08:04:30.058,9.09948,9.10256,1.00,1.00
2016.12.28 08:04:30.389,9.09948,9.10246,1.00,1.00
2016.12.28 08:04:30.440,9.09948,9.10266,1.00,1.12
2016.12.28 08:04:30.541,9.09938,9.10266,2.25,1.12
2016.12.28 08:04:30.923,9.09948,9.10266,1.00,1.12
2016.12.28 08:04:30.974,9.09938,9.10266,2.25,1.12
2016.12.28 08:04:31.025,9.09948,9.10266,1.00,1.12
2016.12.28 08:04:31.360,9.09938,9.10237,1.75,1.00
2016.12.28 08:04:31.665,9.09938,9.10226,1.75,1.00
2016.12.28 08:04:32.240,9.09938,9.10227,1.75,1.00
2016.12.28 08:04:32.560,9.10045,9.10256,1.20,1.00
2016.12.28 08:04:32.611,9.09989,9.10296,1.75,1.00
2016.12.28 08:04:32.663,9.1,9.10318,1.75,1.37
2016.12.28 08:04:32.865,9.10013,9.10355,1.00,1.00
2016.12.28 08:04:33.017,9.10006,9.10342,1.12,1.37
2016.12.28 08:04:33.286,9.10006,9.10348,1.12,1.00
2016.12.28 08:04:33.337,9.10006,9.10342,1.12,1.00
2016.12.28 08:04:33.539,9.10005,9.10342,1.00,1.37
2016.12.28 08:04:33.641,9.10005,9.10343,1.00,1.75
2016.12.28 08:04:34.180,9.10005,9.10342,1.00,1.75
2016.12.28 08:04:34.484,9.10005,9.10332,1.00,1.75
2016.12.28 08:04:34.585,9.09994,9.10322,1.12,1.37
2016.12.28 08:04:34.864,9.09994,9.10332,1.00,1.75
2016.12.28 08:04:34.915,9.09984,9.10325,1.87,1.75
2016.12.28 08:04:35.016,9.09984,9.10322,1.12,1.00
2016.12.28 08:04:35.118,9.09984,9.10317,1.00,1.00
2016.12.28 08:04:35.462,9.09984,9.10312,1.00,1.37
2016.12.28 08:04:35.744,9.09984,9.10322,1.00,1.12
2016.12.28 08:04:36.304,9.09994,9.10313,1.00,1.12
2016.12.28 08:04:37.873,9.09984,9.10313,1.87,1.12
2016.12.28 08:04:40.314,9.09984,9.10302,1.50,1.75
2016.12.28 08:04:40.780,9.09974,9.10302,1.00,1.75
2016.12.28 08:04:41.454,9.09974,9.10302,1.00,1.37
2016.12.28 08:04:41.555,9.09974,9.10307,1.00,1.75
2016.12.28 08:04:41.909,9.09974,9.10307,1.00,1.37
2016.12.28 08:04:42.010,9.09974,9.10307,1.00,1.75
2016.12.28 08:04:43.056,9.09974,9.10302,1.00,1.37
2016.12.28 08:04:43.107,9.09973,9.10303,1.00,1.75
2016.12.28 08:04:43.158,9.0996,9.10302,1.75,1.75
2016.12.28 08:04:43.259,9.0996,9.1031,1.75,1.87
2016.12.28 08:04:43.360,9.0996,9.1031,1.75,2.25
2016.12.28 08:04:43.821,9.09974,9.1031,1.00,2.25
2016.12.28 08:04:44.429,9.09964,9.10306,1.50,1.12
2016.12.28 08:04:44.940,9.09974,9.10306,1.00,1.12
2016.12.28 08:04:45.852,9.09974,9.10302,1.00,1.37
2016.12.28 08:04:46.004,9.0996,9.10303,1.75,1.75
2016.12.28 08:04:46.055,9.0996,9.10303,1.75,1.37
2016.12.28 08:04:46.156,9.0996,9.10303,1.75,1.75
2016.12.28 08:04:46.311,9.0996,9.10303,1.37,1.37
2016.12.28 08:04:46.413,9.0996,9.10303,1.37,1.75
2016.12.28 08:04:47.899,9.09954,9.10288,1.37,1.00
2016.12.28 08:04:47.949,9.09954,9.10284,1.37,1.00
2016.12.28 08:04:48.252,9.09954,9.1028,1.37,1.37
2016.12.28 08:04:48.778,9.09944,9.10291,1.87,1.00
2016.12.28 08:04:48.880,9.09944,9.10291,1.87,1.37
2016.12.28 08:04:49.434,9.09944,9.10291,1.50,1.75
2016.12.28 08:04:49.872,9.09944,9.10292,1.50,2.25
2016.12.28 08:04:49.923,9.09942,9.10292,1.75,1.75
2016.12.28 08:04:50.075,9.09942,9.10292,1.75,1.75
2016.12.28 08:04:50.176,9.09942,9.10292,1.75,2.25
2016.12.28 08:04:52.098,9.09954,9.10282,1.00,1.75
2016.12.28 08:04:52.611,9.09964,9.10292,1.00,1.75
2016.12.28 08:04:52.765,9.09953,9.10292,1.00,1.37
2016.12.28 08:04:52.917,9.09954,9.10292,1.00,1.75
2016.12.28 08:04:53.193,9.09944,9.10292,1.50,1.75
2016.12.28 08:04:54.074,9.09943,9.10292,1.37,1.75
2016.12.28 08:04:54.381,9.09954,9.10292,1.00,2.25
2016.12.28 08:04:54.432,9.09954,9.10292,1.00,1.87
2016.12.28 08:04:54.483,9.09954,9.10292,1.00,1.75
2016.12.28 08:04:54.534,9.09942,9.10292,1.75,2.25
2016.12.28 08:04:54.585,9.09942,9.10292,1.75,1.87
2016.12.28 08:04:54.686,9.09942,9.10283,1.37,1.75
2016.12.28 08:04:55.262,9.09942,9.10272,1.37,1.37
2016.12.28 08:04:55.364,9.09942,9.10282,1.37,1.37
2016.12.28 08:04:55.465,9.09934,9.10271,1.87,1.37
2016.12.28 08:04:56.814,9.09924,9.10271,1.12,1.75
2016.12.28 08:04:57.277,9.09944,9.10271,1.00,1.75
2016.12.28 08:04:57.378,9.09944,9.10271,1.00,1.37
2016.12.28 08:04:57.612,9.09924,9.10271,1.12,1.75
2016.12.28 08:04:58.168,9.09954,9.10271,1.00,1.75
2016.12.28 08:04:58.372,9.09954,9.10271,1.00,1.37
2016.12.28 08:04:59.031,9.09944,9.10271,1.37,1.37
2016.12.28 08:04:59.989,9.09954,9.10271,1.00,1.37
2016.12.28 08:05:01.038,9.09944,9.10271,1.37,1.37
2016.12.28 08:05:01.397,9.09924,9.10271,1.87,1.00
2016.12.28 08:05:01.596,9.09934,9.10271,1.12,1.37
2016.12.28 08:05:03.867,9.09929,9.10271,1.12,1.00
2016.12.28 08:05:03.969,9.09934,9.10271,1.75,1.37
2016.12.28 08:05:05.227,9.09934,9.10271,1.12,1.00
2016.12.28 08:05:05.328,9.09934,9.10271,1.12,1.37
2016.12.28 08:05:05.629,9.09928,9.10271,1.12,1.00
2016.12.28 08:05:08.477,9.09934,9.10279,1.12,1.37
2016.12.28 08:05:11.063,9.09933,9.10273,1.12,1.00
2016.12.28 08:05:11.360,9.09934,9.10279,1.12,1.37
2016.12.28 08:05:12.275,9.09934,9.10272,1.12,1.00
2016.12.28 08:05:12.541,9.09934,9.10279,1.12,1.37
2016.12.28 08:05:12.918,9.09934,9.10272,1.12,1.00
2016.12.28 08:05:12.968,9.09934,9.10279,1.12,1.37
2016.12.28 08:05:14.050,9.09934,9.10272,1.12,1.00
2016.12.28 08:05:14.101,9.09934,9.10279,1.12,1.37
2016.12.28 08:05:14.442,9.09934,9.10272,1.12,1.00
2016.12.28 08:05:14.492,9.09933,9.10279,1.12,1.37
2016.12.28 08:05:14.975,9.09934,9.10272,1.12,1.00
2016.12.28 08:05:15.089,9.09934,9.10279,1.12,1.37
2016.12.28 08:05:15.304,9.09934,9.10272,1.12,1.00
2016.12.28 08:05:15.355,9.09934,9.10279,1.12,1.37
2016.12.28 08:05:15.406,9.09934,9.10272,1.12,1.00
2016.12.28 08:05:15.808,9.09934,9.10279,1.12,1.37
2016.12.28 08:05:15.952,9.09934,9.10272,1.12,1.00
2016.12.28 08:05:16.003,9.09933,9.10279,1.12,1.37
2016.12.28 08:05:16.054,9.09934,9.10272,1.12,1.00
2016.12.28 08:05:17.702,9.09934,9.10279,1.12,1.37
2016.12.28 08:05:17.967,9.09933,9.10273,1.12,1.00
2016.12.28 08:05:18.018,9.09934,9.10279,1.12,1.37
2016.12.28 08:05:18.188,9.09934,9.10272,1.12,1.00
2016.12.28 08:05:18.651,9.09934,9.10279,1.12,1.37
2016.12.28 08:05:18.782,9.09934,9.10272,1.12,1.00
2016.12.28 08:05:18.885,9.09934,9.10279,1.12,1.37
2016.12.28 08:05:19.002,9.09934,9.10272,1.12,1.00
2016.12.28 08:05:19.217,9.09934,9.10279,1.12,1.37
2016.12.28 08:05:19.268,9.09934,9.10272,1.12,1.00
2016.12.28 08:05:19.319,9.09934,9.10279,1.12,1.37
2016.12.28 08:05:19.482,9.09934,9.10272,1.12,1.00
2016.12.28 08:05:19.932,9.09934,9.10279,1.12,1.37
2016.12.28 08:05:20.368,9.09934,9.10272,1.12,1.00
2016.12.28 08:05:20.533,9.09934,9.10279,1.12,1.37
2016.12.28 08:05:20.750,9.09933,9.10273,1.12,1.00
2016.12.28 08:05:21.410,9.09934,9.10272,1.12,1.00
2016.12.28 08:05:21.612,9.09934,9.10279,1.12,1.37
2016.12.28 08:05:21.714,9.09934,9.10272,1.12,1.00
2016.12.28 08:05:21.883,9.09934,9.10279,1.12,1.37
2016.12.28 08:05:21.934,9.09934,9.10272,1.12,1.00
2016.12.28 08:05:22.062,9.09934,9.10279,1.12,1.37
2016.12.28 08:05:22.112,9.09934,9.10272,1.12,1.00
2016.12.28 08:05:22.267,9.09934,9.10279,1.12,1.37
2016.12.28 08:05:22.368,9.09934,9.10272,1.12,1.00
2016.12.28 08:05:22.537,9.09934,9.10279,1.12,1.37
2016.12.28 08:05:22.588,9.09933,9.10273,1.12,1.00
2016.12.28 08:05:23.051,9.09934,9.10186,1.12,1.60
2016.12.28 08:05:23.102,9.09929,9.10186,1.00,1.60
2016.12.28 08:05:23.203,9.09894,9.10169,1.00,1.97
2016.12.28 08:05:23.304,9.09873,9.10147,1.00,1.60
2016.12.28 08:05:23.406,9.09833,9.10123,1.12,1.00
2016.12.28 08:05:23.566,9.09834,9.10116,1.12,1.00
2016.12.28 08:05:24.278,9.09834,9.10116,1.12,1.60
2016.12.28 08:05:24.530,9.09829,9.10116,1.75,1.00
2016.12.28 08:05:24.682,9.09854,9.10116,1.00,1.00
2016.12.28 08:05:24.733,9.09829,9.10117,1.75,1.00
2016.12.28 08:05:25.300,9.09829,9.10116,1.75,1.00
2016.12.28 08:05:25.792,9.09832,9.10116,1.75,1.60
2016.12.28 08:05:26.306,9.09832,9.10116,1.75,1.00
2016.12.28 08:05:27.257,9.09832,9.10116,1.75,1.60
2016.12.28 08:05:27.798,9.09838,9.10116,1.37,1.00
2016.12.28 08:05:28.126,9.09858,9.10116,1.00,1.00
2016.12.28 08:05:28.679,9.09868,9.10116,1.00,1.00
2016.12.28 08:05:28.780,9.09848,9.10116,1.00,1.60
2016.12.28 08:05:28.881,9.09838,9.10116,1.37,1.60
2016.12.28 08:05:28.932,9.09848,9.10116,1.00,1.60
2016.12.28 08:05:29.059,9.09838,9.10116,1.37,1.60
2016.12.28 08:05:29.110,9.09848,9.10116,1.00,1.60
2016.12.28 08:05:29.257,9.09848,9.10116,1.00,1.00
2016.12.28 08:05:29.308,9.09838,9.10116,1.37,1.00
2016.12.28 08:05:30.295,9.09832,9.10116,1.75,1.60
2016.12.28 08:05:30.756,9.09832,9.10116,1.75,1.00
2016.12.28 08:05:32.008,9.09832,9.10116,1.75,1.60
2016.12.28 08:05:32.314,9.09832,9.10116,1.75,1.00
2016.12.28 08:05:33.553,9.09832,9.10116,1.75,1.60
2016.12.28 08:05:34.040,9.09832,9.10116,1.75,1.00
2016.12.28 08:05:35.305,9.09832,9.10117,1.75,1.00
2016.12.28 08:05:35.880,9.09838,9.10116,1.37,1.00
2016.12.28 08:05:36.424,9.09837,9.10117,1.37,1.00
2016.12.28 08:05:36.525,9.09832,9.10116,1.75,1.60
2016.12.28 08:05:37.052,9.09832,9.10116,1.75,1.00
2016.12.28 08:05:38.007,9.09832,9.10116,1.75,1.60
2016.12.28 08:05:38.600,9.09832,9.10107,1.75,1.00
2016.12.28 08:06:07.006,9.09831,9.10107,1.75,1.60
2016.12.28 08:06:07.507,9.09831,9.10107,1.75,1.35
2016.12.28 08:06:21.508,9.09831,9.10107,1.75,1.60
2016.12.28 08:06:28.113,9.09831,9.10106,1.75,1.60
2016.12.28 08:07:08.757,9.09828,9.10106,1.12,1.00
2016.12.28 08:07:21.509,9.09828,9.10106,1.12,1.60
2016.12.28 08:07:28.964,9.09834,9.10106,1.50,1.60
2016.12.28 08:07:30.118,9.09834,9.10106,1.12,1.60
2016.12.28 08:07:30.220,9.09834,9.10106,1.50,1.60
2016.12.28 08:07:31.583,9.09834,9.10106,1.50,1.60
2016.12.28 08:07:31.863,9.09834,9.10106,1.12,1.60
2016.12.28 08:07:31.965,9.09827,9.10107,1.87,1.60
2016.12.28 08:07:32.268,9.09848,9.10106,1.12,1.00
2016.12.28 08:07:32.369,9.09854,9.10106,1.00,1.00
2016.12.28 08:07:32.571,9.09844,9.10106,1.37,1.60
2016.12.28 08:07:32.622,9.09834,9.10106,2.56,1.60
2016.12.28 08:07:32.707,9.09844,9.10106,1.37,1.60
2016.12.28 08:07:33.279,9.09854,9.10106,1.50,1.00
2016.12.28 08:07:34.011,9.09854,9.10106,1.50,1.00
2016.12.28 08:07:34.377,9.09854,9.10106,1.87,1.00
2016.12.28 08:07:36.283,9.09853,9.10107,1.87,1.00
2016.12.28 08:07:39.470,9.09854,9.10106,1.87,1.00
2016.12.28 08:07:41.708,9.09853,9.10107,1.87,1.00
2016.12.28 08:07:42.277,9.09854,9.10106,1.87,1.00
2016.12.28 08:07:43.124,9.09854,9.10106,1.50,1.00
2016.12.28 08:07:43.175,9.09858,9.10106,1.37,1.00
2016.12.28 08:07:43.276,9.09863,9.10107,1.75,1.00
2016.12.28 08:07:43.533,9.09864,9.10106,1.37,1.00
2016.12.28 08:07:43.764,9.09864,9.10106,1.75,1.00
2016.12.28 08:07:43.815,9.09864,9.10106,1.37,1.00
2016.12.28 08:07:43.948,9.09864,9.10106,1.75,1.00
2016.12.28 08:07:49.453,9.09864,9.10106,1.12,1.00
2016.12.28 08:07:51.038,9.09864,9.10106,1.12,1.00
2016.12.28 08:07:51.094,9.09858,9.10106,1.87,1.00
2016.12.28 08:07:51.196,9.09858,9.10106,1.75,1.00
2016.12.28 08:07:51.673,9.09864,9.10106,1.75,1.00
2016.12.28 08:07:51.724,9.09864,9.10106,1.00,1.00
2016.12.28 08:07:51.804,9.09864,9.10106,1.37,1.00
2016.12.28 08:07:52.668,9.09857,9.10107,1.37,1.00
2016.12.28 08:07:53.457,9.09854,9.10106,1.00,1.00
2016.12.28 08:07:53.609,9.09854,9.10106,1.37,1.00
2016.12.28 08:07:54.540,9.09844,9.10106,1.50,1.00
2016.12.28 08:07:54.843,9.09833,9.10107,1.12,1.00
2016.12.28 08:07:54.958,9.09834,9.10106,1.50,1.00
2016.12.28 08:07:55.272,9.09834,9.10106,1.50,1.60
2016.12.28 08:07:55.536,9.09834,9.10106,1.50,1.00
2016.12.28 08:07:56.508,9.09828,9.10106,1.12,1.60
2016.12.28 08:07:59.189,9.09827,9.10107,1.12,1.60
2016.12.28 08:07:59.704,9.09828,9.10106,1.12,1.60
2016.12.28 08:07:59.806,9.09828,9.10106,1.12,1.00
2016.12.28 08:08:01.040,9.09834,9.10106,1.50,1.60
2016.12.28 08:08:02.274,9.09828,9.10106,1.12,1.00
2016.12.28 08:08:05.508,9.09837,9.10107,1.37,1.35
2016.12.28 08:08:05.710,9.09863,9.10107,1.12,1.00
2016.12.28 08:08:06.021,9.09844,9.10106,1.12,1.00
2016.12.28 08:08:06.359,9.09838,9.10106,1.37,1.00
2016.12.28 08:08:06.410,9.09834,9.10106,1.12,1.00
2016.12.28 08:08:06.461,9.09834,9.10106,1.50,1.00
2016.12.28 08:08:06.512,9.09834,9.10106,1.12,1.00
2016.12.28 08:08:06.563,9.09854,9.10106,1.00,1.00
2016.12.28 08:08:06.866,9.09904,9.10106,1.12,1.00
2016.12.28 08:08:07.209,9.09894,9.10106,1.00,1.00
2016.12.28 08:08:07.260,9.09849,9.10106,1.87,1.00
2016.12.28 08:08:07.361,9.09888,9.10106,1.37,1.00
2016.12.28 08:08:07.564,9.09893,9.10107,1.00,1.00
2016.12.28 08:08:07.616,9.09864,9.10106,1.00,1.00
2016.12.28 08:08:07.717,9.09888,9.10106,1.37,1.00
2016.12.28 08:08:08.610,9.09894,9.10106,1.12,1.00
2016.12.28 08:08:08.712,9.09898,9.10106,1.37,1.00
2016.12.28 08:08:09.019,9.09857,9.10107,1.12,1.00
2016.12.28 08:08:09.121,9.09879,9.10106,1.87,1.00
2016.12.28 08:08:09.860,9.09863,9.10107,1.12,1.00
2016.12.28 08:08:10.375,9.09864,9.10106,1.00,1.00
2016.12.28 08:08:10.640,9.09834,9.10106,1.50,1.00
2016.12.28 08:08:23.140,9.09837,9.10107,1.37,1.00
2016.12.28 08:08:23.191,9.09844,9.10106,1.37,1.00
2016.12.28 08:08:23.341,9.09844,9.10106,1.00,1.00
2016.12.28 08:08:23.635,9.09844,9.10106,1.37,1.00
2016.12.28 08:08:23.762,9.09834,9.10106,1.50,1.00
2016.12.28 08:08:24.081,9.09844,9.10106,1.37,1.00
2016.12.28 08:08:25.047,9.09828,9.10106,1.12,1.00
2016.12.28 08:08:34.691,9.09833,9.10107,1.50,1.00
2016.12.28 08:08:41.616,9.09828,9.10106,1.12,1.00
2016.12.28 08:08:50.074,9.09834,9.10106,1.00,1.00
2016.12.28 08:08:50.276,9.09834,9.10102,1.00,1.00
2016.12.28 08:08:50.580,9.09834,9.10092,1.00,1.37
2016.12.28 08:08:51.043,9.09794,9.10102,1.87,1.37
2016.12.28 08:08:51.144,9.09794,9.10106,1.87,1.50
2016.12.28 08:08:51.195,9.09794,9.10102,1.50,1.37
2016.12.28 08:08:51.506,9.09794,9.10106,1.50,1.50
2016.12.28 08:08:51.607,9.09794,9.10106,1.87,1.87
2016.12.28 08:08:52.052,9.09804,9.10106,1.00,1.37
2016.12.28 08:08:53.139,9.09794,9.10106,1.87,1.37
2016.12.28 08:08:54.101,9.09804,9.10093,1.00,1.37
2016.12.28 08:08:56.431,9.09794,9.10093,1.87,1.37
2016.12.28 08:08:57.423,9.09804,9.10093,1.00,1.37
2016.12.28 08:08:58.466,9.09794,9.10093,1.87,1.37
2016.12.28 08:08:59.420,9.09804,9.10093,1.00,1.37
2016.12.28 08:09:00.591,9.09794,9.10093,1.87,1.37
2016.12.28 08:09:01.093,9.09793,9.10093,1.50,1.37
2016.12.28 08:09:01.200,9.09794,9.10093,1.50,1.00
2016.12.28 08:09:01.352,9.09794,9.10073,1.50,1.37
2016.12.28 08:09:01.725,9.09794,9.10073,1.00,1.87
2016.12.28 08:09:04.803,9.09794,9.10069,1.00,1.00
2016.12.28 08:09:04.931,9.09794,9.10069,1.00,1.37
2016.12.28 08:09:05.643,9.09794,9.10069,1.00,1.37
2016.12.28 08:09:05.699,9.09793,9.10069,1.00,1.00
2016.12.28 08:09:05.751,9.09794,9.10069,1.00,1.37
2016.12.28 08:09:06.229,9.09794,9.10069,1.00,1.37
2016.12.28 08:09:06.448,9.09794,9.10069,1.00,1.00
2016.12.28 08:09:06.637,9.09794,9.10069,1.00,1.37
2016.12.28 08:09:07.536,9.09794,9.10069,1.00,1.00
2016.12.28 08:09:07.616,9.09794,9.10069,1.00,1.37
2016.12.28 08:09:09.443,9.09793,9.10069,1.00,1.37
2016.12.28 08:09:10.238,9.09794,9.10069,1.00,1.37
2016.12.28 08:09:10.605,9.09794,9.10069,1.00,1.37
2016.12.28 08:09:10.894,9.09794,9.10069,1.00,1.37
2016.12.28 08:09:11.452,9.09794,9.10069,1.00,1.37
2016.12.28 08:09:25.416,9.09793,9.10062,1.00,1.37
2016.12.28 08:09:27.261,9.09774,9.10017,1.00,1.00
2016.12.28 08:09:27.362,9.09764,9.10042,1.00,1.00
2016.12.28 08:09:27.415,9.09764,9.10022,1.00,1.00
2016.12.28 08:09:27.516,9.09739,9.10032,1.00,1.00
2016.12.28 08:09:27.567,9.09739,9.10022,1.00,1.00
2016.12.28 08:09:27.618,9.09712,9.10022,1.19,1.37
2016.12.28 08:09:27.669,9.09712,9.10022,1.19,1.37
2016.12.28 08:09:27.720,9.09704,9.10022,1.12,1.37
2016.12.28 08:09:27.771,9.09707,9.10032,1.56,1.75
2016.12.28 08:09:28.226,9.09695,9.10012,1.09,1.00
2016.12.28 08:09:28.529,9.09678,9.10002,1.56,1.50
2016.12.28 08:09:28.580,9.09678,9.10002,1.56,1.12
2016.12.28 08:09:28.631,9.09678,9.10002,1.19,1.37
2016.12.28 08:09:29.000,9.09684,9.10004,1.00,1.12
2016.12.28 08:09:29.052,9.09684,9.09982,1.19,1.12
2016.12.28 08:09:29.103,9.09658,9.10002,1.24,1.75
2016.12.28 08:09:29.259,9.09658,9.09966,1.24,1.00
2016.12.28 08:09:30.093,9.09694,9.09966,1.00,1.00
2016.12.28 08:09:31.120,9.09684,9.09982,1.19,1.12
2016.12.28 08:09:36.886,9.09694,9.09966,1.00,1.00
2016.12.28 08:09:37.847,9.09674,9.09966,1.19,1.00
2016.12.28 08:09:38.912,9.09673,9.09984,1.19,1.12
2016.12.28 08:09:38.963,9.09674,9.09984,1.19,1.12
2016.12.28 08:09:39.620,9.09656,9.09957,1.00,1.00
2016.12.28 08:09:39.722,9.09656,9.09956,1.19,1.00
2016.12.28 08:09:43.250,9.09674,9.09976,1.00,1.12
2016.12.28 08:09:43.301,9.09664,9.09976,1.19,1.12
2016.12.28 08:09:43.402,9.09664,9.09976,1.19,1.12
2016.12.28 08:09:44.349,9.09683,9.09977,1.00,1.12
2016.12.28 08:09:45.314,9.09674,9.09976,1.00,1.12
2016.12.28 08:09:49.908,9.09646,9.09976,1.56,1.12
2016.12.28 08:09:49.959,9.09646,9.09972,1.56,1.12
2016.12.28 08:09:51.025,9.09646,9.09983,1.56,1.75
2016.12.28 08:09:51.532,9.09646,9.09956,1.56,1.00
2016.12.28 08:09:56.812,9.09646,9.09973,1.56,1.75
2016.12.28 08:09:57.362,9.09646,9.09972,1.56,1.12
2016.12.28 08:09:57.794,9.09646,9.09982,1.56,1.75
2016.12.28 08:09:58.757,9.09653,9.09957,1.19,1.37
2016.12.28 08:09:59.346,9.09654,9.09956,1.19,1.37
2016.12.28 08:10:00.109,9.09653,9.09957,1.19,1.37
2016.12.28 08:10:00.656,9.09654,9.09956,1.19,1.37
2016.12.28 08:10:27.211,9.09664,9.09981,1.00,1.12
2016.12.28 08:10:27.262,9.09664,9.09982,1.00,1.75
2016.12.28 08:10:27.313,9.09664,9.09976,1.19,1.37
2016.12.28 08:10:38.017,9.09664,9.09976,1.19,1.12
2016.12.28 08:10:38.678,9.09664,9.09982,1.19,1.12
2016.12.28 08:10:39.668,9.09674,9.09976,1.00,1.37
2016.12.28 08:10:40.045,9.09674,9.09976,1.00,1.37
2016.12.28 08:10:42.663,9.09664,9.09976,1.19,1.37
2016.12.28 08:10:43.169,9.09654,9.09976,1.19,1.12
2016.12.28 08:10:43.670,9.09674,9.09976,1.00,1.12
2016.12.28 08:10:43.826,9.09664,9.09976,1.19,1.12
2016.12.28 08:10:44.355,9.09674,9.09976,1.00,1.12
2016.12.28 08:10:44.406,9.09664,9.09976,1.19,1.12
2016.12.28 08:10:48.401,9.09663,9.09984,1.19,1.12
2016.12.28 08:10:48.751,9.09674,9.09991,1.00,1.12
2016.12.28 08:10:49.803,9.09664,9.09991,1.19,1.12
2016.12.28 08:10:49.863,9.09674,9.09991,1.00,1.12
2016.12.28 08:10:50.846,9.09684,9.09997,1.00,1.75
2016.12.28 08:10:52.257,9.09694,9.09997,1.00,1.75
2016.12.28 08:10:53.454,9.09684,9.09997,1.00,1.75
2016.12.28 08:10:54.448,9.09674,9.09976,1.00,1.12
2016.12.28 08:10:55.031,9.09673,9.09977,1.00,1.12
2016.12.28 08:10:55.335,9.09674,9.09976,1.00,1.12
2016.12.28 08:10:56.128,9.09664,9.09976,1.19,1.12
2016.12.28 08:10:58.629,9.09674,9.09971,1.00,1.12
2016.12.28 08:10:59.482,9.09664,9.09981,1.19,1.12
2016.12.28 08:10:59.989,9.09674,9.09981,1.00,1.12
2016.12.28 08:11:00.436,9.09664,9.09991,1.19,1.12
2016.12.28 08:11:00.657,9.09674,9.09991,1.00,1.12
2016.12.28 08:11:00.760,9.09674,9.09991,1.00,1.12
2016.12.28 08:11:01.077,9.09684,9.09991,1.00,1.12
2016.12.28 08:11:01.228,9.09674,9.09991,1.00,1.12
2016.12.28 08:11:01.689,9.09684,9.09991,1.00,1.12
2016.12.28 08:11:01.841,9.09674,9.09991,1.00,1.12
2016.12.28 08:11:01.893,9.09664,9.09991,1.19,1.12
2016.12.28 08:11:02.866,9.09674,9.09991,1.00,1.12
2016.12.28 08:11:03.865,9.09664,9.09991,1.19,1.12
2016.12.28 08:11:08.196,9.09674,9.09992,1.00,1.12
2016.12.28 08:11:08.500,9.09687,9.10002,1.19,1.12
2016.12.28 08:11:08.671,9.09687,9.10004,1.19,1.12
2016.12.28 08:11:09.189,9.09724,9.10012,1.00,1.12
2016.12.28 08:11:12.335,9.09723,9.10022,1.00,1.12
2016.12.28 08:11:12.537,9.09734,9.10039,1.00,1.37
2016.12.28 08:11:12.588,9.09734,9.10036,1.19,1.12
2016.12.28 08:11:13.118,9.09734,9.10049,1.00,1.12
2016.12.28 08:11:13.462,9.09754,9.10061,1.00,1.50
2016.12.28 08:11:13.779,9.09754,9.10061,1.19,1.12
2016.12.28 08:11:15.007,9.09764,9.10061,1.00,1.12
2016.12.28 08:11:15.962,9.09754,9.10061,1.19,1.12
2016.12.28 08:11:17.903,9.09763,9.10063,1.00,1.12
2016.12.28 08:11:18.409,9.09764,9.10062,1.00,1.12
2016.12.28 08:11:18.873,9.09754,9.10062,1.19,1.12
2016.12.28 08:11:20.013,9.09764,9.10062,1.00,1.12
2016.12.28 08:11:20.484,9.09764,9.10072,1.19,1.12
2016.12.28 08:11:20.635,9.09764,9.10072,1.00,1.12
2016.12.28 08:11:20.686,9.09764,9.10091,1.00,1.12
2016.12.28 08:11:20.737,9.09764,9.10091,1.19,1.12
2016.12.28 08:11:21.084,9.09784,9.10087,1.00,1.12
2016.12.28 08:11:21.413,9.09784,9.10087,1.00,1.12
2016.12.28 08:11:22.029,9.09794,9.10087,1.00,1.12
2016.12.28 08:11:22.950,9.09793,9.10073,1.00,1.50
2016.12.28 08:11:23.000,9.09784,9.10082,1.00,1.75
2016.12.28 08:11:24.256,9.09784,9.10087,1.00,1.12
2016.12.28 08:11:28.059,9.09784,9.10096,1.00,1.12
2016.12.28 08:11:28.795,9.09784,9.10106,1.12,1.75
2016.12.28 08:11:28.846,9.09794,9.10106,1.00,1.75
2016.12.28 08:11:29.158,9.09794,9.10106,1.19,1.75
2016.12.28 08:11:41.721,9.09813,9.10107,1.25,1.37
2016.12.28 08:11:42.315,9.09814,9.10106,1.25,1.37
2016.12.28 08:11:43.182,9.09804,9.10106,1.19,1.12
2016.12.28 08:11:44.304,9.09803,9.10107,1.19,1.12
2016.12.28 08:11:44.836,9.09804,9.10106,1.19,1.12
2016.12.28 08:11:45.211,9.09804,9.10106,1.19,1.37
2016.12.28 08:11:45.718,9.09794,9.10106,1.00,1.12
2016.12.28 08:11:45.819,9.09794,9.10102,1.25,1.12
2016.12.28 08:11:48.212,9.09774,9.10102,1.56,1.12
2016.12.28 08:11:55.419,9.09793,9.101,1.25,1.37
2016.12.28 08:11:56.207,9.09804,9.101,1.00,1.37
2016.12.28 08:11:56.549,9.09794,9.101,1.25,1.37
2016.12.28 08:11:57.766,9.09804,9.101,1.00,1.37
2016.12.28 08:12:01.317,9.09804,9.10036,1.00,1.00
2016.12.28 08:12:01.368,9.09794,9.10036,1.00,1.00
2016.12.28 08:12:01.419,9.09804,9.10032,1.00,1.00
2016.12.28 08:12:01.470,9.09794,9.10032,1.00,1.00
2016.12.28 08:12:02.108,9.09804,9.10032,1.00,1.00
2016.12.28 08:12:02.287,9.09794,9.10032,1.00,1.00
2016.12.28 08:12:02.388,9.09774,9.10032,1.19,1.00
2016.12.28 08:12:02.490,9.09774,9.10032,1.19,1.37
2016.12.28 08:12:03.372,9.09784,9.10032,1.00,1.37
2016.12.28 08:12:03.920,9.09784,9.10032,1.00,1.37
2016.12.28 08:12:04.126,9.09783,9.10032,1.00,1.00
2016.12.28 08:12:04.704,9.09784,9.10032,1.00,1.00
2016.12.28 08:12:04.755,9.09774,9.10032,1.19,1.00
2016.12.28 08:12:04.907,9.09774,9.10032,1.19,1.37
2016.12.28 08:12:05.781,9.09784,9.10032,1.00,1.37
2016.12.28 08:12:08.271,9.09784,9.10032,1.00,1.37
2016.12.28 08:12:08.392,9.09774,9.10032,1.19,1.37
2016.12.28 08:12:08.895,9.09784,9.10032,1.00,1.37
2016.12.28 08:12:08.996,9.09774,9.10032,1.19,1.37
2016.12.28 08:12:09.487,9.09764,9.10032,1.12,1.37
2016.12.28 08:12:09.588,9.09764,9.10032,1.50,1.37
2016.12.28 08:12:09.961,9.09774,9.10032,1.00,1.37
2016.12.28 08:12:10.012,9.09774,9.10032,1.37,1.37
2016.12.28 08:12:10.459,9.09774,9.10032,1.00,1.00
2016.12.28 08:12:10.510,9.09774,9.10032,1.37,1.00
2016.12.28 08:12:10.662,9.09773,9.10032,1.00,1.00
2016.12.28 08:12:10.966,9.09774,9.10032,1.37,1.00
2016.12.28 08:12:11.076,9.09774,9.10032,1.00,1.00
2016.12.28 08:12:11.127,9.09803,9.10032,1.00,1.00
2016.12.28 08:12:11.228,9.09794,9.10032,1.00,1.00
2016.12.28 08:12:11.481,9.09784,9.10032,1.00,1.00
2016.12.28 08:12:11.582,9.09764,9.10032,1.87,1.00
2016.12.28 08:12:12.912,9.09764,9.10032,1.12,1.37
2016.12.28 08:12:14.407,9.09763,9.10032,1.31,1.37
2016.12.28 08:12:14.919,9.09743,9.10032,1.94,1.37
2016.12.28 08:12:15.021,9.09754,9.10032,1.75,1.37
2016.12.28 08:12:15.243,9.09754,9.10032,1.00,1.37
2016.12.28 08:12:15.395,9.09754,9.10009,1.19,1.00
2016.12.28 08:12:15.698,9.09754,9.10015,1.00,1.37
2016.12.28 08:12:15.800,9.09734,9.10015,1.19,1.37
2016.12.28 08:12:16.024,9.09734,9.10004,1.19,1.00
2016.12.28 08:12:20.387,9.09734,9.10004,1.00,1.00
2016.12.28 08:12:20.936,9.09724,9.10004,1.19,1.00
2016.12.28 08:12:24.635,9.09733,9.10004,1.19,1.00
2016.12.28 08:12:25.103,9.09724,9.10004,1.00,1.00
2016.12.28 08:12:25.204,9.09724,9.09984,1.19,1.00
2016.12.28 08:12:25.508,9.09723,9.09987,1.00,1.75
2016.12.28 08:12:26.013,9.09724,9.09975,1.00,1.12
2016.12.28 08:12:26.063,9.09684,9.09975,1.19,1.12
2016.12.28 08:12:26.215,9.09683,9.09969,1.00,1.12
2016.12.28 08:12:26.570,9.09684,9.09946,1.00,1.37
2016.12.28 08:12:27.041,9.09654,9.09936,1.00,1.00
2016.12.28 08:12:28.055,9.09624,9.09936,1.00,1.50
2016.12.28 08:12:29.040,9.09614,9.09936,1.19,1.12
2016.12.28 08:12:29.142,9.09614,9.09922,1.19,1.00
2016.12.28 08:12:29.515,9.09614,9.09907,1.19,1.00
2016.12.28 08:12:29.845,9.09624,9.09907,1.00,1.00
2016.12.28 08:12:41.549,9.09644,9.09907,1.00,1.00
2016.12.28 08:12:41.853,9.09664,9.09913,1.00,1.00
2016.12.28 08:12:47.569,9.09674,9.09913,1.00,1.00
2016.12.28 08:12:48.130,9.09673,9.09913,1.00,1.00
2016.12.28 08:12:50.181,9.09674,9.09913,1.00,1.00
2016.12.28 08:12:51.794,9.09664,9.09913,1.00,1.00
2016.12.28 08:12:52.792,9.09674,9.09913,1.00,1.00
2016.12.28 08:12:53.057,9.09674,9.0995,1.00,3.75
2016.12.28 08:12:53.208,9.09674,9.09957,1.00,1.75
2016.12.28 08:12:53.777,9.09684,9.09957,1.00,1.37
2016.12.28 08:12:56.508,9.09683,9.09957,1.00,1.37
2016.12.28 08:12:57.040,9.09684,9.09957,1.00,1.37
2016.12.28 08:12:57.577,9.09683,9.09957,1.00,1.37
2016.12.28 08:12:58.126,9.09684,9.09957,1.00,1.37
2016.12.28 08:12:59.057,9.09683,9.09957,1.00,1.37
2016.12.28 08:12:59.380,9.09704,9.09957,1.00,1.37
2016.12.28 08:12:59.971,9.09704,9.09957,1.00,1.37
2016.12.28 08:13:00.374,9.09714,9.09957,1.00,1.37
2016.12.28 08:13:01.167,9.09714,9.09983,1.00,1.12
2016.12.28 08:13:01.323,9.09714,9.09983,1.00,1.37
2016.12.28 08:13:01.374,9.09724,9.09983,1.00,1.37
2016.12.28 08:13:03.312,9.09723,9.09988,1.00,1.75
2016.12.28 08:13:03.817,9.09724,9.09988,1.00,1.75
2016.12.28 08:13:04.303,9.09728,9.09996,1.00,1.37
2016.12.28 08:13:04.354,9.09734,9.09996,1.00,1.37
2016.12.28 08:13:04.405,9.09728,9.09996,1.00,1.37
2016.12.28 08:13:04.456,9.09724,9.09996,1.00,1.37
2016.12.28 08:13:04.557,9.09714,9.09996,1.00,1.37
2016.12.28 08:13:04.810,9.09714,9.09981,1.00,1.00
2016.12.28 08:13:05.316,9.09734,9.09981,1.00,1.00
2016.12.28 08:13:06.047,9.09744,9.09981,1.00,1.00
2016.12.28 08:13:06.321,9.09723,9.09981,1.00,1.00
2016.12.28 08:13:06.422,9.09724,9.1001,1.00,1.75
2016.12.28 08:13:06.675,9.09714,9.1001,1.00,1.75
2016.12.28 08:13:07.189,9.09714,9.1001,1.19,1.75
2016.12.28 08:13:07.693,9.09703,9.1001,1.19,1.75
2016.12.28 08:13:08.275,9.09704,9.1001,1.19,1.75
2016.12.28 08:13:11.052,9.09703,9.1001,1.19,1.75
2016.12.28 08:13:11.584,9.09704,9.10002,1.00,1.37
2016.12.28 08:13:11.635,9.09728,9.10002,1.00,1.75
2016.12.28 08:13:11.964,9.09744,9.1,1.00,1.75
2016.12.28 08:13:12.443,9.09744,9.10002,1.00,1.00
2016.12.28 08:13:12.797,9.09744,9.1001,1.00,1.37
2016.12.28 08:13:12.848,9.09734,9.10022,1.50,1.37
2016.12.28 08:13:12.950,9.09734,9.10012,1.00,1.00
2016.12.28 08:13:13.152,9.09704,9.10012,1.19,1.00
2016.12.28 08:13:13.203,9.09734,9.10002,1.00,1.00
2016.12.28 08:13:13.525,9.09744,9.10002,1.00,1.00
2016.12.28 08:13:13.576,9.09724,9.10002,1.00,1.00
2016.12.28 08:13:13.679,9.09728,9.10002,1.00,1.00
2016.12.28 08:13:13.935,9.09714,9.10012,1.00,1.00
2016.12.28 08:13:14.155,9.09728,9.10012,1.00,1.00
2016.12.28 08:13:14.464,9.09744,9.10026,1.00,1.75
2016.12.28 08:13:14.667,9.09734,9.1001,1.00,1.00
2016.12.28 08:13:14.818,9.09734,9.10022,1.00,1.00
2016.12.28 08:13:15.365,9.09724,9.10023,1.00,1.12
2016.12.28 08:13:15.994,9.09724,9.10022,1.00,1.00
2016.12.28 08:13:16.330,9.09734,9.10022,1.00,1.00
2016.12.28 08:13:16.854,9.09734,9.10023,1.00,1.12
2016.12.28 08:13:17.376,9.09733,9.10023,1.00,1.12
2016.12.28 08:13:17.955,9.09734,9.10023,1.00,1.12
2016.12.28 08:13:18.752,9.09734,9.10022,1.00,1.00
2016.12.28 08:13:19.278,9.09733,9.10023,1.00,1.87
2016.12.28 08:13:19.811,9.09734,9.10023,1.00,1.12
2016.12.28 08:13:20.523,9.09734,9.10022,1.00,1.00
2016.12.28 08:13:21.026,9.09734,9.10023,1.00,1.12
2016.12.28 08:13:21.336,9.09734,9.10012,1.00,1.00
2016.12.28 08:13:21.538,9.09734,9.10022,1.00,1.00
2016.12.28 08:13:21.589,9.09734,9.10012,1.00,1.00
2016.12.28 08:13:21.727,9.09734,9.10022,1.00,1.00
2016.12.28 08:13:21.778,9.09734,9.10012,1.00,1.00
2016.12.28 08:13:22.240,9.09734,9.10022,1.00,1.00
2016.12.28 08:13:22.822,9.09734,9.10023,1.00,1.12
2016.12.28 08:13:23.407,9.09734,9.10022,1.00,1.00
2016.12.28 08:13:24.117,9.09734,9.10023,1.00,1.12
2016.12.28 08:13:24.677,9.09734,9.10022,1.00,1.00
2016.12.28 08:13:25.413,9.09734,9.10023,1.00,1.12
2016.12.28 08:13:25.950,9.09734,9.10022,1.00,1.00
2016.12.28 08:13:26.560,9.09733,9.10023,1.00,1.87
2016.12.28 08:13:26.838,9.09724,9.10022,1.00,1.00
2016.12.28 08:13:26.947,9.09724,9.10012,1.00,1.00
2016.12.28 08:13:27.099,9.09713,9.10013,1.00,1.00
2016.12.28 08:13:27.150,9.09714,9.10022,1.00,1.00
2016.12.28 08:13:27.363,9.09723,9.10023,1.00,1.87
2016.12.28 08:13:27.668,9.09724,9.10012,1.00,1.00
2016.12.28 08:13:27.758,9.09724,9.10022,1.00,1.00
2016.12.28 08:13:27.914,9.09713,9.10023,1.00,1.12
2016.12.28 08:13:28.026,9.09714,9.10012,1.00,1.00
2016.12.28 08:13:28.356,9.09724,9.10012,1.00,1.00
2016.12.28 08:13:28.697,9.09724,9.10002,1.00,1.00
2016.12.28 08:13:28.889,9.09724,9.10012,1.00,1.00
2016.12.28 08:13:28.990,9.09724,9.10002,1.00,1.00
2016.12.28 08:13:29.151,9.09714,9.10012,1.00,1.00
2016.12.28 08:13:29.202,9.09714,9.10002,1.00,1.00
2016.12.28 08:13:30.131,9.09724,9.10002,1.00,1.00
2016.12.28 08:13:31.166,9.09714,9.10002,1.00,1.00
2016.12.28 08:13:31.805,9.09714,9.10012,1.00,1.00
2016.12.28 08:13:32.020,9.09714,9.10002,1.00,1.00
2016.12.28 08:13:32.325,9.09724,9.10002,1.00,1.00
2016.12.28 08:13:32.376,9.09724,9.10012,1.00,1.00
2016.12.28 08:13:32.427,9.09724,9.1001,1.00,1.00
2016.12.28 08:13:32.768,9.09734,9.10002,1.00,1.00
2016.12.28 08:13:33.016,9.09734,9.1001,1.00,1.00
2016.12.28 08:13:33.168,9.09724,9.10002,1.00,1.00
2016.12.28 08:13:33.896,9.09724,9.1001,1.00,1.00
2016.12.28 08:13:34.065,9.09724,9.10002,1.00,1.00
2016.12.28 08:13:34.267,9.09724,9.1001,1.00,1.00
2016.12.28 08:13:34.505,9.09724,9.10002,1.00,1.00
2016.12.28 08:13:34.556,9.09724,9.1001,1.00,1.00
2016.12.28 08:13:34.725,9.09724,9.10002,1.00,1.00
2016.12.28 08:13:34.776,9.09723,9.1001,1.00,1.00
2016.12.28 08:13:35.056,9.09724,9.10002,1.00,1.00
2016.12.28 08:13:35.272,9.09724,9.1001,1.00,1.00
2016.12.28 08:13:35.571,9.09724,9.10002,1.00,1.00
2016.12.28 08:13:36.074,9.09724,9.1001,1.00,1.00
2016.12.28 08:13:36.529,9.09724,9.10023,1.00,1.12
2016.12.28 08:13:36.580,9.09723,9.10029,1.00,1.37
2016.12.28 08:13:36.682,9.09744,9.10029,1.00,1.37
2016.12.28 08:13:37.038,9.09734,9.10041,1.00,1.12
2016.12.28 08:13:37.190,9.09734,9.10015,1.00,1.00
2016.12.28 08:13:37.510,9.09734,9.10011,1.00,1.00
2016.12.28 08:13:37.959,9.09734,9.10036,1.00,1.37
2016.12.28 08:13:38.010,9.09724,9.10036,1.00,1.37
2016.12.28 08:13:38.061,9.09724,9.10036,1.00,1.00
2016.12.28 08:13:38.739,9.09734,9.10036,1.00,1.00
2016.12.28 08:13:39.400,9.09733,9.10036,1.00,1.00
2016.12.28 08:13:39.937,9.09734,9.10036,1.00,1.00
2016.12.28 08:13:41.796,9.09734,9.10022,1.00,1.00
2016.12.28 08:13:42.055,9.09733,9.10036,1.00,1.00
2016.12.28 08:13:42.156,9.09733,9.10023,1.00,1.00
2016.12.28 08:13:42.511,9.09734,9.10032,1.19,1.00
2016.12.28 08:13:42.774,9.09734,9.10036,1.19,1.00
2016.12.28 08:13:43.329,9.09724,9.10042,1.19,1.12
2016.12.28 08:13:43.531,9.09724,9.10022,1.19,1.00
2016.12.28 08:13:43.689,9.09723,9.10028,1.19,1.00
2016.12.28 08:13:43.740,9.09724,9.10022,1.19,1.00
2016.12.28 08:13:44.258,9.09734,9.10023,1.19,1.00
2016.12.28 08:13:45.162,9.09724,9.10044,1.19,1.75
2016.12.28 08:13:45.960,9.09724,9.10023,1.19,1.00
2016.12.28 08:13:47.707,9.09744,9.10023,1.00,1.00
2016.12.28 08:13:47.918,9.09734,9.10023,1.19,1.00
2016.12.28 08:13:48.511,9.09744,9.10023,1.00,1.00
2016.12.28 08:13:48.714,9.09734,9.10023,1.19,1.00
2016.12.28 08:13:49.742,9.09734,9.10046,1.19,1.87
2016.12.28 08:13:50.522,9.09734,9.10027,1.19,1.00
2016.12.28 08:13:50.837,9.09734,9.10023,1.19,1.00
2016.12.28 08:13:51.342,9.09744,9.10023,1.00,1.00
2016.12.28 08:13:51.666,9.09764,9.10023,1.00,1.00
2016.12.28 08:13:51.717,9.09764,9.10046,1.00,1.12
2016.12.28 08:13:58.599,9.09764,9.10045,1.00,1.37
2016.12.28 08:13:58.902,9.09744,9.10045,1.00,1.37
2016.12.28 08:13:59.528,9.09744,9.10042,1.00,1.00
2016.12.28 08:13:59.781,9.09743,9.10045,1.00,1.75
2016.12.28 08:13:59.959,9.09734,9.10042,1.19,1.50
2016.12.28 08:14:00.491,9.09733,9.10043,1.19,1.87
2016.12.28 08:14:02.518,9.09733,9.10033,1.19,1.37
2016.12.28 08:14:03.075,9.09734,9.10032,1.19,1.50
2016.12.28 08:14:03.546,9.09734,9.10022,1.19,1.00
2016.12.28 08:14:03.765,9.09734,9.10032,1.19,1.50
2016.12.28 08:14:05.678,9.09724,9.10032,1.19,1.87
2016.12.28 08:14:10.260,9.09733,9.10023,1.19,1.00
2016.12.28 08:14:10.311,9.09734,9.10032,1.19,1.87
2016.12.28 08:14:10.423,9.09734,9.10022,1.19,1.00
2016.12.28 08:14:10.474,9.09734,9.10032,1.19,1.87
2016.12.28 08:14:10.747,9.09724,9.10022,1.19,1.00
2016.12.28 08:14:10.978,9.09724,9.10032,1.19,1.87
2016.12.28 08:14:11.185,9.09724,9.10022,1.19,1.00
2016.12.28 08:14:11.236,9.09724,9.10032,1.19,1.87
2016.12.28 08:14:11.653,9.09724,9.10022,1.19,1.00
2016.12.28 08:14:12.004,9.09724,9.10032,1.19,1.87
2016.12.28 08:14:12.106,9.09724,9.10022,1.19,1.00
2016.12.28 08:14:12.258,9.09724,9.10032,1.19,1.87
2016.12.28 08:14:12.309,9.09724,9.10022,1.19,1.00
2016.12.28 08:14:12.360,9.09724,9.10032,1.19,1.87
2016.12.28 08:14:12.416,9.09724,9.10023,1.19,1.00
2016.12.28 08:14:12.726,9.09734,9.10012,1.19,1.00
2016.12.28 08:14:12.777,9.09733,9.10023,1.19,1.00
2016.12.28 08:14:13.092,9.09734,9.10039,1.19,1.12
2016.12.28 08:14:14.800,9.09733,9.10039,1.19,1.12
2016.12.28 08:14:15.403,9.09734,9.10039,1.19,1.12
2016.12.28 08:14:24.156,9.09723,9.10039,1.19,1.12
2016.12.28 08:14:24.675,9.09724,9.10039,1.19,1.12
2016.12.28 08:14:27.311,9.09733,9.10039,1.19,1.12
2016.12.28 08:14:27.827,9.09724,9.10039,1.19,1.12
2016.12.28 08:14:28.642,9.09723,9.10039,1.19,1.12
2016.12.28 08:14:29.159,9.09724,9.10039,1.19,1.12
2016.12.28 08:14:30.223,9.09723,9.10039,1.19,1.12
2016.12.28 08:14:30.375,9.09744,9.10039,1.00,1.12
2016.12.28 08:14:30.679,9.09754,9.10039,1.00,1.12
2016.12.28 08:14:31.051,9.09774,9.10039,1.00,1.12
2016.12.28 08:14:31.203,9.09774,9.10048,1.00,1.75
2016.12.28 08:14:31.304,9.09764,9.10037,1.00,1.00
2016.12.28 08:14:31.743,9.09744,9.10037,1.00,1.00
2016.12.28 08:14:31.794,9.09744,9.10043,1.00,1.00
2016.12.28 08:14:31.845,9.09744,9.10052,1.00,1.12
2016.12.28 08:14:32.047,9.09744,9.10022,1.00,1.00
2016.12.28 08:14:32.097,9.09734,9.10022,1.19,1.00
2016.12.28 08:14:32.199,9.09734,9.10012,1.19,1.00
2016.12.28 08:14:32.300,9.09734,9.10022,1.19,1.00
2016.12.28 08:14:32.465,9.09734,9.10012,1.19,1.00
2016.12.28 08:14:32.778,9.09724,9.10002,1.19,1.00
2016.12.28 08:14:32.880,9.09724,9.10012,1.19,1.00
2016.12.28 08:14:33.039,9.09724,9.10022,1.19,1.00
2016.12.28 08:14:33.179,9.09734,9.10012,1.19,1.00
2016.12.28 08:14:33.786,9.09734,9.10022,1.19,1.00
2016.12.28 08:14:33.988,9.09734,9.10012,1.19,1.00
2016.12.28 08:14:34.309,9.09734,9.10002,1.19,1.00
2016.12.28 08:14:34.548,9.09733,9.10013,1.19,1.00
2016.12.28 08:14:35.014,9.09734,9.10002,1.19,1.00
2016.12.28 08:14:35.766,9.09734,9.09992,1.19,1.00
2016.12.28 08:14:35.995,9.09734,9.10002,1.19,1.00
2016.12.28 08:14:36.046,9.09734,9.10012,1.19,1.00
2016.12.28 08:14:36.215,9.09734,9.10022,1.19,1.00
2016.12.28 08:14:36.266,9.09734,9.10012,1.19,1.00
2016.12.28 08:14:36.570,9.09734,9.10022,1.19,1.00
2016.12.28 08:14:36.875,9.09734,9.10012,1.19,1.00
2016.12.28 08:14:37.425,9.09734,9.10002,1.19,1.00
2016.12.28 08:14:37.480,9.09734,9.10012,1.19,1.00
2016.12.28 08:14:38.284,9.09734,9.10022,1.19,1.00
2016.12.28 08:14:38.537,9.09734,9.10012,1.19,1.00
2016.12.28 08:14:38.796,9.09734,9.10022,1.19,1.00
2016.12.28 08:14:39.166,9.09734,9.10012,1.19,1.00
2016.12.28 08:14:39.621,9.09734,9.10022,1.19,1.00
2016.12.28 08:14:39.773,9.09734,9.10012,1.19,1.00
2016.12.28 08:14:40.135,9.09734,9.10002,1.19,1.00
2016.12.28 08:14:40.287,9.09734,9.10012,1.19,1.00
2016.12.28 08:14:40.338,9.09734,9.10002,1.19,1.00
2016.12.28 08:14:40.642,9.09744,9.09962,1.00,1.00
2016.12.28 08:14:40.743,9.09694,9.09956,1.12,1.00
2016.12.28 08:14:40.794,9.09694,9.10002,1.12,1.00
2016.12.28 08:14:40.845,9.09693,9.10003,1.19,1.00
2016.12.28 08:14:41.523,9.09694,9.10003,1.19,1.00
2016.12.28 08:14:41.825,9.09724,9.10003,1.00,1.00
2016.12.28 08:14:44.172,9.09723,9.10003,1.00,1.00
2016.12.28 08:14:44.478,9.09734,9.10002,1.00,1.00
2016.12.28 08:14:45.000,9.09734,9.10003,1.00,1.00
2016.12.28 08:14:45.233,9.09724,9.10002,1.00,1.00
2016.12.28 08:14:47.052,9.09724,9.10003,1.00,1.00
2016.12.28 08:14:47.612,9.09724,9.10002,1.00,1.00
2016.12.28 08:14:48.146,9.09724,9.10003,1.00,1.00
2016.12.28 08:14:48.802,9.09724,9.10002,1.00,1.00
2016.12.28 08:14:49.327,9.09723,9.10003,1.00,1.50
2016.12.28 08:14:49.828,9.09724,9.10003,1.00,1.00
2016.12.28 08:14:50.374,9.09724,9.10002,1.00,1.00
2016.12.28 08:14:50.993,9.09724,9.10003,1.00,1.00
2016.12.28 08:14:51.549,9.09724,9.10002,1.00,1.00
2016.12.28 08:14:52.081,9.09724,9.10003,1.00,1.00
2016.12.28 08:14:52.598,9.09724,9.10002,1.00,1.00
2016.12.28 08:14:53.195,9.09723,9.10003,1.00,1.00
2016.12.28 08:14:53.696,9.09724,9.10003,1.00,1.00
2016.12.28 08:14:54.240,9.09724,9.10002,1.00,1.00
2016.12.28 08:14:55.553,9.09724,9.10003,1.00,1.00
2016.12.28 08:14:56.058,9.09724,9.10002,1.00,1.00
2016.12.28 08:14:56.251,9.09724,9.09992,1.00,1.00
2016.12.28 08:14:56.460,9.09724,9.10002,1.00,1.00
2016.12.28 08:14:56.510,9.09724,9.09992,1.00,1.00
2016.12.28 08:14:56.845,9.09724,9.09982,1.00,1.00
2016.12.28 08:14:56.896,9.09714,9.09982,1.00,1.00
2016.12.28 08:14:57.048,9.09714,9.09992,1.00,1.00
2016.12.28 08:14:57.259,9.09714,9.09982,1.00,1.00
2016.12.28 08:14:57.550,9.09714,9.09992,1.00,1.00
2016.12.28 08:14:59.759,9.09714,9.10002,1.00,1.00
2016.12.28 08:15:00.700,9.09714,9.09992,1.00,1.00
2016.12.28 08:15:00.963,9.09714,9.10002,1.00,1.00
2016.12.28 08:15:01.014,9.09714,9.09992,1.00,1.00
2016.12.28 08:15:02.005,9.09713,9.10003,1.00,1.50
2016.12.28 08:15:02.770,9.09714,9.10003,1.00,1.00
2016.12.28 08:15:03.318,9.09713,9.10003,1.00,1.50
2016.12.28 08:15:03.703,9.09724,9.10002,1.00,1.00
2016.12.28 08:15:04.255,9.09723,9.10003,1.00,1.00
2016.12.28 08:15:04.781,9.09724,9.10003,1.00,1.00
2016.12.28 08:15:07.513,9.09723,9.10003,1.00,1.00
2016.12.28 08:15:07.822,9.09734,9.10003,1.00,1.00
2016.12.28 08:15:08.539,9.09733,9.10003,1.00,1.00
2016.12.28 08:15:09.055,9.09734,9.10003,1.00,1.00
2016.12.28 08:15:10.133,9.09733,9.10003,1.00,1.00
2016.12.28 08:15:10.697,9.09734,9.10003,1.00,1.00
2016.12.28 08:15:12.918,9.09733,9.10003,1.00,1.00
2016.12.28 08:15:13.020,9.09724,9.10003,1.00,1.00
2016.12.28 08:15:13.408,9.09724,9.10032,1.00,1.00
2016.12.28 08:15:13.459,9.09724,9.10012,1.00,1.00
2016.12.28 08:15:13.509,9.09724,9.10022,1.00,1.00
2016.12.28 08:15:13.661,9.09723,9.10033,1.00,1.00
2016.12.28 08:15:13.725,9.09724,9.10022,1.00,1.00
2016.12.28 08:15:14.051,9.09733,9.10023,1.00,1.00
2016.12.28 08:15:14.551,9.09734,9.10012,1.00,1.00
2016.12.28 08:15:14.970,9.09734,9.10022,1.00,1.00
2016.12.28 08:15:15.021,9.09733,9.10013,1.00,1.00
2016.12.28 08:15:15.571,9.09734,9.10012,1.00,1.00
2016.12.28 08:15:16.082,9.09734,9.10002,1.00,1.00
2016.12.28 08:15:16.520,9.09734,9.10022,1.00,1.00
2016.12.28 08:15:16.571,9.09734,9.10012,1.00,1.00
2016.12.28 08:15:16.934,9.09734,9.10002,1.00,1.00
2016.12.28 08:15:16.985,9.09734,9.10012,1.00,1.00
2016.12.28 08:15:17.036,9.09734,9.10002,1.00,1.00
2016.12.28 08:15:17.156,9.09733,9.10013,1.00,1.00
2016.12.28 08:15:17.261,9.09734,9.10002,1.00,1.00
2016.12.28 08:15:18.354,9.09733,9.10013,1.00,1.00
2016.12.28 08:15:18.507,9.09738,9.10022,1.00,1.00
2016.12.28 08:15:18.558,9.09744,9.10012,1.50,1.00
2016.12.28 08:15:18.608,9.09744,9.10022,1.50,1.00
2016.12.28 08:15:18.659,9.09744,9.10002,1.00,1.00
2016.12.28 08:15:19.573,9.09734,9.10002,1.00,1.00
2016.12.28 08:15:19.624,9.09734,9.10022,1.00,1.37
2016.12.28 08:15:19.793,9.09734,9.10012,1.00,1.00
2016.12.28 08:15:20.661,9.09724,9.10023,1.00,1.37
2016.12.28 08:15:20.927,9.09724,9.10012,1.00,1.00
2016.12.28 08:15:21.129,9.09723,9.10023,1.00,1.87
2016.12.28 08:15:21.180,9.09723,9.10013,1.00,1.00
2016.12.28 08:15:21.281,9.09724,9.10022,1.00,1.37
2016.12.28 08:15:21.433,9.09724,9.10023,1.00,1.00
2016.12.28 08:15:21.560,9.09734,9.10012,1.00,1.00
2016.12.28 08:15:22.043,9.09734,9.10022,1.00,1.00
2016.12.28 08:15:22.094,9.09734,9.10012,1.00,1.00
2016.12.28 08:15:22.637,9.09734,9.10022,1.00,1.00
2016.12.28 08:15:22.688,9.09734,9.10012,1.00,1.00
2016.12.28 08:15:23.837,9.09734,9.10022,1.00,1.00
2016.12.28 08:15:23.950,9.09734,9.10002,1.00,1.00
2016.12.28 08:15:24.385,9.09734,9.10012,1.00,1.00
2016.12.28 08:15:24.436,9.09734,9.10002,1.00,1.00
2016.12.28 08:15:24.487,9.09733,9.10013,1.00,1.00
2016.12.28 08:15:24.639,9.09733,9.10003,1.00,1.00
2016.12.28 08:15:24.820,9.09734,9.10012,1.00,1.00
2016.12.28 08:15:24.922,9.09734,9.10002,1.00,1.00
2016.12.28 08:15:25.034,9.09734,9.10012,1.00,1.00
2016.12.28 08:15:25.085,9.09734,9.10002,1.00,1.00
2016.12.28 08:15:25.136,9.09734,9.10012,1.00,1.00
2016.12.28 08:15:25.294,9.09734,9.10002,1.00,1.00
2016.12.28 08:15:25.505,9.09734,9.10012,1.00,1.00
2016.12.28 08:15:25.556,9.09734,9.10002,1.00,1.00
2016.12.28 08:15:25.951,9.09734,9.10012,1.00,1.00
2016.12.28 08:15:26.620,9.09734,9.10002,1.00,1.00
2016.12.28 08:15:26.780,9.09734,9.10012,1.00,1.00
2016.12.28 08:15:26.831,9.09734,9.10002,1.00,1.00
2016.12.28 08:15:27.651,9.09734,9.10012,1.00,1.00
2016.12.28 08:15:27.753,9.09734,9.10002,1.00,1.00
2016.12.28 08:15:27.804,9.09734,9.10012,1.00,1.00
2016.12.28 08:15:28.127,9.09734,9.10002,1.00,1.00
2016.12.28 08:15:28.442,9.09734,9.09972,1.00,1.00
2016.12.28 08:15:28.880,9.09743,9.09973,1.00,1.00
2016.12.28 08:15:29.422,9.09744,9.09972,1.00,1.00
2016.12.28 08:15:32.545,9.09734,9.09972,1.00,1.00
2016.12.28 08:15:33.059,9.09734,9.09992,1.00,1.00
2016.12.28 08:15:33.255,9.09734,9.09982,1.00,1.00
2016.12.28 08:15:34.029,9.09734,9.09992,1.00,1.00
2016.12.28 08:15:35.161,9.09744,9.09992,1.00,1.00
2016.12.28 08:15:35.212,9.09744,9.10002,1.00,1.00
2016.12.28 08:15:35.740,9.09743,9.10003,1.00,1.00
2016.12.28 08:15:36.053,9.09744,9.10012,1.00,1.00
2016.12.28 08:15:36.204,9.09744,9.10002,1.00,1.00
2016.12.28 08:15:36.306,9.09743,9.10013,1.00,1.00
2016.12.28 08:15:36.712,9.09744,9.10002,1.00,1.00
2016.12.28 08:15:36.813,9.09744,9.10012,1.00,1.00
2016.12.28 08:15:36.864,9.09744,9.10002,1.00,1.00
2016.12.28 08:15:36.965,9.09744,9.10012,1.00,1.00
2016.12.28 08:15:37.118,9.09744,9.10022,1.00,1.00
2016.12.28 08:15:37.219,9.09744,9.10012,1.00,1.00
2016.12.28 08:15:37.270,9.09744,9.10022,1.00,1.00
2016.12.28 08:15:37.321,9.09744,9.10012,1.00,1.00
2016.12.28 08:15:37.652,9.09754,9.10002,1.00,1.00
2016.12.28 08:15:38.322,9.09764,9.10002,1.00,1.00
2016.12.28 08:15:38.802,9.09764,9.10012,1.00,1.00
2016.12.28 08:15:39.344,9.09764,9.10022,1.00,1.00
2016.12.28 08:15:39.446,9.09774,9.10022,1.00,1.00
2016.12.28 08:15:39.851,9.09774,9.10012,1.00,1.00
2016.12.28 08:15:40.469,9.09773,9.10013,1.00,1.00
2016.12.28 08:15:40.621,9.09774,9.10022,1.00,1.00
2016.12.28 08:15:40.773,9.09774,9.10032,1.00,1.00
2016.12.28 08:15:41.006,9.09774,9.10022,1.00,1.00
2016.12.28 08:15:41.597,9.09774,9.10012,1.00,1.00
2016.12.28 08:15:41.707,9.09774,9.10022,1.00,1.00
2016.12.28 08:15:41.809,9.09774,9.10012,1.00,1.00
2016.12.28 08:15:42.114,9.09784,9.10022,1.00,1.00
2016.12.28 08:15:42.417,9.09784,9.10012,1.00,1.00
2016.12.28 08:15:42.468,9.09773,9.10013,1.00,1.00
2016.12.28 08:15:42.519,9.09763,9.10013,1.00,1.00
2016.12.28 08:15:42.656,9.09764,9.10022,1.25,1.00
2016.12.28 08:15:43.008,9.09764,9.10032,1.00,1.00
2016.12.28 08:15:43.235,9.09774,9.10032,1.00,1.00
2016.12.28 08:15:43.569,9.09784,9.10032,1.00,1.00
2016.12.28 08:15:45.232,9.09784,9.10022,1.00,1.00
2016.12.28 08:15:48.308,9.09784,9.10012,1.00,1.00
2016.12.28 08:15:48.805,9.09784,9.10002,1.00,1.00
2016.12.28 08:15:48.927,9.09784,9.10012,1.00,1.00
2016.12.28 08:15:48.978,9.09774,9.10012,1.00,1.00
2016.12.28 08:15:49.097,9.09774,9.10002,1.00,1.00
2016.12.28 08:15:49.147,9.09774,9.10012,1.00,1.00
2016.12.28 08:15:49.397,9.09764,9.10012,1.00,1.00
2016.12.28 08:15:49.448,9.09764,9.10002,1.00,1.00
2016.12.28 08:15:49.600,9.09764,9.10012,1.00,1.00
2016.12.28 08:15:50.291,9.09764,9.10002,1.00,1.00
2016.12.28 08:15:50.613,9.09764,9.09992,1.00,1.00
2016.12.28 08:15:50.663,9.09764,9.10002,1.00,1.00
2016.12.28 08:15:50.812,9.09754,9.10002,1.19,1.00
2016.12.28 08:15:51.142,9.09754,9.09992,1.19,1.00
2016.12.28 08:15:51.599,9.09754,9.10002,1.19,1.00
2016.12.28 08:15:51.707,9.09754,9.10012,1.19,1.00
2016.12.28 08:15:51.808,9.09764,9.10012,1.00,1.00
2016.12.28 08:15:52.111,9.09764,9.10002,1.25,1.00
2016.12.28 08:15:52.273,9.09764,9.10012,1.25,1.00
2016.12.28 08:15:52.632,9.09764,9.10002,1.25,1.00
2016.12.28 08:15:52.986,9.09764,9.09992,1.00,1.00
2016.12.28 08:15:53.323,9.09774,9.10002,1.00,1.00
2016.12.28 08:15:53.630,9.09774,9.09992,1.00,1.00
2016.12.28 08:15:53.680,9.09774,9.10002,1.00,1.00
2016.12.28 08:15:53.782,9.09774,9.10012,1.00,1.00
2016.12.28 08:15:53.832,9.09774,9.10002,1.00,1.00
2016.12.28 08:15:55.124,9.09773,9.10003,1.00,1.00
2016.12.28 08:15:55.175,9.09764,9.10002,1.00,1.00
2016.12.28 08:15:55.226,9.09754,9.10002,1.19,1.00
2016.12.28 08:15:55.278,9.09754,9.09992,1.19,1.00
2016.12.28 08:15:55.824,9.09754,9.09992,1.00,1.00
2016.12.28 08:15:56.260,9.09744,9.09992,1.00,1.00
2016.12.28 08:15:56.311,9.09743,9.10003,1.00,1.00
2016.12.28 08:15:56.513,9.09744,9.09992,1.00,1.00
2016.12.28 08:15:56.816,9.09744,9.09982,1.00,1.00
2016.12.28 08:15:56.995,9.09744,9.09992,1.00,1.00
2016.12.28 08:15:57.091,9.09744,9.09982,1.00,1.00
2016.12.28 08:15:57.297,9.09734,9.09982,1.00,1.00
2016.12.28 08:15:57.554,9.09734,9.10002,1.00,1.00
2016.12.28 08:15:57.785,9.09734,9.09992,1.00,1.00
2016.12.28 08:15:58.573,9.09724,9.09992,1.19,1.00
2016.12.28 08:15:59.022,9.09724,9.09982,1.19,1.00
2016.12.28 08:15:59.164,9.09724,9.09992,1.19,1.00
2016.12.28 08:15:59.215,9.09724,9.09982,1.19,1.00
2016.12.28 08:16:00.027,9.09723,9.09993,1.19,1.00
2016.12.28 08:16:00.078,9.09724,9.10002,1.19,1.00
2016.12.28 08:16:00.129,9.09724,9.09992,1.19,1.00
2016.12.28 08:16:00.473,9.09734,9.09992,1.00,1.00
2016.12.28 08:16:00.824,9.09734,9.09982,1.00,1.00
2016.12.28 08:16:01.130,9.09734,9.09992,1.00,1.00
2016.12.28 08:16:01.231,9.09734,9.09982,1.00,1.00
2016.12.28 08:16:01.655,9.09734,9.09992,1.00,1.00
2016.12.28 08:16:01.807,9.09734,9.09982,1.00,1.00
2016.12.28 08:16:02.035,9.09734,9.09992,1.00,1.00
2016.12.28 08:16:02.086,9.09734,9.09982,1.00,1.00
2016.12.28 08:16:02.220,9.09734,9.09992,1.00,1.00
2016.12.28 08:16:02.321,9.09734,9.09982,1.00,1.00
2016.12.28 08:16:02.464,9.09734,9.09992,1.00,1.00
2016.12.28 08:16:02.515,9.09734,9.09982,1.00,1.00
2016.12.28 08:16:02.650,9.09734,9.09992,1.00,1.00
2016.12.28 08:16:02.751,9.09734,9.09982,1.00,1.00
2016.12.28 08:16:03.302,9.09734,9.09992,1.00,1.00
2016.12.28 08:16:03.551,9.09733,9.09983,1.00,1.00
2016.12.28 08:16:03.804,9.09734,9.09992,1.00,1.00
2016.12.28 08:16:04.066,9.09744,9.09992,1.00,1.00
2016.12.28 08:16:04.370,9.09754,9.09992,1.00,1.00
2016.12.28 08:16:04.522,9.09754,9.10002,1.00,1.00
2016.12.28 08:16:04.774,9.09754,9.09992,1.00,1.00
2016.12.28 08:16:04.926,9.09754,9.10002,1.00,1.00
2016.12.28 08:16:05.027,9.09754,9.10012,1.00,1.00
2016.12.28 08:16:05.182,9.09753,9.10003,1.00,1.00
2016.12.28 08:16:05.352,9.09754,9.10012,1.00,1.00
2016.12.28 08:16:05.830,9.09754,9.10002,1.00,1.00
2016.12.28 08:16:06.002,9.09754,9.10012,1.00,1.00
2016.12.28 08:16:06.281,9.09744,9.10002,1.00,1.00
2016.12.28 08:16:06.806,9.09744,9.10002,1.19,1.00
2016.12.28 08:16:07.551,9.09744,9.09992,1.19,1.00
2016.12.28 08:16:07.809,9.09744,9.10002,1.19,1.00
2016.12.28 08:16:07.911,9.09744,9.09992,1.19,1.00
2016.12.28 08:16:08.926,9.09744,9.10002,1.19,1.00
2016.12.28 08:16:09.179,9.09743,9.09993,1.19,1.00
2016.12.28 08:16:09.681,9.09744,9.09992,1.19,1.00
2016.12.28 08:16:09.989,9.09744,9.09982,1.00,1.00
2016.12.28 08:16:10.039,9.09734,9.09982,1.19,1.00
2016.12.28 08:16:10.890,9.09734,9.09982,1.00,1.00
2016.12.28 08:16:11.055,9.09734,9.09972,1.00,1.00
2016.12.28 08:16:11.258,9.09724,9.09972,1.19,1.00
2016.12.28 08:16:11.805,9.09724,9.09982,1.19,1.00
2016.12.28 08:16:12.007,9.09724,9.09992,1.19,1.00
2016.12.28 08:16:12.108,9.09724,9.09982,1.19,1.00
2016.12.28 08:16:12.312,9.09734,9.09992,1.00,1.00
2016.12.28 08:16:12.554,9.09734,9.09982,1.00,1.00
2016.12.28 08:16:12.760,9.09734,9.09992,1.00,1.00
2016.12.28 08:16:13.058,9.09734,9.09972,1.00,1.00
2016.12.28 08:16:14.006,9.09734,9.09982,1.00,1.00
2016.12.28 08:16:14.792,9.09734,9.09972,1.00,1.00
2016.12.28 08:16:15.183,9.09734,9.09982,1.00,1.00
2016.12.28 08:16:15.233,9.09734,9.09972,1.00,1.00
2016.12.28 08:16:15.757,9.09734,9.09982,1.00,1.00
2016.12.28 08:16:16.292,9.09734,9.09992,1.00,1.00
2016.12.28 08:16:16.516,9.09734,9.09972,1.00,1.00
2016.12.28 08:16:16.567,9.09734,9.09982,1.00,1.00
2016.12.28 08:16:16.757,9.09734,9.09992,1.00,1.00
2016.12.28 08:16:16.926,9.09734,9.09982,1.00,1.00
2016.12.28 08:16:16.977,9.09734,9.09992,1.00,1.00
2016.12.28 08:16:17.028,9.09734,9.09982,1.00,1.00
2016.12.28 08:16:17.374,9.09734,9.09972,1.00,1.00
2016.12.28 08:16:17.525,9.09734,9.09982,1.00,1.00
2016.12.28 08:16:17.881,9.09734,9.09992,1.00,1.00
2016.12.28 08:16:18.257,9.09733,9.09983,1.00,1.00
2016.12.28 08:16:18.593,9.09734,9.09972,1.00,1.00
2016.12.28 08:16:18.927,9.09734,9.09952,1.00,1.00
2016.12.28 08:16:19.008,9.09734,9.09962,1.00,1.00
2016.12.28 08:16:19.261,9.09734,9.09972,1.00,1.00
2016.12.28 08:16:19.312,9.09734,9.09962,1.00,1.00
2016.12.28 08:16:19.363,9.09734,9.09972,1.00,1.00
2016.12.28 08:16:19.464,9.09724,9.09972,1.00,1.00
2016.12.28 08:16:20.227,9.09734,9.09972,1.00,1.00
2016.12.28 08:16:20.530,9.09734,9.09962,1.00,1.00
2016.12.28 08:16:21.025,9.09734,9.09972,1.00,1.00
2016.12.28 08:16:22.059,9.09734,9.09982,1.00,1.00
2016.12.28 08:16:22.211,9.09734,9.09972,1.00,1.00
2016.12.28 08:16:22.369,9.09734,9.09982,1.00,1.00
2016.12.28 08:16:22.591,9.09724,9.09982,1.00,1.00
2016.12.28 08:16:23.486,9.09724,9.09982,1.00,1.00
2016.12.28 08:16:23.537,9.09724,9.09972,1.00,1.00
2016.12.28 08:16:23.789,9.09724,9.09982,1.00,1.00
2016.12.28 08:16:23.840,9.09724,9.09972,1.00,1.00
2016.12.28 08:16:24.050,9.09724,9.09982,1.00,1.00
2016.12.28 08:16:24.220,9.09723,9.09993,1.00,1.00
2016.12.28 08:16:24.276,9.09724,9.09982,1.00,1.00
2016.12.28 08:16:24.428,9.09724,9.09992,1.00,1.00
2016.12.28 08:16:24.637,9.09724,9.09982,1.00,1.00
2016.12.28 08:16:25.004,9.09734,9.09972,1.00,1.00
2016.12.28 08:16:25.055,9.09734,9.09982,1.00,1.00
2016.12.28 08:16:25.284,9.09734,9.09972,1.00,1.00
2016.12.28 08:16:25.505,9.09734,9.09982,1.00,1.00
2016.12.28 08:16:25.769,9.09734,9.09992,1.00,1.00
2016.12.28 08:16:26.034,9.09724,9.09992,1.00,1.00
2016.12.28 08:16:26.287,9.09724,9.09982,1.00,1.00
2016.12.28 08:16:26.797,9.09724,9.09972,1.00,1.00
2016.12.28 08:16:26.949,9.09733,9.09983,1.00,1.00
2016.12.28 08:16:27.000,9.09724,9.09982,1.00,1.00
2016.12.28 08:16:27.101,9.09724,9.09972,1.00,1.00
2016.12.28 08:16:27.450,9.09724,9.09982,1.00,1.00
2016.12.28 08:16:27.501,9.09724,9.09972,1.00,1.00
2016.12.28 08:16:28.366,9.09724,9.09982,1.00,1.00
2016.12.28 08:16:28.417,9.09724,9.09972,1.00,1.00
2016.12.28 08:16:28.728,9.09724,9.09962,1.00,1.00
2016.12.28 08:16:28.779,9.09724,9.09972,1.00,1.00
2016.12.28 08:16:29.104,9.09724,9.09982,1.00,1.00
2016.12.28 08:16:29.256,9.09724,9.09972,1.00,1.00
2016.12.28 08:16:29.307,9.09704,9.09972,1.00,1.00
2016.12.28 08:16:29.358,9.09703,9.09963,1.00,1.00
2016.12.28 08:16:29.711,9.09704,9.09972,1.00,1.00
2016.12.28 08:16:29.762,9.09704,9.09962,1.00,1.00
2016.12.28 08:16:30.304,9.09704,9.09982,1.00,1.37
2016.12.28 08:16:30.867,9.09704,9.09972,1.00,1.00
2016.12.28 08:16:31.280,9.09704,9.09962,1.00,1.00
2016.12.28 08:16:31.760,9.09703,9.09983,1.00,1.37
2016.12.28 08:16:32.353,9.09704,9.09962,1.00,1.00
2016.12.28 08:16:32.877,9.09704,9.09972,1.00,1.00
2016.12.28 08:16:33.305,9.09704,9.09982,1.00,1.37
2016.12.28 08:16:33.457,9.09704,9.09992,1.00,1.00
2016.12.28 08:16:33.508,9.09703,9.10013,1.00,1.00
2016.12.28 08:16:33.610,9.09724,9.10012,1.00,1.00
2016.12.28 08:16:33.661,9.09714,9.10012,1.00,1.00
2016.12.28 08:16:33.762,9.09714,9.09992,1.00,1.00
2016.12.28 08:16:34.075,9.09714,9.09982,1.00,1.00
2016.12.28 08:16:34.509,9.09713,9.09973,1.00,1.00
2016.12.28 08:16:34.806,9.09714,9.09992,1.00,1.00
2016.12.28 08:16:34.958,9.09714,9.10002,1.00,1.00
2016.12.28 08:16:35.059,9.09714,9.1001,1.00,1.00
2016.12.28 08:16:35.262,9.09714,9.10002,1.00,1.00
2016.12.28 08:16:35.312,9.09704,9.10002,1.00,1.00
2016.12.28 08:16:35.363,9.09704,9.09992,1.00,1.00
2016.12.28 08:16:35.667,9.09724,9.09992,1.00,1.00
2016.12.28 08:16:35.973,9.09734,9.09992,1.00,1.00
2016.12.28 08:16:36.124,9.09724,9.09992,1.00,1.00
2016.12.28 08:16:36.276,9.09723,9.10013,1.00,1.37
2016.12.28 08:16:36.478,9.09724,9.10022,1.00,1.00
2016.12.28 08:16:36.588,9.09724,9.10012,1.00,1.00
2016.12.28 08:16:36.891,9.09743,9.10023,1.50,1.00
2016.12.28 08:16:37.194,9.09744,9.10012,1.50,1.00
2016.12.28 08:16:37.245,9.09744,9.10022,1.50,1.00
2016.12.28 08:16:37.296,9.09743,9.10013,1.50,1.00
2016.12.28 08:16:37.645,9.09754,9.10022,1.00,1.00
2016.12.28 08:16:37.986,9.09774,9.10022,1.00,1.00
2016.12.28 08:16:38.036,9.09774,9.10032,1.00,1.37
2016.12.28 08:16:38.138,9.09774,9.10032,1.00,1.00
2016.12.28 08:16:38.408,9.09774,9.10034,1.00,1.00
2016.12.28 08:16:38.731,9.09784,9.10034,1.00,1.00
2016.12.28 08:16:39.036,9.09774,9.10034,1.00,1.00
2016.12.28 08:16:39.138,9.09778,9.10072,1.00,2.25
2016.12.28 08:16:39.188,9.09788,9.10062,1.00,1.50
2016.12.28 08:16:39.239,9.09788,9.10056,1.00,1.00
2016.12.28 08:16:39.414,9.09794,9.10056,1.00,1.00
2016.12.28 08:16:39.727,9.09813,9.10056,1.00,1.00
2016.12.28 08:16:39.879,9.09814,9.10081,1.00,1.35
2016.12.28 08:16:40.038,9.09814,9.10061,1.00,1.00
2016.12.28 08:16:40.140,9.09803,9.10056,1.00,1.00
2016.12.28 08:16:40.241,9.09794,9.10056,1.00,1.00
2016.12.28 08:16:40.292,9.09794,9.10052,1.00,1.00
2016.12.28 08:16:40.741,9.09774,9.10052,1.19,1.00
2016.12.28 08:16:40.792,9.09774,9.10032,1.19,1.00
2016.12.28 08:16:41.309,9.09774,9.10022,1.00,1.00
2016.12.28 08:16:41.612,9.09784,9.10028,1.00,1.00
2016.12.28 08:16:41.764,9.09764,9.10011,1.00,1.00
2016.12.28 08:16:41.967,9.09774,9.10011,1.00,1.00
2016.12.28 08:16:42.321,9.09774,9.10042,1.00,1.00
2016.12.28 08:16:42.550,9.09774,9.10045,1.00,1.00
2016.12.28 08:16:42.829,9.09784,9.1002,1.00,1.00
2016.12.28 08:16:43.750,9.09774,9.1002,1.00,1.00
2016.12.28 08:16:45.189,9.09774,9.10012,1.00,1.00
2016.12.28 08:16:45.494,9.09774,9.1002,1.00,1.00
2016.12.28 08:16:45.545,9.09774,9.10012,1.00,1.00
2016.12.28 08:16:46.050,9.09774,9.1002,1.00,1.37
2016.12.28 08:16:46.646,9.09773,9.10013,1.00,1.00
2016.12.28 08:16:46.697,9.09774,9.1002,1.00,1.37
2016.12.28 08:16:47.051,9.09774,9.10012,1.00,1.00
2016.12.28 08:16:47.558,9.09774,9.1002,1.00,1.37
2016.12.28 08:16:48.023,9.09773,9.10013,1.00,1.00
2016.12.28 08:16:48.341,9.09774,9.10002,1.00,1.00
2016.12.28 08:16:49.123,9.09754,9.09992,1.00,1.00
2016.12.28 08:16:49.174,9.09743,9.09993,1.00,1.00
2016.12.28 08:16:49.225,9.09743,9.0999,1.00,1.00
2016.12.28 08:16:49.578,9.09744,9.10002,1.00,1.00
2016.12.28 08:16:49.805,9.09754,9.09992,1.00,1.00
2016.12.28 08:16:50.133,9.09714,9.09992,1.00,1.00
2016.12.28 08:16:50.184,9.09714,9.09982,1.00,1.00
2016.12.28 08:16:50.285,9.09714,9.09992,1.00,1.00
2016.12.28 08:16:50.740,9.09724,9.09992,1.00,1.00
2016.12.28 08:16:50.791,9.09724,9.10007,1.00,1.37
2016.12.28 08:16:50.975,9.09723,9.10007,1.00,1.00
2016.12.28 08:16:51.077,9.09714,9.10007,1.00,1.00
2016.12.28 08:16:51.128,9.09743,9.10007,1.00,1.00
2016.12.28 08:16:51.532,9.09744,9.10002,1.00,1.00
2016.12.28 08:16:51.583,9.09744,9.10007,1.00,1.00
2016.12.28 08:16:53.135,9.09764,9.10007,1.00,1.00
2016.12.28 08:16:53.596,9.09754,9.10032,1.19,1.37
2016.12.28 08:16:53.748,9.09754,9.10032,1.19,1.50
2016.12.28 08:16:53.950,9.09754,9.10044,1.00,1.00
2016.12.28 08:16:54.001,9.09754,9.10044,1.19,1.00
2016.12.28 08:16:54.102,9.09758,9.10044,1.00,1.00
2016.12.28 08:16:54.153,9.09784,9.10072,1.00,1.37
2016.12.28 08:16:54.305,9.09784,9.10078,1.37,1.60
2016.12.28 08:16:54.841,9.09794,9.10102,1.37,1.69
2016.12.28 08:16:55.182,9.09824,9.10099,1.00,1.69
2016.12.28 08:16:55.502,9.09834,9.10084,1.00,1.69
2016.12.28 08:16:56.061,9.09834,9.10102,1.00,1.69
2016.12.28 08:16:56.112,9.09834,9.10067,1.00,1.00
2016.12.28 08:16:56.163,9.09824,9.10067,1.00,1.00
2016.12.28 08:16:56.713,9.09814,9.10067,1.00,1.00
2016.12.28 08:16:56.966,9.09814,9.10099,1.25,1.69
2016.12.28 08:16:57.067,9.09814,9.10099,1.25,1.69
2016.12.28 08:16:57.810,9.09814,9.10068,1.00,1.00
2016.12.28 08:16:58.128,9.09804,9.10064,1.00,1.00
2016.12.28 08:16:59.556,9.09804,9.10072,1.00,1.00
2016.12.28 08:16:59.767,9.09804,9.10081,1.00,1.09
2016.12.28 08:17:00.277,9.09803,9.10081,1.00,1.09
2016.12.28 08:17:00.590,9.09794,9.10081,1.00,1.09
2016.12.28 08:17:00.742,9.09784,9.10081,1.19,1.09
2016.12.28 08:17:00.793,9.09784,9.10072,1.19,1.00
2016.12.28 08:17:01.222,9.09784,9.10081,1.19,1.09
2016.12.28 08:17:01.410,9.09794,9.10081,1.00,1.09
2016.12.28 08:17:01.562,9.09784,9.10081,1.19,1.09
2016.12.28 08:17:02.082,9.09783,9.10081,1.19,1.09
2016.12.28 08:17:02.563,9.09813,9.10081,1.00,1.09
2016.12.28 08:17:02.666,9.09804,9.10081,1.00,1.09
2016.12.28 08:17:03.605,9.09794,9.10081,1.00,1.09
2016.12.28 08:17:04.543,9.09794,9.10072,1.00,1.00
2016.12.28 08:17:04.594,9.09784,9.10072,1.19,1.00
2016.12.28 08:17:04.645,9.09784,9.10062,1.19,1.00
2016.12.28 08:17:05.252,9.09793,9.10063,1.00,1.00
2016.12.28 08:17:05.560,9.09784,9.10062,1.19,1.00
2016.12.28 08:17:05.855,9.09784,9.10072,1.19,1.00
2016.12.28 08:17:08.029,9.09784,9.10081,1.19,1.28
2016.12.28 08:17:08.516,9.09784,9.10072,1.19,1.00
2016.12.28 08:17:08.825,9.09774,9.10043,1.19,1.00
2016.12.28 08:17:09.030,9.09774,9.10068,1.19,1.00
2016.12.28 08:17:09.184,9.09804,9.10068,1.00,1.00
2016.12.28 08:17:09.752,9.09803,9.10068,1.00,1.00
2016.12.28 08:17:10.087,9.09794,9.10068,1.00,1.00
2016.12.28 08:17:11.275,9.09804,9.10068,1.00,1.00
2016.12.28 08:17:11.962,9.09814,9.10068,1.00,1.00
2016.12.28 08:17:12.077,9.09814,9.10072,1.00,1.00
2016.12.28 08:17:12.285,9.09824,9.10072,1.00,1.00
2016.12.28 08:17:12.337,9.09814,9.10072,1.00,1.00
2016.12.28 08:17:14.509,9.09814,9.10079,1.00,1.09
2016.12.28 08:17:14.731,9.09804,9.10079,1.00,1.09
2016.12.28 08:17:15.948,9.09814,9.10079,1.00,1.09
2016.12.28 08:17:16.798,9.09804,9.10101,1.00,1.69
2016.12.28 08:17:17.010,9.09793,9.10101,1.19,1.69
2016.12.28 08:17:17.562,9.09794,9.10101,1.19,1.69
2016.12.28 08:17:18.422,9.09794,9.10092,1.00,1.69
2016.12.28 08:17:19.056,9.09794,9.10072,1.00,1.00
2016.12.28 08:17:19.360,9.09784,9.10042,1.00,1.00
2016.12.28 08:17:19.512,9.09784,9.10062,1.00,1.00
2016.12.28 08:17:19.806,9.09793,9.10053,1.00,1.00
2016.12.28 08:17:20.009,9.09794,9.10072,1.00,1.00
2016.12.28 08:17:20.148,9.09808,9.1003,1.00,1.81
2016.12.28 08:17:20.199,9.09807,9.10053,1.00,1.00
2016.12.28 08:17:20.300,9.09814,9.10052,1.00,1.37
2016.12.28 08:17:20.607,9.09818,9.10052,1.00,1.37
2016.12.28 08:17:21.125,9.09804,9.10062,1.00,1.00
2016.12.28 08:17:21.327,9.09783,9.10063,1.00,1.00
2016.12.28 08:17:21.378,9.09784,9.10052,1.00,1.00
2016.12.28 08:17:21.681,9.09784,9.10032,1.00,1.00
2016.12.28 08:17:21.783,9.09784,9.10042,1.00,1.00
2016.12.28 08:17:21.884,9.09774,9.10042,1.00,1.00
2016.12.28 08:17:22.122,9.09764,9.10042,1.19,1.00
2016.12.28 08:17:22.224,9.09764,9.10032,1.19,1.00
2016.12.28 08:17:22.625,9.09774,9.10032,1.00,1.00
2016.12.28 08:17:22.782,9.09774,9.10042,1.00,1.00
2016.12.28 08:17:23.007,9.09773,9.10033,1.00,1.00
2016.12.28 08:17:23.582,9.09774,9.10032,1.00,1.00
2016.12.28 08:17:23.925,9.09774,9.10022,1.00,1.00
2016.12.28 08:17:24.040,9.09764,9.10022,1.00,1.00
2016.12.28 08:17:24.310,9.09764,9.10032,1.00,1.00
2016.12.28 08:17:24.412,9.09764,9.10032,1.37,1.00
2016.12.28 08:17:24.513,9.09754,9.10032,1.00,1.00
2016.12.28 08:17:24.564,9.09763,9.10033,1.00,1.00
2016.12.28 08:17:24.883,9.09764,9.10042,1.37,1.00
2016.12.28 08:17:25.497,9.09804,9.10042,1.00,1.00
2016.12.28 08:17:25.783,9.09804,9.10052,1.00,1.37
2016.12.28 08:17:26.946,9.09814,9.10052,1.00,1.37
2016.12.28 08:17:27.532,9.09818,9.10052,1.00,1.37
2016.12.28 08:17:27.583,9.09818,9.10062,1.00,1.50
2016.12.28 08:17:27.987,9.09824,9.10052,1.00,1.00
2016.12.28 08:17:28.306,9.09834,9.10052,1.00,1.00
2016.12.28 08:17:29.084,9.09818,9.10052,1.00,1.00
2016.12.28 08:17:29.606,9.09817,9.10053,1.00,1.00
2016.12.28 08:17:31.582,9.09818,9.10052,1.00,1.00
2016.12.28 08:17:32.075,9.09814,9.10052,1.00,1.37
2016.12.28 08:17:32.227,9.09824,9.10062,1.00,1.00
2016.12.28 08:17:32.278,9.09824,9.10042,1.00,1.00
2016.12.28 08:17:32.627,9.09824,9.10052,1.00,1.00
2016.12.28 08:17:32.930,9.09824,9.10052,1.00,1.37
2016.12.28 08:17:33.132,9.09824,9.10052,1.00,1.00
2016.12.28 08:17:33.575,9.09824,9.10052,1.00,1.37
2016.12.28 08:17:33.915,9.09824,9.10052,1.00,1.37
2016.12.28 08:17:34.475,9.09824,9.10062,1.00,1.37
2016.12.28 08:17:34.678,9.09814,9.10052,1.00,1.37
2016.12.28 08:17:35.661,9.09824,9.10062,1.00,1.37
2016.12.28 08:17:37.919,9.09824,9.10052,1.00,1.00
2016.12.28 08:17:38.223,9.09834,9.10052,1.00,1.00
2016.12.28 08:17:38.274,9.09824,9.10052,1.00,1.00
2016.12.28 08:17:38.427,9.09824,9.10062,1.37,1.00
2016.12.28 08:17:38.528,9.09824,9.10082,1.37,1.35
2016.12.28 08:17:38.579,9.09824,9.10082,1.00,1.35
2016.12.28 08:17:38.781,9.09824,9.10072,1.00,1.00
2016.12.28 08:17:38.984,9.09823,9.10083,1.37,1.60
2016.12.28 08:17:39.034,9.09823,9.10083,1.37,1.60
2016.12.28 08:17:39.237,9.09824,9.10082,1.00,1.60
2016.12.28 08:17:39.339,9.09834,9.10082,1.00,1.60
2016.12.28 08:17:39.643,9.09844,9.10097,1.00,1.69
2016.12.28 08:17:39.755,9.09844,9.10097,1.00,1.69
2016.12.28 08:17:40.648,9.09854,9.10097,1.00,1.69
2016.12.28 08:17:41.644,9.09844,9.10086,1.00,1.69
2016.12.28 08:17:43.326,9.09834,9.10076,1.00,1.12
2016.12.28 08:17:43.529,9.09834,9.10092,1.00,1.97
2016.12.28 08:17:43.579,9.09834,9.10092,1.00,2.10
2016.12.28 08:17:43.734,9.09833,9.10093,1.00,1.97
2016.12.28 08:17:43.842,9.09833,9.10093,1.00,1.97
2016.12.28 08:17:43.896,9.09834,9.10092,1.00,1.82
2016.12.28 08:17:43.947,9.09824,9.10092,1.00,1.82
2016.12.28 08:17:44.049,9.09824,9.10092,1.00,1.72
2016.12.28 08:17:44.151,9.09824,9.10092,1.00,1.69
2016.12.28 08:17:44.454,9.09864,9.10102,1.00,1.69
2016.12.28 08:17:45.159,9.09863,9.10103,1.00,1.69
2016.12.28 08:17:45.312,9.09834,9.10106,1.00,1.69
2016.12.28 08:17:45.363,9.09834,9.10106,1.00,1.60
2016.12.28 08:17:45.515,9.09834,9.10106,1.50,1.69
2016.12.28 08:17:45.862,9.09844,9.10106,1.00,1.60
2016.12.28 08:17:45.964,9.09834,9.10106,1.50,1.69
2016.12.28 08:17:46.335,9.09844,9.10106,1.00,1.69
2016.12.28 08:17:46.730,9.09854,9.10106,1.00,1.69
2016.12.28 08:17:47.656,9.09864,9.10106,1.00,1.69
2016.12.28 08:17:47.999,9.09864,9.10102,1.00,1.60
2016.12.28 08:17:48.104,9.09864,9.10102,1.00,1.69
2016.12.28 08:17:48.662,9.09854,9.10106,1.00,1.69
2016.12.28 08:17:49.423,9.09853,9.10103,1.00,1.69
2016.12.28 08:17:50.422,9.09864,9.10102,1.00,1.69
2016.12.28 08:17:50.883,9.09864,9.10102,1.00,1.60
2016.12.28 08:17:50.938,9.09864,9.10102,1.00,1.69
2016.12.28 08:17:51.373,9.09854,9.10102,1.00,1.69
2016.12.28 08:17:52.101,9.09853,9.10107,1.00,1.60
2016.12.28 08:17:52.209,9.09854,9.10106,1.00,1.69
2016.12.28 08:17:52.599,9.09854,9.10106,1.00,1.60
2016.12.28 08:17:52.650,9.09864,9.10106,1.00,1.60
2016.12.28 08:17:52.982,9.09864,9.10106,1.00,1.69
2016.12.28 08:17:54.108,9.09853,9.10093,1.00,1.69
2016.12.28 08:17:54.644,9.09844,9.10106,1.00,2.10
2016.12.28 08:17:54.694,9.09856,9.10106,1.00,2.10
2016.12.28 08:17:54.745,9.09847,9.10108,1.00,1.60
2016.12.28 08:17:54.796,9.09846,9.10133,1.00,1.60
2016.12.28 08:17:55.000,9.09854,9.10162,1.00,1.60
2016.12.28 08:17:55.051,9.09893,9.10165,1.00,1.00
2016.12.28 08:17:55.415,9.10011,9.10217,1.00,1.00
2016.12.28 08:17:55.466,9.10001,9.10304,1.00,1.00
2016.12.28 08:17:55.517,9.09982,9.10316,1.00,1.00
2016.12.28 08:17:55.568,9.1009,9.10316,1.88,1.00
2016.12.28 08:17:55.620,9.10075,9.10304,1.00,1.00
2016.12.28 08:17:55.672,9.10021,9.10304,1.00,1.00
2016.12.28 08:17:55.723,9.10051,9.10316,1.00,1.00
2016.12.28 08:17:55.825,9.10031,9.10317,1.00,1.00
2016.12.28 08:17:55.876,9.10023,9.10316,1.00,1.00
2016.12.28 08:17:55.927,9.10007,9.10316,1.00,1.00
2016.12.28 08:17:55.978,9.10007,9.10309,1.00,1.00
2016.12.28 08:17:56.029,9.09986,9.10297,1.00,1.00
2016.12.28 08:17:56.080,9.09974,9.10297,1.00,1.00
2016.12.28 08:17:56.131,9.09974,9.10312,1.00,1.00
2016.12.28 08:17:56.181,9.09989,9.10318,1.75,1.00
2016.12.28 08:17:56.486,9.10013,9.10322,1.37,1.00
2016.12.28 08:17:56.637,9.10013,9.10342,1.00,1.00
2016.12.28 08:17:56.689,9.10003,9.10343,1.12,1.50
2016.12.28 08:17:56.739,9.10004,9.10322,1.00,1.00
2016.12.28 08:17:57.191,9.10004,9.10332,1.12,1.00
2016.12.28 08:17:57.243,9.10024,9.10332,1.00,1.00
2016.12.28 08:17:57.644,9.10024,9.10322,1.00,1.00
2016.12.28 08:17:57.695,9.10024,9.10342,1.00,1.37
2016.12.28 08:17:57.847,9.10023,9.10333,1.00,1.00
2016.12.28 08:17:57.898,9.10023,9.10343,1.00,1.50
2016.12.28 08:17:58.253,9.10034,9.10343,1.00,1.00
2016.12.28 08:17:58.763,9.10033,9.10343,1.00,1.00
2016.12.28 08:17:59.088,9.10034,9.10322,1.00,1.00
2016.12.28 08:17:59.290,9.10034,9.10342,1.00,1.00
2016.12.28 08:17:59.802,9.10034,9.10343,1.00,1.00
2016.12.28 08:18:00.314,9.10034,9.10342,1.00,1.00
2016.12.28 08:18:00.516,9.10034,9.10332,1.00,1.00
2016.12.28 08:18:00.909,9.10024,9.10332,1.00,1.00
2016.12.28 08:18:00.961,9.10023,9.10343,1.00,1.00
2016.12.28 08:18:01.485,9.10024,9.10342,1.00,1.00
2016.12.28 08:18:01.858,9.10024,9.10332,1.00,1.00
2016.12.28 08:18:01.908,9.10024,9.10342,1.00,1.00
2016.12.28 08:18:02.024,9.10024,9.10332,1.00,1.00
2016.12.28 08:18:02.587,9.10024,9.10342,1.00,1.00
2016.12.28 08:18:02.645,9.10034,9.10343,1.00,1.00
2016.12.28 08:18:03.184,9.10034,9.10342,1.00,1.00
2016.12.28 08:18:03.511,9.10034,9.10332,1.00,1.00
2016.12.28 08:18:03.562,9.10024,9.10332,1.00,1.00
2016.12.28 08:18:03.766,9.10024,9.10322,1.00,1.00
2016.12.28 08:18:04.019,9.10023,9.10333,1.00,1.00
2016.12.28 08:18:04.173,9.10024,9.10322,1.00,1.00
2016.12.28 08:18:04.519,9.10024,9.10312,1.00,1.00
2016.12.28 08:18:04.826,9.10034,9.10322,1.00,1.00
2016.12.28 08:18:05.300,9.10034,9.10312,1.00,1.00
2016.12.28 08:18:05.604,9.10034,9.10302,1.00,1.00
2016.12.28 08:18:05.763,9.10034,9.10312,1.00,1.00
2016.12.28 08:18:05.941,9.10033,9.10303,1.00,1.00
2016.12.28 08:18:05.992,9.10034,9.10312,1.00,1.00
2016.12.28 08:18:06.766,9.10034,9.10302,1.00,1.00
2016.12.28 08:18:06.816,9.10034,9.10312,1.00,1.00
2016.12.28 08:18:06.867,9.10034,9.10302,1.00,1.00
2016.12.28 08:18:07.026,9.10034,9.10312,1.00,1.00
2016.12.28 08:18:07.280,9.10034,9.10322,1.00,1.00
2016.12.28 08:18:08.545,9.10034,9.10302,1.00,1.00
2016.12.28 08:18:08.596,9.10034,9.10312,1.00,1.00
2016.12.28 08:18:08.807,9.10034,9.10322,1.00,1.00
2016.12.28 08:18:09.800,9.10034,9.10312,1.00,1.00
2016.12.28 08:18:10.171,9.10034,9.10322,1.00,1.00
2016.12.28 08:18:10.965,9.10034,9.10332,1.00,1.00
2016.12.28 08:18:11.016,9.10034,9.10322,1.00,1.00
2016.12.28 08:18:11.535,9.10033,9.10313,1.00,1.00
2016.12.28 08:18:11.588,9.10034,9.10322,1.00,1.00
2016.12.28 08:18:11.804,9.10034,9.10312,1.00,1.00
2016.12.28 08:18:11.855,9.10034,9.10322,1.00,1.00
2016.12.28 08:18:12.041,9.10034,9.10312,1.00,1.00
2016.12.28 08:18:12.383,9.10034,9.10322,1.00,1.00
2016.12.28 08:18:12.656,9.10034,9.10312,1.00,1.00
2016.12.28 08:18:12.757,9.10034,9.10332,1.00,1.00
2016.12.28 08:18:13.009,9.10034,9.10342,1.00,1.50
2016.12.28 08:18:14.041,9.10034,9.10322,1.00,1.00
2016.12.28 08:18:14.192,9.10034,9.10332,1.00,1.00
2016.12.28 08:18:14.557,9.10034,9.10342,1.00,1.50
2016.12.28 08:18:15.112,9.10034,9.10332,1.00,1.00
2016.12.28 08:18:15.163,9.10033,9.10342,1.00,1.00
2016.12.28 08:18:15.556,9.10034,9.10332,1.00,1.00
2016.12.28 08:18:16.218,9.10034,9.10342,1.00,1.50
2016.12.28 08:18:17.343,9.10034,9.10332,1.00,1.00
2016.12.28 08:18:17.553,9.10033,9.10342,1.00,1.00
2016.12.28 08:18:18.942,9.10034,9.10342,1.00,1.50
2016.12.28 08:18:19.043,9.10034,9.10332,1.00,1.00
2016.12.28 08:18:19.240,9.10034,9.10342,1.00,1.50
2016.12.28 08:18:19.549,9.10044,9.10342,1.00,1.50
2016.12.28 08:18:19.652,9.10034,9.10342,1.00,1.00
2016.12.28 08:18:20.117,9.10044,9.10342,1.00,1.50
2016.12.28 08:18:20.531,9.10044,9.10347,1.00,1.00
2016.12.28 08:18:20.974,9.10034,9.10347,1.00,1.00
2016.12.28 08:18:21.515,9.10044,9.10347,1.00,1.00
2016.12.28 08:18:22.114,9.10043,9.10348,1.00,1.00
2016.12.28 08:18:22.628,9.10044,9.10347,1.00,1.00
2016.12.28 08:18:23.271,9.10043,9.10348,1.00,1.00
2016.12.28 08:18:23.609,9.10054,9.10347,1.00,1.00
2016.12.28 08:18:24.053,9.10064,9.10347,1.00,1.00
2016.12.28 08:18:24.154,9.10054,9.10347,1.00,1.00
2016.12.28 08:18:24.640,9.10064,9.10347,1.00,1.00
2016.12.28 08:18:25.449,9.10054,9.10347,1.00,1.00
2016.12.28 08:18:25.864,9.10054,9.10356,1.00,1.00
2016.12.28 08:18:27.308,9.10054,9.10352,1.00,1.00
2016.12.28 08:18:27.512,9.10054,9.10356,1.00,1.00
2016.12.28 08:18:29.207,9.10054,9.10352,1.00,1.00
2016.12.28 08:18:29.749,9.10053,9.10353,1.00,1.00
2016.12.28 08:18:30.255,9.10054,9.10352,1.00,1.00
2016.12.28 08:18:30.561,9.10053,9.10343,1.00,1.00
2016.12.28 08:18:30.852,9.10054,9.10352,1.00,1.00
2016.12.28 08:18:31.907,9.10053,9.10353,1.00,1.00
2016.12.28 08:18:32.008,9.10053,9.10343,1.00,1.00
2016.12.28 08:18:32.302,9.10053,9.10353,1.00,1.00
2016.12.28 08:18:32.555,9.10054,9.10356,1.00,1.00
2016.12.28 08:18:32.760,9.10063,9.10357,1.00,1.00
2016.12.28 08:18:33.064,9.10074,9.10356,1.00,1.00
2016.12.28 08:18:33.368,9.10073,9.10357,1.00,1.37
2016.12.28 08:18:33.841,9.10074,9.10356,1.00,1.00
2016.12.28 08:18:33.993,9.10063,9.10357,1.00,1.00
2016.12.28 08:18:34.044,9.10054,9.10356,1.00,1.00
2016.12.28 08:18:34.501,9.10064,9.10356,1.00,1.00
2016.12.28 08:18:37.968,9.10074,9.10356,1.00,1.00
2016.12.28 08:18:38.632,9.10073,9.10357,1.00,1.00
2016.12.28 08:18:40.430,9.10064,9.10356,1.00,1.00
2016.12.28 08:18:40.914,9.10054,9.10356,1.00,1.50
2016.12.28 08:18:41.427,9.10064,9.10356,1.00,1.00
2016.12.28 08:18:41.835,9.10054,9.10356,1.00,1.00
2016.12.28 08:18:42.349,9.10064,9.10356,1.00,1.00
2016.12.28 08:18:43.925,9.10074,9.10356,1.00,1.00
2016.12.28 08:18:44.376,9.10074,9.10352,1.00,1.00
2016.12.28 08:18:44.773,9.10084,9.10352,1.00,1.00
2016.12.28 08:18:45.408,9.10063,9.10353,1.00,1.00
2016.12.28 08:18:45.945,9.10064,9.10352,1.00,1.00
2016.12.28 08:18:46.166,9.10074,9.10352,1.00,1.00
2016.12.28 08:18:46.318,9.10064,9.10352,1.00,1.00
2016.12.28 08:18:46.419,9.10093,9.10353,1.00,1.00
2016.12.28 08:18:46.961,9.10094,9.10352,1.00,1.00
2016.12.28 08:18:47.401,9.10074,9.10352,1.00,1.00
2016.12.28 08:18:47.502,9.10074,9.10342,1.00,1.00
2016.12.28 08:18:48.045,9.10084,9.10342,1.00,1.00
2016.12.28 08:18:49.391,9.10074,9.10342,1.00,1.00
2016.12.28 08:18:49.746,9.10084,9.10342,1.00,1.00
2016.12.28 08:18:50.062,9.10094,9.10342,1.00,1.00
2016.12.28 08:18:50.742,9.10084,9.10342,1.00,1.00
2016.12.28 08:18:51.176,9.10073,9.10343,1.00,1.00
2016.12.28 08:18:51.384,9.10074,9.10332,1.00,1.00
2016.12.28 08:18:51.729,9.10084,9.10332,1.00,1.00
2016.12.28 08:18:52.061,9.10094,9.10332,1.00,1.00
2016.12.28 08:18:52.112,9.10093,9.10353,1.00,1.00
2016.12.28 08:18:52.608,9.10094,9.10342,1.00,1.00
2016.12.28 08:18:52.763,9.10084,9.10342,1.00,1.00
2016.12.28 08:18:53.159,9.10084,9.10332,1.00,1.00
2016.12.28 08:18:54.170,9.10058,9.10332,1.00,1.00
2016.12.28 08:18:54.647,9.10064,9.10332,1.00,1.00
2016.12.28 08:18:54.971,9.10064,9.10322,1.00,1.00
2016.12.28 08:18:55.290,9.10094,9.10322,1.00,1.00
2016.12.28 08:18:56.083,9.10094,9.10332,1.00,1.00
2016.12.28 08:18:56.134,9.10084,9.10332,1.00,1.00
2016.12.28 08:18:56.287,9.10074,9.10332,1.00,1.00
2016.12.28 08:18:57.154,9.10084,9.10332,1.00,1.00
2016.12.28 08:18:57.455,9.10094,9.10332,1.00,1.00
2016.12.28 08:18:57.560,9.10094,9.10342,1.00,1.00
2016.12.28 08:18:58.139,9.10093,9.10343,1.00,1.00
2016.12.28 08:18:58.190,9.10083,9.10343,1.00,1.00
2016.12.28 08:18:58.501,9.10084,9.10332,1.00,1.00
2016.12.28 08:18:59.662,9.10094,9.10332,1.00,1.00
2016.12.28 08:19:00.462,9.10093,9.10343,1.00,1.00
2016.12.28 08:19:00.773,9.10084,9.10342,1.00,1.00
2016.12.28 08:19:03.024,9.10084,9.10332,1.00,1.00
2016.12.28 08:19:03.382,9.10104,9.10332,1.00,1.00
2016.12.28 08:19:03.433,9.10104,9.10352,1.00,1.00
2016.12.28 08:19:03.872,9.10104,9.10342,1.00,1.00
2016.12.28 08:19:04.119,9.10094,9.10342,1.00,1.00
2016.12.28 08:19:05.080,9.10104,9.10342,1.00,1.00
2016.12.28 08:19:07.612,9.10104,9.10352,1.00,1.00
2016.12.28 08:19:07.663,9.10114,9.10352,1.00,1.00
2016.12.28 08:19:08.246,9.10114,9.10342,1.00,1.00
2016.12.28 08:19:08.643,9.10104,9.10342,1.00,1.00
2016.12.28 08:19:12.078,9.10104,9.10356,1.00,1.00
2016.12.28 08:19:12.179,9.10084,9.10356,1.00,1.00
2016.12.28 08:19:45.708,9.10074,9.10356,1.00,1.00
2016.12.28 08:19:47.546,9.10064,9.10356,1.19,1.50
2016.12.28 08:19:48.046,9.10074,9.10356,1.00,1.00
2016.12.28 08:19:50.187,9.10084,9.10356,1.00,1.00
2016.12.28 08:19:51.204,9.10074,9.10356,1.00,1.00
2016.12.28 08:19:52.498,9.10084,9.10356,1.00,1.00
2016.12.28 08:19:52.820,9.10084,9.10352,1.00,1.00
2016.12.28 08:19:53.271,9.10084,9.10356,1.00,1.00
2016.12.28 08:19:53.474,9.10064,9.10356,1.19,1.00
2016.12.28 08:19:54.005,9.10063,9.10357,1.19,1.00
2016.12.28 08:19:54.526,9.10073,9.10357,1.00,1.00
2016.12.28 08:19:56.553,9.10074,9.10356,1.00,1.00
2016.12.28 08:19:59.268,9.10064,9.10356,1.19,1.00
2016.12.28 08:20:00.276,9.10084,9.10352,1.00,1.00
2016.12.28 08:20:01.248,9.10064,9.10352,1.19,1.00
2016.12.28 08:20:01.501,9.10063,9.10357,1.19,1.00
2016.12.28 08:20:02.020,9.10064,9.10356,1.19,1.00
2016.12.28 08:20:02.261,9.10083,9.10357,1.00,1.00
2016.12.28 08:20:02.567,9.10084,9.10352,1.00,1.00
2016.12.28 08:20:03.262,9.10074,9.10352,1.00,1.00
2016.12.28 08:20:03.622,9.10074,9.10372,1.00,1.37
2016.12.28 08:20:03.724,9.10074,9.10372,1.00,1.00
2016.12.28 08:20:04.077,9.10063,9.10383,1.19,1.12
2016.12.28 08:20:04.179,9.10064,9.10383,1.56,1.00
2016.12.28 08:20:04.496,9.10084,9.10383,1.00,1.00
2016.12.28 08:20:05.098,9.10104,9.10383,1.00,1.00
2016.12.28 08:20:05.199,9.10084,9.10383,1.00,1.00
2016.12.28 08:20:05.301,9.10084,9.10403,1.00,1.37
2016.12.28 08:20:05.402,9.10094,9.10405,1.00,1.37
2016.12.28 08:20:06.113,9.10104,9.10405,1.00,1.37
2016.12.28 08:20:07.120,9.10084,9.10405,1.00,1.37
2016.12.28 08:20:08.919,9.10093,9.1041,1.00,1.75
2016.12.28 08:20:09.455,9.10104,9.1041,1.00,1.75
2016.12.28 08:20:09.672,9.10104,9.1041,1.00,1.37
2016.12.28 08:20:10.359,9.10094,9.1041,1.00,1.00
2016.12.28 08:20:10.884,9.10084,9.1041,1.19,1.00
2016.12.28 08:20:11.196,9.10084,9.1041,1.19,1.37
2016.12.28 08:20:19.789,9.10094,9.1041,1.19,1.00
2016.12.28 08:20:20.226,9.10094,9.1041,1.19,1.37
2016.12.28 08:20:21.047,9.10084,9.1041,1.00,1.37
2016.12.28 08:20:21.595,9.10084,9.1041,1.19,1.37
2016.12.28 08:20:21.646,9.10094,9.1041,1.00,1.37
2016.12.28 08:20:22.162,9.10094,9.1041,1.00,1.00
2016.12.28 08:20:22.466,9.10094,9.10431,1.19,1.75
2016.12.28 08:20:22.516,9.10094,9.10431,1.19,1.37
2016.12.28 08:20:22.618,9.10094,9.10431,1.00,1.37
2016.12.28 08:20:22.669,9.10114,9.10431,1.00,1.00
2016.12.28 08:20:23.074,9.10124,9.10451,1.00,1.37
2016.12.28 08:20:23.124,9.10124,9.10451,1.19,1.37
2016.12.28 08:20:23.252,9.10124,9.10451,1.00,1.37
2016.12.28 08:20:23.773,9.10124,9.10451,1.19,1.37
2016.12.28 08:20:24.677,9.10134,9.10451,1.00,1.37
2016.12.28 08:20:25.074,9.10134,9.10451,1.00,1.00
2016.12.28 08:20:25.665,9.10144,9.10451,1.00,1.00
2016.12.28 08:20:26.748,9.10134,9.10451,1.00,1.00
2016.12.28 08:20:27.384,9.10144,9.10451,1.00,1.00
2016.12.28 08:20:27.723,9.10154,9.10451,1.00,1.00
2016.12.28 08:20:27.925,9.10144,9.10451,1.00,1.00
2016.12.28 08:20:28.443,9.10144,9.10457,1.00,1.37
2016.12.28 08:20:30.864,9.10143,9.10457,1.00,1.00
2016.12.28 08:20:31.064,9.10172,9.10457,1.00,1.00
2016.12.28 08:20:31.165,9.10172,9.10477,1.00,1.00
2016.12.28 08:20:31.216,9.10172,9.10485,1.00,1.00
2016.12.28 08:20:31.317,9.10185,9.10485,1.00,1.00
2016.12.28 08:20:31.368,9.10196,9.10505,1.00,1.00
2016.12.28 08:20:31.419,9.10222,9.10507,1.37,1.00
2016.12.28 08:20:31.482,9.10222,9.10527,1.37,1.50
2016.12.28 08:20:31.533,9.10244,9.10565,1.00,1.00
2016.12.28 08:20:31.584,9.10254,9.10565,1.37,1.00
2016.12.28 08:20:31.635,9.10266,9.10565,1.00,1.00
2016.12.28 08:20:31.686,9.10266,9.10583,1.00,1.00
2016.12.28 08:20:31.737,9.10278,9.10583,1.37,1.00
2016.12.28 08:20:32.056,9.10324,9.10606,1.00,1.00
2016.12.28 08:20:32.475,9.10324,9.10606,1.37,1.00
2016.12.28 08:20:34.291,9.10334,9.10631,1.37,1.37
2016.12.28 08:20:34.392,9.10326,9.10652,1.90,1.00
2016.12.28 08:20:35.148,9.10354,9.10652,1.00,1.00
2016.12.28 08:20:35.199,9.10344,9.10652,1.50,1.00
2016.12.28 08:20:35.901,9.10354,9.10652,1.00,1.00
2016.12.28 08:20:36.950,9.10344,9.10652,1.50,1.00
2016.12.28 08:20:38.038,9.10354,9.10652,1.00,1.00
2016.12.28 08:20:38.991,9.10344,9.10652,1.50,1.00
2016.12.28 08:20:40.124,9.10354,9.10652,1.00,1.00
2016.12.28 08:20:41.139,9.10343,9.10652,1.50,1.00
2016.12.28 08:20:42.452,9.10354,9.10652,1.00,1.00
2016.12.28 08:20:43.463,9.10344,9.10652,1.50,1.00
2016.12.28 08:20:48.500,9.10344,9.10654,1.50,1.00
2016.12.28 08:20:49.919,9.10319,9.10654,1.14,1.00
2016.12.28 08:20:50.382,9.10354,9.10654,1.00,1.00
2016.12.28 08:20:51.410,9.10344,9.10654,1.12,1.00
2016.12.28 08:20:51.962,9.10333,9.10654,1.37,1.00
2016.12.28 08:20:52.428,9.10354,9.10654,1.00,1.00
2016.12.28 08:20:53.452,9.10344,9.10654,1.12,1.00
2016.12.28 08:20:53.705,9.10354,9.10674,1.00,1.00
2016.12.28 08:20:53.907,9.10374,9.10675,1.00,1.00
2016.12.28 08:20:54.009,9.10364,9.10675,1.00,1.00
2016.12.28 08:20:54.527,9.10374,9.10675,1.00,1.00
2016.12.28 08:20:54.578,9.10363,9.10675,1.00,1.00
2016.12.28 08:20:54.679,9.10354,9.10675,1.37,1.00
2016.12.28 08:20:55.229,9.10363,9.10675,1.00,1.00
2016.12.28 08:20:55.280,9.10354,9.10675,1.37,1.00
2016.12.28 08:20:55.764,9.10364,9.10675,1.00,1.00
2016.12.28 08:20:56.811,9.10354,9.10675,1.00,1.00
2016.12.28 08:20:56.972,9.10363,9.10675,1.00,1.00
2016.12.28 08:20:57.073,9.10354,9.10675,1.00,1.00
2016.12.28 08:20:58.355,9.10364,9.10675,1.00,1.00
2016.12.28 08:20:58.457,9.10354,9.10675,1.00,1.00
2016.12.28 08:20:58.967,9.10374,9.10675,1.00,1.00
2016.12.28 08:20:59.271,9.10364,9.10675,1.00,1.00
2016.12.28 08:20:59.790,9.10394,9.10675,1.00,1.00
2016.12.28 08:20:59.891,9.10364,9.10675,1.00,1.00
2016.12.28 08:20:59.942,9.10354,9.10675,1.00,1.00
2016.12.28 08:21:00.433,9.10364,9.10675,1.00,1.00
2016.12.28 08:21:00.646,9.10353,9.10675,1.00,1.00
2016.12.28 08:21:02.663,9.10364,9.10675,1.00,1.00
2016.12.28 08:21:02.764,9.10354,9.10675,1.00,1.00
2016.12.28 08:21:04.299,9.10353,9.10675,1.00,1.00
2016.12.28 08:21:05.311,9.10354,9.10675,1.00,1.00
2016.12.28 08:21:06.351,9.10364,9.10675,1.00,1.00
2016.12.28 08:21:07.363,9.10354,9.10675,1.00,1.00
2016.12.28 08:21:08.403,9.10354,9.10672,1.00,1.00
2016.12.28 08:21:08.741,9.10364,9.10672,1.00,1.00
2016.12.28 08:21:09.750,9.10354,9.10672,1.00,1.00
2016.12.28 08:21:10.807,9.10334,9.10563,1.00,1.60
2016.12.28 08:21:10.858,9.10284,9.10563,1.12,1.60
2016.12.28 08:21:10.909,9.10238,9.1057,1.00,1.97
2016.12.28 08:21:10.960,9.10218,9.10491,1.37,1.37
2016.12.28 08:21:11.011,9.10199,9.10493,1.75,1.00
2016.12.28 08:21:11.062,9.10188,9.10493,1.87,1.37
2016.12.28 08:21:11.113,9.10157,9.10472,3.94,1.00
2016.12.28 08:21:11.214,9.10153,9.10472,1.56,1.00
2016.12.28 08:21:11.316,9.10153,9.10472,1.37,1.00
2016.12.28 08:21:11.367,9.10164,9.10472,1.00,1.00
2016.12.28 08:21:11.672,9.10154,9.10472,2.06,1.00
2016.12.28 08:21:11.954,9.10164,9.10492,1.56,1.00
2016.12.28 08:21:12.359,9.10194,9.10492,1.00,1.00
2016.12.28 08:21:12.410,9.10174,9.10492,1.12,1.00
2016.12.28 08:21:16.427,9.10174,9.10482,1.12,1.00
2016.12.28 08:21:16.528,9.10174,9.10492,1.12,1.50
2016.12.28 08:21:16.730,9.10174,9.10492,1.12,1.87
2016.12.28 08:21:16.982,9.10164,9.10492,1.19,1.75
2016.12.28 08:21:17.123,9.10174,9.10492,1.00,1.75
2016.12.28 08:21:17.772,9.10173,9.10492,1.00,1.75
2016.12.28 08:21:18.297,9.10174,9.10492,1.00,1.75
2016.12.28 08:21:18.888,9.10173,9.10492,1.00,1.75
2016.12.28 08:21:19.421,9.10174,9.10492,1.00,1.75
2016.12.28 08:21:20.514,9.10173,9.10492,1.00,1.75
2016.12.28 08:21:20.565,9.10154,9.10492,1.76,1.75
2016.12.28 08:21:21.195,9.10154,9.10476,1.57,1.00
2016.12.28 08:21:21.247,9.10154,9.1047,1.57,1.00
2016.12.28 08:21:22.662,9.10164,9.1047,1.00,1.00
2016.12.28 08:21:23.702,9.10173,9.1047,1.00,1.00
2016.12.28 08:21:24.266,9.10174,9.1047,1.00,1.00
2016.12.28 08:21:25.072,9.10164,9.1047,1.00,1.00
2016.12.28 08:21:26.710,9.10163,9.1047,1.00,1.00
2016.12.28 08:21:27.285,9.10164,9.1047,1.00,1.00
2016.12.28 08:21:28.433,9.10164,9.10465,1.00,1.00
2016.12.28 08:21:28.966,9.10163,9.10465,1.00,1.00
2016.12.28 08:21:30.792,9.10154,9.10465,1.57,1.00
2016.12.28 08:21:32.982,9.10164,9.10465,1.00,1.00
2016.12.28 08:21:34.004,9.10154,9.10465,1.57,1.00
2016.12.28 08:21:35.587,9.10174,9.10465,1.00,1.00
2016.12.28 08:21:35.638,9.10164,9.10465,1.00,1.00
2016.12.28 08:21:36.132,9.10174,9.10465,1.00,1.00
2016.12.28 08:21:36.587,9.10184,9.10465,1.00,1.00
2016.12.28 08:21:37.684,9.10174,9.10465,1.00,1.00
2016.12.28 08:21:37.886,9.10174,9.10485,1.00,1.37
2016.12.28 08:21:38.592,9.10184,9.10486,1.00,1.37
2016.12.28 08:21:38.694,9.10184,9.10486,1.00,1.00
2016.12.28 08:21:38.795,9.10184,9.10486,1.37,1.37
2016.12.28 08:21:39.628,9.10204,9.10497,1.00,1.37
2016.12.28 08:21:40.623,9.10204,9.10508,1.19,1.00
2016.12.28 08:21:40.725,9.10204,9.10508,1.19,1.37
2016.12.28 08:21:40.827,9.10203,9.10508,1.00,1.37
2016.12.28 08:21:40.928,9.10204,9.10508,1.19,1.37
2016.12.28 08:21:41.252,9.10204,9.10508,1.19,1.37
2016.12.28 08:21:41.678,9.10203,9.10508,1.00,1.37
2016.12.28 08:21:41.729,9.10193,9.10508,1.19,1.37
2016.12.28 08:21:42.277,9.10194,9.10508,1.19,1.37
2016.12.28 08:21:42.966,9.10204,9.10508,1.00,1.37
2016.12.28 08:21:43.965,9.10194,9.10508,1.19,1.37
2016.12.28 08:21:45.420,9.10204,9.10508,1.00,1.37
2016.12.28 08:21:46.415,9.10194,9.10508,1.19,1.37
2016.12.28 08:21:47.427,9.10204,9.10508,1.00,1.37
2016.12.28 08:21:48.265,9.10214,9.10508,1.00,1.37
2016.12.28 08:21:48.316,9.10204,9.10508,1.37,1.37
2016.12.28 08:21:48.367,9.10204,9.10508,1.37,1.00
2016.12.28 08:21:48.468,9.10213,9.10522,1.00,1.00
2016.12.28 08:21:49.010,9.10224,9.10522,1.00,1.00
2016.12.28 08:21:50.391,9.10223,9.10522,1.00,1.00
2016.12.28 08:21:50.734,9.10214,9.10522,1.00,1.50
2016.12.28 08:21:51.155,9.10235,9.10522,1.37,1.00
2016.12.28 08:21:51.206,9.1025,9.10542,1.37,1.00
2016.12.28 08:21:51.257,9.1025,9.10548,1.00,1.00
2016.12.28 08:21:51.308,9.1025,9.10568,1.00,1.00
2016.12.28 08:21:51.360,9.1025,9.10582,1.00,1.00
2016.12.28 08:21:51.411,9.10261,9.10582,1.09,1.00
2016.12.28 08:21:51.714,9.10294,9.10588,1.00,1.00
2016.12.28 08:21:51.764,9.10283,9.10588,1.00,1.00
2016.12.28 08:21:52.182,9.10284,9.10608,1.00,1.00
2016.12.28 08:21:52.232,9.10284,9.10602,1.00,1.00
2016.12.28 08:21:52.283,9.10284,9.10612,1.00,1.50
2016.12.28 08:21:52.435,9.10304,9.10612,1.00,1.50
2016.12.28 08:21:53.204,9.10303,9.10612,1.00,1.00
2016.12.28 08:21:53.688,9.10304,9.10612,1.09,1.00
2016.12.28 08:21:54.197,9.10303,9.10612,1.09,1.00
2016.12.28 08:21:54.762,9.10304,9.10612,1.09,1.00
2016.12.28 08:21:55.654,9.10314,9.10612,1.00,1.00
2016.12.28 08:21:57.566,9.10313,9.10612,1.00,1.00
2016.12.28 08:21:58.077,9.10314,9.10612,1.00,1.00
2016.12.28 08:21:59.726,9.10313,9.10612,1.00,1.00
2016.12.28 08:22:00.250,9.10314,9.10612,1.00,1.00
2016.12.28 08:22:00.758,9.10313,9.10612,1.00,1.00
2016.12.28 08:22:01.303,9.10314,9.10612,1.00,1.00
2016.12.28 08:22:06.088,9.10313,9.10612,1.00,1.00
2016.12.28 08:22:06.612,9.10314,9.10612,1.00,1.00
2016.12.28 08:22:06.918,9.10324,9.10632,1.00,1.00
2016.12.28 08:22:06.969,9.10324,9.10637,1.00,1.00
2016.12.28 08:22:08.473,9.10324,9.10635,1.00,1.00
2016.12.28 08:22:09.342,9.10323,9.10635,1.00,1.00
2016.12.28 08:22:09.494,9.10314,9.10635,1.00,1.00
2016.12.28 08:22:10.483,9.10323,9.10635,1.00,1.00
2016.12.28 08:22:11.022,9.10324,9.10635,1.00,1.00
2016.12.28 08:22:13.140,9.10314,9.10635,1.00,1.00
2016.12.28 08:22:13.529,9.10324,9.10635,1.00,1.00
2016.12.28 08:22:13.711,9.10314,9.10635,1.00,1.00
2016.12.28 08:22:14.116,9.10324,9.10635,1.00,1.00
2016.12.28 08:22:15.472,9.10334,9.10635,1.00,1.00
2016.12.28 08:22:17.633,9.10333,9.10635,1.00,1.00
2016.12.28 08:22:18.209,9.10334,9.10635,1.00,1.00
2016.12.28 08:22:22.546,9.10333,9.10635,1.00,1.00
2016.12.28 08:22:23.082,9.10334,9.10635,1.00,1.00
2016.12.28 08:22:23.387,9.10344,9.10635,1.00,1.00
2016.12.28 08:22:23.438,9.10334,9.10635,1.00,1.00
2016.12.28 08:22:23.539,9.10324,9.10632,1.00,1.00
2016.12.28 08:22:24.300,9.10324,9.10635,1.00,1.00
2016.12.28 08:22:24.611,9.10333,9.10635,1.00,1.00
2016.12.28 08:22:25.350,9.10334,9.10635,1.00,1.00
2016.12.28 08:22:27.070,9.10333,9.10635,1.00,1.00
2016.12.28 08:22:27.611,9.10334,9.10635,1.00,1.00
2016.12.28 08:22:28.402,9.10344,9.10635,1.00,1.00
2016.12.28 08:22:28.453,9.10344,9.10644,1.00,1.00
2016.12.28 08:22:28.655,9.10334,9.10644,1.00,1.00
2016.12.28 08:22:29.328,9.10344,9.10644,1.00,1.00
2016.12.28 08:22:29.379,9.10334,9.10644,1.00,1.00
2016.12.28 08:22:30.051,9.10344,9.10644,1.00,1.00
2016.12.28 08:22:30.236,9.10334,9.10644,1.00,1.00
2016.12.28 08:22:30.735,9.10344,9.10644,1.00,1.00
2016.12.28 08:22:31.038,9.10344,9.10665,1.00,1.00
2016.12.28 08:22:31.812,9.10354,9.10665,1.00,1.00
2016.12.28 08:22:32.349,9.10354,9.10665,1.47,1.00
2016.12.28 08:22:32.635,9.10354,9.10686,2.25,1.00
2016.12.28 08:22:32.837,9.10384,9.10686,1.00,1.00
2016.12.28 08:22:33.145,9.10394,9.10686,1.00,1.00
2016.12.28 08:22:33.196,9.10384,9.10686,1.00,1.00
2016.12.28 08:22:33.671,9.10383,9.10686,1.37,1.00
2016.12.28 08:22:40.014,9.10394,9.10686,1.00,1.00
2016.12.28 08:22:40.178,9.10394,9.10708,1.00,1.00
2016.12.28 08:22:41.057,9.10384,9.10708,1.37,1.00
2016.12.28 08:22:42.870,9.10394,9.10708,1.00,1.00
2016.12.28 08:22:43.612,9.10393,9.10708,1.00,1.00
2016.12.28 08:22:44.187,9.10394,9.10708,1.00,1.00
2016.12.28 08:22:45.430,9.10425,9.10708,1.00,1.00
2016.12.28 08:22:45.582,9.10444,9.10733,1.00,1.00
2016.12.28 08:22:45.684,9.10444,9.10756,1.00,1.00
2016.12.28 08:22:45.836,9.10444,9.10756,1.37,1.00
2016.12.28 08:22:46.158,9.10454,9.10756,1.00,1.00
2016.12.28 08:22:46.616,9.10494,9.10756,1.00,1.00
2016.12.28 08:22:46.667,9.10454,9.10756,1.00,1.00
2016.12.28 08:22:46.769,9.10454,9.10778,1.00,1.00
2016.12.28 08:22:46.921,9.10454,9.10772,1.00,1.00
2016.12.28 08:22:47.302,9.10453,9.10778,1.00,1.00
2016.12.28 08:22:47.549,9.10464,9.10778,1.00,1.00
2016.12.28 08:22:48.362,9.10464,9.10772,1.00,1.00
2016.12.28 08:22:48.413,9.10464,9.10778,1.00,1.00
2016.12.28 08:22:48.464,9.10464,9.10774,1.00,1.00
2016.12.28 08:22:49.543,9.10463,9.10774,1.00,1.00
2016.12.28 08:22:50.062,9.10464,9.10772,1.00,1.00
2016.12.28 08:22:51.018,9.10463,9.10774,1.00,1.00
2016.12.28 08:22:51.689,9.10464,9.10774,1.00,1.00
2016.12.28 08:22:51.809,9.10464,9.10772,1.00,1.00
2016.12.28 08:22:52.751,9.10454,9.1076,1.00,1.00
2016.12.28 08:22:53.123,9.10386,9.10712,1.00,1.00
2016.12.28 08:22:53.175,9.10386,9.10722,1.00,1.00
2016.12.28 08:22:53.276,9.10386,9.10704,1.00,1.00
2016.12.28 08:22:53.884,9.10386,9.10704,1.37,1.00
2016.12.28 08:22:59.397,9.10386,9.10704,1.37,1.00
2016.12.28 08:22:59.707,9.10396,9.10704,1.00,1.00
2016.12.28 08:23:00.005,9.10396,9.10727,1.00,1.00
2016.12.28 08:23:00.263,9.10396,9.10722,1.00,1.00
2016.12.28 08:23:00.314,9.10395,9.10727,1.00,1.00
2016.12.28 08:23:00.826,9.10396,9.10727,1.00,1.00
2016.12.28 08:23:00.927,9.10396,9.10727,1.37,1.00
2016.12.28 08:23:04.373,9.10428,9.10722,1.00,1.37
2016.12.28 08:23:04.525,9.10428,9.10706,1.00,1.00
2016.12.28 08:23:04.778,9.10438,9.10706,1.00,1.00
2016.12.28 08:23:04.830,9.10438,9.10716,1.00,1.00
2016.12.28 08:23:05.359,9.10448,9.10696,1.00,1.00
2016.12.28 08:23:05.409,9.10448,9.10706,1.00,1.00
2016.12.28 08:23:06.343,9.10428,9.10706,1.00,1.00
2016.12.28 08:23:06.444,9.10428,9.10716,1.00,1.00
2016.12.28 08:23:06.609,9.10388,9.10677,1.75,1.60
2016.12.28 08:23:06.661,9.10373,9.10646,1.00,1.60
2016.12.28 08:23:06.712,9.10338,9.10626,2.25,1.60
2016.12.28 08:23:06.763,9.10338,9.10572,1.00,1.00
2016.12.28 08:23:06.814,9.10338,9.10632,1.00,1.37
2016.12.28 08:23:06.865,9.10338,9.10632,1.00,1.00
2016.12.28 08:23:06.916,9.10338,9.10619,1.00,1.00
2016.12.28 08:23:07.219,9.10367,9.10642,1.00,1.00
2016.12.28 08:23:07.321,9.10368,9.10646,1.00,1.00
2016.12.28 08:23:07.372,9.10388,9.10646,1.00,1.00
2016.12.28 08:23:07.675,9.10388,9.10626,1.00,1.00
2016.12.28 08:23:07.881,9.1032,9.10622,1.37,1.00
2016.12.28 08:23:07.932,9.1032,9.10622,1.37,1.00
2016.12.28 08:23:08.033,9.1032,9.10652,1.37,1.37
2016.12.28 08:23:08.084,9.1032,9.10652,1.00,1.37
2016.12.28 08:23:08.186,9.10313,9.10642,1.75,1.00
2016.12.28 08:23:08.279,9.10313,9.10656,1.75,1.37
2016.12.28 08:23:08.330,9.10314,9.10652,1.00,1.37
2016.12.28 08:23:08.533,9.10314,9.10642,1.00,1.00
2016.12.28 08:23:08.584,9.103,9.10646,1.50,1.00
2016.12.28 08:23:08.635,9.103,9.10646,1.00,1.75
2016.12.28 08:23:08.938,9.103,9.10642,1.37,1.50
2016.12.28 08:23:09.652,9.103,9.10632,1.00,1.37
2016.12.28 08:23:09.804,9.10282,9.10626,1.12,1.00
2016.12.28 08:23:10.138,9.10281,9.10626,2.25,1.75
2016.12.28 08:23:11.435,9.10281,9.10602,1.75,1.00
2016.12.28 08:23:11.769,9.10281,9.10582,1.37,1.00
2016.12.28 08:23:11.921,9.10281,9.10592,1.37,1.00
2016.12.28 08:23:12.038,9.10281,9.10582,1.37,1.00
2016.12.28 08:23:12.089,9.1028,9.10593,1.37,1.00
2016.12.28 08:23:12.258,9.10281,9.10582,1.37,1.00
2016.12.28 08:23:12.309,9.10281,9.10592,1.37,1.00
2016.12.28 08:23:12.828,9.10276,9.10592,1.37,1.00
2016.12.28 08:23:12.929,9.10276,9.10592,1.75,1.00
2016.12.28 08:23:13.267,9.10276,9.10582,1.75,1.00
2016.12.28 08:23:13.318,9.10276,9.10582,1.37,1.00
2016.12.28 08:23:13.369,9.10276,9.10572,1.72,1.00
2016.12.28 08:23:13.521,9.10276,9.10582,1.37,1.00
2016.12.28 08:23:13.572,9.10276,9.10562,1.37,1.00
2016.12.28 08:23:13.850,9.10276,9.10582,1.75,1.00
2016.12.28 08:23:13.901,9.10257,9.10572,1.75,1.00
2016.12.28 08:23:13.951,9.10257,9.10582,1.75,1.00
2016.12.28 08:23:14.204,9.10256,9.10573,1.75,1.00
2016.12.28 08:23:14.255,9.10257,9.10582,1.75,1.00
2016.12.28 08:23:14.356,9.10257,9.10602,1.75,1.37
2016.12.28 08:23:15.155,9.10265,9.10582,1.37,1.00
2016.12.28 08:23:15.306,9.10265,9.10602,1.37,1.37
2016.12.28 08:23:15.357,9.10265,9.10582,1.37,1.00
2016.12.28 08:23:15.506,9.10265,9.10592,1.37,1.37
2016.12.28 08:23:15.780,9.10265,9.10582,1.37,1.00
2016.12.28 08:23:16.006,9.10265,9.10602,1.37,1.37
2016.12.28 08:23:16.192,9.10264,9.10583,1.37,1.00
2016.12.28 08:23:16.394,9.10265,9.10592,1.37,1.37
2016.12.28 08:23:16.687,9.10265,9.10582,1.37,1.00
2016.12.28 08:23:16.811,9.10265,9.10592,1.37,1.37
2016.12.28 08:23:17.078,9.10265,9.10582,1.37,1.00
2016.12.28 08:23:17.129,9.10265,9.10602,1.37,1.37
2016.12.28 08:23:17.242,9.10265,9.10582,1.37,1.00
2016.12.28 08:23:17.343,9.10265,9.10602,1.37,1.37
2016.12.28 08:23:17.460,9.10265,9.10582,1.37,1.00
2016.12.28 08:23:17.511,9.10265,9.10602,1.37,1.37
2016.12.28 08:23:18.013,9.10265,9.10582,1.37,1.00
2016.12.28 08:23:18.325,9.10265,9.10592,1.37,1.37
2016.12.28 08:23:19.237,9.10265,9.10582,1.37,1.00
2016.12.28 08:23:19.288,9.10265,9.10602,1.37,1.37
2016.12.28 08:23:19.417,9.10264,9.10583,1.37,1.00
2016.12.28 08:23:19.518,9.10265,9.10602,1.37,1.37
2016.12.28 08:23:19.901,9.10273,9.10582,1.37,1.00
2016.12.28 08:23:19.952,9.10273,9.10602,1.37,1.37
2016.12.28 08:23:20.635,9.10272,9.10603,1.37,1.37
2016.12.28 08:23:20.736,9.10273,9.10582,1.37,1.00
2016.12.28 08:23:20.787,9.10273,9.10602,1.37,1.37
2016.12.28 08:23:21.258,9.10272,9.10583,1.37,1.00
2016.12.28 08:23:21.376,9.10273,9.10602,1.37,1.37
2016.12.28 08:23:21.477,9.10273,9.10582,1.37,1.00
2016.12.28 08:23:21.579,9.10273,9.10592,1.37,1.37
2016.12.28 08:23:21.831,9.10273,9.10582,1.37,1.00
2016.12.28 08:23:21.983,9.10273,9.10602,1.37,1.37
2016.12.28 08:23:22.034,9.10273,9.10582,1.37,1.00
2016.12.28 08:23:22.212,9.10273,9.10602,1.37,1.37
2016.12.28 08:23:22.480,9.10272,9.10583,1.37,1.00
2016.12.28 08:23:22.633,9.10273,9.10592,1.37,1.37
2016.12.28 08:23:23.147,9.10273,9.10582,1.37,1.00
2016.12.28 08:23:23.262,9.10273,9.10602,1.37,1.37
2016.12.28 08:23:23.514,9.10273,9.10582,1.37,1.00
2016.12.28 08:23:23.565,9.10272,9.10603,1.37,1.37
2016.12.28 08:23:23.916,9.10273,9.10582,1.37,1.00
2016.12.28 08:23:24.017,9.10273,9.10602,1.37,1.37
2016.12.28 08:23:24.173,9.10273,9.10582,1.37,1.00
2016.12.28 08:23:24.224,9.10273,9.10602,1.37,1.37
2016.12.28 08:23:25.306,9.10273,9.10582,1.37,1.00
2016.12.28 08:23:25.452,9.10273,9.10602,1.37,1.37
2016.12.28 08:23:25.657,9.10272,9.10583,1.37,1.00
2016.12.28 08:23:25.708,9.10273,9.10592,1.37,1.37
2016.12.28 08:23:25.877,9.10273,9.10582,1.37,1.00
2016.12.28 08:23:26.097,9.10273,9.10602,1.37,1.37
2016.12.28 08:23:26.198,9.10273,9.10582,1.37,1.00
2016.12.28 08:23:26.417,9.10273,9.10602,1.37,1.37
2016.12.28 08:23:27.127,9.1028,9.10604,1.00,1.50
2016.12.28 08:23:29.103,9.10279,9.10603,1.00,1.37
2016.12.28 08:23:29.656,9.1028,9.10612,1.00,1.75
2016.12.28 08:23:30.045,9.1028,9.10602,1.37,1.37
2016.12.28 08:23:30.297,9.1028,9.10602,1.37,1.00
2016.12.28 08:23:30.449,9.1028,9.10592,1.00,1.00
2016.12.28 08:23:30.656,9.1028,9.10602,1.00,1.00
2016.12.28 08:23:30.759,9.1028,9.10592,1.00,1.00
2016.12.28 08:23:30.862,9.1028,9.10602,1.00,1.00
2016.12.28 08:23:30.913,9.1028,9.10592,1.00,1.00
2016.12.28 08:23:31.323,9.1028,9.10602,1.00,1.00
2016.12.28 08:23:32.312,9.10279,9.10603,1.00,1.00
2016.12.28 08:23:32.413,9.1028,9.10592,1.00,1.00
2016.12.28 08:23:32.464,9.1028,9.10602,1.00,1.00
2016.12.28 08:23:32.858,9.1028,9.10582,1.00,1.00
2016.12.28 08:23:32.910,9.1028,9.10602,1.00,1.00
2016.12.28 08:23:33.079,9.1028,9.10582,1.00,1.00
2016.12.28 08:23:33.130,9.1028,9.10602,1.00,1.00
2016.12.28 08:23:33.294,9.10274,9.10592,1.75,1.00
2016.12.28 08:23:33.624,9.10274,9.10572,1.75,1.00
2016.12.28 08:23:33.930,9.10263,9.10552,1.50,1.00
2016.12.28 08:23:33.981,9.10263,9.10562,1.50,1.00
2016.12.28 08:23:34.168,9.10263,9.10542,1.50,1.00
2016.12.28 08:23:34.269,9.10246,9.10542,1.00,1.00
2016.12.28 08:23:34.371,9.10246,9.10552,1.00,1.00
2016.12.28 08:23:34.422,9.10239,9.10552,1.12,1.00
2016.12.28 08:23:34.523,9.10239,9.10562,1.12,1.00
2016.12.28 08:23:34.574,9.10231,9.10562,1.75,1.00
2016.12.28 08:23:34.877,9.10223,9.10542,1.00,1.00
2016.12.28 08:23:35.397,9.10212,9.10542,1.37,1.00
2016.12.28 08:23:35.668,9.10206,9.10542,1.37,1.37
2016.12.28 08:23:35.832,9.10201,9.10532,1.75,1.00
2016.12.28 08:23:35.883,9.10201,9.10542,1.75,1.37
2016.12.28 08:23:36.045,9.10201,9.10532,1.37,1.00
2016.12.28 08:23:36.096,9.10201,9.10522,1.37,1.00
2016.12.28 08:23:36.147,9.10201,9.10532,1.00,1.00
2016.12.28 08:23:36.313,9.10196,9.10532,1.00,1.00
2016.12.28 08:23:36.363,9.10196,9.10522,1.00,1.00
2016.12.28 08:23:36.465,9.10174,9.10512,1.30,1.00
2016.12.28 08:23:36.566,9.10184,9.10499,1.00,1.00
2016.12.28 08:23:37.040,9.10163,9.10499,1.87,1.00
2016.12.28 08:23:37.203,9.10154,9.10499,1.12,1.37
2016.12.28 08:23:39.037,9.10153,9.10499,1.75,1.37
2016.12.28 08:23:39.584,9.10154,9.10496,1.75,1.37
2016.12.28 08:23:40.184,9.10153,9.10497,1.75,1.37
2016.12.28 08:23:40.728,9.10154,9.10496,1.75,1.37
2016.12.28 08:23:44.741,9.10153,9.10497,1.75,1.37
2016.12.28 08:23:45.403,9.10154,9.10496,1.75,1.37
2016.12.28 08:23:47.266,9.10153,9.10497,1.75,1.37
2016.12.28 08:23:47.809,9.10154,9.10496,1.75,1.37
2016.12.28 08:23:49.754,9.10153,9.10496,1.12,1.37
2016.12.28 08:23:50.422,9.10154,9.10496,1.12,1.37
2016.12.28 08:23:50.523,9.10147,9.10496,1.75,1.37
2016.12.28 08:23:51.129,9.10147,9.10486,1.75,1.00
2016.12.28 08:23:51.632,9.10146,9.10487,1.75,1.00
2016.12.28 08:23:52.137,9.10147,9.10486,1.75,1.00
2016.12.28 08:23:52.643,9.10144,9.10489,1.00,1.75
2016.12.28 08:23:52.694,9.10142,9.10474,1.15,1.00
2016.12.28 08:23:53.547,9.10142,9.10466,1.15,1.00
2016.12.28 08:23:59.325,9.10142,9.10467,1.15,1.00
2016.12.28 08:23:59.857,9.10142,9.10466,1.15,1.00
2016.12.28 08:24:00.191,9.10142,9.10456,1.15,1.00
2016.12.28 08:24:00.584,9.10142,9.10436,1.15,1.00
2016.12.28 08:24:00.839,9.10142,9.10446,1.15,1.00
2016.12.28 08:24:00.950,9.10142,9.10446,1.00,1.00
2016.12.28 08:24:01.174,9.10142,9.10456,1.00,1.00
2016.12.28 08:24:01.285,9.10128,9.10456,1.72,1.00
2016.12.28 08:24:01.386,9.10128,9.10451,1.37,1.00
2016.12.28 08:24:02.134,9.10128,9.10436,1.37,1.00
2016.12.28 08:24:02.803,9.10119,9.10446,1.90,1.00
2016.12.28 08:24:03.197,9.10119,9.10451,1.90,1.00
2016.12.28 08:24:03.299,9.10118,9.10437,1.90,1.00
2016.12.28 08:24:03.461,9.10119,9.10451,1.90,1.00
2016.12.28 08:24:03.982,9.10128,9.10426,1.37,1.00
2016.12.28 08:24:04.516,9.10127,9.10417,1.37,1.00
2016.12.28 08:24:04.651,9.10138,9.10436,1.00,1.00
2016.12.28 08:24:05.026,9.10138,9.10446,1.00,1.00
2016.12.28 08:24:05.517,9.10138,9.10426,1.00,1.00
2016.12.28 08:24:05.870,9.10127,9.10427,1.37,1.00
2016.12.28 08:24:06.319,9.10128,9.10446,1.37,1.00
2016.12.28 08:24:06.370,9.10138,9.10446,1.00,1.00
2016.12.28 08:24:06.856,9.10138,9.10416,1.00,1.00
2016.12.28 08:24:16.079,9.10148,9.10416,1.00,1.00
2016.12.28 08:24:16.382,9.10148,9.10406,1.00,1.00
2016.12.28 08:24:16.702,9.10148,9.10396,1.00,1.00
2016.12.28 08:24:16.803,9.10128,9.10396,1.00,1.00
2016.12.28 08:24:16.854,9.10128,9.10406,1.00,1.00
2016.12.28 08:24:17.160,9.10128,9.10416,1.00,1.00
2016.12.28 08:24:17.364,9.10128,9.10406,1.00,1.00
2016.12.28 08:24:18.110,9.10127,9.10427,1.00,1.00
2016.12.28 08:24:18.609,9.10128,9.10406,1.00,1.00
2016.12.28 08:24:18.812,9.10118,9.10406,1.00,1.00
2016.12.28 08:24:19.274,9.10127,9.10407,1.00,1.00
2016.12.28 08:24:19.798,9.10128,9.10406,1.00,1.00
2016.12.28 08:24:20.242,9.10128,9.10396,1.00,1.00
2016.12.28 08:24:20.343,9.10118,9.10396,1.00,1.00
2016.12.28 08:24:20.756,9.10118,9.10416,1.00,1.00
2016.12.28 08:24:21.249,9.10118,9.10396,1.00,1.00
2016.12.28 08:24:21.564,9.10118,9.10376,1.00,1.00
2016.12.28 08:24:21.615,9.10098,9.10376,1.00,1.00
2016.12.28 08:24:22.016,9.10118,9.10376,1.00,1.00
2016.12.28 08:24:22.211,9.10118,9.10396,1.00,1.00
2016.12.28 08:24:22.413,9.10098,9.10396,1.00,1.00
2016.12.28 08:24:22.876,9.10108,9.10396,1.00,1.00
2016.12.28 08:24:23.211,9.10108,9.10406,1.00,1.00
2016.12.28 08:24:24.101,9.10107,9.10426,1.00,1.00
2016.12.28 08:24:24.217,9.10108,9.10406,1.00,1.00
2016.12.28 08:24:24.650,9.10107,9.10387,1.00,1.00
2016.12.28 08:24:25.291,9.10108,9.10386,1.00,1.00
2016.12.28 08:24:26.132,9.10108,9.10396,1.00,1.00
2016.12.28 08:24:26.972,9.10107,9.10417,1.00,1.00
2016.12.28 08:24:27.242,9.10128,9.10416,1.00,1.00
2016.12.28 08:24:27.293,9.10108,9.10426,1.00,1.00
2016.12.28 08:24:27.849,9.10108,9.10426,1.37,1.50
2016.12.28 08:24:28.223,9.10108,9.10406,1.37,1.00
2016.12.28 08:24:28.395,9.10108,9.10406,1.00,1.00
2016.12.28 08:24:28.797,9.10108,9.10386,1.00,1.00
2016.12.28 08:24:29.165,9.10108,9.10406,1.00,1.00
2016.12.28 08:24:29.216,9.10108,9.10416,1.00,1.00
2016.12.28 08:24:29.653,9.10108,9.10396,1.00,1.00
2016.12.28 08:24:30.423,9.10107,9.10387,1.00,1.00
2016.12.28 08:24:31.903,9.10108,9.10396,1.00,1.00
2016.12.28 08:24:32.318,9.10118,9.10396,1.00,1.00
2016.12.28 08:24:33.879,9.10138,9.10396,1.00,1.00
2016.12.28 08:24:33.931,9.10138,9.10406,1.00,1.00
2016.12.28 08:24:34.445,9.10138,9.10386,1.00,1.00
2016.12.28 08:24:34.757,9.10138,9.10396,1.00,1.00
2016.12.28 08:24:34.912,9.10128,9.10406,1.00,1.00
2016.12.28 08:24:35.148,9.10127,9.10397,1.00,1.00
2016.12.28 08:24:36.077,9.10128,9.10396,1.00,1.00
2016.12.28 08:24:37.276,9.10127,9.10397,1.00,1.00
2016.12.28 08:24:37.820,9.10118,9.10396,1.00,1.00
2016.12.28 08:24:37.871,9.10118,9.10412,1.00,1.00
2016.12.28 08:24:38.420,9.10117,9.10413,1.00,1.00
2016.12.28 08:24:38.858,9.10118,9.10396,1.00,1.00
2016.12.28 08:24:39.023,9.10108,9.10406,1.00,1.00
2016.12.28 08:24:39.488,9.10118,9.10406,1.00,1.00
2016.12.28 08:24:39.797,9.10118,9.10396,1.00,1.00
2016.12.28 08:24:41.137,9.10108,9.10386,1.00,1.00
2016.12.28 08:24:41.497,9.10128,9.10386,1.00,1.00
2016.12.28 08:24:41.658,9.10127,9.10407,1.00,1.00
2016.12.28 08:24:42.092,9.10128,9.10386,1.00,1.00
2016.12.28 08:24:42.143,9.10128,9.10396,1.00,1.00
2016.12.28 08:24:42.557,9.10128,9.10406,1.00,1.00
2016.12.28 08:24:43.055,9.10128,9.10396,1.00,1.00
2016.12.28 08:24:45.276,9.10137,9.10397,1.00,1.00
2016.12.28 08:24:45.326,9.10138,9.10406,1.00,1.00
2016.12.28 08:24:46.269,9.10137,9.10407,1.00,1.00
2016.12.28 08:24:46.812,9.10138,9.10406,1.00,1.00
2016.12.28 08:24:53.969,9.10138,9.10424,1.00,1.00
2016.12.28 08:24:54.953,9.10137,9.10424,1.00,1.00
2016.12.28 08:24:55.004,9.10138,9.10416,1.00,1.00
2016.12.28 08:24:55.565,9.10138,9.10424,1.00,1.00
2016.12.28 08:24:56.212,9.10137,9.10417,1.00,1.00
2016.12.28 08:24:56.736,9.10138,9.10416,1.00,1.00
2016.12.28 08:24:57.042,9.10138,9.10396,1.00,1.00
2016.12.28 08:24:57.439,9.10138,9.10416,1.00,1.00
2016.12.28 08:24:58.854,9.10148,9.10416,1.00,1.00
2016.12.28 08:24:59.665,9.10148,9.10424,1.00,1.00
2016.12.28 08:24:59.956,9.10148,9.10432,1.00,1.00
2016.12.28 08:25:00.120,9.10138,9.10432,1.00,1.00
2016.12.28 08:25:00.670,9.10138,9.10416,1.00,1.00
2016.12.28 08:25:02.136,9.10138,9.10426,1.00,1.00
2016.12.28 08:25:02.309,9.10128,9.10426,1.00,1.00
2016.12.28 08:25:02.411,9.10128,9.10432,1.00,1.00
2016.12.28 08:25:02.758,9.10138,9.10432,1.00,1.00
2016.12.28 08:25:03.073,9.10138,9.10426,1.00,1.00
2016.12.28 08:25:03.471,9.10138,9.10416,1.00,1.00
2016.12.28 08:25:10.458,9.10148,9.10406,1.00,1.00
2016.12.28 08:25:10.509,9.10148,9.10416,1.00,1.00
2016.12.28 08:25:10.995,9.10148,9.10406,1.00,1.00
2016.12.28 08:25:11.460,9.10148,9.10416,1.00,1.00
2016.12.28 08:25:12.496,9.10148,9.10426,1.00,1.00
2016.12.28 08:25:12.731,9.10128,9.10426,1.00,1.00
2016.12.28 08:25:13.180,9.10148,9.10426,1.00,1.00
2016.12.28 08:25:13.231,9.10148,9.10432,1.00,1.00
2016.12.28 08:25:13.460,9.10148,9.10426,1.00,1.00
2016.12.28 08:25:13.768,9.10148,9.10416,1.00,1.00
2016.12.28 08:25:13.957,9.10116,9.10416,1.34,1.00
2016.12.28 08:25:14.058,9.10116,9.10444,1.34,1.37
2016.12.28 08:25:14.160,9.10115,9.10444,1.71,1.00
2016.12.28 08:25:14.564,9.10104,9.10444,1.67,1.00
2016.12.28 08:25:15.093,9.10098,9.10444,1.24,1.00
2016.12.28 08:25:15.788,9.10094,9.10444,1.61,1.37
2016.12.28 08:25:19.726,9.10094,9.10437,1.61,1.37
2016.12.28 08:25:20.244,9.10094,9.10436,1.61,1.37
2016.12.28 08:25:21.977,9.1008,9.10424,1.24,1.00
2016.12.28 08:25:28.466,9.1008,9.10429,1.24,1.00
2016.12.28 08:25:30.161,9.1008,9.10426,1.24,1.00
2016.12.28 08:25:32.561,9.1008,9.10429,1.24,1.00
2016.12.28 08:25:35.366,9.1008,9.10426,1.24,1.00
2016.12.28 08:25:35.416,9.1008,9.10429,1.24,1.00
2016.12.28 08:25:35.926,9.1008,9.10426,1.24,1.00
2016.12.28 08:25:36.374,9.1008,9.10429,1.24,1.00
2016.12.28 08:25:36.809,9.1008,9.10426,1.24,1.00
2016.12.28 08:25:37.216,9.1008,9.10416,1.24,1.00
2016.12.28 08:25:37.741,9.1008,9.10406,1.24,1.00
2016.12.28 08:25:37.792,9.1008,9.10426,1.24,1.00
2016.12.28 08:25:37.843,9.1008,9.10429,1.24,1.00
2016.12.28 08:25:38.365,9.1008,9.10426,1.24,1.00
2016.12.28 08:25:39.774,9.1008,9.10429,1.24,1.00
2016.12.28 08:25:39.926,9.1008,9.10426,1.24,1.00
2016.12.28 08:25:39.976,9.1008,9.10429,1.24,1.00
2016.12.28 08:25:40.441,9.1008,9.10416,1.24,1.00
2016.12.28 08:25:40.897,9.1008,9.10429,1.24,1.00
2016.12.28 08:25:41.555,9.1008,9.10429,1.24,1.00
2016.12.28 08:25:42.056,9.1008,9.10406,1.24,1.00
2016.12.28 08:25:43.451,9.1008,9.10396,1.24,1.00
2016.12.28 08:25:43.794,9.1008,9.10427,1.24,1.00
2016.12.28 08:25:43.845,9.10079,9.10427,1.49,1.37
2016.12.28 08:25:44.395,9.10079,9.10426,1.49,1.37
2016.12.28 08:25:44.831,9.10079,9.10429,1.99,1.00
2016.12.28 08:25:48.536,9.10079,9.10427,1.24,1.00
2016.12.28 08:25:51.019,9.10079,9.10427,1.24,1.00
2016.12.28 08:25:51.562,9.10079,9.10427,1.24,1.00
2016.12.28 08:25:52.252,9.10079,9.10426,1.24,1.00
2016.12.28 08:25:52.777,9.10079,9.10427,1.24,1.00
2016.12.28 08:25:59.196,9.10079,9.10427,1.24,1.00
2016.12.28 08:26:00.214,9.10079,9.10427,1.24,1.00
2016.12.28 08:26:08.564,9.10097,9.10436,1.24,1.00
2016.12.28 08:26:23.205,9.10097,9.10436,1.24,1.00
2016.12.28 08:26:23.758,9.10097,9.10436,1.24,1.00
2016.12.28 08:26:28.471,9.10097,9.10431,1.24,1.00
2016.12.28 08:26:48.456,9.10096,9.10428,1.24,1.00
2016.12.28 08:26:56.694,9.10096,9.10427,1.24,1.00
2016.12.28 08:26:57.621,9.10096,9.10428,1.24,1.00
2016.12.28 08:26:58.170,9.10096,9.10426,1.24,1.00
2016.12.28 08:26:58.221,9.10078,9.10428,1.86,1.00
2016.12.28 08:26:58.272,9.1008,9.10428,1.67,1.00
2016.12.28 08:26:58.774,9.10078,9.10428,1.86,1.00
2016.12.28 08:26:59.205,9.10078,9.10426,1.86,1.00
2016.12.28 08:27:00.119,9.10078,9.10428,1.86,1.00
2016.12.28 08:27:00.643,9.10078,9.10427,1.86,1.00
2016.12.28 08:27:01.179,9.10078,9.10428,1.86,1.00
2016.12.28 08:27:01.232,9.10078,9.10426,1.86,1.00
2016.12.28 08:27:04.030,9.10083,9.10352,1.56,2.10
2016.12.28 08:27:04.080,9.10078,9.10352,1.72,2.10
2016.12.28 08:27:04.131,9.10078,9.10352,1.00,2.10
2016.12.28 08:27:04.182,9.10054,9.10346,1.37,1.60
2016.12.28 08:27:04.325,9.10054,9.10346,1.00,1.60
2016.12.28 08:27:04.375,9.10016,9.10346,1.67,1.60
2016.12.28 08:27:04.628,9.10017,9.10326,1.37,1.60
2016.12.28 08:27:04.679,9.10017,9.10326,1.19,1.60
2016.12.28 08:27:04.831,9.10017,9.10306,1.30,1.60
2016.12.28 08:27:04.948,9.09995,9.10306,1.86,1.60
2016.12.28 08:27:05.187,9.10006,9.10296,1.05,1.60
2016.12.28 08:27:05.288,9.09992,9.10296,1.24,1.60
2016.12.28 08:27:05.339,9.09993,9.10296,1.67,1.60
2016.12.28 08:27:05.461,9.09992,9.10297,1.24,1.60
2016.12.28 08:27:05.613,9.09993,9.10296,1.67,1.60
2016.12.28 08:27:05.719,9.09992,9.10297,1.24,1.60
2016.12.28 08:27:06.015,9.09992,9.10297,1.24,1.60
2016.12.28 08:27:06.116,9.09995,9.10296,1.67,1.00
2016.12.28 08:27:06.167,9.09995,9.10286,1.67,1.00
2016.12.28 08:27:06.218,9.09992,9.10296,1.24,1.00
2016.12.28 08:27:06.269,9.10006,9.10296,1.42,1.00
2016.12.28 08:27:06.370,9.09992,9.10296,1.24,1.00
2016.12.28 08:27:06.577,9.10006,9.10296,1.42,1.60
2016.12.28 08:27:06.689,9.09992,9.10296,1.24,1.60
2016.12.28 08:27:06.755,9.09992,9.10296,1.24,1.35
2016.12.28 08:27:06.857,9.10006,9.10296,1.42,1.35
2016.12.28 08:27:06.918,9.09992,9.10297,1.24,1.60
2016.12.28 08:27:07.098,9.10006,9.10296,1.42,1.60
2016.12.28 08:27:07.205,9.09992,9.10296,1.24,1.60
2016.12.28 08:27:07.529,9.10005,9.10306,1.71,1.60
2016.12.28 08:27:07.580,9.10005,9.10306,1.67,1.60
2016.12.28 08:27:07.681,9.09992,9.10306,1.24,1.60
2016.12.28 08:27:07.983,9.09992,9.10306,1.24,1.60
2016.12.28 08:27:08.257,9.09992,9.10306,1.24,1.60
2016.12.28 08:27:08.359,9.10011,9.10306,1.30,1.60
2016.12.28 08:27:08.460,9.10011,9.10306,1.15,1.60
2016.12.28 08:27:08.511,9.10011,9.10306,1.15,1.60
2016.12.28 08:27:08.840,9.10011,9.10316,1.34,1.60
2016.12.28 08:27:09.050,9.09992,9.10316,1.24,1.60
2016.12.28 08:27:09.747,9.09992,9.10296,1.24,1.00
2016.12.28 08:27:10.105,9.09992,9.10336,1.24,1.00
2016.12.28 08:27:10.156,9.10027,9.10342,1.00,1.37
2016.12.28 08:27:10.675,9.10027,9.10342,1.00,1.00
2016.12.28 08:27:10.786,9.10027,9.10336,1.00,1.00
2016.12.28 08:27:10.887,9.10027,9.10342,1.00,1.00
2016.12.28 08:27:11.206,9.10027,9.10342,1.37,1.00
2016.12.28 08:27:11.358,9.10027,9.10363,1.37,1.00
2016.12.28 08:27:16.853,9.10038,9.10363,1.00,1.00
2016.12.28 08:27:17.395,9.10037,9.10363,1.12,1.00
2016.12.28 08:27:18.292,9.10038,9.10363,1.00,1.00
2016.12.28 08:27:20.042,9.10041,9.10363,1.00,1.00
2016.12.28 08:27:20.558,9.10049,9.10363,1.00,1.00
2016.12.28 08:27:20.861,9.10049,9.10363,1.19,1.00
2016.12.28 08:27:22.120,9.10045,9.10363,1.19,1.00
2016.12.28 08:27:22.631,9.10046,9.10363,1.19,1.00
2016.12.28 08:27:23.047,9.10146,9.10363,1.60,1.00
2016.12.28 08:27:23.098,9.10145,9.10418,1.60,1.75
2016.12.28 08:27:23.150,9.1018,9.10418,1.75,1.00
2016.12.28 08:27:23.250,9.1018,9.10418,1.75,1.00
2016.12.28 08:27:23.301,9.10193,9.10496,1.37,1.00
2016.12.28 08:27:23.351,9.10178,9.10496,1.30,1.00
2016.12.28 08:27:23.402,9.10166,9.10516,1.86,1.00
2016.12.28 08:27:23.655,9.10181,9.10516,1.09,1.00
2016.12.28 08:27:23.706,9.10178,9.10516,2.10,1.00
2016.12.28 08:27:24.106,9.10181,9.10476,1.09,1.00
2016.12.28 08:27:24.157,9.10181,9.10516,1.09,1.12
2016.12.28 08:27:28.538,9.10181,9.105,1.09,1.00
2016.12.28 08:27:33.492,9.10188,9.10486,1.56,1.00
2016.12.28 08:27:34.009,9.10188,9.105,1.56,1.00
2016.12.28 08:27:34.162,9.10188,9.10496,1.56,1.00
2016.12.28 08:27:34.364,9.10181,9.105,1.09,1.00
2016.12.28 08:27:46.303,9.10181,9.105,1.09,1.60
2016.12.28 08:27:46.405,9.10163,9.105,1.05,1.60
2016.12.28 08:27:46.507,9.10163,9.105,1.24,1.60
2016.12.28 08:27:46.857,9.1015,9.105,1.30,1.60
2016.12.28 08:27:47.301,9.1015,9.10486,1.49,1.00
2016.12.28 08:27:47.605,9.10157,9.10497,1.05,1.60
2016.12.28 08:27:47.793,9.10157,9.10496,1.24,1.60
2016.12.28 08:27:48.136,9.10157,9.10486,1.24,1.00
2016.12.28 08:27:48.470,9.10157,9.10476,1.24,1.00
2016.12.28 08:27:48.571,9.10157,9.10486,1.05,1.00
2016.12.28 08:27:49.083,9.10158,9.10456,1.67,1.00
2016.12.28 08:27:49.284,9.10157,9.10466,1.24,1.00
2016.12.28 08:27:49.335,9.10157,9.10467,1.05,1.00
2016.12.28 08:27:49.436,9.10157,9.10486,1.24,1.00
2016.12.28 08:27:49.865,9.10157,9.10496,1.05,1.60
2016.12.28 08:27:50.336,9.10157,9.10486,1.05,1.00
2016.12.28 08:27:50.946,9.10157,9.10466,1.24,1.00
2016.12.28 08:27:52.911,9.10148,9.10456,1.80,1.00
2016.12.28 08:27:53.044,9.10148,9.10476,1.49,1.00
2016.12.28 08:27:53.247,9.10151,9.10487,1.24,1.00
2016.12.28 08:27:53.748,9.10151,9.10476,1.24,1.00
2016.12.28 08:27:53.946,9.10151,9.10486,1.24,1.00
2016.12.28 08:27:54.629,9.10151,9.10496,1.05,1.60
2016.12.28 08:27:55.030,9.10151,9.10496,1.24,1.00
2016.12.28 08:27:55.132,9.10158,9.10466,1.67,1.00
2016.12.28 08:27:56.219,9.10151,9.10486,1.24,1.00
2016.12.28 08:27:57.810,9.10151,9.10496,1.24,1.60
2016.12.28 08:27:57.861,9.10151,9.10496,1.05,1.60
2016.12.28 08:27:58.256,9.10151,9.10496,1.24,1.60
2016.12.28 08:27:58.306,9.10151,9.10486,1.24,1.00
2016.12.28 08:28:00.363,9.10151,9.10496,1.24,1.60
2016.12.28 08:28:00.941,9.10151,9.10486,1.24,1.00
2016.12.28 08:28:02.299,9.10162,9.10472,1.71,1.60
2016.12.28 08:28:02.350,9.10163,9.10466,1.52,1.60
2016.12.28 08:28:02.451,9.10163,9.10466,1.71,1.60
2016.12.28 08:28:02.603,9.10163,9.10466,1.52,1.60
2016.12.28 08:28:02.704,9.10163,9.10466,1.71,1.60
2016.12.28 08:28:02.876,9.10163,9.10446,1.52,1.60
2016.12.28 08:28:02.927,9.10163,9.10446,1.71,1.60
2016.12.28 08:28:03.301,9.10163,9.10456,1.71,1.60
2016.12.28 08:28:03.352,9.10163,9.10456,1.52,1.60
2016.12.28 08:28:03.453,9.10163,9.10456,1.71,1.60
2016.12.28 08:28:03.781,9.10163,9.10446,1.71,1.60
2016.12.28 08:28:03.832,9.10163,9.10446,1.52,1.60
2016.12.28 08:28:03.882,9.10163,9.10446,1.71,1.60
2016.12.28 08:28:04.108,9.10163,9.10446,1.52,1.60
2016.12.28 08:28:04.170,9.10163,9.10446,1.71,1.60
2016.12.28 08:28:04.523,9.10163,9.10456,1.71,1.60
2016.12.28 08:28:04.574,9.10163,9.10456,1.52,1.60
2016.12.28 08:28:04.675,9.10163,9.10456,1.71,1.60
2016.12.28 08:28:04.857,9.10163,9.10456,1.52,1.60
2016.12.28 08:28:04.959,9.10163,9.10456,1.71,1.60
2016.12.28 08:28:05.361,9.10163,9.10456,1.52,1.60
2016.12.28 08:28:05.419,9.10163,9.10456,1.71,1.60
2016.12.28 08:28:05.573,9.10163,9.10456,1.52,1.60
2016.12.28 08:28:05.687,9.10163,9.10456,1.71,1.60
2016.12.28 08:28:06.320,9.10151,9.10457,1.05,1.60
2016.12.28 08:28:06.853,9.10132,9.10446,1.05,1.60
2016.12.28 08:28:07.411,9.10132,9.10426,1.05,1.00
2016.12.28 08:28:07.463,9.10128,9.10426,2.10,1.00
2016.12.28 08:28:07.514,9.10127,9.10427,1.71,1.00
2016.12.28 08:28:07.615,9.10127,9.10437,1.72,1.00
2016.12.28 08:28:07.717,9.10168,9.10436,1.00,1.00
2016.12.28 08:28:08.043,9.10168,9.10426,1.00,1.00
2016.12.28 08:28:08.359,9.10178,9.10426,1.00,1.00
2016.12.28 08:28:08.612,9.10178,9.10436,1.00,1.00
2016.12.28 08:28:09.208,9.10177,9.10447,1.00,1.00
2016.12.28 08:28:09.570,9.10178,9.10456,1.00,1.00
2016.12.28 08:28:09.621,9.10178,9.10461,1.00,1.00
2016.12.28 08:28:09.722,9.10178,9.10476,1.00,1.00
2016.12.28 08:28:10.057,9.10178,9.10456,1.00,1.00
2016.12.28 08:28:10.107,9.10168,9.10456,1.00,1.00
2016.12.28 08:28:10.483,9.10148,9.10485,1.57,1.00
2016.12.28 08:28:10.971,9.10148,9.10476,1.57,1.00
2016.12.28 08:28:11.489,9.10139,9.10485,1.24,1.00
2016.12.28 08:28:19.297,9.10139,9.10466,1.24,1.60
2016.12.28 08:28:19.399,9.10135,9.10467,1.71,1.60
2016.12.28 08:28:19.621,9.10125,9.10464,1.24,1.60
2016.12.28 08:28:20.062,9.10125,9.10464,1.05,1.60
2016.12.28 08:28:20.170,9.10114,9.10464,1.86,1.97
2016.12.28 08:28:20.274,9.10114,9.10464,1.86,1.97
2016.12.28 08:28:20.579,9.10114,9.10456,1.86,1.72
2016.12.28 08:28:21.112,9.10114,9.10446,1.86,1.00
2016.12.28 08:28:23.006,9.10114,9.10446,1.86,1.60
2016.12.28 08:28:24.756,9.10114,9.10446,1.86,1.35
2016.12.28 08:28:30.130,9.1011,9.10436,1.24,1.00
2016.12.28 08:28:33.121,9.1011,9.10446,1.24,1.00
2016.12.28 08:28:33.507,9.1011,9.10446,1.24,1.60
2016.12.28 08:28:34.112,9.1011,9.10446,1.24,1.00
2016.12.28 08:28:34.163,9.1011,9.10436,1.24,1.00
2016.12.28 08:28:35.529,9.1011,9.10447,1.24,1.60
2016.12.28 08:28:35.756,9.1011,9.10447,1.24,1.60
2016.12.28 08:28:36.057,9.1011,9.10436,1.24,1.00
2016.12.28 08:28:39.532,9.1011,9.10447,1.24,1.60
2016.12.28 08:28:39.758,9.1011,9.10447,1.24,1.60
2016.12.28 08:28:40.260,9.1011,9.10436,1.24,1.00
2016.12.28 08:28:40.765,9.1011,9.10446,1.24,1.60
2016.12.28 08:28:41.295,9.1011,9.10436,1.24,1.00
2016.12.28 08:28:41.792,9.1011,9.10446,1.24,1.60
2016.12.28 08:28:42.026,9.1011,9.10446,1.80,1.60
2016.12.28 08:28:42.127,9.10118,9.10436,1.05,1.00
2016.12.28 08:28:42.845,9.10117,9.10427,1.05,1.00
2016.12.28 08:28:42.896,9.10118,9.10436,1.05,1.00
2016.12.28 08:28:43.868,9.10118,9.10446,1.05,1.60
2016.12.28 08:28:44.025,9.10118,9.10436,1.05,1.00
2016.12.28 08:28:46.585,9.10118,9.10446,1.05,1.60
2016.12.28 08:28:47.834,9.10118,9.10446,1.05,1.60
2016.12.28 08:28:48.147,9.10118,9.10436,1.05,1.00
2016.12.28 08:28:49.806,9.10118,9.10446,1.05,1.60
2016.12.28 08:28:50.612,9.10118,9.10446,1.05,1.60
2016.12.28 08:28:51.300,9.10118,9.10446,1.05,1.60
2016.12.28 08:28:51.351,9.10118,9.10436,1.05,1.00
2016.12.28 08:28:52.056,9.10118,9.10426,1.05,1.00
2016.12.28 08:28:52.377,9.10117,9.10447,1.05,1.60
2016.12.28 08:28:52.593,9.10117,9.10447,1.05,1.60
2016.12.28 08:28:53.364,9.10118,9.10436,1.05,1.00
2016.12.28 08:28:55.525,9.10118,9.10436,1.05,1.60
2016.12.28 08:28:55.857,9.10118,9.10446,1.05,1.60
2016.12.28 08:28:57.046,9.10118,9.10446,1.05,1.60
2016.12.28 08:28:57.273,9.10117,9.10437,1.05,1.00
2016.12.28 08:28:58.345,9.10118,9.10426,1.05,1.00
2016.12.28 08:28:58.497,9.10118,9.10436,1.05,1.00
2016.12.28 08:29:00.056,9.1011,9.10436,1.05,1.60
2016.12.28 08:29:00.507,9.1011,9.10436,1.05,1.00
2016.12.28 08:29:01.737,9.1011,9.10446,1.05,1.60
2016.12.28 08:29:02.437,9.10102,9.10426,1.75,1.00
2016.12.28 08:29:02.488,9.10102,9.10426,1.37,1.00
2016.12.28 08:29:02.743,9.10098,9.1043,1.12,1.00
2016.12.28 08:29:02.794,9.10098,9.1043,1.27,1.00
2016.12.28 08:29:03.391,9.10098,9.1043,1.12,1.00
2016.12.28 08:29:04.353,9.10094,9.10406,1.27,1.00
2016.12.28 08:29:04.706,9.10091,9.10396,1.12,1.00
2016.12.28 08:29:05.120,9.1008,9.10396,1.00,1.75
2016.12.28 08:29:05.171,9.1008,9.10388,1.00,1.12
2016.12.28 08:29:05.222,9.10058,9.10396,1.37,1.75
2016.12.28 08:29:05.273,9.1006,9.10406,1.00,1.87
2016.12.28 08:29:05.323,9.1006,9.10336,1.00,1.00
2016.12.28 08:29:05.425,9.10025,9.10361,1.12,1.00
2016.12.28 08:29:05.526,9.10032,9.10366,1.90,1.12
2016.12.28 08:29:06.033,9.10032,9.10346,1.90,1.00
2016.12.28 08:29:06.184,9.10033,9.10356,1.90,1.00
2016.12.28 08:29:06.387,9.10032,9.10357,1.37,1.00
2016.12.28 08:29:06.488,9.10033,9.10346,1.37,1.00
2016.12.28 08:29:16.348,9.10033,9.10346,1.75,1.00
2016.12.28 08:29:19.588,9.10022,9.10346,1.30,1.00
2016.12.28 08:29:19.909,9.10025,9.10336,1.05,1.00
2016.12.28 08:29:23.387,9.10025,9.10336,1.50,1.00
2016.12.28 08:29:23.640,9.10013,9.10336,1.75,1.00
2016.12.28 08:29:23.977,9.09995,9.10336,1.30,1.00
2016.12.28 08:29:24.028,9.09995,9.10336,1.00,1.00
2016.12.28 08:29:24.079,9.0999,9.10336,1.90,1.37
2016.12.28 08:29:24.382,9.09988,9.1032,1.05,1.00
2016.12.28 08:29:24.688,9.09988,9.10296,1.05,1.00
2016.12.28 08:29:25.109,9.09968,9.10296,1.37,1.00
2016.12.28 08:29:25.564,9.09967,9.10276,1.67,1.00
2016.12.28 08:29:26.074,9.09957,9.10277,1.72,1.00
2016.12.28 08:29:26.308,9.09956,9.10276,1.67,1.00
2016.12.28 08:29:26.359,9.09946,9.10276,1.00,1.00
2016.12.28 08:29:26.460,9.09946,9.10286,1.00,1.75
2016.12.28 08:29:26.511,9.09934,9.10275,1.52,1.37
2016.12.28 08:29:27.017,9.09933,9.10257,1.37,1.00
2016.12.28 08:29:27.332,9.09933,9.10251,1.37,1.00
2016.12.28 08:29:27.663,9.09934,9.10236,1.37,1.00
2016.12.28 08:29:28.588,9.09934,9.10226,1.75,1.00
2016.12.28 08:29:28.791,9.09934,9.10226,1.75,1.00
2016.12.28 08:29:30.177,9.09934,9.10216,1.75,1.00
2016.12.28 08:29:31.389,9.09934,9.10206,1.37,1.00
2016.12.28 08:29:32.418,9.09888,9.10196,1.05,1.00
2016.12.28 08:29:36.659,9.09887,9.10207,1.05,1.00
2016.12.28 08:29:37.203,9.09884,9.10206,1.12,1.00
2016.12.28 08:29:37.648,9.09884,9.10196,1.12,1.00
2016.12.28 08:29:43.306,9.09884,9.10196,1.12,1.00
2016.12.28 08:29:43.610,9.09884,9.10196,1.12,1.00
2016.12.28 08:29:43.788,9.09884,9.10196,1.12,1.00
2016.12.28 08:29:44.128,9.09879,9.10196,1.27,1.00
2016.12.28 08:29:44.585,9.09879,9.10196,1.27,1.00
2016.12.28 08:29:44.789,9.09879,9.10196,1.27,1.00
2016.12.28 08:29:45.095,9.09879,9.10196,1.27,1.00
2016.12.28 08:29:51.105,9.09879,9.10186,1.27,1.00
2016.12.28 08:29:52.562,9.09879,9.10176,1.27,1.00
2016.12.28 08:29:53.529,9.09879,9.10186,1.27,1.00
2016.12.28 08:29:53.835,9.09879,9.10186,1.12,1.00
2016.12.28 08:29:54.519,9.09879,9.10187,1.12,1.00
2016.12.28 08:29:54.570,9.09879,9.10176,1.12,1.00
2016.12.28 08:29:55.122,9.09872,9.10177,1.27,1.00
2016.12.28 08:29:55.560,9.09872,9.10196,1.27,1.00
2016.12.28 08:29:57.890,9.09869,9.10186,1.27,1.00
2016.12.28 08:29:58.308,9.09862,9.10186,2.02,1.00
2016.12.28 08:29:58.359,9.09862,9.10186,1.50,1.00
2016.12.28 08:29:58.845,9.09862,9.10176,1.27,1.00
2016.12.28 08:29:59.148,9.09859,9.10176,1.75,1.00
2016.12.28 08:30:00.607,9.09867,9.10176,1.75,1.00
2016.12.28 08:30:01.146,9.09867,9.10176,1.75,1.00
2016.12.28 08:30:01.672,9.09866,9.10177,1.75,1.00
2016.12.28 08:30:02.212,9.09867,9.10176,1.75,1.00
2016.12.28 08:30:02.724,9.09867,9.10176,1.75,1.00
2016.12.28 08:30:03.207,9.0988,9.10186,1.37,1.00
2016.12.28 08:30:03.793,9.09868,9.10076,1.05,1.00
2016.12.28 08:30:03.844,9.09839,9.10076,3.75,1.00
2016.12.28 08:30:03.895,9.09814,9.10051,1.00,1.00
2016.12.28 08:30:03.946,9.09814,9.10051,1.37,1.00
2016.12.28 08:30:04.047,9.09794,9.10092,1.90,1.00
2016.12.28 08:30:04.098,9.09819,9.10096,1.50,1.00
2016.12.28 08:30:04.149,9.09831,9.10096,1.37,1.00
2016.12.28 08:30:04.418,9.09831,9.10136,1.90,1.00
2016.12.28 08:30:04.874,9.09849,9.10146,1.75,1.50
2016.12.28 08:30:04.925,9.09848,9.10129,1.12,1.00
2016.12.28 08:30:04.976,9.09855,9.10146,1.37,1.00
2016.12.28 08:30:05.556,9.09855,9.10146,1.00,1.00
2016.12.28 08:30:05.764,9.09875,9.10146,1.00,1.00
2016.12.28 08:30:05.815,9.09855,9.10146,1.00,1.00
2016.12.28 08:30:05.866,9.09855,9.10156,1.00,1.00
2016.12.28 08:30:06.147,9.09855,9.10156,1.30,1.50
2016.12.28 08:30:06.546,9.09991,9.10166,1.00,1.00
2016.12.28 08:30:06.597,9.0999,9.10204,1.00,1.75
2016.12.28 08:30:06.648,9.10003,9.10205,1.00,1.00
2016.12.28 08:30:06.699,9.09988,9.10236,1.30,1.00
2016.12.28 08:30:06.750,9.09983,9.10236,1.97,1.00
2016.12.28 08:30:07.059,9.10009,9.10236,1.35,1.00
2016.12.28 08:30:07.109,9.10009,9.10246,1.35,1.00
2016.12.28 08:30:07.160,9.10008,9.10257,1.60,1.00
2016.12.28 08:30:07.625,9.10009,9.10246,1.35,1.00
2016.12.28 08:30:07.727,9.10009,9.10266,1.35,1.50
2016.12.28 08:30:07.878,9.10009,9.10276,1.35,1.00
2016.12.28 08:30:08.208,9.10009,9.10266,1.35,1.00
2016.12.28 08:30:08.259,9.10009,9.10276,1.35,1.00
2016.12.28 08:30:08.309,9.10009,9.10266,1.35,1.00
2016.12.28 08:30:08.361,9.10008,9.10277,1.60,1.50
2016.12.28 08:30:08.941,9.10009,9.10276,1.35,1.50
2016.12.28 08:30:09.244,9.09984,9.10266,1.97,1.50
2016.12.28 08:30:09.585,9.09984,9.10256,1.97,1.50
2016.12.28 08:30:09.928,9.09984,9.10246,1.97,1.50
2016.12.28 08:30:10.029,9.09984,9.10256,1.97,1.00
2016.12.28 08:30:10.130,9.09984,9.10256,1.97,1.00
2016.12.28 08:30:10.433,9.09983,9.10247,1.97,1.50
2016.12.28 08:30:10.737,9.09984,9.10236,1.97,1.50
2016.12.28 08:30:11.858,9.09968,9.10236,1.37,1.50
2016.12.28 08:30:12.581,9.09968,9.10246,1.37,1.50
2016.12.28 08:30:13.167,9.09958,9.10226,1.37,1.00
2016.12.28 08:30:13.218,9.09958,9.10236,1.37,1.00
2016.12.28 08:30:13.583,9.09958,9.10216,1.37,1.00
2016.12.28 08:30:14.058,9.09938,9.10216,1.37,1.00
2016.12.28 08:30:14.109,9.09937,9.10227,1.37,1.00
2016.12.28 08:30:14.558,9.09938,9.10226,1.37,1.50
2016.12.28 08:30:14.854,9.09935,9.10236,1.37,1.00
2016.12.28 08:30:15.581,9.09935,9.10226,1.67,1.00
2016.12.28 08:30:15.884,9.09935,9.10236,1.37,1.00
2016.12.28 08:30:16.137,9.09934,9.10247,1.37,1.50
2016.12.28 08:30:16.356,9.09938,9.10226,1.37,1.00
2016.12.28 08:30:16.558,9.09935,9.10236,1.37,1.00
2016.12.28 08:30:16.920,9.09935,9.10246,1.37,1.50
2016.12.28 08:30:17.089,9.09935,9.10236,1.37,1.00
2016.12.28 08:30:17.426,9.09935,9.10226,1.37,1.00
2016.12.28 08:30:18.508,9.09935,9.10216,1.37,1.00
2016.12.28 08:30:19.146,9.09924,9.10216,1.95,1.50
2016.12.28 08:30:19.330,9.09924,9.10236,2.10,1.50
2016.12.28 08:30:19.790,9.09928,9.10216,1.05,1.00
2016.12.28 08:30:20.229,9.09928,9.10206,1.05,1.00
2016.12.28 08:30:20.592,9.09921,9.10217,1.90,1.00
2016.12.28 08:30:21.213,9.09922,9.10216,1.90,1.50
2016.12.28 08:30:21.263,9.09922,9.10206,1.90,1.00
2016.12.28 08:30:21.566,9.09922,9.10216,1.90,1.00
2016.12.28 08:30:22.464,9.09927,9.10207,1.75,1.00
2016.12.28 08:30:22.768,9.09922,9.10216,1.90,1.50
2016.12.28 08:30:23.102,9.09922,9.10226,1.90,1.50
2016.12.28 08:30:23.518,9.09922,9.10206,1.90,1.00
2016.12.28 08:30:23.720,9.09922,9.10226,1.90,1.00
2016.12.28 08:30:24.449,9.09925,9.10236,1.75,1.00
2016.12.28 08:30:25.002,9.09927,9.10237,1.05,1.50
2016.12.28 08:30:25.121,9.09928,9.10226,1.05,1.00
2016.12.28 08:30:25.952,9.09927,9.10227,1.05,1.50
2016.12.28 08:30:26.960,9.09928,9.10226,1.05,1.50
2016.12.28 08:30:27.490,9.09927,9.10227,1.05,1.50
2016.12.28 08:30:28.043,9.09934,9.10226,1.37,1.00
2016.12.28 08:30:28.548,9.09921,9.10227,1.90,1.00
2016.12.28 08:30:29.088,9.09937,9.10226,1.37,1.00
2016.12.28 08:30:30.180,9.09937,9.10236,1.37,1.00
2016.12.28 08:30:30.685,9.09921,9.10237,1.90,1.50
2016.12.28 08:30:31.145,9.09922,9.10226,1.90,1.00
2016.12.28 08:30:32.139,9.09933,9.10236,1.52,1.00
2016.12.28 08:30:32.291,9.09933,9.10246,1.52,1.50
2016.12.28 08:30:34.256,9.09936,9.10246,1.12,1.00
2016.12.28 08:30:34.692,9.09938,9.10254,1.05,1.00
2016.12.28 08:30:34.844,9.0995,9.10259,1.50,1.00
2016.12.28 08:30:35.098,9.09964,9.10271,1.37,1.00
2016.12.28 08:30:35.756,9.09951,9.10277,1.37,1.37
2016.12.28 08:30:35.861,9.09951,9.10269,1.37,1.00
2016.12.28 08:30:36.191,9.09951,9.10277,1.37,1.37
2016.12.28 08:30:36.737,9.09961,9.10277,1.37,1.00
2016.12.28 08:30:37.543,9.09968,9.10276,1.75,1.00
2016.12.28 08:30:37.876,9.09968,9.10266,1.75,1.00
2016.12.28 08:30:38.057,9.09968,9.10277,1.75,1.00
2016.12.28 08:30:38.259,9.09961,9.10282,1.90,1.00
2016.12.28 08:30:38.361,9.09961,9.10282,1.90,1.00
2016.12.28 08:30:38.558,9.0996,9.10237,1.90,1.00
2016.12.28 08:30:38.659,9.09959,9.10254,1.27,1.00
2016.12.28 08:30:38.963,9.09959,9.10266,2.02,1.00
2016.12.28 08:30:39.777,9.0996,9.10266,1.90,1.00
2016.12.28 08:30:40.137,9.09968,9.10256,1.75,1.00
2016.12.28 08:30:40.460,9.09968,9.10246,1.75,1.00
2016.12.28 08:30:40.869,9.09988,9.10266,1.37,1.00
2016.12.28 08:30:40.920,9.09988,9.10276,1.37,1.00
2016.12.28 08:30:41.916,9.09989,9.10266,1.37,1.00
2016.12.28 08:30:42.374,9.09988,9.10246,1.37,1.00
2016.12.28 08:30:42.903,9.09988,9.10266,1.37,1.00
2016.12.28 08:30:43.553,9.09997,9.10277,1.37,1.00
2016.12.28 08:30:44.013,9.09998,9.10266,1.37,1.00
2016.12.28 08:30:44.842,9.09985,9.10256,1.37,1.00
2016.12.28 08:30:45.070,9.09985,9.10256,1.37,1.00
2016.12.28 08:30:45.273,9.09978,9.10246,1.37,1.00
2016.12.28 08:30:45.525,9.09978,9.1025,1.37,1.00
2016.12.28 08:30:45.576,9.09978,9.10266,1.37,1.00
2016.12.28 08:30:46.033,9.09959,9.10246,1.12,1.00
2016.12.28 08:30:46.791,9.09958,9.10236,1.37,1.00
2016.12.28 08:30:47.012,9.09968,9.10242,1.37,1.00
2016.12.28 08:30:47.114,9.09968,9.10256,1.37,1.00
2016.12.28 08:30:47.474,9.09968,9.10246,1.37,1.00
2016.12.28 08:30:47.780,9.09968,9.10226,1.37,1.00
2016.12.28 08:30:47.932,9.09968,9.10235,1.37,1.00
2016.12.28 08:30:48.402,9.09968,9.10226,1.37,1.00
2016.12.28 08:30:48.453,9.09968,9.10236,1.37,1.00
2016.12.28 08:30:48.706,9.09968,9.10246,1.37,1.00
2016.12.28 08:30:49.429,9.09968,9.10236,1.37,1.00
2016.12.28 08:30:50.069,9.09968,9.10226,1.37,1.00
2016.12.28 08:30:50.379,9.09958,9.10216,1.72,1.00
2016.12.28 08:30:50.688,9.09968,9.1023,1.37,1.00
2016.12.28 08:30:50.739,9.09968,9.10236,1.37,1.00
2016.12.28 08:30:51.183,9.09968,9.10196,1.37,1.00
2016.12.28 08:30:51.377,9.09968,9.10206,1.37,1.00
2016.12.28 08:30:51.889,9.09967,9.10197,1.37,1.00
2016.12.28 08:30:52.092,9.09968,9.10196,1.37,1.00
2016.12.28 08:30:52.814,9.09968,9.10226,1.37,1.00
2016.12.28 08:30:53.149,9.09978,9.10226,1.00,1.00
2016.12.28 08:30:53.466,9.09978,9.10216,1.00,1.00
2016.12.28 08:30:53.812,9.09978,9.10206,1.00,1.00
2016.12.28 08:30:54.421,9.09958,9.10206,1.37,1.00
2016.12.28 08:30:55.160,9.09947,9.10227,1.37,1.00
2016.12.28 08:30:55.354,9.09948,9.10226,1.37,1.50
2016.12.28 08:30:55.615,9.09948,9.10216,1.37,1.00
2016.12.28 08:30:55.766,9.09948,9.10226,1.37,1.00
2016.12.28 08:30:55.817,9.09948,9.10217,1.37,1.00
2016.12.28 08:30:55.868,9.09948,9.10226,1.37,1.00
2016.12.28 08:30:56.121,9.09948,9.10216,1.37,1.00
2016.12.28 08:30:56.222,9.09948,9.10226,1.37,1.00
2016.12.28 08:30:56.718,9.09948,9.10216,1.37,1.00
2016.12.28 08:30:57.022,9.09938,9.10216,1.37,1.00
2016.12.28 08:30:57.377,9.09923,9.10226,1.90,1.00
2016.12.28 08:30:57.603,9.09922,9.10237,1.90,1.00
2016.12.28 08:30:58.127,9.09923,9.10226,1.90,1.00
2016.12.28 08:31:01.088,9.09924,9.10216,1.12,1.00
2016.12.28 08:31:01.358,9.09924,9.10224,1.12,1.00
2016.12.28 08:31:01.409,9.09924,9.10226,1.12,1.00
2016.12.28 08:31:02.234,9.09924,9.10216,1.12,1.00
2016.12.28 08:31:02.571,9.09924,9.10221,1.12,1.00
2016.12.28 08:31:02.622,9.09923,9.10226,1.90,1.00
2016.12.28 08:31:03.891,9.09923,9.10216,1.90,1.00
2016.12.28 08:31:03.992,9.09923,9.10226,1.52,1.00
2016.12.28 08:31:07.242,9.09943,9.10231,1.37,1.00
2016.12.28 08:31:07.295,9.09943,9.10236,1.37,1.00
2016.12.28 08:31:07.471,9.09942,9.10227,1.37,1.00
2016.12.28 08:31:07.572,9.09943,9.10236,1.37,1.00
2016.12.28 08:31:08.405,9.09943,9.10226,1.37,1.00
2016.12.28 08:31:08.730,9.09943,9.10216,1.37,1.00
2016.12.28 08:31:08.932,9.09943,9.10226,1.37,1.00
2016.12.28 08:31:09.765,9.09943,9.10216,1.37,1.00
2016.12.28 08:31:09.916,9.09943,9.10226,1.37,1.00
2016.12.28 08:31:10.818,9.09943,9.1023,1.37,1.00
2016.12.28 08:31:10.869,9.09943,9.10236,1.37,1.00
2016.12.28 08:31:10.920,9.09943,9.10226,1.37,1.00
2016.12.28 08:31:11.316,9.09942,9.10217,1.37,1.00
2016.12.28 08:31:11.860,9.09943,9.10216,1.37,1.00
2016.12.28 08:31:12.417,9.09942,9.10217,1.37,1.00
2016.12.28 08:31:12.954,9.09943,9.10216,1.37,1.00
2016.12.28 08:31:13.646,9.09953,9.10217,1.37,1.00
2016.12.28 08:31:13.796,9.09954,9.10226,1.37,1.00
2016.12.28 08:31:16.134,9.09954,9.10226,1.00,1.00
2016.12.28 08:31:24.246,9.09954,9.1023,1.00,1.00
2016.12.28 08:31:24.348,9.09943,9.1023,1.00,1.00
2016.12.28 08:31:24.404,9.09954,9.1023,1.00,1.00
2016.12.28 08:31:24.527,9.09954,9.10236,1.00,1.00
2016.12.28 08:31:24.631,9.09954,9.10231,1.00,1.00
2016.12.28 08:31:24.934,9.09984,9.10226,1.00,1.00
2016.12.28 08:31:24.985,9.0996,9.10226,1.00,1.00
2016.12.28 08:31:25.187,9.0997,9.10242,1.00,1.00
2016.12.28 08:31:25.238,9.0997,9.10256,1.00,1.00
2016.12.28 08:31:25.339,9.09993,9.10256,1.00,1.00
2016.12.28 08:31:25.693,9.09992,9.10237,1.00,1.00
2016.12.28 08:31:25.797,9.09978,9.10236,1.50,1.00
2016.12.28 08:31:25.999,9.09988,9.10236,1.00,1.00
2016.12.28 08:31:26.333,9.09988,9.10266,1.00,1.00
2016.12.28 08:31:26.384,9.09991,9.10266,1.00,1.00
2016.12.28 08:31:26.688,9.10002,9.10266,1.00,1.00
2016.12.28 08:31:26.890,9.10008,9.10276,1.00,1.00
2016.12.28 08:31:27.306,9.10008,9.10289,1.00,1.00
2016.12.28 08:31:27.357,9.10008,9.10296,1.00,1.00
2016.12.28 08:31:27.410,9.10008,9.10276,1.00,1.00
2016.12.28 08:31:27.467,9.10008,9.10286,1.00,1.00
2016.12.28 08:31:27.964,9.10018,9.10286,1.00,1.00
2016.12.28 08:31:28.304,9.10018,9.10266,1.00,1.00
2016.12.28 08:31:29.228,9.10018,9.10256,1.00,1.00
2016.12.28 08:31:29.279,9.10018,9.10276,1.00,1.00
2016.12.28 08:31:29.330,9.10018,9.10286,1.00,1.00
2016.12.28 08:31:29.607,9.10018,9.10293,1.00,1.00
2016.12.28 08:31:29.658,9.10018,9.10296,1.00,1.00
2016.12.28 08:31:30.195,9.10017,9.10277,1.00,1.00
2016.12.28 08:31:30.509,9.10018,9.10266,1.00,1.00
2016.12.28 08:31:30.826,9.09966,9.10196,1.37,1.60
2016.12.28 08:31:31.029,9.09974,9.10206,1.30,1.00
2016.12.28 08:31:31.281,9.09988,9.10253,1.35,1.00
2016.12.28 08:31:31.332,9.0999,9.10186,1.65,1.00
2016.12.28 08:31:31.383,9.0999,9.10236,1.15,1.00
2016.12.28 08:31:31.585,9.09988,9.10246,1.35,1.00
2016.12.28 08:31:31.636,9.09998,9.10246,1.00,1.00
2016.12.28 08:31:32.098,9.10008,9.10256,1.00,1.00
2016.12.28 08:31:32.361,9.10008,9.10263,1.00,1.00
2016.12.28 08:31:32.464,9.09988,9.10263,1.00,1.00
2016.12.28 08:31:32.566,9.09988,9.10246,1.00,1.00
2016.12.28 08:31:32.870,9.09944,9.10186,1.90,1.60
2016.12.28 08:31:32.921,9.09928,9.10166,1.00,1.00
2016.12.28 08:31:33.022,9.09928,9.10176,1.00,1.00
2016.12.28 08:31:33.124,9.09928,9.10176,1.37,1.00
2016.12.28 08:31:33.175,9.09928,9.10186,1.37,1.00
2016.12.28 08:31:33.276,9.09928,9.10196,1.37,1.50
2016.12.28 08:31:33.327,9.09928,9.10156,1.37,1.00
2016.12.28 08:31:33.457,9.09928,9.10166,1.37,1.00
2016.12.28 08:31:33.508,9.09908,9.10176,1.37,1.00
2016.12.28 08:31:33.862,9.09908,9.10156,1.37,1.00
2016.12.28 08:31:33.914,9.09907,9.10167,1.37,1.00
2016.12.28 08:31:33.965,9.09908,9.10156,1.37,1.00
2016.12.28 08:31:34.066,9.09908,9.10156,1.00,1.00
2016.12.28 08:31:34.218,9.09907,9.10167,1.00,1.00
2016.12.28 08:31:34.370,9.09888,9.10166,1.52,1.50
2016.12.28 08:31:34.706,9.09888,9.10156,1.52,1.00
2016.12.28 08:31:34.959,9.09888,9.10166,1.52,1.00
2016.12.28 08:31:35.262,9.09888,9.10166,1.52,2.10
2016.12.28 08:31:35.363,9.09858,9.10138,1.37,1.00
2016.12.28 08:31:35.496,9.09858,9.10138,1.00,1.00
2016.12.28 08:31:35.547,9.09848,9.10112,1.00,1.00
2016.12.28 08:31:35.850,9.09847,9.10097,1.00,1.50
2016.12.28 08:31:36.397,9.09848,9.10096,1.00,1.00
2016.12.28 08:31:36.700,9.09848,9.10076,1.00,1.00
2016.12.28 08:31:37.145,9.09848,9.10086,1.00,1.00
2016.12.28 08:31:37.196,9.09838,9.10086,1.00,1.00
2016.12.28 08:31:37.702,9.09838,9.10066,1.00,1.00
2016.12.28 08:31:37.854,9.09828,9.10066,1.00,1.00
2016.12.28 08:31:38.211,9.09828,9.10056,1.00,1.00
2016.12.28 08:31:38.364,9.09828,9.10066,1.00,1.00
2016.12.28 08:31:38.415,9.09808,9.10066,1.00,1.00
2016.12.28 08:31:38.683,9.09808,9.10056,1.00,1.00
2016.12.28 08:31:39.009,9.09808,9.10056,1.37,1.00
2016.12.28 08:31:39.434,9.09818,9.10046,1.37,1.00
2016.12.28 08:31:39.838,9.09798,9.10036,1.00,1.00
2016.12.28 08:31:40.349,9.09798,9.10026,1.00,1.00
2016.12.28 08:31:40.551,9.09787,9.10027,1.37,1.00
2016.12.28 08:31:40.602,9.09788,9.10036,1.37,1.00
2016.12.28 08:31:40.855,9.09788,9.10026,1.37,1.00
2016.12.28 08:31:41.162,9.09788,9.10016,1.37,1.00
2016.12.28 08:31:41.550,9.09748,9.10036,2.10,1.00
2016.12.28 08:31:41.601,9.09759,9.10066,1.50,1.00
2016.12.28 08:31:41.702,9.09759,9.10074,1.50,1.00
2016.12.28 08:31:42.070,9.09759,9.10074,1.50,1.00
2016.12.28 08:31:42.792,9.0977,9.10075,1.37,1.00
2016.12.28 08:31:43.310,9.09758,9.10074,1.75,1.00
2016.12.28 08:31:43.797,9.09748,9.0997,1.05,1.00
2016.12.28 08:31:43.848,9.09725,9.09971,3.75,1.00
2016.12.28 08:31:43.899,9.09711,9.09954,1.00,1.00
2016.12.28 08:31:44.001,9.09694,9.09944,2.25,1.00
2016.12.28 08:31:44.102,9.09694,9.1,1.87,1.00
2016.12.28 08:31:44.203,9.09708,9.10013,1.37,1.00
2016.12.28 08:31:44.385,9.09708,9.10017,1.37,1.00
2016.12.28 08:31:44.436,9.09721,9.10026,1.37,1.00
2016.12.28 08:31:44.588,9.09721,9.10032,1.37,1.00
2016.12.28 08:31:44.689,9.09722,9.10036,1.37,1.00
2016.12.28 08:31:44.841,9.09736,9.10046,1.37,1.50
2016.12.28 08:31:44.942,9.09725,9.10057,1.75,1.00
2016.12.28 08:31:45.043,9.09725,9.10039,1.75,1.00
2016.12.28 08:31:45.196,9.0974,9.10049,1.37,1.00
2016.12.28 08:31:45.247,9.0974,9.10057,1.37,1.00
2016.12.28 08:31:45.348,9.0974,9.10055,1.37,1.00
2016.12.28 08:31:45.821,9.09754,9.10066,1.37,1.00
2016.12.28 08:31:45.922,9.09764,9.1006,1.37,1.00
2016.12.28 08:31:46.835,9.09751,9.1006,1.37,1.00
2016.12.28 08:31:47.189,9.09763,9.10071,1.37,1.00
2016.12.28 08:31:50.615,9.09752,9.10072,1.65,1.00
2016.12.28 08:31:52.129,9.09753,9.10071,1.52,1.00
2016.12.28 08:31:52.401,9.09782,9.10086,1.37,1.37
2016.12.28 08:31:53.180,9.09751,9.10063,1.90,1.00
2016.12.28 08:31:53.506,9.09752,9.10076,1.65,1.00
2016.12.28 08:31:53.607,9.09752,9.10066,1.65,1.00
2016.12.28 08:31:53.761,9.09752,9.10079,1.65,1.00
2016.12.28 08:31:53.862,9.09752,9.10067,1.65,1.00
2016.12.28 08:31:54.350,9.09752,9.10067,1.65,1.00
2016.12.28 08:31:56.147,9.09752,9.10076,1.65,1.00
2016.12.28 08:31:56.311,9.09762,9.10066,1.37,1.00
2016.12.28 08:31:57.244,9.09762,9.10085,1.37,1.37
2016.12.28 08:31:57.347,9.09762,9.10072,1.37,1.00
2016.12.28 08:31:57.449,9.09762,9.10083,1.37,1.00
2016.12.28 08:31:57.516,9.09762,9.10076,1.37,1.00
2016.12.28 08:31:57.917,9.09762,9.10069,1.37,1.00
2016.12.28 08:31:58.228,9.09762,9.10066,1.37,1.00
2016.12.28 08:31:58.279,9.09762,9.1007,1.37,1.00
2016.12.28 08:31:58.976,9.09762,9.10076,1.37,1.00
2016.12.28 08:31:59.027,9.09744,9.09954,1.12,1.60
2016.12.28 08:31:59.161,9.09703,9.09942,1.12,1.35
2016.12.28 08:31:59.262,9.09695,9.09931,1.37,1.00
2016.12.28 08:31:59.313,9.09696,9.09973,1.37,1.00
2016.12.28 08:31:59.364,9.09696,9.09983,1.75,1.00
2016.12.28 08:31:59.466,9.09696,9.09994,1.75,1.00
2016.12.28 08:31:59.567,9.09711,9.09996,1.12,1.00
2016.12.28 08:31:59.619,9.09711,9.09998,1.12,1.00
2016.12.28 08:31:59.721,9.09722,9.10008,1.37,1.00
2016.12.28 08:32:00.108,9.09722,9.09966,1.37,1.00
2016.12.28 08:32:00.159,9.09722,9.10009,1.37,1.00
2016.12.28 08:32:00.210,9.09711,9.10016,1.12,1.00
2016.12.28 08:32:01.013,9.09722,9.10017,1.37,1.00
2016.12.28 08:32:01.166,9.09722,9.10033,1.87,1.00
2016.12.28 08:32:01.959,9.0973,9.10016,1.37,1.00
2016.12.28 08:32:02.220,9.0973,9.10033,1.37,1.00
2016.12.28 08:32:02.601,9.0973,9.10053,1.37,1.37
2016.12.28 08:32:02.753,9.0973,9.10042,1.37,1.00
2016.12.28 08:32:03.145,9.09682,9.0994,1.05,1.00
2016.12.28 08:32:03.196,9.09694,9.0993,1.00,1.00
2016.12.28 08:32:03.247,9.09694,9.0992,1.00,1.00
2016.12.28 08:32:03.298,9.09694,9.09959,1.12,1.00
2016.12.28 08:32:03.349,9.09694,9.09976,1.50,1.00
2016.12.28 08:32:03.602,9.09694,9.10006,1.65,1.00
2016.12.28 08:32:03.905,9.09708,9.1001,1.37,1.00
2016.12.28 08:32:04.109,9.09714,9.09986,1.37,1.00
2016.12.28 08:32:04.160,9.09708,9.1002,1.37,1.00
2016.12.28 08:32:04.261,9.09708,9.10006,1.37,1.00
2016.12.28 08:32:04.571,9.09708,9.10006,1.37,1.00
2016.12.28 08:32:05.425,9.09708,9.10018,1.37,1.00
2016.12.28 08:32:05.796,9.09708,9.10016,1.37,1.00
2016.12.28 08:32:06.316,9.09707,9.10007,1.37,1.00
2016.12.28 08:32:06.506,9.09708,9.10016,1.37,1.00
2016.12.28 08:32:06.556,9.09708,9.10004,1.37,1.00
2016.12.28 08:32:06.658,9.09708,9.10014,1.37,1.00
2016.12.28 08:32:07.005,9.09708,9.09996,1.37,1.00
2016.12.28 08:32:07.497,9.09718,9.10006,1.37,1.00
2016.12.28 08:32:07.548,9.09718,9.10025,1.37,1.00
2016.12.28 08:32:07.790,9.09718,9.10013,1.37,1.00
2016.12.28 08:32:07.993,9.09718,9.10025,1.87,1.00
2016.12.28 08:32:08.044,9.09717,9.10007,1.87,1.00
2016.12.28 08:32:08.498,9.0973,9.10016,1.37,1.00
2016.12.28 08:32:08.549,9.09718,9.10023,1.37,1.00
2016.12.28 08:32:09.244,9.09718,9.10016,1.87,1.00
2016.12.28 08:32:09.754,9.09729,9.10034,1.37,1.00
2016.12.28 08:32:10.264,9.09729,9.10026,1.37,1.00
2016.12.28 08:32:10.604,9.09729,9.10024,1.37,1.00
2016.12.28 08:32:11.244,9.09729,9.10016,1.37,1.00
2016.12.28 08:32:11.295,9.09728,9.10025,1.37,1.00
2016.12.28 08:32:11.396,9.09728,9.10035,1.37,1.00
2016.12.28 08:32:11.497,9.09736,9.10021,1.37,1.00
2016.12.28 08:32:11.804,9.09728,9.10016,1.37,1.00
2016.12.28 08:32:14.743,9.09739,9.10006,1.37,1.00
2016.12.28 08:32:14.795,9.09727,9.10008,1.87,1.00
2016.12.28 08:32:15.285,9.09741,9.10006,1.37,1.00
2016.12.28 08:32:15.828,9.09738,9.10016,1.37,1.00
2016.12.28 08:32:16.163,9.09738,9.10019,1.37,1.00
2016.12.28 08:32:16.706,9.09747,9.1002,1.37,1.00
2016.12.28 08:32:16.981,9.09748,9.10029,1.37,1.00
2016.12.28 08:32:17.097,9.09748,9.10026,1.37,1.00
2016.12.28 08:32:17.732,9.09754,9.10029,1.37,1.00
2016.12.28 08:32:20.309,9.09753,9.1003,1.37,1.00
2016.12.28 08:32:20.849,9.09744,9.10029,1.37,1.00
2016.12.28 08:32:21.351,9.09753,9.1003,1.37,1.00
2016.12.28 08:32:21.471,9.09754,9.10039,1.37,1.00
2016.12.28 08:32:22.161,9.09754,9.10027,1.37,1.00
2016.12.28 08:32:22.397,9.09754,9.10046,1.37,1.37
2016.12.28 08:32:22.510,9.09754,9.10037,1.37,1.00
2016.12.28 08:32:23.112,9.09754,9.10046,1.37,1.37
2016.12.28 08:32:23.180,9.09754,9.10037,1.37,1.00
2016.12.28 08:32:23.617,9.09754,9.10026,1.37,1.00
2016.12.28 08:32:24.132,9.09754,9.10046,1.37,1.87
2016.12.28 08:32:24.183,9.09754,9.10035,1.37,1.00
2016.12.28 08:32:24.822,9.09754,9.10045,1.37,1.37
2016.12.28 08:32:25.007,9.09753,9.10029,1.37,1.00
2016.12.28 08:32:25.338,9.09754,9.10016,1.37,1.00
2016.12.28 08:32:25.455,9.09753,9.10018,1.37,1.00
2016.12.28 08:32:25.561,9.09754,9.10026,1.37,1.00
2016.12.28 08:32:26.853,9.09753,9.10027,1.37,1.00
2016.12.28 08:32:27.402,9.09754,9.10026,1.37,1.00
2016.12.28 08:32:27.648,9.09754,9.10016,1.37,1.00
2016.12.28 08:32:27.800,9.09754,9.10026,1.37,1.00
2016.12.28 08:32:28.257,9.09753,9.10037,1.37,1.00
2016.12.28 08:32:28.317,9.09753,9.10032,1.37,1.00
2016.12.28 08:32:28.688,9.09754,9.10026,1.37,1.00
2016.12.28 08:32:29.637,9.09758,9.10032,1.37,1.00
2016.12.28 08:32:29.839,9.09768,9.10036,1.37,1.00
2016.12.28 08:32:30.642,9.09768,9.10044,1.37,1.00
2016.12.28 08:32:30.752,9.09778,9.10044,1.00,1.00
2016.12.28 08:32:31.985,9.09778,9.10052,1.00,1.00
2016.12.28 08:32:32.808,9.09778,9.10046,1.00,1.00
2016.12.28 08:32:33.121,9.09778,9.10042,1.00,1.00
2016.12.28 08:32:33.588,9.09778,9.10042,1.37,1.00
2016.12.28 08:32:39.124,9.09778,9.10042,1.12,1.00
2016.12.28 08:32:40.488,9.09777,9.10043,1.37,1.00
2016.12.28 08:32:40.539,9.09778,9.10052,1.12,1.00
2016.12.28 08:32:40.964,9.09778,9.10042,1.12,1.00
2016.12.28 08:32:41.690,9.09788,9.10042,1.00,1.00
2016.12.28 08:32:44.076,9.09788,9.10036,1.00,1.00
2016.12.28 08:32:45.047,9.09788,9.10042,1.00,1.00
2016.12.28 08:32:46.412,9.09788,9.10036,1.00,1.00
2016.12.28 08:32:47.499,9.09788,9.10042,1.00,1.00
2016.12.28 08:32:47.838,9.09788,9.10032,1.00,1.00
2016.12.28 08:32:48.308,9.09788,9.10046,1.00,1.00
2016.12.28 08:32:48.460,9.09778,9.10052,1.12,1.00
2016.12.28 08:32:48.800,9.09778,9.10042,1.12,1.00
2016.12.28 08:32:57.906,9.09778,9.10036,1.00,1.00
2016.12.28 08:32:58.952,9.09778,9.10046,1.00,1.00
2016.12.28 08:32:59.239,9.09778,9.10042,1.00,1.00
2016.12.28 08:33:10.051,9.09788,9.10042,1.00,1.00
2016.12.28 08:33:10.844,9.09787,9.10047,1.00,1.00
2016.12.28 08:33:11.309,9.09788,9.10052,1.00,1.00
2016.12.28 08:33:11.359,9.09788,9.10042,1.00,1.00
2016.12.28 08:33:11.894,9.09787,9.10043,1.00,1.00
2016.12.28 08:33:12.411,9.09788,9.10042,1.00,1.00
2016.12.28 08:33:12.763,9.09798,9.10042,1.00,1.00
2016.12.28 08:33:15.908,9.09787,9.10043,1.00,1.00
2016.12.28 08:33:15.958,9.09788,9.10022,1.00,1.00
2016.12.28 08:33:16.009,9.09788,9.10042,1.00,1.00
2016.12.28 08:33:16.111,9.09788,9.10046,1.00,1.00
2016.12.28 08:33:16.447,9.09798,9.10046,1.00,1.00
2016.12.28 08:33:16.795,9.09808,9.10046,1.00,1.00
2016.12.28 08:33:16.947,9.09808,9.10052,1.00,1.00
2016.12.28 08:33:17.055,9.09808,9.10052,1.37,1.00
2016.12.28 08:33:17.705,9.09808,9.10062,1.37,1.00
2016.12.28 08:33:18.141,9.09808,9.10066,1.37,1.00
2016.12.28 08:33:18.192,9.09808,9.10072,1.37,1.00
2016.12.28 08:33:18.344,9.09807,9.10073,1.00,1.00
2016.12.28 08:33:18.847,9.09808,9.10072,1.00,1.00
2016.12.28 08:33:20.398,9.09808,9.10046,1.00,1.00
2016.12.28 08:33:21.369,9.09808,9.10063,1.00,1.00
2016.12.28 08:33:21.421,9.09808,9.10072,1.00,1.00
2016.12.28 08:33:22.898,9.09807,9.10047,1.00,1.00
2016.12.28 08:33:23.329,9.09818,9.10046,1.00,1.00
2016.12.28 08:33:23.918,9.09818,9.10066,1.00,1.00
2016.12.28 08:33:23.969,9.09818,9.10072,1.00,1.00
2016.12.28 08:33:25.332,9.09818,9.10046,1.00,1.00
2016.12.28 08:33:26.338,9.09818,9.10072,1.00,1.00
2016.12.28 08:33:27.369,9.09817,9.10073,1.00,1.00
2016.12.28 08:33:28.097,9.098,9.10077,1.37,1.00
2016.12.28 08:33:29.098,9.09801,9.10076,1.37,1.50
2016.12.28 08:33:29.351,9.09801,9.10066,1.37,1.00
2016.12.28 08:33:30.401,9.09789,9.10067,1.37,1.00
2016.12.28 08:33:30.452,9.098,9.10076,1.37,1.50
2016.12.28 08:33:31.077,9.09814,9.10076,1.00,1.00
2016.12.28 08:33:31.179,9.09814,9.10089,1.00,1.00
2016.12.28 08:33:31.230,9.09801,9.10076,1.37,1.00
2016.12.28 08:33:31.448,9.09801,9.10098,1.37,1.00
2016.12.28 08:33:31.555,9.09801,9.10084,1.37,1.00
2016.12.28 08:33:31.721,9.09801,9.10086,1.37,1.00
2016.12.28 08:33:31.772,9.09774,9.09974,1.56,1.00
2016.12.28 08:33:31.864,9.09774,9.09974,1.19,1.00
2016.12.28 08:33:31.915,9.09737,9.09951,1.00,1.00
2016.12.28 08:33:31.966,9.09712,9.09952,1.37,1.00
2016.12.28 08:33:32.017,9.09712,9.09941,1.00,1.00
2016.12.28 08:33:32.068,9.0971,9.09941,1.00,1.00
2016.12.28 08:33:32.878,9.0971,9.09936,1.00,1.00
2016.12.28 08:33:32.929,9.0971,9.09941,1.00,1.00
2016.12.28 08:33:32.980,9.09708,9.09941,1.00,1.00
2016.12.28 08:33:33.295,9.09717,9.09967,1.00,1.00
2016.12.28 08:33:33.396,9.09724,9.09966,1.00,1.00
2016.12.28 08:33:33.700,9.09748,9.09966,1.37,1.00
2016.12.28 08:33:33.886,9.09747,9.10017,1.37,1.00
2016.12.28 08:33:34.291,9.09764,9.10026,1.00,1.00
2016.12.28 08:33:34.597,9.09778,9.10026,1.00,1.00
2016.12.28 08:33:34.900,9.09778,9.10046,1.00,1.00
2016.12.28 08:33:34.951,9.09784,9.10046,1.00,1.00
2016.12.28 08:33:35.254,9.09794,9.10056,1.00,1.00
2016.12.28 08:33:35.659,9.09794,9.10046,1.00,1.00
2016.12.28 08:33:35.900,9.09794,9.10066,1.00,1.00
2016.12.28 08:33:36.001,9.09798,9.10066,1.00,1.00
2016.12.28 08:33:36.310,9.09784,9.10072,1.00,1.00
2016.12.28 08:33:36.412,9.09767,9.10072,1.00,1.00
2016.12.28 08:33:36.519,9.09767,9.0994,1.00,2.10
2016.12.28 08:33:36.571,9.09757,9.0994,1.00,2.10
2016.12.28 08:33:36.622,9.09718,9.09951,1.37,2.47
2016.12.28 08:33:36.673,9.09693,9.09951,1.00,2.10
2016.12.28 08:33:36.774,9.0972,9.09966,1.00,1.00
2016.12.28 08:33:36.825,9.0972,9.10006,1.00,1.37
2016.12.28 08:33:36.876,9.09728,9.09974,1.37,1.00
2016.12.28 08:33:36.977,9.09742,9.09995,1.37,1.00
2016.12.28 08:33:37.079,9.09754,9.10024,1.37,1.00
2016.12.28 08:33:37.129,9.09753,9.09997,1.37,1.00
2016.12.28 08:33:37.231,9.09754,9.10036,1.37,1.00
2016.12.28 08:33:37.282,9.09764,9.10036,1.00,1.00
2016.12.28 08:33:37.585,9.09779,9.10036,1.00,1.00
2016.12.28 08:33:38.132,9.09779,9.10066,1.00,1.00
2016.12.28 08:33:38.233,9.09794,9.10066,1.00,1.00
2016.12.28 08:33:38.385,9.09783,9.10056,1.00,1.00
2016.12.28 08:33:38.486,9.09794,9.10056,1.00,1.00
2016.12.28 08:33:38.668,9.09783,9.10056,1.00,1.00
2016.12.28 08:33:38.770,9.09794,9.10056,1.00,1.00
2016.12.28 08:33:38.860,9.09783,9.10056,1.00,1.00
2016.12.28 08:33:38.910,9.09783,9.10046,1.00,1.00
2016.12.28 08:33:39.116,9.09794,9.10086,1.00,1.37
2016.12.28 08:33:39.217,9.09804,9.10086,1.00,1.37
2016.12.28 08:33:40.116,9.09788,9.10088,1.00,1.37
2016.12.28 08:33:40.218,9.09801,9.10088,1.00,1.37
2016.12.28 08:33:40.269,9.09801,9.10088,1.00,1.00
2016.12.28 08:33:40.658,9.09801,9.10086,1.00,1.00
2016.12.28 08:33:42.088,9.09801,9.10086,1.37,1.00
2016.12.28 08:33:42.508,9.09801,9.10076,1.37,1.00
2016.12.28 08:33:42.861,9.09801,9.10076,1.00,1.00
2016.12.28 08:33:43.358,9.09801,9.10066,1.00,1.00
2016.12.28 08:33:43.409,9.09801,9.10076,1.00,1.00
2016.12.28 08:33:43.510,9.09801,9.10086,1.00,1.00
2016.12.28 08:33:43.561,9.09801,9.10086,1.37,1.00
2016.12.28 08:33:44.177,9.09801,9.10076,1.37,1.00
2016.12.28 08:33:44.432,9.09801,9.10088,1.37,1.00
2016.12.28 08:33:44.915,9.09814,9.10096,1.37,1.37
2016.12.28 08:33:44.966,9.09814,9.10066,1.37,1.00
2016.12.28 08:33:45.118,9.09814,9.10076,1.37,1.00
2016.12.28 08:33:45.539,9.09814,9.10086,1.37,1.00
2016.12.28 08:33:47.292,9.09813,9.10097,1.37,1.00
2016.12.28 08:33:47.343,9.09814,9.10106,1.37,1.37
2016.12.28 08:33:47.817,9.09814,9.10086,1.37,1.00
2016.12.28 08:33:48.293,9.09814,9.10076,1.37,1.00
2016.12.28 08:33:48.710,9.09814,9.10096,1.37,1.00
2016.12.28 08:33:49.218,9.09814,9.10086,1.37,1.00
2016.12.28 08:33:49.326,9.09814,9.10096,1.37,1.00
2016.12.28 08:33:49.879,9.09813,9.10097,1.37,1.00
2016.12.28 08:33:50.324,9.09814,9.10086,1.37,1.00
2016.12.28 08:33:50.759,9.09814,9.10096,1.37,1.00
2016.12.28 08:33:51.307,9.09814,9.10076,1.37,1.00
2016.12.28 08:33:51.465,9.09814,9.10086,1.37,1.00
2016.12.28 08:33:52.446,9.09814,9.10076,1.37,1.00
2016.12.28 08:33:53.128,9.09814,9.10096,1.37,1.00
2016.12.28 08:33:53.423,9.09814,9.10106,1.37,1.87
2016.12.28 08:33:53.655,9.09814,9.10086,1.37,1.00
2016.12.28 08:33:54.759,9.09824,9.10096,1.37,1.00
2016.12.28 08:33:54.810,9.09824,9.10106,1.37,1.87
2016.12.28 08:33:55.228,9.09824,9.10096,1.37,1.00
2016.12.28 08:33:55.811,9.09824,9.10086,1.37,1.00
2016.12.28 08:33:55.862,9.09824,9.10106,1.37,1.37
2016.12.28 08:33:56.244,9.09824,9.10106,1.37,1.00
2016.12.28 08:33:56.346,9.09824,9.10086,1.37,1.00
2016.12.28 08:33:56.649,9.09824,9.10106,1.37,1.00
2016.12.28 08:33:56.810,9.09823,9.10117,1.37,1.00
2016.12.28 08:33:57.150,9.09824,9.10096,1.37,1.00
2016.12.28 08:33:57.735,9.09824,9.10116,1.37,1.00
2016.12.28 08:33:58.226,9.09824,9.10096,1.37,1.00
2016.12.28 08:33:59.637,9.09824,9.10086,1.37,1.00
2016.12.28 08:33:59.940,9.09834,9.10086,1.00,1.00
2016.12.28 08:34:00.362,9.09833,9.10107,1.00,1.00
2016.12.28 08:34:00.619,9.09834,9.10126,1.00,1.37
2016.12.28 08:34:00.872,9.09834,9.10106,1.00,1.00
2016.12.28 08:34:01.186,9.09844,9.10106,1.00,1.00
2016.12.28 08:34:01.629,9.09844,9.10116,1.00,1.00
2016.12.28 08:34:02.247,9.09843,9.10117,1.00,1.00
2016.12.28 08:34:02.749,9.09844,9.10116,1.00,1.00
2016.12.28 08:34:02.973,9.09854,9.10116,1.00,1.00
2016.12.28 08:34:03.634,9.09854,9.10136,1.00,1.00
2016.12.28 08:34:03.736,9.09864,9.10136,1.00,1.00
2016.12.28 08:34:04.040,9.09864,9.10126,1.00,1.00
2016.12.28 08:34:04.516,9.09864,9.10136,1.00,1.00
2016.12.28 08:34:05.178,9.09874,9.10136,1.00,1.00
2016.12.28 08:34:05.461,9.09874,9.10142,1.00,1.00
2016.12.28 08:34:05.570,9.09864,9.10146,1.00,1.00
2016.12.28 08:34:05.677,9.09874,9.10146,1.00,1.00
2016.12.28 08:34:05.979,9.09874,9.10136,1.00,1.00
2016.12.28 08:34:08.255,9.09874,9.10146,1.00,1.00
2016.12.28 08:34:09.301,9.09884,9.10146,1.37,1.00
2016.12.28 08:34:09.739,9.09884,9.10136,1.37,1.00
2016.12.28 08:34:10.271,9.09884,9.10156,1.37,1.00
2016.12.28 08:34:10.423,9.09884,9.10166,1.37,1.00
2016.12.28 08:34:10.797,9.09894,9.10166,1.37,1.00
2016.12.28 08:34:10.899,9.09894,9.10156,1.37,1.00
2016.12.28 08:34:11.305,9.09894,9.10156,1.00,1.00
2016.12.28 08:34:11.700,9.09894,9.10166,1.00,1.00
2016.12.28 08:34:13.480,9.09904,9.10166,1.00,1.00
2016.12.28 08:34:13.633,9.09904,9.10186,1.00,1.00
2016.12.28 08:34:14.185,9.09904,9.10176,1.00,1.00
2016.12.28 08:34:14.756,9.09908,9.10176,1.00,1.00
2016.12.28 08:34:15.121,9.09913,9.10167,1.00,1.00
2016.12.28 08:34:15.444,9.09923,9.10157,1.00,1.00
2016.12.28 08:34:15.495,9.09914,9.10156,1.00,1.00
2016.12.28 08:34:15.707,9.09918,9.10156,1.00,1.00
2016.12.28 08:34:15.909,9.09918,9.10186,1.00,1.00
2016.12.28 08:34:15.960,9.09924,9.10186,1.00,1.00
2016.12.28 08:34:16.896,9.09924,9.10192,1.00,1.00
2016.12.28 08:34:19.697,9.09924,9.10196,1.00,1.00
2016.12.28 08:34:19.748,9.09933,9.10197,1.00,1.00
2016.12.28 08:34:20.096,9.09934,9.10176,1.37,1.00
2016.12.28 08:34:20.610,9.09934,9.10176,1.37,1.00
2016.12.28 08:34:20.788,9.09933,9.10213,1.37,1.00
2016.12.28 08:34:21.248,9.09943,9.10207,1.37,1.00
2016.12.28 08:34:21.771,9.09943,9.10213,1.37,1.00
2016.12.28 08:34:21.822,9.09943,9.10213,1.37,1.00
2016.12.28 08:34:21.873,9.09944,9.10216,1.37,1.00
2016.12.28 08:34:21.924,9.09944,9.10219,1.37,1.00
2016.12.28 08:34:21.975,9.09944,9.10222,1.37,1.00
2016.12.28 08:34:22.365,9.09944,9.10212,1.37,1.00
2016.12.28 08:34:28.952,9.09943,9.10217,1.37,1.00
2016.12.28 08:34:29.589,9.09954,9.10216,1.37,1.00
2016.12.28 08:34:29.841,9.09954,9.10216,1.37,1.00
2016.12.28 08:34:30.983,9.09954,9.10206,1.37,1.00
2016.12.28 08:34:31.494,9.09954,9.10222,1.37,1.00
2016.12.28 08:34:32.481,9.09954,9.10216,1.37,1.00
2016.12.28 08:34:33.459,9.09954,9.10226,1.37,1.00
2016.12.28 08:34:33.620,9.09964,9.10235,1.12,1.00
2016.12.28 08:34:34.139,9.09964,9.10226,1.12,1.00
2016.12.28 08:34:35.360,9.09964,9.10216,1.12,1.00
2016.12.28 08:34:35.410,9.09964,9.10226,1.12,1.00
2016.12.28 08:34:35.964,9.09964,9.10216,1.12,1.00
2016.12.28 08:34:36.397,9.09964,9.10226,1.12,1.00
2016.12.28 08:34:40.253,9.09974,9.10226,1.00,1.00
2016.12.28 08:34:40.358,9.09964,9.10226,1.12,1.00
2016.12.28 08:34:43.336,9.09963,9.10227,1.37,1.00
2016.12.28 08:34:45.480,9.09978,9.10226,1.00,1.00
2016.12.28 08:34:45.581,9.09978,9.10246,1.00,1.00
2016.12.28 08:34:45.632,9.09994,9.10246,1.00,1.00
2016.12.28 08:34:45.962,9.10038,9.10256,1.00,1.00
2016.12.28 08:34:46.220,9.10038,9.10302,1.00,1.00
2016.12.28 08:34:46.271,9.10044,9.10303,1.00,1.00
2016.12.28 08:34:46.574,9.10054,9.10296,1.00,1.00
2016.12.28 08:34:46.878,9.10077,9.10297,1.00,1.00
2016.12.28 08:34:47.231,9.10078,9.10332,1.00,1.00
2016.12.28 08:34:47.282,9.10078,9.10336,1.00,1.00
2016.12.28 08:34:48.216,9.10078,9.10342,1.00,1.00
2016.12.28 08:34:51.026,9.10088,9.10326,1.00,1.00
2016.12.28 08:34:52.032,9.10088,9.10346,1.50,1.00
2016.12.28 08:34:52.538,9.10087,9.10347,1.50,1.00
2016.12.28 08:34:53.213,9.10088,9.10346,1.00,1.00
2016.12.28 08:34:53.314,9.10088,9.10356,1.00,1.00
2016.12.28 08:34:53.779,9.10088,9.10366,1.00,1.00
2016.12.28 08:34:54.275,9.10088,9.10356,1.00,1.00
2016.12.28 08:34:54.665,9.10088,9.10346,1.00,1.00
2016.12.28 08:34:55.430,9.10088,9.10356,1.00,1.00
2016.12.28 08:34:57.298,9.10104,9.10356,1.00,1.00
2016.12.28 08:34:57.828,9.10104,9.10346,1.00,1.00
2016.12.28 08:34:58.348,9.10093,9.10366,1.00,1.00
2016.12.28 08:34:58.450,9.10104,9.10366,1.00,1.00
2016.12.28 08:34:59.578,9.10114,9.10366,1.00,1.00
2016.12.28 08:34:59.629,9.10114,9.10386,1.00,1.37
2016.12.28 08:34:59.730,9.10124,9.10386,1.00,1.00
2016.12.28 08:35:00.034,9.10134,9.10386,1.00,1.00
2016.12.28 08:35:00.085,9.10134,9.10396,1.00,1.00
2016.12.28 08:35:00.548,9.10134,9.10376,1.00,1.00
2016.12.28 08:35:00.599,9.10134,9.10396,1.00,1.00
2016.12.28 08:35:01.618,9.10134,9.10412,1.00,1.00
2016.12.28 08:35:01.835,9.10144,9.10412,1.00,1.00
2016.12.28 08:35:02.664,9.10144,9.10406,1.00,1.00
2016.12.28 08:35:03.987,9.10144,9.10416,1.00,1.00
2016.12.28 08:35:04.549,9.10143,9.10417,1.00,1.00
2016.12.28 08:35:04.944,9.10144,9.10406,1.00,1.00
2016.12.28 08:35:05.993,9.10143,9.10407,1.00,1.00
2016.12.28 08:35:07.065,9.10144,9.10412,1.00,1.00
2016.12.28 08:35:08.018,9.10143,9.10407,1.00,1.00
2016.12.28 08:35:09.213,9.10148,9.10406,1.00,1.00
2016.12.28 08:35:09.315,9.10148,9.10412,1.00,1.00
2016.12.28 08:35:09.424,9.10148,9.10416,1.00,1.00
2016.12.28 08:35:09.779,9.10154,9.10416,1.00,1.00
2016.12.28 08:35:10.417,9.10154,9.10406,1.00,1.00
2016.12.28 08:35:11.379,9.10154,9.10412,1.00,1.00
2016.12.28 08:35:11.724,9.10154,9.10416,1.00,1.00
2016.12.28 08:35:11.775,9.10164,9.10416,1.00,1.00
2016.12.28 08:35:12.079,9.10184,9.10416,1.00,1.00
2016.12.28 08:35:12.411,9.10184,9.10436,1.00,1.35
2016.12.28 08:35:12.563,9.102,9.10436,1.00,1.00
2016.12.28 08:35:13.416,9.102,9.10446,1.00,1.60
2016.12.28 08:35:13.783,9.102,9.10446,1.00,1.60
2016.12.28 08:35:18.508,9.10216,9.10446,1.00,1.60
2016.12.28 08:35:18.770,9.10215,9.10453,1.00,1.60
2016.12.28 08:35:18.922,9.10204,9.10452,1.00,1.60
2016.12.28 08:35:19.381,9.10214,9.10452,1.00,1.60
2016.12.28 08:35:19.759,9.10214,9.10452,1.00,1.60
2016.12.28 08:35:21.004,9.10213,9.10453,1.00,1.60
2016.12.28 08:35:24.287,9.10228,9.10452,1.00,1.60
2016.12.28 08:35:27.256,9.10228,9.10456,1.00,1.60
2016.12.28 08:35:27.756,9.10228,9.10456,1.00,1.60
2016.12.28 08:35:30.755,9.10228,9.10456,1.00,1.60
2016.12.28 08:35:31.068,9.10228,9.10456,1.00,1.60
2016.12.28 08:35:32.036,9.10228,9.10456,1.00,1.60
2016.12.28 08:35:32.776,9.10228,9.10446,1.00,1.60
2016.12.28 08:35:33.858,9.10228,9.10456,1.00,1.60
2016.12.28 08:35:34.268,9.10228,9.10456,1.00,1.60
2016.12.28 08:35:35.263,9.10228,9.10456,1.00,1.60
2016.12.28 08:35:36.225,9.10259,9.10456,1.00,1.60
2016.12.28 08:35:36.326,9.10244,9.10456,1.00,1.60
2016.12.28 08:35:36.491,9.10234,9.10456,1.00,1.60
2016.12.28 08:35:36.758,9.10234,9.10456,1.00,1.60
2016.12.28 08:35:37.280,9.10224,9.10456,1.00,1.60
2016.12.28 08:35:38.533,9.10224,9.10456,1.00,1.60
2016.12.28 08:35:38.787,9.10224,9.10456,1.00,1.60
2016.12.28 08:35:39.847,9.10234,9.10456,1.00,2.10
2016.12.28 08:35:40.545,9.10244,9.10456,1.00,2.10
2016.12.28 08:35:43.589,9.10244,9.10456,1.00,1.60
2016.12.28 08:35:43.642,9.10254,9.10456,1.00,1.60
2016.12.28 08:35:45.310,9.10254,9.10456,1.00,1.00
2016.12.28 08:35:45.544,9.10274,9.10456,1.00,1.00
2016.12.28 08:35:49.497,9.10261,9.10456,1.37,1.00
2016.12.28 08:35:51.608,9.10246,9.10456,1.00,1.00
2016.12.28 08:35:51.710,9.10231,9.10456,1.00,1.00
2016.12.28 08:35:51.872,9.10214,9.10456,1.00,1.60
2016.12.28 08:35:52.024,9.10213,9.10457,1.00,1.60
2016.12.28 08:35:52.075,9.10204,9.10456,1.00,1.60
2016.12.28 08:35:52.534,9.10204,9.10456,1.00,1.60
2016.12.28 08:35:52.787,9.10204,9.10446,1.00,1.60
2016.12.28 08:35:53.164,9.10194,9.10446,1.00,1.60
2016.12.28 08:35:53.277,9.10194,9.10446,1.00,1.60
2016.12.28 08:35:53.493,9.10184,9.10446,1.00,1.60
2016.12.28 08:35:53.596,9.10184,9.10436,1.00,1.00
2016.12.28 08:35:55.999,9.10184,9.10426,1.00,1.00
2016.12.28 08:35:57.005,9.10184,9.10436,1.00,1.00
2016.12.28 08:35:57.236,9.10184,9.10446,1.00,1.60
2016.12.28 08:35:57.723,9.10184,9.10436,1.00,1.00
2016.12.28 08:36:01.601,9.10184,9.10426,1.00,1.00
2016.12.28 08:36:02.609,9.10183,9.10437,1.00,1.00
2016.12.28 08:36:05.259,9.10193,9.10437,1.00,1.00
2016.12.28 08:36:05.412,9.10194,9.10446,1.00,1.00
2016.12.28 08:36:07.032,9.10193,9.10437,1.00,1.00
2016.12.28 08:36:07.566,9.10194,9.10436,1.00,1.00
2016.12.28 08:36:07.616,9.10184,9.10436,1.00,1.00
2016.12.28 08:36:07.916,9.10194,9.10436,1.00,1.00
2016.12.28 08:36:08.289,9.10184,9.10436,1.00,1.00
2016.12.28 08:36:19.893,9.10194,9.10436,1.00,1.00
2016.12.28 08:36:20.049,9.10184,9.10436,1.00,1.00
2016.12.28 08:36:20.150,9.10194,9.10436,1.00,1.00
2016.12.28 08:36:20.294,9.10184,9.10436,1.00,1.00
2016.12.28 08:36:20.345,9.10194,9.10436,1.00,1.00
2016.12.28 08:36:20.469,9.10183,9.10437,1.00,1.00
2016.12.28 08:36:20.585,9.10194,9.10436,1.00,1.00
2016.12.28 08:36:20.693,9.10184,9.10436,1.00,1.00
2016.12.28 08:36:20.795,9.10194,9.10436,1.00,1.00
2016.12.28 08:36:20.897,9.10184,9.10436,1.00,1.00
2016.12.28 08:36:21.017,9.10194,9.10436,1.00,1.00
2016.12.28 08:36:21.134,9.10183,9.10437,1.00,1.00
2016.12.28 08:36:21.235,9.10194,9.10436,1.00,1.00
2016.12.28 08:36:21.353,9.10184,9.10436,1.00,1.00
2016.12.28 08:36:21.557,9.10194,9.10436,1.00,1.00
2016.12.28 08:36:21.785,9.10184,9.10436,1.00,1.00
2016.12.28 08:36:21.886,9.10194,9.10436,1.00,1.00
2016.12.28 08:36:22.011,9.10184,9.10436,1.00,1.00
2016.12.28 08:36:22.406,9.10194,9.10436,1.00,1.00
2016.12.28 08:36:22.583,9.10184,9.10436,1.00,1.00
2016.12.28 08:36:22.634,9.10194,9.10436,1.00,1.00
2016.12.28 08:36:22.874,9.10184,9.10436,1.00,1.00
2016.12.28 08:36:22.975,9.10194,9.10436,1.00,1.00
2016.12.28 08:36:23.081,9.10184,9.10436,1.00,1.00
2016.12.28 08:36:24.703,9.10194,9.10436,1.00,1.00
2016.12.28 08:36:24.835,9.10184,9.10436,1.00,1.00
2016.12.28 08:36:25.004,9.10194,9.10436,1.00,1.00
2016.12.28 08:36:25.818,9.10194,9.10446,1.00,1.60
2016.12.28 08:36:26.390,9.10204,9.10446,1.00,1.00
2016.12.28 08:36:26.491,9.10193,9.10447,1.12,1.35
2016.12.28 08:36:26.737,9.10204,9.10446,1.00,1.00
2016.12.28 08:36:27.155,9.10214,9.10446,1.00,1.00
2016.12.28 08:36:28.882,9.10204,9.10446,1.00,1.00
2016.12.28 08:36:29.070,9.10214,9.10446,1.00,1.00
2016.12.28 08:36:29.310,9.10204,9.10446,1.00,1.00
2016.12.28 08:36:29.793,9.10214,9.10446,1.00,1.00
2016.12.28 08:36:31.307,9.10214,9.10446,1.00,1.60
2016.12.28 08:36:31.359,9.10214,9.10446,1.00,1.35
2016.12.28 08:36:39.090,9.10224,9.10456,1.00,2.10
2016.12.28 08:36:40.187,9.10214,9.10456,1.00,2.10
2016.12.28 08:36:43.019,9.10223,9.10457,1.00,1.60
2016.12.28 08:36:49.280,9.10224,9.10456,1.00,1.60
2016.12.28 08:36:52.270,9.10214,9.10456,1.50,1.60
2016.12.28 08:36:57.781,9.10214,9.10456,1.00,1.60
2016.12.28 08:36:59.320,9.10214,9.10456,1.50,1.60
2016.12.28 08:37:00.009,9.10214,9.10456,1.50,1.60
2016.12.28 08:37:00.529,9.10214,9.10456,1.50,1.60
2016.12.28 08:37:00.757,9.10214,9.10456,1.50,1.60
2016.12.28 08:37:02.016,9.10214,9.10456,1.00,1.60
2016.12.28 08:37:02.543,9.10214,9.10456,1.00,1.60
2016.12.28 08:37:03.507,9.10214,9.10456,1.00,1.60
2016.12.28 08:37:04.006,9.10214,9.10456,1.00,1.60
2016.12.28 08:37:04.880,9.10214,9.10456,1.00,1.60
2016.12.28 08:37:05.032,9.10204,9.10456,1.00,1.60
2016.12.28 08:37:05.285,9.10204,9.10456,1.00,1.60
2016.12.28 08:37:05.512,9.10204,9.10456,1.00,1.60
2016.12.28 08:37:05.672,9.10194,9.10456,1.00,1.60
2016.12.28 08:37:06.153,9.10204,9.10456,1.00,1.60
2016.12.28 08:37:06.583,9.10204,9.10456,1.00,1.60
2016.12.28 08:37:07.017,9.10204,9.10456,1.00,1.60
2016.12.28 08:37:08.007,9.10204,9.10456,1.00,1.60
2016.12.28 08:37:08.518,9.10204,9.10456,1.00,1.60
2016.12.28 08:37:09.758,9.10204,9.10456,1.00,1.60
2016.12.28 08:37:10.083,9.10204,9.10456,1.00,1.60
2016.12.28 08:37:11.293,9.10204,9.10456,1.00,1.60
2016.12.28 08:37:11.811,9.10204,9.10456,1.00,1.60
2016.12.28 08:37:12.757,9.10204,9.10456,1.00,1.60
2016.12.28 08:37:13.257,9.10204,9.10456,1.00,1.60
2016.12.28 08:37:14.269,9.10204,9.10456,1.00,1.60
2016.12.28 08:37:14.757,9.10204,9.10456,1.00,1.60
2016.12.28 08:37:17.619,9.10204,9.10456,1.00,1.60
2016.12.28 08:37:18.257,9.10204,9.10456,1.00,1.60
2016.12.28 08:37:19.258,9.10204,9.10456,1.00,1.60
2016.12.28 08:37:20.112,9.10204,9.10456,1.00,1.60
2016.12.28 08:37:20.507,9.10204,9.10456,1.00,1.60
2016.12.28 08:37:21.007,9.10204,9.10456,1.00,1.60
2016.12.28 08:37:22.279,9.10204,9.10452,1.00,1.60
2016.12.28 08:37:22.756,9.10204,9.10452,1.00,1.60
2016.12.28 08:37:23.757,9.10204,9.10452,1.00,1.60
2016.12.28 08:37:24.257,9.10204,9.10452,1.00,1.60
2016.12.28 08:37:26.548,9.10214,9.10452,1.00,1.60
2016.12.28 08:37:26.877,9.10214,9.10452,1.00,1.60
2016.12.28 08:37:27.261,9.10214,9.10452,1.00,1.60
2016.12.28 08:37:27.527,9.10208,9.10452,1.00,1.60
2016.12.28 08:37:27.628,9.10204,9.10452,1.00,1.60
2016.12.28 08:37:28.292,9.10204,9.10452,1.50,1.60
2016.12.28 08:37:28.757,9.10204,9.10452,1.50,1.60
2016.12.28 08:37:33.964,9.10194,9.10442,1.50,1.35
2016.12.28 08:37:34.344,9.10193,9.10453,1.50,1.00
2016.12.28 08:37:34.395,9.10214,9.10452,1.00,1.00
2016.12.28 08:37:34.751,9.10218,9.10452,1.00,1.00
2016.12.28 08:37:35.932,9.10224,9.10452,1.00,1.00
2016.12.28 08:37:36.884,9.10224,9.10456,1.00,1.00
2016.12.28 08:37:43.439,9.10217,9.10457,1.00,1.00
2016.12.28 08:37:43.908,9.10224,9.10456,1.00,1.00
2016.12.28 08:37:46.419,9.10218,9.10456,1.00,1.00
2016.12.28 08:37:51.776,9.10226,9.10456,1.00,1.00
2016.12.28 08:37:52.493,9.10218,9.10456,1.00,1.00
2016.12.28 08:37:53.203,9.10218,9.10452,1.00,1.00
2016.12.28 08:38:00.508,9.10213,9.10453,1.00,1.00
2016.12.28 08:38:01.594,9.10213,9.10422,1.00,1.00
2016.12.28 08:38:22.077,9.10213,9.10423,1.00,1.00
2016.12.28 08:38:23.323,9.10214,9.10423,1.00,1.00
2016.12.28 08:38:32.577,9.10214,9.10422,1.00,1.00
2016.12.28 08:38:33.561,9.10218,9.10422,1.00,1.00
2016.12.28 08:38:34.053,9.10224,9.10422,1.00,1.00
2016.12.28 08:38:34.104,9.10224,9.10445,1.00,1.00
2016.12.28 08:38:44.085,9.10224,9.10444,1.00,1.00
2016.12.28 08:38:54.178,9.10224,9.10445,1.00,1.00
2016.12.28 08:38:57.909,9.10214,9.10445,1.00,1.00
2016.12.28 08:38:59.140,9.10213,9.10445,1.00,1.00
2016.12.28 08:39:03.384,9.10214,9.10421,1.00,1.00
2016.12.28 08:39:05.911,9.10213,9.10421,1.00,1.00
2016.12.28 08:39:11.295,9.10214,9.10421,1.00,1.00
2016.12.28 08:39:13.725,9.10214,9.1042,1.00,1.00
2016.12.28 08:39:14.230,9.10213,9.1042,1.00,1.00
2016.12.28 08:39:20.100,9.10214,9.1042,1.00,1.00
2016.12.28 08:39:23.678,9.10214,9.10421,1.00,1.00
2016.12.28 08:39:25.860,9.10218,9.10421,1.00,1.00
2016.12.28 08:39:30.494,9.10224,9.10421,1.00,1.00
2016.12.28 08:39:30.596,9.10224,9.10437,1.00,1.00
2016.12.28 08:39:34.579,9.10214,9.10437,1.00,1.00
2016.12.28 08:39:34.753,9.10218,9.10437,1.00,1.00
2016.12.28 08:39:35.569,9.10224,9.10437,1.00,1.00
2016.12.28 08:39:40.679,9.10224,9.10439,1.00,1.00
2016.12.28 08:39:41.016,9.10228,9.10439,1.00,1.00
2016.12.28 08:39:45.769,9.10224,9.10439,1.00,1.00
2016.12.28 08:39:45.820,9.10218,9.10439,1.00,1.00
2016.12.28 08:39:46.782,9.10224,9.10439,1.00,1.00
2016.12.28 08:39:47.113,9.10227,9.10439,1.00,1.00
2016.12.28 08:39:47.628,9.10228,9.10439,1.00,1.00
2016.12.28 08:39:49.768,9.10214,9.10439,1.00,1.00
2016.12.28 08:39:49.819,9.10224,9.10439,1.00,1.00
2016.12.28 08:39:50.792,9.10224,9.10438,1.00,1.00
2016.12.28 08:39:50.842,9.10214,9.10438,1.00,1.00
2016.12.28 08:40:05.348,9.10218,9.10438,1.00,1.00
2016.12.28 08:40:07.418,9.10224,9.10438,1.00,1.00
2016.12.28 08:40:08.467,9.10218,9.10438,1.00,1.00
2016.12.28 08:40:08.619,9.10214,9.10438,1.00,1.00
2016.12.28 08:40:09.144,9.10218,9.10438,1.00,1.00
2016.12.28 08:40:12.756,9.10224,9.10438,1.00,1.00
2016.12.28 08:40:13.696,9.10228,9.10438,1.00,1.00
2016.12.28 08:40:21.821,9.10228,9.10437,1.00,1.00
2016.12.28 08:40:23.752,9.10224,9.10437,1.00,1.00
2016.12.28 08:40:30.248,9.10223,9.10437,1.00,1.00
2016.12.28 08:40:30.364,9.10214,9.10437,1.00,1.00
2016.12.28 08:40:31.876,9.10214,9.10438,1.00,1.00
2016.12.28 08:40:53.339,9.10213,9.10438,1.00,1.00
2016.12.28 08:40:55.512,9.10214,9.10438,1.00,1.00
2016.12.28 08:40:55.563,9.10214,9.10431,1.00,1.00
2016.12.28 08:41:00.922,9.10204,9.10431,1.00,1.00
2016.12.28 08:41:01.808,9.10208,9.10431,1.00,1.00
2016.12.28 08:41:02.112,9.10214,9.10431,1.00,1.00
2016.12.28 08:41:05.395,9.10208,9.10431,1.00,1.00
2016.12.28 08:41:05.908,9.10208,9.10432,1.00,1.00
2016.12.28 08:41:06.422,9.10214,9.10432,1.00,1.00
2016.12.28 08:41:09.307,9.10213,9.10432,1.00,1.00
2016.12.28 08:41:13.047,9.10214,9.10432,1.00,1.00
2016.12.28 08:41:32.983,9.10214,9.10442,1.00,1.00
2016.12.28 08:41:36.538,9.10204,9.10442,1.00,1.00
2016.12.28 08:41:38.173,9.10214,9.10442,1.00,1.00
2016.12.28 08:41:41.558,9.10214,9.10441,1.00,1.00
2016.12.28 08:41:43.051,9.10214,9.10442,1.00,1.00
2016.12.28 08:41:47.062,9.10214,9.10425,1.00,1.00
2016.12.28 08:41:47.366,9.10174,9.10332,1.00,1.60
2016.12.28 08:41:47.417,9.10114,9.10319,1.00,1.79
2016.12.28 08:41:47.519,9.10114,9.10316,1.60,1.19
2016.12.28 08:41:47.621,9.10098,9.10336,2.47,1.00
2016.12.28 08:41:47.672,9.10178,9.10361,1.00,1.75
2016.12.28 08:41:47.723,9.10178,9.10352,1.00,1.00
2016.12.28 08:41:47.774,9.10088,9.10372,1.00,1.37
2016.12.28 08:41:47.825,9.10088,9.10342,1.87,1.00
2016.12.28 08:41:47.977,9.10088,9.10342,1.37,1.00
2016.12.28 08:41:48.028,9.10098,9.10342,1.00,1.50
2016.12.28 08:41:48.331,9.10094,9.10332,1.00,1.00
2016.12.28 08:41:48.674,9.10078,9.10332,1.00,1.00
2016.12.28 08:41:49.657,9.10068,9.10332,1.37,1.00
2016.12.28 08:41:49.972,9.10068,9.10342,1.37,1.00
2016.12.28 08:41:50.971,9.10058,9.10352,1.50,1.00
2016.12.28 08:41:51.022,9.10058,9.10352,1.50,1.37
2016.12.28 08:41:51.388,9.10058,9.10339,1.50,1.00
2016.12.28 08:41:52.190,9.10053,9.10339,1.75,1.00
2016.12.28 08:41:52.632,9.10064,9.10352,1.75,1.50
2016.12.28 08:41:53.368,9.10058,9.10354,1.75,1.00
2016.12.28 08:41:53.419,9.10058,9.10356,1.75,1.50
2016.12.28 08:41:53.833,9.10058,9.10346,1.75,1.00
2016.12.28 08:41:54.879,9.10064,9.10346,1.75,1.00
2016.12.28 08:41:55.405,9.10064,9.10352,1.75,1.00
2016.12.28 08:41:55.591,9.10057,9.10342,1.75,1.00
2016.12.28 08:41:55.789,9.10054,9.10352,1.75,1.00
2016.12.28 08:41:56.544,9.10063,9.10353,1.75,1.00
2016.12.28 08:41:58.187,9.10058,9.10352,1.75,1.00
2016.12.28 08:41:58.238,9.10058,9.10343,1.75,1.00
2016.12.28 08:41:58.395,9.10058,9.10352,1.75,1.00
2016.12.28 08:41:58.796,9.10068,9.10345,1.50,1.00
2016.12.28 08:42:01.336,9.10068,9.10342,1.75,1.00
2016.12.28 08:42:01.488,9.10068,9.10345,1.75,1.00
2016.12.28 08:42:01.641,9.10068,9.10356,1.75,1.12
2016.12.28 08:42:02.317,9.10068,9.10344,1.75,1.00
2016.12.28 08:42:05.314,9.10075,9.10344,1.75,1.00
2016.12.28 08:42:05.676,9.10076,9.10344,1.75,1.00
2016.12.28 08:42:05.982,9.10074,9.10356,1.75,1.00
2016.12.28 08:42:06.513,9.10067,9.10356,1.75,1.00
2016.12.28 08:42:07.034,9.10078,9.10356,1.50,1.00
2016.12.28 08:42:07.585,9.10077,9.10356,1.50,1.00
2016.12.28 08:42:08.097,9.10078,9.10356,1.50,1.00
2016.12.28 08:42:08.647,9.10078,9.10362,1.50,1.37
2016.12.28 08:42:09.178,9.10078,9.10356,1.50,1.00
2016.12.28 08:42:10.041,9.10078,9.10362,1.50,1.37
2016.12.28 08:42:11.176,9.10068,9.10352,1.75,1.00
2016.12.28 08:42:11.514,9.10078,9.10349,1.50,1.00
2016.12.28 08:42:11.983,9.10078,9.10352,1.50,1.00
2016.12.28 08:42:12.440,9.10063,9.10363,1.75,1.37
2016.12.28 08:42:12.598,9.10064,9.10348,1.75,1.00
2016.12.28 08:42:12.854,9.10068,9.10362,1.75,1.37
2016.12.28 08:42:13.287,9.10078,9.10348,1.50,1.00
2016.12.28 08:42:13.500,9.10077,9.10363,1.50,1.87
2016.12.28 08:42:14.021,9.10078,9.10359,1.50,1.37
2016.12.28 08:42:16.112,9.10078,9.10362,1.50,1.37
2016.12.28 08:42:18.680,9.10077,9.10363,1.75,1.37
2016.12.28 08:42:19.206,9.10078,9.10362,1.75,1.37
2016.12.28 08:42:21.700,9.10088,9.10352,1.50,1.00
2016.12.28 08:42:22.261,9.10087,9.10353,1.50,1.00
2016.12.28 08:42:22.775,9.10078,9.10352,1.75,1.00
2016.12.28 08:42:24.411,9.10077,9.10353,1.75,1.00
2016.12.28 08:42:24.936,9.10078,9.10352,1.75,1.00
2016.12.28 08:42:32.332,9.10077,9.10353,1.75,1.00
2016.12.28 08:42:32.888,9.10088,9.10353,1.50,1.00
2016.12.28 08:42:33.361,9.10088,9.10353,1.75,1.00
2016.12.28 08:42:33.469,9.10088,9.10362,1.75,1.00
2016.12.28 08:42:34.862,9.10098,9.10372,1.50,1.00
2016.12.28 08:42:35.724,9.10093,9.10373,1.75,1.00
2016.12.28 08:42:35.776,9.10094,9.10362,1.75,1.00
2016.12.28 08:42:36.111,9.10098,9.10359,1.50,1.00
2016.12.28 08:42:36.213,9.10098,9.10362,1.50,1.00
2016.12.28 08:42:36.812,9.10098,9.10372,1.50,1.00
2016.12.28 08:42:38.236,9.10098,9.10362,1.50,1.00
2016.12.28 08:42:39.818,9.10098,9.10372,1.50,1.00
2016.12.28 08:42:40.914,9.1011,9.10372,1.00,1.00
2016.12.28 08:42:41.015,9.10098,9.10372,1.50,1.00
2016.12.28 08:42:41.559,9.10108,9.10372,1.00,1.00
2016.12.28 08:42:42.132,9.10098,9.10372,2.25,1.00
2016.12.28 08:42:42.562,9.10108,9.10373,1.00,1.00
2016.12.28 08:42:43.261,9.10098,9.10372,1.50,1.00
2016.12.28 08:42:44.491,9.101,9.10373,1.37,1.00
2016.12.28 08:42:45.135,9.10101,9.10372,1.37,1.00
2016.12.28 08:42:45.683,9.10108,9.10372,1.00,1.00
2016.12.28 08:42:45.885,9.10108,9.10377,1.00,1.12
2016.12.28 08:42:46.053,9.10113,9.10377,1.00,1.12
2016.12.28 08:42:46.154,9.10108,9.10377,1.12,1.00
2016.12.28 08:42:47.390,9.10109,9.10377,1.00,1.00
2016.12.28 08:42:47.617,9.10113,9.10377,1.00,1.00
2016.12.28 08:42:48.479,9.10113,9.10382,1.00,1.00
2016.12.28 08:42:48.718,9.10108,9.10382,1.00,1.00
2016.12.28 08:42:48.819,9.1011,9.10383,1.00,1.00
2016.12.28 08:42:49.638,9.10111,9.10382,1.00,1.00
2016.12.28 08:42:51.384,9.10104,9.10382,1.50,1.00
2016.12.28 08:42:52.127,9.10116,9.10382,1.00,1.00
2016.12.28 08:42:52.466,9.10127,9.10382,1.00,1.00
2016.12.28 08:42:52.571,9.10115,9.10382,1.00,1.00
2016.12.28 08:42:55.845,9.10115,9.10383,1.00,1.00
2016.12.28 08:42:55.896,9.10115,9.10392,1.00,1.00
2016.12.28 08:42:55.947,9.10115,9.10392,1.37,1.00
2016.12.28 08:42:57.431,9.10114,9.1038,1.75,1.00
2016.12.28 08:42:58.401,9.10107,9.1038,1.75,1.00
2016.12.28 08:42:58.452,9.10107,9.10393,1.75,1.00
2016.12.28 08:42:59.011,9.10108,9.10392,1.75,1.00
2016.12.28 08:42:59.501,9.10108,9.1038,1.75,1.00
2016.12.28 08:43:03.164,9.10108,9.10392,1.75,1.00
2016.12.28 08:43:03.750,9.10113,9.10393,1.75,1.00
2016.12.28 08:43:04.442,9.10111,9.10392,1.75,1.00
2016.12.28 08:43:04.578,9.10111,9.10394,1.75,1.00
2016.12.28 08:43:05.121,9.1011,9.10393,1.75,1.00
2016.12.28 08:43:05.688,9.10114,9.10392,1.75,1.00
2016.12.28 08:43:06.247,9.10114,9.1038,1.75,1.00
2016.12.28 08:43:06.399,9.10114,9.1038,1.75,1.00
2016.12.28 08:43:07.293,9.10108,9.10382,1.75,1.00
2016.12.28 08:43:09.583,9.10101,9.10392,1.75,1.00
2016.12.28 08:43:09.836,9.10129,9.10392,1.00,1.00
2016.12.28 08:43:09.944,9.10119,9.10392,1.37,1.00
2016.12.28 08:43:12.802,9.10118,9.10391,1.50,1.00
2016.12.28 08:43:15.221,9.10127,9.10391,1.37,1.00
2016.12.28 08:43:16.317,9.10127,9.10392,1.37,1.00
2016.12.28 08:43:16.418,9.10127,9.10396,1.50,1.00
2016.12.28 08:43:16.864,9.10114,9.10392,1.75,1.00
2016.12.28 08:43:17.382,9.10128,9.10393,1.37,1.00
2016.12.28 08:43:17.962,9.10128,9.10392,1.50,1.00
2016.12.28 08:43:19.666,9.10117,9.10393,1.75,1.00
2016.12.28 08:43:20.295,9.1013,9.10392,1.37,1.00
2016.12.28 08:43:24.471,9.10114,9.10392,1.75,1.00
2016.12.28 08:43:25.682,9.10107,9.10393,1.75,1.00
2016.12.28 08:43:26.235,9.10108,9.10392,1.75,1.00
2016.12.28 08:43:27.084,9.10107,9.10393,1.75,1.00
2016.12.28 08:43:27.259,9.10098,9.10396,1.75,1.00
2016.12.28 08:43:28.510,9.10098,9.10394,1.75,1.00
2016.12.28 08:43:33.219,9.10104,9.10392,1.75,1.00
2016.12.28 08:43:41.830,9.10088,9.10392,1.75,1.00
2016.12.28 08:43:42.390,9.10104,9.10392,1.75,1.00
2016.12.28 08:43:43.104,9.10088,9.10392,1.75,1.00
2016.12.28 08:43:43.653,9.10089,9.10392,1.75,1.50
2016.12.28 08:43:44.341,9.10089,9.10393,1.75,1.00
2016.12.28 08:43:45.339,9.10089,9.10392,1.75,1.00
2016.12.28 08:43:45.493,9.10099,9.10392,1.75,1.00
2016.12.28 08:43:45.695,9.10099,9.10392,1.75,1.00
2016.12.28 08:43:46.419,9.10108,9.10393,1.75,1.00
2016.12.28 08:43:47.759,9.10109,9.10392,1.75,1.00
2016.12.28 08:43:48.759,9.10108,9.10393,1.75,1.00
2016.12.28 08:43:49.297,9.10094,9.10394,1.75,1.00
2016.12.28 08:43:50.918,9.10095,9.10394,1.37,1.00
2016.12.28 08:43:51.461,9.10096,9.10394,1.37,1.00
2016.12.28 08:43:57.214,9.10095,9.10394,1.75,1.00
2016.12.28 08:43:57.741,9.10096,9.10394,1.75,1.00
2016.12.28 08:44:02.081,9.10105,9.10394,1.75,1.00
2016.12.28 08:44:02.591,9.10106,9.10394,1.75,1.00
2016.12.28 08:44:06.983,9.10106,9.1039,1.75,1.00
2016.12.28 08:44:07.262,9.10106,9.10394,1.75,1.00
2016.12.28 08:44:07.682,9.10106,9.10392,1.75,1.00
2016.12.28 08:44:07.851,9.10106,9.10394,1.75,1.00
2016.12.28 08:44:08.503,9.10106,9.10397,1.75,1.00
2016.12.28 08:44:18.335,9.10108,9.10397,1.75,1.50
2016.12.28 08:44:19.241,9.10109,9.10397,1.75,1.50
2016.12.28 08:44:20.218,9.10108,9.10397,1.75,1.50
2016.12.28 08:44:20.736,9.10104,9.10397,1.75,1.00
2016.12.28 08:44:23.933,9.10104,9.10392,1.75,1.00
2016.12.28 08:44:28.540,9.10104,9.10391,1.75,1.00
2016.12.28 08:44:39.725,9.10111,9.10386,1.75,1.00
2016.12.28 08:44:44.721,9.1011,9.10386,1.75,1.00
2016.12.28 08:44:45.327,9.10097,9.10386,1.75,1.00
2016.12.28 08:44:53.243,9.10111,9.10386,1.75,1.00
2016.12.28 08:44:53.805,9.10102,9.10386,1.75,1.00
2016.12.28 08:44:56.112,9.10093,9.10386,1.75,1.00
2016.12.28 08:44:56.635,9.10094,9.10386,1.75,1.00
2016.12.28 08:44:58.226,9.10094,9.10382,1.75,1.37
2016.12.28 08:44:58.814,9.10094,9.10386,1.75,1.37
2016.12.28 08:45:04.373,9.10083,9.10386,1.75,1.37
2016.12.28 08:45:05.000,9.10084,9.10386,1.75,1.37
2016.12.28 08:45:05.570,9.10098,9.10383,1.37,1.37
2016.12.28 08:45:06.118,9.10083,9.10382,1.37,1.37
2016.12.28 08:45:07.110,9.10082,9.10386,1.75,1.37
2016.12.28 08:45:07.660,9.10083,9.10386,1.75,1.37
2016.12.28 08:45:08.500,9.10084,9.10386,1.75,1.00
2016.12.28 08:45:09.094,9.10083,9.10382,1.75,1.00
2016.12.28 08:45:09.196,9.10083,9.10386,1.75,1.00
2016.12.28 08:45:09.361,9.10083,9.10382,1.75,1.00
2016.12.28 08:45:09.793,9.10083,9.10386,1.75,1.00
2016.12.28 08:45:09.945,9.10083,9.10382,1.75,1.00
2016.12.28 08:45:09.997,9.10083,9.10386,1.75,1.00
2016.12.28 08:45:10.179,9.10083,9.10382,1.75,1.00
2016.12.28 08:45:10.230,9.10082,9.10386,1.75,1.00
2016.12.28 08:45:10.281,9.10083,9.10382,1.75,1.00
2016.12.28 08:45:11.084,9.10083,9.10372,1.75,1.00
2016.12.28 08:45:11.255,9.10083,9.10382,1.75,1.00
2016.12.28 08:45:11.306,9.10083,9.10386,1.75,1.00
2016.12.28 08:45:11.407,9.10083,9.10382,1.75,1.00
2016.12.28 08:45:11.458,9.10083,9.10386,1.75,1.00
2016.12.28 08:45:11.758,9.10083,9.10382,1.75,1.00
2016.12.28 08:45:12.236,9.10082,9.10373,1.75,1.00
2016.12.28 08:45:12.287,9.10083,9.10382,1.75,1.00
2016.12.28 08:45:12.768,9.10083,9.10386,1.75,1.00
2016.12.28 08:45:12.900,9.10083,9.10382,1.75,1.00
2016.12.28 08:45:13.126,9.10083,9.10386,1.75,1.00
2016.12.28 08:45:13.296,9.10083,9.10382,1.75,1.00
2016.12.28 08:45:13.567,9.10083,9.10386,1.75,1.00
2016.12.28 08:45:13.668,9.10083,9.10386,1.75,1.37
2016.12.28 08:45:14.880,9.10079,9.10372,1.12,1.00
2016.12.28 08:45:14.931,9.10078,9.10373,1.12,1.00
2016.12.28 08:45:14.982,9.10078,9.1037,1.12,1.00
2016.12.28 08:45:15.285,9.10084,9.10375,1.75,1.00
2016.12.28 08:45:15.771,9.10072,9.10372,1.75,1.00
2016.12.28 08:45:15.983,9.10072,9.10375,1.75,1.00
2016.12.28 08:45:16.034,9.10072,9.10372,1.75,1.00
2016.12.28 08:45:16.085,9.10072,9.10375,1.75,1.00
2016.12.28 08:45:16.236,9.10071,9.10373,1.75,1.00
2016.12.28 08:45:16.787,9.10072,9.10375,1.75,1.00
2016.12.28 08:45:16.888,9.10072,9.10372,1.75,1.00
2016.12.28 08:45:16.939,9.10072,9.10375,1.75,1.00
2016.12.28 08:45:17.255,9.10081,9.10373,1.75,1.00
2016.12.28 08:45:17.520,9.10071,9.10375,1.75,1.00
2016.12.28 08:45:18.258,9.10068,9.10375,1.12,1.00
2016.12.28 08:45:18.762,9.10072,9.10372,1.75,1.00
2016.12.28 08:45:18.813,9.10072,9.10375,1.75,1.00
2016.12.28 08:45:18.979,9.10072,9.10372,1.75,1.00
2016.12.28 08:45:19.029,9.10072,9.10375,1.75,1.00
2016.12.28 08:45:20.390,9.10071,9.10373,1.75,1.00
2016.12.28 08:45:20.443,9.10071,9.10375,1.75,1.00
2016.12.28 08:45:20.960,9.10072,9.10375,1.75,1.00
2016.12.28 08:45:21.011,9.10071,9.10373,1.75,1.00
2016.12.28 08:45:21.213,9.10069,9.10375,1.12,1.00
2016.12.28 08:45:21.803,9.10069,9.10372,1.12,1.00
2016.12.28 08:45:21.904,9.10068,9.10375,1.12,1.00
2016.12.28 08:45:22.059,9.10068,9.10373,1.12,1.00
2016.12.28 08:45:22.223,9.10069,9.10375,1.12,1.00
2016.12.28 08:45:22.536,9.10069,9.10372,1.12,1.00
2016.12.28 08:45:22.713,9.10069,9.10375,1.12,1.00
2016.12.28 08:45:23.253,9.10068,9.10375,1.12,1.00
2016.12.28 08:45:23.579,9.10069,9.10372,1.12,1.00
2016.12.28 08:45:23.763,9.10069,9.10375,1.12,1.00
2016.12.28 08:45:24.297,9.10071,9.10372,1.75,1.00
2016.12.28 08:45:24.348,9.10071,9.10375,1.75,1.00
2016.12.28 08:45:24.923,9.10071,9.10372,1.75,1.00
2016.12.28 08:45:25.230,9.10071,9.10362,1.75,1.00
2016.12.28 08:45:25.281,9.10071,9.10372,1.75,1.50
2016.12.28 08:45:25.483,9.10071,9.10372,1.75,1.00
2016.12.28 08:45:25.534,9.10071,9.10362,1.75,1.00
2016.12.28 08:45:25.688,9.10059,9.10372,1.75,1.50
2016.12.28 08:45:25.823,9.10048,9.10372,1.12,1.37
2016.12.28 08:45:26.126,9.10047,9.10368,1.75,1.75
2016.12.28 08:45:26.672,9.10047,9.10344,1.75,1.00
2016.12.28 08:45:26.999,9.10047,9.10349,1.75,1.00
2016.12.28 08:45:28.450,9.10047,9.10342,1.75,1.00
2016.12.28 08:45:28.501,9.10037,9.10342,1.75,1.00
2016.12.28 08:45:30.749,9.10046,9.10342,1.75,1.12
2016.12.28 08:45:31.283,9.10047,9.10342,1.75,1.12
2016.12.28 08:45:35.612,9.10036,9.10342,1.75,1.12
2016.12.28 08:45:36.114,9.10037,9.10342,1.75,1.12
2016.12.28 08:45:42.770,9.10029,9.10339,1.12,1.00
2016.12.28 08:45:42.872,9.10029,9.10313,1.12,1.00
2016.12.28 08:45:42.973,9.10029,9.10339,1.12,1.50
2016.12.28 08:45:43.024,9.10029,9.10312,1.12,1.00
2016.12.28 08:45:43.176,9.10008,9.103,1.75,1.00
2016.12.28 08:45:43.227,9.10007,9.103,1.75,1.00
2016.12.28 08:45:43.278,9.10007,9.10313,1.94,1.00
2016.12.28 08:45:43.379,9.10008,9.10312,1.94,1.00
2016.12.28 08:45:43.531,9.1002,9.10322,1.19,1.37
2016.12.28 08:45:43.876,9.09999,9.10322,1.75,1.75
2016.12.28 08:45:43.927,9.09998,9.10311,1.75,1.37
2016.12.28 08:45:44.271,9.09977,9.10311,1.24,1.75
2016.12.28 08:45:46.306,9.10008,9.1028,1.19,1.00
2016.12.28 08:45:46.408,9.10008,9.103,1.19,1.00
2016.12.28 08:45:46.509,9.10008,9.1031,1.19,1.75
2016.12.28 08:45:57.339,9.10013,9.10318,1.19,1.75
2016.12.28 08:45:58.419,9.10014,9.10318,1.19,1.75
2016.12.28 08:45:58.983,9.09991,9.10318,1.09,1.75
2016.12.28 08:46:02.561,9.10004,9.10316,1.56,1.00
2016.12.28 08:46:07.229,9.10016,9.10317,1.19,1.00
2016.12.28 08:46:07.770,9.10005,9.10316,1.56,1.00
2016.12.28 08:46:08.431,9.10005,9.1031,1.56,1.00
2016.12.28 08:46:08.810,9.09998,9.1031,1.34,1.37
2016.12.28 08:46:10.868,9.10027,9.1031,1.00,1.37
2016.12.28 08:46:10.919,9.10008,9.1031,1.19,1.37
2016.12.28 08:46:12.289,9.10007,9.1031,1.19,1.37
2016.12.28 08:46:12.605,9.10014,9.1031,1.00,1.00
2016.12.28 08:46:13.144,9.09998,9.1031,1.56,1.00
2016.12.28 08:46:13.331,9.09998,9.10306,1.56,1.75
2016.12.28 08:46:13.382,9.09997,9.10307,1.37,1.75
2016.12.28 08:46:13.483,9.09998,9.10289,1.56,1.37
2016.12.28 08:46:16.339,9.09998,9.10282,1.19,1.00
2016.12.28 08:46:16.957,9.09998,9.10282,1.19,1.37
2016.12.28 08:46:18.984,9.09988,9.10282,1.12,1.00
2016.12.28 08:46:19.086,9.09988,9.10282,1.31,1.00
2016.12.28 08:46:19.421,9.09998,9.10282,1.00,1.00
2016.12.28 08:46:20.016,9.09998,9.10276,1.00,1.00
2016.12.28 08:46:20.378,9.09998,9.10266,1.00,1.00
2016.12.28 08:46:20.984,9.09997,9.10266,1.00,1.00
2016.12.28 08:46:22.435,9.09998,9.10266,1.00,1.00
2016.12.28 08:46:23.484,9.10008,9.10266,1.00,1.00
2016.12.28 08:46:24.494,9.10007,9.10266,1.00,1.00
2016.12.28 08:46:25.178,9.10008,9.10266,1.00,1.00
2016.12.28 08:46:28.506,9.10008,9.10272,1.00,1.50
2016.12.28 08:46:28.907,9.10018,9.10272,1.00,1.00
2016.12.28 08:46:29.917,9.10008,9.10272,1.00,1.00
2016.12.28 08:46:30.810,9.10018,9.10272,1.00,1.00
2016.12.28 08:46:31.857,9.10008,9.10272,1.00,1.00
2016.12.28 08:46:32.364,9.10007,9.10272,1.00,1.00
2016.12.28 08:46:32.871,9.10008,9.10272,1.00,1.00
2016.12.28 08:46:34.917,9.10018,9.10272,1.00,1.00
2016.12.28 08:46:35.588,9.09998,9.10272,1.00,1.00
2016.12.28 08:46:35.894,9.10004,9.10272,1.00,1.00
2016.12.28 08:46:36.227,9.10008,9.10272,1.00,1.00
2016.12.28 08:46:37.047,9.10018,9.10272,1.00,1.00
2016.12.28 08:46:37.584,9.10028,9.10272,1.00,1.00
2016.12.28 08:46:38.599,9.10018,9.10272,1.00,1.00
2016.12.28 08:46:41.561,9.10028,9.10272,1.00,1.00
2016.12.28 08:46:41.723,9.09988,9.10272,1.19,1.00
2016.12.28 08:46:48.424,9.09988,9.1028,1.19,1.37
2016.12.28 08:46:48.595,9.09988,9.1028,1.19,1.37
2016.12.28 08:46:50.665,9.09998,9.1028,1.00,1.37
2016.12.28 08:46:53.075,9.09998,9.1028,1.00,1.37
2016.12.28 08:46:54.107,9.09997,9.1028,1.00,1.37
2016.12.28 08:46:54.766,9.09998,9.1028,1.00,1.37
2016.12.28 08:46:55.103,9.10008,9.1028,1.00,1.37
2016.12.28 08:46:56.191,9.09997,9.1028,1.00,1.37
2016.12.28 08:46:56.593,9.10008,9.1028,1.00,1.37
2016.12.28 08:46:56.804,9.10008,9.1028,1.00,1.00
2016.12.28 08:46:57.418,9.10007,9.1028,1.00,1.00
2016.12.28 08:46:57.933,9.10008,9.1028,1.00,1.00
2016.12.28 08:46:58.034,9.10008,9.10302,1.00,1.12
2016.12.28 08:46:58.302,9.10018,9.10302,1.00,1.00
2016.12.28 08:47:01.147,9.10023,9.10302,1.00,1.00
2016.12.28 08:47:02.592,9.10024,9.10302,1.00,1.50
2016.12.28 08:47:03.192,9.10023,9.10302,1.00,1.00
2016.12.28 08:47:04.041,9.10028,9.10302,1.00,1.50
2016.12.28 08:47:06.325,9.10013,9.10302,1.37,1.50
2016.12.28 08:47:07.466,9.10028,9.10302,1.00,1.50
2016.12.28 08:47:08.061,9.10028,9.10296,1.00,1.00
2016.12.28 08:47:08.605,9.10028,9.10302,1.00,1.00
2016.12.28 08:47:09.261,9.10028,9.10305,1.00,1.00
2016.12.28 08:47:09.749,9.10013,9.10305,1.37,1.00
2016.12.28 08:47:09.800,9.09999,9.10296,1.75,1.00
2016.12.28 08:47:09.851,9.09999,9.10305,1.75,1.00
2016.12.28 08:47:10.265,9.09999,9.10305,1.75,1.37
2016.12.28 08:47:11.638,9.09998,9.10305,1.75,1.37
2016.12.28 08:47:12.181,9.09999,9.10305,1.75,1.37
2016.12.28 08:47:12.679,9.09978,9.10302,1.75,1.37
2016.12.28 08:47:12.780,9.09978,9.10305,1.75,1.75
2016.12.28 08:47:13.130,9.09933,9.10283,1.94,1.75
2016.12.28 08:47:13.912,9.09933,9.10283,1.94,1.75
2016.12.28 08:47:13.963,9.09978,9.10283,1.56,1.75
2016.12.28 08:47:14.014,9.09966,9.10283,1.75,1.75
2016.12.28 08:47:14.521,9.09933,9.10283,1.94,1.75
2016.12.28 08:47:17.062,9.09946,9.10262,1.19,1.50
2016.12.28 08:47:17.164,9.09934,9.10262,1.56,1.87
2016.12.28 08:47:17.265,9.09934,9.10262,1.75,1.87
2016.12.28 08:47:17.367,9.09927,9.10262,1.31,1.87
2016.12.28 08:47:17.704,9.0993,9.10255,1.56,1.12
2016.12.28 08:47:18.507,9.09937,9.10255,1.19,1.12
2016.12.28 08:47:19.045,9.09935,9.10255,1.19,1.12
2016.12.28 08:47:19.578,9.09957,9.1026,1.19,1.12
2016.12.28 08:47:21.637,9.09931,9.1026,1.56,1.12
2016.12.28 08:47:21.890,9.09938,9.10256,1.19,1.12
2016.12.28 08:47:23.664,9.09943,9.10257,1.19,1.75
2016.12.28 08:47:24.205,9.09939,9.10256,1.19,1.12
2016.12.28 08:47:27.319,9.09955,9.1026,1.19,1.12
2016.12.28 08:47:27.370,9.09955,9.10256,1.19,1.00
2016.12.28 08:47:27.421,9.09969,9.10256,1.00,1.00
2016.12.28 08:47:27.751,9.09969,9.10229,1.00,1.00
2016.12.28 08:47:27.802,9.09969,9.1025,1.00,1.00
2016.12.28 08:47:27.853,9.09959,9.1025,1.19,1.00
2016.12.28 08:47:28.491,9.09959,9.10243,1.19,1.00
2016.12.28 08:47:31.532,9.09938,9.10243,1.19,1.37
2016.12.28 08:47:31.842,9.09938,9.10236,1.19,1.00
2016.12.28 08:47:31.893,9.09938,9.10243,1.19,1.00
2016.12.28 08:47:32.466,9.09938,9.10243,1.19,1.37
2016.12.28 08:47:32.970,9.09938,9.10243,1.19,1.00
2016.12.28 08:47:33.795,9.09937,9.10243,1.19,1.00
2016.12.28 08:47:34.331,9.0994,9.10243,1.19,1.00
2016.12.28 08:47:36.728,9.09938,9.10243,1.19,1.37
2016.12.28 08:47:39.195,9.09938,9.10243,1.69,1.00
2016.12.28 08:47:39.305,9.09938,9.10243,1.19,1.37
2016.12.28 08:47:44.825,9.09947,9.10243,1.19,1.37
2016.12.28 08:47:45.894,9.09948,9.10243,1.19,1.75
2016.12.28 08:47:47.121,9.09968,9.10243,1.00,1.37
2016.12.28 08:47:47.274,9.09944,9.10243,1.19,1.37
2016.12.28 08:47:48.427,9.09928,9.10237,1.56,1.00
2016.12.28 08:47:54.260,9.0992,9.10237,1.37,1.00
2016.12.28 08:47:54.409,9.0992,9.10237,1.56,1.00
2016.12.28 08:47:54.460,9.0992,9.10237,1.37,1.00
2016.12.28 08:47:55.023,9.0992,9.10237,1.56,1.00
2016.12.28 08:48:00.812,9.09941,9.10237,1.00,1.00
2016.12.28 08:48:01.151,9.09929,9.10237,1.56,1.00
2016.12.28 08:48:04.206,9.09917,9.10237,1.31,1.00
2016.12.28 08:48:04.886,9.09905,9.10237,1.31,1.00
2016.12.28 08:48:08.445,9.09931,9.10225,1.19,1.00
2016.12.28 08:48:15.195,9.09911,9.10225,1.31,1.00
2016.12.28 08:48:16.386,9.09911,9.10225,1.31,1.00
2016.12.28 08:48:27.589,9.09945,9.10225,1.00,1.00
2016.12.28 08:48:27.640,9.09924,9.10225,1.94,1.00
2016.12.28 08:48:28.606,9.09944,9.10225,1.00,1.00
2016.12.28 08:48:29.185,9.09939,9.10225,1.00,1.00
2016.12.28 08:48:29.504,9.09928,9.10225,1.56,1.00
2016.12.28 08:48:29.605,9.09937,9.10225,1.00,1.00
2016.12.28 08:48:29.963,9.09928,9.10225,1.56,1.00
2016.12.28 08:48:30.167,9.09944,9.10225,1.00,1.00
2016.12.28 08:48:30.385,9.09936,9.10225,1.00,1.00
2016.12.28 08:48:30.639,9.09865,9.10089,3.75,1.00
2016.12.28 08:48:30.690,9.09826,9.10089,1.12,1.00
2016.12.28 08:48:30.741,9.09837,9.10058,1.37,1.00
2016.12.28 08:48:31.045,9.09923,9.10166,1.37,1.00
2016.12.28 08:48:31.096,9.0989,9.10166,1.00,1.00
2016.12.28 08:48:31.146,9.09877,9.10141,1.00,1.00
2016.12.28 08:48:31.197,9.0987,9.10141,1.00,1.00
2016.12.28 08:48:31.299,9.09864,9.10141,1.00,1.00
2016.12.28 08:48:31.350,9.09874,9.10141,1.00,1.00
2016.12.28 08:48:31.502,9.09857,9.10141,1.00,1.00
2016.12.28 08:48:31.553,9.09842,9.10141,1.37,1.00
2016.12.28 08:48:31.604,9.09904,9.10141,1.00,1.00
2016.12.28 08:48:31.655,9.09874,9.10141,1.00,1.00
2016.12.28 08:48:31.757,9.09861,9.10141,1.00,1.00
2016.12.28 08:48:32.539,9.09874,9.10148,1.00,1.60
2016.12.28 08:48:32.941,9.09874,9.10144,1.00,1.00
2016.12.28 08:48:33.256,9.09874,9.10134,1.00,1.00
2016.12.28 08:48:33.580,9.09874,9.10118,1.00,1.00
2016.12.28 08:48:33.833,9.09861,9.10118,1.00,1.00
2016.12.28 08:48:33.946,9.09874,9.10118,1.00,1.00
2016.12.28 08:48:35.719,9.09873,9.10118,1.00,1.00
2016.12.28 08:48:35.770,9.09863,9.10118,1.00,1.00
2016.12.28 08:48:35.871,9.09874,9.10118,1.00,1.00
2016.12.28 08:48:38.732,9.09856,9.10118,1.00,1.00
2016.12.28 08:48:38.891,9.09867,9.10118,1.00,1.00
2016.12.28 08:48:41.266,9.09867,9.1015,1.00,1.60
2016.12.28 08:48:42.008,9.09867,9.1015,1.00,1.60
2016.12.28 08:48:43.405,9.09866,9.1015,1.00,1.60
2016.12.28 08:48:43.919,9.09867,9.1015,1.00,1.60
2016.12.28 08:48:45.537,9.09879,9.10142,1.00,1.35
2016.12.28 08:48:48.072,9.09879,9.10152,1.00,1.60
2016.12.28 08:48:49.017,9.09878,9.1015,1.00,1.60
2016.12.28 08:48:49.556,9.09893,9.10155,1.00,1.60
2016.12.28 08:48:50.656,9.09904,9.10156,1.00,1.60
2016.12.28 08:48:51.708,9.09903,9.10157,1.00,1.60
2016.12.28 08:48:52.228,9.09904,9.10156,1.00,1.60
2016.12.28 08:48:52.572,9.09904,9.10156,1.00,1.60
2016.12.28 08:48:52.685,9.09894,9.10156,1.00,1.60
2016.12.28 08:48:53.091,9.09894,9.10156,1.00,1.60
2016.12.28 08:48:53.199,9.09854,9.09966,1.50,4.00
2016.12.28 08:48:53.250,9.09811,9.09976,1.37,1.00
2016.12.28 08:48:53.301,9.09811,9.10043,1.37,1.75
2016.12.28 08:48:53.352,9.09791,9.09974,1.00,1.00
2016.12.28 08:48:53.675,9.09769,9.10028,1.00,1.00
2016.12.28 08:48:53.726,9.09769,9.10049,1.00,1.00
2016.12.28 08:48:53.779,9.09779,9.10049,1.00,1.00
2016.12.28 08:48:54.083,9.09785,9.1007,1.37,1.00
2016.12.28 08:48:54.345,9.09785,9.1007,1.00,1.00
2016.12.28 08:48:55.414,9.09785,9.1007,1.37,1.37
2016.12.28 08:48:55.465,9.09785,9.1007,1.00,1.15
2016.12.28 08:48:55.516,9.09785,9.1007,1.00,1.00
2016.12.28 08:48:56.054,9.09784,9.10069,1.00,1.00
2016.12.28 08:48:56.467,9.09775,9.1007,1.00,1.00
2016.12.28 08:48:56.518,9.09775,9.1007,1.00,1.15
2016.12.28 08:48:56.950,9.09775,9.1007,1.37,1.15
2016.12.28 08:48:57.285,9.09787,9.1007,1.00,1.15
2016.12.28 08:48:57.631,9.09787,9.1007,1.00,1.90
2016.12.28 08:48:58.078,9.09776,9.1007,1.37,1.90
2016.12.28 08:49:02.817,9.09776,9.10052,1.37,1.00
2016.12.28 08:49:05.539,9.09776,9.10032,1.37,1.00
2016.12.28 08:49:05.694,9.09776,9.10032,1.00,1.00
2016.12.28 08:49:06.529,9.09775,9.10043,1.00,1.00
2016.12.28 08:49:07.249,9.09776,9.10032,1.00,1.00
2016.12.28 08:49:07.350,9.09766,9.10032,1.37,1.00
2016.12.28 08:49:07.401,9.09766,9.10032,1.00,1.00
2016.12.28 08:49:07.685,9.09766,9.10022,1.00,1.00
2016.12.28 08:49:08.246,9.09754,9.10022,1.12,1.00
2016.12.28 08:49:08.878,9.09753,9.10027,1.00,1.00
2016.12.28 08:49:09.142,9.09764,9.10028,1.00,1.00
2016.12.28 08:49:09.647,9.09754,9.10028,1.00,1.00
2016.12.28 08:49:10.575,9.09753,9.10028,1.00,1.00
2016.12.28 08:49:11.090,9.09754,9.10028,1.00,1.00
2016.12.28 08:49:12.348,9.09753,9.10023,1.00,1.00
2016.12.28 08:49:12.883,9.09754,9.10022,1.00,1.00
2016.12.28 08:49:14.368,9.09754,9.10012,1.00,1.00
2016.12.28 08:49:14.951,9.09753,9.10013,1.00,1.00
2016.12.28 08:49:15.454,9.09754,9.10012,1.00,1.00
2016.12.28 08:49:15.981,9.09754,9.10022,1.00,1.00
2016.12.28 08:49:16.677,9.09764,9.10022,1.00,1.00
2016.12.28 08:49:17.004,9.09704,9.09912,1.50,1.00
2016.12.28 08:49:17.308,9.09714,9.09906,1.00,1.00
2016.12.28 08:49:17.905,9.09698,9.09906,1.37,1.00
2016.12.28 08:49:18.059,9.09698,9.09906,1.00,1.00
2016.12.28 08:49:18.165,9.097,9.09906,1.00,1.00
2016.12.28 08:49:18.576,9.09698,9.09906,1.00,1.00
2016.12.28 08:49:19.124,9.097,9.09906,1.00,1.00
2016.12.28 08:49:19.442,9.09708,9.09906,1.00,1.00
2016.12.28 08:49:19.894,9.097,9.09906,1.00,1.00
2016.12.28 08:49:21.490,9.09708,9.09906,1.00,1.00
2016.12.28 08:49:22.308,9.09699,9.09907,1.00,1.00
2016.12.28 08:49:22.909,9.09698,9.09906,1.00,1.00
2016.12.28 08:49:23.893,9.09698,9.09907,1.00,1.00
2016.12.28 08:49:24.365,9.09708,9.09906,1.00,1.00
2016.12.28 08:49:25.137,9.09699,9.09906,1.00,1.00
2016.12.28 08:49:25.615,9.09708,9.09906,1.00,1.00
2016.12.28 08:49:26.651,9.09698,9.09906,1.00,1.00
2016.12.28 08:49:28.567,9.097,9.09906,1.00,1.00
2016.12.28 08:49:29.009,9.09708,9.09906,1.00,1.00
2016.12.28 08:49:29.331,9.09708,9.09906,1.37,1.00
2016.12.28 08:49:29.809,9.09708,9.09906,1.00,1.00
2016.12.28 08:49:31.013,9.09694,9.09906,1.50,1.00
2016.12.28 08:49:31.294,9.09694,9.09916,1.87,1.00
2016.12.28 08:49:34.798,9.09694,9.09916,1.50,1.00
2016.12.28 08:49:50.190,9.09711,9.09972,1.00,1.37
2016.12.28 08:49:50.241,9.0971,9.09977,1.00,1.00
2016.12.28 08:49:50.292,9.09711,9.09986,1.00,1.00
2016.12.28 08:49:50.343,9.09724,9.09986,1.00,1.00
2016.12.28 08:49:50.393,9.09724,9.10003,1.00,1.00
2016.12.28 08:49:50.444,9.09724,9.10006,1.00,1.00
2016.12.28 08:49:50.495,9.09734,9.10006,1.00,1.00
2016.12.28 08:49:50.559,9.09734,9.10016,1.00,2.62
2016.12.28 08:49:54.466,9.09744,9.10016,1.00,1.87
2016.12.28 08:49:54.567,9.09734,9.10016,1.00,2.25
2016.12.28 08:49:55.540,9.09744,9.10016,1.00,2.25
2016.12.28 08:49:58.026,9.09754,9.10016,1.00,2.25
2016.12.28 08:49:58.266,9.09744,9.10016,1.50,2.25
2016.12.28 08:49:58.837,9.09754,9.10016,1.00,2.25
2016.12.28 08:49:59.464,9.09743,9.10016,1.00,1.00
2016.12.28 08:50:00.507,9.09743,9.10015,1.00,1.00
2016.12.28 08:50:06.509,9.09743,9.10011,1.00,2.10
2016.12.28 08:50:06.610,9.09734,9.09952,1.00,1.00
2016.12.28 08:50:06.661,9.09714,9.09952,1.50,1.00
2016.12.28 08:50:06.712,9.09713,9.09943,1.50,1.00
2016.12.28 08:50:06.762,9.09714,9.09966,1.50,1.12
2016.12.28 08:50:06.813,9.09714,9.09972,1.50,1.12
2016.12.28 08:50:06.939,9.09724,9.10012,1.00,1.12
2016.12.28 08:50:06.990,9.09734,9.10016,1.00,1.50
2016.12.28 08:50:26.511,9.09734,9.10006,1.00,1.00
2016.12.28 08:50:33.777,9.09734,9.10022,1.00,1.50
2016.12.28 08:50:36.405,9.09724,9.10022,1.00,1.50
2016.12.28 08:50:36.613,9.09734,9.10022,1.00,1.50
2016.12.28 08:50:37.100,9.09724,9.10021,1.00,1.37
2016.12.28 08:50:37.201,9.09734,9.10021,1.00,1.37
2016.12.28 08:50:37.587,9.09734,9.10026,1.00,1.50
2016.12.28 08:50:37.872,9.09744,9.10026,1.00,1.12
2016.12.28 08:50:43.928,9.09744,9.10045,1.00,1.75
2016.12.28 08:50:47.884,9.09744,9.10045,1.37,1.75
2016.12.28 08:50:48.212,9.09754,9.10046,1.00,1.12
2016.12.28 08:50:51.434,9.09744,9.10046,1.00,1.12
2016.12.28 08:50:51.540,9.09754,9.10046,1.00,1.12
2016.12.28 08:50:51.642,9.09744,9.10046,1.00,1.12
2016.12.28 08:50:51.880,9.09754,9.10046,1.00,1.12
2016.12.28 08:50:52.005,9.09744,9.10046,1.00,1.12
2016.12.28 08:50:52.666,9.09754,9.10046,1.00,1.12
2016.12.28 08:50:53.299,9.09744,9.10046,1.00,1.12
2016.12.28 08:51:24.360,9.09734,9.10046,1.00,1.12
2016.12.28 08:51:24.411,9.09744,9.10046,1.00,1.12
2016.12.28 08:51:24.748,9.09733,9.10047,1.00,1.87
2016.12.28 08:51:24.850,9.09744,9.10046,1.00,1.12
2016.12.28 08:51:26.751,9.09743,9.10047,1.00,1.75
2016.12.28 08:51:27.263,9.09744,9.10047,1.00,1.75
2016.12.28 08:51:46.021,9.09734,9.10052,1.00,1.12
2016.12.28 08:51:48.971,9.09744,9.10052,1.00,1.12
2016.12.28 08:51:49.429,9.09734,9.10052,1.00,1.12
2016.12.28 08:51:49.624,9.09744,9.10052,1.00,1.12
2016.12.28 08:51:49.776,9.09734,9.10052,1.12,1.12
2016.12.28 08:51:52.125,9.09733,9.10029,1.12,1.00
2016.12.28 08:51:52.469,9.09744,9.10029,1.00,1.00
2016.12.28 08:51:55.303,9.09744,9.10052,1.00,1.12
2016.12.28 08:52:01.309,9.09734,9.10052,1.12,1.12
2016.12.28 08:52:01.410,9.09744,9.10052,1.00,1.12
2016.12.28 08:52:02.642,9.09734,9.10052,1.00,1.12
2016.12.28 08:52:02.850,9.09743,9.10052,1.00,1.12
2016.12.28 08:52:03.418,9.09744,9.10054,1.00,1.67
2016.12.28 08:52:04.060,9.09744,9.10052,1.75,1.12
2016.12.28 08:52:04.161,9.09744,9.10052,1.12,1.12
2016.12.28 08:52:04.624,9.09744,9.10054,1.50,1.67
2016.12.28 08:52:04.927,9.09744,9.10054,1.75,1.67
2016.12.28 08:52:13.062,9.09734,9.10053,1.75,1.67
2016.12.28 08:52:13.178,9.09734,9.10053,1.75,1.67
2016.12.28 08:52:13.498,9.09734,9.10053,1.75,1.67
2016.12.28 08:52:14.008,9.09743,9.10052,1.75,1.05
2016.12.28 08:52:14.546,9.09734,9.10052,1.75,1.05
2016.12.28 08:52:17.498,9.09743,9.1005,1.75,1.12
2016.12.28 08:52:18.441,9.09734,9.1005,1.75,1.12
2016.12.28 08:52:19.330,9.09734,9.10051,1.75,1.67
2016.12.28 08:52:19.381,9.09734,9.10051,1.75,1.67
2016.12.28 08:52:19.729,9.09734,9.10051,1.75,1.67
2016.12.28 08:52:41.099,9.09724,9.10032,1.75,1.00
2016.12.28 08:52:41.542,9.09744,9.10032,1.00,1.00
2016.12.28 08:52:41.679,9.09724,9.10022,1.12,1.00
2016.12.28 08:52:41.940,9.09714,9.10022,1.12,1.00
2016.12.28 08:52:42.245,9.09714,9.10022,1.12,1.80
2016.12.28 08:52:44.600,9.09714,9.10022,1.50,1.00
2016.12.28 08:52:44.651,9.09714,9.10022,1.12,1.00
2016.12.28 08:52:48.499,9.09714,9.10026,1.12,1.00
2016.12.28 08:52:49.284,9.09724,9.10026,1.00,1.00
2016.12.28 08:53:08.166,9.09723,9.10026,1.00,1.00
2016.12.28 08:53:08.677,9.09723,9.10027,1.00,1.00
2016.12.28 08:53:09.189,9.09724,9.10027,1.00,1.00
2016.12.28 08:53:10.302,9.09714,9.10027,1.12,1.00
2016.12.28 08:53:14.620,9.09713,9.10027,1.12,1.00
2016.12.28 08:53:15.133,9.09714,9.10027,1.12,1.00
2016.12.28 08:53:18.124,9.09713,9.10027,1.12,1.00
2016.12.28 08:53:18.363,9.09711,9.10022,1.37,1.00
2016.12.28 08:53:19.049,9.09711,9.10027,1.37,1.00
2016.12.28 08:53:20.519,9.09711,9.10027,1.75,1.15
2016.12.28 08:53:20.832,9.09723,9.10027,1.00,1.20
2016.12.28 08:53:23.145,9.09724,9.10027,1.00,1.15
2016.12.28 08:53:28.124,9.09714,9.10027,1.50,1.15
2016.12.28 08:53:28.475,9.09714,9.10024,1.50,1.00
2016.12.28 08:53:28.705,9.09714,9.10024,1.12,1.00
2016.12.28 08:53:29.725,9.09724,9.10024,1.00,1.00
2016.12.28 08:53:35.531,9.09714,9.10024,1.12,1.00
2016.12.28 08:53:45.822,9.09713,9.10024,1.12,1.00
2016.12.28 08:53:47.328,9.09714,9.10024,1.12,1.00
2016.12.28 08:53:48.510,9.09714,9.10032,1.12,1.57
2016.12.28 08:53:50.289,9.09713,9.09943,1.12,1.00
2016.12.28 08:53:50.340,9.09694,9.09942,1.37,1.00
2016.12.28 08:53:50.391,9.09694,9.09942,1.00,1.00
2016.12.28 08:53:51.242,9.09698,9.09942,1.00,1.00
2016.12.28 08:53:51.360,9.09694,9.09942,1.12,1.00
2016.12.28 08:53:52.925,9.09701,9.09942,1.00,1.00
2016.12.28 08:53:53.145,9.09694,9.09942,1.12,1.35
2016.12.28 08:53:53.246,9.09702,9.09942,1.00,1.35
2016.12.28 08:53:53.429,9.09694,9.09942,1.12,1.35
2016.12.28 08:53:53.536,9.09702,9.09942,1.00,1.35
2016.12.28 08:53:53.742,9.09693,9.09943,1.12,1.00
2016.12.28 08:53:54.018,9.09708,9.09942,1.00,1.00
2016.12.28 08:53:54.158,9.09694,9.09942,1.12,1.00
2016.12.28 08:53:54.932,9.09704,9.09942,1.00,1.35
2016.12.28 08:53:55.092,9.09694,9.09942,1.87,1.00
2016.12.28 08:53:55.157,9.09704,9.09942,1.00,1.00
2016.12.28 08:53:55.312,9.09694,9.09942,1.87,1.00
2016.12.28 08:53:55.414,9.09705,9.09942,1.00,1.00
2016.12.28 08:53:55.534,9.09695,9.09942,1.00,1.00
2016.12.28 08:53:55.641,9.09704,9.09943,1.00,1.00
2016.12.28 08:53:55.788,9.09695,9.09942,1.00,1.00
2016.12.28 08:53:55.891,9.09705,9.09942,1.00,1.00
2016.12.28 08:53:55.966,9.09695,9.09942,1.00,1.00
2016.12.28 08:53:56.071,9.09705,9.09942,1.00,1.00
2016.12.28 08:53:56.373,9.09695,9.09942,1.00,1.60
2016.12.28 08:53:57.077,9.09695,9.09942,1.00,1.00
2016.12.28 08:53:57.677,9.09708,9.09942,1.00,1.00
2016.12.28 08:53:58.221,9.09708,9.09942,1.00,1.60
2016.12.28 08:53:58.741,9.09708,9.09942,1.00,1.00
2016.12.28 08:53:59.019,9.09698,9.09942,1.00,1.00
2016.12.28 08:53:59.174,9.0971,9.09942,1.00,1.00
2016.12.28 08:53:59.451,9.09698,9.09942,1.00,1.00
2016.12.28 08:53:59.619,9.09711,9.09942,1.00,1.00
2016.12.28 08:53:59.670,9.09694,9.09942,1.12,1.00
2016.12.28 08:53:59.772,9.09708,9.09942,1.00,1.00
2016.12.28 08:53:59.873,9.09694,9.09942,1.12,1.00
2016.12.28 08:54:00.041,9.09701,9.09942,1.00,1.00
2016.12.28 08:54:00.760,9.09701,9.09942,1.00,1.60
2016.12.28 08:54:01.292,9.09701,9.09942,1.00,1.00
2016.12.28 08:54:02.264,9.09712,9.09942,1.00,1.00
2016.12.28 08:54:03.287,9.09701,9.09942,1.00,1.00
2016.12.28 08:54:03.406,9.09712,9.09942,1.00,1.00
2016.12.28 08:54:03.746,9.09701,9.09942,1.00,1.00
2016.12.28 08:54:05.562,9.09713,9.09942,1.00,1.00
2016.12.28 08:54:06.061,9.097,9.09942,1.00,1.35
2016.12.28 08:54:06.590,9.09714,9.09942,1.00,1.35
2016.12.28 08:54:07.010,9.09714,9.09942,1.00,1.60
2016.12.28 08:54:07.340,9.09701,9.09942,1.00,1.60
2016.12.28 08:54:07.523,9.09701,9.09942,1.00,1.60
2016.12.28 08:54:08.558,9.09714,9.09942,1.00,1.60
2016.12.28 08:54:09.011,9.09714,9.09942,1.00,1.35
2016.12.28 08:54:09.793,9.09702,9.09942,1.00,1.35
2016.12.28 08:54:09.894,9.09714,9.09942,1.00,1.35
2016.12.28 08:54:09.997,9.09702,9.09942,1.00,1.35
2016.12.28 08:54:10.099,9.09714,9.09942,1.00,1.35
2016.12.28 08:54:10.480,9.09714,9.09942,1.00,1.60
2016.12.28 08:54:10.531,9.09695,9.09942,1.00,1.60
2016.12.28 08:54:11.761,9.09695,9.09942,1.00,1.60
2016.12.28 08:54:12.011,9.09695,9.09942,1.00,1.60
2016.12.28 08:54:12.241,9.09705,9.09942,1.00,1.60
2016.12.28 08:54:13.265,9.09694,9.09942,1.12,1.60
2016.12.28 08:54:13.439,9.09705,9.09942,1.00,1.60
2016.12.28 08:54:13.765,9.09694,9.09942,1.12,1.60
2016.12.28 08:54:13.919,9.09705,9.09942,1.00,1.60
2016.12.28 08:54:14.329,9.09694,9.09942,1.12,1.60
2016.12.28 08:54:15.035,9.09697,9.09942,1.00,1.60
2016.12.28 08:54:15.573,9.09696,9.09943,1.00,1.60
2016.12.28 08:54:15.624,9.09694,9.09942,1.12,1.60
2016.12.28 08:54:16.039,9.09694,9.09942,1.12,1.60
2016.12.28 08:54:16.298,9.09694,9.09942,1.12,1.60
2016.12.28 08:54:17.510,9.09694,9.09942,1.12,1.60
2016.12.28 08:54:18.029,9.09694,9.09942,1.12,1.60
2016.12.28 08:54:19.011,9.09694,9.09942,1.12,1.60
2016.12.28 08:54:19.555,9.09694,9.09942,1.12,1.60
2016.12.28 08:54:20.513,9.09694,9.09942,1.12,1.60
2016.12.28 08:54:21.023,9.09694,9.09942,1.12,1.60
2016.12.28 08:54:23.107,9.09693,9.09943,1.12,1.60
2016.12.28 08:54:23.668,9.09694,9.09942,1.12,1.60
2016.12.28 08:54:33.137,9.09705,9.09942,1.00,1.60
2016.12.28 08:54:33.238,9.09693,9.09943,1.12,1.60
2016.12.28 08:54:33.793,9.09694,9.09942,1.12,1.60
2016.12.28 08:54:35.159,9.09703,9.09942,1.00,1.60
2016.12.28 08:54:35.599,9.09694,9.09942,1.12,1.60
2016.12.28 08:54:44.402,9.09701,9.09942,1.00,1.60
2016.12.28 08:54:44.622,9.09694,9.09942,1.12,1.60
2016.12.28 08:54:48.136,9.09693,9.09943,1.12,1.60
2016.12.28 08:54:48.301,9.09699,9.09942,1.00,1.60
2016.12.28 08:54:48.558,9.09694,9.09942,1.12,1.60
2016.12.28 08:54:48.659,9.09698,9.09943,1.00,1.60
2016.12.28 08:54:48.772,9.09693,9.09943,1.12,1.60
2016.12.28 08:54:51.301,9.09694,9.09942,1.12,1.60
2016.12.28 08:54:55.088,9.09693,9.09943,1.87,1.60
2016.12.28 08:54:56.059,9.09693,9.09943,1.87,1.60
2016.12.28 08:54:56.513,9.09694,9.09942,1.87,1.60
2016.12.28 08:54:57.162,9.09697,9.09942,1.00,1.60
2016.12.28 08:54:57.488,9.09694,9.09942,1.12,1.60
2016.12.28 08:54:57.539,9.09694,9.09942,1.12,1.60
2016.12.28 08:54:58.014,9.09694,9.09942,1.12,1.60
2016.12.28 08:54:59.023,9.09694,9.09942,1.12,1.60
2016.12.28 08:54:59.533,9.09695,9.09942,1.00,1.60
2016.12.28 08:55:00.057,9.09694,9.09942,1.12,1.60
2016.12.28 08:55:00.236,9.09697,9.09942,1.00,1.60
2016.12.28 08:55:00.919,9.09694,9.09942,1.12,1.60
2016.12.28 08:55:01.537,9.09705,9.09942,1.00,1.60
2016.12.28 08:55:01.993,9.09695,9.09942,1.00,1.60
2016.12.28 08:55:02.099,9.09705,9.09942,1.00,1.60
2016.12.28 08:55:02.417,9.09694,9.09942,1.87,1.60
2016.12.28 08:55:02.627,9.09705,9.09942,1.00,1.60
2016.12.28 08:55:02.758,9.09705,9.09942,1.00,1.60
2016.12.28 08:55:02.809,9.09694,9.09942,1.12,1.60
2016.12.28 08:55:02.910,9.09704,9.09942,1.00,1.60
2016.12.28 08:55:03.162,9.09694,9.09942,1.12,1.60
2016.12.28 08:55:03.337,9.09702,9.09942,1.00,1.60
2016.12.28 08:55:04.952,9.09694,9.09942,1.12,1.60
2016.12.28 08:55:05.170,9.09697,9.09942,1.00,1.60
2016.12.28 08:55:05.914,9.09694,9.09942,1.12,1.60
2016.12.28 08:55:10.388,9.09694,9.09939,1.12,1.35
2016.12.28 08:55:14.313,9.09693,9.09939,1.12,1.35
2016.12.28 08:55:14.414,9.09697,9.09942,1.00,1.35
2016.12.28 08:55:14.465,9.09709,9.09942,1.00,1.35
2016.12.28 08:55:14.566,9.097,9.09942,1.00,1.35
2016.12.28 08:55:14.774,9.09711,9.09942,1.00,1.35
2016.12.28 08:55:15.310,9.09711,9.09956,1.00,1.97
2016.12.28 08:55:15.521,9.09711,9.09956,1.00,1.97
2016.12.28 08:55:15.623,9.097,9.09956,1.00,1.97
2016.12.28 08:55:15.853,9.09714,9.09956,1.00,1.97
2016.12.28 08:55:15.954,9.09703,9.09956,1.00,1.97
2016.12.28 08:55:16.008,9.09703,9.09956,1.00,1.97
2016.12.28 08:55:16.332,9.09714,9.09956,1.00,1.97
2016.12.28 08:55:17.278,9.09714,9.09956,1.00,1.97
2016.12.28 08:55:17.548,9.09714,9.09956,1.00,1.97
2016.12.28 08:55:17.869,9.09704,9.09956,1.00,1.97
2016.12.28 08:55:18.760,9.09704,9.09956,1.00,1.97
2016.12.28 08:55:19.149,9.09694,9.09956,1.12,1.97
2016.12.28 08:55:20.758,9.09694,9.09956,1.12,1.97
2016.12.28 08:55:21.780,9.09694,9.09956,1.12,1.97
2016.12.28 08:55:22.110,9.09694,9.09956,1.12,1.97
2016.12.28 08:55:22.793,9.09694,9.09956,1.12,2.47
2016.12.28 08:55:23.308,9.09694,9.09956,1.12,1.97
2016.12.28 08:55:23.636,9.09703,9.09956,1.00,1.97
2016.12.28 08:55:23.775,9.09693,9.09957,1.12,1.97
2016.12.28 08:55:23.826,9.09693,9.09957,1.12,1.97
2016.12.28 08:55:24.225,9.09702,9.09956,1.00,1.97
2016.12.28 08:55:24.769,9.09694,9.09956,1.12,1.97
2016.12.28 08:55:24.870,9.09702,9.09956,1.00,1.97
2016.12.28 08:55:24.972,9.09694,9.09956,1.12,1.97
2016.12.28 08:55:25.022,9.09694,9.09956,1.12,1.97
2016.12.28 08:55:25.550,9.09694,9.09956,1.12,1.97
2016.12.28 08:55:26.542,9.09694,9.09956,1.12,1.97
2016.12.28 08:55:26.946,9.09694,9.09956,1.12,2.47
2016.12.28 08:55:27.771,9.09694,9.09956,1.12,2.47
2016.12.28 08:55:28.309,9.09694,9.09956,1.12,2.47
2016.12.28 08:55:28.508,9.09694,9.09956,1.12,2.47
2016.12.28 08:55:29.019,9.09694,9.09956,1.12,2.47
2016.12.28 08:55:31.929,9.09694,9.09956,1.12,2.47
2016.12.28 08:55:32.260,9.09694,9.09956,1.12,2.47
2016.12.28 08:55:32.759,9.09694,9.09945,1.12,1.97
2016.12.28 08:55:33.301,9.09693,9.09957,1.12,2.47
2016.12.28 08:55:33.830,9.09694,9.09956,1.12,2.47
2016.12.28 08:55:38.801,9.09694,9.09956,1.12,2.47
2016.12.28 08:55:40.058,9.09694,9.09956,1.12,2.47
2016.12.28 08:55:42.620,9.09693,9.09957,1.12,2.47
2016.12.28 08:55:43.145,9.09694,9.09956,1.12,2.10
2016.12.28 08:55:43.753,9.09693,9.09957,1.12,2.10
2016.12.28 08:55:44.604,9.09694,9.09946,1.12,1.60
2016.12.28 08:55:50.523,9.09694,9.09956,1.12,1.60
2016.12.28 08:55:51.028,9.09694,9.09956,1.12,1.60
2016.12.28 08:55:52.369,9.09698,9.09956,1.00,1.60
2016.12.28 08:55:52.974,9.09694,9.09956,1.12,1.60
2016.12.28 08:55:53.346,9.09696,9.09956,1.00,1.60
2016.12.28 08:55:53.490,9.09694,9.09956,1.12,1.60
2016.12.28 08:55:55.558,9.09694,9.09956,1.12,1.60
2016.12.28 08:55:55.761,9.09694,9.09956,1.12,1.60
2016.12.28 08:55:57.162,9.09695,9.09956,1.00,1.60
2016.12.28 08:55:58.301,9.09695,9.09956,1.00,1.60
2016.12.28 08:55:58.769,9.09695,9.09956,1.00,1.60
2016.12.28 08:55:59.324,9.09694,9.09956,1.87,1.60
2016.12.28 08:55:59.799,9.09694,9.09956,1.87,1.60
2016.12.28 08:56:00.288,9.09694,9.09956,1.87,1.60
2016.12.28 08:56:01.575,9.09694,9.09956,1.12,2.10
2016.12.28 08:56:02.062,9.09694,9.09956,1.12,1.60
2016.12.28 08:56:03.039,9.09694,9.09956,1.12,1.60
2016.12.28 08:56:03.529,9.09694,9.09956,1.12,1.60
2016.12.28 08:56:03.647,9.09701,9.09956,1.00,1.60
2016.12.28 08:56:03.706,9.09694,9.09956,1.12,1.60
2016.12.28 08:56:03.858,9.09699,9.09956,1.00,1.60
2016.12.28 08:56:04.508,9.09699,9.09956,1.00,1.60
2016.12.28 08:56:05.047,9.09699,9.09956,1.00,1.60
2016.12.28 08:56:05.820,9.09694,9.09956,1.12,1.60
2016.12.28 08:56:05.927,9.09697,9.09956,1.00,1.60
2016.12.28 08:56:06.251,9.09697,9.09956,1.00,1.60
2016.12.28 08:56:06.521,9.09694,9.09956,1.12,1.60
2016.12.28 08:56:07.509,9.09694,9.09956,1.12,1.60
2016.12.28 08:56:08.008,9.09694,9.09956,1.12,1.60
2016.12.28 08:56:08.702,9.09698,9.09956,1.00,1.60
2016.12.28 08:56:08.858,9.09694,9.09956,1.12,1.60
2016.12.28 08:56:09.315,9.09694,9.09956,1.12,1.60
2016.12.28 08:56:10.285,9.09694,9.09956,1.12,1.60
2016.12.28 08:56:10.797,9.09694,9.09956,1.12,1.60
2016.12.28 08:56:11.052,9.09694,9.0994,1.12,1.00
2016.12.28 08:56:11.103,9.09694,9.0995,1.12,1.60
2016.12.28 08:56:17.546,9.09694,9.09956,1.12,1.72
2016.12.28 08:56:18.043,9.09694,9.09956,1.12,1.87
2016.12.28 08:56:19.056,9.09694,9.09956,1.12,1.60
2016.12.28 08:56:19.512,9.09694,9.09953,1.12,1.60
2016.12.28 08:56:20.557,9.09694,9.09947,1.12,1.60
2016.12.28 08:56:20.860,9.09694,9.09947,1.12,1.60
2016.12.28 08:56:21.115,9.09694,9.09956,1.12,1.60
2016.12.28 08:56:22.259,9.09694,9.09956,1.12,1.60
2016.12.28 08:56:22.508,9.09694,9.09956,1.12,1.60
2016.12.28 08:56:23.260,9.09694,9.09956,1.12,1.60
2016.12.28 08:56:23.776,9.09694,9.09956,1.12,1.60
2016.12.28 08:56:27.577,9.09694,9.09956,1.12,1.60
2016.12.28 08:56:28.511,9.09694,9.09956,1.12,1.60
2016.12.28 08:56:29.758,9.09694,9.09956,1.12,1.60
2016.12.28 08:56:31.639,9.09694,9.09956,1.12,1.60
2016.12.28 08:56:31.799,9.09694,9.09956,1.12,1.60
2016.12.28 08:56:32.508,9.09694,9.09956,1.12,1.60
2016.12.28 08:56:33.154,9.09693,9.09957,1.12,1.60
2016.12.28 08:56:33.259,9.09693,9.09957,1.12,1.60
2016.12.28 08:56:33.774,9.09694,9.09956,1.12,1.60
2016.12.28 08:56:34.025,9.09694,9.09956,1.12,1.60
2016.12.28 08:56:34.554,9.09694,9.09956,1.12,1.60
2016.12.28 08:56:37.715,9.09701,9.09956,1.00,1.60
2016.12.28 08:56:38.297,9.09701,9.09956,1.00,1.60
2016.12.28 08:56:38.348,9.09694,9.09956,1.12,1.60
2016.12.28 08:56:39.280,9.09694,9.09956,1.12,1.60
2016.12.28 08:56:39.789,9.09694,9.09956,1.12,1.60
2016.12.28 08:56:40.795,9.09694,9.09956,1.12,1.60
2016.12.28 08:56:41.258,9.09694,9.09956,1.12,1.87
2016.12.28 08:56:41.360,9.09694,9.09956,1.12,2.10
2016.12.28 08:56:41.766,9.09694,9.09956,1.12,1.60
2016.12.28 08:56:50.914,9.09693,9.09957,1.12,1.60
2016.12.28 08:56:52.189,9.09694,9.09956,1.12,1.60
2016.12.28 08:56:53.915,9.09693,9.09957,1.12,1.60
2016.12.28 08:56:57.889,9.09694,9.09956,1.12,1.60
2016.12.28 08:56:59.765,9.09694,9.09956,1.12,1.60
2016.12.28 08:56:59.984,9.09674,9.09939,1.00,1.00
2016.12.28 08:57:00.035,9.09664,9.09939,1.00,1.37
2016.12.28 08:57:00.086,9.09664,9.09924,1.00,1.00
2016.12.28 08:57:00.389,9.09654,9.09913,1.00,1.00
2016.12.28 08:57:00.692,9.09643,9.09892,1.00,1.00
2016.12.28 08:57:00.915,9.09606,9.09891,1.00,1.00
2016.12.28 08:57:00.966,9.09595,9.09894,1.37,1.37
2016.12.28 08:57:01.017,9.09594,9.09894,1.00,1.75
2016.12.28 08:57:01.068,9.09594,9.09876,1.12,1.00
2016.12.28 08:57:01.371,9.09594,9.09863,1.00,1.00
2016.12.28 08:57:01.704,9.09593,9.09853,1.00,1.00
2016.12.28 08:57:01.907,9.09562,9.09853,1.97,1.87
2016.12.28 08:57:01.958,9.09562,9.09843,1.97,1.00
2016.12.28 08:57:02.008,9.09559,9.09843,1.60,1.37
2016.12.28 08:57:02.059,9.09553,9.09829,1.60,1.00
2016.12.28 08:57:02.417,9.09553,9.09829,1.60,1.37
2016.12.28 08:57:02.807,9.09564,9.09828,1.60,1.00
2016.12.28 08:57:03.179,9.09564,9.09842,1.60,1.50
2016.12.28 08:57:03.413,9.09564,9.09832,1.60,1.00
2016.12.28 08:57:03.669,9.09564,9.09842,1.60,1.50
2016.12.28 08:57:03.872,9.09564,9.0983,1.60,1.00
2016.12.28 08:57:04.085,9.09564,9.09843,1.60,1.75
2016.12.28 08:57:04.361,9.09555,9.09824,1.60,1.00
2016.12.28 08:57:04.462,9.09555,9.09846,1.60,1.75
2016.12.28 08:57:05.012,9.09555,9.09835,1.60,1.00
2016.12.28 08:57:05.276,9.09555,9.09847,1.60,1.75
2016.12.28 08:57:05.327,9.09555,9.09834,1.60,1.00
2016.12.28 08:57:05.763,9.09555,9.09834,1.60,1.00
2016.12.28 08:57:06.778,9.09555,9.09834,1.60,1.00
2016.12.28 08:57:07.306,9.09555,9.09834,1.60,1.00
2016.12.28 08:57:07.791,9.09555,9.09832,1.60,1.00
2016.12.28 08:57:08.302,9.09555,9.09832,1.60,1.00
2016.12.28 08:57:08.804,9.09555,9.09832,1.60,1.00
2016.12.28 08:57:12.880,9.09569,9.09832,1.00,1.00
2016.12.28 08:57:13.552,9.09574,9.09832,1.00,1.00
2016.12.28 08:57:13.790,9.09569,9.09832,1.35,1.00
2016.12.28 08:57:15.376,9.09555,9.09832,1.60,1.00
2016.12.28 08:57:20.424,9.09555,9.09828,1.60,1.00
2016.12.28 08:57:20.945,9.09555,9.09827,1.60,1.00
2016.12.28 08:57:25.883,9.09555,9.09827,1.60,1.37
2016.12.28 08:57:26.947,9.09555,9.09813,1.60,1.00
2016.12.28 08:57:27.250,9.09555,9.09799,1.60,1.37
2016.12.28 08:57:27.726,9.09544,9.09799,2.10,1.75
2016.12.28 08:57:27.777,9.09544,9.09785,2.10,1.37
2016.12.28 08:57:27.828,9.09543,9.0978,2.10,1.37
2016.12.28 08:57:28.089,9.09549,9.09755,1.00,1.00
2016.12.28 08:57:28.291,9.09524,9.09755,1.37,1.00
2016.12.28 08:57:28.342,9.09524,9.09755,1.00,1.00
2016.12.28 08:57:28.393,9.09524,9.09751,1.00,1.00
2016.12.28 08:57:28.545,9.09463,9.09752,1.97,1.37
2016.12.28 08:57:28.596,9.09464,9.09718,1.60,1.00
2016.12.28 08:57:28.698,9.09464,9.09739,1.60,1.37
2016.12.28 08:57:28.748,9.09464,9.09712,1.60,1.00
2016.12.28 08:57:29.052,9.09454,9.09694,1.60,1.87
2016.12.28 08:57:29.267,9.09454,9.09694,1.60,1.87
2016.12.28 08:57:29.544,9.09424,9.09665,1.12,1.00
2016.12.28 08:57:29.595,9.09414,9.09635,1.00,1.00
2016.12.28 08:57:29.746,9.09364,9.09632,1.87,1.00
2016.12.28 08:57:29.797,9.09344,9.09615,1.87,1.00
2016.12.28 08:57:29.848,9.09344,9.09615,1.50,1.00
2016.12.28 08:57:29.950,9.09344,9.09584,1.00,1.00
2016.12.28 08:57:30.001,9.09334,9.09584,1.00,1.00
2016.12.28 08:57:30.482,9.09364,9.09584,1.00,1.00
2016.12.28 08:57:30.584,9.09344,9.09566,1.00,1.00
2016.12.28 08:57:30.685,9.09334,9.0961,1.00,1.00
2016.12.28 08:57:30.736,9.09314,9.0961,1.12,1.00
2016.12.28 08:57:30.838,9.09304,9.09574,1.12,1.00
2016.12.28 08:57:31.090,9.09303,9.0959,1.37,1.00
2016.12.28 08:57:31.293,9.09304,9.09561,1.12,1.00
2016.12.28 08:57:31.445,9.09319,9.09582,1.00,1.00
2016.12.28 08:57:31.799,9.09309,9.09582,1.00,1.00
2016.12.28 08:57:31.900,9.09322,9.09598,1.00,1.00
2016.12.28 08:57:32.102,9.09322,9.09578,1.00,1.00
2016.12.28 08:57:32.504,9.09322,9.09604,1.00,1.00
2016.12.28 08:57:32.789,9.09322,9.09584,1.00,1.00
2016.12.28 08:57:33.910,9.09322,9.09599,1.00,1.00
2016.12.28 08:57:34.111,9.09322,9.09582,1.00,1.00
2016.12.28 08:57:34.414,9.09322,9.09599,1.00,1.00
2016.12.28 08:57:34.717,9.09322,9.09583,1.00,1.00
2016.12.28 08:57:34.894,9.09322,9.09599,1.00,1.00
2016.12.28 08:57:35.101,9.09322,9.09583,1.00,1.00
2016.12.28 08:57:35.528,9.09322,9.09599,1.00,1.00
2016.12.28 08:57:35.680,9.09322,9.09581,1.00,1.00
2016.12.28 08:57:35.901,9.09322,9.09599,1.00,1.00
2016.12.28 08:57:36.222,9.09322,9.09583,1.00,1.00
2016.12.28 08:57:36.484,9.09322,9.096,1.00,1.00
2016.12.28 08:57:36.714,9.09322,9.09582,1.00,1.00
2016.12.28 08:57:36.896,9.09322,9.09599,1.00,1.00
2016.12.28 08:57:37.304,9.09322,9.09583,1.00,1.00
2016.12.28 08:57:37.600,9.09322,9.09601,1.00,1.00
2016.12.28 08:57:37.785,9.09322,9.09583,1.00,1.00
2016.12.28 08:57:38.029,9.09322,9.09599,1.00,1.00
2016.12.28 08:57:38.249,9.09322,9.09582,1.00,1.00
2016.12.28 08:57:38.436,9.09322,9.09599,1.00,1.00
2016.12.28 08:57:38.636,9.09322,9.09583,1.00,1.00
2016.12.28 08:57:38.901,9.09322,9.09599,1.00,1.00
2016.12.28 08:57:39.069,9.09322,9.09579,1.00,1.00
2016.12.28 08:57:39.265,9.09322,9.09599,1.00,1.00
2016.12.28 08:57:39.549,9.09322,9.09583,1.00,1.00
2016.12.28 08:57:39.985,9.09322,9.09604,1.00,1.00
2016.12.28 08:57:40.148,9.09322,9.09582,1.00,1.00
2016.12.28 08:57:40.537,9.09322,9.09604,1.00,1.00
2016.12.28 08:57:40.847,9.09322,9.09583,1.00,1.00
2016.12.28 08:57:41.007,9.09322,9.09606,1.00,1.87
2016.12.28 08:57:41.504,9.09322,9.09583,1.00,1.00
2016.12.28 08:57:41.664,9.09322,9.09606,1.00,1.87
2016.12.28 08:57:41.815,9.09322,9.09581,1.00,1.37
2016.12.28 08:57:50.994,9.09322,9.09567,1.00,1.00
2016.12.28 08:57:52.289,9.09304,9.09567,1.87,1.00
2016.12.28 08:57:52.340,9.09314,9.09549,1.00,1.00
2016.12.28 08:57:52.441,9.09294,9.09549,1.00,1.00
2016.12.28 08:57:52.634,9.09293,9.09566,1.00,1.37
2016.12.28 08:57:53.140,9.09294,9.09559,1.00,1.37
2016.12.28 08:57:53.544,9.09304,9.09562,1.00,1.00
2016.12.28 08:57:53.697,9.09294,9.09562,1.00,1.00
2016.12.28 08:57:53.748,9.09294,9.0958,1.00,1.37
2016.12.28 08:57:53.799,9.09304,9.0958,1.00,1.37
2016.12.28 08:57:54.105,9.09294,9.0958,1.00,1.37
2016.12.28 08:57:54.466,9.09304,9.0956,1.00,1.37
2016.12.28 08:57:54.568,9.09294,9.0956,1.00,1.37
2016.12.28 08:57:54.687,9.09304,9.09576,1.00,1.37
2016.12.28 08:57:54.789,9.09294,9.09576,1.00,1.37
2016.12.28 08:57:54.890,9.09284,9.09555,1.12,1.37
2016.12.28 08:57:54.994,9.09294,9.09555,1.00,1.37
2016.12.28 08:57:55.359,9.09294,9.09575,1.00,1.37
2016.12.28 08:57:55.864,9.09304,9.09575,1.00,1.37
2016.12.28 08:57:56.295,9.09294,9.09562,1.00,1.37
2016.12.28 08:57:56.396,9.09304,9.09562,1.00,1.37
2016.12.28 08:57:56.497,9.09294,9.09562,1.00,1.37
2016.12.28 08:57:56.548,9.09294,9.09562,1.00,1.37
2016.12.28 08:57:57.810,9.09304,9.09563,1.00,1.37
2016.12.28 08:57:57.861,9.09304,9.09563,1.00,1.00
2016.12.28 08:57:58.881,9.09304,9.09563,1.00,1.37
2016.12.28 08:58:01.281,9.09294,9.09567,1.00,1.37
2016.12.28 08:58:01.382,9.09304,9.09567,1.00,1.37
2016.12.28 08:58:02.924,9.09294,9.09567,1.00,1.37
2016.12.28 08:58:03.143,9.09304,9.09567,1.00,1.37
2016.12.28 08:58:04.775,9.09267,9.09467,1.75,1.60
2016.12.28 08:58:04.826,9.09267,9.09467,1.00,1.00
2016.12.28 08:58:04.927,9.09223,9.09452,1.00,1.37
2016.12.28 08:58:04.978,9.09218,9.09447,1.00,1.00
2016.12.28 08:58:05.029,9.09218,9.09459,1.00,1.37
2016.12.28 08:58:05.080,9.09228,9.09459,1.00,1.00
2016.12.28 08:58:05.282,9.09218,9.09477,1.00,1.00
2016.12.28 08:58:05.333,9.09228,9.09477,1.00,1.00
2016.12.28 08:58:05.434,9.09218,9.09477,1.00,1.00
2016.12.28 08:58:05.484,9.09228,9.09477,1.00,1.00
2016.12.28 08:58:05.535,9.09218,9.09477,1.00,1.00
2016.12.28 08:58:05.737,9.09228,9.09477,1.00,1.00
2016.12.28 08:58:05.889,9.09238,9.0949,1.00,1.00
2016.12.28 08:58:06.041,9.09228,9.0949,1.00,1.00
2016.12.28 08:58:06.092,9.09228,9.0949,1.00,1.37
2016.12.28 08:58:06.402,9.09238,9.0949,1.00,1.37
2016.12.28 08:58:06.705,9.09257,9.09471,1.00,1.00
2016.12.28 08:58:06.807,9.09247,9.09471,1.00,1.00
2016.12.28 08:58:06.908,9.09248,9.09494,1.00,1.37
2016.12.28 08:58:06.959,9.09268,9.09494,1.00,1.37
2016.12.28 08:58:07.127,9.09248,9.09494,1.00,1.37
2016.12.28 08:58:07.379,9.09248,9.09494,1.00,1.12
2016.12.28 08:58:07.809,9.09268,9.09494,1.00,1.12
2016.12.28 08:58:07.861,9.09258,9.09494,1.00,1.12
2016.12.28 08:58:08.013,9.09248,9.09515,1.00,1.37
2016.12.28 08:58:08.064,9.09268,9.09491,1.00,1.00
2016.12.28 08:58:08.165,9.09258,9.09491,1.00,1.00
2016.12.28 08:58:08.268,9.09248,9.09491,1.00,1.00
2016.12.28 08:58:08.550,9.09258,9.09491,1.00,1.00
2016.12.28 08:58:08.601,9.09248,9.09491,1.00,1.00
2016.12.28 08:58:08.816,9.09244,9.09491,1.12,1.00
2016.12.28 08:58:08.990,9.09244,9.09505,1.12,1.00
2016.12.28 08:58:09.092,9.09244,9.09505,1.75,1.00
2016.12.28 08:58:09.603,9.09253,9.09505,1.12,1.00
2016.12.28 08:58:09.654,9.09253,9.09527,1.12,1.37
2016.12.28 08:58:10.077,9.09244,9.09505,1.37,1.00
2016.12.28 08:58:10.952,9.09258,9.09505,1.00,1.00
2016.12.28 08:58:11.003,9.09254,9.09505,1.12,1.00
2016.12.28 08:58:11.132,9.09258,9.09505,1.00,1.00
2016.12.28 08:58:11.233,9.09254,9.09505,1.12,1.00
2016.12.28 08:58:11.284,9.09258,9.09505,1.00,1.00
2016.12.28 08:58:11.614,9.09268,9.09505,1.00,1.00
2016.12.28 08:58:11.665,9.09258,9.09505,1.00,1.00
2016.12.28 08:58:11.786,9.09268,9.09505,1.00,1.00
2016.12.28 08:58:11.888,9.09258,9.09505,1.00,1.00
2016.12.28 08:58:12.059,9.09254,9.09505,1.12,1.00
2016.12.28 08:58:12.276,9.09258,9.09505,1.00,1.00
2016.12.28 08:58:13.027,9.09268,9.09489,1.00,1.00
2016.12.28 08:58:13.146,9.09258,9.09489,1.00,1.00
2016.12.28 08:58:13.598,9.09267,9.09489,1.00,1.00
2016.12.28 08:58:14.063,9.09258,9.09489,1.00,1.00
2016.12.28 08:58:14.900,9.09254,9.09489,1.12,1.00
2016.12.28 08:58:15.311,9.09258,9.09489,1.00,1.00
2016.12.28 08:58:15.362,9.09254,9.09489,1.12,1.00
2016.12.28 08:58:15.412,9.09257,9.09489,1.00,1.00
2016.12.28 08:58:15.543,9.09254,9.09489,1.12,1.00
2016.12.28 08:58:15.927,9.09258,9.09489,1.00,1.00
2016.12.28 08:58:16.190,9.09248,9.09506,1.50,1.00
2016.12.28 08:58:16.409,9.09248,9.09491,1.50,1.00
2016.12.28 08:58:16.613,9.09248,9.09506,1.50,1.00
2016.12.28 08:58:16.664,9.09258,9.09506,1.00,1.00
2016.12.28 08:58:16.766,9.09254,9.09506,1.12,1.00
2016.12.28 08:58:16.817,9.09254,9.09489,1.12,1.00
2016.12.28 08:58:17.057,9.09244,9.09506,1.37,1.00
2016.12.28 08:58:17.622,9.09254,9.09487,1.12,1.00
2016.12.28 08:58:18.306,9.09258,9.09487,1.00,1.00
2016.12.28 08:58:18.420,9.09254,9.09487,1.12,1.00
2016.12.28 08:58:18.536,9.09257,9.09487,1.00,1.00
2016.12.28 08:58:18.587,9.09248,9.09504,1.37,1.00
2016.12.28 08:58:19.117,9.09253,9.09504,1.12,1.00
2016.12.28 08:58:19.636,9.09254,9.09504,1.12,1.00
2016.12.28 08:58:21.117,9.09244,9.09523,1.75,1.37
2016.12.28 08:58:22.719,9.09253,9.09523,1.12,1.37
2016.12.28 08:58:23.222,9.09254,9.09523,1.12,1.37
2016.12.28 08:58:25.138,9.09253,9.09523,1.12,1.37
2016.12.28 08:58:25.693,9.09254,9.09523,1.12,1.37
2016.12.28 08:58:26.147,9.09264,9.09525,1.00,1.37
2016.12.28 08:58:26.249,9.09254,9.09525,1.12,1.37
2016.12.28 08:58:26.300,9.09254,9.09509,1.12,1.00
2016.12.28 08:58:26.603,9.09264,9.09532,1.00,1.37
2016.12.28 08:58:27.073,9.09274,9.09517,1.00,1.37
2016.12.28 08:58:27.278,9.09264,9.09517,1.00,1.00
2016.12.28 08:58:27.497,9.09274,9.09517,1.00,1.00
2016.12.28 08:58:27.598,9.09264,9.09517,1.00,1.00
2016.12.28 08:58:27.754,9.09268,9.09517,1.00,1.00
2016.12.28 08:58:27.804,9.09264,9.09517,1.00,1.00
2016.12.28 08:58:27.906,9.09268,9.09517,1.00,1.00
2016.12.28 08:58:27.957,9.09264,9.09517,1.00,1.00
2016.12.28 08:58:28.413,9.09274,9.09517,1.00,1.00
2016.12.28 08:58:28.620,9.09264,9.09517,1.00,1.00
2016.12.28 08:58:29.628,9.09268,9.09517,1.00,1.00
2016.12.28 08:58:29.828,9.09263,9.09517,1.00,1.00
2016.12.28 08:58:30.088,9.09268,9.09517,1.00,1.00
2016.12.28 08:58:30.139,9.09264,9.09517,1.00,1.00
2016.12.28 08:58:30.306,9.09274,9.09517,1.00,1.00
2016.12.28 08:58:30.407,9.09264,9.09517,1.00,1.00
2016.12.28 08:58:30.513,9.09268,9.09517,1.00,1.00
2016.12.28 08:58:30.816,9.09274,9.09517,1.00,1.00
2016.12.28 08:58:30.969,9.09264,9.09517,1.00,1.00
2016.12.28 08:58:31.604,9.09274,9.09517,1.00,1.00
2016.12.28 08:58:31.655,9.09274,9.09534,1.00,1.37
2016.12.28 08:58:31.706,9.09263,9.09534,1.00,1.37
2016.12.28 08:58:31.868,9.09263,9.09517,1.00,1.00
2016.12.28 08:58:32.187,9.09274,9.09517,1.00,1.00
2016.12.28 08:58:32.238,9.09264,9.09534,1.00,1.37
2016.12.28 08:58:32.289,9.09268,9.09534,1.00,1.37
2016.12.28 08:58:32.592,9.09264,9.09517,1.00,1.00
2016.12.28 08:58:32.700,9.09274,9.09534,1.00,1.37
2016.12.28 08:58:32.751,9.09264,9.09534,1.00,1.37
2016.12.28 08:58:32.881,9.09264,9.09517,1.00,1.00
2016.12.28 08:58:33.326,9.09273,9.09534,1.00,1.37
2016.12.28 08:58:33.455,9.09264,9.09534,1.00,1.37
2016.12.28 08:58:34.006,9.09274,9.09517,1.00,1.00
2016.12.28 08:58:34.107,9.09264,9.09517,1.00,1.00
2016.12.28 08:58:34.215,9.09268,9.09517,1.00,1.00
2016.12.28 08:58:34.265,9.09264,9.09532,1.00,1.12
2016.12.28 08:58:34.654,9.09264,9.09517,1.00,1.00
2016.12.28 08:58:34.856,9.09264,9.09534,1.00,1.37
2016.12.28 08:58:35.357,9.09254,9.0952,1.59,1.00
2016.12.28 08:58:35.697,9.09274,9.0952,1.00,1.00
2016.12.28 08:58:35.799,9.09264,9.0952,1.00,1.00
2016.12.28 08:58:36.807,9.09263,9.0952,1.00,1.00
2016.12.28 08:58:37.522,9.09264,9.0952,1.00,1.00
2016.12.28 08:58:37.668,9.09274,9.0952,1.00,1.00
2016.12.28 08:58:37.932,9.09264,9.0952,1.00,1.00
2016.12.28 08:58:38.405,9.09274,9.0952,1.00,1.00
2016.12.28 08:58:38.506,9.09264,9.0952,1.00,1.00
2016.12.28 08:58:39.771,9.09274,9.0952,1.00,1.00
2016.12.28 08:58:39.822,9.09273,9.09535,1.00,1.37
2016.12.28 08:58:39.975,9.09264,9.09535,1.00,1.37
2016.12.28 08:58:40.629,9.09274,9.09517,1.00,1.00
2016.12.28 08:58:41.097,9.09264,9.09532,1.00,1.12
2016.12.28 08:58:42.027,9.09263,9.09532,1.00,1.12
2016.12.28 08:58:42.591,9.09264,9.09532,1.00,1.12
2016.12.28 08:58:43.066,9.09274,9.09532,1.00,1.12
2016.12.28 08:58:43.294,9.09264,9.09532,1.00,1.12
2016.12.28 08:58:45.538,9.09268,9.09532,1.00,1.12
2016.12.28 08:58:45.642,9.09264,9.09532,1.00,1.12
2016.12.28 08:58:46.151,9.09264,9.09517,1.00,1.00
2016.12.28 08:58:46.265,9.09254,9.09517,1.09,1.00
2016.12.28 08:58:46.366,9.09258,9.09517,1.00,1.00
2016.12.28 08:58:46.736,9.09264,9.09517,1.00,1.00
2016.12.28 08:58:49.798,9.09254,9.09517,1.09,1.00
2016.12.28 08:58:49.900,9.09264,9.09517,1.00,1.00
2016.12.28 08:58:50.743,9.09254,9.09517,1.09,1.00
2016.12.28 08:58:51.139,9.09258,9.09517,1.00,1.00
2016.12.28 08:58:51.190,9.09254,9.09517,1.09,1.00
2016.12.28 08:58:51.353,9.09264,9.09517,1.00,1.00
2016.12.28 08:58:51.455,9.09254,9.09517,1.09,1.00
2016.12.28 08:58:51.806,9.09258,9.09517,1.00,1.00
2016.12.28 08:58:51.994,9.09254,9.09517,1.09,1.00
2016.12.28 08:58:52.517,9.09258,9.09517,1.00,1.00
2016.12.28 08:58:52.594,9.09254,9.09517,1.09,1.00
2016.12.28 08:58:52.700,9.09258,9.09517,1.00,1.00
2016.12.28 08:58:53.034,9.09264,9.09517,1.00,1.00
2016.12.28 08:58:53.952,9.09254,9.09517,1.09,1.00
2016.12.28 08:58:54.053,9.09264,9.09517,1.00,1.00
2016.12.28 08:58:55.838,9.09254,9.09517,1.09,1.00
2016.12.28 08:58:56.579,9.09254,9.09518,1.09,1.00
2016.12.28 08:58:58.875,9.09253,9.09518,1.09,1.00
2016.12.28 08:58:59.383,9.09254,9.09518,1.09,1.00
2016.12.28 08:58:59.750,9.09264,9.09518,1.00,1.00
2016.12.28 08:58:59.852,9.09254,9.09518,1.09,1.00
2016.12.28 08:59:00.057,9.09264,9.09518,1.00,1.00
2016.12.28 08:59:02.142,9.09263,9.09518,1.00,1.00
2016.12.28 08:59:02.473,9.09268,9.09518,1.00,1.00
2016.12.28 08:59:02.524,9.09264,9.09518,1.00,1.00
2016.12.28 08:59:02.913,9.09253,9.09518,1.09,1.00
2016.12.28 08:59:03.450,9.09254,9.09505,1.09,1.00
2016.12.28 08:59:04.464,9.09264,9.0952,1.00,1.00
2016.12.28 08:59:05.080,9.09264,9.09527,1.00,1.00
2016.12.28 08:59:05.131,9.09254,9.09527,1.09,1.00
2016.12.28 08:59:05.569,9.09264,9.09527,1.00,1.00
2016.12.28 08:59:05.670,9.09254,9.09527,1.09,1.00
2016.12.28 08:59:06.123,9.09264,9.09527,1.00,1.00
2016.12.28 08:59:06.790,9.09263,9.09527,1.00,1.00
2016.12.28 08:59:07.014,9.09254,9.09527,1.09,1.00
2016.12.28 08:59:07.116,9.09264,9.09527,1.00,1.00
2016.12.28 08:59:07.461,9.09254,9.09527,1.09,1.00
2016.12.28 08:59:07.692,9.09258,9.09527,1.00,1.00
2016.12.28 08:59:08.009,9.09264,9.09527,1.00,1.00
2016.12.28 08:59:08.543,9.09254,9.09527,1.09,1.00
2016.12.28 08:59:08.734,9.09258,9.09527,1.00,1.00
2016.12.28 08:59:08.892,9.09253,9.09527,1.09,1.00
2016.12.28 08:59:09.362,9.09258,9.09527,1.00,1.00
2016.12.28 08:59:09.670,9.09264,9.09527,1.00,1.00
2016.12.28 08:59:09.773,9.09254,9.09527,1.09,1.00
2016.12.28 08:59:09.985,9.09258,9.09527,1.00,1.00
2016.12.28 08:59:10.291,9.09268,9.09527,1.00,1.00
2016.12.28 08:59:10.392,9.09264,9.09527,1.00,1.00
2016.12.28 08:59:10.443,9.09258,9.09527,1.00,1.00
2016.12.28 08:59:10.780,9.09258,9.0951,1.00,1.00
2016.12.28 08:59:11.028,9.09268,9.09528,1.00,1.00
2016.12.28 08:59:11.397,9.09278,9.09528,1.00,1.00
2016.12.28 08:59:11.826,9.09258,9.09528,1.00,1.00
2016.12.28 08:59:11.877,9.09278,9.09528,1.00,1.00
2016.12.28 08:59:11.928,9.09268,9.09528,1.00,1.00
2016.12.28 08:59:12.144,9.09268,9.09545,1.00,1.00
2016.12.28 08:59:12.697,9.09277,9.09545,1.00,1.00
2016.12.28 08:59:12.798,9.09268,9.09545,1.00,1.00
2016.12.28 08:59:12.899,9.09278,9.09545,1.00,1.00
2016.12.28 08:59:13.497,9.09264,9.09545,1.00,1.00
2016.12.28 08:59:13.548,9.09268,9.09545,1.00,1.00
2016.12.28 08:59:13.857,9.09274,9.09545,1.00,1.00
2016.12.28 08:59:14.073,9.09278,9.0957,1.00,1.00
2016.12.28 08:59:14.124,9.09274,9.0957,1.00,1.00
2016.12.28 08:59:14.287,9.09278,9.0957,1.00,1.00
2016.12.28 08:59:14.338,9.09274,9.0957,1.00,1.00
2016.12.28 08:59:14.546,9.09278,9.0957,1.00,1.00
2016.12.28 08:59:14.597,9.09274,9.0957,1.00,1.00
2016.12.28 08:59:14.699,9.09278,9.09546,1.00,1.00
2016.12.28 08:59:14.959,9.09274,9.09546,1.00,1.00
2016.12.28 08:59:15.124,9.09278,9.09546,1.00,1.00
2016.12.28 08:59:16.985,9.09278,9.09563,1.00,1.00
2016.12.28 08:59:17.887,9.09288,9.09563,1.00,1.00
2016.12.28 08:59:18.095,9.09273,9.09563,1.00,1.00
2016.12.28 08:59:18.265,9.09278,9.09563,1.00,1.00
2016.12.28 08:59:18.403,9.09274,9.09563,1.00,1.00
2016.12.28 08:59:18.505,9.09278,9.09563,1.00,1.00
2016.12.28 08:59:18.621,9.09274,9.09563,1.00,1.00
2016.12.28 08:59:18.874,9.09278,9.09563,1.00,1.00
2016.12.28 08:59:18.925,9.09274,9.09563,1.00,1.00
2016.12.28 08:59:19.029,9.09277,9.09563,1.00,1.00
2016.12.28 08:59:19.611,9.09278,9.09563,1.00,1.00
2016.12.28 08:59:20.145,9.09288,9.09563,1.00,1.00
2016.12.28 08:59:20.196,9.09278,9.09563,1.00,1.00
2016.12.28 08:59:20.339,9.09298,9.09563,1.00,1.00
2016.12.28 08:59:20.591,9.09284,9.09563,1.00,1.00
2016.12.28 08:59:20.815,9.09298,9.09563,1.00,1.00
2016.12.28 08:59:20.931,9.09284,9.09563,1.00,1.00
2016.12.28 08:59:21.033,9.09278,9.09563,1.00,1.00
2016.12.28 08:59:21.146,9.09298,9.09563,1.00,1.00
2016.12.28 08:59:21.197,9.09278,9.09563,1.00,1.00
2016.12.28 08:59:21.349,9.09288,9.09563,1.00,1.00
2016.12.28 08:59:21.511,9.09278,9.09563,1.00,1.00
2016.12.28 08:59:22.627,9.09287,9.09563,1.00,1.00
2016.12.28 08:59:22.792,9.09278,9.09563,1.00,1.00
2016.12.28 08:59:22.893,9.09288,9.09563,1.00,1.00
2016.12.28 08:59:23.006,9.09278,9.09563,1.00,1.00
2016.12.28 08:59:23.228,9.09287,9.09563,1.00,1.00
2016.12.28 08:59:23.503,9.09278,9.09563,1.00,1.00
2016.12.28 08:59:23.713,9.09288,9.09563,1.00,1.00
2016.12.28 08:59:23.943,9.09284,9.09563,1.00,1.00
2016.12.28 08:59:24.044,9.09287,9.09563,1.00,1.00
2016.12.28 08:59:24.376,9.09346,9.09496,1.00,1.00
2016.12.28 08:59:28.500,9.0935,9.095,1.00,1.00
2016.12.28 08:59:30.190,9.09288,9.09575,1.00,1.00
2016.12.28 08:59:30.313,9.09298,9.09575,1.00,1.00
2016.12.28 08:59:30.729,9.09284,9.09575,1.00,1.00
2016.12.28 08:59:30.780,9.09278,9.09575,1.00,1.00
2016.12.28 08:59:30.913,9.09287,9.09575,1.00,1.00
2016.12.28 08:59:31.283,9.09298,9.09575,1.00,1.00
2016.12.28 08:59:31.334,9.09288,9.09575,1.00,1.00
2016.12.28 08:59:31.489,9.09307,9.09575,1.00,1.00
2016.12.28 08:59:31.749,9.09308,9.09591,1.00,1.00
2016.12.28 08:59:31.850,9.09298,9.09591,1.00,1.00
2016.12.28 08:59:32.102,9.09308,9.09591,1.00,1.00
2016.12.28 08:59:32.153,9.09298,9.09591,1.00,1.00
2016.12.28 08:59:32.612,9.09307,9.09591,1.00,1.00
2016.12.28 08:59:33.100,9.09308,9.09574,1.00,1.00
2016.12.28 08:59:33.647,9.09328,9.09574,1.00,1.00
2016.12.28 08:59:33.803,9.09318,9.09574,1.00,1.00
2016.12.28 08:59:34.040,9.09308,9.09574,1.00,1.00
2016.12.28 08:59:34.519,9.09328,9.09592,1.00,1.00
2016.12.28 08:59:34.641,9.09308,9.09592,1.00,1.00
2016.12.28 08:59:35.006,9.09307,9.09577,1.00,1.00
2016.12.28 08:59:35.334,9.09318,9.09594,1.00,1.00
2016.12.28 08:59:35.385,9.09308,9.09594,1.00,1.00
2016.12.28 08:59:35.587,9.09318,9.09594,1.00,1.00
2016.12.28 08:59:35.891,9.09308,9.09594,1.00,1.00
2016.12.28 08:59:36.230,9.09318,9.09594,1.00,1.00
2016.12.28 08:59:36.280,9.09308,9.09594,1.00,1.00
2016.12.28 08:59:36.450,9.09318,9.09594,1.00,1.00
2016.12.28 08:59:36.501,9.09308,9.09594,1.00,1.00
2016.12.28 08:59:36.661,9.09328,9.09594,1.00,1.00
2016.12.28 08:59:37.061,9.09308,9.09594,1.00,1.00
2016.12.28 08:59:37.266,9.09318,9.09594,1.00,1.00
2016.12.28 08:59:37.495,9.09308,9.09594,1.00,1.00
2016.12.28 08:59:37.648,9.09328,9.09594,1.00,1.00
2016.12.28 08:59:37.705,9.09308,9.09594,1.00,1.00
2016.12.28 08:59:37.756,9.09328,9.09594,1.00,1.00
2016.12.28 08:59:37.911,9.09318,9.09594,1.00,1.00
2016.12.28 08:59:37.962,9.09308,9.09594,1.00,1.00
2016.12.28 08:59:38.214,9.09318,9.09594,1.00,1.00
2016.12.28 08:59:38.366,9.09308,9.09594,1.00,1.00
2016.12.28 08:59:38.736,9.09328,9.09594,1.00,1.00
2016.12.28 08:59:38.956,9.09318,9.09594,1.00,1.00
2016.12.28 08:59:39.057,9.09308,9.09594,1.00,1.00
2016.12.28 08:59:39.272,9.09298,9.09594,1.12,1.00
2016.12.28 08:59:39.377,9.09308,9.09576,1.00,1.00
2016.12.28 08:59:39.554,9.09304,9.09576,1.00,1.00
2016.12.28 08:59:39.787,9.09308,9.09576,1.00,1.00
2016.12.28 08:59:39.838,9.09304,9.09576,1.00,1.00
2016.12.28 08:59:39.975,9.09298,9.09576,1.12,1.00
2016.12.28 08:59:40.077,9.09318,9.09576,1.00,1.00
2016.12.28 08:59:40.230,9.09308,9.09576,1.00,1.00
2016.12.28 08:59:40.281,9.09318,9.09576,1.00,1.00
2016.12.28 08:59:40.748,9.09328,9.09576,1.00,1.00
2016.12.28 08:59:41.047,9.09318,9.09576,1.00,1.00
2016.12.28 08:59:41.098,9.09328,9.09576,1.00,1.00
2016.12.28 08:59:41.427,9.09328,9.09595,1.00,1.00
2016.12.28 08:59:41.529,9.09338,9.09595,1.00,1.00
2016.12.28 08:59:41.652,9.09317,9.09595,1.00,1.00
2016.12.28 08:59:41.854,9.09328,9.09595,1.00,1.00
2016.12.28 08:59:42.134,9.09318,9.09595,1.00,1.00
2016.12.28 08:59:42.286,9.09328,9.09595,1.00,1.00
2016.12.28 08:59:42.337,9.09308,9.09595,1.50,1.00
2016.12.28 08:59:42.559,9.09328,9.09595,1.00,1.00
2016.12.28 08:59:43.380,9.09318,9.09595,1.00,1.00
2016.12.28 08:59:43.596,9.09328,9.09595,1.00,1.00
2016.12.28 08:59:43.712,9.09318,9.09595,1.00,1.00
2016.12.28 08:59:44.036,9.09328,9.09595,1.00,1.00
2016.12.28 08:59:44.196,9.09318,9.09595,1.00,1.00
2016.12.28 08:59:45.029,9.09328,9.09595,1.00,1.00
2016.12.28 08:59:45.130,9.09318,9.09595,1.00,1.00
2016.12.28 08:59:45.231,9.09308,9.09595,1.50,1.00
2016.12.28 08:59:45.282,9.09317,9.09595,1.00,1.00
2016.12.28 08:59:45.805,9.09318,9.09595,1.00,1.00
2016.12.28 08:59:46.662,9.09328,9.09595,1.00,1.00
2016.12.28 08:59:46.713,9.09328,9.09616,1.00,1.00
2016.12.28 08:59:46.765,9.09338,9.09616,1.00,1.00
2016.12.28 08:59:47.068,9.09318,9.09593,1.00,1.00
2016.12.28 08:59:47.292,9.09327,9.09617,1.00,1.00
2016.12.28 08:59:47.444,9.09328,9.09626,1.00,1.00
2016.12.28 08:59:47.546,9.09324,9.09605,1.00,1.00
2016.12.28 08:59:48.841,9.09334,9.09633,1.00,1.00
2016.12.28 08:59:49.061,9.09334,9.09608,1.00,1.00
2016.12.28 08:59:49.703,9.09327,9.09625,1.00,1.00
2016.12.28 08:59:50.017,9.09334,9.09625,1.00,1.00
2016.12.28 08:59:50.175,9.09328,9.09625,1.00,1.00
2016.12.28 08:59:50.277,9.09323,9.09625,1.00,1.00
2016.12.28 08:59:50.550,9.09323,9.09608,1.00,1.00
2016.12.28 08:59:51.012,9.09327,9.09608,1.00,1.00
2016.12.28 08:59:51.326,9.09334,9.09608,1.00,1.00
2016.12.28 08:59:51.635,9.09338,9.09608,1.00,1.00
2016.12.28 08:59:52.373,9.09334,9.09608,1.00,1.00
2016.12.28 08:59:52.485,9.09338,9.09608,1.00,1.00
2016.12.28 08:59:52.536,9.09334,9.09608,1.00,1.00
2016.12.28 08:59:52.765,9.09338,9.09608,1.00,1.00
2016.12.28 08:59:53.079,9.09334,9.09608,1.00,1.00
2016.12.28 08:59:53.238,9.09327,9.09608,1.00,1.00
2016.12.28 08:59:53.444,9.09334,9.09608,1.00,1.00
2016.12.28 08:59:53.635,9.09327,9.09608,1.00,1.00
2016.12.28 08:59:53.816,9.09324,9.09608,1.00,1.00
2016.12.28 08:59:54.308,9.09334,9.09608,1.00,1.00
2016.12.28 08:59:54.568,9.09324,9.09608,1.00,1.00
2016.12.28 08:59:55.117,9.09334,9.09608,1.00,1.00
2016.12.28 08:59:55.218,9.09324,9.09608,1.00,1.00
2016.12.28 08:59:55.323,9.09334,9.09608,1.00,1.00
2016.12.28 08:59:55.424,9.09324,9.09608,1.00,1.00
2016.12.28 08:59:55.540,9.09328,9.09608,1.00,1.00
2016.12.28 08:59:55.859,9.09334,9.09608,1.37,1.00
2016.12.28 08:59:56.794,9.09323,9.09608,1.37,1.00
2016.12.28 08:59:57.317,9.09328,9.09608,1.37,1.00
2016.12.28 08:59:58.040,9.09327,9.09608,1.37,1.00
2016.12.28 08:59:58.579,9.09334,9.09608,1.37,1.00
2016.12.28 08:59:59.030,9.09324,9.09608,1.75,1.00
