2018.05.31 22:00:00.707,9.56264,9.56773,0.75,0.75
2018.05.31 22:00:14.879,9.56264,9.56757,0.75,0.75
2018.05.31 22:00:17.114,9.56264,9.56744,0.75,0.75
2018.05.31 22:00:17.471,9.56264,9.56711,0.75,0.75
2018.05.31 22:01:17.165,9.56264,9.56743,0.75,0.75
2018.05.31 22:02:17.120,9.56264,9.56806,0.75,0.75
2018.05.31 22:02:18.158,9.56264,9.56742,0.75,0.75
2018.05.31 22:02:59.879,9.56265,9.56743,0.75,0.75
2018.05.31 22:03:02.139,9.56264,9.56742,0.75,0.75
2018.05.31 22:03:09.536,9.56266,9.56742,0.75,0.75
2018.05.31 22:03:17.115,9.56273,9.56742,0.75,0.75
2018.05.31 22:03:32.115,9.56266,9.56742,0.75,0.75
2018.05.31 22:03:54.536,9.56264,9.56742,0.75,0.75
2018.05.31 22:05:47.115,9.56265,9.56743,1.00,1.00
2018.05.31 22:05:52.275,9.56264,9.56742,1.00,1.00
2018.05.31 22:07:39.806,9.56264,9.56806,1.00,1.00
2018.05.31 22:07:42.232,9.56264,9.56742,1.00,1.00
2018.05.31 22:08:02.116,9.56264,9.56737,1.00,1.00
2018.05.31 22:08:13.025,9.56264,9.56734,1.00,1.00
2018.05.31 22:08:51.941,9.56264,9.56778,1.00,1.00
2018.05.31 22:08:52.036,9.56264,9.56736,1.00,1.00
2018.05.31 22:08:56.551,9.56243,9.56736,1.00,1.00
2018.05.31 22:08:57.397,9.56264,9.56736,1.00,1.00
2018.05.31 22:09:37.417,9.56263,9.56736,1.00,1.00
2018.05.31 22:09:52.144,9.56263,9.56807,1.00,1.00
2018.05.31 22:09:52.709,9.56263,9.56778,1.00,1.00
2018.05.31 22:10:00.155,9.56263,9.56735,1.00,1.00
2018.05.31 22:10:20.110,9.56264,9.56735,1.00,1.00
2018.05.31 22:11:00.146,9.56264,9.56806,1.00,1.00
2018.05.31 22:11:02.981,9.56264,9.56734,1.00,1.00
2018.05.31 22:11:43.089,9.56263,9.56734,1.00,1.00
2018.05.31 22:12:03.001,9.56263,9.56807,1.00,1.00
2018.05.31 22:12:03.176,9.56263,9.56734,1.00,1.00
2018.05.31 22:12:43.125,9.56243,9.56734,1.00,1.00
2018.05.31 22:12:44.314,9.56264,9.56734,1.00,1.00
2018.05.31 22:13:02.925,9.56264,9.56757,1.00,1.00
2018.05.31 22:13:02.976,9.56264,9.56737,1.00,1.00
2018.05.31 22:13:09.537,9.56264,9.56734,1.00,1.00
2018.05.31 22:13:51.045,9.56271,9.56734,1.00,1.00
2018.05.31 22:13:54.537,9.56264,9.56735,1.00,1.00
2018.05.31 22:14:34.708,9.5626,9.56735,1.00,1.00
2018.05.31 22:14:35.137,9.56264,9.56735,1.00,1.00
2018.05.31 22:14:41.414,9.56264,9.56767,1.00,1.00
2018.05.31 22:14:54.537,9.56265,9.56763,1.00,1.00
2018.05.31 22:15:02.117,9.56264,9.56767,1.00,1.00
2018.05.31 22:15:09.545,9.56265,9.56763,1.00,1.00
2018.05.31 22:15:17.156,9.56264,9.56767,1.00,1.00
2018.05.31 22:15:19.018,9.56266,9.56729,1.00,1.00
2018.05.31 22:15:24.537,9.56268,9.56722,1.00,1.00
2018.05.31 22:16:24.643,9.56264,9.56806,1.00,1.00
2018.05.31 22:16:29.006,9.56267,9.56723,1.00,1.00
2018.05.31 22:16:32.117,9.56264,9.56722,1.00,1.00
2018.05.31 22:16:37.275,9.56283,9.56722,1.00,1.00
2018.05.31 22:16:39.552,9.56273,9.56722,1.00,1.00
2018.05.31 22:16:47.141,9.56268,9.56722,1.00,1.00
2018.05.31 22:17:47.382,9.56264,9.56806,1.00,1.00
2018.05.31 22:17:49.194,9.56268,9.56722,1.00,1.00
2018.05.31 22:18:49.565,9.56264,9.56806,1.00,1.00
2018.05.31 22:18:49.616,9.56268,9.56722,1.00,1.00
2018.05.31 22:20:49.818,9.56264,9.56806,1.00,1.00
2018.05.31 22:20:49.974,9.56267,9.56723,1.00,1.00
2018.05.31 22:22:01.892,9.56267,9.56711,1.00,1.00
2018.05.31 22:22:50.042,9.56264,9.56711,1.00,1.00
2018.05.31 22:22:50.195,9.56268,9.56711,1.00,1.00
2018.05.31 22:23:02.127,9.56268,9.56722,1.00,1.00
2018.05.31 22:23:39.538,9.56281,9.56722,1.00,1.00
2018.05.31 22:23:40.086,9.56291,9.56722,1.00,1.00
2018.05.31 22:23:47.120,9.56276,9.56722,1.00,1.00
2018.05.31 22:24:02.141,9.56281,9.56722,1.00,1.00
2018.05.31 22:24:09.537,9.56276,9.56722,1.00,1.00
2018.05.31 22:24:39.538,9.56281,9.56722,1.00,1.00
2018.05.31 22:24:47.129,9.56276,9.56722,1.00,1.00
2018.05.31 22:24:54.537,9.56281,9.56722,1.00,1.00
2018.05.31 22:25:02.119,9.56276,9.56722,1.00,1.00
2018.05.31 22:25:17.121,9.56281,9.56722,1.00,1.00
2018.05.31 22:25:24.547,9.56275,9.56723,1.00,1.00
2018.05.31 22:25:32.160,9.56276,9.56717,1.00,1.00
2018.05.31 22:25:43.973,9.56293,9.56722,1.00,1.00
2018.05.31 22:25:44.427,9.56276,9.56717,1.00,1.00
2018.05.31 22:25:44.478,9.56273,9.56717,1.00,1.00
2018.05.31 22:25:45.472,9.56292,9.56723,1.00,1.00
2018.05.31 22:25:46.036,9.56295,9.56723,1.00,1.00
2018.05.31 22:25:46.138,9.56278,9.56717,1.00,1.00
2018.05.31 22:25:47.140,9.56276,9.56717,1.00,1.00
2018.05.31 22:25:47.636,9.56293,9.56722,1.00,1.00
2018.05.31 22:25:53.131,9.56276,9.56717,1.00,1.00
2018.05.31 22:25:54.538,9.56283,9.56722,1.00,1.00
2018.05.31 22:25:56.618,9.56276,9.56717,1.00,1.00
2018.05.31 22:25:57.274,9.56293,9.56722,1.00,1.00
2018.05.31 22:25:58.333,9.56276,9.56717,1.00,1.00
2018.05.31 22:26:00.448,9.56293,9.56722,1.00,1.00
2018.05.31 22:26:02.120,9.56283,9.56722,1.00,1.00
2018.05.31 22:26:13.424,9.56276,9.56744,1.00,1.00
2018.05.31 22:26:13.476,9.56296,9.56722,1.00,1.00
2018.05.31 22:26:15.724,9.56278,9.56717,1.00,1.00
2018.05.31 22:26:17.169,9.56283,9.56722,1.00,1.00
2018.05.31 22:26:22.279,9.56296,9.56722,1.00,1.00
2018.05.31 22:26:22.330,9.56278,9.56722,1.00,1.00
2018.05.31 22:26:24.538,9.56283,9.56722,1.00,1.00
2018.05.31 22:26:32.137,9.56276,9.56717,1.00,1.00
2018.05.31 22:26:39.586,9.56283,9.56722,1.00,1.00
2018.05.31 22:26:43.481,9.56283,9.56739,1.00,1.00
2018.05.31 22:26:43.532,9.56293,9.56722,1.00,1.00
2018.05.31 22:26:43.685,9.56281,9.56712,1.00,1.00
2018.05.31 22:26:43.737,9.56293,9.56722,1.00,1.00
2018.05.31 22:26:47.129,9.56283,9.56722,1.00,1.00
2018.05.31 22:26:53.529,9.56293,9.56724,1.00,1.00
2018.05.31 22:26:54.571,9.56283,9.56722,1.00,1.00
2018.05.31 22:27:02.121,9.56281,9.56722,1.00,1.00
2018.05.31 22:27:05.507,9.56283,9.56727,1.00,1.00
2018.05.31 22:27:07.276,9.56271,9.56722,1.00,1.00
2018.05.31 22:27:09.539,9.56268,9.56722,1.00,1.00
2018.05.31 22:27:09.591,9.5629,9.56728,1.00,1.00
2018.05.31 22:27:10.990,9.56267,9.56723,1.00,1.00
2018.05.31 22:27:11.372,9.56273,9.56727,1.00,1.00
2018.05.31 22:27:12.603,9.56296,9.56727,1.00,1.00
2018.05.31 22:27:15.332,9.56278,9.56722,1.00,1.00
2018.05.31 22:27:24.538,9.56268,9.56722,1.00,1.00
2018.05.31 22:27:26.606,9.56268,9.56717,1.00,1.00
2018.05.31 22:27:26.858,9.56266,9.56737,1.00,1.50
2018.05.31 22:27:26.909,9.56276,9.56737,1.00,1.50
2018.05.31 22:27:32.121,9.56291,9.56734,1.00,1.00
2018.05.31 22:27:33.412,9.56293,9.56734,1.00,1.00
2018.05.31 22:27:39.561,9.56291,9.56734,1.00,1.00
2018.05.31 22:27:54.538,9.56291,9.56739,1.00,1.00
2018.05.31 22:28:54.868,9.56264,9.56806,1.00,1.00
2018.05.31 22:28:59.231,9.56291,9.56739,1.00,1.00
2018.05.31 22:29:24.539,9.56276,9.56739,1.00,1.00
2018.05.31 22:29:41.565,9.56273,9.56759,1.00,1.00
2018.05.31 22:29:47.122,9.56276,9.56759,1.00,1.00
2018.05.31 22:29:54.538,9.56271,9.56769,1.00,1.00
2018.05.31 22:29:55.112,9.56271,9.56747,1.00,1.00
2018.05.31 22:30:02.132,9.56271,9.56759,1.00,1.00
2018.05.31 22:30:05.322,9.56271,9.56742,1.00,1.00
2018.05.31 22:30:07.277,9.56271,9.56769,1.00,1.00
2018.05.31 22:30:10.017,9.56268,9.56742,1.00,1.00
2018.05.31 22:30:17.156,9.56271,9.56759,1.00,1.00
2018.05.31 22:30:22.278,9.56271,9.56769,1.00,1.00
2018.05.31 22:30:23.277,9.56271,9.56747,1.00,1.00
2018.05.31 22:30:24.045,9.56271,9.56769,1.00,1.00
2018.05.31 22:30:24.397,9.56291,9.56747,1.00,1.00
2018.05.31 22:30:24.448,9.56275,9.5677,1.00,1.00
2018.05.31 22:30:25.088,9.56291,9.56747,1.00,1.00
2018.05.31 22:30:25.140,9.56273,9.56759,1.00,1.00
2018.05.31 22:30:30.456,9.56288,9.56747,1.00,1.00
2018.05.31 22:30:30.508,9.56281,9.56769,1.00,1.00
2018.05.31 22:30:30.856,9.56291,9.56769,1.00,1.00
2018.05.31 22:30:31.258,9.56278,9.56747,1.00,1.00
2018.05.31 22:30:31.309,9.56281,9.56769,1.00,1.00
2018.05.31 22:30:31.700,9.56278,9.56747,1.00,1.00
2018.05.31 22:30:32.111,9.56281,9.56769,1.00,1.00
2018.05.31 22:30:32.463,9.56278,9.56747,1.00,1.00
2018.05.31 22:30:32.915,9.56281,9.56769,1.00,1.00
2018.05.31 22:30:33.267,9.56278,9.56747,1.00,1.00
2018.05.31 22:30:33.680,9.56281,9.56769,1.00,1.00
2018.05.31 22:30:34.067,9.56278,9.56747,1.00,1.00
2018.05.31 22:30:34.522,9.56281,9.56769,1.00,1.00
2018.05.31 22:30:34.873,9.56281,9.56747,1.00,1.00
2018.05.31 22:30:34.924,9.56276,9.56769,1.00,1.00
2018.05.31 22:30:35.275,9.56278,9.56747,1.00,1.00
2018.05.31 22:30:35.326,9.56281,9.56769,1.00,1.00
2018.05.31 22:30:35.676,9.56278,9.56747,1.00,1.00
2018.05.31 22:30:35.728,9.56276,9.56769,1.00,1.00
2018.05.31 22:30:36.077,9.56277,9.56748,1.00,1.00
2018.05.31 22:30:36.128,9.56281,9.56769,1.00,1.00
2018.05.31 22:30:36.479,9.56278,9.56747,1.00,1.00
2018.05.31 22:30:36.530,9.56276,9.56769,1.00,1.00
2018.05.31 22:30:36.879,9.56278,9.56747,1.00,1.00
2018.05.31 22:30:36.934,9.56281,9.56769,1.00,1.00
2018.05.31 22:30:37.314,9.56276,9.56769,1.00,1.00
2018.05.31 22:30:37.682,9.56278,9.56747,1.00,1.00
2018.05.31 22:30:37.734,9.56281,9.56769,1.00,1.00
2018.05.31 22:30:38.084,9.56278,9.56747,1.00,1.00
2018.05.31 22:30:38.135,9.56276,9.56769,1.00,1.00
2018.05.31 22:30:38.486,9.56278,9.56747,1.00,1.00
2018.05.31 22:30:38.538,9.56281,9.56769,1.00,1.00
2018.05.31 22:30:38.888,9.56278,9.56747,1.00,1.00
2018.05.31 22:30:38.939,9.56276,9.56769,1.00,1.00
2018.05.31 22:30:39.295,9.56291,9.56759,1.00,1.00
2018.05.31 22:30:39.346,9.56281,9.56769,1.00,1.00
2018.05.31 22:30:39.692,9.56278,9.56747,1.00,1.00
2018.05.31 22:30:40.136,9.56281,9.56769,1.00,1.00
2018.05.31 22:30:40.542,9.56278,9.56747,1.00,1.00
2018.05.31 22:30:40.941,9.5628,9.5677,1.00,1.00
2018.05.31 22:30:41.374,9.56278,9.56747,1.00,1.00
2018.05.31 22:30:41.750,9.5628,9.5677,1.00,1.00
2018.05.31 22:30:42.151,9.56278,9.56747,1.00,1.00
2018.05.31 22:30:42.553,9.5628,9.5677,1.00,1.00
2018.05.31 22:30:42.921,9.56278,9.56747,1.00,1.00
2018.05.31 22:30:43.329,9.56281,9.56769,1.00,1.00
2018.05.31 22:30:43.708,9.56278,9.56747,1.00,1.00
2018.05.31 22:30:44.111,9.56288,9.56759,1.00,1.00
2018.05.31 22:30:44.162,9.56281,9.56769,1.00,1.00
2018.05.31 22:30:44.513,9.56278,9.56747,1.00,1.00
2018.05.31 22:30:45.004,9.5628,9.5677,1.00,1.00
2018.05.31 22:30:45.318,9.56278,9.56747,1.00,1.00
2018.05.31 22:30:45.771,9.56281,9.56769,1.00,1.00
2018.05.31 22:30:46.123,9.56278,9.56747,1.00,1.00
2018.05.31 22:30:46.553,9.56281,9.56769,1.00,1.00
2018.05.31 22:30:46.928,9.56278,9.56747,1.00,1.00
2018.05.31 22:30:47.380,9.56281,9.56769,1.00,1.00
2018.05.31 22:30:47.731,9.56278,9.56747,1.00,1.00
2018.05.31 22:30:48.183,9.56281,9.56769,1.00,1.00
2018.05.31 22:30:48.537,9.56287,9.5676,1.00,1.00
2018.05.31 22:30:48.589,9.56276,9.56769,1.00,1.00
2018.05.31 22:30:48.937,9.56278,9.56747,1.00,1.00
2018.05.31 22:30:48.991,9.56281,9.56769,1.00,1.00
2018.05.31 22:30:49.371,9.56278,9.56747,1.00,1.00
2018.05.31 22:30:52.276,9.56273,9.56747,1.00,1.00
2018.05.31 22:30:52.328,9.56271,9.56769,1.00,1.00
2018.05.31 22:30:55.136,9.56271,9.56747,1.00,1.00
2018.05.31 22:30:56.998,9.56286,9.56759,1.00,1.00
2018.05.31 22:30:57.049,9.56273,9.56747,1.00,1.00
2018.05.31 22:31:02.122,9.56276,9.56759,1.00,1.00
2018.05.31 22:31:07.276,9.56272,9.56748,1.00,1.00
2018.05.31 22:31:07.328,9.56281,9.56759,1.00,1.00
2018.05.31 22:31:09.538,9.56276,9.56769,1.00,1.00
2018.05.31 22:31:10.086,9.56273,9.56747,1.00,1.00
2018.05.31 22:31:10.137,9.56273,9.56759,1.00,1.00
2018.05.31 22:31:11.822,9.56276,9.56759,1.00,1.00
2018.05.31 22:31:12.223,9.56291,9.56769,1.00,1.00
2018.05.31 22:31:12.581,9.56278,9.56747,1.00,1.00
2018.05.31 22:31:12.638,9.56281,9.56769,1.00,1.00
2018.05.31 22:31:13.025,9.56278,9.56747,1.00,1.00
2018.05.31 22:31:13.077,9.56276,9.56769,1.00,1.00
2018.05.31 22:31:13.475,9.56281,9.56769,1.00,1.00
2018.05.31 22:31:13.881,9.56278,9.56747,1.00,1.00
2018.05.31 22:31:14.272,9.56281,9.56769,1.00,1.00
2018.05.31 22:31:14.630,9.56278,9.56747,1.00,1.00
2018.05.31 22:31:15.034,9.56281,9.56769,1.00,1.00
2018.05.31 22:31:15.435,9.56278,9.56747,1.00,1.00
2018.05.31 22:31:15.837,9.56264,9.56806,1.00,1.00
2018.05.31 22:31:15.889,9.56281,9.56769,1.00,1.00
2018.05.31 22:31:16.285,9.56277,9.56748,1.00,1.00
2018.05.31 22:31:16.684,9.56281,9.56769,1.00,1.00
2018.05.31 22:31:17.044,9.56278,9.56747,1.00,1.00
2018.05.31 22:31:17.495,9.56281,9.56769,1.00,1.00
2018.05.31 22:31:17.896,9.56278,9.56747,1.00,1.00
2018.05.31 22:31:18.250,9.56288,9.56759,1.00,1.00
2018.05.31 22:31:18.300,9.56281,9.56747,1.00,1.00
2018.05.31 22:31:18.651,9.56278,9.56747,1.00,1.00
2018.05.31 22:31:18.702,9.56276,9.56747,1.00,1.00
2018.05.31 22:31:19.054,9.56288,9.56759,1.00,1.00
2018.05.31 22:31:19.454,9.56291,9.56759,1.00,1.00
2018.05.31 22:31:19.505,9.56276,9.56747,1.00,1.00
2018.05.31 22:31:19.904,9.56281,9.56769,1.00,1.00
2018.05.31 22:31:20.306,9.56278,9.56747,1.00,1.00
2018.05.31 22:31:20.690,9.56281,9.56769,1.00,1.00
2018.05.31 22:31:21.109,9.56278,9.56747,1.00,1.00
2018.05.31 22:31:21.511,9.56281,9.56769,1.00,1.00
2018.05.31 22:31:21.920,9.56276,9.56769,1.00,1.00
2018.05.31 22:31:22.330,9.56281,9.56769,1.00,1.00
2018.05.31 22:31:22.674,9.56288,9.56759,1.00,1.00
2018.05.31 22:31:22.726,9.56276,9.56769,1.00,1.00
2018.05.31 22:31:23.072,9.56278,9.56747,1.00,1.00
2018.05.31 22:31:23.124,9.56281,9.56769,1.00,1.00
2018.05.31 22:31:23.470,9.56278,9.56747,1.00,1.00
2018.05.31 22:31:23.522,9.56276,9.56769,1.00,1.00
2018.05.31 22:31:23.872,9.56278,9.56747,1.00,1.00
2018.05.31 22:31:23.924,9.56281,9.56769,1.00,1.00
2018.05.31 22:31:24.324,9.56276,9.56769,1.00,1.00
2018.05.31 22:31:24.676,9.56278,9.56747,1.00,1.00
2018.05.31 22:31:24.727,9.56281,9.56769,1.00,1.00
2018.05.31 22:31:25.077,9.56278,9.56747,1.00,1.00
2018.05.31 22:31:25.530,9.56281,9.56769,1.00,1.00
2018.05.31 22:31:25.881,9.56277,9.56748,1.00,1.00
2018.05.31 22:31:26.305,9.56281,9.56769,1.00,1.00
2018.05.31 22:31:26.683,9.56277,9.56748,1.00,1.00
2018.05.31 22:31:27.134,9.56281,9.56747,1.00,1.00
2018.05.31 22:31:27.487,9.56291,9.56759,1.00,1.00
2018.05.31 22:31:27.539,9.56276,9.56747,1.00,1.00
2018.05.31 22:31:27.939,9.56281,9.56747,1.00,1.00
2018.05.31 22:31:28.294,9.56291,9.56759,1.00,1.00
2018.05.31 22:31:28.345,9.56276,9.56747,1.00,1.00
2018.05.31 22:31:28.743,9.56281,9.56769,1.00,1.00
2018.05.31 22:31:29.096,9.56278,9.56747,1.00,1.00
2018.05.31 22:31:29.547,9.56281,9.56769,1.00,1.00
2018.05.31 22:31:29.936,9.56278,9.56747,1.00,1.00
2018.05.31 22:31:30.349,9.56281,9.56769,1.00,1.00
2018.05.31 22:31:30.751,9.56278,9.56747,1.00,1.00
2018.05.31 22:31:31.151,9.56281,9.56769,1.00,1.00
2018.05.31 22:31:31.612,9.56278,9.56747,1.00,1.00
2018.05.31 22:31:31.917,9.56281,9.56769,1.00,1.00
2018.05.31 22:31:32.408,9.56278,9.56747,1.00,1.00
2018.05.31 22:31:32.720,9.56271,9.56769,1.00,1.00
2018.05.31 22:31:32.771,9.56271,9.56747,1.00,1.00
2018.05.31 22:31:37.329,9.56271,9.56769,1.00,1.00
2018.05.31 22:31:40.187,9.56271,9.56747,1.00,1.00
2018.05.31 22:31:40.858,9.56278,9.56747,1.00,1.00
2018.05.31 22:31:40.910,9.5628,9.5677,1.00,1.00
2018.05.31 22:31:41.233,9.56277,9.56748,1.00,1.00
2018.05.31 22:31:47.123,9.56276,9.56759,1.00,1.00
2018.05.31 22:31:48.015,9.56276,9.56523,1.00,1.60
2018.05.31 22:31:48.068,9.56158,9.56506,1.00,1.60
2018.05.31 22:31:48.120,9.56134,9.56476,1.19,1.60
2018.05.31 22:31:48.421,9.56164,9.56427,1.00,1.00
2018.05.31 22:31:48.525,9.56108,9.56564,1.19,1.00
2018.05.31 22:31:48.576,9.56108,9.56572,1.19,1.00
2018.05.31 22:31:48.628,9.56052,9.56566,1.00,1.60
2018.05.31 22:31:48.680,9.55968,9.56523,1.00,1.00
2018.05.31 22:31:48.732,9.55934,9.56495,1.00,1.00
2018.05.31 22:31:48.784,9.55904,9.56495,1.00,1.00
2018.05.31 22:31:48.836,9.55854,9.56475,1.00,1.00
2018.05.31 22:31:48.887,9.55854,9.56454,1.00,1.00
2018.05.31 22:31:48.939,9.55854,9.56465,1.00,1.60
2018.05.31 22:31:48.991,9.55854,9.56447,1.00,1.00
2018.05.31 22:31:49.042,9.55854,9.56453,1.00,1.00
2018.05.31 22:31:49.094,9.55854,9.56464,1.00,1.00
2018.05.31 22:31:49.145,9.55883,9.56481,1.00,1.00
2018.05.31 22:31:49.248,9.55883,9.56489,1.00,1.00
2018.05.31 22:31:50.311,9.55883,9.56465,1.00,1.00
2018.05.31 22:31:50.800,9.55831,9.56465,1.00,1.00
2018.05.31 22:31:50.903,9.55898,9.56465,1.00,1.00
2018.05.31 22:31:51.423,9.55898,9.56411,1.00,1.00
2018.05.31 22:31:52.028,9.55898,9.56374,1.00,1.00
2018.05.31 22:31:52.614,9.55873,9.56374,1.00,1.00
2018.05.31 22:31:52.718,9.55876,9.56374,1.00,1.00
2018.05.31 22:31:53.325,9.55862,9.56374,1.00,1.00
2018.05.31 22:31:54.565,9.55858,9.56374,1.00,1.00
2018.05.31 22:31:58.260,9.55847,9.56374,1.00,1.00
2018.05.31 22:31:58.363,9.55866,9.56374,1.00,1.00
2018.05.31 22:32:02.123,9.55883,9.56374,1.00,1.00
2018.05.31 22:32:17.124,9.55888,9.56374,1.00,1.00
2018.05.31 22:32:24.538,9.55903,9.56374,1.00,1.00
2018.05.31 22:32:47.149,9.55908,9.56374,1.00,1.00
2018.05.31 22:32:47.354,9.55881,9.56374,1.00,1.00
2018.05.31 22:32:52.120,9.55881,9.56475,1.00,1.01
2018.05.31 22:32:54.539,9.55888,9.56475,1.00,1.01
2018.05.31 22:33:00.302,9.55888,9.56407,1.00,1.00
2018.05.31 22:33:07.368,9.55888,9.56475,1.00,1.01
2018.05.31 22:33:07.420,9.55887,9.56509,1.00,1.00
2018.05.31 22:33:07.472,9.55908,9.56485,1.00,1.53
2018.05.31 22:33:07.524,9.55961,9.56546,1.00,1.00
2018.05.31 22:33:07.575,9.55984,9.56572,1.00,1.00
2018.05.31 22:33:08.829,9.56002,9.56657,1.00,1.00
2018.05.31 22:33:08.881,9.56002,9.56572,1.00,1.00
2018.05.31 22:33:09.199,9.56017,9.56572,1.00,1.00
2018.05.31 22:33:09.252,9.56016,9.56686,1.00,1.80
2018.05.31 22:33:09.304,9.56016,9.56686,1.19,2.49
2018.05.31 22:33:09.356,9.56026,9.56686,1.00,1.75
2018.05.31 22:33:09.408,9.56026,9.56654,1.00,1.00
2018.05.31 22:33:09.743,9.56043,9.56686,1.00,2.45
2018.05.31 22:33:09.795,9.56023,9.56686,1.00,1.00
2018.05.31 22:33:17.124,9.56024,9.56686,1.00,1.00
2018.05.31 22:33:22.345,9.5603,9.56639,1.00,1.00
2018.05.31 22:33:22.727,9.5603,9.56632,1.00,1.00
2018.05.31 22:33:22.778,9.5602,9.56639,1.00,1.00
2018.05.31 22:33:23.187,9.56051,9.56639,1.00,1.00
2018.05.31 22:33:23.290,9.56032,9.56639,1.00,1.00
2018.05.31 22:33:23.393,9.56028,9.56686,1.19,1.37
2018.05.31 22:33:23.444,9.56032,9.56639,1.19,1.00
2018.05.31 22:33:23.496,9.56032,9.56639,1.00,1.00
2018.05.31 22:33:23.701,9.5604,9.56637,1.00,1.00
2018.05.31 22:33:23.753,9.5604,9.56686,1.00,1.37
2018.05.31 22:33:23.805,9.56032,9.56639,1.00,1.00
2018.05.31 22:33:24.154,9.56032,9.56629,1.00,1.00
2018.05.31 22:33:24.902,9.56054,9.56652,1.00,1.00
2018.05.31 22:33:25.087,9.56054,9.56686,1.00,1.37
2018.05.31 22:33:25.138,9.56054,9.56655,1.00,1.00
2018.05.31 22:33:25.244,9.56033,9.56686,1.00,1.37
2018.05.31 22:33:25.295,9.56033,9.56657,1.00,1.00
2018.05.31 22:33:25.668,9.56032,9.56637,1.00,1.00
2018.05.31 22:33:25.720,9.56032,9.56642,1.00,1.00
2018.05.31 22:33:26.917,9.56032,9.56643,1.00,1.00
2018.05.31 22:33:27.430,9.56032,9.56642,1.00,1.00
2018.05.31 22:33:27.718,9.56032,9.56639,1.00,1.00
2018.05.31 22:33:27.821,9.56053,9.56662,1.00,1.00
2018.05.31 22:33:27.872,9.56032,9.56662,1.50,1.00
2018.05.31 22:33:27.924,9.56032,9.56662,1.69,1.00
2018.05.31 22:33:28.231,9.56032,9.56639,1.00,1.00
2018.05.31 22:33:28.834,9.56033,9.56639,1.00,1.00
2018.05.31 22:33:29.475,9.56032,9.56639,1.00,1.00
2018.05.31 22:33:30.073,9.56032,9.56637,1.50,1.00
2018.05.31 22:33:30.176,9.56032,9.56642,1.00,1.00
2018.05.31 22:33:30.227,9.56032,9.56662,1.00,1.00
2018.05.31 22:33:30.279,9.56032,9.56642,1.00,1.00
2018.05.31 22:33:30.546,9.56032,9.56647,1.19,1.00
2018.05.31 22:33:30.648,9.56032,9.56647,1.00,1.00
2018.05.31 22:33:31.432,9.56032,9.56647,1.19,1.00
2018.05.31 22:33:32.072,9.56032,9.56647,1.00,1.00
2018.05.31 22:33:32.277,9.56051,9.56662,1.00,1.00
2018.05.31 22:33:32.430,9.56031,9.56662,1.00,1.00
2018.05.31 22:33:32.584,9.56027,9.56662,1.00,1.00
2018.05.31 22:33:33.332,9.56027,9.56647,1.00,1.00
2018.05.31 22:33:33.957,9.5603,9.56647,1.00,1.00
2018.05.31 22:33:34.369,9.56026,9.56647,1.19,1.00
2018.05.31 22:33:34.671,9.5605,9.56647,1.00,1.00
2018.05.31 22:33:37.325,9.5605,9.56669,1.00,1.00
2018.05.31 22:33:37.951,9.56032,9.56669,1.19,1.00
2018.05.31 22:33:38.002,9.56026,9.56669,1.00,1.00
2018.05.31 22:33:38.105,9.56045,9.56667,1.00,1.00
2018.05.31 22:33:38.400,9.56026,9.56686,1.00,1.00
2018.05.31 22:33:38.451,9.56026,9.56672,1.00,1.00
2018.05.31 22:33:40.120,9.56026,9.56662,1.00,1.00
2018.05.31 22:33:40.858,9.56038,9.56662,1.00,1.00
2018.05.31 22:33:42.762,9.56053,9.56662,1.00,1.00
2018.05.31 22:33:42.813,9.56038,9.56662,1.00,1.00
2018.05.31 22:33:44.423,9.56054,9.56662,1.00,1.00
2018.05.31 22:33:47.232,9.56054,9.56677,1.00,1.00
2018.05.31 22:33:54.539,9.56054,9.56672,1.00,1.00
2018.05.31 22:34:09.544,9.56054,9.56674,1.00,1.00
2018.05.31 22:34:17.884,9.56039,9.56686,1.00,1.00
2018.05.31 22:34:17.935,9.56039,9.56677,1.00,1.00
2018.05.31 22:34:18.273,9.56039,9.56652,1.00,1.00
2018.05.31 22:34:18.605,9.56044,9.56652,1.00,1.00
2018.05.31 22:34:18.966,9.56054,9.56652,1.00,1.00
2018.05.31 22:34:19.035,9.56044,9.56652,1.00,1.00
2018.05.31 22:34:20.010,9.56054,9.56652,1.00,1.00
2018.05.31 22:34:20.367,9.56041,9.56652,1.00,1.00
2018.05.31 22:34:22.182,9.56054,9.56652,1.00,1.00
2018.05.31 22:34:22.287,9.56042,9.56652,1.00,1.00
2018.05.31 22:34:22.447,9.56054,9.56652,1.00,1.00
2018.05.31 22:34:23.124,9.56053,9.56652,1.00,1.00
2018.05.31 22:34:23.626,9.56054,9.56652,1.00,1.00
2018.05.31 22:34:24.407,9.56039,9.56657,1.00,1.00
2018.05.31 22:34:24.510,9.56039,9.56648,1.00,1.00
2018.05.31 22:34:24.855,9.5604,9.56667,1.00,1.00
2018.05.31 22:34:24.957,9.56054,9.56667,1.00,1.00
2018.05.31 22:34:32.124,9.56054,9.56672,1.00,1.00
2018.05.31 22:34:39.587,9.56054,9.56674,1.00,1.00
2018.05.31 22:34:40.223,9.56042,9.56669,1.00,1.00
2018.05.31 22:34:40.275,9.56054,9.56669,1.00,1.00
2018.05.31 22:34:40.327,9.56034,9.56663,1.00,1.00
2018.05.31 22:34:40.734,9.56054,9.56662,1.00,1.00
2018.05.31 22:34:40.888,9.56043,9.56662,1.00,1.00
2018.05.31 22:34:42.300,9.56054,9.56662,1.00,1.00
2018.05.31 22:34:42.351,9.56042,9.56662,1.00,1.00
2018.05.31 22:34:42.667,9.56054,9.56662,1.00,1.00
2018.05.31 22:34:52.324,9.56054,9.56672,1.00,1.00
2018.05.31 22:34:52.375,9.56054,9.56652,1.00,1.00
2018.05.31 22:34:52.581,9.56044,9.56652,1.00,1.00
2018.05.31 22:34:52.632,9.56024,9.56652,1.00,1.00
2018.05.31 22:34:52.735,9.56026,9.56652,1.00,1.00
2018.05.31 22:34:53.038,9.56054,9.56652,1.00,1.00
2018.05.31 22:34:54.065,9.56053,9.56652,1.00,1.00
2018.05.31 22:34:54.382,9.56043,9.56652,1.00,1.00
2018.05.31 22:34:54.433,9.56047,9.56672,1.00,1.00
2018.05.31 22:34:54.485,9.56047,9.56652,1.00,1.00
2018.05.31 22:34:54.587,9.56054,9.56674,1.00,1.00
2018.05.31 22:34:55.016,9.56053,9.56652,1.00,1.00
2018.05.31 22:34:55.069,9.56053,9.56667,1.00,1.00
2018.05.31 22:34:55.172,9.56053,9.56686,1.00,1.00
2018.05.31 22:34:55.428,9.56053,9.56664,1.00,1.00
2018.05.31 22:34:55.479,9.56053,9.56686,1.00,1.00
2018.05.31 22:34:56.006,9.56054,9.56686,1.00,1.00
2018.05.31 22:34:56.058,9.56054,9.56662,1.00,1.00
2018.05.31 22:34:56.369,9.56053,9.56647,1.00,1.00
2018.05.31 22:34:57.012,9.56054,9.56647,1.00,1.00
2018.05.31 22:35:02.152,9.56054,9.56667,1.00,1.00
2018.05.31 22:35:07.387,9.56054,9.56684,1.00,1.00
2018.05.31 22:35:07.438,9.56054,9.56662,1.00,1.00
2018.05.31 22:35:07.490,9.56042,9.56662,1.00,1.00
2018.05.31 22:35:07.592,9.5604,9.56662,1.00,1.00
2018.05.31 22:35:08.706,9.56041,9.56662,1.00,1.00
2018.05.31 22:35:09.037,9.56025,9.56662,1.00,1.00
2018.05.31 22:35:09.088,9.56053,9.56662,1.00,1.00
2018.05.31 22:35:09.398,9.56053,9.56679,1.00,1.00
2018.05.31 22:35:09.450,9.56043,9.56659,1.00,1.00
2018.05.31 22:35:09.780,9.56054,9.56659,1.00,1.00
2018.05.31 22:35:09.831,9.56037,9.56659,1.00,1.00
2018.05.31 22:35:09.934,9.56054,9.56659,1.00,1.00
2018.05.31 22:35:10.393,9.56052,9.56659,1.00,1.00
2018.05.31 22:35:10.449,9.56052,9.56652,1.00,1.00
2018.05.31 22:35:13.912,9.56054,9.56652,1.00,1.00
2018.05.31 22:35:15.589,9.56026,9.56652,1.00,1.00
2018.05.31 22:35:15.927,9.56041,9.56652,1.00,1.00
2018.05.31 22:35:16.467,9.56054,9.56652,1.00,1.00
2018.05.31 22:35:17.172,9.56054,9.56667,1.00,1.00
2018.05.31 22:35:19.449,9.56041,9.56647,1.00,1.00
2018.05.31 22:35:19.848,9.56054,9.56647,1.00,1.00
2018.05.31 22:35:22.325,9.56053,9.56679,1.00,1.00
2018.05.31 22:35:24.538,9.56053,9.56672,1.00,1.00
2018.05.31 22:35:29.360,9.56034,9.56657,1.00,1.00
2018.05.31 22:35:29.462,9.56051,9.56657,1.00,1.00
2018.05.31 22:35:29.514,9.56034,9.56657,1.25,1.00
2018.05.31 22:35:29.868,9.56054,9.56657,1.00,1.00
2018.05.31 22:35:30.565,9.56053,9.56657,1.00,1.00
2018.05.31 22:35:31.087,9.56054,9.56657,1.00,1.00
2018.05.31 22:35:32.129,9.56054,9.56662,1.00,1.00
2018.05.31 22:35:37.357,9.56054,9.56657,1.00,1.00
2018.05.31 22:35:44.456,9.56046,9.56657,1.00,1.00
2018.05.31 22:35:44.610,9.56054,9.56657,1.00,1.00
2018.05.31 22:35:47.124,9.56054,9.56664,1.00,1.00
2018.05.31 22:35:49.345,9.56053,9.56664,1.00,1.00
2018.05.31 22:36:04.467,9.56043,9.56664,1.50,1.00
2018.05.31 22:36:04.979,9.56043,9.56654,1.00,1.00
2018.05.31 22:36:05.132,9.56043,9.56686,1.00,1.00
2018.05.31 22:36:07.327,9.56043,9.5667,1.00,1.00
2018.05.31 22:36:09.539,9.56043,9.56669,1.00,1.00
2018.05.31 22:36:10.141,9.56024,9.56669,1.50,1.00
2018.05.31 22:36:17.130,9.56024,9.56657,1.50,1.00
2018.05.31 22:36:22.125,9.56024,9.56645,1.00,1.00
2018.05.31 22:36:22.692,9.56031,9.56645,1.00,1.00
2018.05.31 22:36:24.363,9.5603,9.56645,1.00,1.00
2018.05.31 22:36:24.697,9.5603,9.56639,1.00,1.00
2018.05.31 22:36:25.006,9.56053,9.56662,1.00,1.00
2018.05.31 22:36:25.086,9.56053,9.56679,1.00,1.00
2018.05.31 22:36:27.335,9.56053,9.56639,1.00,1.00
2018.05.31 22:36:27.387,9.5603,9.56639,1.00,1.00
2018.05.31 22:36:32.124,9.5603,9.56652,1.00,1.00
2018.05.31 22:36:40.102,9.56049,9.56652,1.00,1.00
2018.05.31 22:36:54.539,9.56042,9.56653,1.00,1.00
2018.05.31 22:36:59.641,9.56054,9.56653,1.00,1.00
2018.05.31 22:37:02.124,9.56054,9.56657,1.00,1.00
2018.05.31 22:37:07.333,9.56053,9.56624,1.00,1.00
2018.05.31 22:37:08.363,9.56054,9.56624,1.00,1.00
2018.05.31 22:37:08.948,9.56053,9.56624,1.00,1.00
2018.05.31 22:37:09.344,9.56054,9.56657,1.00,1.00
2018.05.31 22:37:10.215,9.56049,9.56657,1.00,1.00
2018.05.31 22:37:10.650,9.56054,9.56657,1.00,1.00
2018.05.31 22:37:11.691,9.56086,9.56657,1.00,1.00
2018.05.31 22:37:17.172,9.56086,9.56667,1.00,1.00
2018.05.31 22:37:22.333,9.56099,9.56644,1.00,1.00
2018.05.31 22:37:22.436,9.56099,9.56667,1.00,1.00
2018.05.31 22:37:22.487,9.56099,9.56677,1.00,1.00
2018.05.31 22:37:22.589,9.56099,9.56652,1.00,1.00
2018.05.31 22:37:22.641,9.56099,9.56677,1.00,1.00
2018.05.31 22:37:22.846,9.56099,9.56654,1.00,1.00
2018.05.31 22:37:23.854,9.56099,9.56678,1.00,1.00
2018.05.31 22:37:24.652,9.56099,9.56686,1.00,1.00
2018.05.31 22:37:34.364,9.56084,9.56686,1.00,1.00
2018.05.31 22:37:34.488,9.56084,9.56667,1.00,1.00
2018.05.31 22:37:37.279,9.56084,9.56686,1.00,1.00
2018.05.31 22:37:37.381,9.56084,9.56669,1.00,1.00
2018.05.31 22:37:37.433,9.56084,9.56686,1.00,1.00
2018.05.31 22:37:37.484,9.56084,9.56672,1.00,1.00
2018.05.31 22:37:39.587,9.56084,9.56686,1.50,1.00
2018.05.31 22:37:40.114,9.56084,9.56679,1.00,1.00
2018.05.31 22:37:40.167,9.5607,9.56669,1.00,1.00
2018.05.31 22:37:40.371,9.5607,9.56686,1.00,1.00
2018.05.31 22:37:40.423,9.5607,9.56662,1.00,1.00
2018.05.31 22:37:41.863,9.56046,9.56637,1.00,1.00
2018.05.31 22:37:42.208,9.56063,9.56624,1.00,1.00
2018.05.31 22:37:42.458,9.56052,9.56639,1.00,1.00
2018.05.31 22:37:42.510,9.56047,9.56644,1.00,1.00
2018.05.31 22:37:42.664,9.56048,9.56649,1.00,1.00
2018.05.31 22:37:43.037,9.56054,9.56649,1.00,1.00
2018.05.31 22:37:43.567,9.56053,9.56649,1.00,1.00
2018.05.31 22:37:44.298,9.56054,9.56649,1.00,1.00
2018.05.31 22:37:45.324,9.56059,9.56658,1.00,1.00
2018.05.31 22:37:47.124,9.56061,9.56657,1.00,1.00
2018.05.31 22:37:47.472,9.56067,9.56659,1.00,1.00
2018.05.31 22:37:51.425,9.56118,9.56644,1.00,1.00
2018.05.31 22:37:51.477,9.56068,9.56648,1.00,1.00
2018.05.31 22:37:51.735,9.56079,9.56649,1.00,1.00
2018.05.31 22:37:52.189,9.56079,9.56664,1.00,1.00
2018.05.31 22:37:52.497,9.56079,9.56673,1.00,1.00
2018.05.31 22:37:52.548,9.56079,9.56649,1.00,1.00
2018.05.31 22:37:52.600,9.56079,9.56657,1.00,1.00
2018.05.31 22:37:52.651,9.56079,9.56672,1.00,1.00
2018.05.31 22:37:52.702,9.56079,9.56652,1.00,1.00
2018.05.31 22:37:52.754,9.5611,9.56684,1.00,1.00
2018.05.31 22:37:53.061,9.56119,9.56686,1.00,1.00
2018.05.31 22:37:53.163,9.56079,9.5667,1.00,1.00
2018.05.31 22:37:53.473,9.56079,9.56647,1.00,1.00
2018.05.31 22:37:53.524,9.56079,9.56669,1.00,1.00
2018.05.31 22:37:54.269,9.56079,9.56677,1.00,1.00
2018.05.31 22:37:55.135,9.56081,9.56686,1.00,1.00
2018.05.31 22:37:55.825,9.5608,9.56634,1.00,1.00
2018.05.31 22:37:55.876,9.56079,9.56663,1.00,1.00
2018.05.31 22:37:55.928,9.5608,9.56639,1.00,1.00
2018.05.31 22:37:56.082,9.56109,9.56686,1.00,1.00
2018.05.31 22:37:56.133,9.5608,9.56644,1.00,1.00
2018.05.31 22:37:56.185,9.56079,9.56686,1.00,1.00
2018.05.31 22:37:56.236,9.56081,9.56657,1.00,1.00
2018.05.31 22:37:56.290,9.56084,9.56686,1.00,1.00
2018.05.31 22:37:56.341,9.56081,9.56686,1.00,1.00
2018.05.31 22:37:56.444,9.56113,9.56686,1.00,1.00
2018.05.31 22:37:56.949,9.56114,9.56686,1.00,1.00
2018.05.31 22:37:57.177,9.56083,9.56684,1.00,1.00
2018.05.31 22:38:02.125,9.56096,9.56684,1.00,1.00
2018.05.31 22:38:06.498,9.56103,9.56679,1.00,1.00
2018.05.31 22:38:06.805,9.56136,9.56662,1.00,1.00
2018.05.31 22:38:06.857,9.56142,9.56676,1.00,1.00
2018.05.31 22:38:09.543,9.56149,9.56674,1.00,1.00
2018.05.31 22:38:10.134,9.56108,9.56682,1.00,1.00
2018.05.31 22:38:10.619,9.56157,9.56683,1.00,1.00
2018.05.31 22:38:17.124,9.56158,9.56684,1.00,1.00
2018.05.31 22:38:24.539,9.56161,9.56677,1.00,1.00
2018.05.31 22:38:29.845,9.56161,9.56682,1.00,1.00
2018.05.31 22:38:29.959,9.56158,9.56674,1.00,1.00
2018.05.31 22:38:30.068,9.56146,9.56674,1.00,1.00
2018.05.31 22:38:30.171,9.56161,9.56682,1.00,1.00
2018.05.31 22:38:30.427,9.56158,9.56686,1.00,1.00
2018.05.31 22:38:32.124,9.56158,9.56684,1.00,1.00
2018.05.31 22:38:34.339,9.56161,9.56677,1.00,1.00
2018.05.31 22:38:34.654,9.56148,9.56659,1.00,1.00
2018.05.31 22:38:34.757,9.56128,9.56652,1.00,1.00
2018.05.31 22:38:34.808,9.56148,9.56653,1.00,1.00
2018.05.31 22:38:35.364,9.56133,9.56664,1.00,1.00
2018.05.31 22:38:35.802,9.56158,9.56684,1.00,1.00
2018.05.31 22:38:39.539,9.56166,9.56684,1.00,1.00
2018.05.31 22:38:40.248,9.56178,9.56686,1.00,1.00
2018.05.31 22:38:40.350,9.56158,9.56684,1.00,1.00
2018.05.31 22:38:44.893,9.56105,9.56686,1.00,1.00
2018.05.31 22:38:44.945,9.56188,9.56686,1.00,1.00
2018.05.31 22:38:45.048,9.56178,9.56686,1.00,1.00
2018.05.31 22:38:45.101,9.56173,9.56679,1.00,1.00
2018.05.31 22:38:45.152,9.56163,9.56672,1.00,1.00
2018.05.31 22:38:45.378,9.56166,9.56669,1.00,1.00
2018.05.31 22:38:45.487,9.56151,9.56684,1.00,1.00
2018.05.31 22:38:45.691,9.56173,9.56684,1.00,1.00
2018.05.31 22:38:45.892,9.56161,9.56686,1.00,1.00
2018.05.31 22:38:45.943,9.56157,9.56686,1.00,1.00
2018.05.31 22:38:46.070,9.56172,9.56686,1.00,1.00
2018.05.31 22:38:46.860,9.56171,9.56686,1.00,1.00
2018.05.31 22:38:47.282,9.56171,9.56684,1.00,1.00
2018.05.31 22:38:48.197,9.56183,9.56686,1.00,1.00
2018.05.31 22:38:48.352,9.56153,9.56684,1.00,1.00
2018.05.31 22:38:48.557,9.56176,9.56684,1.00,1.00
2018.05.31 22:38:48.710,9.56153,9.56686,1.00,1.00
2018.05.31 22:38:49.006,9.56175,9.56686,1.00,1.00
2018.05.31 22:38:54.539,9.56181,9.56684,1.00,1.00
2018.05.31 22:39:01.064,9.56177,9.56579,1.00,1.52
2018.05.31 22:39:01.116,9.56124,9.56541,1.00,1.00
2018.05.31 22:39:01.220,9.56088,9.56601,1.00,1.24
2018.05.31 22:39:01.273,9.5604,9.56601,1.00,1.24
2018.05.31 22:39:01.325,9.56028,9.56561,1.00,1.00
2018.05.31 22:39:01.789,9.56029,9.56572,1.00,1.52
2018.05.31 22:39:02.510,9.56029,9.56524,1.00,1.00
2018.05.31 22:39:03.602,9.56029,9.56474,1.00,1.00
2018.05.31 22:39:09.560,9.56026,9.56474,1.00,1.00
2018.05.31 22:39:12.367,9.56023,9.56474,1.00,1.00
2018.05.31 22:39:12.419,9.56003,9.56474,1.00,1.00
2018.05.31 22:39:16.135,9.56012,9.56474,1.00,1.00
2018.05.31 22:39:17.125,9.56014,9.56474,1.00,1.00
2018.05.31 22:39:21.161,9.56013,9.56449,1.00,1.00
2018.05.31 22:39:24.545,9.56018,9.56449,1.00,1.00
2018.05.31 22:39:28.376,9.55998,9.56449,1.00,1.00
2018.05.31 22:39:32.125,9.55993,9.56449,1.00,1.00
2018.05.31 22:39:38.928,9.56,9.56449,1.00,1.00
2018.05.31 22:39:39.438,9.56001,9.56449,1.00,1.00
2018.05.31 22:39:40.086,9.55998,9.56449,1.00,1.00
2018.05.31 22:39:40.138,9.55973,9.56449,1.00,1.00
2018.05.31 22:39:40.293,9.55998,9.56449,1.00,1.00
2018.05.31 22:39:40.517,9.55981,9.56449,1.00,1.00
2018.05.31 22:39:40.723,9.56001,9.56449,1.00,1.00
2018.05.31 22:39:40.775,9.55998,9.56449,1.00,1.00
2018.05.31 22:39:40.877,9.55973,9.56449,1.00,1.00
2018.05.31 22:39:40.980,9.55991,9.56449,1.00,1.00
2018.05.31 22:39:41.031,9.55991,9.56474,1.00,1.00
2018.05.31 22:39:41.192,9.55991,9.56449,1.00,1.00
2018.05.31 22:39:41.346,9.55991,9.56474,1.00,1.00
2018.05.31 22:39:41.549,9.55991,9.56449,1.00,1.00
2018.05.31 22:39:41.752,9.55991,9.56474,1.00,1.00
2018.05.31 22:39:41.853,9.55991,9.56449,1.00,1.00
2018.05.31 22:39:42.073,9.55991,9.56474,1.00,1.00
2018.05.31 22:39:42.176,9.55991,9.5645,1.00,1.00
2018.05.31 22:39:42.333,9.55991,9.56474,1.00,1.00
2018.05.31 22:39:42.435,9.55991,9.56449,1.00,1.00
2018.05.31 22:39:44.408,9.55993,9.56449,1.00,1.00
2018.05.31 22:39:44.664,9.55993,9.56475,1.00,1.00
2018.05.31 22:39:47.125,9.56001,9.56475,1.00,1.00
2018.05.31 22:39:48.659,9.56001,9.56449,1.00,1.00
2018.05.31 22:39:55.139,9.56003,9.56449,1.00,1.00
2018.05.31 22:40:08.689,9.56003,9.56446,1.00,1.00
2018.05.31 22:40:22.325,9.55971,9.56446,1.00,1.00
2018.05.31 22:40:24.553,9.55978,9.56446,1.00,1.00
2018.05.31 22:40:32.126,9.55981,9.56446,1.00,1.00
2018.05.31 22:40:37.290,9.55982,9.56446,1.00,1.00
2018.05.31 22:40:47.174,9.55973,9.56446,1.00,1.00
2018.05.31 22:40:52.277,9.55956,9.56446,1.00,1.00
2018.05.31 22:40:54.582,9.55968,9.56446,1.00,1.00
2018.05.31 22:41:01.424,9.55951,9.56446,1.00,1.00
2018.05.31 22:41:02.125,9.55953,9.56446,1.00,1.00
2018.05.31 22:41:05.427,9.55932,9.56424,1.00,1.00
2018.05.31 22:41:06.543,9.55953,9.56424,1.00,1.00
2018.05.31 22:41:07.325,9.55956,9.56424,1.00,1.00
2018.05.31 22:41:07.538,9.55956,9.56446,1.00,1.00
2018.05.31 22:41:09.625,9.55958,9.56446,1.00,1.00
2018.05.31 22:41:24.731,9.55936,9.56424,1.00,1.00
2018.05.31 22:41:32.168,9.55938,9.56424,1.00,1.00
2018.05.31 22:41:39.595,9.55949,9.56424,1.00,1.00
2018.05.31 22:41:40.197,9.5596,9.56424,1.00,1.00
2018.05.31 22:41:47.125,9.55956,9.56424,1.00,1.00
2018.05.31 22:41:55.338,9.55956,9.56446,1.00,1.00
2018.05.31 22:41:56.412,9.55948,9.56446,1.00,1.00
2018.05.31 22:41:56.464,9.55968,9.56446,1.00,1.00
2018.05.31 22:42:02.127,9.55958,9.56446,1.00,1.00
2018.05.31 22:42:07.357,9.55877,9.56424,1.00,1.00
2018.05.31 22:42:07.408,9.55938,9.56424,1.00,1.00
2018.05.31 22:42:07.511,9.55919,9.56424,1.00,1.00
2018.05.31 22:42:07.614,9.55946,9.56424,1.00,1.00
2018.05.31 22:42:09.583,9.55943,9.56424,1.00,1.00
2018.05.31 22:42:17.173,9.55953,9.56424,1.00,1.00
2018.05.31 22:42:20.144,9.55963,9.56424,1.00,1.00
2018.05.31 22:42:24.587,9.55955,9.56424,1.00,1.00
2018.05.31 22:42:30.200,9.55951,9.56424,1.00,1.00
2018.05.31 22:42:32.126,9.55941,9.56424,1.00,1.00
2018.05.31 22:42:47.126,9.55946,9.56424,1.00,1.00
2018.05.31 22:42:54.544,9.55943,9.56424,1.00,1.00
2018.05.31 22:43:07.549,9.55943,9.56446,1.00,1.00
2018.05.31 22:43:09.689,9.55939,9.56446,1.00,1.00
2018.05.31 22:43:16.033,9.55961,9.56446,1.00,1.00
2018.05.31 22:43:16.436,9.55939,9.56446,1.00,1.00
2018.05.31 22:43:17.174,9.55946,9.56446,1.00,1.00
2018.05.31 22:43:24.539,9.55958,9.56446,1.00,1.00
2018.05.31 22:43:32.127,9.55953,9.56446,1.00,1.00
2018.05.31 22:43:39.783,9.55931,9.56446,1.00,1.00
2018.05.31 22:43:40.039,9.55951,9.56446,1.00,1.00
2018.05.31 22:43:44.373,9.55933,9.56446,1.00,1.00
2018.05.31 22:43:44.425,9.55935,9.56446,1.00,1.00
2018.05.31 22:43:46.381,9.55936,9.56446,1.00,1.00
2018.05.31 22:43:47.060,9.55943,9.56446,1.00,1.00
2018.05.31 22:43:47.447,9.55946,9.56446,1.00,1.00
2018.05.31 22:43:47.498,9.55943,9.56446,1.00,1.00
2018.05.31 22:43:48.211,9.55944,9.56446,1.00,1.00
2018.05.31 22:43:48.330,9.55942,9.56446,1.00,1.00
2018.05.31 22:43:48.624,9.55931,9.56446,1.00,1.00
2018.05.31 22:43:51.886,9.55943,9.56446,1.00,1.00
2018.05.31 22:43:56.376,9.55932,9.56446,1.00,1.00
2018.05.31 22:43:58.100,9.55937,9.56417,1.00,1.00
2018.05.31 22:43:58.221,9.55946,9.56446,1.00,1.00
2018.05.31 22:44:00.202,9.55941,9.56412,1.00,1.00
2018.05.31 22:44:09.540,9.55943,9.56412,1.00,1.00
2018.05.31 22:44:17.175,9.55935,9.56407,1.00,1.00
2018.05.31 22:44:17.227,9.55939,9.56437,1.00,1.00
2018.05.31 22:44:17.278,9.55935,9.56417,1.00,1.00
2018.05.31 22:44:17.589,9.55937,9.56417,1.00,1.00
2018.05.31 22:44:24.539,9.55939,9.56417,1.00,1.00
2018.05.31 22:44:32.127,9.55934,9.56412,1.00,1.00
2018.05.31 22:44:37.277,9.55918,9.56412,1.00,1.00
2018.05.31 22:44:39.576,9.55931,9.56412,1.00,1.00
2018.05.31 22:44:47.130,9.55927,9.56412,1.00,1.00
2018.05.31 22:44:54.539,9.55926,9.56412,1.00,1.00
2018.05.31 22:45:02.127,9.55925,9.56412,1.00,1.00
2018.05.31 22:45:05.640,9.55906,9.56422,1.00,1.00
2018.05.31 22:45:05.899,9.55921,9.56429,1.00,1.00
2018.05.31 22:45:07.277,9.55921,9.56446,1.00,1.00
2018.05.31 22:45:09.539,9.55916,9.56446,1.00,1.00
2018.05.31 22:45:10.363,9.55896,9.56446,1.00,1.00
2018.05.31 22:45:10.466,9.55893,9.56399,1.00,1.00
2018.05.31 22:45:10.569,9.55898,9.56413,1.00,1.00
2018.05.31 22:45:10.773,9.55898,9.56386,1.00,1.00
2018.05.31 22:45:16.064,9.55887,9.56386,1.00,1.00
2018.05.31 22:45:16.166,9.55898,9.56386,1.00,1.00
2018.05.31 22:45:17.160,9.55893,9.56386,1.00,1.00
2018.05.31 22:45:31.224,9.55912,9.56386,1.00,1.00
2018.05.31 22:45:31.350,9.55912,9.56411,1.00,1.00
2018.05.31 22:45:32.155,9.55909,9.56411,1.00,1.00
2018.05.31 22:45:39.539,9.55911,9.56411,1.00,1.00
2018.05.31 22:45:47.130,9.55916,9.56411,1.00,1.00
2018.05.31 22:45:53.470,9.55903,9.56386,1.00,1.00
2018.05.31 22:46:02.128,9.55908,9.56386,1.00,1.00
2018.05.31 22:46:09.539,9.55913,9.56386,1.00,1.00
2018.05.31 22:46:24.587,9.55919,9.56407,1.00,1.00
2018.05.31 22:46:39.539,9.55918,9.56407,1.00,1.00
2018.05.31 22:47:24.552,9.55918,9.56387,1.00,1.00
2018.05.31 22:47:39.635,9.55838,9.56387,1.00,1.00
2018.05.31 22:47:39.700,9.55918,9.56387,1.00,1.00
2018.05.31 22:47:47.128,9.55913,9.56387,1.00,1.00
2018.05.31 22:47:52.277,9.55901,9.56387,1.00,1.00
2018.05.31 22:47:54.628,9.55908,9.56387,1.00,1.00
2018.05.31 22:48:02.137,9.55913,9.56387,1.00,1.00
2018.05.31 22:48:09.539,9.55907,9.56387,1.00,1.00
2018.05.31 22:48:12.927,9.55901,9.56387,1.00,1.00
2018.05.31 22:48:13.432,9.55905,9.56387,1.00,1.00
2018.05.31 22:48:17.144,9.55903,9.56387,1.00,1.00
2018.05.31 22:48:24.540,9.55908,9.56397,1.00,1.00
2018.05.31 22:48:39.569,9.55909,9.56397,1.00,1.00
2018.05.31 22:48:45.493,9.55924,9.56402,1.00,1.00
2018.05.31 22:48:47.128,9.55937,9.56407,1.00,1.00
2018.05.31 22:48:50.894,9.5594,9.56411,1.00,1.00
2018.05.31 22:48:51.174,9.55946,9.56411,1.00,1.00
2018.05.31 22:48:53.078,9.55943,9.56411,1.00,1.00
2018.05.31 22:48:54.370,9.55949,9.56411,1.00,1.00
2018.05.31 22:49:01.085,9.55938,9.56411,1.00,1.00
2018.05.31 22:49:06.277,9.55948,9.56411,1.00,1.00
2018.05.31 22:49:06.634,9.55953,9.56411,1.00,1.00
2018.05.31 22:49:07.278,9.55924,9.56411,1.00,1.00
2018.05.31 22:49:08.479,9.55947,9.56411,1.00,1.00
2018.05.31 22:49:09.540,9.55944,9.56411,1.00,1.00
2018.05.31 22:49:10.087,9.55923,9.56411,1.00,1.00
2018.05.31 22:49:14.366,9.55948,9.56411,1.00,1.00
2018.05.31 22:49:14.737,9.55946,9.56411,1.00,1.00
2018.05.31 22:49:15.734,9.55953,9.56411,1.00,1.00
2018.05.31 22:49:16.483,9.55938,9.56411,1.00,1.00
2018.05.31 22:49:17.128,9.55934,9.56411,1.00,1.00
2018.05.31 22:49:17.764,9.55951,9.56411,1.00,1.00
2018.05.31 22:49:20.005,9.55933,9.56411,1.00,1.00
2018.05.31 22:49:23.031,9.55951,9.56411,1.00,1.00
2018.05.31 22:49:31.550,9.55918,9.56411,1.00,1.00
2018.05.31 22:49:32.128,9.55928,9.56411,1.00,1.00
2018.05.31 22:49:32.442,9.55939,9.56411,1.00,1.00
2018.05.31 22:49:36.614,9.55948,9.56411,1.00,1.75
2018.05.31 22:49:36.665,9.55939,9.56411,1.00,1.75
2018.05.31 22:49:38.066,9.55939,9.56411,1.00,1.37
2018.05.31 22:49:38.170,9.55941,9.56411,1.00,1.37
2018.05.31 22:49:39.540,9.55942,9.56411,1.00,1.37
2018.05.31 22:49:43.386,9.5595,9.56411,1.00,1.37
2018.05.31 22:49:45.985,9.55993,9.56437,1.00,1.37
2018.05.31 22:49:47.076,9.55955,9.56437,1.00,1.37
2018.05.31 22:49:48.187,9.55998,9.56437,1.00,1.37
2018.05.31 22:50:02.178,9.56003,9.56437,1.00,1.37
2018.05.31 22:50:12.457,9.55996,9.56437,1.00,1.37
2018.05.31 22:50:17.179,9.55998,9.56437,1.00,1.37
2018.05.31 22:50:24.539,9.55993,9.56437,1.00,1.37
2018.05.31 22:50:38.293,9.55993,9.56437,1.00,1.00
2018.05.31 22:50:43.576,9.55993,9.56446,1.00,1.00
2018.05.31 22:50:44.727,9.55993,9.56447,1.00,1.00
2018.05.31 22:51:17.131,9.55998,9.56447,1.00,1.00
2018.05.31 22:51:19.653,9.56003,9.56439,1.00,1.00
2018.05.31 22:51:24.540,9.56003,9.56447,1.00,1.00
2018.05.31 22:51:47.130,9.56013,9.56447,1.00,1.00
2018.05.31 22:52:02.177,9.56008,9.56447,1.00,1.00
2018.05.31 22:52:09.638,9.56003,9.56447,1.00,1.00
2018.05.31 22:52:13.424,9.55998,9.56447,1.00,1.00
2018.05.31 22:52:24.548,9.56013,9.56447,1.00,1.00
2018.05.31 22:52:25.158,9.56013,9.56446,1.00,1.00
2018.05.31 22:53:09.576,9.56018,9.56446,1.00,1.00
2018.05.31 22:53:24.588,9.56013,9.56446,1.00,1.00
2018.05.31 22:53:30.537,9.56018,9.56446,1.00,1.00
2018.05.31 22:53:32.177,9.56012,9.56446,1.00,1.00
2018.05.31 22:53:34.348,9.5601,9.56446,1.00,1.00
2018.05.31 22:53:36.427,9.5601,9.56411,1.00,1.00
2018.05.31 22:53:36.529,9.56013,9.56431,1.00,1.00
2018.05.31 22:53:36.968,9.56013,9.56411,1.00,1.00
2018.05.31 22:53:37.070,9.56013,9.56431,1.00,1.00
2018.05.31 22:53:38.372,9.56018,9.56436,1.00,1.00
2018.05.31 22:53:39.591,9.56013,9.56436,1.00,1.00
2018.05.31 22:53:42.372,9.56011,9.56434,1.00,1.00
2018.05.31 22:53:47.129,9.56013,9.56436,1.00,1.00
2018.05.31 22:53:47.839,9.56018,9.56434,1.00,1.00
2018.05.31 22:53:48.756,9.56013,9.56436,1.00,1.00
2018.05.31 22:53:49.955,9.56018,9.56436,1.00,1.00
2018.05.31 22:53:52.072,9.56023,9.56436,1.00,1.00
2018.05.31 22:53:53.815,9.56018,9.56436,1.00,1.00
2018.05.31 22:53:54.574,9.56023,9.56436,1.00,1.00
2018.05.31 22:54:37.104,9.56023,9.56446,1.00,1.00
2018.05.31 22:54:39.630,9.56018,9.56446,1.00,1.00
2018.05.31 22:54:47.177,9.56013,9.56446,1.00,1.00
2018.05.31 22:54:51.172,9.56023,9.56446,1.00,1.00
2018.05.31 22:54:54.256,9.56018,9.56446,1.00,1.00
2018.05.31 22:55:01.115,9.56018,9.56434,1.00,1.00
2018.05.31 22:55:02.148,9.56018,9.56446,1.00,1.00
2018.05.31 22:55:20.426,9.56007,9.56446,1.00,1.00
2018.05.31 22:55:23.853,9.56011,9.56446,1.00,1.00
2018.05.31 22:55:24.173,9.56016,9.56446,1.00,1.00
2018.05.31 22:55:24.588,9.56008,9.56446,1.00,1.00
2018.05.31 22:55:30.160,9.56018,9.56446,1.00,1.00
2018.05.31 22:55:44.709,9.56011,9.56446,1.00,1.00
2018.05.31 22:55:45.418,9.5601,9.56446,1.00,1.00
2018.05.31 22:55:46.805,9.56013,9.56446,1.00,1.00
2018.05.31 22:55:47.143,9.56017,9.56446,1.00,1.00
2018.05.31 22:55:54.539,9.56018,9.56446,1.00,1.00
2018.05.31 22:56:47.178,9.56013,9.56446,1.00,1.00
2018.05.31 22:56:52.080,9.56006,9.56446,1.00,1.00
2018.05.31 22:56:52.235,9.56011,9.56446,1.00,1.00
2018.05.31 22:56:54.544,9.56013,9.56446,1.00,1.00
2018.05.31 22:57:01.497,9.56012,9.56446,1.00,1.00
2018.05.31 22:57:03.525,9.56012,9.56436,1.00,1.00
2018.05.31 22:57:05.841,9.56011,9.56436,1.00,1.00
2018.05.31 22:57:07.825,9.56011,9.56446,1.00,1.00
2018.05.31 22:57:07.876,9.56013,9.56436,1.00,1.00
2018.05.31 22:57:09.540,9.56012,9.56436,1.00,1.00
2018.05.31 22:57:10.680,9.55997,9.56436,1.00,1.00
2018.05.31 22:57:15.402,9.56003,9.56436,1.00,1.00
2018.05.31 22:57:54.589,9.56008,9.56436,1.00,1.00
2018.05.31 22:58:07.906,9.56008,9.56446,1.00,1.00
2018.05.31 22:58:09.540,9.56003,9.56446,1.00,1.00
2018.05.31 22:58:32.159,9.56013,9.56446,1.00,1.00
2018.05.31 22:58:32.210,9.56006,9.56446,1.00,1.00
2018.05.31 22:58:32.261,9.56011,9.56446,1.00,1.00
2018.05.31 22:58:32.645,9.55998,9.56446,1.00,1.00
2018.05.31 22:58:34.016,9.56011,9.56446,1.00,1.00
2018.05.31 22:58:35.309,9.56013,9.56446,1.00,1.00
2018.05.31 22:58:35.633,9.56013,9.56437,1.00,1.00
2018.05.31 22:58:36.054,9.56013,9.56446,1.00,1.00
2018.05.31 22:58:36.158,9.56011,9.56446,1.00,1.00
2018.05.31 22:58:36.476,9.56011,9.56436,1.00,1.00
2018.05.31 22:58:36.528,9.55998,9.56446,1.00,1.00
2018.05.31 22:58:36.635,9.56013,9.56436,1.00,1.00
2018.05.31 22:58:36.737,9.55995,9.56436,1.00,1.00
2018.05.31 22:58:37.072,9.55995,9.56446,1.00,1.00
2018.05.31 22:58:37.123,9.56008,9.56446,1.00,1.00
2018.05.31 22:58:39.588,9.56013,9.56446,1.00,1.00
2018.05.31 22:58:40.368,9.56013,9.56437,1.00,1.00
2018.05.31 22:58:40.469,9.56013,9.56446,1.00,1.00
2018.05.31 22:58:40.571,9.56013,9.56436,1.00,1.00
2018.05.31 22:58:40.621,9.56011,9.56436,1.00,1.00
2018.05.31 22:58:41.954,9.56011,9.56446,1.00,1.00
2018.05.31 22:58:42.006,9.56013,9.56446,1.00,1.00
2018.05.31 22:58:44.237,9.56013,9.56436,1.00,1.00
2018.05.31 22:58:45.738,9.56013,9.56446,1.00,1.00
2018.05.31 22:58:45.942,9.56013,9.56436,1.00,1.00
2018.05.31 22:58:47.178,9.56008,9.56436,1.00,1.00
2018.05.31 22:58:48.027,9.56008,9.56446,1.00,1.00
2018.05.31 22:58:48.129,9.56013,9.56446,1.00,1.00
2018.05.31 22:58:48.473,9.5602,9.56446,1.00,1.00
2018.05.31 22:58:52.335,9.5602,9.56436,1.00,1.00
2018.05.31 22:58:52.386,9.56018,9.56436,1.00,1.00
2018.05.31 22:58:56.555,9.56018,9.56446,1.00,1.00
2018.05.31 22:58:56.657,9.56018,9.56436,1.00,1.00
2018.05.31 22:58:56.759,9.56018,9.56446,1.00,1.00
2018.05.31 22:58:58.843,9.56018,9.56436,1.00,1.00
2018.05.31 22:58:58.894,9.56008,9.56436,1.00,1.00
2018.05.31 22:59:00.934,9.56008,9.56446,1.00,1.00
2018.05.31 22:59:01.036,9.56011,9.56446,1.00,1.00
2018.05.31 22:59:01.240,9.56005,9.56446,1.00,1.00
2018.05.31 22:59:01.291,9.56013,9.56446,1.00,1.00
2018.05.31 22:59:01.597,9.56006,9.56436,1.00,1.00
2018.05.31 22:59:01.648,9.55998,9.56436,1.00,1.00
2018.05.31 22:59:04.734,9.55998,9.56446,1.00,1.00
2018.05.31 22:59:04.785,9.56001,9.56446,1.00,1.00
2018.05.31 22:59:05.040,9.55969,9.56446,1.00,1.00
2018.05.31 22:59:05.091,9.55998,9.56446,1.00,1.00
2018.05.31 22:59:05.416,9.55996,9.56436,1.00,1.00
2018.05.31 22:59:09.582,9.56003,9.56436,1.00,1.00
2018.05.31 22:59:11.869,9.56,9.56436,1.00,1.00
2018.05.31 22:59:17.178,9.56003,9.56436,1.00,1.00
2018.05.31 22:59:24.540,9.56002,9.56436,1.00,1.00
2018.05.31 22:59:27.566,9.56055,9.56496,1.00,1.00
2018.05.31 22:59:27.618,9.5608,9.56516,1.00,1.00
2018.05.31 22:59:27.669,9.56008,9.56516,1.00,1.00
2018.05.31 22:59:29.708,9.56086,9.56516,1.00,1.00
2018.05.31 22:59:42.133,9.56098,9.56516,1.00,1.00
2018.05.31 22:59:42.184,9.56038,9.56516,1.00,1.00
2018.05.31 22:59:44.827,9.56103,9.56516,1.00,1.00
2018.05.31 22:59:47.130,9.56098,9.56516,1.00,1.00
