2013.03.27 10:00:05.509,7.46488,7.46686,3.00,1.50
2013.03.27 10:00:10.719,7.46496,7.46685,1.50,1.50
2013.03.27 10:00:11.315,7.46488,7.46685,4.13,1.50
2013.03.27 10:00:11.386,7.46498,7.46685,1.88,1.50
2013.03.27 10:00:11.849,7.46498,7.46685,2.63,1.50
2013.03.27 10:00:12.241,7.46496,7.46685,1.50,1.50
2013.03.27 10:00:12.659,7.46498,7.46685,2.63,1.50
2013.03.27 10:00:13.732,7.46507,7.46695,1.50,3.00
2013.03.27 10:00:13.799,7.46507,7.46695,1.50,3.00
2013.03.27 10:00:16.479,7.46499,7.46695,1.13,3.90
2013.03.27 10:00:17.332,7.46499,7.46687,1.13,3.15
2013.03.27 10:00:17.669,7.46488,7.46687,4.13,3.00
2013.03.27 10:00:17.788,7.46499,7.46687,1.50,3.00
2013.03.27 10:00:24.201,7.46513,7.46695,1.50,1.50
2013.03.27 10:00:26.550,7.46505,7.46694,1.50,1.50
2013.03.27 10:00:29.615,7.46505,7.46694,1.50,1.50
2013.03.27 10:00:30.091,7.46505,7.46694,1.50,1.50
2013.03.27 10:00:30.169,7.46505,7.46694,1.50,1.50
2013.03.27 10:00:31.719,7.46505,7.46694,1.65,1.65
2013.03.27 10:00:38.239,7.46505,7.46694,1.65,2.40
2013.03.27 10:00:38.361,7.46516,7.46694,1.65,2.40
2013.03.27 10:00:39.228,7.46516,7.46694,1.65,1.65
2013.03.27 10:00:39.428,7.46516,7.46694,1.65,1.65
2013.03.27 10:00:39.618,7.46508,7.46696,1.65,2.40
2013.03.27 10:00:41.148,7.465,7.46686,1.13,3.15
2013.03.27 10:00:45.167,7.46506,7.46696,1.65,3.15
2013.03.27 10:00:51.898,7.46515,7.467,1.65,1.65
2013.03.27 10:00:55.799,7.46515,7.46704,1.65,1.65
2013.03.27 10:00:57.588,7.46504,7.46693,1.95,1.65
2013.03.27 10:00:59.077,7.46519,7.46704,1.65,1.65
2013.03.27 10:01:12.104,7.46508,7.46707,1.65,2.40
2013.03.27 10:01:12.170,7.46508,7.46706,1.65,1.65
2013.03.27 10:01:12.299,7.46508,7.467,1.65,3.15
2013.03.27 10:01:13.158,7.4651,7.467,1.13,3.15
2013.03.27 10:01:13.398,7.46515,7.46707,1.13,3.15
2013.03.27 10:01:14.088,7.46509,7.46699,1.20,3.15
2013.03.27 10:01:16.108,7.46518,7.46684,2.10,2.25
2013.03.27 10:01:18.407,7.46518,7.46692,2.03,2.25
2013.03.27 10:01:19.818,7.46518,7.46716,2.78,3.15
2013.03.27 10:01:20.837,7.46515,7.46708,1.13,2.40
2013.03.27 10:01:26.448,7.46518,7.46707,1.13,1.50
2013.03.27 10:01:26.655,7.46524,7.46707,1.13,1.50
2013.03.27 10:01:26.848,7.46518,7.46704,2.25,2.25
2013.03.27 10:01:27.680,7.46524,7.46705,1.13,1.50
2013.03.27 10:01:34.499,7.46511,7.46701,3.00,1.50
2013.03.27 10:01:34.679,7.46511,7.467,2.40,1.65
2013.03.27 10:01:34.738,7.465,7.467,1.20,3.90
2013.03.27 10:01:43.128,7.46498,7.46696,1.73,1.65
2013.03.27 10:01:43.369,7.46498,7.46692,1.58,1.50
2013.03.27 10:01:43.610,7.46498,7.46692,1.58,3.00
2013.03.27 10:01:43.919,7.46498,7.46692,1.73,3.15
2013.03.27 10:01:45.128,7.46488,7.46667,2.94,1.50
2013.03.27 10:01:51.164,7.46514,7.46719,1.13,3.15
2013.03.27 10:01:53.738,7.46507,7.467,3.90,1.13
2013.03.27 10:01:54.039,7.4649,7.46674,1.13,2.85
2013.03.27 10:01:54.880,7.465,7.46666,1.13,1.50
2013.03.27 10:01:54.939,7.465,7.46689,1.13,1.65
2013.03.27 10:01:59.450,7.46511,7.46699,1.65,2.40
2013.03.27 10:02:04.995,7.46502,7.46692,1.65,3.15
2013.03.27 10:02:06.028,7.465,7.46692,1.13,1.65
2013.03.27 10:02:10.459,7.46508,7.46701,1.65,3.15
2013.03.27 10:02:14.818,7.46508,7.46701,1.65,3.38
2013.03.27 10:02:15.350,7.46489,7.46663,1.13,2.25
2013.03.27 10:02:16.249,7.46489,7.46663,1.13,3.00
2013.03.27 10:02:16.960,7.46489,7.46663,1.13,3.00
2013.03.27 10:02:17.570,7.46489,7.46663,1.13,3.00
2013.03.27 10:02:22.180,7.46496,7.46686,1.65,3.15
2013.03.27 10:02:25.350,7.46496,7.46686,1.65,3.15
2013.03.27 10:02:25.418,7.46499,7.46686,1.13,3.15
2013.03.27 10:02:25.538,7.46505,7.46694,1.65,1.65
2013.03.27 10:02:28.329,7.46499,7.46685,1.13,2.40
2013.03.27 10:02:28.578,7.46512,7.467,1.65,2.40
2013.03.27 10:02:37.428,7.46527,7.467,2.25,2.40
2013.03.27 10:02:37.738,7.46527,7.46696,2.25,2.40
2013.03.27 10:02:38.748,7.46538,7.4672,1.50,1.13
2013.03.27 10:02:49.444,7.46538,7.46731,1.50,1.13
2013.03.27 10:02:50.172,7.46538,7.46709,1.50,2.40
2013.03.27 10:02:50.578,7.46538,7.46731,1.50,1.13
2013.03.27 10:02:51.508,7.46537,7.46711,1.50,3.15
2013.03.27 10:02:51.868,7.46538,7.46731,1.50,1.13
2013.03.27 10:02:55.691,7.46538,7.46731,1.50,1.13
2013.03.27 10:02:56.390,7.46537,7.46726,1.50,1.65
2013.03.27 10:02:56.638,7.46527,7.46715,2.25,3.15
2013.03.27 10:02:56.999,7.46527,7.467,2.25,3.00
2013.03.27 10:02:57.188,7.46527,7.467,2.25,3.15
2013.03.27 10:02:57.429,7.46532,7.4671,1.35,1.13
2013.03.27 10:02:57.848,7.46538,7.46712,1.35,2.25
2013.03.27 10:02:58.149,7.46524,7.46692,1.50,2.25
2013.03.27 10:02:59.650,7.46524,7.46692,1.50,2.25
2013.03.27 10:02:59.779,7.465,7.46685,1.50,1.13
2013.03.27 10:03:00.169,7.46507,7.46692,2.25,2.25
2013.03.27 10:03:01.167,7.46519,7.46692,1.50,2.25
2013.03.27 10:03:06.939,7.465,7.46685,1.50,1.13
2013.03.27 10:03:07.080,7.465,7.46675,1.35,1.13
2013.03.27 10:03:07.390,7.465,7.46675,1.35,1.13
2013.03.27 10:03:08.608,7.465,7.46678,1.35,1.13
2013.03.27 10:03:09.630,7.465,7.46686,1.50,1.13
2013.03.27 10:03:11.411,7.465,7.46678,1.35,1.13
2013.03.27 10:03:13.240,7.465,7.46681,1.35,1.13
2013.03.27 10:03:13.658,7.465,7.467,1.50,1.13
2013.03.27 10:03:13.899,7.46502,7.46692,1.65,3.15
2013.03.27 10:03:13.959,7.46517,7.467,1.65,1.13
2013.03.27 10:03:16.859,7.46529,7.467,1.35,1.13
2013.03.27 10:03:16.919,7.46529,7.46711,1.35,1.13
2013.03.27 10:03:26.630,7.46536,7.46711,1.35,1.13
2013.03.27 10:03:30.989,7.46529,7.46711,1.35,1.13
2013.03.27 10:03:32.380,7.46536,7.46711,1.35,1.13
2013.03.27 10:03:38.206,7.46536,7.46711,1.35,1.13
2013.03.27 10:03:38.462,7.46536,7.46711,1.35,1.13
2013.03.27 10:03:40.132,7.46536,7.46711,1.35,1.13
2013.03.27 10:03:40.511,7.46536,7.46711,1.35,1.13
2013.03.27 10:03:42.004,7.46536,7.46711,1.35,1.13
2013.03.27 10:03:45.639,7.46536,7.46719,1.50,3.15
2013.03.27 10:03:47.693,7.46536,7.46719,1.50,3.15
2013.03.27 10:03:51.675,7.46536,7.46719,1.50,3.15
2013.03.27 10:03:55.479,7.46531,7.46719,1.50,3.15
2013.03.27 10:03:56.311,7.46536,7.46719,1.50,1.65
2013.03.27 10:04:01.116,7.46537,7.46727,1.65,2.40
2013.03.27 10:04:07.989,7.46529,7.46682,1.35,2.25
2013.03.27 10:04:09.661,7.46525,7.46686,2.10,1.13
2013.03.27 10:04:15.380,7.46525,7.46677,2.10,1.13
2013.03.27 10:04:16.886,7.46487,7.46675,1.73,1.13
2013.03.27 10:04:23.328,7.46488,7.46675,1.73,1.13
2013.03.27 10:04:24.250,7.46507,7.46675,1.50,1.13
2013.03.27 10:04:24.440,7.46488,7.46675,1.65,1.13
2013.03.27 10:04:25.707,7.46501,7.46675,1.50,1.13
2013.03.27 10:04:25.784,7.46488,7.46675,2.48,1.13
2013.03.27 10:04:25.854,7.46488,7.46682,2.33,2.63
2013.03.27 10:04:26.249,7.46487,7.4669,1.58,1.50
2013.03.27 10:04:26.860,7.46487,7.46681,2.48,1.13
2013.03.27 10:04:42.055,7.46488,7.46675,1.65,1.13
2013.03.27 10:04:46.029,7.46487,7.46675,2.40,1.13
2013.03.27 10:04:46.239,7.46487,7.46676,1.65,1.13
2013.03.27 10:04:48.799,7.46487,7.46675,1.65,1.13
2013.03.27 10:04:49.758,7.46488,7.46675,2.40,1.13
2013.03.27 10:04:49.879,7.46488,7.46675,1.65,1.13
2013.03.27 10:04:50.538,7.46487,7.46675,1.65,1.13
2013.03.27 10:04:52.338,7.46488,7.46675,1.65,1.13
2013.03.27 10:04:52.609,7.46488,7.46675,1.65,1.13
2013.03.27 10:04:54.448,7.46487,7.46675,1.65,1.13
2013.03.27 10:04:54.572,7.46487,7.46675,1.65,1.13
2013.03.27 10:04:54.698,7.46487,7.46675,1.65,1.13
2013.03.27 10:04:56.439,7.46487,7.46675,3.15,1.13
2013.03.27 10:04:57.868,7.46488,7.46676,1.65,1.13
2013.03.27 10:05:01.408,7.46488,7.46685,1.65,1.13
2013.03.27 10:05:11.886,7.46488,7.46674,1.65,2.40
2013.03.27 10:05:11.948,7.46491,7.46685,2.40,1.13
2013.03.27 10:05:19.899,7.46507,7.4669,1.65,1.13
2013.03.27 10:05:21.559,7.46487,7.4669,1.65,1.13
2013.03.27 10:05:21.618,7.46487,7.4668,1.65,1.13
2013.03.27 10:05:21.924,7.46495,7.46684,1.65,1.13
2013.03.27 10:05:30.180,7.46495,7.46684,1.65,1.65
2013.03.27 10:05:35.579,7.46495,7.46693,1.65,1.65
2013.03.27 10:05:36.949,7.46495,7.46684,1.65,1.65
2013.03.27 10:05:37.518,7.46495,7.46693,1.65,1.65
2013.03.27 10:05:40.170,7.46495,7.46684,1.65,1.65
2013.03.27 10:05:40.829,7.46503,7.46691,3.15,1.65
2013.03.27 10:05:41.448,7.46503,7.46691,3.15,1.65
2013.03.27 10:05:42.619,7.46503,7.46686,3.00,1.13
2013.03.27 10:05:50.318,7.46483,7.46686,3.15,1.13
2013.03.27 10:05:52.908,7.46496,7.46686,2.40,1.13
2013.03.27 10:05:57.668,7.46496,7.46693,2.40,2.78
2013.03.27 10:06:11.329,7.46486,7.46679,2.40,1.65
2013.03.27 10:06:11.390,7.46486,7.46679,2.40,1.65
2013.03.27 10:06:11.739,7.46498,7.46686,1.65,1.13
2013.03.27 10:06:18.191,7.46498,7.46678,1.65,1.65
2013.03.27 10:06:23.722,7.46498,7.46679,1.65,1.65
2013.03.27 10:06:24.711,7.46498,7.46679,1.65,1.65
2013.03.27 10:06:25.459,7.46484,7.46662,2.25,1.13
2013.03.27 10:06:25.639,7.46468,7.46642,1.35,1.65
2013.03.27 10:06:26.298,7.46461,7.46642,1.50,1.65
2013.03.27 10:06:26.432,7.46548,7.46642,2.10,1.50
2013.03.27 10:06:26.739,7.46548,7.46631,2.10,2.25
2013.03.27 10:06:26.800,7.46554,7.46677,1.35,1.65
2013.03.27 10:06:26.869,7.46554,7.46682,1.35,1.65
2013.03.27 10:06:27.186,7.46548,7.46688,2.10,2.93
2013.03.27 10:06:27.311,7.46548,7.46701,2.10,2.03
2013.03.27 10:06:28.090,7.46563,7.46701,1.35,2.03
2013.03.27 10:06:28.160,7.46545,7.46717,1.50,2.93
2013.03.27 10:06:28.409,7.46545,7.4672,1.50,1.65
2013.03.27 10:06:28.822,7.46545,7.4672,1.50,1.65
2013.03.27 10:06:29.193,7.46545,7.46731,1.50,1.65
2013.03.27 10:06:32.349,7.46562,7.46732,1.13,1.50
2013.03.27 10:06:32.660,7.46597,7.46752,2.25,3.75
2013.03.27 10:06:32.860,7.46597,7.46756,2.25,1.50
2013.03.27 10:06:33.420,7.46575,7.46756,1.13,1.50
2013.03.27 10:06:33.479,7.46568,7.46747,2.63,1.13
2013.03.27 10:06:34.207,7.46563,7.4674,1.35,1.13
2013.03.27 10:06:35.945,7.46587,7.46731,2.25,1.50
2013.03.27 10:06:36.129,7.46587,7.46753,2.25,2.78
2013.03.27 10:06:36.369,7.46587,7.46767,3.00,1.65
2013.03.27 10:06:38.430,7.46587,7.46753,2.85,1.65
2013.03.27 10:06:38.669,7.46553,7.46743,3.15,1.65
2013.03.27 10:06:38.729,7.46553,7.46734,3.00,1.13
2013.03.27 10:06:38.859,7.46536,7.467,1.50,1.13
2013.03.27 10:06:38.920,7.46515,7.467,1.35,1.13
2013.03.27 10:06:38.989,7.46515,7.46691,1.35,1.65
2013.03.27 10:06:46.601,7.46515,7.46686,1.35,1.13
2013.03.27 10:06:46.909,7.46515,7.46683,1.35,1.65
2013.03.27 10:06:57.259,7.46504,7.46681,2.85,1.65
2013.03.27 10:07:22.657,7.46511,7.46681,1.35,1.65
2013.03.27 10:07:38.669,7.46497,7.46681,1.65,1.65
2013.03.27 10:07:39.711,7.46497,7.46681,1.65,1.65
2013.03.27 10:07:42.969,7.46497,7.46681,1.65,1.65
2013.03.27 10:07:50.219,7.46497,7.4668,1.65,1.65
2013.03.27 10:07:50.339,7.46497,7.4668,1.65,1.65
2013.03.27 10:07:54.428,7.46497,7.4668,1.65,1.65
2013.03.27 10:08:00.860,7.4649,7.4668,3.00,1.88
2013.03.27 10:08:01.171,7.4649,7.46668,1.50,1.65
2013.03.27 10:08:01.301,7.46483,7.4666,1.50,1.65
2013.03.27 10:08:12.559,7.46483,7.46659,1.50,1.65
2013.03.27 10:08:16.861,7.46483,7.46659,1.35,1.65
2013.03.27 10:08:21.691,7.46486,7.46661,1.50,1.65
2013.03.27 10:08:22.699,7.46486,7.46661,1.50,1.65
2013.03.27 10:08:23.810,7.46486,7.46661,1.50,1.65
2013.03.27 10:08:25.621,7.46486,7.46661,1.50,1.65
2013.03.27 10:08:26.830,7.46483,7.46661,1.35,1.65
2013.03.27 10:08:27.093,7.46486,7.46661,1.50,1.65
2013.03.27 10:08:28.829,7.46483,7.46658,1.35,1.65
2013.03.27 10:08:32.730,7.46483,7.46658,1.35,1.65
2013.03.27 10:08:38.229,7.46483,7.46658,1.35,1.65
2013.03.27 10:08:48.371,7.46483,7.46658,1.35,1.65
2013.03.27 10:08:48.440,7.46483,7.46658,1.50,1.65
2013.03.27 10:08:49.689,7.46491,7.46659,1.50,1.65
2013.03.27 10:08:50.681,7.46491,7.46659,1.50,1.65
2013.03.27 10:08:53.923,7.46491,7.46659,1.50,1.65
2013.03.27 10:08:55.081,7.46491,7.46659,1.50,1.65
2013.03.27 10:08:55.301,7.46491,7.46659,1.50,1.65
2013.03.27 10:08:56.230,7.46491,7.46659,1.50,1.65
2013.03.27 10:08:56.513,7.46491,7.46659,1.50,1.65
2013.03.27 10:08:58.380,7.46491,7.46659,1.50,1.65
2013.03.27 10:08:58.820,7.46491,7.46659,1.50,1.65
2013.03.27 10:09:05.609,7.46497,7.46663,1.50,1.65
2013.03.27 10:09:06.599,7.46486,7.46666,1.65,1.65
2013.03.27 10:09:06.820,7.46486,7.46666,1.65,1.65
2013.03.27 10:09:07.100,7.46486,7.46666,1.65,1.65
2013.03.27 10:09:07.370,7.46486,7.46666,1.65,1.65
2013.03.27 10:09:08.799,7.46494,7.46661,1.50,1.65
2013.03.27 10:09:09.790,7.46494,7.46661,1.50,1.65
2013.03.27 10:09:16.399,7.46494,7.46661,1.50,1.65
2013.03.27 10:09:16.666,7.46494,7.46667,1.50,1.65
2013.03.27 10:09:16.831,7.46494,7.46667,1.50,1.65
2013.03.27 10:09:17.198,7.46494,7.4666,1.50,1.65
2013.03.27 10:09:18.736,7.46494,7.4666,1.50,1.65
2013.03.27 10:09:19.569,7.46494,7.4666,1.50,1.65
2013.03.27 10:09:20.769,7.46494,7.4666,1.50,1.65
2013.03.27 10:09:25.008,7.46494,7.46666,1.50,1.65
2013.03.27 10:09:25.609,7.46494,7.46666,1.50,1.65
2013.03.27 10:09:27.639,7.46494,7.4666,1.50,1.65
2013.03.27 10:09:28.748,7.46494,7.4666,1.50,1.65
2013.03.27 10:09:34.209,7.46494,7.4666,1.50,1.65
2013.03.27 10:09:35.283,7.46494,7.46665,1.50,1.13
2013.03.27 10:09:51.394,7.46492,7.46666,1.50,1.88
2013.03.27 10:09:52.533,7.46478,7.46666,1.65,1.88
2013.03.27 10:10:06.685,7.46478,7.46665,1.65,1.13
2013.03.27 10:10:08.910,7.46478,7.46665,1.65,1.13
2013.03.27 10:10:21.783,7.46478,7.46666,1.65,1.13
2013.03.27 10:10:25.108,7.46461,7.46666,3.15,1.13
2013.03.27 10:10:31.299,7.46457,7.46653,1.65,1.65
2013.03.27 10:10:37.032,7.46457,7.46653,2.40,1.65
2013.03.27 10:10:37.682,7.46451,7.46653,1.28,1.65
2013.03.27 10:10:37.899,7.46467,7.46651,1.65,1.13
2013.03.27 10:10:45.559,7.4645,7.46629,1.28,1.65
2013.03.27 10:10:46.200,7.4645,7.46629,1.28,1.65
2013.03.27 10:10:48.169,7.4645,7.46643,1.28,1.65
2013.03.27 10:10:50.552,7.4645,7.46629,1.28,1.65
2013.03.27 10:10:51.212,7.4645,7.46643,1.28,1.65
2013.03.27 10:10:51.740,7.4645,7.46629,1.28,1.65
2013.03.27 10:10:51.989,7.4645,7.4664,1.28,1.13
2013.03.27 10:10:52.109,7.4645,7.4664,1.28,1.13
2013.03.27 10:10:55.621,7.46449,7.46613,1.13,1.65
2013.03.27 10:10:56.454,7.46447,7.46603,1.13,1.65
2013.03.27 10:10:57.093,7.46437,7.46603,1.13,1.65
2013.03.27 10:10:57.621,7.46437,7.46603,1.13,1.65
2013.03.27 10:10:58.165,7.46437,7.46603,1.13,1.65
2013.03.27 10:10:59.241,7.46437,7.46598,1.13,1.65
2013.03.27 10:11:00.654,7.46437,7.46592,1.13,1.50
2013.03.27 10:11:01.019,7.46437,7.4659,1.13,1.50
2013.03.27 10:11:01.495,7.46437,7.4659,1.13,1.50
2013.03.27 10:11:03.430,7.46437,7.46583,1.13,1.50
2013.03.27 10:11:03.501,7.46437,7.46581,1.13,1.50
2013.03.27 10:11:04.006,7.46437,7.46581,1.13,1.50
2013.03.27 10:11:04.554,7.46437,7.46581,1.13,1.50
2013.03.27 10:11:04.871,7.46417,7.46581,1.28,1.65
2013.03.27 10:11:05.481,7.46397,7.46574,1.50,1.50
2013.03.27 10:11:05.892,7.46397,7.46566,1.50,1.50
2013.03.27 10:11:06.401,7.46397,7.46566,1.50,1.50
2013.03.27 10:11:06.473,7.46393,7.46572,1.73,1.50
2013.03.27 10:11:06.540,7.46393,7.46572,1.50,1.65
2013.03.27 10:11:06.600,7.46384,7.46572,2.25,3.15
2013.03.27 10:11:07.680,7.46384,7.46572,2.48,3.75
2013.03.27 10:11:08.448,7.46399,7.46565,1.13,1.50
2013.03.27 10:11:09.093,7.46399,7.46565,1.13,1.50
2013.03.27 10:11:09.750,7.46399,7.46565,1.13,1.50
2013.03.27 10:11:24.845,7.46399,7.46565,1.13,1.50
2013.03.27 10:11:25.778,7.46399,7.46565,1.13,1.50
2013.03.27 10:11:26.280,7.46398,7.46563,2.25,1.50
2013.03.27 10:11:26.593,7.46396,7.46562,1.73,1.50
2013.03.27 10:11:27.905,7.46396,7.4656,1.73,1.50
2013.03.27 10:11:30.453,7.46396,7.4656,1.73,1.50
2013.03.27 10:11:32.850,7.46396,7.4656,1.73,1.50
2013.03.27 10:11:35.483,7.46396,7.4656,1.73,1.50
2013.03.27 10:11:39.973,7.46396,7.4656,1.73,1.50
2013.03.27 10:11:41.953,7.46396,7.4656,1.50,1.50
2013.03.27 10:11:42.113,7.46396,7.46563,1.50,1.50
2013.03.27 10:11:42.556,7.46396,7.4656,1.50,1.50
2013.03.27 10:11:43.031,7.46396,7.46562,1.50,1.50
2013.03.27 10:11:43.302,7.46396,7.4656,1.50,1.50
2013.03.27 10:11:46.299,7.46396,7.4656,1.50,1.50
2013.03.27 10:11:46.629,7.46396,7.4656,1.50,1.50
2013.03.27 10:11:46.693,7.46396,7.4656,1.73,1.50
2013.03.27 10:11:47.733,7.46398,7.46559,1.13,1.50
2013.03.27 10:11:49.815,7.46404,7.46575,1.13,1.50
2013.03.27 10:11:49.880,7.46398,7.46575,1.65,1.65
2013.03.27 10:11:51.684,7.46397,7.46565,1.50,1.50
2013.03.27 10:11:54.102,7.46388,7.46548,2.85,1.50
2013.03.27 10:11:54.562,7.46388,7.46548,2.85,1.50
2013.03.27 10:11:56.873,7.46388,7.46548,2.85,1.50
2013.03.27 10:11:57.785,7.46388,7.46548,2.85,1.50
2013.03.27 10:12:01.221,7.46384,7.46548,3.23,1.50
2013.03.27 10:12:02.758,7.46384,7.46548,3.23,1.50
2013.03.27 10:12:03.175,7.46384,7.46548,3.23,1.50
2013.03.27 10:12:04.643,7.46384,7.46532,2.48,1.50
2013.03.27 10:12:04.733,7.46389,7.46555,1.35,1.65
2013.03.27 10:12:04.860,7.46365,7.46555,3.15,1.65
2013.03.27 10:12:06.547,7.46365,7.46546,1.65,1.65
2013.03.27 10:12:06.870,7.46359,7.46535,1.13,1.50
2013.03.27 10:12:07.626,7.46359,7.46527,1.13,1.50
2013.03.27 10:12:08.300,7.46359,7.46527,1.13,1.50
2013.03.27 10:12:08.513,7.46359,7.46527,1.13,1.50
2013.03.27 10:12:08.583,7.46359,7.46527,1.13,1.50
2013.03.27 10:12:13.620,7.46359,7.46527,1.13,1.50
2013.03.27 10:12:15.860,7.46358,7.46519,2.25,1.50
2013.03.27 10:12:16.961,7.46358,7.46519,2.25,1.50
2013.03.27 10:12:18.653,7.46355,7.46519,1.13,1.50
2013.03.27 10:12:22.409,7.46348,7.46507,2.85,1.50
2013.03.27 10:12:24.371,7.46348,7.46507,2.85,1.50
2013.03.27 10:12:25.521,7.46343,7.46507,1.73,1.50
2013.03.27 10:12:25.651,7.46343,7.46513,1.73,1.50
2013.03.27 10:12:26.704,7.46343,7.46507,1.73,1.50
2013.03.27 10:12:27.190,7.4635,7.46522,1.50,1.50
2013.03.27 10:12:27.255,7.4635,7.46516,1.50,1.50
2013.03.27 10:12:27.600,7.46369,7.46541,1.13,1.50
2013.03.27 10:12:27.659,7.46369,7.46541,1.13,1.50
2013.03.27 10:12:27.720,7.46369,7.46541,1.13,1.50
2013.03.27 10:12:28.025,7.46369,7.46541,1.13,1.50
2013.03.27 10:12:28.660,7.46369,7.46541,1.13,1.50
2013.03.27 10:12:30.173,7.46369,7.46541,1.13,1.50
2013.03.27 10:12:30.872,7.46369,7.46541,1.13,1.50
2013.03.27 10:12:31.772,7.46366,7.4653,1.13,1.50
2013.03.27 10:12:39.645,7.46366,7.4653,1.13,1.50
2013.03.27 10:12:40.663,7.46359,7.4653,1.13,1.50
2013.03.27 10:12:40.742,7.46359,7.46532,1.13,1.50
2013.03.27 10:12:41.908,7.46359,7.4653,1.13,1.50
2013.03.27 10:12:43.432,7.46359,7.4653,1.13,1.50
2013.03.27 10:12:44.220,7.46359,7.4653,1.13,1.50
2013.03.27 10:12:46.011,7.46358,7.46533,1.13,1.50
2013.03.27 10:12:46.651,7.46359,7.46533,1.13,1.50
2013.03.27 10:12:47.391,7.46359,7.4653,1.13,1.50
2013.03.27 10:12:48.062,7.46359,7.46533,1.13,1.50
2013.03.27 10:12:48.481,7.46359,7.4653,1.13,1.50
2013.03.27 10:12:51.660,7.46359,7.4653,1.13,1.50
2013.03.27 10:12:51.881,7.46358,7.46522,1.13,1.50
2013.03.27 10:12:52.871,7.46358,7.46522,1.13,1.50
2013.03.27 10:12:53.460,7.46358,7.46522,1.13,1.50
2013.03.27 10:12:53.856,7.46358,7.46522,1.13,1.50
2013.03.27 10:12:54.192,7.46358,7.46522,1.13,1.50
2013.03.27 10:12:54.320,7.46358,7.46522,1.13,1.50
2013.03.27 10:12:54.522,7.46358,7.46522,1.13,1.50
2013.03.27 10:12:54.590,7.46358,7.46522,1.13,1.50
2013.03.27 10:12:57.325,7.46356,7.46522,1.50,1.50
2013.03.27 10:12:57.393,7.46356,7.46523,1.50,1.50
2013.03.27 10:12:57.640,7.46356,7.46522,1.50,1.50
2013.03.27 10:12:58.700,7.46356,7.46522,1.50,1.50
2013.03.27 10:13:05.130,7.46348,7.46514,1.73,1.50
2013.03.27 10:13:06.170,7.46348,7.46514,1.73,1.50
2013.03.27 10:13:06.230,7.46348,7.46514,1.73,1.50
2013.03.27 10:13:11.351,7.46351,7.46517,1.50,1.50
2013.03.27 10:13:11.416,7.46351,7.46517,1.50,1.50
2013.03.27 10:13:12.860,7.46351,7.46517,1.50,1.50
2013.03.27 10:13:13.939,7.46351,7.46517,1.50,1.50
2013.03.27 10:13:14.229,7.46351,7.46517,1.50,1.50
2013.03.27 10:13:15.653,7.46351,7.46517,1.50,1.50
2013.03.27 10:13:17.412,7.46351,7.46517,1.50,1.50
2013.03.27 10:13:19.941,7.46351,7.46517,1.50,1.50
2013.03.27 10:13:21.509,7.46351,7.46517,1.50,1.50
2013.03.27 10:13:23.180,7.46339,7.46517,1.13,1.50
2013.03.27 10:13:23.611,7.46339,7.46517,1.13,1.50
2013.03.27 10:13:26.150,7.46339,7.46522,1.13,1.50
2013.03.27 10:13:27.281,7.46334,7.46522,1.13,1.65
2013.03.27 10:13:27.362,7.46334,7.46517,1.13,1.50
2013.03.27 10:13:29.551,7.46334,7.46517,1.13,1.50
2013.03.27 10:13:29.670,7.46334,7.46517,1.13,1.50
2013.03.27 10:13:31.264,7.46334,7.46522,1.13,1.65
2013.03.27 10:13:31.729,7.46334,7.46517,1.13,1.50
2013.03.27 10:13:32.335,7.46334,7.46515,1.13,1.50
2013.03.27 10:13:33.777,7.46334,7.46515,1.13,1.50
2013.03.27 10:13:33.853,7.46334,7.46515,1.13,1.50
2013.03.27 10:13:41.073,7.46328,7.46507,2.78,1.50
2013.03.27 10:13:41.201,7.46328,7.46513,2.78,1.65
2013.03.27 10:13:42.771,7.46324,7.46507,1.13,1.50
2013.03.27 10:13:43.103,7.46324,7.46507,1.13,1.50
2013.03.27 10:13:50.704,7.46324,7.46507,1.13,1.50
2013.03.27 10:13:51.386,7.46324,7.46507,1.13,1.50
2013.03.27 10:13:58.190,7.46324,7.46499,1.13,1.50
2013.03.27 10:13:58.370,7.46324,7.46511,1.13,1.28
2013.03.27 10:13:59.151,7.46321,7.46502,1.50,1.65
2013.03.27 10:14:00.310,7.46321,7.46502,1.50,1.65
2013.03.27 10:14:03.209,7.46321,7.46488,1.50,1.50
2013.03.27 10:14:04.783,7.46325,7.46503,3.15,1.28
2013.03.27 10:14:05.360,7.46325,7.46501,2.40,1.28
2013.03.27 10:14:05.420,7.46321,7.46492,1.50,1.50
2013.03.27 10:14:06.172,7.46321,7.46489,1.50,1.50
2013.03.27 10:14:07.570,7.46325,7.46503,1.65,1.28
2013.03.27 10:14:08.150,7.46325,7.46503,1.65,1.28
2013.03.27 10:14:08.400,7.46321,7.46493,1.50,1.50
2013.03.27 10:14:10.177,7.46321,7.46487,1.50,1.50
2013.03.27 10:14:12.924,7.46321,7.46493,1.50,1.50
2013.03.27 10:14:13.451,7.46321,7.46496,1.50,1.50
2013.03.27 10:14:13.691,7.46321,7.46503,1.50,1.65
2013.03.27 10:14:13.760,7.46321,7.46503,1.50,1.65
2013.03.27 10:14:13.821,7.46321,7.46504,1.50,1.65
2013.03.27 10:14:14.741,7.46325,7.46522,1.13,1.65
2013.03.27 10:14:14.870,7.46325,7.46523,1.13,2.40
2013.03.27 10:14:15.675,7.46325,7.46508,1.13,1.65
2013.03.27 10:14:15.922,7.46328,7.46523,1.65,1.65
2013.03.27 10:14:23.300,7.46338,7.46525,1.65,1.65
2013.03.27 10:14:24.054,7.46344,7.46525,1.50,1.65
2013.03.27 10:14:24.367,7.46338,7.46525,1.65,1.65
2013.03.27 10:14:24.434,7.46338,7.46525,1.65,1.65
2013.03.27 10:14:24.741,7.46328,7.46513,1.65,2.40
2013.03.27 10:14:24.870,7.46348,7.46525,1.65,1.65
2013.03.27 10:14:24.940,7.46349,7.46525,1.65,1.65
2013.03.27 10:14:25.130,7.46347,7.46525,1.65,1.65
2013.03.27 10:14:25.411,7.46349,7.46525,1.65,1.65
2013.03.27 10:14:25.970,7.46338,7.46525,1.65,1.65
2013.03.27 10:14:26.091,7.46327,7.46515,2.40,2.40
2013.03.27 10:14:26.220,7.46338,7.46525,1.65,1.65
2013.03.27 10:14:26.340,7.46349,7.46525,1.65,1.65
2013.03.27 10:14:26.844,7.46349,7.46525,1.50,1.65
2013.03.27 10:14:27.361,7.46327,7.46522,1.65,1.65
2013.03.27 10:14:27.491,7.46328,7.46522,1.65,1.65
2013.03.27 10:14:33.593,7.46349,7.46525,1.65,1.65
2013.03.27 10:14:34.694,7.46349,7.46521,1.65,1.65
2013.03.27 10:14:35.131,7.46349,7.46521,1.65,1.65
2013.03.27 10:14:35.191,7.46349,7.46521,1.65,1.65
2013.03.27 10:14:38.080,7.46348,7.46521,1.65,1.65
2013.03.27 10:14:41.383,7.46349,7.46521,1.65,1.65
2013.03.27 10:14:41.652,7.46347,7.46521,1.65,1.65
2013.03.27 10:14:45.882,7.46349,7.46524,1.65,1.65
2013.03.27 10:14:47.821,7.46349,7.46524,1.50,1.65
2013.03.27 10:14:50.210,7.46348,7.46524,1.50,1.65
2013.03.27 10:15:04.640,7.46348,7.46518,1.65,1.65
2013.03.27 10:15:08.981,7.46348,7.46518,1.65,1.65
2013.03.27 10:15:12.662,7.46328,7.46518,1.65,1.65
2013.03.27 10:15:13.291,7.46328,7.46518,1.65,1.65
2013.03.27 10:15:41.082,7.46327,7.46516,1.65,1.65
2013.03.27 10:15:50.309,7.46321,7.46511,3.15,1.65
2013.03.27 10:15:56.283,7.46321,7.46511,3.15,1.65
2013.03.27 10:16:29.111,7.46324,7.46513,1.65,1.65
2013.03.27 10:16:40.069,7.46326,7.46516,3.15,1.65
2013.03.27 10:16:45.899,7.46408,7.46528,2.25,1.50
2013.03.27 10:16:46.079,7.46415,7.46528,2.25,1.50
2013.03.27 10:16:46.200,7.4643,7.46589,1.50,2.40
2013.03.27 10:16:46.259,7.4643,7.46589,1.50,2.40
2013.03.27 10:16:46.320,7.4643,7.46589,1.50,2.40
2013.03.27 10:16:46.379,7.4643,7.46599,1.50,1.65
2013.03.27 10:16:46.681,7.4643,7.46592,1.35,2.78
2013.03.27 10:16:46.750,7.46424,7.46582,1.35,2.03
2013.03.27 10:16:47.110,7.46424,7.46582,1.35,3.38
2013.03.27 10:16:47.410,7.46403,7.46582,3.00,2.63
2013.03.27 10:16:47.469,7.46375,7.46575,3.15,1.13
2013.03.27 10:16:50.970,7.46375,7.46562,3.15,1.65
2013.03.27 10:16:51.659,7.46375,7.46572,3.15,1.65
2013.03.27 10:17:02.761,7.46375,7.46573,3.15,2.40
2013.03.27 10:17:07.790,7.46378,7.46572,2.40,1.65
2013.03.27 10:17:18.990,7.46388,7.46566,1.65,1.28
2013.03.27 10:17:21.861,7.46373,7.4656,1.50,1.28
2013.03.27 10:17:31.111,7.46384,7.46561,1.13,1.13
2013.03.27 10:17:31.300,7.46387,7.46563,1.65,1.13
2013.03.27 10:17:32.443,7.46387,7.46563,1.65,1.13
2013.03.27 10:17:33.034,7.4641,7.46562,1.50,1.13
2013.03.27 10:17:33.340,7.4641,7.46576,1.50,1.13
2013.03.27 10:17:33.581,7.46417,7.46592,1.35,1.28
2013.03.27 10:17:33.641,7.46417,7.46592,1.35,1.28
2013.03.27 10:17:33.823,7.46417,7.46583,1.35,1.28
2013.03.27 10:17:33.890,7.46417,7.46583,1.35,1.28
2013.03.27 10:17:34.380,7.46417,7.46583,1.35,1.28
2013.03.27 10:17:34.690,7.46384,7.46573,1.65,1.28
2013.03.27 10:17:39.780,7.46382,7.46571,1.65,1.28
2013.03.27 10:17:48.202,7.46382,7.46571,1.50,1.50
2013.03.27 10:17:48.332,7.46378,7.4656,2.25,1.13
2013.03.27 10:17:50.341,7.46378,7.46553,1.50,1.65
2013.03.27 10:17:51.000,7.46378,7.46553,1.50,2.40
2013.03.27 10:18:04.752,7.46378,7.46552,1.50,1.65
2013.03.27 10:18:04.821,7.46378,7.46552,1.50,1.65
2013.03.27 10:18:38.649,7.46358,7.46552,1.65,1.65
2013.03.27 10:18:45.240,7.46364,7.46554,1.65,3.15
2013.03.27 10:18:45.360,7.46378,7.46566,1.65,1.13
2013.03.27 10:18:46.670,7.46381,7.46566,1.65,1.13
2013.03.27 10:18:50.569,7.46367,7.46563,1.65,1.65
2013.03.27 10:18:54.730,7.46367,7.46563,1.65,1.65
2013.03.27 10:19:06.012,7.46367,7.46563,1.65,1.65
2013.03.27 10:19:10.147,7.46364,7.46562,1.13,1.65
2013.03.27 10:19:12.411,7.46364,7.46541,1.13,1.50
2013.03.27 10:19:12.739,7.46357,7.46536,2.25,1.50
2013.03.27 10:19:26.363,7.46357,7.46536,2.25,1.50
2013.03.27 10:19:35.369,7.46347,7.46527,2.03,1.65
2013.03.27 10:19:36.722,7.46337,7.46519,2.25,1.50
2013.03.27 10:19:37.721,7.46337,7.46519,2.25,1.50
2013.03.27 10:19:50.381,7.46337,7.46519,4.95,1.65
2013.03.27 10:19:50.891,7.46337,7.4651,3.08,1.50
2013.03.27 10:19:51.732,7.46337,7.4651,2.33,1.50
2013.03.27 10:20:00.373,7.46338,7.4651,2.18,1.50
2013.03.27 10:20:01.741,7.46338,7.4651,2.18,1.50
2013.03.27 10:20:05.412,7.46337,7.46527,1.50,1.65
2013.03.27 10:20:06.814,7.4634,7.46528,2.40,1.65
2013.03.27 10:20:07.284,7.4634,7.46528,2.40,1.65
2013.03.27 10:20:07.352,7.46339,7.46513,1.65,1.65
2013.03.27 10:20:15.191,7.4634,7.46513,1.20,1.50
2013.03.27 10:20:23.164,7.4634,7.46524,1.20,1.65
2013.03.27 10:20:43.722,7.4634,7.46528,1.13,1.65
2013.03.27 10:20:43.943,7.4634,7.46528,1.13,1.65
2013.03.27 10:20:45.203,7.4636,7.46528,1.13,1.50
2013.03.27 10:20:45.891,7.4636,7.4654,1.13,1.50
2013.03.27 10:20:47.681,7.4636,7.4654,1.13,1.50
2013.03.27 10:20:50.154,7.4636,7.4654,1.13,1.50
2013.03.27 10:20:59.581,7.46349,7.46531,1.20,1.50
2013.03.27 10:20:59.763,7.46349,7.46531,1.20,1.50
2013.03.27 10:21:00.805,7.46349,7.46531,1.20,1.50
2013.03.27 10:21:01.186,7.46349,7.46532,1.20,1.50
2013.03.27 10:21:01.453,7.46349,7.46531,1.20,1.50
2013.03.27 10:21:03.527,7.46352,7.4654,2.48,1.65
2013.03.27 10:21:05.721,7.46352,7.4654,2.48,1.65
2013.03.27 10:21:13.831,7.46352,7.4654,2.40,1.65
2013.03.27 10:21:13.891,7.46352,7.4654,2.40,1.65
2013.03.27 10:21:15.032,7.46354,7.4654,1.13,1.65
2013.03.27 10:21:15.922,7.46354,7.4654,1.13,1.65
2013.03.27 10:21:16.782,7.46354,7.4654,1.13,1.65
2013.03.27 10:21:20.630,7.46354,7.46532,1.13,1.50
2013.03.27 10:21:23.447,7.46354,7.46532,1.20,1.50
2013.03.27 10:21:31.671,7.46354,7.46541,1.20,1.65
2013.03.27 10:21:32.778,7.46354,7.46541,1.20,1.65
2013.03.27 10:21:36.650,7.46354,7.46541,1.20,1.65
2013.03.27 10:21:45.362,7.46355,7.46545,3.23,1.65
2013.03.27 10:21:47.630,7.46355,7.46545,3.23,1.65
2013.03.27 10:21:48.832,7.46355,7.46545,3.23,1.65
2013.03.27 10:21:52.951,7.46355,7.46553,3.15,1.65
2013.03.27 10:21:55.331,7.46358,7.46552,1.65,1.65
2013.03.27 10:21:56.880,7.46358,7.46552,1.65,1.65
2013.03.27 10:21:59.122,7.46366,7.46554,3.23,1.65
2013.03.27 10:22:00.490,7.46358,7.46563,3.23,1.65
2013.03.27 10:22:01.211,7.46354,7.46542,1.94,3.15
2013.03.27 10:22:01.331,7.46362,7.46552,1.73,1.65
2013.03.27 10:22:08.772,7.46357,7.46544,1.45,2.40
2013.03.27 10:22:08.971,7.46363,7.46552,3.23,1.65
2013.03.27 10:22:19.702,7.46378,7.46561,1.50,1.13
2013.03.27 10:22:24.810,7.46358,7.46547,1.88,2.40
2013.03.27 10:22:25.154,7.46364,7.46554,3.23,1.65
2013.03.27 10:22:27.750,7.46364,7.4656,3.15,1.28
2013.03.27 10:22:31.844,7.46373,7.46561,2.40,1.28
2013.03.27 10:22:40.739,7.46375,7.4656,1.65,1.28
2013.03.27 10:22:40.800,7.46377,7.46563,1.65,1.28
2013.03.27 10:22:51.153,7.46397,7.46563,1.50,1.28
2013.03.27 10:22:51.591,7.46397,7.46563,1.50,1.28
2013.03.27 10:22:53.186,7.46397,7.46563,1.50,1.28
2013.03.27 10:22:56.810,7.46378,7.46568,2.40,1.28
2013.03.27 10:23:07.821,7.46378,7.4656,1.65,1.13
2013.03.27 10:23:11.703,7.46394,7.4656,1.50,1.13
2013.03.27 10:23:11.910,7.46378,7.4656,1.65,1.13
2013.03.27 10:23:12.809,7.46376,7.46566,2.48,1.50
2013.03.27 10:23:17.012,7.46398,7.46566,1.50,1.13
2013.03.27 10:23:17.262,7.46408,7.46592,1.65,1.28
2013.03.27 10:23:20.643,7.46408,7.46597,1.65,1.65
2013.03.27 10:23:33.478,7.46431,7.46597,1.50,1.65
2013.03.27 10:23:34.121,7.46431,7.46597,1.50,1.65
2013.03.27 10:23:34.343,7.46431,7.46597,1.50,1.65
2013.03.27 10:23:35.021,7.46408,7.46597,2.40,1.65
2013.03.27 10:23:37.961,7.4641,7.46599,1.65,1.65
2013.03.27 10:23:50.203,7.4641,7.46592,1.65,1.28
2013.03.27 10:23:55.812,7.46408,7.46589,1.65,1.28
2013.03.27 10:24:13.123,7.46408,7.46592,1.65,1.65
2013.03.27 10:24:15.929,7.46408,7.46594,1.65,1.65
2013.03.27 10:24:17.173,7.46408,7.46594,1.65,1.65
2013.03.27 10:24:17.393,7.46408,7.46594,1.65,1.65
2013.03.27 10:24:17.601,7.46407,7.46594,1.65,1.65
2013.03.27 10:24:18.413,7.46408,7.46594,1.65,1.65
2013.03.27 10:24:20.283,7.46408,7.46594,1.65,1.65
2013.03.27 10:24:20.350,7.46408,7.46594,1.65,1.65
2013.03.27 10:24:20.711,7.46407,7.46594,1.65,1.65
2013.03.27 10:24:20.961,7.46407,7.46594,1.65,1.65
2013.03.27 10:24:21.200,7.46404,7.46594,3.15,1.65
2013.03.27 10:24:21.321,7.46404,7.46592,1.65,1.65
2013.03.27 10:24:21.960,7.46397,7.46585,3.15,1.65
2013.03.27 10:24:22.021,7.46397,7.46583,1.65,1.65
2013.03.27 10:24:28.110,7.4639,7.46592,1.13,3.53
2013.03.27 10:24:28.411,7.46397,7.466,2.40,1.13
2013.03.27 10:24:48.952,7.46398,7.46593,2.40,1.65
2013.03.27 10:25:36.666,7.46398,7.46593,3.90,1.65
2013.03.27 10:25:48.672,7.46422,7.46612,1.13,3.00
2013.03.27 10:25:48.791,7.46458,7.4662,2.25,1.50
2013.03.27 10:25:48.913,7.46467,7.46645,1.50,1.65
2013.03.27 10:25:51.781,7.46467,7.46645,1.50,1.65
2013.03.27 10:25:57.613,7.46467,7.46645,1.50,1.65
2013.03.27 10:25:58.382,7.46467,7.46645,1.50,1.65
2013.03.27 10:26:00.750,7.46467,7.46642,1.50,2.33
2013.03.27 10:26:11.756,7.46467,7.46632,1.50,1.50
2013.03.27 10:26:12.103,7.4656,7.46675,2.25,3.00
2013.03.27 10:26:12.422,7.46569,7.46683,1.50,1.50
2013.03.27 10:26:12.492,7.46569,7.46731,1.50,1.13
2013.03.27 10:26:14.762,7.46569,7.46733,1.50,1.50
2013.03.27 10:26:15.762,7.46569,7.46733,1.50,1.50
2013.03.27 10:26:16.743,7.46577,7.46743,2.10,1.50
2013.03.27 10:26:17.872,7.46577,7.46743,2.10,1.50
2013.03.27 10:26:18.311,7.46577,7.46743,2.10,1.50
2013.03.27 10:26:19.432,7.46577,7.46743,2.10,1.50
2013.03.27 10:26:19.862,7.46577,7.46743,1.35,1.50
2013.03.27 10:26:20.454,7.46577,7.46743,1.35,1.50
2013.03.27 10:26:21.267,7.46558,7.46743,1.50,1.65
2013.03.27 10:26:21.654,7.46566,7.46733,1.50,1.50
2013.03.27 10:26:21.723,7.46566,7.46733,1.50,1.50
2013.03.27 10:26:21.885,7.46566,7.46733,1.50,1.50
2013.03.27 10:26:21.952,7.46534,7.46722,2.25,1.50
2013.03.27 10:26:22.873,7.46534,7.46722,2.25,1.50
2013.03.27 10:26:23.381,7.46534,7.46722,2.25,1.50
2013.03.27 10:26:23.864,7.46534,7.46722,2.25,1.50
2013.03.27 10:26:31.722,7.4653,7.46714,1.13,1.65
2013.03.27 10:26:40.691,7.46526,7.46714,2.40,1.65
2013.03.27 10:26:40.951,7.46526,7.46714,2.40,1.65
2013.03.27 10:26:41.779,7.46526,7.46714,2.40,1.65
2013.03.27 10:26:41.893,7.46523,7.46707,1.50,1.65
2013.03.27 10:26:42.684,7.46523,7.46707,1.50,1.65
2013.03.27 10:26:44.374,7.46523,7.46707,1.50,1.65
2013.03.27 10:26:44.441,7.46524,7.46707,1.13,1.50
2013.03.27 10:26:45.095,7.46526,7.46714,3.15,1.65
2013.03.27 10:26:45.744,7.46526,7.46714,3.15,1.65
2013.03.27 10:26:46.071,7.46526,7.46714,3.15,1.65
2013.03.27 10:26:47.611,7.46526,7.46714,3.15,1.65
2013.03.27 10:26:52.343,7.46526,7.46714,3.15,1.65
2013.03.27 10:26:52.673,7.46526,7.46714,3.15,1.65
2013.03.27 10:26:53.164,7.46526,7.46714,3.15,1.65
2013.03.27 10:26:54.273,7.46526,7.46714,3.15,1.65
2013.03.27 10:26:54.347,7.46526,7.46714,3.15,1.65
2013.03.27 10:26:59.363,7.46526,7.46714,3.15,1.65
2013.03.27 10:27:00.252,7.46529,7.46714,1.13,1.65
2013.03.27 10:27:09.713,7.46531,7.46719,2.40,1.65
2013.03.27 10:27:11.295,7.46555,7.46719,1.65,1.65
2013.03.27 10:27:11.830,7.46555,7.46719,1.65,1.65
2013.03.27 10:27:13.044,7.46555,7.46719,1.65,1.65
2013.03.27 10:27:13.867,7.46555,7.46719,1.65,1.65
2013.03.27 10:27:14.647,7.46555,7.46719,1.65,1.65
2013.03.27 10:27:15.733,7.46555,7.46719,1.65,1.65
2013.03.27 10:27:16.510,7.46555,7.46733,1.65,1.65
2013.03.27 10:27:16.574,7.46555,7.46733,1.65,1.65
2013.03.27 10:27:16.834,7.46545,7.46744,1.13,1.65
2013.03.27 10:27:16.965,7.46567,7.46745,1.73,1.50
2013.03.27 10:27:17.097,7.46578,7.46763,1.65,2.78
2013.03.27 10:27:17.222,7.46584,7.46773,1.13,5.78
2013.03.27 10:27:17.342,7.46578,7.46773,1.50,5.63
2013.03.27 10:27:17.413,7.46585,7.46773,1.50,4.13
2013.03.27 10:27:17.738,7.46626,7.46802,1.65,1.65
2013.03.27 10:27:18.600,7.46608,7.46802,2.78,1.65
2013.03.27 10:27:18.671,7.46614,7.46802,1.13,1.65
2013.03.27 10:27:18.973,7.46614,7.46802,1.13,1.65
2013.03.27 10:27:19.042,7.46614,7.46801,1.13,1.65
2013.03.27 10:27:19.602,7.46614,7.46801,1.13,1.65
2013.03.27 10:27:19.905,7.46611,7.46791,2.25,1.88
2013.03.27 10:27:19.975,7.46604,7.46791,1.65,1.13
2013.03.27 10:27:20.702,7.46604,7.46793,1.65,2.40
2013.03.27 10:27:21.206,7.46604,7.46793,1.65,1.65
2013.03.27 10:27:21.652,7.46604,7.46793,1.65,1.65
2013.03.27 10:27:21.712,7.4661,7.46793,1.13,1.65
2013.03.27 10:27:22.702,7.46607,7.46792,2.78,1.13
2013.03.27 10:27:22.891,7.46604,7.46792,1.65,1.65
2013.03.27 10:27:23.135,7.46597,7.46791,1.50,1.65
2013.03.27 10:27:23.662,7.466,7.46783,1.13,1.65
2013.03.27 10:27:24.192,7.466,7.46783,1.13,1.65
2013.03.27 10:27:24.588,7.4661,7.46793,1.13,1.65
2013.03.27 10:27:24.667,7.4661,7.46793,1.13,1.65
2013.03.27 10:27:25.563,7.46608,7.4679,2.78,1.13
2013.03.27 10:27:26.572,7.46599,7.4678,1.13,1.50
2013.03.27 10:27:26.713,7.46599,7.46782,1.13,1.50
2013.03.27 10:27:27.103,7.46599,7.4678,1.13,1.50
2013.03.27 10:27:27.662,7.46607,7.46785,1.65,1.65
2013.03.27 10:27:27.732,7.46609,7.46785,1.13,1.50
2013.03.27 10:27:28.454,7.46628,7.46794,1.13,1.50
2013.03.27 10:27:28.702,7.46655,7.46831,3.00,1.13
2013.03.27 10:27:28.881,7.46643,7.46809,1.65,1.65
2013.03.27 10:27:28.941,7.46619,7.46809,3.38,1.65
2013.03.27 10:27:29.621,7.46645,7.46809,2.25,1.65
2013.03.27 10:27:29.983,7.46658,7.46833,2.85,3.00
2013.03.27 10:27:30.113,7.46661,7.46849,1.73,2.40
2013.03.27 10:27:30.195,7.46688,7.46852,2.03,1.65
2013.03.27 10:27:30.264,7.46688,7.46853,2.03,1.65
2013.03.27 10:27:30.691,7.46688,7.4686,2.63,1.13
2013.03.27 10:27:30.872,7.4666,7.46848,1.65,2.40
2013.03.27 10:27:30.941,7.46657,7.46854,2.40,1.65
2013.03.27 10:27:31.652,7.46645,7.46835,3.00,1.13
2013.03.27 10:27:31.843,7.46608,7.46801,1.65,1.13
2013.03.27 10:27:31.912,7.46608,7.46802,1.65,1.65
2013.03.27 10:27:32.605,7.46609,7.46802,1.13,1.65
2013.03.27 10:27:33.711,7.46619,7.46817,1.13,1.65
2013.03.27 10:27:33.834,7.46619,7.46817,1.13,1.65
2013.03.27 10:27:34.622,7.46618,7.46802,2.63,1.13
2013.03.27 10:27:34.871,7.46605,7.46796,2.40,1.65
2013.03.27 10:27:35.412,7.466,7.46802,1.13,2.40
2013.03.27 10:27:35.591,7.4662,7.46802,1.13,1.50
2013.03.27 10:27:35.652,7.46628,7.46802,1.13,1.50
2013.03.27 10:27:35.832,7.46618,7.46825,2.78,1.13
2013.03.27 10:27:36.082,7.46628,7.46818,3.15,1.65
2013.03.27 10:27:36.201,7.46638,7.46818,2.78,1.65
2013.03.27 10:27:37.958,7.46648,7.4683,2.03,1.65
2013.03.27 10:27:38.059,7.46657,7.46824,2.78,1.65
2013.03.27 10:27:38.709,7.46638,7.46824,1.50,1.13
2013.03.27 10:27:38.916,7.46625,7.46806,3.00,1.13
2013.03.27 10:27:38.989,7.46618,7.46805,2.78,1.65
2013.03.27 10:27:39.732,7.46628,7.46816,2.78,1.65
2013.03.27 10:27:40.151,7.46637,7.46814,2.78,1.65
2013.03.27 10:27:40.606,7.46637,7.46814,2.78,1.65
2013.03.27 10:27:40.731,7.46637,7.46814,2.78,1.65
2013.03.27 10:27:41.352,7.46637,7.46821,2.78,1.65
2013.03.27 10:27:41.692,7.46658,7.46821,2.03,1.50
2013.03.27 10:27:42.123,7.46658,7.4684,2.78,2.40
2013.03.27 10:27:42.506,7.46642,7.46832,3.15,1.65
2013.03.27 10:27:42.614,7.4665,7.46832,1.13,1.65
2013.03.27 10:27:42.683,7.4665,7.46832,1.13,1.65
2013.03.27 10:27:43.242,7.4665,7.4685,2.63,1.65
2013.03.27 10:27:43.371,7.46664,7.4685,1.13,1.65
2013.03.27 10:27:43.916,7.46675,7.46848,1.13,1.50
2013.03.27 10:27:44.672,7.46675,7.46856,1.13,1.50
2013.03.27 10:27:44.861,7.46685,7.46862,1.13,1.50
2013.03.27 10:27:44.921,7.46685,7.46865,1.13,1.50
2013.03.27 10:27:45.457,7.46685,7.46865,1.13,1.50
2013.03.27 10:27:46.612,7.46685,7.46865,1.13,1.50
2013.03.27 10:27:51.182,7.46687,7.46865,2.78,1.50
2013.03.27 10:27:51.491,7.46687,7.46872,2.78,1.65
2013.03.27 10:27:52.764,7.46687,7.46865,2.78,1.50
2013.03.27 10:27:55.852,7.46687,7.46865,2.78,1.50
2013.03.27 10:28:01.171,7.46687,7.46865,2.78,1.65
2013.03.27 10:28:15.095,7.46687,7.46863,2.78,1.65
2013.03.27 10:28:24.364,7.46687,7.4686,2.78,1.50
2013.03.27 10:28:29.593,7.4668,7.46862,1.13,1.65
2013.03.27 10:28:30.254,7.4668,7.46857,1.13,1.50
2013.03.27 10:28:31.662,7.4668,7.46857,1.13,1.50
2013.03.27 10:28:36.133,7.46679,7.46853,1.13,1.50
2013.03.27 10:28:43.740,7.46679,7.46853,1.13,1.50
2013.03.27 10:28:47.836,7.46679,7.46853,1.13,1.50
2013.03.27 10:28:48.882,7.46679,7.46853,1.13,1.50
2013.03.27 10:28:52.228,7.46679,7.46852,1.13,1.50
2013.03.27 10:28:53.116,7.4668,7.46852,1.13,1.50
2013.03.27 10:28:56.053,7.4668,7.46852,1.13,1.50
2013.03.27 10:28:57.154,7.4668,7.46852,1.13,1.50
2013.03.27 10:29:00.432,7.4668,7.46863,1.13,1.65
2013.03.27 10:29:01.802,7.4668,7.46863,1.13,1.65
2013.03.27 10:29:03.424,7.46674,7.4679,2.25,1.13
2013.03.27 10:29:03.493,7.46643,7.4679,3.00,1.13
2013.03.27 10:29:03.622,7.46619,7.46736,2.25,2.55
2013.03.27 10:29:03.684,7.46588,7.46736,2.78,2.40
2013.03.27 10:29:03.752,7.46588,7.46752,2.03,2.25
2013.03.27 10:29:03.823,7.46588,7.46752,2.78,1.50
2013.03.27 10:29:03.955,7.46587,7.46791,1.65,1.50
2013.03.27 10:29:04.103,7.46614,7.46799,2.25,1.50
2013.03.27 10:29:04.592,7.46614,7.46794,1.50,1.50
2013.03.27 10:29:05.083,7.46605,7.46797,1.50,1.50
2013.03.27 10:29:05.153,7.46605,7.46794,1.50,1.50
2013.03.27 10:29:05.793,7.46605,7.46785,1.50,1.50
2013.03.27 10:29:07.104,7.46604,7.46794,1.50,1.50
2013.03.27 10:29:08.874,7.46607,7.46793,1.50,1.13
2013.03.27 10:29:09.123,7.46574,7.46762,3.00,4.80
2013.03.27 10:29:09.251,7.46567,7.46742,3.00,2.03
2013.03.27 10:29:09.372,7.46558,7.46742,1.50,2.78
2013.03.27 10:29:09.447,7.46558,7.46734,1.50,1.65
2013.03.27 10:29:09.513,7.46558,7.46723,1.50,1.73
2013.03.27 10:29:09.823,7.46548,7.4673,1.50,1.65
2013.03.27 10:29:13.020,7.46545,7.46723,1.50,1.65
2013.03.27 10:29:16.653,7.46542,7.4672,2.25,1.13
2013.03.27 10:29:16.843,7.46546,7.46712,1.50,1.65
2013.03.27 10:29:16.915,7.46537,7.46712,1.65,1.65
2013.03.27 10:29:18.661,7.46538,7.46695,1.50,1.13
2013.03.27 10:29:18.904,7.46528,7.46689,1.50,1.65
2013.03.27 10:29:18.973,7.46523,7.4668,1.50,2.18
2013.03.27 10:29:19.181,7.46523,7.4668,1.50,2.18
2013.03.27 10:29:19.924,7.46523,7.46687,1.50,1.65
2013.03.27 10:29:20.424,7.46517,7.46687,1.50,1.13
2013.03.27 10:29:20.671,7.46514,7.46678,1.50,1.65
2013.03.27 10:29:22.292,7.46498,7.46678,1.50,1.65
2013.03.27 10:29:22.842,7.46514,7.46678,1.50,1.65
2013.03.27 10:29:23.441,7.46498,7.46678,1.65,1.65
2013.03.27 10:29:23.622,7.46506,7.46695,1.65,1.65
2013.03.27 10:29:23.684,7.46506,7.46695,1.65,1.65
2013.03.27 10:29:36.203,7.46529,7.46705,1.50,1.13
2013.03.27 10:29:36.392,7.46529,7.46709,1.50,1.50
2013.03.27 10:29:36.451,7.46567,7.46709,1.50,1.50
2013.03.27 10:29:36.632,7.46588,7.46742,1.88,2.25
2013.03.27 10:29:36.693,7.46588,7.46748,1.88,1.65
2013.03.27 10:29:37.504,7.46582,7.46753,1.50,1.65
2013.03.27 10:29:37.583,7.46561,7.46753,3.15,1.65
2013.03.27 10:29:37.893,7.46587,7.46752,2.25,1.50
2013.03.27 10:29:38.148,7.466,7.46765,2.40,2.48
2013.03.27 10:29:38.281,7.466,7.4677,2.40,1.95
2013.03.27 10:29:38.892,7.466,7.46785,2.40,2.10
2013.03.27 10:29:39.012,7.46599,7.4678,1.50,1.65
2013.03.27 10:29:39.071,7.46591,7.46772,1.65,1.65
2013.03.27 10:29:39.993,7.46587,7.46769,1.50,1.13
2013.03.27 10:29:40.061,7.46587,7.46765,1.50,1.13
2013.03.27 10:29:40.121,7.46587,7.46772,1.65,1.65
2013.03.27 10:29:41.151,7.46578,7.46761,1.65,1.13
2013.03.27 10:29:42.566,7.46574,7.46762,1.13,1.65
2013.03.27 10:29:42.872,7.46582,7.46773,3.15,1.65
2013.03.27 10:29:59.742,7.46582,7.4677,3.15,1.13
2013.03.27 10:29:59.862,7.46571,7.46765,3.15,1.13
2013.03.27 10:30:00.052,7.46571,7.46765,1.65,1.13
2013.03.27 10:30:00.553,7.46587,7.46765,1.50,1.13
2013.03.27 10:30:01.102,7.46587,7.46765,1.50,1.13
2013.03.27 10:30:04.033,7.46587,7.46765,1.50,1.13
2013.03.27 10:30:04.992,7.46567,7.46763,1.65,1.65
2013.03.27 10:30:20.917,7.46558,7.46752,2.40,1.65
2013.03.27 10:30:26.102,7.46574,7.46752,1.13,1.50
2013.03.27 10:30:26.341,7.46568,7.46752,2.78,1.65
2013.03.27 10:30:26.702,7.46578,7.46747,1.65,1.65
2013.03.27 10:30:27.122,7.46578,7.46763,1.65,1.65
2013.03.27 10:30:27.893,7.46578,7.46747,1.65,1.65
2013.03.27 10:30:44.023,7.46578,7.46747,1.65,1.50
2013.03.27 10:30:49.346,7.46577,7.46763,1.65,1.65
2013.03.27 10:30:50.006,7.46577,7.46747,1.65,1.50
2013.03.27 10:30:50.134,7.46577,7.46763,1.65,1.65
2013.03.27 10:30:51.222,7.46578,7.46747,1.65,1.50
2013.03.27 10:31:04.324,7.46578,7.46763,1.65,1.65
2013.03.27 10:31:07.897,7.46577,7.46747,1.65,1.50
2013.03.27 10:31:08.173,7.46577,7.46763,1.65,1.65
2013.03.27 10:31:08.559,7.46577,7.46747,1.65,1.50
2013.03.27 10:31:08.722,7.46577,7.46762,1.65,1.65
2013.03.27 10:31:11.042,7.46577,7.46747,1.65,1.50
2013.03.27 10:31:12.371,7.46537,7.46725,1.65,1.13
2013.03.27 10:31:13.162,7.46528,7.46716,1.65,1.13
2013.03.27 10:31:15.562,7.46535,7.46716,1.50,1.13
2013.03.27 10:31:17.433,7.46527,7.46715,2.40,2.40
2013.03.27 10:31:17.622,7.46528,7.46715,1.65,2.40
2013.03.27 10:31:17.838,7.46527,7.46715,2.40,2.40
2013.03.27 10:31:18.434,7.46527,7.46715,2.40,2.40
2013.03.27 10:31:21.841,7.46527,7.46715,2.40,2.40
2013.03.27 10:31:22.393,7.46527,7.46715,2.40,2.40
2013.03.27 10:31:44.981,7.46529,7.46715,1.65,1.13
2013.03.27 10:32:00.285,7.46531,7.46646,1.65,2.78
2013.03.27 10:32:12.935,7.46531,7.46646,1.65,2.78
2013.03.27 10:32:13.104,7.46557,7.46676,1.50,2.93
2013.03.27 10:32:28.201,7.46558,7.46665,1.50,2.03
2013.03.27 10:32:48.002,7.46549,7.46665,1.50,2.03
2013.03.27 10:32:51.383,7.46549,7.46665,1.50,2.03
2013.03.27 10:32:52.233,7.46549,7.46665,1.50,2.03
2013.03.27 10:32:53.058,7.46549,7.46665,1.50,2.03
2013.03.27 10:32:53.765,7.46549,7.46665,1.50,2.03
2013.03.27 10:32:54.282,7.46549,7.46665,1.50,2.03
2013.03.27 10:32:55.380,7.46549,7.46665,1.50,2.03
2013.03.27 10:32:56.090,7.46549,7.46665,1.50,2.03
2013.03.27 10:32:57.671,7.46549,7.46665,1.50,2.78
2013.03.27 10:32:58.508,7.46544,7.46665,1.50,2.78
2013.03.27 10:32:59.043,7.46544,7.46665,1.50,2.78
2013.03.27 10:32:59.871,7.46544,7.46665,1.50,2.78
2013.03.27 10:32:59.992,7.46527,7.46665,2.03,2.78
2013.03.27 10:33:02.868,7.46528,7.46642,1.65,1.73
2013.03.27 10:33:13.852,7.46527,7.46638,2.40,2.55
2013.03.27 10:33:14.033,7.46528,7.46638,1.65,1.80
2013.03.27 10:33:14.101,7.46528,7.46638,1.65,1.80
2013.03.27 10:33:18.963,7.46527,7.46645,1.65,1.88
2013.03.27 10:33:29.782,7.46527,7.46632,2.40,1.88
2013.03.27 10:33:33.840,7.46513,7.46632,1.65,1.88
2013.03.27 10:33:34.743,7.46509,7.46631,1.65,2.10
2013.03.27 10:33:50.018,7.46509,7.46631,1.65,2.10
2013.03.27 10:33:57.571,7.46505,7.4666,1.13,1.58
2013.03.27 10:33:59.392,7.46527,7.46666,1.65,1.95
2013.03.27 10:34:03.233,7.46557,7.46699,2.25,1.50
2013.03.27 10:34:03.303,7.46557,7.46701,2.25,1.50
2013.03.27 10:34:03.542,7.46568,7.4671,2.03,1.50
2013.03.27 10:34:17.092,7.46568,7.46718,2.25,2.85
2013.03.27 10:34:17.333,7.46568,7.46718,2.25,1.50
2013.03.27 10:34:17.633,7.46568,7.46722,2.25,1.50
2013.03.27 10:34:18.148,7.46568,7.46725,2.25,1.50
2013.03.27 10:34:18.728,7.46568,7.46725,2.25,1.50
2013.03.27 10:34:19.876,7.46577,7.46725,2.03,1.50
2013.03.27 10:34:20.734,7.46564,7.46725,1.13,1.50
2013.03.27 10:34:21.042,7.46561,7.46725,1.13,1.50
2013.03.27 10:34:21.402,7.46567,7.46725,2.25,1.50
2013.03.27 10:34:22.591,7.46538,7.46676,1.50,1.65
2013.03.27 10:34:23.444,7.46538,7.46676,1.50,1.80
2013.03.27 10:34:25.264,7.46521,7.46662,1.50,2.18
2013.03.27 10:34:25.639,7.46538,7.46662,1.73,2.03
2013.03.27 10:34:25.764,7.46568,7.46682,2.03,1.80
2013.03.27 10:34:25.845,7.46568,7.46682,2.03,1.80
2013.03.27 10:34:26.033,7.46548,7.46661,2.63,1.58
2013.03.27 10:34:26.164,7.46548,7.4668,2.63,2.78
2013.03.27 10:34:27.953,7.46518,7.4666,2.25,2.93
2013.03.27 10:34:28.543,7.46507,7.4666,2.40,2.93
2013.03.27 10:34:28.827,7.46507,7.4666,2.25,3.08
2013.03.27 10:34:29.143,7.46485,7.46639,1.50,2.10
2013.03.27 10:34:29.202,7.46478,7.46639,2.40,2.10
2013.03.27 10:34:31.358,7.46485,7.46639,1.13,1.95
2013.03.27 10:34:31.483,7.46485,7.46648,1.88,2.93
2013.03.27 10:34:31.809,7.46506,7.46646,1.65,2.70
2013.03.27 10:34:34.496,7.46506,7.46652,1.65,1.88
2013.03.27 10:34:37.556,7.46506,7.46653,1.65,1.58
2013.03.27 10:34:38.733,7.46506,7.46653,1.65,1.58
2013.03.27 10:34:38.792,7.46506,7.46661,1.65,2.10
2013.03.27 10:34:39.614,7.46508,7.46661,1.65,2.10
2013.03.27 10:34:39.753,7.46508,7.46659,1.65,1.95
2013.03.27 10:34:40.163,7.46507,7.46659,1.65,1.95
2013.03.27 10:34:40.883,7.46507,7.46659,1.50,2.10
2013.03.27 10:34:41.073,7.46507,7.46643,1.50,2.55
2013.03.27 10:34:41.382,7.46537,7.46677,2.25,1.50
2013.03.27 10:34:41.442,7.46537,7.4668,2.63,1.13
2013.03.27 10:34:41.562,7.46518,7.46677,2.25,1.09
2013.03.27 10:34:41.623,7.46518,7.46648,2.25,2.48
2013.03.27 10:34:41.682,7.46498,7.46648,1.65,2.48
2013.03.27 10:34:42.218,7.46498,7.46648,1.65,2.48
2013.03.27 10:34:43.404,7.46498,7.46648,1.65,2.48
2013.03.27 10:34:43.981,7.46498,7.46648,1.65,2.48
2013.03.27 10:34:48.483,7.46498,7.46648,1.65,2.48
2013.03.27 10:34:49.425,7.46499,7.46648,1.13,2.48
2013.03.27 10:34:49.551,7.46499,7.46664,1.13,1.50
2013.03.27 10:34:49.876,7.46508,7.46667,1.65,2.18
2013.03.27 10:34:50.422,7.46508,7.46667,1.65,2.33
2013.03.27 10:34:50.624,7.46508,7.46652,1.65,1.65
2013.03.27 10:34:54.043,7.46505,7.46651,1.65,2.85
2013.03.27 10:34:54.833,7.46505,7.46651,1.50,2.85
2013.03.27 10:34:55.082,7.46497,7.46646,1.65,1.50
2013.03.27 10:34:55.623,7.46497,7.46646,1.65,1.50
2013.03.27 10:34:56.002,7.46478,7.46646,1.65,1.50
2013.03.27 10:34:56.063,7.46478,7.46636,1.65,2.18
2013.03.27 10:34:56.183,7.46477,7.46636,1.65,2.18
2013.03.27 10:34:56.992,7.46477,7.46636,1.65,2.18
2013.03.27 10:34:57.113,7.46478,7.46636,1.65,2.18
2013.03.27 10:34:57.172,7.46478,7.46625,1.65,2.40
2013.03.27 10:34:59.662,7.46487,7.46613,2.48,2.33
2013.03.27 10:34:59.905,7.46524,7.46647,1.13,2.70
2013.03.27 10:35:00.092,7.46524,7.46688,1.13,2.52
2013.03.27 10:35:00.152,7.46524,7.46688,1.13,2.33
2013.03.27 10:35:01.352,7.46524,7.46688,1.13,1.50
2013.03.27 10:35:02.843,7.46524,7.46688,1.13,1.50
2013.03.27 10:35:03.093,7.46524,7.46694,1.13,1.50
2013.03.27 10:35:10.133,7.46517,7.46689,2.40,1.65
2013.03.27 10:35:10.313,7.46517,7.46671,2.40,2.70
2013.03.27 10:35:10.375,7.46491,7.46671,3.15,2.70
2013.03.27 10:35:11.174,7.46491,7.46671,3.15,2.85
2013.03.27 10:35:11.242,7.46482,7.46671,3.15,2.85
2013.03.27 10:35:11.304,7.46482,7.46662,1.65,1.65
2013.03.27 10:35:11.374,7.46478,7.46653,1.65,2.33
2013.03.27 10:35:12.208,7.4649,7.46653,1.13,2.33
2013.03.27 10:35:12.462,7.4649,7.46661,1.13,2.10
2013.03.27 10:35:13.964,7.46507,7.46661,1.50,2.25
2013.03.27 10:35:14.033,7.46478,7.46661,1.65,2.25
2013.03.27 10:35:14.103,7.46478,7.46648,1.65,1.50
2013.03.27 10:35:14.923,7.46477,7.46648,1.65,1.65
2013.03.27 10:35:15.125,7.46478,7.4663,1.65,2.33
2013.03.27 10:35:15.354,7.46478,7.4663,1.65,2.33
2013.03.27 10:35:15.833,7.46467,7.46615,1.65,2.40
2013.03.27 10:35:16.193,7.46475,7.46626,1.13,1.95
2013.03.27 10:35:16.892,7.46471,7.46626,1.65,1.95
2013.03.27 10:35:17.073,7.46471,7.4662,1.65,1.73
2013.03.27 10:35:17.142,7.46467,7.4662,2.40,1.73
2013.03.27 10:35:18.604,7.46484,7.4662,1.13,1.73
2013.03.27 10:35:18.733,7.46492,7.46669,2.48,1.50
2013.03.27 10:35:18.863,7.46518,7.46648,1.50,1.65
2013.03.27 10:35:18.993,7.46485,7.46654,1.05,2.55
2013.03.27 10:35:19.052,7.46485,7.46623,1.05,2.18
2013.03.27 10:35:19.173,7.46478,7.46623,2.78,2.18
2013.03.27 10:35:19.244,7.46487,7.46623,2.48,2.18
2013.03.27 10:35:19.313,7.46487,7.46642,2.48,2.78
2013.03.27 10:35:20.062,7.46527,7.46679,1.13,2.03
2013.03.27 10:35:20.243,7.46527,7.46679,1.13,2.03
2013.03.27 10:35:20.364,7.46527,7.4665,1.13,2.10
2013.03.27 10:35:22.228,7.46512,7.4665,1.50,2.10
2013.03.27 10:35:22.303,7.46512,7.46661,1.50,2.33
2013.03.27 10:35:33.860,7.46497,7.46661,1.65,2.33
2013.03.27 10:35:33.982,7.46487,7.46661,2.40,2.33
2013.03.27 10:35:34.042,7.4648,7.46642,1.13,2.78
2013.03.27 10:35:34.403,7.4648,7.46636,1.13,1.80
2013.03.27 10:35:36.975,7.4648,7.46631,1.13,1.88
2013.03.27 10:35:44.297,7.4647,7.46631,2.40,1.88
2013.03.27 10:35:44.484,7.4647,7.46605,2.40,1.80
2013.03.27 10:35:44.733,7.46434,7.46587,1.50,2.63
2013.03.27 10:35:44.852,7.46433,7.46587,1.50,2.63
2013.03.27 10:35:44.914,7.46446,7.46587,1.13,2.48
2013.03.27 10:35:45.043,7.46459,7.46608,1.13,1.73
2013.03.27 10:35:45.801,7.46459,7.46598,3.38,1.50
2013.03.27 10:35:45.875,7.46459,7.46598,3.15,1.50
2013.03.27 10:35:46.062,7.46451,7.46598,3.15,1.50
2013.03.27 10:35:46.122,7.46451,7.46603,3.15,2.70
2013.03.27 10:35:48.143,7.46475,7.46603,1.13,2.70
2013.03.27 10:35:48.324,7.46475,7.46644,1.73,1.50
2013.03.27 10:35:48.393,7.46499,7.46654,1.13,2.93
2013.03.27 10:35:48.512,7.46504,7.46645,1.13,1.95
2013.03.27 10:35:49.946,7.46504,7.46663,1.13,2.48
2013.03.27 10:35:50.252,7.46504,7.46646,1.13,1.95
2013.03.27 10:35:50.732,7.46504,7.46658,1.13,2.85
2013.03.27 10:35:51.263,7.46504,7.46673,1.13,1.50
2013.03.27 10:35:55.748,7.46507,7.4668,1.65,1.50
2013.03.27 10:35:56.682,7.46507,7.46659,1.65,1.35
2013.03.27 10:35:56.872,7.46447,7.46605,2.40,2.25
2013.03.27 10:35:56.992,7.46448,7.46605,1.65,2.25
2013.03.27 10:35:58.442,7.46449,7.46605,1.35,2.25
2013.03.27 10:35:58.743,7.46468,7.46615,2.48,1.50
2013.03.27 10:35:58.932,7.4649,7.46616,1.13,2.40
2013.03.27 10:35:59.054,7.4649,7.46619,1.13,2.48
2013.03.27 10:36:00.195,7.4649,7.46633,1.13,1.80
2013.03.27 10:36:07.912,7.4649,7.4665,1.13,2.25
2013.03.27 10:36:24.855,7.46477,7.46645,3.00,1.13
2013.03.27 10:36:25.164,7.46447,7.46611,1.65,2.40
2013.03.27 10:36:27.474,7.4645,7.46611,1.13,2.40
2013.03.27 10:36:28.175,7.4645,7.4661,1.13,2.18
2013.03.27 10:36:30.885,7.46449,7.4661,1.50,2.33
2013.03.27 10:36:31.012,7.46448,7.4661,2.40,2.33
2013.03.27 10:36:31.072,7.46448,7.46589,2.40,2.78
2013.03.27 10:36:31.132,7.46448,7.46589,2.40,2.78
2013.03.27 10:36:31.823,7.46449,7.46589,1.13,2.78
2013.03.27 10:36:32.072,7.4645,7.46599,1.13,1.80
2013.03.27 10:36:42.665,7.46464,7.46599,1.13,1.80
2013.03.27 10:36:42.991,7.46464,7.46637,1.13,1.50
2013.03.27 10:36:43.555,7.4648,7.46638,1.13,1.80
2013.03.27 10:36:43.865,7.4648,7.46646,1.13,1.50
2013.03.27 10:36:43.933,7.4648,7.46652,1.13,2.63
2013.03.27 10:36:44.974,7.46478,7.46652,1.50,2.78
2013.03.27 10:36:45.103,7.46457,7.46642,1.65,1.65
2013.03.27 10:36:45.163,7.46457,7.46601,1.65,1.88
2013.03.27 10:36:46.334,7.46464,7.46601,1.13,1.88
2013.03.27 10:36:47.467,7.4648,7.46601,1.13,1.88
2013.03.27 10:36:47.532,7.4648,7.46648,1.13,1.50
2013.03.27 10:36:48.445,7.4646,7.46645,2.40,1.13
2013.03.27 10:36:48.642,7.46448,7.46642,1.65,1.65
2013.03.27 10:36:49.165,7.46437,7.46592,1.65,1.88
2013.03.27 10:36:49.473,7.46435,7.46574,1.13,1.95
2013.03.27 10:36:49.833,7.46455,7.46592,1.13,2.48
2013.03.27 10:37:10.425,7.46455,7.46546,1.13,2.33
2013.03.27 10:37:10.495,7.46463,7.46546,1.50,2.33
2013.03.27 10:37:10.564,7.46464,7.46546,2.25,2.33
2013.03.27 10:37:10.694,7.46412,7.46546,1.65,2.33
2013.03.27 10:37:10.897,7.46411,7.46537,2.40,1.80
2013.03.27 10:37:10.966,7.46408,7.46537,1.50,1.80
2013.03.27 10:37:11.095,7.46401,7.46533,2.40,2.40
2013.03.27 10:37:11.164,7.46394,7.46533,3.38,2.40
2013.03.27 10:37:11.673,7.46385,7.46533,1.13,2.40
2013.03.27 10:37:11.853,7.46385,7.46526,1.13,2.18
2013.03.27 10:37:12.155,7.46387,7.46521,1.65,2.03
2013.03.27 10:37:12.644,7.46387,7.46521,1.65,2.03
2013.03.27 10:37:12.856,7.46374,7.46511,1.13,2.78
2013.03.27 10:37:19.993,7.46363,7.46511,1.50,2.78
2013.03.27 10:37:20.064,7.46363,7.46482,1.50,1.88
2013.03.27 10:37:20.132,7.4635,7.46482,3.00,1.88
2013.03.27 10:37:20.192,7.46296,7.46472,1.65,1.88
2013.03.27 10:37:20.374,7.46296,7.46457,1.65,2.03
2013.03.27 10:37:20.804,7.46296,7.46423,1.65,1.58
2013.03.27 10:37:20.872,7.46287,7.46423,2.25,1.58
2013.03.27 10:37:21.053,7.46287,7.46413,2.25,2.70
2013.03.27 10:37:21.184,7.46267,7.46413,3.90,2.70
2013.03.27 10:37:21.814,7.46267,7.46402,2.40,1.88
2013.03.27 10:37:22.003,7.46267,7.46407,2.40,1.95
2013.03.27 10:37:22.253,7.46267,7.46405,2.40,2.55
2013.03.27 10:37:22.434,7.46258,7.46405,2.40,2.55
2013.03.27 10:37:23.823,7.46258,7.46406,2.40,2.85
2013.03.27 10:37:23.882,7.46282,7.46406,1.13,2.85
2013.03.27 10:37:24.133,7.46304,7.46433,2.40,1.95
2013.03.27 10:37:24.255,7.46298,7.46445,1.50,2.70
2013.03.27 10:37:24.323,7.46311,7.4646,2.40,1.88
2013.03.27 10:37:26.075,7.46312,7.46473,1.65,2.93
2013.03.27 10:37:29.002,7.46312,7.46462,1.50,1.88
2013.03.27 10:37:29.063,7.46312,7.46432,1.50,2.85
2013.03.27 10:37:29.133,7.46312,7.46432,1.50,2.85
2013.03.27 10:37:29.253,7.46267,7.46432,1.65,2.85
2013.03.27 10:37:29.312,7.46267,7.46436,1.65,1.80
2013.03.27 10:37:30.634,7.46267,7.46432,1.65,2.25
2013.03.27 10:37:36.013,7.46267,7.46432,1.65,2.25
2013.03.27 10:37:39.286,7.46268,7.46426,1.50,1.88
2013.03.27 10:37:39.633,7.46278,7.46426,1.50,1.88
2013.03.27 10:37:47.203,7.46278,7.46426,1.50,1.88
2013.03.27 10:37:47.322,7.46278,7.46426,1.50,1.88
2013.03.27 10:37:47.383,7.46278,7.46429,1.50,2.85
2013.03.27 10:37:48.814,7.46282,7.46429,1.50,2.85
2013.03.27 10:37:58.343,7.46282,7.46448,1.50,1.50
2013.03.27 10:38:01.035,7.46288,7.46452,1.50,1.88
2013.03.27 10:38:07.276,7.46288,7.46452,1.50,2.63
2013.03.27 10:38:07.343,7.46296,7.46463,1.50,2.63
2013.03.27 10:38:07.404,7.46296,7.46463,1.65,2.78
2013.03.27 10:38:12.833,7.46297,7.46463,1.50,2.78
2013.03.27 10:38:13.192,7.46287,7.46453,1.65,3.53
2013.03.27 10:38:13.552,7.46277,7.46431,1.65,2.70
2013.03.27 10:38:13.732,7.46277,7.46443,1.65,2.03
2013.03.27 10:38:13.794,7.46286,7.46443,1.39,2.03
2013.03.27 10:38:13.922,7.46271,7.46443,1.65,2.78
2013.03.27 10:38:18.604,7.46271,7.46437,1.50,1.13
2013.03.27 10:38:18.674,7.46247,7.46373,3.00,2.03
2013.03.27 10:38:18.983,7.46218,7.46373,1.50,2.03
2013.03.27 10:38:19.043,7.46211,7.46373,1.50,2.03
2013.03.27 10:38:19.453,7.46188,7.46353,1.65,2.03
2013.03.27 10:38:19.913,7.46188,7.46353,1.65,2.03
2013.03.27 10:38:23.089,7.46165,7.46359,3.15,1.65
2013.03.27 10:38:23.393,7.46174,7.46353,1.13,2.63
2013.03.27 10:38:23.635,7.46177,7.46362,1.65,2.78
2013.03.27 10:38:24.473,7.46184,7.46362,1.13,1.50
2013.03.27 10:38:25.586,7.46184,7.46363,1.13,1.50
2013.03.27 10:38:29.593,7.46184,7.46372,1.13,3.53
2013.03.27 10:38:29.833,7.46184,7.46362,1.13,1.50
2013.03.27 10:38:31.197,7.46198,7.46372,1.13,1.50
2013.03.27 10:38:31.262,7.46197,7.46385,2.63,3.00
2013.03.27 10:38:31.562,7.4621,7.46393,1.13,2.78
2013.03.27 10:38:32.994,7.46207,7.46393,1.65,2.78
2013.03.27 10:38:34.249,7.46196,7.46352,1.13,1.88
2013.03.27 10:38:34.334,7.46178,7.46352,2.40,2.78
2013.03.27 10:38:34.943,7.4617,7.46352,1.65,2.78
2013.03.27 10:38:35.803,7.4617,7.46352,1.65,2.78
2013.03.27 10:38:40.476,7.46169,7.4636,1.13,3.15
2013.03.27 10:38:41.294,7.46178,7.4636,1.65,1.65
2013.03.27 10:38:41.815,7.46197,7.46362,1.13,2.63
2013.03.27 10:38:42.133,7.46201,7.46367,1.13,1.50
2013.03.27 10:38:42.448,7.46194,7.46382,1.13,2.78
2013.03.27 10:38:49.396,7.46197,7.46382,1.65,2.78
2013.03.27 10:38:51.324,7.46197,7.46382,1.65,2.78
2013.03.27 10:38:59.260,7.46189,7.46372,1.13,1.50
2013.03.27 10:39:03.676,7.46189,7.46366,1.13,1.50
2013.03.27 10:39:13.132,7.46189,7.46372,1.13,3.38
2013.03.27 10:39:13.392,7.4618,7.46372,1.13,3.53
2013.03.27 10:39:24.377,7.46194,7.46372,1.13,2.63
2013.03.27 10:39:24.448,7.46178,7.46372,1.65,2.78
2013.03.27 10:39:24.573,7.46178,7.46362,1.65,2.78
2013.03.27 10:39:34.628,7.46177,7.46362,1.65,2.78
2013.03.27 10:39:40.924,7.46177,7.46362,1.65,2.78
2013.03.27 10:39:43.402,7.46182,7.46362,1.13,2.63
2013.03.27 10:39:43.592,7.46191,7.4637,1.13,1.50
2013.03.27 10:39:47.222,7.46198,7.4638,1.65,1.65
2013.03.27 10:39:49.356,7.46204,7.46382,1.13,2.63
2013.03.27 10:39:49.602,7.46204,7.46392,1.13,3.53
2013.03.27 10:39:50.162,7.46195,7.46389,1.13,1.65
2013.03.27 10:39:52.795,7.46195,7.46376,1.13,1.50
2013.03.27 10:39:56.708,7.46195,7.46376,1.13,1.50
2013.03.27 10:39:56.833,7.46195,7.46376,1.13,1.50
2013.03.27 10:39:59.054,7.46195,7.46367,1.13,1.95
2013.03.27 10:40:01.602,7.46188,7.46367,3.15,2.10
2013.03.27 10:40:01.842,7.46185,7.46362,1.13,2.33
2013.03.27 10:40:04.785,7.46185,7.46352,1.13,1.50
2013.03.27 10:40:12.612,7.46185,7.46352,1.13,1.50
2013.03.27 10:40:13.763,7.46185,7.46348,1.13,1.50
2013.03.27 10:40:21.298,7.4618,7.46348,2.63,1.50
2013.03.27 10:40:22.934,7.4618,7.46348,1.13,1.50
2013.03.27 10:40:24.660,7.4618,7.46342,1.13,1.50
2013.03.27 10:40:31.702,7.4618,7.46342,1.13,1.50
2013.03.27 10:40:31.834,7.46189,7.46342,1.13,1.50
2013.03.27 10:40:32.074,7.46189,7.46356,1.13,1.50
2013.03.27 10:40:33.711,7.46189,7.46356,1.13,1.50
2013.03.27 10:40:37.411,7.46189,7.46356,1.13,1.50
2013.03.27 10:40:37.733,7.46189,7.46361,1.13,1.50
2013.03.27 10:40:38.742,7.46189,7.46357,1.13,1.50
2013.03.27 10:40:54.236,7.4619,7.46357,1.13,1.50
2013.03.27 10:40:58.763,7.4619,7.46352,1.13,1.50
2013.03.27 10:41:07.623,7.4619,7.46353,1.13,1.50
2013.03.27 10:41:07.933,7.46179,7.46353,1.13,1.50
2013.03.27 10:41:08.075,7.46179,7.46353,1.13,1.50
2013.03.27 10:41:09.661,7.46179,7.46347,1.13,1.50
2013.03.27 10:41:10.792,7.46179,7.46347,1.13,1.50
2013.03.27 10:41:17.633,7.46179,7.46352,1.13,1.50
2013.03.27 10:41:17.812,7.46194,7.46352,1.13,1.50
2013.03.27 10:41:18.182,7.46194,7.46359,1.13,1.50
2013.03.27 10:41:19.113,7.46184,7.46356,1.13,1.50
2013.03.27 10:41:19.172,7.46184,7.46356,1.13,1.50
2013.03.27 10:41:20.663,7.46184,7.46347,1.13,1.50
2013.03.27 10:41:33.392,7.46181,7.46342,3.15,1.50
2013.03.27 10:41:33.691,7.46181,7.46342,1.65,1.50
2013.03.27 10:41:34.915,7.46175,7.46342,1.13,1.50
2013.03.27 10:41:43.133,7.46175,7.46342,1.13,1.50
2013.03.27 10:41:44.737,7.46175,7.46337,1.13,1.50
2013.03.27 10:41:47.393,7.46197,7.46337,1.13,1.50
2013.03.27 10:41:47.453,7.46197,7.46347,1.13,2.93
2013.03.27 10:41:47.633,7.46208,7.46347,3.00,2.93
2013.03.27 10:41:47.693,7.46208,7.46372,3.00,1.65
2013.03.27 10:41:47.873,7.46182,7.46348,3.15,1.95
2013.03.27 10:41:48.112,7.46182,7.46352,3.15,1.65
2013.03.27 10:41:48.661,7.46174,7.46352,3.15,1.65
2013.03.27 10:41:49.243,7.46174,7.46347,3.15,1.50
2013.03.27 10:41:50.670,7.46174,7.46342,3.15,1.50
2013.03.27 10:41:51.693,7.46179,7.46342,1.13,1.50
2013.03.27 10:41:51.752,7.46179,7.46342,1.13,1.50
2013.03.27 10:41:52.806,7.46179,7.46347,1.13,1.50
2013.03.27 10:41:57.872,7.46179,7.46357,1.13,1.58
2013.03.27 10:41:57.993,7.46207,7.46357,1.88,1.58
2013.03.27 10:41:58.234,7.4623,7.46383,1.13,1.50
2013.03.27 10:41:58.805,7.4623,7.46385,1.13,1.50
2013.03.27 10:41:59.756,7.4623,7.46385,1.13,1.50
2013.03.27 10:42:00.734,7.4623,7.46385,1.13,1.50
2013.03.27 10:42:01.177,7.46218,7.46386,3.00,1.13
2013.03.27 10:42:01.244,7.46218,7.46343,3.00,1.88
2013.03.27 10:42:01.374,7.46173,7.46343,1.13,2.63
2013.03.27 10:42:01.434,7.4616,7.46342,1.13,1.65
2013.03.27 10:42:01.564,7.4616,7.46339,1.13,1.50
2013.03.27 10:42:01.993,7.4616,7.46342,1.13,1.65
2013.03.27 10:42:02.413,7.46158,7.46342,1.13,1.65
2013.03.27 10:42:02.624,7.4615,7.46324,1.13,1.50
2013.03.27 10:42:03.743,7.4615,7.46324,1.13,1.50
2013.03.27 10:42:04.763,7.4615,7.46324,1.13,1.50
2013.03.27 10:42:07.774,7.4615,7.46324,1.13,1.50
2013.03.27 10:42:20.258,7.46145,7.46315,1.13,1.50
2013.03.27 10:42:23.080,7.46145,7.46315,1.13,1.50
2013.03.27 10:42:24.321,7.46135,7.46315,1.13,1.50
2013.03.27 10:42:24.394,7.46135,7.46308,1.13,1.50
2013.03.27 10:42:24.784,7.46135,7.46308,1.13,1.50
2013.03.27 10:42:35.233,7.46135,7.46308,1.13,1.50
2013.03.27 10:42:35.422,7.46135,7.46308,1.13,1.50
2013.03.27 10:42:35.482,7.46124,7.46308,1.13,1.65
2013.03.27 10:42:36.735,7.46124,7.463,1.13,1.50
2013.03.27 10:42:43.414,7.46124,7.46303,1.13,1.50
2013.03.27 10:42:46.653,7.46134,7.46312,1.13,2.63
2013.03.27 10:42:46.773,7.46143,7.46322,1.13,1.50
2013.03.27 10:42:46.892,7.46149,7.46332,1.13,1.50
2013.03.27 10:42:52.653,7.46149,7.46332,1.13,1.50
2013.03.27 10:42:53.602,7.46135,7.46332,3.38,1.65
2013.03.27 10:42:53.904,7.46152,7.46322,1.13,2.63
2013.03.27 10:42:54.094,7.46158,7.46342,1.13,1.50
2013.03.27 10:42:54.464,7.46149,7.46322,1.13,1.50
2013.03.27 10:42:55.483,7.46149,7.46322,1.13,1.50
2013.03.27 10:42:56.770,7.46149,7.46322,1.13,1.50
2013.03.27 10:43:00.818,7.46149,7.46322,1.13,1.50
2013.03.27 10:43:01.585,7.46149,7.46322,1.13,1.50
2013.03.27 10:43:05.287,7.4614,7.46322,1.13,1.65
2013.03.27 10:43:05.354,7.4614,7.46332,1.13,2.78
2013.03.27 10:43:05.556,7.4614,7.46332,1.13,2.78
2013.03.27 10:43:07.772,7.4614,7.46314,1.13,1.50
2013.03.27 10:43:16.085,7.46129,7.46314,1.13,1.65
2013.03.27 10:43:16.332,7.46129,7.46322,1.13,3.53
2013.03.27 10:43:16.875,7.46129,7.46305,1.13,1.50
2013.03.27 10:43:17.206,7.46129,7.46313,1.13,1.65
2013.03.27 10:43:18.212,7.46129,7.46305,1.13,1.50
2013.03.27 10:43:18.414,7.46129,7.46313,1.13,1.65
2013.03.27 10:43:19.575,7.46129,7.46305,1.13,1.50
2013.03.27 10:43:22.825,7.46129,7.46312,1.13,1.50
2013.03.27 10:43:29.661,7.46129,7.46305,1.13,1.50
2013.03.27 10:43:29.746,7.46129,7.46313,1.13,1.65
2013.03.27 10:43:30.044,7.46129,7.46305,1.13,1.50
2013.03.27 10:43:30.268,7.46129,7.46313,1.13,1.65
2013.03.27 10:43:31.325,7.46129,7.46305,1.13,1.50
2013.03.27 10:43:32.203,7.46129,7.46313,1.13,1.65
2013.03.27 10:43:33.964,7.4613,7.46313,1.13,1.65
2013.03.27 10:43:34.373,7.4613,7.46312,1.13,3.53
2013.03.27 10:43:34.712,7.4613,7.46298,1.13,1.50
2013.03.27 10:43:35.724,7.4613,7.46298,1.13,1.50
2013.03.27 10:43:44.174,7.46132,7.4632,1.13,1.50
2013.03.27 10:43:44.425,7.46137,7.46321,1.88,1.50
2013.03.27 10:43:44.555,7.46154,7.46328,1.13,1.50
2013.03.27 10:43:46.690,7.46154,7.46328,1.13,1.50
2013.03.27 10:43:46.955,7.46144,7.46328,1.13,1.65
2013.03.27 10:43:49.066,7.4615,7.46316,1.13,1.50
2013.03.27 10:43:49.145,7.4615,7.4634,1.13,3.00
2013.03.27 10:43:49.393,7.46159,7.46342,1.13,1.50
2013.03.27 10:43:49.523,7.46164,7.46342,1.13,1.50
2013.03.27 10:43:50.844,7.46164,7.46332,1.13,1.50
2013.03.27 10:43:54.483,7.46174,7.4634,1.13,1.50
2013.03.27 10:43:59.174,7.46174,7.46363,1.13,3.53
2013.03.27 10:43:59.825,7.46174,7.4634,1.13,1.50
2013.03.27 10:44:00.104,7.46174,7.46363,1.13,3.53
2013.03.27 10:44:01.373,7.46174,7.4634,1.13,1.50
2013.03.27 10:44:05.900,7.46174,7.46338,1.13,1.50
2013.03.27 10:44:07.210,7.46174,7.46352,1.13,1.50
2013.03.27 10:44:07.548,7.46174,7.4634,1.13,1.50
2013.03.27 10:44:07.699,7.46174,7.4634,1.13,1.50
2013.03.27 10:44:08.923,7.46174,7.46342,1.13,1.50
2013.03.27 10:44:09.415,7.46176,7.46342,1.13,1.50
2013.03.27 10:44:13.764,7.46176,7.4634,1.13,1.50
2013.03.27 10:44:17.684,7.46176,7.46342,1.13,1.50
2013.03.27 10:44:19.455,7.46169,7.46342,1.13,1.50
2013.03.27 10:44:20.928,7.46169,7.4634,1.13,2.25
2013.03.27 10:44:21.867,7.46169,7.4634,1.13,2.25
2013.03.27 10:44:23.157,7.46169,7.4634,1.13,2.25
2013.03.27 10:44:24.725,7.46169,7.4634,1.13,2.25
2013.03.27 10:44:24.886,7.46169,7.4634,1.13,2.25
2013.03.27 10:44:25.879,7.46169,7.4634,1.13,2.25
2013.03.27 10:44:25.946,7.46169,7.4634,1.13,2.25
2013.03.27 10:44:30.123,7.46169,7.4634,1.13,1.50
2013.03.27 10:44:30.195,7.46169,7.4634,1.13,1.50
2013.03.27 10:44:30.514,7.46176,7.46323,1.13,1.50
2013.03.27 10:44:30.583,7.46169,7.46323,1.13,1.50
2013.03.27 10:44:30.773,7.46169,7.46333,1.13,1.50
2013.03.27 10:44:30.893,7.46169,7.46333,1.13,1.50
2013.03.27 10:44:32.366,7.46168,7.46324,1.13,1.50
2013.03.27 10:44:32.825,7.46168,7.46322,1.13,1.50
2013.03.27 10:44:32.894,7.46168,7.46322,1.13,1.50
2013.03.27 10:44:36.167,7.46168,7.46322,1.13,1.50
2013.03.27 10:44:36.435,7.46168,7.46322,1.13,1.50
2013.03.27 10:44:36.635,7.46168,7.46322,1.13,1.50
2013.03.27 10:44:36.709,7.46149,7.46297,1.13,1.50
2013.03.27 10:44:37.794,7.46149,7.46297,1.13,1.50
2013.03.27 10:44:46.947,7.46149,7.46297,1.13,1.50
2013.03.27 10:44:48.714,7.46144,7.46301,1.13,1.50
2013.03.27 10:44:51.863,7.46144,7.46293,1.13,1.50
2013.03.27 10:44:52.365,7.46144,7.46293,1.13,1.50
2013.03.27 10:44:57.564,7.46144,7.46301,1.13,1.50
2013.03.27 10:44:57.622,7.46144,7.46301,1.13,1.50
2013.03.27 10:44:57.935,7.46139,7.46301,1.13,1.50
2013.03.27 10:44:58.699,7.46139,7.46308,1.13,1.50
2013.03.27 10:44:59.454,7.46139,7.46303,1.13,1.50
2013.03.27 10:45:01.685,7.46139,7.46303,1.13,1.50
2013.03.27 10:45:07.083,7.46139,7.46303,1.13,1.50
2013.03.27 10:45:07.143,7.46144,7.46303,1.13,1.50
2013.03.27 10:45:07.502,7.4614,7.46306,1.13,1.50
2013.03.27 10:45:07.683,7.46148,7.46314,1.13,1.50
2013.03.27 10:45:09.283,7.46156,7.46322,1.13,1.50
2013.03.27 10:45:17.434,7.46156,7.46322,1.13,1.50
2013.03.27 10:45:17.594,7.46156,7.46322,1.13,1.50
2013.03.27 10:45:19.135,7.46156,7.46322,1.13,1.50
2013.03.27 10:45:22.624,7.46156,7.46322,1.13,1.50
2013.03.27 10:45:23.835,7.46144,7.46322,1.13,1.50
2013.03.27 10:45:24.087,7.46144,7.46321,1.13,1.65
2013.03.27 10:45:28.934,7.46144,7.46311,1.13,1.50
2013.03.27 10:45:39.949,7.46144,7.46315,1.13,1.50
2013.03.27 10:45:44.565,7.46144,7.46311,1.13,1.50
2013.03.27 10:45:45.165,7.46144,7.46315,1.13,1.50
2013.03.27 10:45:47.766,7.46144,7.46315,1.13,1.50
2013.03.27 10:45:58.983,7.46139,7.46312,1.13,1.50
2013.03.27 10:46:01.056,7.46139,7.46312,1.13,1.50
2013.03.27 10:46:01.364,7.46139,7.46312,1.13,1.50
2013.03.27 10:46:02.374,7.46139,7.46332,1.13,2.78
2013.03.27 10:46:09.854,7.46139,7.46322,1.13,1.50
2013.03.27 10:46:14.056,7.4614,7.46322,1.13,1.65
2013.03.27 10:46:28.143,7.4614,7.4631,1.13,1.50
2013.03.27 10:46:30.235,7.4614,7.46322,1.13,1.65
2013.03.27 10:46:34.212,7.46144,7.46322,1.13,1.50
2013.03.27 10:46:34.572,7.46147,7.46332,1.65,2.78
2013.03.27 10:46:38.157,7.46147,7.46332,1.65,2.78
2013.03.27 10:46:38.333,7.46147,7.46332,1.65,2.78
2013.03.27 10:46:49.322,7.46147,7.46332,1.65,2.78
2013.03.27 10:46:50.163,7.46143,7.46322,1.65,2.78
2013.03.27 10:46:52.334,7.46143,7.46322,1.65,2.78
2013.03.27 10:46:58.790,7.46145,7.46322,1.13,2.63
2013.03.27 10:46:59.853,7.46151,7.46331,1.65,1.65
2013.03.27 10:47:00.805,7.46151,7.46332,1.65,2.78
2013.03.27 10:47:16.386,7.46151,7.46332,1.65,2.78
2013.03.27 10:47:19.843,7.46167,7.46332,1.65,2.78
2013.03.27 10:48:00.023,7.46157,7.4634,1.65,1.65
2013.03.27 10:48:04.092,7.46157,7.4632,1.65,1.50
2013.03.27 10:48:08.454,7.46178,7.4632,1.50,1.50
2013.03.27 10:48:08.645,7.46178,7.4632,1.50,1.50
2013.03.27 10:48:11.395,7.46178,7.4632,1.50,1.50
2013.03.27 10:48:11.614,7.46177,7.4632,1.50,1.50
2013.03.27 10:48:11.842,7.46178,7.4632,1.50,1.50
2013.03.27 10:48:18.380,7.46178,7.4632,1.50,1.50
2013.03.27 10:48:18.563,7.46177,7.46318,1.50,1.88
2013.03.27 10:48:19.705,7.46177,7.46318,1.50,1.88
2013.03.27 10:48:34.474,7.46154,7.46312,1.13,1.50
2013.03.27 10:48:34.604,7.46178,7.4632,1.65,1.50
2013.03.27 10:48:35.714,7.46178,7.4632,1.65,1.50
2013.03.27 10:48:36.286,7.46177,7.4633,1.65,1.65
2013.03.27 10:48:36.784,7.46177,7.46343,1.65,2.78
2013.03.27 10:48:41.378,7.46178,7.46343,1.65,2.78
2013.03.27 10:48:41.503,7.46178,7.46333,1.50,2.03
2013.03.27 10:48:42.759,7.46177,7.46333,1.50,2.78
2013.03.27 10:48:46.605,7.46177,7.46333,1.50,2.78
2013.03.27 10:48:47.978,7.46177,7.46333,1.50,2.78
2013.03.27 10:48:48.075,7.46177,7.46333,1.50,2.78
2013.03.27 10:48:57.644,7.46178,7.46343,1.50,3.15
2013.03.27 10:48:57.952,7.46217,7.46343,1.50,3.15
2013.03.27 10:48:58.633,7.46217,7.46343,1.50,3.15
2013.03.27 10:48:59.123,7.46217,7.46351,1.50,2.40
2013.03.27 10:49:00.946,7.46227,7.46376,1.50,1.13
2013.03.27 10:49:01.870,7.46227,7.46376,1.50,1.13
2013.03.27 10:49:01.950,7.46227,7.46376,1.50,1.13
2013.03.27 10:49:05.805,7.46237,7.46378,1.13,3.00
2013.03.27 10:49:06.054,7.4626,7.46387,1.13,3.00
2013.03.27 10:49:06.113,7.4626,7.46387,1.13,2.25
2013.03.27 10:49:06.179,7.4626,7.46403,1.13,1.50
2013.03.27 10:49:06.245,7.4626,7.46374,1.13,2.10
2013.03.27 10:49:06.314,7.46247,7.46374,1.50,2.48
2013.03.27 10:49:06.434,7.46209,7.46373,1.50,1.73
2013.03.27 10:49:07.364,7.46228,7.46365,1.50,1.50
2013.03.27 10:49:07.965,7.46201,7.46365,1.50,1.50
2013.03.27 10:49:08.780,7.46201,7.46365,1.50,1.50
2013.03.27 10:49:10.874,7.46208,7.46382,1.65,2.78
2013.03.27 10:49:10.934,7.46208,7.46398,1.65,3.15
2013.03.27 10:49:11.065,7.46205,7.46389,1.65,3.15
2013.03.27 10:49:11.194,7.46202,7.46389,1.65,2.40
2013.03.27 10:49:11.255,7.46225,7.46406,1.50,1.13
2013.03.27 10:49:12.546,7.46225,7.46406,1.50,1.13
2013.03.27 10:49:12.995,7.46228,7.4639,1.50,1.13
2013.03.27 10:49:13.704,7.46228,7.4639,1.50,1.13
2013.03.27 10:49:14.764,7.46227,7.4639,1.50,1.13
2013.03.27 10:49:18.735,7.46227,7.4639,1.50,1.13
2013.03.27 10:49:19.845,7.46227,7.4639,1.50,1.13
2013.03.27 10:49:24.527,7.46228,7.4639,1.50,1.13
2013.03.27 10:49:24.595,7.46228,7.4639,1.50,1.13
2013.03.27 10:49:29.595,7.46227,7.46396,1.50,1.13
2013.03.27 10:49:29.844,7.46227,7.46396,1.50,1.13
2013.03.27 10:49:30.744,7.46228,7.46396,1.50,1.13
2013.03.27 10:49:34.634,7.46227,7.46396,1.50,1.13
2013.03.27 10:49:34.927,7.46228,7.46396,1.50,1.13
2013.03.27 10:49:38.395,7.46227,7.46398,1.65,2.40
2013.03.27 10:49:38.465,7.46247,7.46398,1.50,2.40
2013.03.27 10:49:38.534,7.46247,7.46399,1.50,1.65
2013.03.27 10:49:39.075,7.46258,7.4641,1.50,1.13
2013.03.27 10:49:39.214,7.46231,7.4641,1.50,1.13
2013.03.27 10:49:39.400,7.46231,7.46401,1.50,1.13
2013.03.27 10:49:40.815,7.46231,7.46401,1.50,1.13
2013.03.27 10:49:45.544,7.46231,7.46401,1.50,1.13
2013.03.27 10:49:45.664,7.46231,7.4641,1.50,1.13
2013.03.27 10:49:46.754,7.46238,7.4641,1.50,1.13
2013.03.27 10:49:50.559,7.46238,7.464,1.50,1.13
2013.03.27 10:49:50.684,7.46231,7.464,1.50,1.13
2013.03.27 10:49:57.974,7.46231,7.464,1.50,1.13
2013.03.27 10:49:58.145,7.46231,7.464,1.50,1.13
2013.03.27 10:49:58.703,7.46212,7.464,1.50,1.13
2013.03.27 10:49:58.764,7.46288,7.4642,1.50,1.73
2013.03.27 10:49:59.065,7.46287,7.46412,1.50,2.25
2013.03.27 10:49:59.204,7.46277,7.4641,1.50,1.13
2013.03.27 10:50:01.748,7.46242,7.4641,1.50,1.13
2013.03.27 10:50:02.755,7.46242,7.4641,1.50,1.13
2013.03.27 10:50:06.606,7.46242,7.4641,1.50,1.13
2013.03.27 10:50:06.915,7.46242,7.4641,1.50,1.13
2013.03.27 10:50:08.766,7.46237,7.4641,1.50,1.13
2013.03.27 10:50:16.363,7.46247,7.46406,1.50,1.13
2013.03.27 10:50:17.634,7.46234,7.46406,1.50,1.13
2013.03.27 10:50:17.875,7.46247,7.46406,1.50,1.13
2013.03.27 10:50:18.723,7.46234,7.46406,1.50,1.13
2013.03.27 10:50:22.674,7.46234,7.46406,1.50,1.13
2013.03.27 10:50:24.433,7.46234,7.46406,1.50,1.13
2013.03.27 10:50:24.614,7.46234,7.46406,1.50,1.13
2013.03.27 10:50:24.913,7.46225,7.46396,1.50,1.13
2013.03.27 10:50:26.773,7.46225,7.46396,1.50,1.13
2013.03.27 10:50:27.659,7.46225,7.46396,1.50,1.13
2013.03.27 10:50:28.221,7.4622,7.46396,1.13,1.13
2013.03.27 10:50:29.734,7.4622,7.46396,1.13,1.13
2013.03.27 10:50:33.654,7.4622,7.46396,1.13,1.13
2013.03.27 10:50:34.136,7.4622,7.46396,1.13,1.13
2013.03.27 10:50:34.794,7.4622,7.46396,1.13,1.13
2013.03.27 10:50:36.695,7.46257,7.46405,1.50,1.65
2013.03.27 10:50:36.766,7.46257,7.46405,1.50,1.65
2013.03.27 10:50:37.423,7.46257,7.4642,1.50,1.13
2013.03.27 10:50:37.724,7.46257,7.4642,1.50,1.13
2013.03.27 10:50:38.755,7.46258,7.4642,1.50,1.13
2013.03.27 10:50:42.155,7.46258,7.4642,1.50,1.13
2013.03.27 10:50:42.983,7.46234,7.4642,1.65,1.13
2013.03.27 10:50:43.104,7.46248,7.4642,1.50,1.13
2013.03.27 10:50:43.924,7.46247,7.4642,1.50,1.13
2013.03.27 10:50:44.584,7.46247,7.4642,1.50,1.13
2013.03.27 10:50:44.689,7.46247,7.4642,1.50,1.13
2013.03.27 10:50:45.375,7.46278,7.46422,1.13,3.00
2013.03.27 10:50:45.503,7.46356,7.46451,2.25,2.25
2013.03.27 10:50:45.563,7.46356,7.46492,2.25,1.58
2013.03.27 10:50:45.683,7.46338,7.46513,2.40,1.50
2013.03.27 10:50:45.744,7.46338,7.46518,2.25,1.46
2013.03.27 10:50:45.863,7.46286,7.46488,1.35,3.34
2013.03.27 10:50:46.045,7.46286,7.46465,1.35,2.44
2013.03.27 10:50:46.113,7.46288,7.46465,1.50,2.25
2013.03.27 10:50:46.174,7.46291,7.46503,3.00,3.15
2013.03.27 10:50:47.485,7.46291,7.46486,3.15,1.13
2013.03.27 10:50:47.794,7.46286,7.46486,1.50,1.13
2013.03.27 10:50:48.855,7.46286,7.46495,1.50,3.38
2013.03.27 10:50:49.525,7.46307,7.46495,1.65,1.13
2013.03.27 10:50:50.833,7.46314,7.46495,1.50,1.13
2013.03.27 10:50:51.903,7.46314,7.46495,1.50,1.13
2013.03.27 10:50:51.963,7.46314,7.46504,1.65,3.15
2013.03.27 10:50:54.634,7.46314,7.46504,1.65,3.15
2013.03.27 10:50:55.151,7.46314,7.46504,1.65,3.15
2013.03.27 10:50:55.683,7.46314,7.46504,1.65,3.15
2013.03.27 10:50:56.366,7.46338,7.46504,1.13,3.00
2013.03.27 10:50:56.614,7.46347,7.46543,1.50,3.15
2013.03.27 10:50:56.674,7.46353,7.46543,1.13,3.15
2013.03.27 10:50:56.855,7.4636,7.46554,1.13,2.40
2013.03.27 10:50:57.127,7.4636,7.46555,1.13,1.65
2013.03.27 10:51:05.802,7.46367,7.46563,1.65,1.65
2013.03.27 10:51:05.865,7.46396,7.46572,2.48,3.75
2013.03.27 10:51:06.134,7.46412,7.46592,1.50,2.78
2013.03.27 10:51:06.196,7.46398,7.46582,1.50,1.13
2013.03.27 10:51:06.324,7.46397,7.46581,1.65,1.13
2013.03.27 10:51:06.394,7.46397,7.46581,1.65,1.13
2013.03.27 10:51:07.398,7.46397,7.46581,1.65,1.13
2013.03.27 10:51:09.541,7.46397,7.46581,1.65,1.13
2013.03.27 10:51:10.585,7.46397,7.46581,1.65,1.13
2013.03.27 10:51:11.831,7.46397,7.46581,1.65,1.13
2013.03.27 10:51:17.344,7.46378,7.46581,1.65,1.13
2013.03.27 10:51:17.463,7.46417,7.46583,1.50,2.63
2013.03.27 10:51:17.584,7.46423,7.46616,1.50,1.65
2013.03.27 10:51:17.644,7.4643,7.4662,1.13,3.00
2013.03.27 10:51:17.823,7.46449,7.46633,1.13,1.65
2013.03.27 10:51:17.884,7.46449,7.46633,1.13,1.65
2013.03.27 10:51:18.568,7.46449,7.46632,1.13,1.50
2013.03.27 10:51:19.393,7.46463,7.46633,1.65,1.65
2013.03.27 10:51:21.894,7.46463,7.46651,1.50,3.15
2013.03.27 10:51:22.133,7.46468,7.46658,2.25,3.15
2013.03.27 10:51:22.705,7.46476,7.46666,1.65,3.15
2013.03.27 10:51:24.674,7.46487,7.4667,1.65,1.13
2013.03.27 10:51:25.516,7.46487,7.4667,1.65,1.13
2013.03.27 10:51:26.854,7.46487,7.4667,1.65,1.13
2013.03.27 10:51:29.299,7.46489,7.46672,3.00,2.25
2013.03.27 10:51:29.383,7.46478,7.4667,1.65,1.13
2013.03.27 10:51:29.893,7.46486,7.4667,1.65,1.13
2013.03.27 10:51:30.194,7.46486,7.4667,1.65,1.13
2013.03.27 10:51:35.614,7.46486,7.46675,1.65,1.65
2013.03.27 10:51:35.795,7.46479,7.46675,1.13,1.65
2013.03.27 10:51:36.060,7.4648,7.46683,2.40,1.65
2013.03.27 10:51:38.747,7.46504,7.46691,1.65,1.13
2013.03.27 10:51:39.643,7.46511,7.46701,1.50,3.15
2013.03.27 10:51:39.763,7.46516,7.46701,1.50,1.65
2013.03.27 10:51:44.224,7.46531,7.46715,1.65,1.13
2013.03.27 10:51:48.130,7.46537,7.46715,1.50,1.13
2013.03.27 10:51:49.032,7.46588,7.46776,4.13,1.13
2013.03.27 10:51:49.116,7.46575,7.4677,1.50,3.15
2013.03.27 10:51:49.424,7.46638,7.46778,2.25,3.00
2013.03.27 10:51:49.604,7.46641,7.46802,1.73,2.25
2013.03.27 10:51:49.785,7.46638,7.46801,2.85,1.50
2013.03.27 10:51:49.844,7.4664,7.46802,1.73,1.50
2013.03.27 10:51:49.905,7.4665,7.46831,1.73,1.50
2013.03.27 10:51:50.386,7.4665,7.4686,1.73,1.13
2013.03.27 10:51:50.454,7.4665,7.46837,1.35,1.13
2013.03.27 10:51:50.634,7.46648,7.46804,1.88,1.13
2013.03.27 10:51:50.754,7.46618,7.46801,1.50,1.13
2013.03.27 10:51:51.057,7.46604,7.46792,3.00,1.13
2013.03.27 10:51:51.365,7.46601,7.46784,1.35,1.13
2013.03.27 10:51:51.435,7.46601,7.4678,1.35,1.13
2013.03.27 10:51:51.644,7.46601,7.4679,1.50,1.13
2013.03.27 10:51:52.234,7.46601,7.46792,1.50,1.65
2013.03.27 10:51:52.356,7.46601,7.46802,1.50,1.65
2013.03.27 10:51:52.426,7.46608,7.46802,2.25,1.50
2013.03.27 10:51:52.496,7.46673,7.46805,2.10,2.25
2013.03.27 10:51:52.645,7.46687,7.46813,2.48,2.40
2013.03.27 10:51:52.714,7.46687,7.46845,1.88,1.13
2013.03.27 10:51:52.775,7.46667,7.46848,2.25,1.13
2013.03.27 10:51:52.953,7.4664,7.46841,2.40,1.13
2013.03.27 10:51:53.894,7.4664,7.46843,2.63,1.65
2013.03.27 10:52:03.926,7.46652,7.4685,2.40,1.13
2013.03.27 10:52:04.233,7.46743,7.46898,2.48,1.50
2013.03.27 10:52:04.295,7.46788,7.46899,2.03,1.50
2013.03.27 10:52:04.413,7.46788,7.46912,1.88,1.50
2013.03.27 10:52:04.533,7.46768,7.46912,1.50,1.50
2013.03.27 10:52:04.713,7.46768,7.46937,1.50,1.50
2013.03.27 10:52:05.484,7.46768,7.46937,1.50,1.50
2013.03.27 10:52:06.714,7.46768,7.46937,1.50,1.50
2013.03.27 10:52:07.977,7.46768,7.46943,1.50,1.50
2013.03.27 10:52:20.026,7.46768,7.46937,1.50,1.50
2013.03.27 10:52:23.174,7.46768,7.46937,1.50,1.50
2013.03.27 10:52:23.934,7.46771,7.46953,1.13,1.50
2013.03.27 10:52:23.994,7.46787,7.46953,1.13,1.50
2013.03.27 10:52:24.883,7.46797,7.4697,2.63,1.13
2013.03.27 10:52:24.971,7.46768,7.4697,1.50,1.13
2013.03.27 10:52:25.647,7.46787,7.46952,1.50,1.65
2013.03.27 10:52:25.958,7.46827,7.46977,1.88,1.65
2013.03.27 10:52:26.035,7.46789,7.46977,2.40,1.65
2013.03.27 10:52:26.105,7.46781,7.46967,1.65,1.65
2013.03.27 10:52:26.236,7.46769,7.46962,1.13,1.65
2013.03.27 10:52:27.705,7.46769,7.46953,1.13,1.65
2013.03.27 10:52:28.311,7.46769,7.46952,1.13,1.50
2013.03.27 10:52:30.193,7.46769,7.46945,1.13,1.50
2013.03.27 10:52:31.367,7.46769,7.46952,1.13,1.50
2013.03.27 10:52:32.685,7.46769,7.46945,1.13,1.50
2013.03.27 10:52:35.155,7.46769,7.46952,1.13,1.50
2013.03.27 10:52:36.165,7.46769,7.46945,1.13,1.50
2013.03.27 10:52:38.015,7.4676,7.46936,1.13,1.50
2013.03.27 10:52:38.773,7.4676,7.46936,1.13,1.50
2013.03.27 10:52:39.157,7.4676,7.46936,1.13,1.50
2013.03.27 10:52:42.659,7.46762,7.46943,1.13,1.50
2013.03.27 10:52:42.736,7.46787,7.4695,2.25,1.88
2013.03.27 10:52:42.865,7.46794,7.46963,1.13,1.13
2013.03.27 10:52:42.995,7.46774,7.46962,1.65,3.15
2013.03.27 10:52:44.623,7.4676,7.46938,1.13,1.50
2013.03.27 10:52:45.667,7.4676,7.46938,1.13,1.50
2013.03.27 10:52:50.345,7.4676,7.46938,1.13,1.50
2013.03.27 10:52:50.594,7.4676,7.46932,1.13,1.50
2013.03.27 10:52:51.667,7.4676,7.4693,1.13,1.50
2013.03.27 10:52:56.720,7.4676,7.4693,1.13,1.50
2013.03.27 10:53:00.607,7.46759,7.4693,1.13,1.50
2013.03.27 10:53:04.986,7.46797,7.4695,2.25,1.13
2013.03.27 10:53:05.055,7.46797,7.46953,2.25,1.13
2013.03.27 10:53:05.124,7.46797,7.46953,1.88,1.28
2013.03.27 10:53:06.403,7.46797,7.46952,2.25,1.50
2013.03.27 10:53:06.464,7.46797,7.46952,2.25,1.50
2013.03.27 10:53:06.523,7.46797,7.46961,3.00,1.50
2013.03.27 10:53:06.644,7.46787,7.46962,1.50,1.65
2013.03.27 10:53:06.765,7.46757,7.46966,1.65,1.13
2013.03.27 10:53:10.585,7.4678,7.46963,1.65,1.65
2013.03.27 10:53:13.334,7.4678,7.46944,1.65,1.65
2013.03.27 10:53:14.486,7.4678,7.46944,1.65,1.65
2013.03.27 10:53:15.976,7.4678,7.46963,1.65,1.65
2013.03.27 10:53:18.578,7.4678,7.46944,1.65,1.65
2013.03.27 10:53:19.612,7.4678,7.46944,1.65,1.65
2013.03.27 10:53:21.852,7.4678,7.46962,1.65,1.65
2013.03.27 10:53:22.819,7.4678,7.46944,1.65,1.65
2013.03.27 10:53:23.401,7.4678,7.46944,1.65,1.65
2013.03.27 10:53:24.963,7.4678,7.46944,1.65,1.65
2013.03.27 10:53:26.966,7.46774,7.46943,1.65,1.65
2013.03.27 10:53:27.984,7.46774,7.46943,1.65,1.65
2013.03.27 10:53:45.124,7.46774,7.46963,1.13,1.65
2013.03.27 10:53:45.305,7.46774,7.46971,1.13,1.65
2013.03.27 10:53:45.563,7.46788,7.46962,1.65,1.65
2013.03.27 10:53:51.759,7.46788,7.46956,1.65,1.50
2013.03.27 10:53:52.174,7.46788,7.46963,1.65,1.65
2013.03.27 10:53:52.354,7.46788,7.46956,1.65,1.50
2013.03.27 10:54:00.665,7.46775,7.46947,1.13,1.50
2013.03.27 10:54:01.943,7.46775,7.46947,1.13,1.50
2013.03.27 10:54:02.927,7.46775,7.46947,1.13,1.50
2013.03.27 10:54:04.906,7.46775,7.46947,1.13,1.50
2013.03.27 10:54:07.014,7.46775,7.46947,1.13,1.50
2013.03.27 10:54:07.904,7.46775,7.46947,1.13,1.50
2013.03.27 10:54:16.213,7.46774,7.46945,1.13,1.50
2013.03.27 10:54:16.805,7.46774,7.46945,1.13,1.50
2013.03.27 10:54:18.151,7.46774,7.46945,1.13,1.50
2013.03.27 10:54:23.735,7.46774,7.46945,1.13,1.50
2013.03.27 10:54:30.244,7.46774,7.46945,1.13,1.50
2013.03.27 10:54:36.984,7.46773,7.46943,1.13,1.50
2013.03.27 10:54:37.184,7.46773,7.46939,1.13,1.50
2013.03.27 10:54:38.154,7.46773,7.46939,1.13,1.50
2013.03.27 10:54:38.214,7.46773,7.46939,1.13,1.50
2013.03.27 10:54:39.660,7.46787,7.46949,2.25,1.50
2013.03.27 10:54:40.138,7.46787,7.46949,2.03,1.50
2013.03.27 10:54:40.207,7.46774,7.46949,1.13,1.50
2013.03.27 10:54:41.354,7.46774,7.46943,1.13,1.50
2013.03.27 10:54:41.746,7.46777,7.46949,2.78,1.50
2013.03.27 10:54:43.626,7.46777,7.46963,2.78,1.65
2013.03.27 10:54:44.039,7.46777,7.46963,2.78,1.65
2013.03.27 10:54:50.169,7.46777,7.46957,2.78,1.50
2013.03.27 10:54:51.806,7.46793,7.46957,1.13,1.50
2013.03.27 10:54:51.985,7.46796,7.46972,1.73,1.50
2013.03.27 10:54:52.048,7.4682,7.46984,1.13,1.50
2013.03.27 10:54:52.176,7.46818,7.46986,2.63,1.13
2013.03.27 10:54:52.244,7.46818,7.46993,2.63,1.13
2013.03.27 10:54:52.364,7.46796,7.46984,2.40,1.65
2013.03.27 10:54:52.485,7.4679,7.46982,1.65,2.40
2013.03.27 10:54:54.748,7.46774,7.46959,1.13,1.65
2013.03.27 10:55:03.684,7.46774,7.46949,1.13,1.50
2013.03.27 10:55:09.190,7.4677,7.46949,1.13,1.50
2013.03.27 10:55:14.474,7.4677,7.46949,1.13,1.50
2013.03.27 10:55:15.708,7.4677,7.46949,1.13,1.50
2013.03.27 10:55:25.326,7.4676,7.46939,1.13,1.50
2013.03.27 10:55:25.875,7.4676,7.46939,1.13,1.50
2013.03.27 10:55:26.708,7.4676,7.46939,1.13,1.50
2013.03.27 10:55:30.125,7.4676,7.46939,1.13,1.50
2013.03.27 10:55:41.484,7.4676,7.46931,1.13,1.13
2013.03.27 10:55:42.784,7.4676,7.46931,1.13,1.50
2013.03.27 10:55:50.238,7.4676,7.4693,1.13,1.13
2013.03.27 10:55:54.858,7.4675,7.46934,1.13,1.65
2013.03.27 10:55:54.923,7.4675,7.46934,1.13,1.65
2013.03.27 10:55:55.685,7.46768,7.46932,3.00,1.13
2013.03.27 10:55:56.194,7.4677,7.46952,1.13,1.65
2013.03.27 10:55:56.255,7.4677,7.46951,1.13,1.50
2013.03.27 10:55:57.684,7.4677,7.46951,1.13,1.50
2013.03.27 10:55:58.363,7.4677,7.46951,1.13,1.50
2013.03.27 10:55:59.715,7.4677,7.46951,1.13,1.50
2013.03.27 10:56:06.505,7.4677,7.46951,1.13,1.50
2013.03.27 10:56:09.004,7.4677,7.46958,3.38,1.65
2013.03.27 10:56:09.357,7.4677,7.46958,3.38,1.65
2013.03.27 10:56:11.374,7.46789,7.46958,1.13,1.50
2013.03.27 10:56:11.436,7.46789,7.46958,1.13,1.50
2013.03.27 10:56:12.219,7.46835,7.47003,1.13,1.50
2013.03.27 10:56:14.036,7.46835,7.47013,1.13,1.50
2013.03.27 10:56:20.154,7.46835,7.47022,1.13,1.65
2013.03.27 10:56:26.619,7.46835,7.47022,1.13,1.65
2013.03.27 10:56:26.907,7.46839,7.47022,1.13,1.50
2013.03.27 10:56:29.084,7.46857,7.47043,1.13,1.50
2013.03.27 10:56:29.384,7.46878,7.47046,3.00,1.50
2013.03.27 10:56:29.446,7.46864,7.47054,1.65,3.15
2013.03.27 10:56:30.176,7.46845,7.47054,1.13,3.15
2013.03.27 10:56:32.116,7.4684,7.47018,3.00,1.13
2013.03.27 10:56:32.304,7.4679,7.46962,1.13,2.25
2013.03.27 10:56:32.364,7.468,7.46963,2.40,2.25
2013.03.27 10:56:32.605,7.468,7.46962,2.40,1.75
2013.03.27 10:56:32.964,7.4679,7.46948,1.13,2.25
2013.03.27 10:56:33.025,7.46787,7.46943,2.25,1.50
2013.03.27 10:56:33.324,7.46778,7.4695,1.13,3.00
2013.03.27 10:56:34.674,7.46777,7.4695,2.25,3.00
2013.03.27 10:56:39.953,7.46768,7.4695,2.25,3.00
2013.03.27 10:56:40.714,7.46769,7.46942,1.13,2.25
2013.03.27 10:56:41.703,7.46758,7.46942,1.73,3.15
2013.03.27 10:56:42.643,7.46757,7.46942,2.85,3.00
2013.03.27 10:57:00.435,7.46758,7.46942,1.50,3.00
2013.03.27 10:57:00.495,7.46758,7.46929,1.50,2.25
2013.03.27 10:57:00.853,7.46758,7.46907,1.50,3.00
2013.03.27 10:57:00.913,7.46697,7.46907,2.63,3.00
2013.03.27 10:57:01.633,7.46697,7.46896,2.63,2.25
2013.03.27 10:57:01.936,7.46627,7.46831,1.50,2.25
2013.03.27 10:57:02.065,7.46631,7.46831,2.25,1.50
2013.03.27 10:57:03.208,7.46647,7.46853,1.50,2.25
2013.03.27 10:57:23.205,7.4664,7.46851,1.50,2.25
2013.03.27 10:57:30.883,7.46698,7.46851,2.10,3.00
2013.03.27 10:57:31.185,7.46748,7.46922,2.25,2.50
2013.03.27 10:57:38.916,7.46798,7.46922,1.88,1.75
2013.03.27 10:57:39.239,7.46798,7.46955,2.25,1.50
2013.03.27 10:57:39.458,7.46793,7.46965,1.50,1.13
2013.03.27 10:57:39.528,7.46792,7.46972,2.25,3.00
2013.03.27 10:57:39.597,7.46777,7.46965,2.40,1.13
2013.03.27 10:57:39.985,7.46766,7.46956,1.65,2.40
2013.03.27 10:57:43.405,7.46766,7.46953,1.13,1.50
2013.03.27 10:57:43.645,7.46801,7.46967,1.13,1.50
2013.03.27 10:57:44.795,7.46801,7.46967,1.13,1.50
2013.03.27 10:57:45.137,7.46801,7.46983,1.13,1.50
2013.03.27 10:57:45.386,7.46808,7.46983,2.78,1.50
2013.03.27 10:57:45.460,7.46817,7.46983,2.25,1.50
2013.03.27 10:57:45.646,7.46819,7.46987,1.13,1.50
2013.03.27 10:57:47.895,7.46819,7.46996,1.13,1.50
2013.03.27 10:57:49.107,7.4683,7.46997,1.13,1.50
2013.03.27 10:57:49.236,7.46918,7.47019,1.88,1.50
2013.03.27 10:57:49.305,7.46918,7.47043,1.88,2.25
2013.03.27 10:57:49.374,7.46918,7.47067,1.88,1.50
2013.03.27 10:57:49.494,7.46945,7.47093,1.13,1.88
2013.03.27 10:57:49.555,7.4692,7.47093,1.13,2.25
2013.03.27 10:57:49.614,7.4692,7.47093,1.13,2.25
2013.03.27 10:57:49.735,7.46949,7.47103,1.13,1.50
2013.03.27 10:57:49.795,7.46949,7.47102,1.13,1.88
2013.03.27 10:57:50.965,7.46958,7.47113,2.25,1.50
2013.03.27 10:57:53.121,7.46958,7.47121,2.25,1.50
2013.03.27 10:57:57.727,7.46957,7.47121,1.13,1.50
2013.03.27 10:57:57.855,7.46957,7.47122,1.13,1.50
2013.03.27 10:57:58.829,7.46947,7.47122,2.78,2.25
2013.03.27 10:57:59.338,7.46939,7.47123,1.13,2.40
2013.03.27 10:57:59.991,7.46939,7.47114,1.13,1.50
2013.03.27 10:58:00.506,7.46939,7.47114,1.13,1.50
2013.03.27 10:58:01.624,7.46939,7.47112,1.13,1.50
2013.03.27 10:58:01.966,7.46925,7.47078,1.50,1.73
2013.03.27 10:58:02.037,7.4686,7.47067,3.15,1.50
2013.03.27 10:58:02.855,7.46859,7.47058,1.13,3.15
2013.03.27 10:58:02.916,7.46857,7.47058,1.65,3.15
2013.03.27 10:58:03.967,7.46847,7.47038,1.65,1.65
2013.03.27 10:58:04.275,7.46847,7.47038,1.65,1.65
2013.03.27 10:58:06.865,7.46838,7.47029,1.65,1.65
2013.03.27 10:58:10.872,7.46855,7.47043,1.13,1.65
2013.03.27 10:58:10.935,7.46855,7.47043,1.13,1.65
2013.03.27 10:58:12.825,7.46865,7.47047,1.50,1.50
2013.03.27 10:58:12.946,7.46865,7.47003,1.50,2.10
2013.03.27 10:58:13.017,7.46817,7.46982,2.25,2.48
2013.03.27 10:58:13.147,7.46796,7.4698,1.50,1.35
2013.03.27 10:58:13.216,7.46769,7.46975,1.50,2.25
2013.03.27 10:58:13.666,7.46766,7.46961,1.65,1.13
2013.03.27 10:58:14.105,7.4676,7.46952,1.65,3.15
2013.03.27 10:58:14.616,7.46757,7.46951,1.65,1.13
2013.03.27 10:58:15.137,7.46762,7.46945,1.65,1.65
2013.03.27 10:58:15.595,7.46738,7.46945,3.75,1.50
2013.03.27 10:58:15.865,7.46758,7.46947,2.63,1.50
2013.03.27 10:58:16.225,7.46768,7.4695,2.63,1.50
2013.03.27 10:58:17.688,7.46779,7.46956,1.73,1.50
2013.03.27 10:58:17.760,7.46858,7.46977,2.03,3.00
2013.03.27 10:58:17.828,7.46858,7.47005,2.03,3.00
2013.03.27 10:58:17.957,7.46858,7.46981,1.88,1.13
2013.03.27 10:58:18.027,7.46828,7.46981,1.50,1.13
2013.03.27 10:58:18.157,7.46777,7.4698,1.65,1.13
2013.03.27 10:58:18.346,7.46778,7.46967,3.53,3.15
2013.03.27 10:58:18.656,7.46779,7.46967,1.13,3.15
2013.03.27 10:58:18.728,7.4678,7.46976,1.13,2.40
2013.03.27 10:58:18.867,7.46778,7.46976,2.78,2.40
2013.03.27 10:58:19.623,7.46768,7.46962,1.65,1.65
2013.03.27 10:58:20.578,7.46758,7.46952,1.65,1.65
2013.03.27 10:58:21.008,7.46768,7.46948,1.50,1.65
2013.03.27 10:58:21.196,7.46768,7.46941,1.50,1.65
2013.03.27 10:58:22.356,7.46768,7.46941,1.50,1.50
2013.03.27 10:58:22.595,7.46778,7.46959,2.63,1.50
2013.03.27 10:58:22.785,7.46756,7.46961,1.50,2.25
2013.03.27 10:58:24.506,7.46749,7.46961,1.13,3.38
2013.03.27 10:58:25.084,7.46771,7.46948,1.13,1.50
2013.03.27 10:58:25.264,7.46789,7.46958,1.13,1.95
2013.03.27 10:58:25.384,7.46789,7.46975,1.13,1.65
2013.03.27 10:58:26.205,7.46787,7.46963,2.63,1.13
2013.03.27 10:58:26.336,7.46767,7.46939,1.65,2.10
2013.03.27 10:58:26.405,7.46767,7.46938,1.65,1.65
2013.03.27 10:58:26.725,7.46772,7.46941,1.65,1.65
2013.03.27 10:58:27.225,7.46764,7.46935,1.65,1.65
2013.03.27 10:58:27.466,7.46754,7.46936,1.65,1.65
2013.03.27 10:58:27.686,7.46754,7.46936,1.65,1.65
2013.03.27 10:58:27.996,7.46746,7.4693,1.65,1.65
2013.03.27 10:58:47.845,7.46746,7.46922,1.65,1.65
2013.03.27 10:58:54.645,7.46744,7.46908,1.50,1.13
2013.03.27 10:58:55.213,7.46728,7.46896,1.50,1.50
2013.03.27 10:58:55.286,7.46728,7.46892,1.50,1.65
2013.03.27 10:58:55.957,7.46728,7.46892,1.50,1.65
2013.03.27 10:58:56.725,7.46728,7.46892,1.50,1.65
2013.03.27 10:59:04.216,7.46728,7.46872,1.50,2.85
2013.03.27 10:59:05.592,7.467,7.46859,1.13,1.65
2013.03.27 10:59:05.928,7.4669,7.46859,1.13,1.65
2013.03.27 10:59:06.697,7.4669,7.46859,1.13,1.65
2013.03.27 10:59:07.896,7.4671,7.46853,1.13,1.13
2013.03.27 10:59:07.970,7.46687,7.46853,1.88,3.00
2013.03.27 10:59:08.216,7.46672,7.46841,1.65,1.65
2013.03.27 10:59:09.771,7.46682,7.46846,1.65,1.65
2013.03.27 10:59:10.828,7.46682,7.46846,1.65,1.65
2013.03.27 10:59:25.974,7.4669,7.46846,1.13,1.65
2013.03.27 10:59:27.614,7.46682,7.46784,1.65,2.10
2013.03.27 10:59:27.925,7.4667,7.46793,1.28,1.88
2013.03.27 10:59:27.985,7.46667,7.46805,1.28,1.50
2013.03.27 10:59:28.046,7.46667,7.46801,1.28,3.00
2013.03.27 10:59:28.176,7.46681,7.46807,1.13,1.50
2013.03.27 10:59:28.246,7.46681,7.46816,1.13,1.50
2013.03.27 10:59:28.796,7.46691,7.46816,1.13,1.50
2013.03.27 10:59:28.865,7.46667,7.46816,1.88,1.50
2013.03.27 10:59:28.926,7.46657,7.46779,1.80,2.48
2013.03.27 10:59:29.055,7.46638,7.46779,1.88,2.48
2013.03.27 10:59:29.236,7.46618,7.46767,1.50,1.73
2013.03.27 10:59:29.305,7.46577,7.46761,2.40,1.50
2013.03.27 10:59:29.905,7.46591,7.46761,1.50,2.25
2013.03.27 10:59:31.664,7.46578,7.46757,1.65,1.65
2013.03.27 10:59:35.904,7.46583,7.46749,1.50,1.13
2013.03.27 10:59:36.265,7.46561,7.46733,1.88,1.65
2013.03.27 10:59:36.465,7.46561,7.46737,1.65,1.65
2013.03.27 10:59:36.897,7.46561,7.46749,1.50,2.25
2013.03.27 10:59:36.967,7.46561,7.46749,1.50,2.25
2013.03.27 10:59:37.095,7.466,7.4679,1.50,3.00
2013.03.27 10:59:37.545,7.46633,7.4679,2.33,3.00
2013.03.27 10:59:39.875,7.46665,7.46803,1.88,2.25
2013.03.27 10:59:39.934,7.46665,7.46844,1.88,1.50
2013.03.27 10:59:40.316,7.46674,7.46844,1.65,1.50
2013.03.27 10:59:40.874,7.46685,7.46844,2.85,1.50
2013.03.27 10:59:41.055,7.46685,7.46867,2.85,1.50
2013.03.27 10:59:41.296,7.46691,7.46867,2.25,1.50
2013.03.27 10:59:41.608,7.46737,7.46894,2.25,2.25
2013.03.27 10:59:41.735,7.46737,7.46933,3.53,1.50
2013.03.27 10:59:41.975,7.46748,7.46936,2.40,1.50
2013.03.27 10:59:43.126,7.46767,7.46936,2.78,1.50
2013.03.27 10:59:43.194,7.46768,7.46953,1.65,1.50
2013.03.27 10:59:43.316,7.46768,7.46953,1.65,1.50
2013.03.27 10:59:43.434,7.46768,7.46953,1.65,1.50
2013.03.27 10:59:44.706,7.46818,7.46976,2.03,2.25
2013.03.27 10:59:44.766,7.46818,7.46983,2.03,1.50
2013.03.27 10:59:44.895,7.46818,7.47008,2.78,1.50
2013.03.27 10:59:45.016,7.46908,7.47008,1.88,1.50
2013.03.27 10:59:45.195,7.46908,7.47027,2.03,1.50
2013.03.27 10:59:45.436,7.46918,7.47102,1.65,1.50
2013.03.27 10:59:45.964,7.46918,7.47106,1.65,1.50
2013.03.27 10:59:46.414,7.46938,7.47113,2.63,1.50
2013.03.27 10:59:47.116,7.46938,7.47133,2.63,1.50
2013.03.27 10:59:48.765,7.46957,7.47137,1.88,2.25
2013.03.27 10:59:48.825,7.46957,7.47138,1.88,1.50
2013.03.27 10:59:48.885,7.46957,7.47143,2.63,1.50
2013.03.27 10:59:50.854,7.46967,7.47148,2.63,3.00
2013.03.27 10:59:50.984,7.46967,7.47163,3.38,1.50
2013.03.27 10:59:54.777,7.46967,7.47149,2.63,1.50
2013.03.27 10:59:54.845,7.46945,7.47141,1.50,1.50
2013.03.27 10:59:54.978,7.46945,7.4714,1.50,2.25
2013.03.27 10:59:55.700,7.46944,7.47132,1.50,2.25
2013.03.27 10:59:56.225,7.46945,7.47132,1.13,2.25
2013.03.27 10:59:56.656,7.46945,7.47132,1.73,2.25
2013.03.27 10:59:56.725,7.46952,7.47133,1.35,1.50
2013.03.27 10:59:56.855,7.46962,7.47141,1.35,1.50
2013.03.27 10:59:56.975,7.46981,7.47149,1.54,1.50
2013.03.27 10:59:57.035,7.47013,7.47149,2.10,1.50
2013.03.27 10:59:57.285,7.47058,7.472,1.88,1.50
2013.03.27 10:59:57.546,7.47028,7.472,1.88,1.50
2013.03.27 10:59:57.670,7.47028,7.47212,2.63,1.50
2013.03.27 10:59:57.795,7.47019,7.47193,2.25,1.88
2013.03.27 10:59:57.855,7.47008,7.47193,1.50,1.88
2013.03.27 10:59:57.915,7.47008,7.47193,1.50,2.63
2013.03.27 10:59:58.904,7.47047,7.4719,1.88,2.25
2013.03.27 10:59:58.964,7.47047,7.47191,1.88,1.50
2013.03.27 10:59:59.205,7.47072,7.47208,2.10,2.25
2013.03.27 10:59:59.384,7.47118,7.47272,1.88,1.50
2013.03.27 10:59:59.446,7.47118,7.4729,1.88,1.50
2013.03.27 10:59:59.506,7.47118,7.4729,1.88,1.50
2013.03.27 10:59:59.693,7.47078,7.47213,1.50,1.35
2013.03.27 10:59:59.754,7.47055,7.47203,1.50,2.10
2013.03.27 10:59:59.814,7.47022,7.47203,1.73,2.10
2013.03.27 10:59:59.874,7.47006,7.47194,1.50,2.85
2013.03.27 10:59:59.933,7.46988,7.47194,2.25,2.85
