2017.09.27 02:00:00.364,9.30894,9.31326,1.00,1.56
2017.09.27 02:00:00.465,9.30894,9.31326,1.00,1.56
2017.09.27 02:00:00.567,9.30898,9.31326,1.00,1.56
2017.09.27 02:00:01.108,9.30897,9.31326,1.00,1.56
2017.09.27 02:00:01.439,9.30894,9.31326,1.00,1.56
2017.09.27 02:00:02.186,9.30894,9.31323,1.00,1.76
2017.09.27 02:00:02.700,9.30894,9.31326,1.00,1.56
2017.09.27 02:00:03.027,9.30894,9.31326,1.00,1.56
2017.09.27 02:00:03.201,9.30883,9.31317,1.00,1.56
2017.09.27 02:00:03.253,9.30883,9.31317,1.00,1.56
2017.09.27 02:00:04.383,9.30883,9.31317,1.00,1.56
2017.09.27 02:00:05.391,9.30883,9.31317,1.00,1.38
2017.09.27 02:00:05.679,9.30874,9.31306,1.00,1.56
2017.09.27 02:00:07.996,9.30874,9.31306,1.00,1.56
2017.09.27 02:00:08.301,9.30884,9.31302,1.00,1.01
2017.09.27 02:00:08.453,9.30884,9.31302,1.00,1.76
2017.09.27 02:00:08.978,9.30884,9.31306,1.00,1.56
2017.09.27 02:00:09.295,9.30874,9.31306,1.00,1.56
2017.09.27 02:00:12.137,9.30884,9.31306,1.00,1.56
2017.09.27 02:00:13.322,9.30894,9.31316,1.00,1.56
2017.09.27 02:00:16.813,9.30903,9.31327,1.00,1.56
2017.09.27 02:00:20.551,9.30894,9.31316,1.00,1.56
2017.09.27 02:00:22.901,9.30884,9.31316,1.00,1.56
2017.09.27 02:00:23.920,9.30884,9.31302,1.00,1.76
2017.09.27 02:00:24.076,9.30874,9.31296,1.00,1.56
2017.09.27 02:00:24.566,9.30874,9.31296,1.00,1.56
2017.09.27 02:00:24.873,9.30874,9.31296,1.00,1.56
2017.09.27 02:00:25.195,9.30874,9.31296,1.00,1.56
2017.09.27 02:00:25.717,9.30873,9.31307,1.00,1.56
2017.09.27 02:00:31.882,9.30874,9.31296,1.00,1.56
2017.09.27 02:00:36.793,9.30883,9.31307,1.00,1.56
2017.09.27 02:00:40.264,9.30874,9.31296,1.00,1.38
2017.09.27 02:00:41.440,9.30884,9.31306,1.00,1.56
2017.09.27 02:00:44.005,9.30874,9.31306,1.00,1.56
2017.09.27 02:00:45.178,9.30894,9.31316,1.00,1.56
2017.09.27 02:00:51.076,9.30884,9.31316,1.00,1.56
2017.09.27 02:00:54.667,9.30874,9.31306,1.00,1.56
2017.09.27 02:01:02.334,9.30874,9.31306,1.00,1.56
2017.09.27 02:01:02.560,9.30884,9.31306,1.00,1.56
2017.09.27 02:01:03.196,9.30884,9.31306,1.00,1.56
2017.09.27 02:01:04.773,9.30874,9.31296,1.00,1.38
2017.09.27 02:01:10.256,9.30874,9.31296,1.00,1.38
2017.09.27 02:01:10.889,9.30874,9.31296,1.00,1.38
2017.09.27 02:01:11.043,9.30874,9.31296,1.00,1.00
2017.09.27 02:01:11.462,9.30894,9.31316,1.00,1.56
2017.09.27 02:01:11.856,9.30894,9.31316,1.00,1.56
2017.09.27 02:01:12.206,9.30894,9.31316,1.00,1.56
2017.09.27 02:01:19.513,9.30904,9.31326,1.00,1.56
2017.09.27 02:01:20.067,9.30904,9.31321,1.00,1.88
2017.09.27 02:01:20.219,9.30904,9.31326,1.00,1.38
2017.09.27 02:01:20.321,9.30924,9.31346,1.00,1.56
2017.09.27 02:01:22.123,9.30924,9.31346,1.00,1.00
2017.09.27 02:01:22.555,9.30924,9.31346,1.00,1.38
2017.09.27 02:01:22.919,9.30934,9.31352,1.00,1.88
2017.09.27 02:01:23.497,9.30934,9.31351,1.00,1.88
2017.09.27 02:01:26.749,9.30934,9.31351,1.00,1.69
2017.09.27 02:01:26.799,9.30934,9.31351,1.00,1.50
2017.09.27 02:01:27.350,9.30934,9.31351,1.00,1.88
2017.09.27 02:01:27.786,9.30934,9.31351,1.00,1.88
2017.09.27 02:01:29.826,9.30944,9.31351,1.00,1.88
2017.09.27 02:01:31.021,9.30924,9.31351,1.00,1.88
2017.09.27 02:01:32.932,9.30924,9.31351,1.00,1.88
2017.09.27 02:01:34.361,9.30924,9.31351,1.00,1.69
2017.09.27 02:01:34.412,9.30924,9.31352,1.00,1.69
2017.09.27 02:01:34.907,9.30924,9.31351,1.00,2.25
2017.09.27 02:01:35.212,9.30924,9.31356,1.00,1.56
2017.09.27 02:01:35.313,9.30914,9.31346,1.00,1.56
2017.09.27 02:01:37.652,9.30934,9.31351,1.00,1.88
2017.09.27 02:01:51.712,9.30924,9.31356,1.00,1.56
2017.09.27 02:01:53.242,9.30924,9.31352,1.00,1.88
2017.09.27 02:01:53.990,9.30924,9.31356,1.00,1.56
2017.09.27 02:01:59.896,9.30914,9.31342,1.00,1.01
2017.09.27 02:02:01.039,9.30924,9.31356,1.00,1.56
2017.09.27 02:02:01.693,9.30924,9.31356,1.00,1.56
2017.09.27 02:02:05.046,9.30924,9.31356,1.00,1.56
2017.09.27 02:02:06.180,9.30904,9.31336,1.00,1.56
2017.09.27 02:02:07.341,9.30904,9.31336,1.00,1.56
2017.09.27 02:02:10.243,9.30904,9.31336,1.00,1.56
2017.09.27 02:02:11.319,9.30884,9.31316,1.00,1.56
2017.09.27 02:02:15.346,9.30884,9.31316,1.00,1.56
2017.09.27 02:02:16.622,9.30884,9.31316,1.00,1.56
2017.09.27 02:02:18.963,9.30874,9.31306,1.00,1.38
2017.09.27 02:02:22.787,9.30874,9.31306,1.00,1.56
2017.09.27 02:02:23.308,9.30874,9.31306,1.00,1.56
2017.09.27 02:02:24.106,9.30884,9.31316,1.00,1.56
2017.09.27 02:02:25.289,9.30874,9.31306,1.00,1.56
2017.09.27 02:02:37.376,9.30874,9.31306,1.00,1.75
2017.09.27 02:02:37.524,9.30874,9.31306,1.00,1.56
2017.09.27 02:02:37.864,9.30874,9.31306,1.00,1.56
2017.09.27 02:02:40.153,9.30884,9.31316,1.00,1.56
2017.09.27 02:02:41.332,9.30874,9.31306,1.00,1.56
2017.09.27 02:03:14.521,9.30874,9.31306,1.00,1.56
2017.09.27 02:03:15.071,9.30874,9.31306,1.00,1.75
2017.09.27 02:03:15.173,9.30874,9.31306,1.00,1.56
2017.09.27 02:03:15.492,9.30874,9.31306,1.00,1.56
2017.09.27 02:03:15.872,9.30884,9.31306,1.00,1.56
2017.09.27 02:03:17.273,9.30884,9.31306,1.00,1.38
2017.09.27 02:03:18.005,9.30884,9.31306,1.00,1.38
2017.09.27 02:03:19.376,9.30904,9.31326,1.00,1.56
2017.09.27 02:03:20.543,9.30884,9.31316,1.00,1.56
2017.09.27 02:03:26.228,9.30884,9.31313,1.00,1.01
2017.09.27 02:03:26.279,9.30874,9.31306,1.00,1.56
2017.09.27 02:03:26.330,9.30874,9.31306,1.00,1.56
2017.09.27 02:03:27.213,9.30874,9.31306,1.00,1.38
2017.09.27 02:03:27.963,9.30874,9.31306,1.00,1.56
2017.09.27 02:03:28.666,9.30884,9.31306,1.00,1.56
2017.09.27 02:03:46.124,9.30874,9.31296,1.00,1.56
2017.09.27 02:04:05.318,9.30884,9.31316,1.00,1.56
2017.09.27 02:04:06.478,9.30874,9.31296,1.00,1.38
2017.09.27 02:04:08.563,9.30874,9.31306,1.00,1.56
2017.09.27 02:04:09.123,9.30884,9.31306,1.00,1.56
2017.09.27 02:04:16.510,9.30874,9.31306,1.00,1.56
2017.09.27 02:04:19.952,9.30884,9.31306,1.00,1.56
2017.09.27 02:04:24.987,9.30884,9.31306,1.00,1.56
2017.09.27 02:04:29.337,9.30874,9.31306,1.00,1.56
2017.09.27 02:04:35.996,9.30874,9.31296,1.00,1.38
2017.09.27 02:04:52.010,9.30884,9.31306,1.00,1.56
2017.09.27 02:04:54.339,9.30874,9.31296,1.00,1.56
2017.09.27 02:05:00.437,9.30874,9.31296,1.00,1.56
2017.09.27 02:05:06.783,9.30874,9.31296,1.00,1.56
2017.09.27 02:05:07.173,9.30874,9.31296,1.00,1.56
2017.09.27 02:05:07.995,9.30864,9.31296,1.00,1.56
2017.09.27 02:05:09.207,9.30874,9.31291,1.00,1.88
2017.09.27 02:05:11.563,9.30864,9.31291,1.00,1.88
2017.09.27 02:05:21.803,9.30874,9.31291,1.00,1.88
2017.09.27 02:05:22.977,9.30864,9.31291,1.00,1.88
2017.09.27 02:05:24.177,9.30874,9.31291,1.00,1.88
2017.09.27 02:05:27.747,9.30873,9.31291,1.00,1.88
2017.09.27 02:05:28.879,9.30864,9.31291,1.00,1.88
2017.09.27 02:05:29.474,9.30864,9.31291,1.00,1.69
2017.09.27 02:05:29.577,9.30864,9.31291,1.00,1.50
2017.09.27 02:05:30.074,9.30864,9.31291,1.00,1.88
2017.09.27 02:05:30.387,9.30864,9.31291,1.00,1.88
2017.09.27 02:05:31.239,9.30873,9.31291,1.00,1.88
2017.09.27 02:05:34.067,9.30884,9.31292,1.00,1.88
2017.09.27 02:05:35.193,9.30884,9.31291,1.00,1.88
2017.09.27 02:05:35.244,9.30878,9.31291,1.00,1.88
2017.09.27 02:05:35.545,9.30874,9.31291,1.00,1.88
2017.09.27 02:05:43.380,9.30874,9.31291,1.00,1.69
2017.09.27 02:05:43.431,9.30874,9.31291,1.00,1.50
2017.09.27 02:05:43.967,9.30874,9.31291,1.00,1.88
2017.09.27 02:05:44.527,9.30874,9.31291,1.00,1.88
2017.09.27 02:05:49.204,9.30868,9.31291,1.00,1.88
2017.09.27 02:05:53.171,9.30874,9.31291,1.00,1.88
2017.09.27 02:05:54.246,9.30868,9.31291,1.00,1.88
2017.09.27 02:05:59.191,9.30874,9.31291,1.00,1.88
2017.09.27 02:06:00.344,9.30868,9.31286,1.00,1.38
2017.09.27 02:06:17.058,9.30878,9.31291,1.00,1.88
2017.09.27 02:06:19.335,9.30874,9.31291,1.00,1.88
2017.09.27 02:06:19.386,9.30878,9.31291,1.00,1.88
2017.09.27 02:06:20.121,9.30874,9.31291,1.00,1.88
2017.09.27 02:06:31.405,9.30868,9.31286,1.00,1.38
2017.09.27 02:06:32.550,9.30874,9.31291,1.00,1.88
2017.09.27 02:06:34.848,9.30874,9.31292,1.00,1.88
2017.09.27 02:06:41.907,9.30874,9.31291,1.00,1.88
2017.09.27 02:06:46.925,9.30864,9.31286,1.00,1.38
2017.09.27 02:06:48.035,9.30874,9.31291,1.00,1.88
2017.09.27 02:06:51.093,9.30868,9.31286,1.00,1.38
2017.09.27 02:06:56.982,9.30874,9.31291,1.00,1.88
2017.09.27 02:06:58.164,9.30864,9.31286,1.00,1.38
2017.09.27 02:07:00.027,9.30867,9.31283,1.00,1.38
2017.09.27 02:07:10.395,9.30874,9.31283,1.00,1.38
2017.09.27 02:07:11.618,9.30868,9.31283,1.00,1.38
2017.09.27 02:07:12.938,9.30867,9.31283,1.00,1.38
2017.09.27 02:07:25.501,9.30867,9.31283,1.00,1.19
2017.09.27 02:07:25.552,9.30867,9.31283,1.00,1.19
2017.09.27 02:07:25.754,9.30867,9.31283,1.00,1.38
2017.09.27 02:07:26.094,9.30867,9.31283,1.00,1.38
2017.09.27 02:07:26.398,9.30867,9.31283,1.00,1.38
2017.09.27 02:07:28.243,9.30867,9.31276,1.00,1.38
2017.09.27 02:07:28.344,9.30854,9.31271,1.00,1.88
2017.09.27 02:07:29.351,9.30854,9.31258,1.00,1.38
2017.09.27 02:07:29.404,9.30842,9.31258,1.00,1.38
2017.09.27 02:07:29.959,9.30842,9.31258,1.00,1.38
2017.09.27 02:07:30.485,9.30842,9.31258,1.00,1.38
2017.09.27 02:07:31.062,9.30842,9.31258,1.00,1.38
2017.09.27 02:07:31.644,9.30842,9.31258,1.00,1.38
2017.09.27 02:07:32.685,9.30842,9.31258,1.00,1.38
2017.09.27 02:07:33.246,9.30842,9.31258,1.00,1.38
2017.09.27 02:07:34.159,9.30842,9.31258,1.00,1.38
2017.09.27 02:07:34.675,9.30842,9.31258,1.00,1.38
2017.09.27 02:07:40.943,9.30842,9.31258,1.00,1.38
2017.09.27 02:07:42.354,9.30842,9.31258,1.00,1.38
2017.09.27 02:07:43.376,9.30842,9.31258,1.00,1.38
2017.09.27 02:07:45.193,9.30842,9.31258,1.00,1.38
2017.09.27 02:07:45.717,9.30842,9.31258,1.00,1.38
2017.09.27 02:07:52.887,9.30842,9.31258,1.00,1.38
2017.09.27 02:07:53.471,9.30842,9.31258,1.00,1.38
2017.09.27 02:07:59.219,9.30842,9.31258,1.00,1.00
2017.09.27 02:08:00.211,9.30842,9.31258,1.00,1.38
2017.09.27 02:08:00.561,9.30842,9.31258,1.00,1.38
2017.09.27 02:08:23.394,9.30844,9.31258,1.00,1.38
2017.09.27 02:08:44.152,9.30844,9.31266,1.00,1.38
2017.09.27 02:08:53.095,9.30838,9.31256,1.00,1.38
2017.09.27 02:08:57.008,9.30848,9.31256,1.00,1.56
2017.09.27 02:09:17.158,9.30838,9.31256,1.00,1.56
2017.09.27 02:09:44.273,9.30848,9.31256,1.00,1.56
2017.09.27 02:09:58.367,9.30848,9.31286,1.00,1.74
2017.09.27 02:09:58.468,9.30848,9.31271,1.00,2.42
2017.09.27 02:09:58.779,9.30838,9.31271,1.00,2.42
2017.09.27 02:09:58.974,9.30837,9.31301,1.00,1.56
2017.09.27 02:09:59.335,9.30838,9.31301,1.00,1.56
2017.09.27 02:09:59.822,9.30838,9.31285,1.00,1.56
2017.09.27 02:10:22.039,9.30838,9.31284,1.00,1.74
2017.09.27 02:10:22.203,9.30838,9.31271,1.00,2.42
2017.09.27 02:10:22.721,9.30837,9.31296,1.00,1.93
2017.09.27 02:10:22.773,9.30838,9.31296,1.00,1.56
2017.09.27 02:10:23.104,9.30838,9.31296,1.00,1.56
2017.09.27 02:10:25.894,9.30838,9.31296,1.00,1.74
2017.09.27 02:10:26.046,9.30838,9.31271,1.00,2.42
2017.09.27 02:10:26.545,9.30837,9.31296,1.00,1.56
2017.09.27 02:10:26.959,9.30838,9.31296,1.00,1.56
2017.09.27 02:10:39.891,9.30838,9.31296,1.00,1.74
2017.09.27 02:10:40.055,9.30837,9.31272,1.00,2.42
2017.09.27 02:10:40.445,9.30838,9.31296,1.00,1.93
2017.09.27 02:10:40.755,9.30838,9.31296,1.00,1.56
2017.09.27 02:10:41.359,9.30838,9.31296,1.00,1.56
2017.09.27 02:10:47.077,9.30828,9.31246,1.00,1.38
2017.09.27 02:11:00.272,9.30824,9.31246,1.00,1.38
2017.09.27 02:11:01.950,9.30824,9.31246,1.00,1.38
2017.09.27 02:11:20.870,9.30824,9.31246,1.00,1.38
2017.09.27 02:11:23.753,9.30824,9.31246,1.00,1.38
2017.09.27 02:11:26.835,9.30834,9.31256,1.00,1.56
2017.09.27 02:11:37.458,9.30834,9.31253,1.00,1.01
2017.09.27 02:11:38.289,9.30834,9.31256,1.00,1.56
2017.09.27 02:11:49.328,9.30824,9.31246,1.00,1.56
2017.09.27 02:11:50.458,9.30834,9.31256,1.00,1.56
2017.09.27 02:12:02.496,9.30834,9.31252,1.00,1.01
2017.09.27 02:12:02.648,9.30834,9.31252,1.00,1.76
2017.09.27 02:12:03.212,9.30834,9.31256,1.00,1.56
2017.09.27 02:12:03.540,9.30834,9.31256,1.00,1.56
2017.09.27 02:12:04.098,9.30834,9.31252,1.00,1.01
2017.09.27 02:12:04.200,9.30834,9.31252,1.00,1.76
2017.09.27 02:12:04.352,9.30834,9.31256,1.00,1.56
2017.09.27 02:12:04.643,9.30834,9.31256,1.00,1.75
2017.09.27 02:12:05.072,9.30834,9.31256,1.00,1.56
2017.09.27 02:12:40.526,9.30824,9.31246,1.00,1.38
2017.09.27 02:12:40.849,9.30824,9.31246,1.00,1.56
2017.09.27 02:12:41.319,9.30824,9.31246,1.00,1.56
2017.09.27 02:12:41.826,9.30824,9.31246,1.00,1.75
2017.09.27 02:12:41.986,9.30824,9.31246,1.00,1.56
2017.09.27 02:12:42.296,9.30824,9.31246,1.00,1.56
2017.09.27 02:12:47.608,9.30834,9.31256,1.00,1.56
2017.09.27 02:12:48.776,9.30824,9.31246,1.00,1.56
2017.09.27 02:12:49.492,9.30823,9.31247,1.00,1.24
2017.09.27 02:12:50.000,9.30834,9.31256,1.00,1.24
2017.09.27 02:12:55.107,9.30824,9.31246,1.00,1.24
2017.09.27 02:13:48.881,9.30824,9.31246,1.00,1.56
2017.09.27 02:13:48.932,9.30824,9.31246,1.00,1.56
2017.09.27 02:13:49.481,9.30824,9.31246,1.00,1.56
2017.09.27 02:13:50.114,9.30824,9.31246,1.00,1.56
2017.09.27 02:13:59.699,9.30817,9.31286,1.00,1.56
2017.09.27 02:14:05.220,9.30817,9.31252,1.00,1.01
2017.09.27 02:14:05.271,9.30817,9.31252,1.00,1.76
2017.09.27 02:14:06.774,9.30817,9.31252,1.00,1.20
2017.09.27 02:14:06.825,9.30817,9.31286,1.00,1.56
2017.09.27 02:14:48.875,9.30817,9.31252,1.00,1.01
2017.09.27 02:14:48.926,9.30816,9.31253,1.00,1.76
2017.09.27 02:14:49.368,9.30817,9.31252,1.00,1.20
2017.09.27 02:14:49.954,9.30817,9.31286,1.00,1.56
2017.09.27 02:14:51.596,9.30817,9.31276,1.00,1.56
2017.09.27 02:15:00.191,9.30817,9.31212,1.00,1.38
2017.09.27 02:15:00.494,9.30814,9.3123,1.00,1.56
2017.09.27 02:15:01.034,9.30814,9.3123,1.00,1.56
2017.09.27 02:15:01.379,9.30794,9.31208,1.00,1.38
2017.09.27 02:15:43.397,9.30794,9.31208,1.00,1.19
2017.09.27 02:15:43.557,9.30794,9.31208,1.00,1.00
2017.09.27 02:15:44.077,9.30794,9.31208,1.00,1.38
2017.09.27 02:15:44.417,9.30794,9.31208,1.00,1.38
2017.09.27 02:15:46.859,9.30792,9.31207,1.00,1.38
2017.09.27 02:15:48.018,9.30794,9.31208,1.00,1.38
2017.09.27 02:15:53.763,9.30792,9.31206,1.00,1.38
2017.09.27 02:15:54.896,9.30794,9.31208,1.00,1.38
2017.09.27 02:15:55.822,9.30794,9.31176,1.00,1.00
2017.09.27 02:15:56.076,9.30792,9.31176,1.00,1.00
2017.09.27 02:15:56.127,9.30792,9.31172,1.00,1.20
2017.09.27 02:15:56.534,9.30798,9.31196,1.00,1.38
2017.09.27 02:16:00.250,9.30792,9.31207,1.00,1.56
2017.09.27 02:16:01.335,9.30788,9.31207,1.00,1.56
2017.09.27 02:16:02.377,9.30787,9.31193,1.00,1.01
2017.09.27 02:16:02.444,9.30788,9.31192,1.00,1.76
2017.09.27 02:16:02.960,9.30788,9.31192,1.00,1.20
2017.09.27 02:16:03.011,9.30788,9.31207,1.00,1.56
2017.09.27 02:16:14.117,9.30783,9.31207,1.00,1.56
2017.09.27 02:16:59.092,9.30788,9.31207,1.00,1.38
2017.09.27 02:16:59.422,9.30783,9.31207,1.00,1.56
2017.09.27 02:17:00.185,9.30783,9.31207,1.00,1.56
2017.09.27 02:17:00.244,9.30778,9.31196,1.00,1.56
2017.09.27 02:17:01.422,9.30784,9.31206,1.00,1.56
2017.09.27 02:17:10.850,9.30784,9.31192,1.00,1.76
2017.09.27 02:17:11.382,9.30784,9.31192,1.00,1.20
2017.09.27 02:17:11.457,9.30784,9.31206,1.00,1.56
2017.09.27 02:17:12.763,9.30784,9.31192,1.00,1.01
2017.09.27 02:17:12.864,9.30784,9.31192,1.00,1.76
2017.09.27 02:17:13.444,9.30784,9.31192,1.00,1.20
2017.09.27 02:17:13.495,9.30784,9.31206,1.00,1.56
2017.09.27 02:17:14.105,9.30784,9.31206,1.00,1.56
2017.09.27 02:17:23.886,9.30784,9.31192,1.00,1.01
2017.09.27 02:17:23.988,9.30784,9.31192,1.00,1.76
2017.09.27 02:17:24.498,9.30784,9.31206,1.00,1.56
2017.09.27 02:17:25.057,9.30784,9.31206,1.00,1.56
2017.09.27 02:17:47.210,9.30784,9.31192,1.00,1.76
2017.09.27 02:17:47.711,9.30784,9.31206,1.00,1.56
2017.09.27 02:17:49.479,9.30774,9.31196,1.00,1.56
2017.09.27 02:17:50.640,9.30783,9.31207,1.00,1.56
2017.09.27 02:18:00.155,9.30783,9.31193,1.00,1.01
2017.09.27 02:18:00.257,9.30778,9.31196,1.00,1.56
2017.09.27 02:18:40.979,9.30774,9.31196,1.00,1.56
2017.09.27 02:18:42.289,9.30778,9.31196,1.00,1.56
2017.09.27 02:18:43.492,9.30784,9.31206,1.00,1.56
2017.09.27 02:18:49.312,9.30784,9.31206,1.00,1.56
2017.09.27 02:18:59.103,9.30788,9.31206,1.00,1.38
2017.09.27 02:19:00.261,9.30793,9.31217,1.00,1.56
2017.09.27 02:19:01.415,9.30793,9.31217,1.00,1.56
2017.09.27 02:19:11.110,9.30793,9.31217,1.00,1.56
2017.09.27 02:19:17.729,9.30783,9.31207,1.00,1.56
2017.09.27 02:19:18.920,9.30794,9.31216,1.00,1.56
2017.09.27 02:19:58.485,9.30784,9.31206,1.00,1.56
2017.09.27 02:19:59.107,9.30788,9.31206,1.00,1.38
2017.09.27 02:19:59.610,9.30794,9.31216,1.00,1.56
2017.09.27 02:20:00.791,9.30784,9.31206,1.00,1.56
2017.09.27 02:20:01.346,9.30784,9.31202,1.00,1.01
2017.09.27 02:20:01.398,9.30784,9.31203,1.00,1.76
2017.09.27 02:20:01.894,9.30784,9.31202,1.00,1.20
2017.09.27 02:20:02.236,9.30784,9.31206,1.00,1.56
2017.09.27 02:20:12.831,9.30778,9.31196,1.00,1.56
2017.09.27 02:20:14.006,9.30784,9.31206,1.00,1.56
2017.09.27 02:20:18.670,9.30784,9.31193,1.00,1.01
2017.09.27 02:20:19.232,9.30784,9.31206,1.00,1.56
2017.09.27 02:20:19.940,9.30784,9.31193,1.00,1.01
2017.09.27 02:20:20.476,9.30784,9.31206,1.00,1.56
2017.09.27 02:20:22.117,9.30784,9.31206,1.00,1.56
2017.09.27 02:20:22.863,9.30784,9.31206,1.00,1.56
2017.09.27 02:20:25.559,9.30784,9.31193,1.00,1.01
2017.09.27 02:20:26.103,9.30784,9.31206,1.00,1.83
2017.09.27 02:20:27.491,9.30784,9.31206,1.00,1.56
2017.09.27 02:20:27.992,9.30784,9.31206,1.00,1.56
2017.09.27 02:20:29.168,9.30784,9.31206,1.00,1.56
2017.09.27 02:20:29.677,9.30784,9.31206,1.00,1.83
2017.09.27 02:20:32.486,9.30784,9.31193,1.00,1.01
2017.09.27 02:20:33.092,9.30784,9.31206,1.00,1.56
2017.09.27 02:20:35.176,9.30784,9.31193,1.00,1.01
2017.09.27 02:20:35.707,9.30784,9.31206,1.00,1.56
2017.09.27 02:20:36.397,9.30784,9.31206,1.00,1.56
2017.09.27 02:20:37.040,9.30784,9.31192,1.00,1.01
2017.09.27 02:20:37.678,9.30784,9.31206,1.00,1.56
2017.09.27 02:20:38.226,9.30784,9.31206,1.00,1.56
2017.09.27 02:20:38.942,9.30784,9.31193,1.00,1.01
2017.09.27 02:20:39.697,9.30784,9.31206,1.00,1.56
2017.09.27 02:21:14.129,9.30768,9.31246,1.00,1.56
2017.09.27 02:21:16.070,9.30794,9.31216,1.00,1.56
2017.09.27 02:21:18.387,9.30794,9.31203,1.00,1.01
2017.09.27 02:21:18.540,9.30794,9.31202,1.00,1.76
2017.09.27 02:21:19.047,9.30794,9.31216,1.00,1.56
2017.09.27 02:21:19.429,9.30794,9.31216,1.00,1.56
2017.09.27 02:21:22.108,9.30784,9.31206,1.00,1.56
2017.09.27 02:21:23.269,9.30794,9.31216,1.00,1.56
2017.09.27 02:21:27.131,9.30784,9.31206,1.00,1.56
2017.09.27 02:21:28.287,9.30794,9.31216,1.00,1.56
2017.09.27 02:21:34.106,9.30784,9.31206,1.00,1.56
2017.09.27 02:21:35.256,9.30794,9.31216,1.00,1.56
2017.09.27 02:21:41.937,9.30794,9.31202,1.00,1.20
2017.09.27 02:21:43.187,9.30784,9.31192,1.00,1.20
2017.09.27 02:21:59.101,9.30784,9.31193,1.00,1.00
2017.09.27 02:21:59.152,9.30784,9.31202,1.00,1.20
2017.09.27 02:21:59.253,9.30784,9.31206,1.00,1.00
2017.09.27 02:21:59.355,9.30764,9.31212,1.00,1.20
2017.09.27 02:21:59.507,9.30764,9.31202,1.00,1.20
2017.09.27 02:22:00.505,9.30774,9.31202,1.00,1.20
2017.09.27 02:22:01.068,9.30774,9.31203,1.00,1.20
2017.09.27 02:22:01.221,9.30774,9.31216,1.00,1.00
2017.09.27 02:22:01.273,9.30774,9.31212,1.00,1.20
2017.09.27 02:22:01.579,9.30784,9.31212,1.00,1.20
2017.09.27 02:22:06.264,9.30774,9.31212,1.00,1.20
2017.09.27 02:22:07.092,9.30774,9.31202,1.00,1.20
2017.09.27 02:22:07.468,9.30784,9.31202,1.00,1.20
2017.09.27 02:22:10.042,9.30774,9.31202,1.00,1.20
2017.09.27 02:22:11.138,9.30774,9.31226,1.00,1.00
2017.09.27 02:22:11.257,9.30774,9.31212,1.00,1.20
2017.09.27 02:22:11.586,9.30774,9.31203,1.00,1.20
2017.09.27 02:22:12.134,9.30774,9.31212,1.00,1.20
2017.09.27 02:22:16.822,9.30784,9.31213,1.00,1.20
2017.09.27 02:22:17.768,9.30784,9.31202,1.00,1.20
2017.09.27 02:22:18.052,9.30774,9.31202,1.00,1.20
2017.09.27 02:22:18.894,9.30774,9.31216,1.00,1.00
2017.09.27 02:22:18.997,9.30774,9.31212,1.00,1.20
2017.09.27 02:22:20.675,9.30774,9.31202,1.00,1.20
2017.09.27 02:22:22.117,9.30774,9.31203,1.00,1.20
2017.09.27 02:22:22.168,9.30774,9.31226,1.00,1.00
2017.09.27 02:22:22.220,9.30774,9.31212,1.00,1.20
2017.09.27 02:22:26.978,9.30774,9.31202,1.00,1.20
2017.09.27 02:22:27.079,9.30774,9.31226,1.00,1.00
2017.09.27 02:22:27.181,9.30774,9.31212,1.00,1.20
2017.09.27 02:22:36.802,9.30774,9.31226,1.00,1.50
2017.09.27 02:22:36.853,9.30774,9.31212,1.00,1.20
2017.09.27 02:22:37.158,9.30754,9.31202,1.00,1.20
2017.09.27 02:22:37.403,9.30754,9.31193,1.00,1.00
2017.09.27 02:22:37.556,9.30754,9.31202,1.00,1.20
2017.09.27 02:22:37.607,9.30754,9.31193,1.00,1.20
2017.09.27 02:22:37.658,9.30754,9.31218,1.00,1.00
2017.09.27 02:22:37.709,9.30754,9.31202,1.00,1.20
2017.09.27 02:22:38.267,9.30754,9.31192,1.00,1.20
2017.09.27 02:22:40.728,9.30754,9.31193,1.00,1.20
2017.09.27 02:22:43.121,9.30754,9.31192,1.00,1.20
2017.09.27 02:22:43.425,9.30754,9.31216,1.00,1.00
2017.09.27 02:22:43.476,9.30754,9.31192,1.00,1.20
2017.09.27 02:22:44.742,9.30754,9.31216,1.00,1.00
2017.09.27 02:22:44.793,9.30754,9.31202,1.00,1.20
2017.09.27 02:22:45.137,9.30754,9.31192,1.00,1.20
2017.09.27 02:22:45.733,9.30744,9.31192,1.00,1.20
2017.09.27 02:22:51.119,9.30744,9.31206,1.00,1.00
2017.09.27 02:22:51.170,9.30744,9.31192,1.00,1.20
2017.09.27 02:23:01.003,9.30738,9.31192,1.00,1.20
2017.09.27 02:23:04.966,9.30734,9.31193,1.00,1.20
2017.09.27 02:23:10.787,9.30734,9.31192,1.00,1.20
2017.09.27 02:23:20.136,9.30744,9.31192,1.00,1.20
2017.09.27 02:23:21.318,9.30734,9.31192,1.00,1.20
2017.09.27 02:23:33.420,9.30743,9.31192,1.00,1.20
2017.09.27 02:23:34.606,9.30734,9.31192,1.00,1.20
2017.09.27 02:23:42.130,9.30734,9.31193,1.00,1.20
2017.09.27 02:23:43.717,9.30734,9.31192,1.00,1.20
2017.09.27 02:23:52.379,9.30744,9.31192,1.00,1.20
2017.09.27 02:23:52.632,9.30714,9.31193,1.00,1.20
2017.09.27 02:23:52.683,9.30718,9.31192,1.00,1.20
2017.09.27 02:23:53.723,9.30717,9.31193,1.00,1.20
2017.09.27 02:23:55.387,9.30728,9.31202,1.00,1.20
2017.09.27 02:24:06.668,9.30728,9.31192,1.00,1.20
2017.09.27 02:24:06.772,9.30727,9.31221,1.00,1.00
2017.09.27 02:24:06.874,9.30728,9.31202,1.00,1.20
2017.09.27 02:24:07.569,9.30728,9.31212,1.00,1.20
2017.09.27 02:24:11.115,9.30728,9.31202,1.00,1.20
2017.09.27 02:24:20.137,9.30768,9.31202,1.00,1.20
2017.09.27 02:24:20.659,9.30767,9.31203,1.00,1.20
2017.09.27 02:24:22.181,9.30768,9.31202,1.00,1.20
2017.09.27 02:24:36.235,9.30777,9.31203,1.00,1.20
2017.09.27 02:24:37.319,9.30778,9.31202,1.00,1.20
2017.09.27 02:24:40.996,9.30777,9.31203,1.00,1.20
2017.09.27 02:24:47.690,9.30788,9.31202,1.00,1.20
2017.09.27 02:24:47.741,9.30788,9.31232,1.00,1.00
2017.09.27 02:24:47.843,9.30798,9.31212,1.00,1.20
2017.09.27 02:24:50.568,9.30798,9.31223,1.00,1.00
2017.09.27 02:24:50.968,9.30807,9.31223,1.00,1.65
2017.09.27 02:24:52.017,9.30808,9.31222,1.00,1.20
2017.09.27 02:25:00.218,9.30798,9.31202,1.00,1.20
2017.09.27 02:25:00.321,9.30787,9.31203,1.00,1.20
2017.09.27 02:25:00.850,9.30788,9.31202,1.00,1.20
2017.09.27 02:25:02.111,9.30788,9.31192,1.00,1.20
2017.09.27 02:25:13.630,9.30777,9.31193,1.00,1.20
2017.09.27 02:25:13.681,9.30788,9.31192,1.00,1.20
2017.09.27 02:25:13.732,9.30778,9.31192,1.00,1.20
2017.09.27 02:25:13.783,9.30768,9.31192,1.00,1.20
2017.09.27 02:25:13.835,9.30778,9.31192,1.00,1.20
2017.09.27 02:25:16.853,9.30768,9.31192,1.00,1.20
2017.09.27 02:25:21.025,9.30778,9.31192,1.00,1.20
2017.09.27 02:25:36.948,9.30777,9.31193,1.00,1.27
2017.09.27 02:25:38.035,9.30778,9.31192,1.00,1.27
2017.09.27 02:25:55.635,9.30768,9.31182,1.00,1.09
2017.09.27 02:25:59.056,9.30767,9.31183,1.00,1.09
2017.09.27 02:26:00.211,9.30758,9.31162,1.00,1.20
2017.09.27 02:26:02.526,9.30768,9.31162,1.00,1.20
2017.09.27 02:26:02.577,9.30758,9.31162,1.00,1.20
2017.09.27 02:26:12.670,9.30778,9.31162,1.00,1.20
2017.09.27 02:26:12.721,9.30768,9.31162,1.00,1.20
2017.09.27 02:26:14.117,9.30767,9.31163,1.00,1.20
2017.09.27 02:26:35.263,9.30778,9.31162,1.00,1.20
2017.09.27 02:26:35.880,9.30768,9.31162,1.00,1.20
2017.09.27 02:26:52.618,9.30758,9.31162,1.00,1.20
2017.09.27 02:26:53.732,9.30757,9.31163,1.00,1.20
2017.09.27 02:26:58.101,9.30758,9.31162,1.00,1.20
2017.09.27 02:26:59.054,9.30758,9.31164,1.00,1.00
2017.09.27 02:26:59.610,9.30757,9.31164,1.00,1.00
2017.09.27 02:27:00.175,9.30758,9.31172,1.00,1.20
2017.09.27 02:27:12.992,9.30748,9.31172,1.00,1.20
2017.09.27 02:27:25.268,9.30748,9.31162,1.00,1.20
2017.09.27 02:27:26.458,9.30748,9.31186,1.00,1.75
2017.09.27 02:27:26.559,9.30748,9.31172,1.00,1.20
2017.09.27 02:27:26.938,9.30748,9.31162,1.00,1.20
2017.09.27 02:27:28.893,9.30758,9.31162,1.00,1.20
2017.09.27 02:27:29.248,9.30748,9.31162,1.00,1.20
2017.09.27 02:27:30.510,9.30748,9.31186,1.00,1.75
2017.09.27 02:27:30.561,9.30748,9.31172,1.00,1.20
2017.09.27 02:27:30.906,9.30748,9.31162,1.00,1.20
2017.09.27 02:27:30.957,9.30748,9.31172,1.00,1.20
2017.09.27 02:27:31.160,9.30748,9.31162,1.00,1.20
2017.09.27 02:27:31.277,9.30748,9.31186,1.00,1.75
2017.09.27 02:27:31.378,9.30748,9.31172,1.00,1.20
2017.09.27 02:27:31.730,9.30748,9.31172,1.00,1.57
2017.09.27 02:27:31.833,9.30738,9.31186,1.00,1.75
2017.09.27 02:27:31.884,9.30748,9.31172,1.00,1.20
2017.09.27 02:27:32.202,9.30748,9.31162,1.00,1.27
2017.09.27 02:27:41.032,9.30747,9.31163,1.00,1.27
2017.09.27 02:27:41.337,9.30758,9.31162,1.00,1.27
2017.09.27 02:27:41.388,9.30747,9.31186,1.00,1.75
2017.09.27 02:27:41.439,9.30748,9.31186,1.00,1.38
2017.09.27 02:27:41.490,9.30748,9.31172,1.00,1.20
2017.09.27 02:27:41.832,9.30747,9.31163,1.00,1.20
2017.09.27 02:27:41.933,9.30748,9.31186,1.00,1.75
2017.09.27 02:27:42.175,9.30748,9.31162,1.00,1.27
2017.09.27 02:27:45.270,9.30748,9.31152,1.00,1.20
2017.09.27 02:27:59.053,9.30748,9.31146,1.00,1.00
2017.09.27 02:28:02.048,9.30747,9.31156,1.00,1.00
2017.09.27 02:28:07.546,9.30737,9.31153,1.00,1.00
2017.09.27 02:28:08.293,9.30738,9.31152,1.00,1.12
2017.09.27 02:28:09.971,9.30738,9.31146,1.00,1.00
2017.09.27 02:28:16.646,9.30748,9.31156,1.00,1.37
2017.09.27 02:28:17.220,9.30748,9.31156,1.00,1.00
2017.09.27 02:28:17.583,9.30757,9.31156,1.00,1.00
2017.09.27 02:28:18.120,9.30758,9.31156,1.00,1.00
2017.09.27 02:28:40.337,9.30758,9.31162,1.00,1.27
2017.09.27 02:28:49.944,9.30758,9.31156,1.00,1.00
2017.09.27 02:28:51.114,9.30758,9.31162,1.00,1.27
2017.09.27 02:28:52.583,9.30758,9.31156,1.00,1.00
2017.09.27 02:28:55.294,9.30758,9.31162,1.00,1.27
2017.09.27 02:28:56.940,9.30748,9.31156,1.00,1.00
2017.09.27 02:28:58.934,9.30758,9.31156,1.00,1.00
2017.09.27 02:28:59.302,9.30758,9.31162,1.00,2.02
2017.09.27 02:29:00.453,9.30758,9.31156,1.00,1.00
2017.09.27 02:29:11.042,9.30758,9.31162,1.00,2.02
2017.09.27 02:29:13.691,9.30768,9.31162,1.00,1.27
2017.09.27 02:29:13.792,9.30758,9.31162,1.00,1.27
2017.09.27 02:29:13.945,9.30767,9.31163,1.00,1.27
2017.09.27 02:29:14.542,9.30768,9.31162,1.00,1.27
2017.09.27 02:29:40.971,9.30768,9.31166,1.00,1.00
2017.09.27 02:29:41.481,9.30768,9.31172,1.00,1.27
2017.09.27 02:29:42.610,9.30768,9.31166,1.00,1.00
2017.09.27 02:29:43.811,9.30768,9.31172,1.00,1.27
2017.09.27 02:30:03.222,9.30768,9.31166,1.00,1.00
2017.09.27 02:30:04.358,9.30768,9.31172,1.00,1.27
2017.09.27 02:30:09.965,9.30768,9.31166,1.00,1.00
2017.09.27 02:30:10.715,9.30778,9.31166,1.00,1.00
2017.09.27 02:30:10.996,9.30797,9.31186,1.00,1.00
2017.09.27 02:30:11.205,9.30797,9.31194,1.00,1.37
2017.09.27 02:30:11.307,9.30798,9.31171,1.00,1.00
2017.09.27 02:30:11.895,9.30797,9.31171,1.00,1.00
2017.09.27 02:30:12.409,9.30798,9.31171,1.00,1.00
2017.09.27 02:31:03.028,9.30788,9.31171,1.00,1.00
2017.09.27 02:31:03.370,9.30798,9.31171,1.00,1.00
2017.09.27 02:31:11.380,9.30798,9.31182,1.00,1.20
2017.09.27 02:31:24.159,9.30787,9.31183,1.00,1.20
2017.09.27 02:31:49.003,9.30778,9.31182,1.00,1.20
2017.09.27 02:31:49.054,9.30774,9.31182,1.00,1.76
2017.09.27 02:31:49.247,9.30768,9.31182,1.00,1.76
2017.09.27 02:31:49.841,9.30767,9.31183,1.00,1.76
2017.09.27 02:31:50.402,9.30768,9.31176,1.00,1.56
2017.09.27 02:31:55.732,9.30768,9.31176,1.00,1.00
2017.09.27 02:31:55.783,9.30758,9.31176,1.00,1.00
2017.09.27 02:31:55.884,9.30758,9.31176,1.00,1.19
2017.09.27 02:31:56.190,9.30768,9.31176,1.00,1.56
2017.09.27 02:32:15.846,9.30788,9.31172,1.00,1.46
2017.09.27 02:32:16.685,9.30804,9.31173,1.00,1.46
2017.09.27 02:32:18.096,9.30804,9.31172,1.00,1.46
2017.09.27 02:32:19.674,9.30804,9.31173,1.00,1.46
2017.09.27 02:32:30.434,9.30794,9.31173,1.00,1.46
2017.09.27 02:32:30.960,9.30794,9.31172,1.00,1.46
2017.09.27 02:32:31.595,9.30804,9.31172,1.00,1.46
2017.09.27 02:32:33.248,9.30794,9.31172,1.00,1.46
2017.09.27 02:32:34.441,9.30804,9.31172,1.00,1.46
2017.09.27 02:32:59.112,9.30804,9.31183,1.00,1.00
2017.09.27 02:32:59.163,9.30804,9.31183,1.00,1.62
2017.09.27 02:32:59.214,9.30804,9.31183,1.00,1.00
2017.09.27 02:32:59.497,9.30814,9.31183,1.00,1.31
2017.09.27 02:33:00.241,9.30814,9.31172,1.00,1.20
2017.09.27 02:33:00.666,9.30814,9.31183,1.00,1.00
2017.09.27 02:33:00.768,9.30814,9.31183,1.00,2.21
2017.09.27 02:33:01.276,9.30814,9.31183,1.00,1.00
2017.09.27 02:33:01.781,9.30814,9.31182,1.00,1.46
2017.09.27 02:33:03.057,9.30814,9.31183,1.00,1.31
2017.09.27 02:33:18.094,9.30814,9.31192,1.00,1.76
2017.09.27 02:33:18.297,9.30814,9.31182,1.00,1.46
2017.09.27 02:33:22.380,9.30814,9.31202,1.00,1.00
2017.09.27 02:33:22.431,9.30814,9.31192,1.00,1.57
2017.09.27 02:33:22.533,9.30804,9.31192,1.00,1.57
2017.09.27 02:33:23.056,9.30804,9.31183,1.00,1.46
2017.09.27 02:33:23.158,9.30804,9.31192,1.00,1.20
2017.09.27 02:33:23.278,9.30804,9.31192,1.00,1.39
2017.09.27 02:33:23.996,9.30804,9.31193,1.00,1.76
2017.09.27 02:33:31.147,9.30804,9.31182,1.00,1.46
2017.09.27 02:33:31.479,9.30813,9.31182,1.00,1.46
2017.09.27 02:33:36.016,9.30798,9.31182,1.00,1.46
2017.09.27 02:33:36.563,9.30808,9.31209,1.00,1.56
2017.09.27 02:33:36.892,9.30797,9.31203,1.00,1.56
2017.09.27 02:33:36.994,9.30798,9.31192,1.00,1.76
2017.09.27 02:33:37.202,9.30804,9.31202,1.00,1.56
2017.09.27 02:33:37.354,9.30804,9.31192,1.00,1.76
2017.09.27 02:33:37.753,9.30804,9.31202,1.00,1.00
2017.09.27 02:33:37.804,9.30804,9.31192,1.00,1.20
2017.09.27 02:33:38.069,9.30807,9.3121,1.00,1.00
2017.09.27 02:33:38.120,9.30808,9.31192,1.00,1.20
2017.09.27 02:33:38.375,9.30814,9.31209,1.00,1.00
2017.09.27 02:33:38.426,9.30814,9.31192,1.00,1.20
2017.09.27 02:33:38.774,9.30814,9.31192,1.00,1.57
2017.09.27 02:33:39.284,9.30814,9.31193,1.00,1.76
2017.09.27 02:33:39.533,9.30814,9.31193,1.00,1.20
2017.09.27 02:33:39.901,9.30814,9.31192,1.00,1.57
2017.09.27 02:33:41.424,9.30814,9.31192,1.00,1.20
2017.09.27 02:33:41.475,9.30817,9.31193,1.00,1.20
2017.09.27 02:33:41.835,9.30818,9.31192,1.00,1.57
2017.09.27 02:33:42.160,9.30818,9.31209,1.00,1.00
2017.09.27 02:33:42.211,9.30817,9.31193,1.00,1.27
2017.09.27 02:33:42.677,9.30818,9.31192,1.00,1.57
2017.09.27 02:33:59.114,9.30834,9.31192,1.00,1.57
2017.09.27 02:33:59.318,9.30834,9.31209,1.00,1.00
2017.09.27 02:34:02.985,9.30834,9.31251,1.00,1.00
2017.09.27 02:34:03.087,9.30834,9.31209,1.00,1.00
2017.09.27 02:34:03.683,9.30834,9.3121,1.00,1.00
2017.09.27 02:34:04.204,9.30834,9.31209,1.00,1.00
2017.09.27 02:34:06.107,9.30834,9.3121,1.00,1.00
2017.09.27 02:34:19.887,9.30834,9.31209,1.00,1.00
2017.09.27 02:34:34.108,9.30844,9.31209,1.00,1.00
2017.09.27 02:34:34.805,9.30844,9.3121,1.00,1.00
2017.09.27 02:34:50.895,9.30827,9.3121,1.00,1.00
2017.09.27 02:34:59.206,9.30828,9.31209,1.00,1.00
2017.09.27 02:35:10.449,9.30827,9.3121,1.00,1.00
2017.09.27 02:35:16.589,9.30828,9.31209,1.00,1.00
2017.09.27 02:35:59.104,9.30827,9.3121,1.00,1.00
2017.09.27 02:35:59.154,9.30828,9.31208,1.00,1.00
2017.09.27 02:35:59.205,9.30818,9.31208,1.00,1.00
2017.09.27 02:35:59.358,9.30817,9.31243,1.00,1.76
2017.09.27 02:35:59.462,9.30844,9.31243,1.00,1.76
2017.09.27 02:35:59.716,9.30818,9.31221,1.00,1.00
2017.09.27 02:35:59.768,9.30814,9.31221,1.00,1.00
2017.09.27 02:36:00.147,9.30814,9.31212,1.00,1.00
2017.09.27 02:36:00.467,9.30814,9.31202,1.00,1.76
2017.09.27 02:36:00.706,9.30805,9.31202,1.00,1.76
2017.09.27 02:36:20.960,9.30794,9.31196,1.00,1.56
2017.09.27 02:36:21.011,9.30794,9.31181,1.00,1.50
2017.09.27 02:36:21.061,9.30784,9.31182,1.00,1.50
2017.09.27 02:36:21.112,9.30788,9.31181,1.00,1.50
2017.09.27 02:36:21.427,9.30798,9.31181,1.00,1.50
2017.09.27 02:36:22.555,9.30793,9.31181,1.00,1.50
2017.09.27 02:36:23.380,9.30804,9.31181,1.00,1.50
2017.09.27 02:36:31.117,9.30804,9.31182,1.00,1.50
2017.09.27 02:36:31.791,9.30804,9.31181,1.00,1.50
2017.09.27 02:36:43.317,9.30804,9.31196,1.00,1.75
2017.09.27 02:36:43.368,9.30787,9.31193,1.00,1.20
2017.09.27 02:36:43.897,9.30788,9.31192,1.00,1.20
2017.09.27 02:36:44.587,9.30794,9.31192,1.00,1.20
2017.09.27 02:36:48.041,9.30794,9.31196,1.00,1.38
2017.09.27 02:36:48.143,9.30798,9.31196,1.00,1.38
2017.09.27 02:36:59.467,9.30808,9.31196,1.00,1.38
2017.09.27 02:37:00.708,9.30813,9.31196,1.00,1.38
2017.09.27 02:37:15.318,9.30813,9.31196,1.00,1.19
2017.09.27 02:37:15.472,9.30813,9.31196,1.00,1.00
2017.09.27 02:37:21.076,9.30813,9.31221,1.00,1.75
2017.09.27 02:37:29.529,9.30813,9.31263,1.00,1.56
2017.09.27 02:37:31.988,9.30813,9.31221,1.00,1.56
2017.09.27 02:37:32.090,9.30813,9.31222,1.00,1.00
2017.09.27 02:37:32.253,9.30813,9.31221,1.00,1.19
2017.09.27 02:37:32.775,9.30813,9.31221,1.00,1.75
2017.09.27 02:37:41.767,9.30813,9.31213,1.00,1.65
2017.09.27 02:37:42.453,9.30813,9.31212,1.00,1.65
2017.09.27 02:37:43.015,9.30813,9.31212,1.00,1.20
2017.09.27 02:37:49.438,9.30813,9.31222,1.00,1.38
2017.09.27 02:37:50.007,9.30813,9.31221,1.00,1.75
2017.09.27 02:37:52.053,9.30813,9.31212,1.00,1.20
2017.09.27 02:37:52.194,9.30813,9.31221,1.00,1.75
2017.09.27 02:37:53.445,9.30813,9.31222,1.00,1.75
2017.09.27 02:37:54.103,9.30813,9.31212,1.00,1.20
2017.09.27 02:37:57.922,9.30813,9.31212,1.00,1.20
2017.09.27 02:37:58.262,9.30813,9.31263,1.00,1.56
2017.09.27 02:37:58.442,9.30813,9.31263,1.00,1.56
2017.09.27 02:38:00.620,9.30808,9.31266,1.00,1.56
2017.09.27 02:38:03.019,9.30807,9.31213,1.00,1.01
2017.09.27 02:38:03.761,9.30808,9.31256,1.00,1.56
2017.09.27 02:38:05.617,9.30818,9.31256,1.00,1.56
2017.09.27 02:38:29.954,9.30818,9.31221,1.00,1.56
2017.09.27 02:38:30.005,9.30818,9.31221,1.00,1.56
2017.09.27 02:38:30.513,9.30818,9.31221,1.00,1.38
2017.09.27 02:38:34.741,9.30817,9.31222,1.00,1.75
2017.09.27 02:38:35.436,9.30818,9.31221,1.00,1.38
2017.09.27 02:38:36.428,9.30817,9.31222,1.00,1.75
2017.09.27 02:38:37.166,9.30818,9.31221,1.00,1.75
2017.09.27 02:38:39.390,9.30817,9.31222,1.00,1.38
2017.09.27 02:38:40.447,9.30818,9.31221,1.00,1.38
2017.09.27 02:38:41.987,9.30824,9.31221,1.00,1.38
2017.09.27 02:38:42.313,9.30827,9.31222,1.00,1.38
2017.09.27 02:38:42.897,9.30828,9.31221,1.00,1.38
2017.09.27 02:38:46.464,9.30828,9.31221,1.00,1.38
2017.09.27 02:38:46.814,9.30828,9.31221,1.00,1.38
2017.09.27 02:38:46.984,9.30828,9.31221,1.00,1.38
2017.09.27 02:38:57.065,9.30827,9.31222,1.00,1.38
2017.09.27 02:38:57.777,9.30828,9.31221,1.00,1.38
2017.09.27 02:39:00.643,9.30824,9.31221,1.00,1.38
2017.09.27 02:39:06.211,9.30824,9.31222,1.00,1.38
2017.09.27 02:39:09.647,9.30833,9.31222,1.00,1.38
2017.09.27 02:39:10.106,9.30817,9.31222,1.00,1.38
2017.09.27 02:39:10.368,9.30828,9.31221,1.00,1.38
2017.09.27 02:39:10.677,9.30834,9.31221,1.00,1.38
2017.09.27 02:39:23.332,9.30834,9.31222,1.00,1.38
2017.09.27 02:39:24.119,9.30834,9.31221,1.00,1.38
2017.09.27 02:39:33.097,9.30834,9.31222,1.00,1.38
2017.09.27 02:39:33.846,9.30834,9.31221,1.00,1.38
2017.09.27 02:39:34.688,9.30834,9.31222,1.00,1.38
2017.09.27 02:39:35.201,9.30834,9.31221,1.00,1.38
2017.09.27 02:39:35.775,9.30834,9.31222,1.00,1.38
2017.09.27 02:39:36.799,9.30834,9.31221,1.00,1.38
2017.09.27 02:39:40.101,9.30823,9.31221,1.00,1.38
2017.09.27 02:39:42.811,9.30823,9.31222,1.00,1.38
2017.09.27 02:39:43.553,9.30823,9.31221,1.00,1.38
2017.09.27 02:39:47.352,9.30814,9.31221,1.00,1.38
2017.09.27 02:39:48.696,9.30818,9.31221,1.00,1.38
2017.09.27 02:39:49.696,9.30824,9.31221,1.00,1.38
2017.09.27 02:39:56.927,9.30818,9.31221,1.00,1.38
2017.09.27 02:39:57.427,9.30824,9.31221,1.00,1.38
2017.09.27 02:40:00.093,9.30834,9.31221,1.00,1.38
2017.09.27 02:40:09.526,9.30824,9.31221,1.00,1.38
2017.09.27 02:40:14.324,9.30833,9.31221,1.00,1.38
2017.09.27 02:40:23.983,9.30838,9.31221,1.00,1.38
2017.09.27 02:40:24.296,9.30848,9.31221,1.00,1.38
2017.09.27 02:40:24.347,9.30858,9.31242,1.00,1.20
2017.09.27 02:40:24.658,9.30848,9.31233,1.00,1.75
2017.09.27 02:40:35.822,9.30858,9.31233,1.00,1.75
2017.09.27 02:40:36.820,9.30857,9.31233,1.00,1.50
2017.09.27 02:40:45.534,9.30858,9.31233,1.00,1.75
2017.09.27 02:40:55.898,9.30857,9.31233,1.00,1.50
2017.09.27 02:40:57.125,9.30858,9.31233,1.00,1.75
2017.09.27 02:40:58.083,9.30858,9.31233,1.00,1.56
2017.09.27 02:40:58.633,9.30858,9.31233,1.00,1.75
2017.09.27 02:41:01.681,9.30868,9.31233,1.00,1.38
2017.09.27 02:41:03.642,9.30867,9.31233,1.00,1.44
2017.09.27 02:41:13.551,9.30857,9.31233,1.00,1.44
2017.09.27 02:41:14.374,9.30858,9.31233,1.00,1.38
2017.09.27 02:41:30.870,9.30868,9.31276,1.00,1.56
2017.09.27 02:41:35.832,9.30878,9.31276,1.00,1.56
2017.09.27 02:41:35.884,9.30868,9.31276,1.00,1.56
2017.09.27 02:41:39.100,9.30878,9.31276,1.00,1.56
2017.09.27 02:41:40.047,9.30868,9.31276,1.00,1.56
2017.09.27 02:41:59.100,9.30867,9.3126,1.00,1.38
2017.09.27 02:42:00.182,9.30868,9.31286,1.00,1.56
2017.09.27 02:42:17.414,9.30867,9.31243,1.00,1.01
2017.09.27 02:42:18.081,9.30868,9.31242,1.00,1.20
2017.09.27 02:42:21.625,9.30858,9.31242,1.00,1.20
2017.09.27 02:43:32.316,9.30868,9.31286,1.00,1.56
2017.09.27 02:43:32.622,9.30868,9.31252,1.00,1.20
2017.09.27 02:43:52.794,9.30858,9.31252,1.00,1.20
2017.09.27 02:43:59.074,9.30857,9.31287,1.00,1.75
2017.09.27 02:43:59.125,9.30858,9.31259,1.00,1.38
2017.09.27 02:44:00.178,9.30858,9.31242,1.00,1.57
2017.09.27 02:44:00.567,9.30847,9.31243,1.00,1.20
2017.09.27 02:44:04.637,9.30848,9.31242,1.00,1.20
2017.09.27 02:44:59.109,9.30847,9.31253,1.00,1.38
2017.09.27 02:45:00.334,9.30848,9.31232,1.00,1.20
2017.09.27 02:45:36.716,9.30847,9.31233,1.00,1.20
2017.09.27 02:45:37.540,9.30848,9.31232,1.00,1.20
2017.09.27 02:45:59.102,9.30848,9.31252,1.00,1.38
2017.09.27 02:45:59.153,9.30857,9.31286,1.00,1.83
2017.09.27 02:45:59.903,9.30858,9.31286,1.00,1.56
2017.09.27 02:46:00.302,9.30858,9.31232,1.00,1.20
2017.09.27 02:46:03.888,9.30848,9.31232,1.00,1.20
2017.09.27 02:46:16.651,9.30858,9.31232,1.00,1.20
2017.09.27 02:46:59.100,9.30858,9.31259,1.00,1.38
2017.09.27 02:46:59.853,9.30868,9.31274,1.00,1.56
2017.09.27 02:47:00.528,9.30867,9.31274,1.00,1.56
2017.09.27 02:47:01.117,9.30868,9.31242,1.00,1.20
2017.09.27 02:47:01.819,9.30858,9.31242,1.00,1.20
2017.09.27 02:47:02.532,9.30857,9.31243,1.00,1.20
2017.09.27 02:47:03.065,9.30864,9.31242,1.00,1.20
2017.09.27 02:47:04.060,9.30864,9.31243,1.00,1.20
2017.09.27 02:47:04.539,9.30857,9.31243,1.00,1.20
2017.09.27 02:47:05.709,9.30864,9.31243,1.00,1.20
2017.09.27 02:47:14.198,9.30857,9.31243,1.00,1.20
2017.09.27 02:47:14.917,9.30858,9.31242,1.00,1.46
2017.09.27 02:47:28.722,9.30857,9.3126,1.00,1.38
2017.09.27 02:47:29.249,9.30858,9.31252,1.00,1.20
2017.09.27 02:47:47.570,9.30864,9.31252,1.00,1.20
2017.09.27 02:48:00.059,9.30864,9.31259,1.00,1.56
2017.09.27 02:48:00.161,9.30864,9.31259,1.00,1.56
2017.09.27 02:48:00.212,9.30858,9.31252,1.00,1.76
2017.09.27 02:48:00.808,9.30857,9.31253,1.00,1.20
2017.09.27 02:48:18.744,9.30858,9.31252,1.00,1.20
2017.09.27 02:48:48.843,9.30854,9.31252,1.00,1.75
2017.09.27 02:48:48.996,9.30854,9.31242,1.00,1.20
2017.09.27 02:48:49.785,9.30838,9.31242,1.00,1.56
2017.09.27 02:48:50.908,9.30837,9.31243,1.00,1.56
2017.09.27 02:48:58.033,9.30833,9.31232,1.00,1.57
2017.09.27 02:48:58.343,9.30833,9.31286,1.00,2.33
2017.09.27 02:49:01.704,9.30833,9.31276,1.00,1.56
2017.09.27 02:49:02.247,9.30833,9.31232,1.00,1.76
2017.09.27 02:49:02.796,9.30833,9.31232,1.00,1.20
2017.09.27 02:49:03.459,9.30833,9.31233,1.00,1.20
2017.09.27 02:49:04.071,9.30833,9.31232,1.00,1.20
2017.09.27 02:49:09.968,9.30833,9.31233,1.00,1.20
2017.09.27 02:49:11.342,9.30833,9.31232,1.00,1.20
2017.09.27 02:49:14.332,9.30818,9.31232,1.00,1.20
2017.09.27 02:49:14.834,9.30834,9.31232,1.00,1.20
2017.09.27 02:49:17.964,9.30838,9.31232,1.00,1.20
2017.09.27 02:49:32.586,9.30844,9.31276,1.00,1.56
2017.09.27 02:49:33.762,9.30838,9.31264,1.00,1.56
2017.09.27 02:49:42.215,9.30848,9.31264,1.00,1.56
2017.09.27 02:49:59.527,9.30858,9.31276,1.00,1.56
2017.09.27 02:50:03.772,9.30858,9.31232,1.00,1.76
2017.09.27 02:50:03.823,9.30847,9.31233,1.00,1.76
2017.09.27 02:50:04.322,9.30848,9.31232,1.00,1.20
2017.09.27 02:50:19.162,9.30847,9.31233,1.00,1.20
2017.09.27 02:50:19.720,9.30848,9.31232,1.00,1.20
2017.09.27 02:50:23.581,9.30858,9.31232,1.00,1.20
2017.09.27 02:50:31.175,9.30857,9.31233,1.00,1.20
2017.09.27 02:50:31.680,9.30858,9.31232,1.00,1.20
2017.09.27 02:50:32.474,9.30848,9.31232,1.00,1.20
2017.09.27 02:50:34.321,9.30858,9.31232,1.00,1.20
2017.09.27 02:50:38.253,9.30858,9.31232,1.00,1.76
2017.09.27 02:50:38.882,9.30858,9.31232,1.00,1.20
2017.09.27 02:50:45.175,9.30858,9.31232,1.00,1.76
2017.09.27 02:50:45.725,9.30858,9.31232,1.00,1.20
2017.09.27 02:50:59.467,9.30857,9.3126,1.00,1.38
2017.09.27 02:51:00.159,9.30858,9.31286,1.00,1.83
2017.09.27 02:51:05.307,9.30858,9.31242,1.00,1.01
2017.09.27 02:51:05.482,9.30858,9.31242,1.00,1.76
2017.09.27 02:51:06.148,9.30858,9.31242,1.00,1.20
2017.09.27 02:51:40.641,9.30848,9.31242,1.00,1.20
2017.09.27 02:51:57.319,9.30858,9.31242,1.00,1.20
2017.09.27 02:51:59.855,9.30857,9.31253,1.00,1.01
2017.09.27 02:52:00.385,9.30858,9.31242,1.00,1.20
2017.09.27 02:52:23.446,9.30848,9.31242,1.00,1.20
2017.09.27 02:52:24.704,9.30848,9.31242,1.00,1.76
2017.09.27 02:52:25.221,9.30848,9.31242,1.00,1.20
2017.09.27 02:52:59.102,9.30858,9.31259,1.00,1.38
2017.09.27 02:53:00.171,9.30857,9.31276,1.00,1.83
2017.09.27 02:53:00.891,9.30858,9.31242,1.00,1.20
2017.09.27 02:53:01.935,9.30848,9.31242,1.00,1.20
2017.09.27 02:53:38.209,9.30848,9.31266,1.00,1.56
2017.09.27 02:53:45.313,9.30858,9.31266,1.00,1.56
2017.09.27 02:53:59.355,9.30868,9.31286,1.00,1.56
2017.09.27 02:53:59.896,9.30867,9.31296,1.00,1.56
2017.09.27 02:54:00.397,9.30868,9.31286,1.00,1.56
2017.09.27 02:54:05.331,9.30868,9.31252,1.00,1.01
2017.09.27 02:54:05.522,9.30868,9.31252,1.00,1.76
2017.09.27 02:54:06.043,9.30868,9.31252,1.00,1.20
2017.09.27 02:54:06.272,9.30863,9.31252,1.00,1.20
2017.09.27 02:54:37.602,9.30868,9.31287,1.00,1.83
2017.09.27 02:54:59.283,9.30867,9.3126,1.00,1.38
2017.09.27 02:55:00.312,9.30868,9.31296,1.00,1.56
2017.09.27 02:55:07.024,9.30868,9.31252,1.00,1.01
2017.09.27 02:55:07.126,9.30868,9.31252,1.00,1.76
2017.09.27 02:55:07.795,9.30868,9.31252,1.00,1.20
2017.09.27 02:55:14.351,9.30868,9.31242,1.00,1.20
2017.09.27 02:55:16.771,9.30868,9.31242,1.00,1.20
2017.09.27 02:55:35.742,9.30858,9.31284,1.00,1.56
2017.09.27 02:55:36.592,9.30858,9.31284,1.00,1.56
2017.09.27 02:55:37.267,9.30857,9.31284,1.00,1.56
2017.09.27 02:55:45.316,9.30858,9.31259,1.00,1.38
2017.09.27 02:55:45.665,9.30868,9.31296,1.00,1.56
2017.09.27 02:55:50.186,9.30858,9.31286,1.00,1.56
2017.09.27 02:56:00.286,9.30857,9.31286,1.00,1.56
2017.09.27 02:56:12.830,9.30858,9.31286,1.00,1.56
2017.09.27 02:56:13.972,9.30868,9.31286,1.00,1.56
2017.09.27 02:56:26.213,9.30867,9.31243,1.00,1.01
2017.09.27 02:56:26.264,9.30868,9.31242,1.00,1.76
2017.09.27 02:56:26.813,9.30868,9.31242,1.00,1.20
2017.09.27 02:57:12.463,9.30878,9.31259,1.37,1.38
2017.09.27 02:57:12.611,9.30878,9.31259,1.00,1.38
2017.09.27 02:57:16.644,9.30877,9.31258,1.00,1.75
2017.09.27 02:57:16.956,9.30884,9.31258,1.00,1.75
2017.09.27 02:57:18.143,9.30877,9.31258,1.00,1.75
2017.09.27 02:57:22.682,9.30883,9.31258,1.00,1.75
2017.09.27 02:57:31.169,9.30874,9.31258,1.00,1.75
2017.09.27 02:57:31.220,9.30878,9.31258,1.00,1.75
2017.09.27 02:57:32.317,9.30884,9.31258,1.00,1.75
2017.09.27 02:57:34.106,9.30884,9.31253,1.00,1.20
2017.09.27 02:57:43.165,9.30877,9.31253,1.00,1.20
2017.09.27 02:57:44.290,9.30884,9.31253,1.00,1.20
2017.09.27 02:57:45.371,9.30884,9.31258,1.00,1.75
2017.09.27 02:57:49.982,9.30878,9.31258,1.00,1.75
2017.09.27 02:57:50.481,9.30884,9.31258,1.00,1.75
2017.09.27 02:57:51.653,9.30878,9.31258,1.00,1.75
2017.09.27 02:57:52.832,9.30884,9.31258,1.00,1.75
2017.09.27 02:57:59.534,9.30888,9.31258,1.00,1.38
2017.09.27 02:57:59.585,9.30884,9.31258,1.00,1.38
2017.09.27 02:58:07.672,9.30888,9.31258,1.00,1.38
2017.09.27 02:58:07.982,9.30894,9.31258,1.00,1.38
2017.09.27 02:58:08.909,9.30884,9.31258,1.00,1.38
2017.09.27 02:58:26.266,9.30884,9.31263,1.00,1.01
2017.09.27 02:58:26.814,9.30884,9.31316,1.00,1.83
2017.09.27 02:58:27.385,9.30884,9.31316,1.00,1.56
2017.09.27 02:58:36.061,9.30884,9.31272,1.00,1.76
2017.09.27 02:58:36.611,9.30884,9.31272,1.00,1.20
2017.09.27 02:58:46.987,9.30884,9.31285,1.00,1.75
2017.09.27 02:58:47.532,9.30884,9.31326,1.00,1.56
2017.09.27 02:58:59.048,9.30884,9.31272,1.00,1.01
2017.09.27 02:58:59.798,9.30884,9.31285,1.00,1.38
2017.09.27 02:59:00.328,9.30874,9.31306,1.00,1.56
2017.09.27 02:59:00.378,9.30874,9.31306,1.00,1.83
2017.09.27 02:59:01.323,9.30874,9.31306,1.00,2.06
2017.09.27 02:59:01.526,9.30864,9.31306,1.00,2.06
2017.09.27 02:59:02.082,9.30864,9.31262,1.00,1.01
2017.09.27 02:59:02.815,9.30864,9.31306,1.00,1.56
2017.09.27 02:59:03.477,9.30864,9.31306,1.00,1.56
2017.09.27 02:59:04.092,9.30864,9.31285,1.00,1.38
2017.09.27 02:59:05.001,9.30874,9.31306,1.00,1.56
2017.09.27 02:59:06.076,9.30874,9.31262,1.00,1.01
2017.09.27 02:59:19.586,9.30874,9.31272,1.00,1.76
2017.09.27 02:59:20.135,9.30874,9.31272,1.00,1.20
2017.09.27 02:59:20.285,9.30874,9.31306,1.00,1.56
2017.09.27 02:59:20.944,9.30874,9.31306,1.00,1.56
2017.09.27 02:59:23.536,9.30874,9.31298,1.00,1.56
2017.09.27 02:59:28.838,9.30874,9.31298,1.00,1.56
2017.09.27 02:59:29.713,9.30874,9.31284,1.00,1.38
2017.09.27 02:59:30.018,9.30884,9.31309,1.00,1.56
2017.09.27 02:59:30.564,9.30884,9.31325,1.00,1.56
2017.09.27 02:59:36.861,9.30884,9.31284,1.00,1.38
2017.09.27 02:59:37.608,9.30884,9.31325,1.00,1.56
2017.09.27 02:59:45.744,9.30884,9.31282,1.00,1.01
2017.09.27 02:59:45.795,9.30884,9.31283,1.00,1.76
2017.09.27 02:59:46.266,9.30884,9.31282,1.00,1.20
2017.09.27 02:59:49.232,9.30884,9.31311,1.00,1.56
2017.09.27 02:59:49.961,9.30884,9.31311,1.00,1.56
2017.09.27 02:59:59.132,9.30894,9.31311,1.00,1.56
