2013.10.23 02:00:02.773,8.12347,8.12902,1.50,1.50
2013.10.23 02:00:23.167,8.12333,8.12893,1.50,1.50
2013.10.23 02:00:27.487,8.12353,8.12893,1.13,1.50
2013.10.23 02:00:44.213,8.12351,8.12893,1.13,1.50
2013.10.23 02:01:04.133,8.12354,8.12903,1.13,1.50
2013.10.23 02:01:11.800,8.12347,8.12903,1.50,1.50
2013.10.23 02:01:25.104,8.12348,8.12903,1.50,1.50
2013.10.23 02:02:07.203,8.12348,8.12904,1.50,1.50
2013.10.23 02:03:07.395,8.12318,8.12938,2.63,1.50
2013.10.23 02:03:12.292,8.12318,8.12938,1.13,1.50
2013.10.23 02:03:13.118,8.12318,8.12938,1.88,1.50
2013.10.23 02:03:18.021,8.12318,8.12938,1.13,1.50
2013.10.23 02:03:19.955,8.12318,8.12938,1.88,1.50
2013.10.23 02:03:27.572,8.12318,8.12938,1.13,1.50
2013.10.23 02:03:28.662,8.12318,8.12938,1.88,1.50
2013.10.23 02:03:37.155,8.12318,8.12938,1.13,1.50
2013.10.23 02:03:38.774,8.12318,8.12938,1.88,1.50
2013.10.23 02:03:43.132,8.12318,8.12938,1.13,1.50
2013.10.23 02:03:44.683,8.12318,8.12938,1.88,1.50
2013.10.23 02:03:45.285,8.12318,8.12938,1.13,1.50
2013.10.23 02:03:56.344,8.12317,8.12949,1.88,2.03
2013.10.23 02:03:58.182,8.12318,8.12949,1.13,2.03
2013.10.23 02:03:58.688,8.12317,8.12949,1.88,2.03
2013.10.23 02:04:06.003,8.12318,8.12949,1.13,2.03
2013.10.23 02:04:06.963,8.12317,8.12949,1.88,2.03
2013.10.23 02:04:07.274,8.12327,8.12939,1.13,1.50
2013.10.23 02:04:07.632,8.12346,8.12966,1.50,1.50
2013.10.23 02:04:09.332,8.12346,8.12966,1.50,1.50
2013.10.23 02:04:12.224,8.12347,8.12903,1.50,1.50
2013.10.23 02:04:53.173,8.12347,8.12903,1.50,1.50
2013.10.23 02:05:02.793,8.12357,8.12903,1.50,1.50
2013.10.23 02:05:03.306,8.12347,8.12903,1.50,1.50
2013.10.23 02:05:03.814,8.12357,8.12903,1.50,1.50
2013.10.23 02:05:10.403,8.12347,8.12907,1.50,1.50
2013.10.23 02:05:21.364,8.12357,8.12907,1.50,1.50
2013.10.23 02:05:22.160,8.12348,8.12907,1.50,1.50
2013.10.23 02:05:23.244,8.12357,8.12907,1.50,1.50
2013.10.23 02:05:23.827,8.12348,8.12907,1.50,1.50
2013.10.23 02:05:24.734,8.12357,8.12907,1.50,1.50
2013.10.23 02:05:25.342,8.12348,8.12907,1.50,1.50
2013.10.23 02:05:34.303,8.12357,8.12917,1.50,1.50
2013.10.23 02:05:41.315,8.12367,8.12917,1.50,1.50
2013.10.23 02:05:41.635,8.12367,8.12917,1.88,1.50
2013.10.23 02:05:41.945,8.12387,8.12917,3.09,1.50
2013.10.23 02:05:42.064,8.12377,8.12917,1.13,1.50
2013.10.23 02:05:42.674,8.12378,8.12917,1.13,1.50
2013.10.23 02:05:46.800,8.12367,8.12917,1.88,1.50
2013.10.23 02:05:51.633,8.12368,8.12917,1.13,1.50
2013.10.23 02:05:54.843,8.12368,8.1291,1.13,1.50
2013.10.23 02:05:57.242,8.12367,8.1291,1.13,1.50
2013.10.23 02:06:02.314,8.12378,8.1291,1.13,1.50
2013.10.23 02:06:02.924,8.12367,8.1291,1.13,1.50
2013.10.23 02:06:03.589,8.12368,8.1291,1.13,1.50
2013.10.23 02:06:06.666,8.12367,8.1291,1.13,1.50
2013.10.23 02:06:07.296,8.12368,8.1291,1.13,1.50
2013.10.23 02:06:10.496,8.12377,8.1291,1.13,1.50
2013.10.23 02:06:11.092,8.12368,8.1291,1.13,1.50
2013.10.23 02:06:12.964,8.12378,8.1291,1.13,1.50
2013.10.23 02:06:13.274,8.12517,8.12863,1.50,1.50
2013.10.23 02:07:13.409,8.12417,8.12944,1.13,1.50
2013.10.23 02:07:15.401,8.12417,8.12968,1.88,1.50
2013.10.23 02:07:16.692,8.12418,8.12968,1.13,1.50
2013.10.23 02:07:20.148,8.12417,8.12968,1.88,1.50
2013.10.23 02:07:20.748,8.12418,8.12968,1.13,1.50
2013.10.23 02:07:26.267,8.12428,8.12968,3.47,1.50
2013.10.23 02:07:30.385,8.12418,8.12968,1.13,1.50
2013.10.23 02:07:33.425,8.12417,8.12968,1.88,1.50
2013.10.23 02:07:39.478,8.12418,8.12968,1.13,1.50
2013.10.23 02:07:44.748,8.12417,8.12968,1.88,1.50
2013.10.23 02:07:47.088,8.12418,8.12968,1.13,1.50
2013.10.23 02:07:48.265,8.12417,8.12968,1.88,1.50
2013.10.23 02:07:49.784,8.12418,8.12968,1.13,1.50
2013.10.23 02:07:50.598,8.12417,8.12968,1.88,1.50
2013.10.23 02:07:54.258,8.12418,8.12968,1.13,1.50
2013.10.23 02:07:59.679,8.12417,8.12968,1.88,1.50
2013.10.23 02:08:03.454,8.12418,8.12968,1.13,1.50
2013.10.23 02:08:06.994,8.12428,8.12968,2.37,1.50
2013.10.23 02:08:10.214,8.12417,8.12968,1.88,1.50
2013.10.23 02:08:14.946,8.12417,8.12991,1.13,1.50
2013.10.23 02:08:17.484,8.12418,8.12991,1.13,1.50
2013.10.23 02:08:20.457,8.12417,8.12991,1.13,1.50
2013.10.23 02:08:27.849,8.12418,8.12993,1.13,1.50
2013.10.23 02:08:33.410,8.12417,8.12993,1.13,1.50
2013.10.23 02:08:33.976,8.12417,8.12992,1.13,1.50
2013.10.23 02:08:37.203,8.12427,8.12993,3.36,1.50
2013.10.23 02:08:38.774,8.12437,8.12992,1.50,1.50
2013.10.23 02:08:39.133,8.12447,8.12972,1.13,1.50
2013.10.23 02:08:39.463,8.12448,8.12972,1.13,1.50
2013.10.23 02:09:00.025,8.12468,8.12948,1.35,1.50
2013.10.23 02:09:00.334,8.12468,8.12948,1.35,1.50
2013.10.23 02:09:01.295,8.12468,8.12948,1.35,1.50
2013.10.23 02:09:02.244,8.12468,8.12948,2.10,1.50
2013.10.23 02:09:11.944,8.12558,8.12902,1.50,2.25
2013.10.23 02:09:39.205,8.12558,8.12902,2.25,1.50
2013.10.23 02:09:39.534,8.12567,8.12902,1.50,1.50
2013.10.23 02:09:45.234,8.12588,8.12902,1.50,1.50
2013.10.23 02:09:45.414,8.12618,8.12962,1.50,2.25
2013.10.23 02:09:47.276,8.12618,8.12962,1.50,2.25
2013.10.23 02:09:50.184,8.12618,8.12962,1.50,2.25
2013.10.23 02:09:50.245,8.12618,8.12962,2.25,2.25
2013.10.23 02:09:50.304,8.12618,8.12962,2.25,2.25
2013.10.23 02:09:50.424,8.12618,8.12962,2.25,2.25
2013.10.23 02:09:52.176,8.12628,8.12962,1.50,2.25
2013.10.23 02:09:54.095,8.12628,8.12962,1.50,2.25
2013.10.23 02:09:54.224,8.12647,8.12962,1.50,2.25
2013.10.23 02:09:54.534,8.12657,8.12962,1.50,2.25
2013.10.23 02:10:00.154,8.12657,8.12962,1.50,2.25
2013.10.23 02:10:00.275,8.12678,8.12962,1.50,2.25
2013.10.23 02:10:00.335,8.12678,8.12962,1.50,2.25
2013.10.23 02:10:00.455,8.12688,8.12962,1.50,2.25
2013.10.23 02:10:01.945,8.12688,8.12972,1.50,1.50
2013.10.23 02:10:02.345,8.12677,8.12972,1.50,1.50
2013.10.23 02:10:02.524,8.12567,8.12913,2.10,1.50
2013.10.23 02:10:03.744,8.12567,8.12913,1.50,1.50
2013.10.23 02:10:04.714,8.12567,8.12913,1.50,2.25
2013.10.23 02:10:06.285,8.12567,8.12913,1.50,2.25
2013.10.23 02:10:19.744,8.12528,8.12872,1.50,1.50
2013.10.23 02:10:27.374,8.12528,8.12872,1.50,2.25
2013.10.23 02:10:28.345,8.12528,8.12872,1.50,2.25
2013.10.23 02:10:32.185,8.12558,8.12872,1.35,2.25
2013.10.23 02:10:34.615,8.12587,8.12872,1.20,2.25
2013.10.23 02:10:39.384,8.12578,8.12872,1.58,2.25
2013.10.23 02:10:45.705,8.12588,8.12772,1.43,1.50
2013.10.23 02:10:46.227,8.12577,8.12772,1.95,1.50
2013.10.23 02:10:47.126,8.12588,8.12772,1.24,1.50
2013.10.23 02:10:48.135,8.12577,8.12772,1.35,1.50
2013.10.23 02:10:48.518,8.12577,8.12772,1.35,2.25
2013.10.23 02:10:49.344,8.12587,8.12772,1.13,2.25
2013.10.23 02:11:04.904,8.12587,8.12772,1.13,2.25
2013.10.23 02:11:06.314,8.12587,8.12772,1.13,2.25
2013.10.23 02:11:08.111,8.12588,8.12772,1.35,2.25
2013.10.23 02:11:09.434,8.12577,8.12772,1.77,2.25
2013.10.23 02:11:09.934,8.12577,8.12772,1.77,1.50
2013.10.23 02:11:09.994,8.12577,8.12823,1.77,1.50
2013.10.23 02:11:10.055,8.12588,8.12882,1.20,1.50
2013.10.23 02:11:11.315,8.12588,8.12882,1.20,2.25
2013.10.23 02:11:13.854,8.12588,8.12882,1.39,1.50
2013.10.23 02:11:17.474,8.12538,8.12882,1.50,1.50
2013.10.23 02:12:10.227,8.12468,8.1297,1.88,1.50
2013.10.23 02:12:11.205,8.12468,8.1297,1.13,1.50
2013.10.23 02:12:11.887,8.12468,8.1297,1.88,1.50
2013.10.23 02:12:13.918,8.12468,8.12972,1.88,1.50
2013.10.23 02:12:14.994,8.12468,8.12972,1.13,1.50
2013.10.23 02:12:17.025,8.12478,8.12972,1.50,1.50
2013.10.23 02:12:17.396,8.12497,8.12972,1.13,1.50
2013.10.23 02:12:17.454,8.12497,8.12986,1.13,1.50
2013.10.23 02:12:20.590,8.12482,8.12986,1.71,1.50
2013.10.23 02:12:21.205,8.12497,8.12986,1.13,1.50
2013.10.23 02:12:23.218,8.12498,8.12986,1.13,1.50
2013.10.23 02:12:23.835,8.12497,8.12986,1.13,1.50
2013.10.23 02:12:25.343,8.12482,8.12986,1.71,1.50
2013.10.23 02:12:27.095,8.12482,8.12986,1.71,1.50
2013.10.23 02:12:30.934,8.12482,8.12986,1.71,1.50
2013.10.23 02:12:31.856,8.12482,8.12986,1.71,1.50
2013.10.23 02:12:32.367,8.12482,8.12986,1.71,1.50
2013.10.23 02:12:33.014,8.12482,8.12986,1.71,1.50
2013.10.23 02:12:33.264,8.12482,8.12973,1.34,1.50
2013.10.23 02:12:34.304,8.12462,8.12973,1.35,1.50
2013.10.23 02:12:35.624,8.12468,8.12973,2.24,1.50
2013.10.23 02:12:35.744,8.12462,8.12973,1.35,1.50
2013.10.23 02:12:59.275,8.12461,8.12972,1.35,1.50
2013.10.23 02:13:07.887,8.12461,8.12973,1.35,1.50
2013.10.23 02:13:14.244,8.12461,8.12973,1.35,1.50
2013.10.23 02:13:35.124,8.12461,8.12973,1.35,1.50
2013.10.23 02:13:56.314,8.12461,8.12972,1.35,1.50
2013.10.23 02:14:02.905,8.12461,8.12966,1.35,1.50
2013.10.23 02:14:02.965,8.12438,8.12966,2.48,1.50
2013.10.23 02:14:17.660,8.12437,8.12963,1.35,1.50
2013.10.23 02:14:19.232,8.12437,8.12963,1.35,1.50
2013.10.23 02:14:26.816,8.12438,8.12963,1.13,1.50
2013.10.23 02:14:33.235,8.12438,8.12963,1.88,1.50
2013.10.23 02:14:34.110,8.12438,8.12963,1.13,1.50
2013.10.23 02:14:35.929,8.12438,8.12963,1.13,1.50
2013.10.23 02:14:36.500,8.12437,8.12963,2.25,1.50
2013.10.23 02:14:42.225,8.12438,8.12963,1.13,1.50
2013.10.23 02:14:48.256,8.12437,8.12963,2.25,1.50
2013.10.23 02:14:48.907,8.12438,8.12963,1.13,1.50
2013.10.23 02:15:05.088,8.12437,8.12962,1.50,1.50
2013.10.23 02:15:08.651,8.12438,8.12962,1.13,1.50
2013.10.23 02:15:09.208,8.12437,8.12962,1.50,1.50
2013.10.23 02:15:10.085,8.12438,8.12962,1.13,1.50
2013.10.23 02:15:14.004,8.12437,8.12962,1.50,1.50
2013.10.23 02:15:14.125,8.1243,8.12962,1.13,1.50
2013.10.23 02:15:15.115,8.12487,8.12833,1.50,1.50
2013.10.23 02:16:15.140,8.12427,8.12939,1.64,1.50
2013.10.23 02:16:25.595,8.12427,8.1292,1.64,1.50
2013.10.23 02:16:28.276,8.12417,8.1292,1.65,1.50
2013.10.23 02:17:28.326,8.12427,8.12942,1.01,1.50
2013.10.23 02:17:38.246,8.12427,8.12992,1.01,1.50
2013.10.23 02:17:40.204,8.12427,8.12972,1.01,1.50
2013.10.23 02:17:40.571,8.12427,8.12941,1.01,1.50
2013.10.23 02:18:01.235,8.12417,8.12938,1.33,1.50
2013.10.23 02:18:35.956,8.12417,8.12918,1.62,1.50
2013.10.23 02:18:43.375,8.12427,8.12917,1.35,1.50
2013.10.23 02:18:43.919,8.12417,8.12903,1.77,1.50
2013.10.23 02:18:45.336,8.12417,8.12902,1.24,1.50
2013.10.23 02:18:46.276,8.12417,8.12902,1.58,1.50
2013.10.23 02:18:47.209,8.12427,8.12902,1.17,1.50
2013.10.23 02:18:51.097,8.12427,8.12833,1.17,1.50
2013.10.23 02:18:51.636,8.12427,8.12743,1.24,1.50
2013.10.23 02:18:53.446,8.12418,8.12743,1.73,1.50
2013.10.23 02:18:54.306,8.12418,8.12743,1.73,2.25
2013.10.23 02:18:55.061,8.12427,8.12743,1.28,2.25
2013.10.23 02:18:56.475,8.12418,8.12743,1.47,2.25
2013.10.23 02:18:58.595,8.12418,8.12703,1.47,1.50
2013.10.23 02:18:59.132,8.12427,8.12703,1.17,2.25
2013.10.23 02:18:59.866,8.12428,8.12703,1.43,2.25
2013.10.23 02:19:00.235,8.12428,8.12702,1.43,1.50
2013.10.23 02:19:01.236,8.12418,8.12702,1.92,1.50
2013.10.23 02:19:02.246,8.12418,8.12702,1.92,1.50
2013.10.23 02:19:02.915,8.12417,8.12702,1.65,1.50
2013.10.23 02:19:06.646,8.12417,8.12702,1.65,1.50
2013.10.23 02:19:07.196,8.12418,8.12653,1.69,1.50
2013.10.23 02:19:07.939,8.12427,8.12653,1.20,1.50
2013.10.23 02:19:08.315,8.12427,8.12653,1.20,1.50
2013.10.23 02:19:09.267,8.12427,8.12653,1.28,1.50
2013.10.23 02:19:09.935,8.12418,8.12653,1.39,1.50
2013.10.23 02:19:13.285,8.12418,8.12623,1.39,2.25
2013.10.23 02:19:14.195,8.12417,8.12603,1.50,1.50
2013.10.23 02:19:15.317,8.12417,8.12603,1.50,1.50
2013.10.23 02:19:16.115,8.12417,8.12612,1.50,1.50
2013.10.23 02:19:16.260,8.12417,8.12623,1.50,1.50
2013.10.23 02:19:16.905,8.12417,8.12632,1.50,1.50
2013.10.23 02:19:17.879,8.12428,8.12643,1.05,2.25
2013.10.23 02:19:18.702,8.12428,8.12643,1.05,2.25
2013.10.23 02:19:23.116,8.12428,8.12643,1.05,2.25
2013.10.23 02:19:23.647,8.12427,8.12642,1.28,1.50
2013.10.23 02:19:24.205,8.12427,8.12642,1.28,1.50
2013.10.23 02:19:30.145,8.12427,8.12642,1.09,1.50
2013.10.23 02:19:31.267,8.12427,8.12633,1.09,1.50
2013.10.23 02:19:31.929,8.12428,8.12633,1.17,1.50
2013.10.23 02:19:49.876,8.12428,8.12643,1.17,2.25
2013.10.23 02:19:49.996,8.12457,8.12702,1.50,1.50
2013.10.23 02:19:51.446,8.12438,8.12703,1.13,2.25
2013.10.23 02:19:51.506,8.12418,8.12652,1.35,1.50
2013.10.23 02:19:52.046,8.12507,8.12831,1.50,1.50
2013.10.23 02:19:52.106,8.12507,8.12853,1.50,1.50
2013.10.23 02:20:35.335,8.12507,8.12853,1.50,2.25
2013.10.23 02:20:36.217,8.12507,8.12853,1.50,2.25
2013.10.23 02:20:49.546,8.12507,8.12853,3.42,2.25
2013.10.23 02:20:50.102,8.12508,8.12853,1.13,2.25
2013.10.23 02:20:50.456,8.12508,8.12853,1.13,2.25
2013.10.23 02:21:08.256,8.12528,8.12902,1.50,1.50
2013.10.23 02:21:08.610,8.12547,8.12902,2.75,1.50
2013.10.23 02:21:09.916,8.12528,8.12902,1.50,1.50
2013.10.23 02:21:10.037,8.12548,8.12902,2.70,1.50
2013.10.23 02:21:10.401,8.12528,8.12902,1.13,1.50
2013.10.23 02:21:10.785,8.12548,8.12902,3.00,1.50
2013.10.23 02:21:13.597,8.12528,8.12902,1.50,1.50
2013.10.23 02:21:13.655,8.12527,8.12902,1.13,1.50
2013.10.23 02:21:14.409,8.12547,8.12902,2.90,1.50
2013.10.23 02:21:14.847,8.12527,8.12902,1.13,1.50
2013.10.23 02:21:18.356,8.12527,8.12903,1.13,1.50
2013.10.23 02:21:18.845,8.12528,8.12903,1.13,1.50
2013.10.23 02:21:19.288,8.12548,8.12903,2.51,1.50
2013.10.23 02:21:22.549,8.12558,8.12903,1.13,1.50
2013.10.23 02:21:24.092,8.12558,8.12903,1.13,1.50
2013.10.23 02:21:25.102,8.12543,8.12903,1.89,1.50
2013.10.23 02:21:25.707,8.12543,8.12903,1.89,1.50
2013.10.23 02:21:33.216,8.12558,8.12902,1.13,1.50
2013.10.23 02:21:36.175,8.12543,8.12902,1.89,1.50
2013.10.23 02:21:38.804,8.12543,8.12902,1.89,1.50
2013.10.23 02:21:43.169,8.12543,8.12902,1.89,1.50
2013.10.23 02:21:44.036,8.12543,8.12902,1.52,1.50
2013.10.23 02:21:44.157,8.12528,8.12902,1.13,1.50
2013.10.23 02:21:49.906,8.12527,8.12903,1.13,1.50
2013.10.23 02:21:52.049,8.12527,8.12903,1.13,1.50
2013.10.23 02:21:52.228,8.12527,8.12922,1.13,1.50
2013.10.23 02:21:52.980,8.12527,8.12922,1.13,1.50
2013.10.23 02:21:53.711,8.12527,8.12922,1.13,1.50
2013.10.23 02:21:54.230,8.12527,8.12922,1.13,1.50
2013.10.23 02:21:54.948,8.12527,8.12922,1.13,1.50
2013.10.23 02:21:55.585,8.12527,8.12922,1.13,1.50
2013.10.23 02:21:57.316,8.12527,8.12922,1.13,1.50
2013.10.23 02:21:58.378,8.12527,8.12922,1.13,1.50
2013.10.23 02:22:08.151,8.12527,8.12922,1.13,1.50
2013.10.23 02:22:08.658,8.12527,8.12922,1.13,1.50
2013.10.23 02:22:10.942,8.12527,8.12922,1.13,1.50
2013.10.23 02:22:11.540,8.12547,8.12922,1.91,1.50
2013.10.23 02:22:14.889,8.12527,8.12922,1.88,1.50
2013.10.23 02:22:14.945,8.12527,8.12922,1.88,1.50
2013.10.23 02:22:15.485,8.12527,8.12923,1.88,1.50
2013.10.23 02:22:19.756,8.12547,8.12923,2.96,1.50
2013.10.23 02:22:20.176,8.12527,8.12923,1.13,1.50
2013.10.23 02:23:12.517,8.12527,8.12923,1.13,1.50
2013.10.23 02:23:13.126,8.12527,8.12903,1.13,1.50
2013.10.23 02:23:15.127,8.12527,8.12903,1.13,1.50
2013.10.23 02:23:17.016,8.12527,8.12903,1.13,1.50
2013.10.23 02:23:18.965,8.12527,8.12903,1.13,1.50
2013.10.23 02:23:21.687,8.12527,8.12903,1.13,1.50
2013.10.23 02:23:22.282,8.12527,8.12903,1.13,1.50
2013.10.23 02:23:22.876,8.12477,8.12903,1.88,1.50
2013.10.23 02:23:23.386,8.12477,8.12903,1.88,1.50
2013.10.23 02:23:24.397,8.12477,8.12902,1.88,1.50
2013.10.23 02:23:26.888,8.12497,8.12902,1.13,1.50
2013.10.23 02:23:35.517,8.12498,8.12902,1.13,1.50
2013.10.23 02:23:36.247,8.12517,8.12902,1.13,1.50
2013.10.23 02:23:37.655,8.12527,8.12903,1.13,1.50
2013.10.23 02:23:38.206,8.12527,8.12903,1.13,1.50
2013.10.23 02:23:38.773,8.12527,8.12903,1.13,1.50
2013.10.23 02:23:39.317,8.12527,8.12903,1.13,1.50
2013.10.23 02:23:42.210,8.12527,8.12903,1.13,1.50
2013.10.23 02:23:47.966,8.12527,8.12903,1.13,1.50
2013.10.23 02:23:48.545,8.12527,8.12903,1.13,1.50
2013.10.23 02:23:51.096,8.12548,8.12903,3.80,1.50
2013.10.23 02:23:51.428,8.12558,8.12903,1.13,1.50
2013.10.23 02:23:52.942,8.12558,8.12902,1.13,1.50
2013.10.23 02:23:53.523,8.12558,8.12902,1.13,1.50
2013.10.23 02:23:55.236,8.12543,8.12902,1.83,1.50
2013.10.23 02:23:57.123,8.12543,8.12902,1.83,1.50
2013.10.23 02:24:00.294,8.12543,8.12902,1.83,1.50
2013.10.23 02:24:02.939,8.12543,8.12902,1.83,1.50
2013.10.23 02:24:07.727,8.12543,8.12903,1.83,1.50
2013.10.23 02:24:08.266,8.12558,8.12903,1.13,1.50
2013.10.23 02:24:08.537,8.12567,8.12903,1.13,1.50
2013.10.23 02:24:08.597,8.12568,8.12903,1.88,1.50
2013.10.23 02:24:08.927,8.12567,8.12902,4.13,1.50
2013.10.23 02:24:11.164,8.12568,8.12902,1.88,1.50
2013.10.23 02:24:16.017,8.12567,8.12903,1.88,1.50
2013.10.23 02:24:16.137,8.12567,8.12903,1.88,1.50
2013.10.23 02:24:16.686,8.12567,8.12902,1.88,1.50
2013.10.23 02:24:17.267,8.12567,8.12902,1.88,1.50
2013.10.23 02:24:19.456,8.12567,8.12902,1.88,1.50
2013.10.23 02:24:20.789,8.12568,8.12903,1.13,1.50
2013.10.23 02:24:20.907,8.12567,8.12903,2.63,1.50
2013.10.23 02:24:21.027,8.12567,8.12902,3.38,1.50
2013.10.23 02:24:21.387,8.1257,8.12902,1.50,1.50
2013.10.23 02:24:22.170,8.12568,8.12902,2.63,1.50
2013.10.23 02:24:23.319,8.12568,8.12902,1.50,1.50
2013.10.23 02:24:49.007,8.12568,8.12903,1.88,1.50
2013.10.23 02:25:06.119,8.12568,8.12903,1.13,1.50
2013.10.23 02:25:06.247,8.12567,8.12903,1.88,1.50
2013.10.23 02:25:06.916,8.12568,8.12903,1.13,1.50
2013.10.23 02:25:07.317,8.12568,8.12903,1.13,1.50
2013.10.23 02:25:08.253,8.12568,8.12903,1.13,1.50
2013.10.23 02:25:09.385,8.12542,8.12903,2.22,1.50
2013.10.23 02:25:09.446,8.12518,8.12903,3.00,1.50
2013.10.23 02:25:11.146,8.12527,8.12903,1.13,1.50
2013.10.23 02:25:12.486,8.12548,8.12903,3.19,1.50
2013.10.23 02:25:13.736,8.12527,8.12903,1.13,1.50
2013.10.23 02:25:19.418,8.12547,8.12902,3.48,1.50
2013.10.23 02:25:19.727,8.12567,8.12903,1.50,1.50
2013.10.23 02:25:20.086,8.12577,8.12902,1.13,1.50
2013.10.23 02:26:14.428,8.12577,8.12903,1.13,1.50
2013.10.23 02:26:22.497,8.12578,8.12923,1.13,1.50
2013.10.23 02:26:23.667,8.12577,8.12903,1.13,1.50
2013.10.23 02:26:23.726,8.12567,8.12902,1.13,1.50
2013.10.23 02:26:24.511,8.12528,8.12902,1.13,1.50
2013.10.23 02:26:25.256,8.12528,8.12902,1.13,1.50
2013.10.23 02:26:26.266,8.12528,8.12902,1.13,1.50
2013.10.23 02:26:27.415,8.12528,8.12902,1.13,1.50
2013.10.23 02:26:27.539,8.12518,8.12902,1.50,1.50
2013.10.23 02:26:28.296,8.12548,8.12902,2.37,1.50
2013.10.23 02:26:34.949,8.12528,8.12902,1.88,1.50
2013.10.23 02:26:35.137,8.12528,8.12902,1.88,1.50
2013.10.23 02:26:48.206,8.12548,8.12903,2.73,1.50
2013.10.23 02:26:54.828,8.12528,8.12902,1.50,1.50
2013.10.23 02:26:55.037,8.12528,8.12902,1.50,1.50
2013.10.23 02:27:04.526,8.12547,8.12902,3.09,1.50
2013.10.23 02:27:08.336,8.12528,8.12902,1.13,1.50
2013.10.23 02:27:11.736,8.12527,8.12903,1.13,1.50
2013.10.23 02:27:12.432,8.12527,8.12903,1.13,1.50
2013.10.23 02:27:15.526,8.12527,8.12903,1.13,1.50
2013.10.23 02:27:16.457,8.12548,8.12903,2.75,1.50
2013.10.23 02:27:17.058,8.12527,8.12903,1.13,1.50
2013.10.23 02:27:17.586,8.12527,8.12903,1.13,1.50
2013.10.23 02:27:18.674,8.12547,8.12903,3.48,1.50
2013.10.23 02:27:26.299,8.12547,8.12922,3.48,1.50
2013.10.23 02:27:30.939,8.12528,8.12922,1.50,1.50
2013.10.23 02:27:30.998,8.12527,8.12922,1.13,1.50
2013.10.23 02:27:32.538,8.12547,8.12922,2.43,1.50
2013.10.23 02:27:32.956,8.12527,8.12922,1.13,1.50
2013.10.23 02:27:33.076,8.12548,8.12922,2.78,1.50
2013.10.23 02:27:33.836,8.12558,8.12902,1.50,1.50
2013.10.23 02:27:34.200,8.12577,8.12902,1.13,1.50
2013.10.23 02:27:34.589,8.12577,8.12902,1.13,1.50
2013.10.23 02:27:40.017,8.12578,8.12903,1.13,1.50
2013.10.23 02:27:48.641,8.12587,8.12903,4.33,1.50
2013.10.23 02:27:54.897,8.12578,8.12903,1.13,1.50
2013.10.23 02:28:02.636,8.12578,8.12902,1.13,1.50
2013.10.23 02:28:11.498,8.12588,8.12902,1.50,1.50
2013.10.23 02:28:11.856,8.12578,8.12902,1.13,1.50
2013.10.23 02:28:19.028,8.12588,8.12902,1.50,1.50
2013.10.23 02:28:21.156,8.12577,8.12902,1.13,1.50
2013.10.23 02:28:21.399,8.12588,8.12902,3.39,1.50
2013.10.23 02:28:23.191,8.12578,8.12902,1.13,1.50
2013.10.23 02:28:27.817,8.12588,8.12902,1.50,1.50
2013.10.23 02:28:35.106,8.12578,8.12903,1.13,1.50
2013.10.23 02:28:36.422,8.12578,8.12923,1.13,1.50
2013.10.23 02:28:37.026,8.12578,8.12923,1.13,1.50
2013.10.23 02:28:59.737,8.12577,8.12923,1.13,1.50
2013.10.23 02:29:24.015,8.12588,8.12923,2.22,1.50
2013.10.23 02:29:33.936,8.12588,8.12923,2.97,1.50
2013.10.23 02:29:34.998,8.1257,8.12923,1.50,1.50
2013.10.23 02:29:43.418,8.12588,8.12923,1.50,1.50
2013.10.23 02:29:53.209,8.12577,8.12923,1.13,1.50
2013.10.23 02:29:53.827,8.12588,8.12923,3.06,1.50
2013.10.23 02:29:54.397,8.12578,8.12923,1.13,1.50
2013.10.23 02:29:54.713,8.12588,8.12923,3.39,1.50
2013.10.23 02:29:54.924,8.12577,8.12923,1.13,1.50
2013.10.23 02:30:02.516,8.12577,8.12922,1.13,1.50
2013.10.23 02:30:15.906,8.12592,8.12922,1.58,1.50
2013.10.23 02:30:16.207,8.12602,8.12922,1.50,1.50
2013.10.23 02:30:16.266,8.12617,8.12922,1.88,1.50
2013.10.23 02:30:17.907,8.12603,8.12922,2.16,1.50
2013.10.23 02:30:18.522,8.12603,8.12922,2.16,1.50
2013.10.23 02:30:25.059,8.12603,8.12922,2.16,1.50
2013.10.23 02:30:25.591,8.12603,8.12923,2.16,1.50
2013.10.23 02:30:28.307,8.12603,8.12923,2.16,1.50
2013.10.23 02:30:29.747,8.12603,8.12923,2.16,1.50
2013.10.23 02:30:31.706,8.12603,8.12923,2.16,1.50
2013.10.23 02:30:32.273,8.12603,8.12923,2.16,1.50
2013.10.23 02:30:35.026,8.12603,8.12923,2.16,1.50
2013.10.23 02:30:36.815,8.12603,8.12923,2.16,1.50
2013.10.23 02:30:37.788,8.12603,8.12923,2.16,1.50
2013.10.23 02:30:39.540,8.12603,8.12923,2.16,1.50
2013.10.23 02:30:48.212,8.12588,8.12923,1.13,1.50
2013.10.23 02:30:53.227,8.12588,8.12923,1.13,1.50
2013.10.23 02:30:55.821,8.12588,8.12922,1.13,1.50
2013.10.23 02:30:59.456,8.12587,8.12923,1.13,1.50
2013.10.23 02:31:02.955,8.12587,8.12923,1.13,1.50
2013.10.23 02:31:06.807,8.12587,8.12923,1.13,1.50
2013.10.23 02:31:07.489,8.12587,8.12923,1.13,1.50
2013.10.23 02:31:09.646,8.12587,8.12923,1.13,1.50
2013.10.23 02:31:10.158,8.12587,8.12923,1.13,1.50
2013.10.23 02:31:10.840,8.12587,8.12923,1.13,1.50
2013.10.23 02:31:11.674,8.12597,8.12923,1.13,1.50
2013.10.23 02:31:13.566,8.12587,8.12923,2.66,1.50
2013.10.23 02:31:13.707,8.12568,8.12923,1.50,1.50
2013.10.23 02:31:13.898,8.12567,8.12903,1.50,1.50
2013.10.23 02:31:14.257,8.12567,8.12903,1.50,1.50
2013.10.23 02:31:14.870,8.12528,8.12902,1.13,1.50
2013.10.23 02:31:15.297,8.12528,8.12902,1.13,1.50
2013.10.23 02:31:15.599,8.12528,8.12902,1.50,1.50
2013.10.23 02:31:15.658,8.12517,8.12902,3.00,1.50
2013.10.23 02:31:15.718,8.12518,8.12902,1.50,1.50
2013.10.23 02:31:16.257,8.12567,8.12902,1.50,1.50
2013.10.23 02:31:18.257,8.12568,8.12902,1.13,1.50
2013.10.23 02:31:24.697,8.12567,8.12902,1.88,1.50
2013.10.23 02:31:24.818,8.12543,8.12902,1.54,1.50
2013.10.23 02:31:25.337,8.12542,8.12902,1.97,1.50
2013.10.23 02:31:26.317,8.12542,8.12902,1.97,1.50
2013.10.23 02:31:27.228,8.12542,8.12902,1.97,1.50
2013.10.23 02:31:27.856,8.12557,8.12902,1.13,1.50
2013.10.23 02:31:28.487,8.12558,8.12903,1.13,1.50
2013.10.23 02:31:29.291,8.12557,8.12903,1.88,1.50
2013.10.23 02:31:30.028,8.12558,8.12903,1.13,1.50
2013.10.23 02:31:30.637,8.12557,8.12903,1.88,1.50
2013.10.23 02:31:38.710,8.12527,8.12903,1.50,1.50
2013.10.23 02:31:39.217,8.12527,8.12903,1.13,1.50
2013.10.23 02:31:42.396,8.12527,8.12903,1.13,1.50
2013.10.23 02:31:44.237,8.12527,8.12853,1.13,1.50
2013.10.23 02:31:44.976,8.12527,8.12853,1.13,1.50
2013.10.23 02:31:45.341,8.12527,8.12853,1.13,1.50
2013.10.23 02:31:45.968,8.12527,8.12853,1.13,1.50
2013.10.23 02:31:52.529,8.12527,8.12853,1.13,1.50
2013.10.23 02:31:53.158,8.12527,8.12853,1.13,1.50
2013.10.23 02:31:54.407,8.12527,8.12853,1.13,1.50
2013.10.23 02:31:55.192,8.12527,8.12853,1.13,1.50
2013.10.23 02:31:55.537,8.12548,8.12853,3.15,1.50
2013.10.23 02:31:55.657,8.12527,8.12853,1.13,1.50
2013.10.23 02:31:55.776,8.12547,8.12853,1.91,1.50
2013.10.23 02:31:56.472,8.12527,8.12853,1.13,1.50
2013.10.23 02:31:58.892,8.12527,8.12853,1.13,1.50
2013.10.23 02:31:59.062,8.12547,8.12853,2.28,1.50
2013.10.23 02:31:59.187,8.12527,8.12853,1.13,1.50
2013.10.23 02:31:59.387,8.12548,8.12853,2.46,1.50
2013.10.23 02:31:59.507,8.12527,8.12853,1.13,1.50
2013.10.23 02:31:59.626,8.12548,8.12853,2.80,1.50
2013.10.23 02:32:00.357,8.12527,8.12853,1.13,1.50
2013.10.23 02:32:02.654,8.12527,8.12853,1.13,1.50
2013.10.23 02:32:03.557,8.12527,8.12853,1.13,1.50
2013.10.23 02:32:04.107,8.12528,8.12842,1.13,1.50
2013.10.23 02:32:05.188,8.12527,8.12842,1.13,1.50
2013.10.23 02:32:05.884,8.12528,8.12842,1.50,1.50
2013.10.23 02:32:06.147,8.12568,8.12842,1.13,1.50
2013.10.23 02:32:06.207,8.12568,8.12843,2.63,1.50
2013.10.23 02:32:06.567,8.12568,8.12842,1.50,1.50
2013.10.23 02:32:08.338,8.12568,8.12842,1.50,1.50
2013.10.23 02:32:09.297,8.12577,8.12842,1.13,1.50
2013.10.23 02:32:20.357,8.12588,8.12842,1.50,1.50
2013.10.23 02:32:20.477,8.12578,8.12842,1.13,1.50
2013.10.23 02:32:32.179,8.12577,8.12843,1.13,1.50
2013.10.23 02:32:34.159,8.12587,8.12843,4.65,1.50
2013.10.23 02:32:34.763,8.12597,8.12843,1.50,1.50
2013.10.23 02:32:36.297,8.12578,8.12843,1.13,1.50
2013.10.23 02:32:48.687,8.12558,8.12843,1.13,1.50
2013.10.23 02:32:48.929,8.12557,8.12897,1.13,1.13
2013.10.23 02:32:48.987,8.12557,8.12903,1.13,1.13
2013.10.23 02:32:49.047,8.12558,8.12957,1.13,1.50
2013.10.23 02:32:49.590,8.12578,8.12922,1.88,2.25
2013.10.23 02:32:50.270,8.12578,8.12922,1.88,2.25
2013.10.23 02:32:57.428,8.12578,8.12922,2.63,2.25
2013.10.23 02:32:59.208,8.12578,8.12922,2.63,2.25
2013.10.23 02:33:00.191,8.12578,8.12922,2.25,2.25
2013.10.23 02:33:00.507,8.12588,8.12922,2.16,2.25
2013.10.23 02:33:00.627,8.12578,8.12922,2.25,2.25
2013.10.23 02:33:00.687,8.12587,8.12922,2.91,2.25
2013.10.23 02:33:00.928,8.12578,8.12922,2.25,2.25
2013.10.23 02:33:06.548,8.12587,8.12922,2.94,2.25
2013.10.23 02:33:15.107,8.12578,8.12922,2.63,2.25
2013.10.23 02:33:15.587,8.12587,8.12922,2.67,2.25
2013.10.23 02:33:15.937,8.12617,8.12922,1.50,2.25
2013.10.23 02:33:16.258,8.12618,8.12922,1.13,2.25
2013.10.23 02:33:16.915,8.12617,8.12922,1.13,2.25
2013.10.23 02:33:25.267,8.12618,8.12922,1.13,2.25
2013.10.23 02:33:30.250,8.12617,8.12922,1.13,2.25
2013.10.23 02:33:35.834,8.12617,8.12922,1.13,2.25
2013.10.23 02:33:35.900,8.12627,8.12922,2.12,2.25
2013.10.23 02:33:36.258,8.12647,8.12963,1.13,1.50
2013.10.23 02:33:36.778,8.12677,8.12963,1.13,1.50
2013.10.23 02:33:37.389,8.12668,8.12963,1.13,1.50
2013.10.23 02:33:38.308,8.12678,8.12963,1.13,1.50
2013.10.23 02:33:39.219,8.12653,8.12963,1.89,1.50
2013.10.23 02:33:39.857,8.12677,8.12963,1.13,1.50
2013.10.23 02:33:47.777,8.12653,8.12962,1.50,1.50
2013.10.23 02:33:47.958,8.12667,8.12962,1.13,1.50
2013.10.23 02:33:51.698,8.12678,8.12962,1.13,1.50
2013.10.23 02:33:54.359,8.12678,8.12962,1.50,1.50
2013.10.23 02:33:54.421,8.12702,8.12962,1.50,1.50
2013.10.23 02:33:54.732,8.12718,8.12963,1.13,1.50
2013.10.23 02:33:55.408,8.12707,8.12963,1.50,1.50
2013.10.23 02:33:56.866,8.12718,8.12963,1.13,1.50
2013.10.23 02:33:57.543,8.12717,8.12963,2.63,1.50
2013.10.23 02:33:58.213,8.12718,8.12963,1.13,1.50
2013.10.23 02:33:58.894,8.12717,8.12963,2.63,1.50
2013.10.23 02:34:00.968,8.12718,8.12963,1.13,1.50
2013.10.23 02:34:04.817,8.12717,8.12963,2.63,1.50
2013.10.23 02:34:05.653,8.12718,8.12963,1.88,1.50
2013.10.23 02:34:06.525,8.12718,8.12963,1.13,1.50
2013.10.23 02:34:07.332,8.12718,8.12963,1.13,1.50
2013.10.23 02:34:10.098,8.12718,8.12963,1.13,1.50
2013.10.23 02:34:10.937,8.12718,8.12963,1.13,1.50
2013.10.23 02:34:11.470,8.12717,8.12963,1.88,1.50
2013.10.23 02:34:12.274,8.12718,8.12963,1.88,1.50
2013.10.23 02:34:12.964,8.12718,8.12963,1.13,1.50
2013.10.23 02:34:15.968,8.12718,8.12962,1.88,1.50
2013.10.23 02:34:20.249,8.12718,8.12962,1.13,1.50
2013.10.23 02:34:22.508,8.1271,8.12962,1.13,1.50
2013.10.23 02:34:22.688,8.12688,8.12962,1.50,1.50
2013.10.23 02:34:28.269,8.12678,8.12963,1.13,1.50
2013.10.23 02:34:29.157,8.12667,8.12963,1.13,1.50
2013.10.23 02:34:29.278,8.12667,8.12963,1.13,1.50
2013.10.23 02:34:29.943,8.12668,8.12963,1.13,1.50
2013.10.23 02:34:30.291,8.12667,8.12963,1.13,1.50
2013.10.23 02:34:36.309,8.12668,8.12963,1.13,1.50
2013.10.23 02:34:36.968,8.12667,8.12963,1.13,1.50
2013.10.23 02:34:40.177,8.12668,8.12963,1.13,1.50
2013.10.23 02:34:43.219,8.12667,8.12962,1.13,1.50
2013.10.23 02:34:43.948,8.12678,8.12962,1.13,1.50
2013.10.23 02:34:50.627,8.12677,8.12962,2.63,1.50
2013.10.23 02:34:50.688,8.12678,8.12962,1.13,1.50
2013.10.23 02:34:50.747,8.1269,8.12963,1.50,1.50
2013.10.23 02:34:51.107,8.12717,8.12962,1.50,1.50
2013.10.23 02:34:51.570,8.12688,8.12962,1.50,1.50
2013.10.23 02:34:53.548,8.12708,8.12962,1.50,1.50
2013.10.23 02:34:54.068,8.12717,8.12962,1.50,1.50
2013.10.23 02:34:57.400,8.12708,8.12962,1.50,1.50
2013.10.23 02:34:57.800,8.12688,8.12962,1.50,1.50
2013.10.23 02:35:00.208,8.12717,8.12962,1.50,1.50
2013.10.23 02:35:00.509,8.12717,8.12962,1.88,1.50
2013.10.23 02:35:01.616,8.12718,8.12962,1.88,1.50
2013.10.23 02:35:04.406,8.12718,8.12962,1.13,1.50
2013.10.23 02:35:05.130,8.12718,8.12962,1.88,1.50
2013.10.23 02:35:15.288,8.12718,8.12962,1.13,1.50
2013.10.23 02:35:18.287,8.12708,8.12962,1.50,1.50
2013.10.23 02:35:21.795,8.12707,8.12963,1.50,1.50
2013.10.23 02:35:23.003,8.12707,8.12963,1.50,1.50
2013.10.23 02:35:23.604,8.12707,8.12963,1.50,1.50
2013.10.23 02:35:28.307,8.12707,8.12963,1.50,1.50
2013.10.23 02:35:38.028,8.12707,8.12963,1.13,1.50
2013.10.23 02:35:39.400,8.12707,8.12963,1.13,1.50
2013.10.23 02:35:40.127,8.12707,8.12963,1.13,1.50
2013.10.23 02:35:40.753,8.12707,8.12963,1.13,1.50
2013.10.23 02:35:40.877,8.12687,8.12963,1.50,1.50
2013.10.23 02:35:46.669,8.12687,8.12963,1.13,1.50
2013.10.23 02:35:47.182,8.12678,8.12963,1.88,1.50
2013.10.23 02:35:47.537,8.12687,8.12963,1.13,1.50
2013.10.23 02:35:47.996,8.12688,8.12963,1.13,1.50
2013.10.23 02:35:49.308,8.12688,8.12963,1.13,1.50
2013.10.23 02:35:50.298,8.12687,8.12963,1.88,1.50
2013.10.23 02:35:51.658,8.12687,8.12963,1.13,1.50
2013.10.23 02:35:52.977,8.12678,8.12963,1.13,1.50
2013.10.23 02:35:53.214,8.12678,8.12963,1.13,1.50
2013.10.23 02:35:54.204,8.12678,8.12963,1.13,1.50
2013.10.23 02:36:00.135,8.12678,8.12963,1.13,1.50
2013.10.23 02:36:03.827,8.12667,8.12963,1.50,1.50
2013.10.23 02:36:10.287,8.12677,8.12962,1.13,1.50
2013.10.23 02:36:17.806,8.12667,8.12962,1.13,1.50
2013.10.23 02:36:18.927,8.12668,8.12962,1.13,1.50
2013.10.23 02:36:25.052,8.12667,8.12962,1.13,1.50
2013.10.23 02:36:28.407,8.12668,8.12962,1.13,1.50
2013.10.23 02:36:29.413,8.12667,8.12962,1.13,1.50
2013.10.23 02:36:33.377,8.12668,8.12962,1.13,1.50
2013.10.23 02:36:38.521,8.12667,8.12962,1.13,1.50
2013.10.23 02:36:43.158,8.12668,8.12962,1.13,1.50
2013.10.23 02:36:47.997,8.12667,8.12962,1.13,1.50
2013.10.23 02:36:49.616,8.12648,8.12962,1.13,1.50
2013.10.23 02:36:53.042,8.12677,8.12962,1.13,1.50
2013.10.23 02:36:54.300,8.12667,8.12982,1.13,1.50
2013.10.23 02:36:59.302,8.12668,8.12982,1.13,1.50
2013.10.23 02:37:06.069,8.12667,8.12982,1.13,1.50
2013.10.23 02:37:06.670,8.12668,8.12982,1.13,1.50
2013.10.23 02:37:17.629,8.12678,8.12982,1.13,1.50
2013.10.23 02:37:18.381,8.12678,8.12982,1.13,1.50
2013.10.23 02:37:33.162,8.12678,8.12982,1.13,1.50
2013.10.23 02:37:34.247,8.12678,8.12982,1.13,1.50
2013.10.23 02:37:37.309,8.12668,8.12982,1.13,1.50
2013.10.23 02:37:43.097,8.12667,8.12982,1.13,1.50
2013.10.23 02:37:51.769,8.12668,8.12982,1.13,1.50
2013.10.23 02:37:52.718,8.12667,8.12982,1.13,1.50
2013.10.23 02:37:55.102,8.12668,8.12982,1.13,1.50
2013.10.23 02:38:01.699,8.12667,8.12982,1.13,1.50
2013.10.23 02:38:02.649,8.12667,8.12982,1.13,1.50
2013.10.23 02:38:07.497,8.12668,8.12982,1.13,1.50
2013.10.23 02:38:08.072,8.12667,8.12982,1.13,1.50
2013.10.23 02:38:17.814,8.12668,8.12983,1.13,1.50
2013.10.23 02:38:21.451,8.12667,8.12983,1.13,1.50
2013.10.23 02:38:28.115,8.12668,8.12983,1.13,1.50
2013.10.23 02:38:31.208,8.12668,8.12982,1.13,1.50
2013.10.23 02:38:39.537,8.12667,8.12982,1.13,1.50
2013.10.23 02:38:42.611,8.12667,8.12982,1.13,1.50
2013.10.23 02:38:57.365,8.12668,8.12982,1.13,1.50
2013.10.23 02:38:58.049,8.12667,8.12982,1.13,1.50
2013.10.23 02:39:02.893,8.12668,8.12983,1.13,1.50
2013.10.23 02:39:03.571,8.12667,8.12983,1.13,1.50
2013.10.23 02:39:06.196,8.12668,8.12983,1.13,1.50
2013.10.23 02:39:13.202,8.12667,8.12983,1.13,1.50
2013.10.23 02:39:25.861,8.12668,8.12983,1.13,1.50
2013.10.23 02:39:26.571,8.12667,8.12983,1.13,1.50
2013.10.23 02:39:29.968,8.12668,8.12982,1.13,1.50
2013.10.23 02:39:30.308,8.12648,8.12982,1.50,1.50
2013.10.23 02:39:30.467,8.12668,8.12982,1.13,1.50
2013.10.23 02:39:33.607,8.12667,8.12982,1.13,1.50
2013.10.23 02:39:34.338,8.12668,8.12982,1.13,1.50
2013.10.23 02:39:38.369,8.12667,8.12982,1.13,1.50
2013.10.23 02:39:39.677,8.12667,8.12983,1.13,1.50
2013.10.23 02:39:53.188,8.12668,8.12983,1.13,1.50
2013.10.23 02:39:53.707,8.12667,8.12983,1.13,1.50
2013.10.23 02:40:08.339,8.12668,8.12982,1.13,1.50
2013.10.23 02:40:09.137,8.12647,8.12982,1.13,1.50
2013.10.23 02:40:09.661,8.12647,8.12982,1.13,1.50
2013.10.23 02:40:14.238,8.12647,8.12982,1.13,1.50
2013.10.23 02:40:18.319,8.12647,8.12982,1.13,1.50
2013.10.23 02:40:22.135,8.12647,8.12982,1.13,1.50
2013.10.23 02:40:25.229,8.12648,8.12982,1.13,1.50
2013.10.23 02:40:27.818,8.12648,8.12982,1.13,1.50
2013.10.23 02:40:28.541,8.12648,8.12982,1.13,1.50
2013.10.23 02:40:33.201,8.12648,8.12982,1.13,1.50
2013.10.23 02:40:34.416,8.12648,8.12982,1.13,1.50
2013.10.23 02:40:48.191,8.12648,8.12983,1.13,1.50
2013.10.23 02:40:51.934,8.12648,8.12983,1.13,1.50
2013.10.23 02:41:01.211,8.12648,8.12982,1.13,1.50
2013.10.23 02:41:03.189,8.12648,8.12982,1.13,1.50
2013.10.23 02:41:05.114,8.12647,8.12982,1.13,1.50
2013.10.23 02:41:08.338,8.12647,8.12983,1.13,1.50
2013.10.23 02:41:16.322,8.12647,8.12983,1.13,1.50
2013.10.23 02:41:22.159,8.12648,8.12983,1.13,1.50
2013.10.23 02:41:25.524,8.12648,8.12982,1.13,1.50
2013.10.23 02:41:28.309,8.12648,8.12982,1.13,1.50
2013.10.23 02:41:30.025,8.12648,8.12982,1.13,1.50
2013.10.23 02:41:31.144,8.12648,8.12982,1.13,1.50
2013.10.23 02:41:33.798,8.12647,8.12983,1.13,1.50
2013.10.23 02:41:34.341,8.12647,8.12983,1.13,1.50
2013.10.23 02:41:37.541,8.12647,8.12983,1.13,1.50
2013.10.23 02:41:43.187,8.12647,8.12983,1.13,1.50
2013.10.23 02:41:46.515,8.12647,8.12983,1.13,1.50
2013.10.23 02:41:59.863,8.12647,8.12982,1.13,1.50
2013.10.23 02:42:00.392,8.12647,8.12982,1.13,1.50
2013.10.23 02:42:03.261,8.12647,8.12983,1.13,1.50
2013.10.23 02:42:03.968,8.12647,8.12983,1.13,1.50
2013.10.23 02:42:10.057,8.12627,8.12983,1.50,1.50
2013.10.23 02:42:19.186,8.12627,8.12983,1.88,1.50
2013.10.23 02:42:30.710,8.12628,8.12983,1.13,1.50
2013.10.23 02:42:44.473,8.12627,8.12963,1.13,1.50
2013.10.23 02:42:45.399,8.12588,8.12962,1.13,1.50
2013.10.23 02:42:46.058,8.12588,8.12962,1.13,1.50
2013.10.23 02:42:46.889,8.12588,8.12962,1.13,1.50
2013.10.23 02:42:47.280,8.12588,8.12962,1.13,1.50
2013.10.23 02:42:48.666,8.12588,8.12962,1.13,1.50
2013.10.23 02:42:49.380,8.12588,8.12962,1.13,1.50
2013.10.23 02:42:49.987,8.12588,8.12962,1.13,1.50
2013.10.23 02:42:50.787,8.12588,8.12962,1.13,1.50
2013.10.23 02:42:54.565,8.12588,8.12962,1.13,1.50
2013.10.23 02:42:55.185,8.12588,8.12962,1.13,1.50
2013.10.23 02:42:55.882,8.12588,8.12962,1.13,1.50
2013.10.23 02:42:58.298,8.12588,8.12962,1.13,1.50
2013.10.23 02:43:01.758,8.12588,8.12962,1.13,1.50
2013.10.23 02:43:02.712,8.12588,8.12962,1.13,1.50
2013.10.23 02:43:04.067,8.12588,8.12962,1.13,1.50
2013.10.23 02:43:07.492,8.12588,8.12962,1.13,1.50
2013.10.23 02:43:08.084,8.12588,8.12962,1.13,1.50
2013.10.23 02:43:09.233,8.12588,8.12962,1.13,1.50
2013.10.23 02:43:14.678,8.12587,8.12912,1.13,2.25
2013.10.23 02:43:15.713,8.12587,8.12903,1.13,1.50
2013.10.23 02:43:16.319,8.12587,8.12903,1.13,1.50
2013.10.23 02:43:17.318,8.12587,8.12903,1.13,1.50
2013.10.23 02:43:18.278,8.12587,8.12903,1.13,1.50
2013.10.23 02:43:18.960,8.12587,8.12903,1.13,1.50
2013.10.23 02:43:23.080,8.12587,8.12903,1.13,1.50
2013.10.23 02:43:25.148,8.12587,8.12903,1.13,1.50
2013.10.23 02:43:25.703,8.12587,8.12912,1.13,2.25
2013.10.23 02:43:26.920,8.12587,8.12912,1.13,2.25
2013.10.23 02:43:27.178,8.12587,8.12912,1.13,2.25
2013.10.23 02:43:27.845,8.12587,8.12912,1.13,2.25
2013.10.23 02:43:32.879,8.12587,8.12912,1.13,2.25
2013.10.23 02:43:33.789,8.12587,8.12912,1.13,2.25
2013.10.23 02:43:37.756,8.12637,8.12912,1.50,2.25
2013.10.23 02:43:38.060,8.12677,8.12912,1.50,2.25
2013.10.23 02:43:38.598,8.12677,8.12962,1.88,1.50
2013.10.23 02:43:39.229,8.12677,8.12962,1.88,1.50
2013.10.23 02:43:41.319,8.12678,8.12962,1.13,1.50
2013.10.23 02:43:45.349,8.12677,8.12962,1.88,1.50
2013.10.23 02:43:46.220,8.12678,8.12962,1.13,1.50
2013.10.23 02:43:47.217,8.12677,8.12962,1.88,1.50
2013.10.23 02:43:48.040,8.12678,8.12962,1.13,1.50
2013.10.23 02:43:50.040,8.12677,8.12962,1.88,1.50
2013.10.23 02:43:53.173,8.12678,8.12962,1.13,1.50
2013.10.23 02:43:55.001,8.12677,8.12962,1.88,1.50
2013.10.23 02:43:55.573,8.12678,8.12962,1.13,1.50
2013.10.23 02:43:59.459,8.12638,8.12962,1.50,1.50
2013.10.23 02:43:59.863,8.12667,8.12962,2.40,1.50
2013.10.23 02:43:59.930,8.12653,8.12962,1.50,1.50
2013.10.23 02:44:00.270,8.12667,8.12962,1.13,1.50
2013.10.23 02:44:01.000,8.12678,8.12962,1.13,1.50
2013.10.23 02:44:06.838,8.12677,8.12963,1.13,1.50
2013.10.23 02:44:18.019,8.12668,8.12963,1.13,1.50
2013.10.23 02:44:21.149,8.12678,8.12962,3.00,1.50
2013.10.23 02:44:21.509,8.12688,8.12963,1.13,1.50
2013.10.23 02:44:22.488,8.12687,8.12962,1.88,1.50
2013.10.23 02:44:23.520,8.12708,8.12962,3.81,1.50
2013.10.23 02:44:24.176,8.12718,8.12962,1.88,1.50
2013.10.23 02:44:26.107,8.12718,8.12962,1.88,1.50
2013.10.23 02:44:27.136,8.12718,8.12962,1.13,1.50
2013.10.23 02:44:29.981,8.12718,8.12962,1.88,1.50
2013.10.23 02:44:31.550,8.12711,8.12962,1.13,1.50
2013.10.23 02:44:31.669,8.12687,8.12962,1.50,1.50
2013.10.23 02:44:53.401,8.12708,8.12962,1.50,1.50
2013.10.23 02:44:53.760,8.12718,8.12962,2.25,1.50
2013.10.23 02:44:54.093,8.12718,8.12962,2.63,1.50
2013.10.23 02:45:00.142,8.12718,8.12962,1.13,1.50
2013.10.23 02:45:00.762,8.12718,8.12962,1.88,1.50
2013.10.23 02:45:01.533,8.12717,8.12962,1.88,1.50
2013.10.23 02:45:12.428,8.12718,8.12962,1.88,1.50
2013.10.23 02:45:13.230,8.12718,8.12962,1.13,1.50
2013.10.23 02:45:20.750,8.12718,8.12963,1.88,1.50
2013.10.23 02:45:24.524,8.12718,8.12983,1.88,1.50
2013.10.23 02:45:28.199,8.12718,8.12983,1.13,1.50
2013.10.23 02:45:33.999,8.12718,8.12983,1.88,1.50
2013.10.23 02:45:43.170,8.12717,8.12983,1.13,1.50
2013.10.23 02:45:47.930,8.12717,8.12982,1.13,1.50
2013.10.23 02:45:51.340,8.12718,8.12982,1.13,1.50
2013.10.23 02:45:52.083,8.12717,8.12982,1.13,1.50
2013.10.23 02:45:52.412,8.12717,8.12982,1.50,1.50
2013.10.23 02:45:52.770,8.12757,8.12972,1.50,1.50
2013.10.23 02:45:53.129,8.12757,8.12973,2.25,1.50
2013.10.23 02:45:54.020,8.12757,8.12982,2.25,1.50
2013.10.23 02:45:54.259,8.12758,8.12973,1.50,1.50
2013.10.23 02:45:54.558,8.12758,8.12982,1.50,1.50
2013.10.23 02:45:57.739,8.12722,8.12982,1.47,1.50
2013.10.23 02:45:58.258,8.12722,8.12973,1.47,1.50
2013.10.23 02:45:59.049,8.12722,8.12973,1.47,1.50
2013.10.23 02:45:59.289,8.12722,8.12973,1.47,1.50
2013.10.23 02:45:59.871,8.12722,8.12973,1.47,1.50
2013.10.23 02:46:00.250,8.12722,8.12973,1.47,1.50
2013.10.23 02:46:01.009,8.12722,8.12973,1.47,1.50
2013.10.23 02:46:02.079,8.12722,8.12973,1.47,1.50
2013.10.23 02:46:05.442,8.12722,8.12973,1.47,1.50
2013.10.23 02:46:06.206,8.12722,8.12973,1.47,1.50
2013.10.23 02:46:06.888,8.12722,8.12973,1.47,1.50
2013.10.23 02:46:07.532,8.12722,8.12973,1.47,1.50
2013.10.23 02:46:08.962,8.12722,8.12973,1.47,1.50
2013.10.23 02:46:09.482,8.12722,8.12973,1.47,1.50
2013.10.23 02:46:09.694,8.12722,8.12973,1.10,1.50
2013.10.23 02:46:09.942,8.12757,8.12973,1.50,1.50
2013.10.23 02:46:10.730,8.12738,8.12973,1.13,1.50
2013.10.23 02:46:10.850,8.1275,8.12973,1.50,1.50
2013.10.23 02:46:10.970,8.12738,8.12973,1.13,1.50
2013.10.23 02:46:15.359,8.12737,8.12973,1.13,1.50
2013.10.23 02:46:21.561,8.12723,8.12973,2.63,1.50
2013.10.23 02:46:25.418,8.12723,8.12973,2.63,1.50
2013.10.23 02:46:30.644,8.12723,8.12972,2.63,1.50
2013.10.23 02:46:32.378,8.12723,8.12972,1.88,1.50
2013.10.23 02:46:33.092,8.12723,8.12972,1.88,1.50
2013.10.23 02:46:33.663,8.12723,8.12972,1.88,1.50
2013.10.23 02:46:37.159,8.12723,8.12972,1.88,1.50
2013.10.23 02:46:40.399,8.12717,8.12972,1.88,1.50
2013.10.23 02:46:43.324,8.12718,8.12972,1.88,1.50
2013.10.23 02:46:52.722,8.12718,8.12972,1.13,1.50
2013.10.23 02:46:58.202,8.12718,8.12973,1.88,1.50
2013.10.23 02:47:00.305,8.12718,8.12992,1.88,1.50
2013.10.23 02:47:02.698,8.12718,8.12992,1.13,1.50
2013.10.23 02:47:03.314,8.12718,8.12992,1.88,1.50
2013.10.23 02:47:09.730,8.12718,8.12992,1.50,1.50
2013.10.23 02:47:09.859,8.12757,8.12973,1.50,1.50
2013.10.23 02:47:10.218,8.12757,8.12983,2.25,1.50
2013.10.23 02:47:12.350,8.12722,8.12983,1.71,1.50
2013.10.23 02:47:12.999,8.12718,8.12973,1.50,1.50
2013.10.23 02:47:13.059,8.12747,8.12973,2.37,1.50
2013.10.23 02:47:13.479,8.12758,8.12982,1.50,1.50
2013.10.23 02:47:19.709,8.12757,8.12982,1.50,1.50
2013.10.23 02:47:41.900,8.12757,8.12982,2.25,1.50
2013.10.23 02:47:48.209,8.12748,8.12982,1.50,1.50
2013.10.23 02:47:52.749,8.12747,8.12982,1.13,1.50
2013.10.23 02:47:53.279,8.12718,8.12982,1.13,1.50
2013.10.23 02:47:53.866,8.12718,8.12982,1.88,1.50
2013.10.23 02:47:54.249,8.12718,8.12973,1.88,1.50
2013.10.23 02:47:54.866,8.12718,8.12973,1.13,1.50
2013.10.23 02:47:55.319,8.12718,8.12973,1.13,1.50
2013.10.23 02:47:55.841,8.12737,8.12973,1.13,1.50
2013.10.23 02:47:56.185,8.12757,8.12973,1.50,1.50
2013.10.23 02:47:59.658,8.12757,8.12973,1.50,1.50
2013.10.23 02:47:59.958,8.12758,8.12983,1.50,1.50
2013.10.23 02:48:45.140,8.12758,8.12983,1.50,1.50
2013.10.23 02:48:56.945,8.12758,8.12983,1.50,1.50
2013.10.23 02:48:57.534,8.12768,8.12983,1.13,1.50
2013.10.23 02:48:58.078,8.12768,8.12983,1.13,1.50
2013.10.23 02:48:59.921,8.12763,8.12983,1.13,1.50
2013.10.23 02:49:00.159,8.12738,8.12983,1.50,1.50
2013.10.23 02:49:01.169,8.12718,8.12982,1.88,1.50
2013.10.23 02:49:01.746,8.12717,8.12982,2.63,1.50
2013.10.23 02:49:02.280,8.12718,8.12972,1.13,1.50
2013.10.23 02:49:03.300,8.12708,8.12972,1.50,1.50
2013.10.23 02:49:07.083,8.12708,8.12972,1.50,1.50
2013.10.23 02:49:07.853,8.12708,8.12972,1.50,1.50
2013.10.23 02:49:08.722,8.12708,8.12972,1.50,1.50
2013.10.23 02:49:10.300,8.12708,8.12972,1.50,1.50
2013.10.23 02:49:18.236,8.12708,8.12972,1.50,1.50
2013.10.23 02:49:28.204,8.12708,8.12972,1.50,1.50
2013.10.23 02:49:31.779,8.12708,8.12972,1.13,1.50
2013.10.23 02:49:32.384,8.12708,8.12972,1.13,1.50
2013.10.23 02:49:35.150,8.12708,8.12972,1.13,1.50
2013.10.23 02:49:36.249,8.12708,8.12952,1.13,1.50
2013.10.23 02:49:37.053,8.12708,8.12952,1.13,1.50
2013.10.23 02:49:38.010,8.12708,8.12952,1.13,1.50
2013.10.23 02:49:39.543,8.12708,8.12952,1.13,1.50
2013.10.23 02:49:41.415,8.12708,8.12952,1.13,1.50
2013.10.23 02:49:43.401,8.12708,8.12952,1.13,1.50
2013.10.23 02:49:43.771,8.12702,8.12927,1.13,1.50
2013.10.23 02:49:44.418,8.12702,8.12927,1.13,1.50
2013.10.23 02:49:45.429,8.12702,8.12922,1.13,1.50
2013.10.23 02:49:47.690,8.12708,8.12922,1.13,1.50
2013.10.23 02:49:48.199,8.12708,8.12943,1.13,1.50
2013.10.23 02:49:48.259,8.12708,8.12952,1.13,1.50
2013.10.23 02:49:49.014,8.12708,8.12952,1.13,1.50
2013.10.23 02:49:49.673,8.12708,8.12952,1.13,1.50
2013.10.23 02:49:50.883,8.12708,8.12952,1.13,1.50
2013.10.23 02:49:52.240,8.12708,8.12952,1.13,1.50
2013.10.23 02:49:58.679,8.12708,8.12952,1.13,1.50
2013.10.23 02:49:59.346,8.12708,8.12952,1.13,1.50
2013.10.23 02:50:01.611,8.12708,8.12952,1.13,1.50
2013.10.23 02:50:01.909,8.12718,8.12962,1.13,1.50
2013.10.23 02:50:01.969,8.12728,8.12972,1.13,1.50
2013.10.23 02:50:04.250,8.12728,8.12972,1.13,1.50
2013.10.23 02:50:08.121,8.12728,8.12973,1.13,1.50
2013.10.23 02:50:08.179,8.12728,8.12973,1.88,1.50
2013.10.23 02:50:09.260,8.12728,8.12973,1.88,1.50
2013.10.23 02:50:15.019,8.12747,8.12983,1.50,1.50
2013.10.23 02:50:15.410,8.12753,8.12983,1.50,1.50
2013.10.23 02:50:20.360,8.12753,8.12982,1.50,1.50
2013.10.23 02:50:22.172,8.12737,8.12973,1.50,1.50
2013.10.23 02:50:28.169,8.12737,8.12983,1.50,1.50
2013.10.23 02:50:28.289,8.12748,8.12983,1.50,1.50
2013.10.23 02:50:31.699,8.12738,8.12982,1.50,1.50
2013.10.23 02:50:45.424,8.12722,8.12972,1.35,1.50
2013.10.23 02:50:46.068,8.12722,8.12982,1.35,1.50
2013.10.23 02:50:46.800,8.12723,8.12982,1.78,1.50
2013.10.23 02:50:47.310,8.12723,8.12972,1.78,1.50
2013.10.23 02:50:48.300,8.12723,8.12972,1.70,1.50
2013.10.23 02:50:52.600,8.12723,8.12973,1.70,1.50
2013.10.23 02:50:55.119,8.12723,8.12973,1.70,1.50
2013.10.23 02:50:59.749,8.12723,8.12973,1.70,1.50
2013.10.23 02:51:04.200,8.12723,8.12973,1.70,1.50
2013.10.23 02:51:05.450,8.12723,8.12973,1.70,1.50
2013.10.23 02:51:07.182,8.12723,8.12973,1.70,1.50
2013.10.23 02:51:13.654,8.12718,8.12973,1.13,1.50
2013.10.23 02:51:15.401,8.12718,8.12973,1.13,1.50
2013.10.23 02:51:16.092,8.12718,8.12973,1.88,1.50
2013.10.23 02:51:16.741,8.12718,8.12973,1.13,1.50
2013.10.23 02:51:17.360,8.12718,8.12973,1.88,1.50
2013.10.23 02:51:18.460,8.12718,8.12972,1.13,1.50
2013.10.23 02:51:34.740,8.12718,8.12972,1.50,1.50
2013.10.23 02:51:34.910,8.12718,8.12972,1.13,1.50
2013.10.23 02:51:35.453,8.12718,8.12972,1.88,1.50
2013.10.23 02:51:36.005,8.12718,8.12972,1.13,1.50
2013.10.23 02:51:36.722,8.12718,8.12972,1.88,1.50
2013.10.23 02:51:37.359,8.12738,8.12972,1.50,1.50
2013.10.23 02:51:37.599,8.12721,8.12972,2.11,1.50
2013.10.23 02:51:37.659,8.12723,8.12972,1.50,1.50
2013.10.23 02:51:37.899,8.12738,8.12983,1.50,1.50
2013.10.23 02:51:37.960,8.12748,8.12983,1.50,1.50
2013.10.23 02:51:38.969,8.12728,8.12982,1.13,1.50
2013.10.23 02:51:39.089,8.12718,8.12982,1.88,1.50
2013.10.23 02:51:39.727,8.12718,8.12982,2.63,1.50
2013.10.23 02:51:40.330,8.12718,8.12972,2.63,1.50
2013.10.23 02:51:41.320,8.12718,8.12972,2.63,1.50
2013.10.23 02:51:41.920,8.12718,8.12972,1.88,1.50
2013.10.23 02:51:43.800,8.12718,8.12972,2.63,1.50
2013.10.23 02:51:44.406,8.12718,8.12972,1.88,1.50
2013.10.23 02:51:47.002,8.12718,8.12972,2.63,1.50
2013.10.23 02:51:48.226,8.12718,8.12972,1.88,1.50
2013.10.23 02:51:57.440,8.12717,8.12993,1.50,1.50
2013.10.23 02:51:57.559,8.1271,8.13023,1.50,1.50
2013.10.23 02:51:57.679,8.12687,8.13023,1.50,1.50
2013.10.23 02:51:57.859,8.12677,8.12962,1.50,1.50
2013.10.23 02:51:58.219,8.12748,8.13092,1.50,2.25
2013.10.23 02:51:58.599,8.12748,8.13092,1.50,1.50
2013.10.23 02:51:58.720,8.12748,8.13092,2.25,1.50
2013.10.23 02:51:59.079,8.13038,8.13262,1.50,1.50
2013.10.23 02:51:59.259,8.13098,8.13428,1.50,1.50
2013.10.23 02:51:59.679,8.13098,8.13442,1.50,2.25
2013.10.23 02:52:02.298,8.13098,8.13442,1.50,2.25
2013.10.23 02:52:10.969,8.13098,8.13442,1.50,2.25
2013.10.23 02:52:11.392,8.13098,8.13442,1.50,2.25
2013.10.23 02:52:12.280,8.13098,8.13442,1.50,1.50
2013.10.23 02:52:20.529,8.13098,8.13442,1.50,2.25
2013.10.23 02:52:20.860,8.13098,8.13422,1.50,1.50
2013.10.23 02:52:21.719,8.13098,8.13402,1.50,1.50
2013.10.23 02:52:21.959,8.13098,8.13413,1.50,1.50
2013.10.23 02:52:38.151,8.13098,8.13422,2.25,1.50
2013.10.23 02:52:39.690,8.13098,8.13422,2.25,1.50
2013.10.23 02:52:40.404,8.13098,8.13422,2.25,1.50
2013.10.23 02:52:42.441,8.13098,8.13423,2.25,1.50
2013.10.23 02:52:42.620,8.13057,8.13373,1.50,1.50
2013.10.23 02:52:43.440,8.13058,8.13373,1.50,1.50
2013.10.23 02:52:44.369,8.13058,8.13373,1.50,1.50
2013.10.23 02:52:45.339,8.13058,8.13373,1.50,1.50
2013.10.23 02:52:53.929,8.13058,8.13373,1.50,1.50
2013.10.23 02:52:54.909,8.13027,8.13373,1.50,1.50
2013.10.23 02:52:55.030,8.12968,8.13312,2.25,1.50
2013.10.23 02:52:55.612,8.12968,8.13312,2.25,1.50
2013.10.23 02:52:56.279,8.12968,8.13312,2.25,1.50
2013.10.23 02:53:05.890,8.13108,8.13312,2.37,1.50
2013.10.23 02:53:06.011,8.13038,8.13312,1.50,1.50
2013.10.23 02:53:06.069,8.13077,8.13312,1.50,1.50
2013.10.23 02:53:06.129,8.13077,8.13373,1.88,1.50
2013.10.23 02:53:06.190,8.13118,8.13373,1.50,1.50
2013.10.23 02:53:06.250,8.13117,8.13373,2.25,1.50
2013.10.23 02:53:06.309,8.1316,8.13373,1.82,1.50
2013.10.23 02:53:06.430,8.13151,8.13373,1.50,1.50
2013.10.23 02:53:06.489,8.13153,8.13373,1.50,1.50
2013.10.23 02:53:06.610,8.13117,8.13373,1.50,1.50
2013.10.23 02:53:06.669,8.13107,8.13373,1.66,1.50
2013.10.23 02:53:06.729,8.1312,8.13373,2.07,1.50
2013.10.23 02:53:07.041,8.13157,8.13373,1.50,1.50
2013.10.23 02:53:07.399,8.1317,8.13423,1.50,1.50
2013.10.23 02:53:07.700,8.13198,8.13423,1.50,1.50
2013.10.23 02:53:15.130,8.13177,8.13422,1.50,1.50
2013.10.23 02:53:28.055,8.13168,8.13422,1.88,1.50
2013.10.23 02:53:28.621,8.13177,8.13422,1.50,1.50
2013.10.23 02:53:45.939,8.13178,8.13423,1.50,1.50
2013.10.23 02:53:50.039,8.13178,8.13402,1.50,1.50
2013.10.23 02:53:52.540,8.13177,8.13422,1.50,1.50
2013.10.23 02:53:53.155,8.13177,8.13422,1.50,1.50
2013.10.23 02:54:04.705,8.13177,8.13422,1.50,1.50
2013.10.23 02:54:05.250,8.13178,8.13423,1.50,1.50
2013.10.23 02:54:13.479,8.13178,8.13423,1.50,1.50
2013.10.23 02:54:13.602,8.13168,8.13513,1.88,3.00
2013.10.23 02:54:14.850,8.13187,8.13513,2.90,3.00
2013.10.23 02:54:15.169,8.13171,8.13513,1.50,3.00
2013.10.23 02:54:20.220,8.13187,8.13513,2.03,3.00
2013.10.23 02:54:22.859,8.1317,8.13513,1.50,3.00
2013.10.23 02:54:22.920,8.13188,8.13513,1.50,3.00
2013.10.23 02:54:27.162,8.1317,8.13513,1.50,3.00
2013.10.23 02:54:27.299,8.13188,8.13513,2.93,3.00
2013.10.23 02:54:29.429,8.13188,8.13502,2.93,1.50
2013.10.23 02:54:32.169,8.13188,8.13502,2.93,1.50
2013.10.23 02:54:34.699,8.13188,8.13513,2.93,2.25
2013.10.23 02:54:35.359,8.13178,8.13513,1.50,2.25
2013.10.23 02:54:45.399,8.13167,8.13513,2.63,2.25
2013.10.23 02:54:45.579,8.13167,8.13513,1.88,2.25
2013.10.23 02:54:45.639,8.13157,8.13453,1.13,1.50
2013.10.23 02:54:46.174,8.13117,8.13453,1.13,1.50
2013.10.23 02:54:46.773,8.13117,8.13453,1.13,1.50
2013.10.23 02:54:49.311,8.13117,8.13453,1.13,1.50
2013.10.23 02:54:51.279,8.13117,8.13453,1.13,1.50
2013.10.23 02:54:59.567,8.13107,8.13453,2.25,1.50
2013.10.23 02:54:59.689,8.13117,8.13523,1.50,1.50
2013.10.23 02:54:59.809,8.13093,8.13522,2.70,1.50
2013.10.23 02:54:59.870,8.13017,8.13503,2.78,1.50
2013.10.23 02:54:59.929,8.13067,8.13503,1.73,1.50
2013.10.23 02:55:00.230,8.13257,8.13503,1.50,1.50
2013.10.23 02:55:00.409,8.1323,8.13503,1.50,1.50
2013.10.23 02:55:00.779,8.13211,8.13503,1.50,1.50
2013.10.23 02:55:00.839,8.13211,8.13503,1.50,1.50
2013.10.23 02:55:01.019,8.1323,8.13503,1.50,1.50
2013.10.23 02:55:01.906,8.13217,8.13512,1.50,2.25
2013.10.23 02:55:01.970,8.13217,8.13441,1.50,1.60
2013.10.23 02:55:02.030,8.13137,8.13402,3.06,1.50
2013.10.23 02:55:02.089,8.12797,8.13402,2.18,1.50
2013.10.23 02:55:02.170,8.12898,8.13402,2.32,1.50
2013.10.23 02:55:02.529,8.13078,8.13422,1.50,1.50
2013.10.23 02:55:03.319,8.12961,8.13302,1.50,1.50
2013.10.23 02:55:03.559,8.12958,8.13302,1.50,1.50
2013.10.23 02:55:04.239,8.12929,8.13132,1.88,1.50
2013.10.23 02:55:04.603,8.12712,8.13153,2.78,1.50
2013.10.23 02:55:04.729,8.12721,8.13243,1.50,2.25
2013.10.23 02:55:04.789,8.12721,8.13243,1.50,1.50
2013.10.23 02:55:04.910,8.12891,8.13243,1.95,1.50
2013.10.23 02:55:05.149,8.12875,8.13243,1.95,1.50
2013.10.23 02:55:05.449,8.12875,8.13093,1.95,1.50
2013.10.23 02:55:05.569,8.12487,8.13093,1.65,1.50
2013.10.23 02:55:05.709,8.12497,8.13093,1.50,2.25
2013.10.23 02:55:06.069,8.12732,8.13093,2.18,1.50
2013.10.23 02:55:09.360,8.12614,8.13093,2.63,1.50
2013.10.23 02:55:09.419,8.12614,8.13042,2.63,1.50
2013.10.23 02:55:09.539,8.12498,8.13042,2.25,1.50
2013.10.23 02:55:09.603,8.12417,8.13012,1.59,1.50
2013.10.23 02:55:10.149,8.12418,8.13012,1.84,1.50
2013.10.23 02:55:15.229,8.12418,8.12962,1.45,1.50
2013.10.23 02:55:15.941,8.12417,8.12962,1.90,1.50
2013.10.23 02:55:16.459,8.12418,8.12962,1.80,1.50
2013.10.23 02:55:17.638,8.12417,8.12962,1.70,1.50
2013.10.23 02:55:20.389,8.12418,8.12962,1.59,1.50
2013.10.23 02:55:21.809,8.12417,8.12962,1.08,1.50
2013.10.23 02:55:26.309,8.12418,8.12962,1.17,1.50
2013.10.23 02:55:26.623,8.12418,8.12949,1.17,1.88
2013.10.23 02:55:36.322,8.12428,8.12949,1.47,1.88
2013.10.23 02:55:36.679,8.12428,8.12913,1.47,2.25
2013.10.23 02:55:37.571,8.12428,8.129,1.47,2.55
2013.10.23 02:55:38.169,8.12428,8.12888,1.35,2.70
2013.10.23 02:55:38.879,8.12427,8.12888,1.47,2.70
2013.10.23 02:55:39.189,8.12427,8.12875,1.47,1.80
2013.10.23 02:55:39.572,8.12417,8.12865,1.80,1.80
2013.10.23 02:55:40.271,8.12428,8.12865,1.17,1.80
2013.10.23 02:55:41.339,8.12417,8.12865,1.20,1.80
2013.10.23 02:55:53.669,8.12417,8.12855,1.35,1.80
2013.10.23 02:56:04.180,8.12417,8.12844,1.54,2.70
2013.10.23 02:56:05.909,8.12417,8.12682,1.58,1.50
2013.10.23 02:56:06.269,8.12417,8.12831,1.58,2.93
2013.10.23 02:56:06.579,8.12417,8.12823,1.58,2.85
2013.10.23 02:56:07.390,8.12417,8.12779,1.35,1.80
2013.10.23 02:56:10.739,8.12427,8.1277,1.47,2.63
2013.10.23 02:56:11.052,8.12427,8.12602,1.47,1.50
2013.10.23 02:56:11.819,8.12427,8.12722,1.47,1.50
2013.10.23 02:56:12.649,8.12418,8.12722,1.73,1.50
2013.10.23 02:56:13.189,8.12431,8.12723,1.13,1.50
2013.10.23 02:56:16.979,8.12428,8.12723,1.09,1.50
2013.10.23 02:56:17.280,8.12417,8.12903,1.99,2.25
2013.10.23 02:56:17.399,8.12436,8.12903,1.13,1.50
2013.10.23 02:56:18.230,8.12436,8.12903,1.13,1.50
2013.10.23 02:56:26.741,8.12458,8.12973,1.50,1.50
2013.10.23 02:56:40.020,8.12548,8.12892,1.50,1.50
2013.10.23 02:57:32.912,8.12454,8.12902,1.50,1.50
2013.10.23 02:57:33.150,8.12438,8.12902,1.13,1.50
2013.10.23 02:57:33.390,8.12497,8.12843,1.50,1.50
2013.10.23 02:57:59.650,8.12427,8.12743,1.35,1.50
2013.10.23 02:58:20.770,8.12429,8.12933,1.13,2.25
2013.10.23 02:58:20.830,8.12437,8.12933,1.13,1.50
2013.10.23 02:58:55.400,8.12437,8.12908,1.13,2.55
2013.10.23 02:59:09.019,8.12438,8.12907,1.13,1.50
2013.10.23 02:59:19.890,8.12437,8.12916,1.13,1.88
2013.10.23 02:59:21.780,8.12457,8.12916,1.50,1.88
2013.10.23 02:59:21.840,8.12457,8.12994,1.50,1.50
2013.10.23 02:59:21.901,8.12466,8.13003,1.50,2.25
2013.10.23 02:59:33.773,8.12466,8.13003,1.50,2.25
2013.10.23 02:59:36.480,8.12466,8.13003,1.50,2.25
2013.10.23 02:59:40.270,8.12466,8.13002,1.50,1.50
2013.10.23 02:59:40.880,8.12466,8.13003,1.50,2.25
2013.10.23 02:59:41.061,8.12466,8.12923,1.50,1.50
2013.10.23 02:59:41.240,8.12437,8.12923,1.13,1.50
