2013.10.09 03:00:02.608,8.1071,8.1128,1.50,1.50
2013.10.09 03:00:22.527,8.1071,8.1128,1.50,1.50
2013.10.09 03:00:43.089,8.10713,8.11283,1.50,1.50
2013.10.09 03:01:03.469,8.10711,8.11283,1.50,1.50
2013.10.09 03:01:24.507,8.10708,8.11278,1.50,1.50
2013.10.09 03:01:44.548,8.10708,8.11278,1.50,1.50
2013.10.09 03:01:50.228,8.10702,8.11298,1.50,1.50
2013.10.09 03:01:50.347,8.10777,8.11317,1.50,1.50
2013.10.09 03:01:55.808,8.10917,8.11263,1.50,1.50
2013.10.09 03:02:00.168,8.10978,8.11322,1.50,1.50
2013.10.09 03:02:01.975,8.10978,8.11322,1.50,2.25
2013.10.09 03:02:02.100,8.10978,8.11322,1.50,2.25
2013.10.09 03:02:03.428,8.10978,8.11322,1.50,2.25
2013.10.09 03:02:06.908,8.10978,8.11322,1.50,2.25
2013.10.09 03:02:07.328,8.11017,8.11363,1.50,2.25
2013.10.09 03:02:07.448,8.11017,8.11363,1.50,2.25
2013.10.09 03:02:13.082,8.11078,8.11422,1.50,2.25
2013.10.09 03:02:13.150,8.11078,8.11422,1.50,2.25
2013.10.09 03:02:13.958,8.11078,8.11422,1.50,2.25
2013.10.09 03:02:15.449,8.11078,8.11422,1.50,2.25
2013.10.09 03:02:17.907,8.11078,8.11422,1.50,2.25
2013.10.09 03:02:18.148,8.11078,8.11422,1.50,2.25
2013.10.09 03:02:18.860,8.11078,8.11422,1.50,2.25
2013.10.09 03:02:19.168,8.11127,8.11448,1.50,1.13
2013.10.09 03:02:20.399,8.11127,8.11447,1.50,1.13
2013.10.09 03:02:22.398,8.11127,8.11447,2.25,1.13
2013.10.09 03:02:22.458,8.11127,8.11468,3.00,1.50
2013.10.09 03:02:22.759,8.11137,8.11467,1.50,1.50
2013.10.09 03:02:24.469,8.11137,8.11467,1.50,1.50
2013.10.09 03:02:25.459,8.11137,8.11467,1.50,1.50
2013.10.09 03:02:26.358,8.11137,8.11467,1.50,1.50
2013.10.09 03:02:26.478,8.11157,8.11473,1.50,2.25
2013.10.09 03:02:26.849,8.11187,8.11487,1.50,1.13
2013.10.09 03:02:27.610,8.11187,8.11493,1.50,1.50
2013.10.09 03:02:27.879,8.11187,8.11493,1.50,1.50
2013.10.09 03:02:28.418,8.11188,8.11482,1.50,1.50
2013.10.09 03:02:29.419,8.11188,8.11482,1.50,1.50
2013.10.09 03:02:29.699,8.11188,8.11492,1.50,1.50
2013.10.09 03:02:30.219,8.11188,8.11492,1.50,1.50
2013.10.09 03:02:30.418,8.11188,8.11492,1.50,1.50
2013.10.09 03:02:30.539,8.11208,8.11486,1.50,1.50
2013.10.09 03:02:30.921,8.11228,8.11482,1.50,1.50
2013.10.09 03:02:31.469,8.11228,8.11482,1.50,1.50
2013.10.09 03:02:31.649,8.11228,8.11482,1.50,1.50
2013.10.09 03:02:33.398,8.11227,8.11492,1.50,1.50
2013.10.09 03:02:33.599,8.11178,8.11493,2.25,1.50
2013.10.09 03:02:33.718,8.11178,8.11493,2.25,1.50
2013.10.09 03:02:34.438,8.11178,8.11493,2.25,1.50
2013.10.09 03:02:34.758,8.11178,8.11493,2.25,1.50
2013.10.09 03:02:35.429,8.11178,8.11493,2.25,1.50
2013.10.09 03:02:39.228,8.11178,8.11488,2.25,1.88
2013.10.09 03:02:39.288,8.11178,8.11488,1.50,1.88
2013.10.09 03:02:39.408,8.11178,8.11487,1.50,1.13
2013.10.09 03:02:40.518,8.11178,8.11487,1.50,1.13
2013.10.09 03:02:41.503,8.11178,8.11487,1.50,1.13
2013.10.09 03:02:44.058,8.11127,8.11473,1.50,2.25
2013.10.09 03:02:44.178,8.11127,8.11473,1.50,1.50
2013.10.09 03:02:45.115,8.11127,8.11473,1.50,2.25
2013.10.09 03:02:46.488,8.11127,8.11473,1.50,1.50
2013.10.09 03:02:47.668,8.11127,8.11473,1.50,2.25
2013.10.09 03:02:48.918,8.11127,8.11473,1.50,1.50
2013.10.09 03:02:49.038,8.10979,8.11283,1.50,1.50
2013.10.09 03:02:49.218,8.10937,8.11283,1.50,1.50
2013.10.09 03:02:50.148,8.10812,8.11353,1.50,1.50
2013.10.09 03:02:50.449,8.10807,8.11352,1.50,1.50
2013.10.09 03:02:51.318,8.1078,8.11292,1.50,1.50
2013.10.09 03:02:51.498,8.10748,8.11292,1.50,2.25
2013.10.09 03:03:11.558,8.10748,8.11287,1.50,1.50
2013.10.09 03:03:20.658,8.10797,8.11287,1.50,1.50
2013.10.09 03:03:20.838,8.10797,8.11329,1.50,1.50
2013.10.09 03:03:26.948,8.10759,8.11293,1.50,1.50
2013.10.09 03:03:27.008,8.10747,8.11289,1.50,1.50
2013.10.09 03:03:47.404,8.10747,8.11289,1.50,1.50
2013.10.09 03:04:07.464,8.10747,8.11293,1.50,2.25
2013.10.09 03:04:28.295,8.10717,8.11287,1.50,1.50
2013.10.09 03:04:29.280,8.10716,8.11286,1.50,1.50
2013.10.09 03:04:49.579,8.10716,8.11286,1.50,1.50
2013.10.09 03:05:10.549,8.10721,8.11291,1.50,1.50
2013.10.09 03:05:31.488,8.10718,8.1129,1.50,1.50
2013.10.09 03:06:07.090,8.10808,8.1129,1.50,1.50
2013.10.09 03:06:07.148,8.10808,8.11342,1.50,1.50
2013.10.09 03:06:15.768,8.1077,8.11272,1.50,1.50
2013.10.09 03:06:15.948,8.10728,8.11272,2.25,2.25
2013.10.09 03:06:27.788,8.10728,8.11263,1.50,1.50
2013.10.09 03:06:28.108,8.10728,8.11072,1.50,1.50
2013.10.09 03:06:31.958,8.10738,8.11189,1.50,1.50
2013.10.09 03:06:32.079,8.10738,8.11274,1.50,1.50
2013.10.09 03:06:41.968,8.10738,8.11282,2.25,2.25
2013.10.09 03:07:02.512,8.10738,8.11282,2.25,2.25
2013.10.09 03:07:23.396,8.10738,8.11282,2.25,2.25
2013.10.09 03:07:44.549,8.1072,8.11292,1.50,1.50
2013.10.09 03:08:05.029,8.10717,8.11289,1.50,1.50
2013.10.09 03:08:25.431,8.10721,8.11293,1.50,1.50
2013.10.09 03:09:26.212,8.10558,8.11478,2.05,1.58
2013.10.09 03:10:23.110,8.10558,8.11467,2.05,1.13
2013.10.09 03:10:26.141,8.10558,8.11466,2.05,1.13
2013.10.09 03:10:28.659,8.10724,8.11294,1.50,1.50
2013.10.09 03:10:49.505,8.10721,8.11293,1.50,1.50
2013.10.09 03:11:31.464,8.10721,8.11293,1.50,1.50
2013.10.09 03:12:12.467,8.10719,8.11289,1.50,1.50
2013.10.09 03:12:33.439,8.10719,8.11289,1.50,1.50
2013.10.09 03:12:53.538,8.10721,8.11291,1.50,1.50
2013.10.09 03:13:14.824,8.10719,8.11291,1.50,1.50
2013.10.09 03:14:16.272,8.10577,8.11488,1.09,1.58
2013.10.09 03:14:16.453,8.10588,8.11436,1.09,2.25
2013.10.09 03:14:57.509,8.10722,8.11294,1.50,1.50
2013.10.09 03:15:18.498,8.10721,8.11291,1.50,1.50
2013.10.09 03:15:38.434,8.10721,8.11291,1.50,1.50
2013.10.09 03:16:39.751,8.10548,8.11437,1.67,1.13
2013.10.09 03:16:40.987,8.10548,8.11437,1.67,1.13
2013.10.09 03:16:42.633,8.10548,8.11437,1.67,1.13
2013.10.09 03:16:43.180,8.10548,8.11437,1.67,1.13
2013.10.09 03:16:43.718,8.10548,8.11437,1.67,1.13
2013.10.09 03:16:48.068,8.10548,8.11437,1.67,1.13
2013.10.09 03:16:52.623,8.10548,8.11437,1.67,1.13
2013.10.09 03:16:52.678,8.10548,8.11437,1.67,1.13
2013.10.09 03:16:56.660,8.10548,8.11437,1.67,1.13
2013.10.09 03:16:58.312,8.10548,8.11437,1.67,1.13
2013.10.09 03:17:01.559,8.10588,8.11413,1.09,1.50
2013.10.09 03:17:02.050,8.10719,8.11289,1.50,1.50
2013.10.09 03:17:21.478,8.10719,8.11289,1.50,1.50
2013.10.09 03:18:02.535,8.10718,8.11288,1.50,1.50
2013.10.09 03:18:08.680,8.10715,8.11232,1.50,1.50
2013.10.09 03:18:08.860,8.10688,8.11232,2.25,2.25
2013.10.09 03:18:21.020,8.10737,8.11248,1.50,1.50
2013.10.09 03:18:21.080,8.10737,8.11268,2.25,1.50
2013.10.09 03:18:21.140,8.10737,8.11283,2.25,2.25
2013.10.09 03:18:39.589,8.10918,8.11262,1.50,1.50
2013.10.09 03:18:44.461,8.10978,8.11322,1.50,1.50
2013.10.09 03:18:48.940,8.11017,8.11363,1.50,1.50
2013.10.09 03:18:53.469,8.11078,8.11422,1.50,2.25
2013.10.09 03:18:54.054,8.11078,8.11422,1.50,2.25
2013.10.09 03:18:56.430,8.11078,8.11422,1.50,2.25
2013.10.09 03:18:58.213,8.11078,8.11422,1.50,2.25
2013.10.09 03:18:58.270,8.11078,8.11422,2.25,2.25
2013.10.09 03:18:58.629,8.11128,8.11472,1.50,2.25
2013.10.09 03:18:59.360,8.11128,8.11472,1.50,2.25
2013.10.09 03:19:01.188,8.11128,8.11472,1.50,2.25
2013.10.09 03:19:01.250,8.11128,8.11472,2.25,2.25
2013.10.09 03:19:01.610,8.11138,8.11472,1.50,2.25
2013.10.09 03:19:02.519,8.11138,8.11472,1.50,2.25
2013.10.09 03:19:03.470,8.11138,8.11472,1.50,2.25
2013.10.09 03:19:03.940,8.11138,8.11472,1.50,2.25
2013.10.09 03:19:04.844,8.11148,8.11472,1.50,2.25
2013.10.09 03:19:05.170,8.11177,8.11472,1.50,2.25
2013.10.09 03:19:06.440,8.11177,8.11472,1.50,2.25
2013.10.09 03:19:07.139,8.11177,8.11472,1.50,1.50
2013.10.09 03:19:07.203,8.11177,8.11283,1.50,1.50
2013.10.09 03:19:07.259,8.11097,8.11283,1.50,1.50
2013.10.09 03:19:07.320,8.11022,8.11283,1.50,1.50
2013.10.09 03:19:07.380,8.10995,8.11283,1.50,1.50
2013.10.09 03:19:07.440,8.10937,8.11283,2.25,1.50
2013.10.09 03:19:07.500,8.10937,8.11283,1.50,1.50
2013.10.09 03:19:07.560,8.10997,8.11343,1.50,1.50
2013.10.09 03:19:08.530,8.10885,8.11323,1.50,1.50
2013.10.09 03:19:08.650,8.10789,8.11323,1.50,2.25
2013.10.09 03:19:08.709,8.10777,8.11323,2.25,2.25
2013.10.09 03:19:15.971,8.10777,8.11323,1.50,2.25
2013.10.09 03:19:22.149,8.10777,8.11323,2.25,2.25
2013.10.09 03:19:22.482,8.11018,8.11362,1.50,1.50
2013.10.09 03:19:26.469,8.10977,8.11323,1.50,1.50
2013.10.09 03:19:36.110,8.10851,8.11322,1.50,1.50
2013.10.09 03:19:36.170,8.10795,8.11322,1.50,1.50
2013.10.09 03:19:36.230,8.10778,8.11322,2.25,1.50
2013.10.09 03:19:43.289,8.10778,8.11322,1.50,2.25
2013.10.09 03:20:23.610,8.10778,8.11322,1.50,2.25
2013.10.09 03:20:26.930,8.10757,8.11252,1.50,1.50
2013.10.09 03:20:27.110,8.10708,8.11252,2.25,2.25
2013.10.09 03:20:47.630,8.10708,8.11252,2.25,2.25
2013.10.09 03:21:08.560,8.10708,8.11252,2.25,2.25
2013.10.09 03:21:43.960,8.10699,8.11202,1.50,1.50
2013.10.09 03:21:44.080,8.10658,8.11202,2.25,2.25
2013.10.09 03:22:04.780,8.10738,8.11082,1.50,1.50
2013.10.09 03:22:29.510,8.10737,8.11194,1.50,1.50
2013.10.09 03:22:29.570,8.10737,8.11271,1.50,1.50
2013.10.09 03:22:29.690,8.10737,8.11283,1.50,2.25
2013.10.09 03:22:50.448,8.10737,8.11283,2.25,2.25
2013.10.09 03:23:11.460,8.10737,8.11283,2.25,2.25
2013.10.09 03:23:32.509,8.10716,8.11286,1.50,1.50
2013.10.09 03:23:53.450,8.10719,8.11291,1.50,1.50
2013.10.09 03:24:13.660,8.1072,8.11292,1.50,1.50
2013.10.09 03:25:14.294,8.10558,8.11447,1.37,1.13
2013.10.09 03:25:35.631,8.10568,8.11412,1.28,1.50
2013.10.09 03:25:35.990,8.10724,8.11294,1.50,1.50
2013.10.09 03:25:56.081,8.10724,8.11294,1.50,1.50
2013.10.09 03:26:16.361,8.10722,8.11292,1.50,1.50
2013.10.09 03:26:36.600,8.10723,8.11295,1.50,1.50
2013.10.09 03:26:57.620,8.10722,8.11294,1.50,1.50
2013.10.09 03:27:17.712,8.10724,8.11294,1.50,1.50
2013.10.09 03:27:59.402,8.10724,8.11294,1.50,1.50
2013.10.09 03:28:41.461,8.10722,8.11294,1.50,1.50
2013.10.09 03:29:02.479,8.10722,8.11294,1.50,1.50
2013.10.09 03:29:23.500,8.10723,8.11295,1.50,1.50
2013.10.09 03:30:05.857,8.10722,8.11292,1.50,1.50
2013.10.09 03:30:47.630,8.1072,8.1129,1.50,1.50
2013.10.09 03:31:07.581,8.10721,8.11291,1.50,1.50
2013.10.09 03:31:28.450,8.10721,8.11291,1.50,1.50
2013.10.09 03:32:09.271,8.10719,8.11291,1.50,1.50
2013.10.09 03:32:49.781,8.10714,8.11286,1.50,1.50
2013.10.09 03:33:10.482,8.10721,8.11293,1.50,1.50
2013.10.09 03:33:31.521,8.10718,8.11288,1.50,1.50
2013.10.09 03:33:51.581,8.10718,8.1129,1.50,1.50
2013.10.09 03:34:11.901,8.10717,8.11287,1.50,1.50
2013.10.09 03:34:32.501,8.1072,8.1129,1.50,1.50
2013.10.09 03:34:52.451,8.10714,8.11284,1.50,1.50
2013.10.09 03:35:13.453,8.10714,8.11284,1.50,1.50
2013.10.09 03:35:34.375,8.10718,8.11288,1.50,1.50
2013.10.09 03:35:55.551,8.10718,8.1129,1.50,1.50
2013.10.09 03:36:15.761,8.10716,8.11288,1.50,1.50
2013.10.09 03:36:36.082,8.10717,8.11289,1.50,1.50
2013.10.09 03:36:56.522,8.10717,8.11287,1.50,1.50
2013.10.09 03:37:17.425,8.10717,8.11287,1.50,1.50
2013.10.09 03:37:17.942,8.10818,8.11291,1.50,1.50
2013.10.09 03:37:18.061,8.10818,8.11334,1.50,1.50
2013.10.09 03:37:18.121,8.10818,8.11353,1.50,1.50
2013.10.09 03:37:30.761,8.10818,8.11334,1.50,1.50
2013.10.09 03:37:31.070,8.10728,8.11072,1.50,1.50
2013.10.09 03:37:31.252,8.10787,8.11133,1.50,1.50
2013.10.09 03:37:35.032,8.10808,8.11257,1.50,1.50
2013.10.09 03:37:35.212,8.10717,8.11003,1.50,1.50
2013.10.09 03:37:35.272,8.10706,8.11003,1.50,1.50
2013.10.09 03:37:36.322,8.10658,8.11003,1.50,2.25
2013.10.09 03:37:38.122,8.10658,8.11003,1.50,2.25
2013.10.09 03:37:38.182,8.10658,8.10952,1.50,1.50
2013.10.09 03:37:39.171,8.10727,8.11022,1.50,1.50
2013.10.09 03:37:39.475,8.10727,8.11062,1.50,1.13
2013.10.09 03:37:39.542,8.10727,8.11073,1.50,2.45
2013.10.09 03:37:43.340,8.10727,8.11073,2.25,2.45
2013.10.09 03:37:43.461,8.10911,8.11073,1.50,2.45
2013.10.09 03:37:53.382,8.10974,8.11073,1.50,1.10
2013.10.09 03:37:53.942,8.10955,8.11072,1.50,1.65
2013.10.09 03:37:56.322,8.10997,8.11343,1.50,2.25
2013.10.09 03:37:56.387,8.11048,8.11372,1.50,1.92
2013.10.09 03:37:56.511,8.11048,8.11392,1.50,2.25
2013.10.09 03:37:56.571,8.10997,8.11343,1.50,1.50
2013.10.09 03:37:57.422,8.10997,8.11343,1.50,2.25
2013.10.09 03:37:59.408,8.10997,8.11343,1.50,2.25
2013.10.09 03:38:02.423,8.10997,8.11343,2.25,2.25
2013.10.09 03:38:02.721,8.10997,8.11343,2.25,2.25
2013.10.09 03:38:03.082,8.11048,8.11392,1.50,2.25
2013.10.09 03:38:07.462,8.11048,8.11392,1.50,1.50
2013.10.09 03:38:07.521,8.10906,8.11243,1.50,1.50
2013.10.09 03:38:07.581,8.10897,8.11243,2.25,1.50
2013.10.09 03:38:07.641,8.10897,8.11243,1.50,1.50
2013.10.09 03:38:08.842,8.10773,8.11292,1.50,1.50
2013.10.09 03:38:08.961,8.10748,8.11292,2.25,2.25
2013.10.09 03:38:09.082,8.10848,8.11307,1.50,1.50
2013.10.09 03:38:09.470,8.10848,8.11392,1.50,3.00
2013.10.09 03:38:14.641,8.10937,8.11392,1.50,1.50
2013.10.09 03:38:14.822,8.10937,8.1145,1.50,1.50
2013.10.09 03:38:14.882,8.10937,8.11463,1.50,1.50
2013.10.09 03:38:24.621,8.10898,8.11402,1.50,1.50
2013.10.09 03:38:24.681,8.10858,8.11402,1.50,2.25
2013.10.09 03:38:25.812,8.10858,8.11402,1.50,1.50
2013.10.09 03:38:30.492,8.10858,8.11402,1.50,2.25
2013.10.09 03:38:30.842,8.10728,8.11072,1.50,1.50
2013.10.09 03:38:37.482,8.10727,8.1119,1.50,1.50
2013.10.09 03:38:37.661,8.10727,8.11267,1.50,1.50
2013.10.09 03:38:38.861,8.10727,8.11273,1.50,1.50
2013.10.09 03:38:38.922,8.10788,8.11332,1.50,1.50
2013.10.09 03:38:40.222,8.10938,8.11476,1.50,1.50
2013.10.09 03:38:40.582,8.10938,8.11473,1.50,1.50
2013.10.09 03:38:46.049,8.10938,8.11482,1.50,1.50
2013.10.09 03:38:47.281,8.10867,8.11413,1.50,1.50
2013.10.09 03:38:48.271,8.10673,8.11585,1.50,1.50
2013.10.09 03:38:49.242,8.11048,8.11583,1.50,1.50
2013.10.09 03:38:49.543,8.11048,8.11577,1.50,1.50
2013.10.09 03:38:55.525,8.11198,8.11542,1.50,1.50
2013.10.09 03:38:58.484,8.11061,8.11592,1.50,1.50
2013.10.09 03:38:58.662,8.11048,8.11587,1.50,1.50
2013.10.09 03:39:05.712,8.11188,8.11532,1.50,1.50
2013.10.09 03:39:20.467,8.10957,8.11503,2.25,2.25
2013.10.09 03:39:22.581,8.10941,8.11443,1.50,1.50
2013.10.09 03:39:22.641,8.10897,8.11443,1.50,1.50
2013.10.09 03:39:24.574,8.10699,8.11609,1.50,1.50
2013.10.09 03:39:24.632,8.10699,8.11609,1.50,1.50
2013.10.09 03:39:25.321,8.10706,8.11586,1.50,1.50
2013.10.09 03:39:25.682,8.10837,8.11383,1.50,1.50
2013.10.09 03:39:26.041,8.10997,8.11533,1.50,1.50
2013.10.09 03:39:46.583,8.10997,8.11533,1.50,1.50
2013.10.09 03:39:51.882,8.10969,8.11202,1.50,1.50
2013.10.09 03:39:52.082,8.10875,8.11202,1.50,1.50
2013.10.09 03:39:53.522,8.10858,8.11202,2.25,2.25
2013.10.09 03:39:54.473,8.10858,8.11202,2.25,2.25
2013.10.09 03:39:55.362,8.10858,8.11202,1.50,2.25
2013.10.09 03:39:55.422,8.10833,8.11222,1.13,1.50
2013.10.09 03:39:55.543,8.10728,8.11272,2.25,2.25
2013.10.09 03:39:56.772,8.10787,8.11333,1.50,1.50
2013.10.09 03:39:58.712,8.10618,8.1155,1.05,1.50
2013.10.09 03:39:58.831,8.10599,8.1155,1.05,1.50
2013.10.09 03:39:58.951,8.10618,8.11644,1.05,1.50
2013.10.09 03:39:59.011,8.10672,8.11644,1.50,1.50
2013.10.09 03:40:03.441,8.10787,8.11644,1.44,1.50
2013.10.09 03:40:03.802,8.11078,8.11605,1.50,1.50
2013.10.09 03:40:12.293,8.10958,8.11502,1.50,1.50
2013.10.09 03:40:14.491,8.10783,8.11653,1.50,1.50
2013.10.09 03:40:14.611,8.10682,8.11654,1.50,1.50
2013.10.09 03:40:16.361,8.1068,8.116,1.50,1.50
2013.10.09 03:40:19.113,8.107,8.11657,1.50,1.50
2013.10.09 03:40:19.172,8.10745,8.11657,1.50,1.50
2013.10.09 03:40:22.681,8.10745,8.11637,1.50,1.13
2013.10.09 03:40:23.041,8.10572,8.10903,1.13,1.50
2013.10.09 03:40:24.543,8.10567,8.10903,1.28,1.50
2013.10.09 03:40:25.472,8.10567,8.10903,1.28,1.50
2013.10.09 03:40:26.462,8.10572,8.10903,1.13,1.50
2013.10.09 03:40:27.452,8.10572,8.10903,1.50,1.50
2013.10.09 03:40:28.390,8.10572,8.10903,1.50,1.50
2013.10.09 03:40:31.121,8.10567,8.10903,1.28,1.50
2013.10.09 03:40:31.312,8.10557,8.10903,2.87,1.50
2013.10.09 03:40:31.432,8.10557,8.11246,1.79,1.50
2013.10.09 03:40:31.571,8.10748,8.1132,1.50,1.50
2013.10.09 03:40:32.832,8.10678,8.11629,1.50,1.50
2013.10.09 03:40:32.912,8.10678,8.11629,1.50,1.50
2013.10.09 03:40:32.972,8.10678,8.11722,2.25,1.50
2013.10.09 03:40:33.032,8.10678,8.11703,1.50,1.50
2013.10.09 03:40:33.092,8.10663,8.11703,1.50,1.50
2013.10.09 03:40:33.151,8.10624,8.11684,1.50,1.50
2013.10.09 03:40:33.272,8.10624,8.11666,1.50,1.50
2013.10.09 03:40:33.772,8.10618,8.11649,2.25,1.50
2013.10.09 03:40:34.083,8.10647,8.11629,1.50,1.50
2013.10.09 03:40:37.371,8.10647,8.11609,1.50,1.50
2013.10.09 03:40:37.672,8.11098,8.11569,1.50,1.50
2013.10.09 03:40:37.823,8.11098,8.11602,1.50,1.50
2013.10.09 03:40:37.941,8.11098,8.11607,1.50,1.50
2013.10.09 03:40:39.472,8.11098,8.11607,1.50,1.50
2013.10.09 03:40:41.431,8.11098,8.11607,1.50,1.50
2013.10.09 03:40:54.652,8.11098,8.11627,1.50,1.50
2013.10.09 03:40:54.712,8.11055,8.11229,1.50,5.72
2013.10.09 03:40:54.852,8.10852,8.11113,1.50,1.86
2013.10.09 03:40:55.366,8.10853,8.11112,1.50,1.50
2013.10.09 03:40:55.762,8.10853,8.11097,1.50,1.50
2013.10.09 03:41:01.492,8.10828,8.11122,1.50,1.50
2013.10.09 03:41:01.552,8.10808,8.11152,1.50,1.50
2013.10.09 03:41:01.671,8.10567,8.11438,2.31,1.50
2013.10.09 03:41:01.731,8.10567,8.11458,2.03,1.50
2013.10.09 03:41:01.798,8.10802,8.11372,1.50,1.50
2013.10.09 03:41:01.922,8.10718,8.11262,2.25,2.25
2013.10.09 03:41:03.002,8.10718,8.11262,1.50,1.50
2013.10.09 03:41:03.125,8.10817,8.11363,1.50,1.50
2013.10.09 03:41:03.992,8.10626,8.11526,1.50,1.50
2013.10.09 03:41:13.805,8.10626,8.11546,1.50,1.50
2013.10.09 03:41:13.863,8.10665,8.11565,1.50,1.50
2013.10.09 03:41:26.282,8.10673,8.11533,1.50,1.50
2013.10.09 03:41:26.583,8.10827,8.11373,1.50,1.50
2013.10.09 03:41:45.992,8.10603,8.11575,1.50,1.50
2013.10.09 03:41:46.232,8.10603,8.11587,1.50,1.50
2013.10.09 03:41:46.292,8.10636,8.11608,1.50,1.50
2013.10.09 03:41:46.792,8.10828,8.11372,1.50,1.50
2013.10.09 03:42:32.132,8.10637,8.11547,1.50,1.50
2013.10.09 03:42:32.192,8.10608,8.1152,1.50,1.50
2013.10.09 03:42:33.202,8.10628,8.1152,1.03,1.50
2013.10.09 03:42:33.322,8.10658,8.1155,1.03,1.50
2013.10.09 03:42:33.562,8.10618,8.11571,1.41,2.63
2013.10.09 03:42:33.961,8.10621,8.11577,1.31,1.80
2013.10.09 03:42:34.381,8.10634,8.11574,1.03,1.50
2013.10.09 03:42:34.890,8.10634,8.11574,1.03,1.50
2013.10.09 03:42:35.232,8.10645,8.11572,1.03,1.50
2013.10.09 03:42:35.533,8.10657,8.11567,1.03,1.50
2013.10.09 03:42:39.653,8.10947,8.11493,1.50,1.50
2013.10.09 03:42:40.013,8.10947,8.11481,1.50,1.50
2013.10.09 03:42:44.012,8.10947,8.11481,1.50,1.50
2013.10.09 03:42:44.432,8.10997,8.11497,1.50,1.50
2013.10.09 03:42:44.492,8.10997,8.11535,1.50,1.50
2013.10.09 03:42:54.722,8.10997,8.11514,1.50,1.50
2013.10.09 03:42:55.112,8.11087,8.11433,1.50,1.50
2013.10.09 03:42:55.173,8.10997,8.11535,1.50,1.50
2013.10.09 03:42:59.162,8.11117,8.11463,1.50,1.50
2013.10.09 03:43:02.722,8.11167,8.11513,1.50,1.50
2013.10.09 03:43:09.722,8.11118,8.11462,1.50,1.50
2013.10.09 03:43:13.912,8.11168,8.11512,1.50,1.50
2013.10.09 03:43:19.362,8.11117,8.11463,1.50,1.50
2013.10.09 03:43:31.762,8.10988,8.11443,1.50,1.50
2013.10.09 03:43:31.884,8.10897,8.11443,1.50,2.25
2013.10.09 03:43:32.982,8.10874,8.11382,1.50,1.50
2013.10.09 03:43:33.349,8.10838,8.11382,1.50,1.50
2013.10.09 03:43:39.452,8.10749,8.11528,2.48,1.50
2013.10.09 03:43:39.512,8.10749,8.1155,2.48,1.50
2013.10.09 03:43:39.573,8.10749,8.11569,2.48,1.50
2013.10.09 03:43:39.633,8.10742,8.11595,2.78,1.50
2013.10.09 03:43:46.492,8.10683,8.11595,1.50,1.50
2013.10.09 03:43:56.852,8.10663,8.11575,1.50,1.50
2013.10.09 03:43:57.682,8.10898,8.11442,1.50,1.50
2013.10.09 03:44:05.742,8.10734,8.11556,1.50,1.50
2013.10.09 03:44:06.292,8.10653,8.11623,1.50,1.50
2013.10.09 03:44:10.233,8.10693,8.11575,1.50,1.50
2013.10.09 03:44:10.593,8.10927,8.11473,1.50,1.50
2013.10.09 03:44:15.196,8.10738,8.1162,1.50,1.50
2013.10.09 03:44:15.322,8.10675,8.1162,1.50,1.50
2013.10.09 03:44:15.381,8.10656,8.11626,1.50,1.50
2013.10.09 03:44:15.502,8.10649,8.11611,1.50,1.50
2013.10.09 03:44:28.436,8.1067,8.11592,1.50,1.50
2013.10.09 03:44:28.743,8.10633,8.11543,1.50,1.50
2013.10.09 03:44:30.399,8.10868,8.11412,1.50,1.50
2013.10.09 03:44:38.529,8.10691,8.11563,1.50,1.50
2013.10.09 03:44:38.592,8.10669,8.11581,1.50,1.50
2013.10.09 03:44:38.711,8.10669,8.11581,1.50,1.50
2013.10.09 03:44:49.562,8.10827,8.11373,1.50,1.50
2013.10.09 03:45:05.952,8.10662,8.11514,1.50,1.50
2013.10.09 03:45:06.132,8.10648,8.1156,1.50,1.50
2013.10.09 03:45:22.182,8.10738,8.11282,1.50,1.50
2013.10.09 03:45:22.555,8.10738,8.11282,2.25,2.25
2013.10.09 03:45:29.013,8.10597,8.11443,1.05,1.50
2013.10.09 03:45:29.072,8.10571,8.11462,1.05,1.50
2013.10.09 03:45:29.132,8.10625,8.11537,1.50,1.50
2013.10.09 03:45:29.252,8.10625,8.11537,1.50,1.50
2013.10.09 03:45:29.553,8.10828,8.11372,1.50,1.50
2013.10.09 03:46:09.834,8.10668,8.11518,1.50,1.50
2013.10.09 03:46:09.953,8.10668,8.11568,1.50,1.50
2013.10.09 03:46:10.013,8.10667,8.11587,1.50,1.50
2013.10.09 03:46:10.382,8.10657,8.11569,1.50,1.50
2013.10.09 03:46:11.132,8.10678,8.1158,1.50,1.50
2013.10.09 03:46:11.492,8.10662,8.11564,1.50,1.50
2013.10.09 03:46:11.852,8.10828,8.11372,1.50,1.50
2013.10.09 03:46:13.792,8.10639,8.11549,1.50,1.50
2013.10.09 03:46:13.912,8.10669,8.11581,1.50,1.50
2013.10.09 03:46:34.472,8.10661,8.11573,1.50,1.50
2013.10.09 03:46:37.994,8.10828,8.11372,1.50,1.50
2013.10.09 03:47:38.438,8.10672,8.11522,1.50,1.50
2013.10.09 03:47:51.564,8.10669,8.11519,1.50,1.50
2013.10.09 03:48:12.407,8.10669,8.11519,1.50,1.50
2013.10.09 03:48:33.542,8.1066,8.11512,1.50,1.50
2013.10.09 03:49:09.852,8.10674,8.11584,1.50,1.50
2013.10.09 03:49:31.452,8.10828,8.11372,1.50,1.50
2013.10.09 03:50:31.784,8.1067,8.1152,1.50,1.50
2013.10.09 03:50:50.256,8.1067,8.1152,1.50,1.50
2013.10.09 03:51:01.304,8.10637,8.11547,1.50,1.50
2013.10.09 03:51:01.953,8.1062,8.11532,1.50,1.50
2013.10.09 03:51:02.013,8.1064,8.11512,1.50,1.50
2013.10.09 03:51:02.414,8.10828,8.11372,1.50,1.50
2013.10.09 03:51:03.333,8.10632,8.11552,1.50,1.50
2013.10.09 03:51:03.513,8.10623,8.11535,1.50,1.50
2013.10.09 03:51:20.473,8.10644,8.11514,1.50,1.50
2013.10.09 03:51:20.779,8.10828,8.11372,1.50,1.50
2013.10.09 03:51:44.574,8.1064,8.11552,1.50,1.50
2013.10.09 03:52:00.443,8.10661,8.11531,1.50,1.50
2013.10.09 03:52:01.124,8.10808,8.11352,1.50,1.50
2013.10.09 03:52:18.093,8.10621,8.11533,1.50,1.50
2013.10.09 03:52:21.954,8.10641,8.11513,1.50,1.50
2013.10.09 03:52:22.544,8.10807,8.11353,1.50,1.50
2013.10.09 03:52:26.115,8.10807,8.11353,2.25,2.25
2013.10.09 03:52:35.004,8.10792,8.11273,1.50,1.50
2013.10.09 03:52:35.063,8.10776,8.11273,1.50,1.50
2013.10.09 03:52:35.123,8.10727,8.11273,2.25,2.25
2013.10.09 03:52:49.363,8.106,8.11528,1.50,1.50
2013.10.09 03:52:49.423,8.10606,8.11528,1.50,1.50
2013.10.09 03:52:49.483,8.10632,8.11502,1.50,1.50
2013.10.09 03:52:49.824,8.10817,8.11363,1.50,1.50
2013.10.09 03:53:34.269,8.10651,8.11513,1.50,1.50
2013.10.09 03:53:34.334,8.10613,8.11566,1.50,1.50
2013.10.09 03:53:34.883,8.10626,8.11558,1.50,1.50
2013.10.09 03:53:55.450,8.10626,8.11558,1.50,1.50
2013.10.09 03:54:03.553,8.10655,8.11565,1.50,1.50
2013.10.09 03:54:08.973,8.10617,8.11587,1.50,1.50
2013.10.09 03:54:29.491,8.10617,8.11587,1.50,1.50
2013.10.09 03:54:50.613,8.10621,8.11581,1.50,1.50
2013.10.09 03:54:54.223,8.10621,8.11581,1.50,1.50
2013.10.09 03:55:02.113,8.10616,8.11588,1.50,1.50
2013.10.09 03:55:12.703,8.10636,8.11575,1.50,1.50
2013.10.09 03:55:13.004,8.10643,8.11575,1.50,1.50
2013.10.09 03:55:33.449,8.10643,8.11575,1.50,1.50
2013.10.09 03:56:14.514,8.10645,8.11555,1.50,1.50
2013.10.09 03:56:34.735,8.10639,8.11559,1.50,1.50
2013.10.09 03:57:09.253,8.10615,8.11607,1.50,1.50
2013.10.09 03:57:10.233,8.10642,8.11574,1.50,1.50
2013.10.09 03:57:11.076,8.10641,8.11573,1.50,1.50
2013.10.09 03:57:30.387,8.10641,8.11573,1.50,1.50
2013.10.09 03:57:38.124,8.10613,8.11605,1.50,1.50
2013.10.09 03:57:38.994,8.10633,8.11585,1.50,1.50
2013.10.09 03:57:39.354,8.10644,8.11574,1.50,1.50
2013.10.09 03:57:47.964,8.10637,8.11577,1.50,1.50
2013.10.09 03:57:48.024,8.10617,8.11597,1.50,1.50
2013.10.09 03:57:48.784,8.10649,8.11579,1.50,1.50
2013.10.09 03:57:57.464,8.1064,8.11562,1.50,1.50
2013.10.09 03:57:57.764,8.10614,8.11594,1.50,1.50
2013.10.09 03:57:57.823,8.10614,8.11594,1.50,1.50
2013.10.09 03:57:58.565,8.10644,8.11576,1.50,1.50
2013.10.09 03:57:59.803,8.10644,8.11576,1.50,1.50
2013.10.09 03:58:02.444,8.10613,8.11595,1.50,1.50
2013.10.09 03:58:09.396,8.10645,8.11575,1.50,1.50
2013.10.09 03:58:12.223,8.10659,8.11555,1.50,1.50
2013.10.09 03:58:12.584,8.10828,8.11372,1.50,1.50
2013.10.09 03:58:15.835,8.10808,8.11322,1.50,1.50
2013.10.09 03:58:15.954,8.10778,8.11322,2.25,2.25
2013.10.09 03:58:20.514,8.10828,8.11372,1.50,2.25
2013.10.09 03:58:20.574,8.10828,8.11372,1.50,1.50
2013.10.09 03:58:23.144,8.10606,8.11576,1.50,1.50
2013.10.09 03:58:43.554,8.10618,8.11598,1.50,1.50
2013.10.09 03:58:54.934,8.10637,8.11579,1.50,1.50
2013.10.09 03:58:55.294,8.10644,8.11576,1.50,1.50
2013.10.09 03:58:56.134,8.10635,8.11557,1.50,1.50
2013.10.09 03:59:16.420,8.10635,8.11557,1.50,1.50
2013.10.09 03:59:25.504,8.10599,8.11599,1.50,1.50
2013.10.09 03:59:25.563,8.10598,8.11619,1.05,1.50
2013.10.09 03:59:26.203,8.10598,8.11619,1.05,1.50
2013.10.09 03:59:30.103,8.10609,8.11632,1.50,1.17
2013.10.09 03:59:30.306,8.10607,8.11632,1.50,1.17
2013.10.09 03:59:30.364,8.10597,8.11629,1.05,1.50
2013.10.09 03:59:30.777,8.10611,8.11603,1.50,1.50
2013.10.09 03:59:33.964,8.10611,8.11603,1.50,1.50
2013.10.09 03:59:34.414,8.10667,8.11549,1.50,1.50
2013.10.09 03:59:34.774,8.10867,8.11413,1.50,1.50
2013.10.09 03:59:37.481,8.10641,8.11563,1.50,1.50
2013.10.09 03:59:44.274,8.10598,8.11598,1.80,1.50
2013.10.09 03:59:44.334,8.10607,8.11619,1.50,1.50
2013.10.09 03:59:44.394,8.10607,8.11647,2.25,1.50
2013.10.09 03:59:44.454,8.10627,8.11667,1.50,1.50
2013.10.09 03:59:45.054,8.10627,8.11667,1.50,1.50
2013.10.09 03:59:53.345,8.10643,8.11638,1.50,1.50
2013.10.09 03:59:53.404,8.10624,8.11604,1.50,1.50
2013.10.09 03:59:54.964,8.10624,8.11604,1.50,1.50
