2014.03.17 08:00:00.033,8.30685,8.30812,1.00,1.50
2014.03.17 08:00:00.341,8.30695,8.30812,1.00,1.50
2014.03.17 08:00:07.990,8.30704,8.30812,1.00,1.50
2014.03.17 08:00:09.985,8.30704,8.30845,1.00,1.00
2014.03.17 08:00:10.188,8.30715,8.30845,1.00,1.00
2014.03.17 08:00:19.161,8.30699,8.30845,1.00,1.00
2014.03.17 08:00:19.365,8.30713,8.30845,1.00,1.00
2014.03.17 08:00:23.497,8.30715,8.30863,1.00,2.25
2014.03.17 08:00:32.320,8.30715,8.30853,1.00,1.00
2014.03.17 08:00:33.310,8.30715,8.30852,1.00,1.00
2014.03.17 08:00:39.681,8.30719,8.30852,1.00,1.00
2014.03.17 08:00:40.392,8.30719,8.30853,1.00,1.00
2014.03.17 08:00:49.392,8.30715,8.30853,1.00,1.00
2014.03.17 08:00:52.131,8.30715,8.30871,1.00,1.00
2014.03.17 08:00:52.233,8.3072,8.30903,1.19,1.00
2014.03.17 08:00:52.416,8.30734,8.30903,2.29,1.00
2014.03.17 08:00:52.721,8.30774,8.30916,2.10,1.00
2014.03.17 08:00:52.823,8.30835,8.30972,1.19,1.00
2014.03.17 08:00:52.874,8.3084,8.30972,1.00,1.00
2014.03.17 08:00:53.203,8.30852,8.30973,1.19,1.00
2014.03.17 08:00:54.550,8.30862,8.31012,1.19,1.00
2014.03.17 08:00:54.758,8.30862,8.31046,1.19,1.00
2014.03.17 08:00:55.880,8.30886,8.31046,1.00,1.00
2014.03.17 08:00:57.362,8.30886,8.31051,1.00,1.00
2014.03.17 08:01:01.448,8.30886,8.31051,1.19,1.00
2014.03.17 08:01:02.391,8.30886,8.31051,1.19,1.00
2014.03.17 08:01:02.493,8.30916,8.31081,1.00,1.00
2014.03.17 08:01:02.999,8.30928,8.3107,1.00,1.00
2014.03.17 08:01:03.340,8.30955,8.31057,1.00,1.00
2014.03.17 08:01:13.033,8.30917,8.31058,1.19,1.00
2014.03.17 08:01:13.798,8.30925,8.31042,1.19,1.00
2014.03.17 08:01:14.029,8.30925,8.31042,1.00,1.00
2014.03.17 08:01:18.211,8.30929,8.3109,1.00,1.00
2014.03.17 08:01:18.262,8.30929,8.3109,1.19,1.00
2014.03.17 08:01:18.415,8.30918,8.31102,1.19,1.50
2014.03.17 08:01:19.372,8.30976,8.31102,1.00,1.50
2014.03.17 08:01:19.725,8.30929,8.31083,1.19,1.00
2014.03.17 08:01:20.110,8.30929,8.31083,1.19,1.00
2014.03.17 08:01:22.625,8.30929,8.31083,1.19,1.00
2014.03.17 08:01:27.902,8.30929,8.31083,1.19,1.00
2014.03.17 08:01:32.432,8.30929,8.31083,1.19,1.00
2014.03.17 08:01:34.649,8.30929,8.31083,1.19,1.00
2014.03.17 08:01:37.159,8.30929,8.31083,1.19,1.00
2014.03.17 08:01:39.374,8.30929,8.31083,1.19,1.00
2014.03.17 08:01:40.982,8.30929,8.31083,1.69,1.00
2014.03.17 08:01:41.687,8.30929,8.31083,1.69,1.00
2014.03.17 08:01:42.892,8.30929,8.31083,1.50,1.00
2014.03.17 08:01:44.316,8.30929,8.31083,1.69,1.00
2014.03.17 08:01:45.503,8.30929,8.31083,1.50,1.00
2014.03.17 08:02:11.519,8.30952,8.31083,1.00,1.00
2014.03.17 08:02:12.080,8.30974,8.31083,1.00,1.00
2014.03.17 08:02:12.962,8.30954,8.31083,1.00,1.00
2014.03.17 08:02:13.459,8.30939,8.31083,1.00,1.00
2014.03.17 08:02:19.741,8.30939,8.31101,1.00,1.19
2014.03.17 08:02:20.902,8.30939,8.31101,1.00,1.00
2014.03.17 08:02:21.048,8.30961,8.31101,1.00,1.00
2014.03.17 08:02:22.921,8.30946,8.31101,1.00,1.00
2014.03.17 08:02:24.428,8.30946,8.31085,1.00,1.00
2014.03.17 08:02:27.952,8.3096,8.31085,1.00,1.00
2014.03.17 08:02:28.058,8.30934,8.31085,1.00,1.00
2014.03.17 08:02:30.115,8.30934,8.31093,1.00,1.00
2014.03.17 08:02:33.348,8.30934,8.31082,1.00,1.00
2014.03.17 08:02:33.449,8.3091,8.31082,1.00,1.00
2014.03.17 08:02:35.443,8.3091,8.31092,1.00,1.00
2014.03.17 08:02:39.279,8.3091,8.31092,1.00,1.19
2014.03.17 08:02:39.599,8.30907,8.31037,1.00,1.00
2014.03.17 08:02:39.650,8.30894,8.31037,1.00,1.00
2014.03.17 08:02:39.752,8.30878,8.31037,1.19,1.00
2014.03.17 08:02:39.991,8.30857,8.3103,1.19,1.00
2014.03.17 08:02:40.042,8.30857,8.3103,1.25,1.00
2014.03.17 08:02:40.391,8.30857,8.3102,1.25,1.00
2014.03.17 08:02:40.756,8.30868,8.3102,1.00,1.00
2014.03.17 08:02:41.107,8.30868,8.31024,1.00,1.00
2014.03.17 08:02:43.040,8.30868,8.31021,1.00,1.00
2014.03.17 08:02:43.243,8.30868,8.31024,1.00,1.00
2014.03.17 08:02:44.017,8.30876,8.31024,1.00,1.00
2014.03.17 08:02:47.207,8.30868,8.31024,1.00,1.00
2014.03.17 08:02:58.980,8.30876,8.31024,1.00,1.00
2014.03.17 08:03:04.485,8.30868,8.31024,1.00,1.00
2014.03.17 08:03:22.281,8.30881,8.31024,1.00,1.00
2014.03.17 08:03:24.359,8.30868,8.31024,1.00,1.00
2014.03.17 08:03:40.757,8.30862,8.31043,1.00,1.19
2014.03.17 08:03:46.561,8.30862,8.31034,1.00,1.00
2014.03.17 08:03:48.280,8.30862,8.31042,1.00,1.19
2014.03.17 08:03:49.055,8.30862,8.31042,1.00,1.00
2014.03.17 08:03:54.703,8.30862,8.31033,1.00,1.00
2014.03.17 08:04:04.996,8.30849,8.31033,1.69,1.00
2014.03.17 08:04:08.037,8.30863,8.31033,1.19,1.19
2014.03.17 08:04:11.855,8.30851,8.31031,1.19,1.19
2014.03.17 08:04:20.457,8.30849,8.3103,1.19,1.19
2014.03.17 08:04:23.944,8.30859,8.31032,1.19,1.19
2014.03.17 08:04:28.497,8.30852,8.31032,1.19,1.69
2014.03.17 08:04:29.297,8.30847,8.31019,1.19,1.19
2014.03.17 08:04:31.479,8.30848,8.31016,1.19,1.19
2014.03.17 08:04:33.719,8.30848,8.31011,1.19,1.19
2014.03.17 08:04:37.720,8.30848,8.31009,1.19,1.19
2014.03.17 08:04:38.925,8.30852,8.31033,1.19,1.19
2014.03.17 08:04:42.079,8.30848,8.3103,1.69,1.19
2014.03.17 08:04:43.974,8.30847,8.31018,1.69,1.19
2014.03.17 08:04:45.481,8.30848,8.31016,1.19,1.19
2014.03.17 08:04:47.418,8.30848,8.31013,1.19,1.19
2014.03.17 08:04:50.409,8.30848,8.31027,1.19,1.19
2014.03.17 08:04:52.012,8.30848,8.3103,1.69,1.19
2014.03.17 08:04:53.850,8.30848,8.31028,1.69,1.19
2014.03.17 08:04:55.174,8.30853,8.31032,1.19,1.19
2014.03.17 08:04:56.401,8.30846,8.31003,1.19,1.79
2014.03.17 08:04:56.453,8.30846,8.30973,1.00,1.19
2014.03.17 08:04:56.504,8.30798,8.30973,1.19,1.19
2014.03.17 08:05:00.459,8.30809,8.30962,1.19,1.19
2014.03.17 08:05:07.416,8.30814,8.3096,1.19,1.19
2014.03.17 08:05:13.702,8.30814,8.3095,1.00,1.19
2014.03.17 08:05:14.064,8.30814,8.30963,1.19,1.19
2014.03.17 08:05:16.378,8.30809,8.30955,1.19,1.19
2014.03.17 08:05:23.631,8.30809,8.30943,1.00,1.19
2014.03.17 08:05:27.212,8.30809,8.30956,1.19,1.19
2014.03.17 08:05:27.519,8.30826,8.30956,1.00,1.19
2014.03.17 08:05:28.831,8.30811,8.30957,1.19,1.19
2014.03.17 08:05:29.802,8.30826,8.30957,1.00,1.19
2014.03.17 08:05:34.313,8.30826,8.30953,1.00,1.19
2014.03.17 08:05:38.129,8.30813,8.30953,1.19,1.19
2014.03.17 08:05:39.797,8.30813,8.30943,1.00,1.19
2014.03.17 08:05:39.898,8.30809,8.30943,1.00,1.79
2014.03.17 08:05:39.949,8.30795,8.30943,1.19,1.79
2014.03.17 08:05:40.000,8.30767,8.30906,1.69,1.19
2014.03.17 08:05:40.493,8.30723,8.30887,1.19,1.19
2014.03.17 08:05:41.387,8.30723,8.30862,1.00,1.19
2014.03.17 08:05:41.956,8.30679,8.30852,1.19,1.19
2014.03.17 08:05:42.232,8.30679,8.30846,1.19,1.19
2014.03.17 08:05:44.724,8.30679,8.30828,1.19,1.19
2014.03.17 08:05:45.221,8.30679,8.30816,1.19,1.19
2014.03.17 08:05:46.622,8.30649,8.30796,1.19,1.19
2014.03.17 08:05:47.357,8.30625,8.30761,1.19,1.00
2014.03.17 08:05:47.662,8.30616,8.30745,1.19,1.19
2014.03.17 08:05:49.327,8.30616,8.30761,1.19,1.19
2014.03.17 08:05:50.689,8.30616,8.30752,1.19,1.19
2014.03.17 08:05:52.286,8.30616,8.30752,1.00,1.19
2014.03.17 08:05:53.402,8.30616,8.3075,1.00,1.19
2014.03.17 08:05:53.504,8.30616,8.30752,1.19,1.19
2014.03.17 08:05:55.420,8.30616,8.30752,1.19,1.19
2014.03.17 08:05:55.622,8.30616,8.30752,1.79,1.19
2014.03.17 08:05:55.774,8.30737,8.30822,1.50,1.00
2014.03.17 08:05:55.825,8.30737,8.30822,1.69,1.00
2014.03.17 08:05:55.927,8.30737,8.30822,1.50,1.00
2014.03.17 08:05:56.028,8.30665,8.30822,1.19,1.69
2014.03.17 08:05:56.231,8.30626,8.30798,1.19,1.19
2014.03.17 08:05:57.238,8.30612,8.30783,1.19,1.19
2014.03.17 08:05:57.938,8.30605,8.30761,1.19,1.19
2014.03.17 08:06:00.438,8.30605,8.30761,1.19,1.19
2014.03.17 08:06:01.940,8.30605,8.30761,1.19,1.19
2014.03.17 08:06:03.256,8.30605,8.30749,1.19,1.19
2014.03.17 08:06:03.358,8.30605,8.30761,1.19,1.19
2014.03.17 08:06:04.469,8.30605,8.30751,1.19,1.19
2014.03.17 08:06:05.381,8.30558,8.30729,1.19,1.19
2014.03.17 08:06:06.832,8.30553,8.30724,1.19,1.19
2014.03.17 08:06:08.327,8.30556,8.30733,1.19,1.19
2014.03.17 08:06:09.746,8.30547,8.30728,1.19,1.19
2014.03.17 08:06:10.630,8.30523,8.30691,1.19,1.19
2014.03.17 08:06:11.429,8.30506,8.30671,1.19,1.19
2014.03.17 08:06:15.306,8.30496,8.30671,1.19,1.19
2014.03.17 08:06:15.717,8.3051,8.30671,1.19,1.19
2014.03.17 08:06:19.930,8.3053,8.30707,1.19,1.19
2014.03.17 08:06:20.404,8.30567,8.30728,2.07,1.19
2014.03.17 08:06:20.455,8.30598,8.30728,1.50,1.19
2014.03.17 08:06:20.506,8.30598,8.30765,1.69,1.19
2014.03.17 08:06:20.708,8.30608,8.30778,1.19,1.19
2014.03.17 08:06:20.911,8.30624,8.30778,1.19,1.19
2014.03.17 08:06:23.425,8.30633,8.30789,1.19,1.19
2014.03.17 08:06:25.436,8.30633,8.30789,1.19,1.19
2014.03.17 08:06:26.998,8.30633,8.30789,1.19,1.19
2014.03.17 08:06:27.797,8.30633,8.30747,1.19,2.10
2014.03.17 08:06:27.999,8.30598,8.30724,1.69,1.79
2014.03.17 08:06:28.101,8.30567,8.30724,2.07,1.79
2014.03.17 08:06:28.202,8.30567,8.30724,2.07,1.19
2014.03.17 08:06:28.303,8.30602,8.30765,1.19,1.19
2014.03.17 08:06:28.354,8.30602,8.30718,1.19,1.00
2014.03.17 08:06:28.670,8.30628,8.30749,1.00,1.79
2014.03.17 08:06:28.721,8.30576,8.30743,1.19,2.29
2014.03.17 08:06:28.772,8.30573,8.30696,1.00,1.19
2014.03.17 08:06:29.026,8.30489,8.30669,1.34,1.19
2014.03.17 08:06:29.400,8.30487,8.3065,1.34,1.19
2014.03.17 08:06:29.856,8.30488,8.30633,1.34,1.19
2014.03.17 08:06:30.844,8.30477,8.30627,1.34,1.19
2014.03.17 08:06:30.921,8.30478,8.30627,1.19,1.19
2014.03.17 08:06:31.038,8.30478,8.30627,1.34,1.19
2014.03.17 08:06:31.326,8.30478,8.30627,1.19,1.19
2014.03.17 08:06:31.840,8.30549,8.3063,1.00,1.19
2014.03.17 08:06:31.942,8.30557,8.30666,2.25,1.00
2014.03.17 08:06:31.993,8.30587,8.30693,1.88,1.50
2014.03.17 08:06:32.299,8.30544,8.30656,1.19,1.19
2014.03.17 08:06:32.502,8.3048,8.30659,1.19,1.19
2014.03.17 08:06:35.963,8.30481,8.30629,1.19,1.19
2014.03.17 08:06:36.015,8.30459,8.30629,1.19,1.19
2014.03.17 08:06:36.217,8.30452,8.30598,1.19,1.19
2014.03.17 08:06:36.521,8.30428,8.30588,1.19,1.19
2014.03.17 08:06:36.926,8.30487,8.30608,1.88,1.19
2014.03.17 08:06:37.028,8.30501,8.30664,1.00,1.19
2014.03.17 08:06:37.079,8.30518,8.30664,1.50,1.19
2014.03.17 08:06:37.375,8.30518,8.3067,1.69,1.19
2014.03.17 08:06:38.475,8.30526,8.30696,1.19,1.19
2014.03.17 08:06:39.261,8.30553,8.30699,1.19,1.19
2014.03.17 08:06:40.452,8.30553,8.30709,1.19,1.69
2014.03.17 08:06:45.779,8.30553,8.30702,1.19,1.19
2014.03.17 08:06:47.805,8.30553,8.30703,1.19,1.19
2014.03.17 08:06:49.011,8.30553,8.30708,1.19,1.19
2014.03.17 08:06:58.861,8.30553,8.30709,1.19,1.19
2014.03.17 08:06:59.865,8.30553,8.30705,1.19,1.19
2014.03.17 08:07:02.982,8.30553,8.30707,1.19,1.19
2014.03.17 08:07:07.856,8.30553,8.30706,1.19,1.19
2014.03.17 08:07:12.375,8.30532,8.30686,1.19,1.19
2014.03.17 08:07:12.963,8.30532,8.30686,1.19,1.19
2014.03.17 08:07:19.937,8.30532,8.30686,1.19,1.19
2014.03.17 08:07:22.233,8.30532,8.30686,1.19,1.19
2014.03.17 08:07:28.675,8.30532,8.30683,1.19,1.19
2014.03.17 08:07:28.987,8.30697,8.30736,1.50,1.00
2014.03.17 08:07:29.140,8.30697,8.30758,1.69,1.00
2014.03.17 08:07:29.191,8.30697,8.30758,1.50,1.00
2014.03.17 08:07:29.242,8.30697,8.308,1.50,1.00
2014.03.17 08:07:29.293,8.30697,8.30751,1.50,1.00
2014.03.17 08:07:29.344,8.30598,8.30751,1.19,1.00
2014.03.17 08:07:29.498,8.30597,8.30751,1.19,1.19
2014.03.17 08:07:30.500,8.30585,8.30751,1.19,1.19
2014.03.17 08:07:32.912,8.3057,8.3074,1.19,1.19
2014.03.17 08:07:35.046,8.30567,8.30736,1.69,1.19
2014.03.17 08:07:36.780,8.30567,8.30736,1.69,1.19
2014.03.17 08:07:38.319,8.30567,8.30736,1.69,1.19
2014.03.17 08:07:40.544,8.30567,8.3074,1.69,1.19
2014.03.17 08:07:42.507,8.30567,8.30732,1.69,1.19
2014.03.17 08:07:48.141,8.30567,8.30734,1.69,1.19
2014.03.17 08:07:58.405,8.30567,8.30727,1.69,1.19
2014.03.17 08:07:59.810,8.30567,8.30735,1.69,1.19
2014.03.17 08:08:00.956,8.30567,8.30732,1.69,1.19
2014.03.17 08:08:02.741,8.30567,8.30722,1.69,1.19
2014.03.17 08:08:05.270,8.30569,8.3073,1.19,1.19
2014.03.17 08:08:05.683,8.30567,8.30729,1.69,2.29
2014.03.17 08:08:05.786,8.30537,8.30702,1.19,1.19
2014.03.17 08:08:06.946,8.30519,8.30682,1.19,1.19
2014.03.17 08:08:08.276,8.30513,8.30667,1.19,1.19
2014.03.17 08:08:09.676,8.30514,8.30667,1.19,1.19
2014.03.17 08:08:11.899,8.30515,8.30667,1.19,1.19
2014.03.17 08:08:14.217,8.30511,8.30667,1.19,1.19
2014.03.17 08:08:15.440,8.30511,8.30667,1.69,1.19
2014.03.17 08:08:16.234,8.30497,8.30645,1.69,1.19
2014.03.17 08:08:16.336,8.3044,8.3061,1.19,1.19
2014.03.17 08:08:17.438,8.30419,8.306,1.19,1.19
2014.03.17 08:08:17.758,8.30403,8.30554,1.19,1.19
2014.03.17 08:08:17.980,8.30387,8.30554,1.19,1.19
2014.03.17 08:08:18.578,8.30387,8.30492,1.19,2.10
2014.03.17 08:08:18.680,8.3036,8.30483,1.19,2.10
2014.03.17 08:08:18.781,8.30355,8.30483,1.00,2.29
2014.03.17 08:08:18.832,8.30355,8.30436,1.00,1.00
2014.03.17 08:08:19.165,8.30287,8.30417,1.19,1.19
2014.03.17 08:08:20.242,8.30287,8.3039,1.00,1.19
2014.03.17 08:08:20.749,8.30288,8.30379,1.00,1.19
2014.03.17 08:08:20.800,8.30218,8.30379,1.19,1.19
2014.03.17 08:08:21.915,8.30217,8.30379,1.69,1.19
2014.03.17 08:08:24.298,8.30218,8.30362,1.19,1.19
2014.03.17 08:08:25.283,8.30197,8.30365,2.44,1.19
2014.03.17 08:08:25.586,8.30217,8.30362,1.19,1.19
2014.03.17 08:08:27.993,8.30234,8.30362,1.19,1.00
2014.03.17 08:08:32.700,8.30232,8.30362,1.19,1.00
2014.03.17 08:08:34.434,8.30228,8.30362,1.19,1.00
2014.03.17 08:08:36.620,8.30234,8.30362,1.19,1.00
2014.03.17 08:08:40.529,8.30233,8.30362,1.19,1.00
2014.03.17 08:08:47.199,8.30228,8.30362,1.19,1.00
2014.03.17 08:08:48.468,8.30231,8.30362,1.19,1.00
2014.03.17 08:08:50.180,8.30229,8.30362,1.19,1.00
2014.03.17 08:08:51.605,8.3023,8.30362,1.19,1.00
2014.03.17 08:08:52.543,8.30232,8.30362,1.19,1.00
2014.03.17 08:08:55.874,8.30227,8.30362,1.19,1.19
2014.03.17 08:08:57.447,8.30231,8.30362,1.19,1.00
2014.03.17 08:08:59.442,8.30232,8.30362,1.19,1.00
2014.03.17 08:09:00.513,8.30235,8.30362,1.19,1.00
2014.03.17 08:09:02.010,8.30235,8.30362,1.19,1.00
2014.03.17 08:09:05.176,8.30232,8.30362,1.19,1.00
2014.03.17 08:09:08.143,8.30257,8.30362,2.07,1.00
2014.03.17 08:09:08.245,8.30284,8.30416,1.19,1.00
2014.03.17 08:09:08.296,8.30307,8.30469,1.69,1.69
2014.03.17 08:09:08.347,8.30307,8.30477,1.69,1.19
2014.03.17 08:09:09.519,8.30307,8.30478,1.69,1.69
2014.03.17 08:09:10.568,8.30307,8.30478,1.69,1.19
2014.03.17 08:09:11.389,8.30302,8.30353,1.00,4.38
2014.03.17 08:09:11.440,8.30176,8.30303,1.00,1.50
2014.03.17 08:09:11.491,8.30176,8.30281,1.00,1.00
2014.03.17 08:09:11.812,8.30215,8.3026,1.00,2.10
2014.03.17 08:09:11.965,8.30167,8.3026,1.00,2.10
2014.03.17 08:09:12.421,8.30125,8.3026,1.19,2.10
2014.03.17 08:09:12.624,8.30125,8.30255,1.19,2.10
2014.03.17 08:09:12.936,8.30101,8.30255,1.19,2.29
2014.03.17 08:09:17.674,8.30095,8.30231,1.19,1.19
2014.03.17 08:09:20.177,8.30095,8.30231,1.19,1.19
2014.03.17 08:09:21.989,8.30085,8.30231,1.19,1.19
2014.03.17 08:09:28.455,8.30122,8.303,1.19,1.19
2014.03.17 08:09:28.556,8.30152,8.30317,1.19,1.19
2014.03.17 08:09:29.647,8.30152,8.30328,1.19,1.19
2014.03.17 08:09:29.971,8.30168,8.30345,1.19,1.19
2014.03.17 08:09:30.789,8.30185,8.30365,1.19,1.19
2014.03.17 08:09:34.989,8.30195,8.30375,1.69,1.19
2014.03.17 08:09:37.056,8.30195,8.30343,1.69,2.29
2014.03.17 08:09:37.208,8.30171,8.30343,1.19,2.29
2014.03.17 08:09:37.310,8.30166,8.30333,1.19,1.79
2014.03.17 08:09:38.509,8.30147,8.30325,1.19,1.79
2014.03.17 08:09:40.108,8.30147,8.30301,1.69,1.19
2014.03.17 08:09:44.003,8.30147,8.30301,1.69,1.19
2014.03.17 08:09:46.971,8.30149,8.30301,1.19,1.19
2014.03.17 08:09:53.178,8.30151,8.30301,1.19,1.19
2014.03.17 08:09:55.084,8.30147,8.30301,1.19,1.19
2014.03.17 08:10:03.559,8.30147,8.30301,1.19,1.19
2014.03.17 08:10:04.551,8.30148,8.30301,1.19,1.19
2014.03.17 08:10:10.497,8.30148,8.30301,1.19,1.19
2014.03.17 08:10:13.758,8.30147,8.30301,1.19,1.19
2014.03.17 08:10:14.969,8.30147,8.30301,1.19,1.19
2014.03.17 08:10:25.188,8.30153,8.30301,1.19,1.19
2014.03.17 08:10:26.543,8.30147,8.30301,1.19,1.19
2014.03.17 08:10:28.230,8.30147,8.30301,1.19,1.19
2014.03.17 08:10:30.220,8.30147,8.30301,1.19,1.19
2014.03.17 08:10:30.904,8.30147,8.30301,1.19,1.19
2014.03.17 08:10:32.214,8.30147,8.30301,1.19,1.19
2014.03.17 08:10:35.874,8.30147,8.30301,1.19,1.19
2014.03.17 08:10:40.156,8.3014,8.3032,1.19,1.19
2014.03.17 08:10:40.358,8.30144,8.30305,1.19,1.19
2014.03.17 08:10:40.648,8.30173,8.30305,1.00,1.19
2014.03.17 08:10:43.004,8.30173,8.30303,1.00,1.19
2014.03.17 08:10:44.316,8.30173,8.30312,1.19,1.19
2014.03.17 08:10:47.494,8.30173,8.30313,1.19,1.19
2014.03.17 08:10:50.525,8.30173,8.30316,1.19,1.19
2014.03.17 08:10:51.853,8.30173,8.30313,1.19,1.19
2014.03.17 08:10:53.142,8.30173,8.30308,1.25,1.19
2014.03.17 08:10:53.483,8.30103,8.30232,1.19,2.29
2014.03.17 08:10:53.585,8.30137,8.30232,1.00,2.29
2014.03.17 08:10:53.687,8.30137,8.30251,1.00,1.19
2014.03.17 08:10:53.789,8.30137,8.30274,1.19,1.19
2014.03.17 08:10:54.994,8.30172,8.30307,1.00,1.19
2014.03.17 08:11:01.592,8.30172,8.30231,1.00,2.10
2014.03.17 08:11:01.967,8.30172,8.30225,1.00,1.79
2014.03.17 08:11:02.272,8.3017,8.30225,1.00,1.79
2014.03.17 08:11:03.198,8.30107,8.30225,1.38,1.79
2014.03.17 08:11:04.289,8.30107,8.30224,1.38,1.79
2014.03.17 08:11:04.340,8.30158,8.30224,1.00,1.79
2014.03.17 08:11:09.699,8.30158,8.30205,1.00,1.19
2014.03.17 08:11:11.209,8.30158,8.30202,1.00,1.19
2014.03.17 08:11:12.414,8.30158,8.30208,1.00,1.19
2014.03.17 08:11:15.676,8.30158,8.30209,1.00,1.19
2014.03.17 08:11:18.850,8.30158,8.30202,1.00,1.19
2014.03.17 08:11:26.067,8.30158,8.30211,1.00,1.19
2014.03.17 08:11:27.988,8.30158,8.30203,1.00,1.19
2014.03.17 08:11:30.196,8.30158,8.30206,1.00,1.19
2014.03.17 08:11:40.529,8.30158,8.302,1.00,1.19
2014.03.17 08:11:41.735,8.30158,8.30211,1.00,1.19
2014.03.17 08:11:44.289,8.30158,8.30201,1.00,1.19
2014.03.17 08:11:46.270,8.30158,8.30207,1.00,1.19
2014.03.17 08:11:48.711,8.30158,8.30214,1.00,1.19
2014.03.17 08:11:50.136,8.30158,8.30209,1.00,1.19
2014.03.17 08:11:59.265,8.30158,8.30213,1.00,1.19
2014.03.17 08:12:00.482,8.30158,8.30202,1.00,1.19
2014.03.17 08:12:01.888,8.30158,8.30194,1.00,1.19
2014.03.17 08:12:04.609,8.30158,8.30189,1.00,1.19
2014.03.17 08:12:05.308,8.30158,8.30214,1.00,1.19
2014.03.17 08:12:05.359,8.30171,8.30214,1.00,1.19
2014.03.17 08:12:05.461,8.30158,8.30245,1.50,1.19
2014.03.17 08:12:05.512,8.30158,8.30264,1.50,1.69
2014.03.17 08:12:05.664,8.30158,8.30283,1.50,1.19
2014.03.17 08:12:05.715,8.30176,8.30283,1.00,1.19
2014.03.17 08:12:06.262,8.30161,8.30268,1.00,1.19
2014.03.17 08:12:07.338,8.30161,8.30267,1.00,1.19
2014.03.17 08:12:08.237,8.30158,8.30267,1.00,1.19
2014.03.17 08:12:09.070,8.30158,8.30259,1.00,1.19
2014.03.17 08:12:11.924,8.30158,8.30274,1.19,1.19
2014.03.17 08:12:12.972,8.30158,8.30274,1.19,1.19
2014.03.17 08:12:15.610,8.30158,8.30274,1.00,1.19
2014.03.17 08:12:17.083,8.30158,8.30274,1.00,1.19
2014.03.17 08:12:19.132,8.30158,8.30274,1.00,1.19
2014.03.17 08:12:20.436,8.30158,8.30274,1.19,1.19
2014.03.17 08:12:22.649,8.30158,8.30274,1.19,1.19
2014.03.17 08:12:25.569,8.30158,8.30274,1.19,1.19
2014.03.17 08:12:28.082,8.30158,8.30278,1.00,1.19
2014.03.17 08:12:28.539,8.30147,8.30278,1.00,1.19
2014.03.17 08:12:29.075,8.30137,8.30281,1.69,1.19
2014.03.17 08:12:29.278,8.30137,8.30287,1.69,1.19
2014.03.17 08:12:29.581,8.30137,8.30272,1.69,1.19
2014.03.17 08:12:37.386,8.30137,8.30252,1.50,1.19
2014.03.17 08:12:40.602,8.30137,8.30253,1.50,1.19
2014.03.17 08:12:40.703,8.30137,8.30273,1.50,1.19
2014.03.17 08:12:44.011,8.30137,8.30255,1.50,1.19
2014.03.17 08:12:45.415,8.30137,8.30266,1.50,1.19
2014.03.17 08:12:48.864,8.30137,8.30251,1.50,1.19
2014.03.17 08:12:55.462,8.30137,8.30248,1.50,1.19
2014.03.17 08:12:57.220,8.30137,8.30253,1.50,1.19
2014.03.17 08:13:05.827,8.30107,8.30253,1.19,1.19
2014.03.17 08:13:06.281,8.30107,8.30238,1.00,1.19
2014.03.17 08:13:10.648,8.30107,8.30249,1.19,1.19
2014.03.17 08:13:12.484,8.30107,8.30265,1.19,1.19
2014.03.17 08:13:16.479,8.30107,8.30258,1.19,1.19
2014.03.17 08:13:18.559,8.30107,8.30271,1.19,1.19
2014.03.17 08:13:21.656,8.30107,8.3026,1.19,1.19
2014.03.17 08:13:22.675,8.30102,8.30237,1.19,2.29
2014.03.17 08:13:22.776,8.30058,8.3023,1.19,2.29
2014.03.17 08:13:22.979,8.30058,8.30214,1.19,1.19
2014.03.17 08:13:23.787,8.30028,8.3019,1.69,1.19
2014.03.17 08:13:25.021,8.30028,8.30179,1.69,1.19
2014.03.17 08:13:26.111,8.30033,8.30167,1.19,1.19
2014.03.17 08:13:27.506,8.30033,8.30157,1.00,1.19
2014.03.17 08:13:28.430,8.3004,8.30157,1.00,1.19
2014.03.17 08:13:28.531,8.3004,8.30167,1.19,1.19
2014.03.17 08:13:28.582,8.3004,8.3014,1.19,1.00
2014.03.17 08:13:28.785,8.3005,8.30187,1.19,1.19
2014.03.17 08:13:29.745,8.30009,8.30142,1.00,1.19
2014.03.17 08:13:30.048,8.29958,8.3013,1.69,1.19
2014.03.17 08:13:30.354,8.2998,8.30145,1.19,1.19
2014.03.17 08:13:31.213,8.29963,8.30132,1.19,1.19
2014.03.17 08:13:31.612,8.30065,8.30132,2.50,1.00
2014.03.17 08:13:31.815,8.29971,8.30122,1.19,1.19
2014.03.17 08:13:32.017,8.29982,8.30134,1.19,1.19
2014.03.17 08:13:33.506,8.29982,8.30134,1.19,1.19
2014.03.17 08:13:34.939,8.29961,8.30134,1.19,1.69
2014.03.17 08:13:35.461,8.29981,8.3012,1.00,1.19
2014.03.17 08:13:35.770,8.29971,8.3012,1.19,1.19
2014.03.17 08:13:36.026,8.29959,8.30134,1.19,1.69
2014.03.17 08:13:37.134,8.29963,8.30141,1.19,1.19
2014.03.17 08:13:40.687,8.29977,8.30152,1.19,1.19
2014.03.17 08:13:42.478,8.29977,8.30151,1.19,1.19
2014.03.17 08:13:45.896,8.29991,8.30163,1.19,1.19
2014.03.17 08:13:51.681,8.2999,8.3015,1.19,1.19
2014.03.17 08:13:52.908,8.29966,8.30146,1.69,1.19
2014.03.17 08:13:53.917,8.2999,8.30151,1.19,1.19
2014.03.17 08:13:55.424,8.29987,8.30168,1.19,1.19
2014.03.17 08:13:57.939,8.29996,8.30173,1.19,1.19
2014.03.17 08:14:00.448,8.3,8.30177,1.19,1.19
2014.03.17 08:14:02.142,8.30003,8.30157,1.19,1.19
2014.03.17 08:14:03.135,8.30003,8.30142,1.19,1.00
2014.03.17 08:14:03.186,8.30067,8.30142,1.50,1.00
2014.03.17 08:14:03.370,8.30106,8.30192,1.19,4.35
2014.03.17 08:14:03.421,8.30106,8.30157,1.19,1.00
2014.03.17 08:14:03.523,8.30097,8.30192,1.19,4.35
2014.03.17 08:14:03.574,8.30097,8.30243,1.19,1.19
2014.03.17 08:14:04.232,8.30097,8.30224,1.19,1.00
2014.03.17 08:14:05.477,8.30106,8.30272,1.19,1.19
2014.03.17 08:14:07.498,8.30115,8.30249,1.19,1.00
2014.03.17 08:14:10.662,8.30115,8.30249,1.19,1.00
2014.03.17 08:14:11.668,8.30115,8.30249,1.19,1.19
2014.03.17 08:14:12.646,8.30106,8.30238,1.19,2.29
2014.03.17 08:14:12.697,8.30106,8.30193,1.00,1.00
2014.03.17 08:14:12.798,8.30095,8.30194,1.00,1.19
2014.03.17 08:14:13.102,8.30015,8.30194,1.19,1.19
2014.03.17 08:14:14.472,8.30011,8.30179,1.19,1.19
2014.03.17 08:14:15.501,8.30006,8.30154,1.19,1.19
2014.03.17 08:14:20.640,8.30015,8.30185,1.19,1.19
2014.03.17 08:14:21.627,8.30025,8.30194,1.19,1.19
2014.03.17 08:14:22.940,8.30015,8.30194,1.19,1.19
2014.03.17 08:14:24.153,8.30012,8.30194,1.19,1.19
2014.03.17 08:14:34.275,8.30021,8.3018,1.19,1.19
2014.03.17 08:14:35.751,8.30005,8.30169,1.19,1.19
2014.03.17 08:14:36.713,8.30001,8.30147,1.19,1.19
2014.03.17 08:14:38.552,8.30012,8.30165,1.19,1.19
2014.03.17 08:14:39.948,8.29998,8.30149,1.19,1.19
2014.03.17 08:14:40.354,8.30016,8.30185,1.19,1.19
2014.03.17 08:14:42.729,8.30028,8.302,1.19,1.19
2014.03.17 08:14:43.481,8.30048,8.30223,1.19,1.19
2014.03.17 08:14:44.149,8.30062,8.30232,1.19,1.19
2014.03.17 08:14:49.398,8.30072,8.30224,1.19,1.19
2014.03.17 08:14:50.582,8.3006,8.30224,1.19,1.19
2014.03.17 08:14:55.433,8.30061,8.30204,1.19,1.19
2014.03.17 08:14:58.740,8.30096,8.30204,1.19,1.19
2014.03.17 08:15:00.110,8.30096,8.30224,1.19,1.19
2014.03.17 08:15:01.447,8.30096,8.30224,1.19,1.19
2014.03.17 08:15:03.039,8.30096,8.30224,1.19,1.19
2014.03.17 08:15:05.077,8.30096,8.30224,1.19,1.79
2014.03.17 08:15:05.330,8.3007,8.30192,1.00,1.69
2014.03.17 08:15:05.381,8.30018,8.30192,1.19,1.69
2014.03.17 08:15:05.735,8.30037,8.30192,1.19,1.69
2014.03.17 08:15:06.591,8.30037,8.30164,1.19,1.00
2014.03.17 08:15:06.693,8.30053,8.30192,1.19,1.69
2014.03.17 08:15:07.887,8.3005,8.30229,1.19,1.19
2014.03.17 08:15:09.009,8.30073,8.30231,1.19,1.19
2014.03.17 08:15:10.495,8.30063,8.30229,1.19,1.19
2014.03.17 08:15:16.226,8.30074,8.30231,1.19,1.19
2014.03.17 08:15:17.737,8.30069,8.30231,1.19,1.19
2014.03.17 08:15:22.649,8.30075,8.30231,1.19,1.19
2014.03.17 08:15:23.868,8.30057,8.30231,1.19,1.19
2014.03.17 08:15:25.263,8.30057,8.30231,1.19,1.19
2014.03.17 08:15:26.668,8.30061,8.30231,1.19,1.19
2014.03.17 08:15:27.975,8.30069,8.30231,1.19,1.19
2014.03.17 08:15:29.029,8.3007,8.30231,1.19,1.19
2014.03.17 08:15:30.690,8.30069,8.30231,1.19,1.19
2014.03.17 08:15:31.930,8.30069,8.30231,1.19,1.19
2014.03.17 08:15:37.631,8.30073,8.30231,1.19,1.19
2014.03.17 08:15:40.679,8.30061,8.30231,1.19,1.19
2014.03.17 08:15:50.682,8.30072,8.30231,1.19,1.19
2014.03.17 08:15:52.501,8.30073,8.30231,1.19,1.19
2014.03.17 08:15:59.026,8.30072,8.30231,1.19,1.19
2014.03.17 08:16:00.637,8.30079,8.30231,1.19,1.19
2014.03.17 08:16:02.201,8.30079,8.30231,1.19,1.19
2014.03.17 08:16:05.553,8.30069,8.30246,1.19,1.19
2014.03.17 08:16:07.199,8.30065,8.30242,1.19,1.19
2014.03.17 08:16:10.592,8.3007,8.30245,1.19,1.19
2014.03.17 08:16:11.576,8.30079,8.30256,1.19,1.19
2014.03.17 08:16:13.318,8.30059,8.30237,1.19,1.19
2014.03.17 08:16:14.501,8.30078,8.30246,1.19,1.19
2014.03.17 08:16:17.496,8.30078,8.30254,1.19,1.19
2014.03.17 08:16:19.448,8.30064,8.30243,1.19,1.19
2014.03.17 08:16:20.716,8.30058,8.30234,1.19,1.19
2014.03.17 08:16:22.821,8.30063,8.30245,1.19,1.19
2014.03.17 08:16:25.047,8.30062,8.30231,1.19,1.19
2014.03.17 08:16:26.947,8.30072,8.30248,1.19,1.19
2014.03.17 08:16:28.589,8.3006,8.30236,1.19,1.19
2014.03.17 08:16:29.068,8.30061,8.30217,1.19,1.19
2014.03.17 08:16:30.677,8.30057,8.30224,1.19,1.19
2014.03.17 08:16:36.084,8.30056,8.3023,1.19,1.19
2014.03.17 08:16:39.207,8.30063,8.3024,1.19,1.19
2014.03.17 08:16:40.706,8.30056,8.30229,1.19,1.19
2014.03.17 08:16:43.053,8.30056,8.30231,1.19,1.19
2014.03.17 08:16:44.807,8.30049,8.30112,1.00,1.00
2014.03.17 08:16:44.959,8.30026,8.30098,1.19,1.00
2014.03.17 08:16:45.062,8.29994,8.30098,1.19,1.00
2014.03.17 08:16:45.112,8.30015,8.30098,1.00,1.00
2014.03.17 08:16:45.417,8.30015,8.30124,1.19,1.00
2014.03.17 08:16:45.721,8.30015,8.30112,1.19,1.00
2014.03.17 08:16:46.024,8.30015,8.30097,1.19,1.00
2014.03.17 08:16:46.473,8.29978,8.30097,1.19,1.00
2014.03.17 08:16:46.791,8.29978,8.30117,1.19,1.00
2014.03.17 08:16:46.842,8.29978,8.30124,1.19,1.19
2014.03.17 08:16:47.943,8.29985,8.30134,1.19,1.19
2014.03.17 08:16:49.148,8.29998,8.30134,1.19,1.00
2014.03.17 08:16:49.300,8.3002,8.30143,1.19,1.25
2014.03.17 08:16:50.287,8.3002,8.30143,1.19,1.00
2014.03.17 08:16:50.657,8.30007,8.30134,1.69,1.00
2014.03.17 08:16:52.521,8.3001,8.30134,1.19,1.00
2014.03.17 08:16:53.661,8.30007,8.30124,1.69,1.00
2014.03.17 08:16:56.604,8.3001,8.30124,1.19,1.00
2014.03.17 08:16:57.449,8.30007,8.30124,1.69,1.00
2014.03.17 08:16:57.652,8.29967,8.30113,1.19,1.00
2014.03.17 08:16:58.642,8.29961,8.30113,1.19,1.00
2014.03.17 08:17:00.457,8.29955,8.30113,1.69,1.25
2014.03.17 08:17:01.038,8.29955,8.30102,1.69,1.00
2014.03.17 08:17:01.140,8.29955,8.30114,1.69,1.19
2014.03.17 08:17:01.788,8.29962,8.30114,1.19,1.00
2014.03.17 08:17:03.097,8.29962,8.30101,1.19,1.00
2014.03.17 08:17:04.403,8.29962,8.30114,1.19,1.00
2014.03.17 08:17:04.656,8.29962,8.30104,1.19,1.00
2014.03.17 08:17:04.989,8.29969,8.30113,1.19,1.00
2014.03.17 08:17:06.488,8.29969,8.30124,1.19,1.25
2014.03.17 08:17:07.677,8.29969,8.30112,1.19,1.00
2014.03.17 08:17:07.829,8.29963,8.30112,1.19,1.00
2014.03.17 08:17:09.031,8.29956,8.30112,1.19,1.19
2014.03.17 08:17:11.840,8.29956,8.30102,1.19,1.00
2014.03.17 08:17:12.144,8.29956,8.30102,1.19,1.00
2014.03.17 08:17:12.560,8.29956,8.30093,1.19,1.00
2014.03.17 08:17:13.263,8.29956,8.30102,1.19,1.00
2014.03.17 08:17:13.368,8.29956,8.30089,1.19,1.00
2014.03.17 08:17:15.849,8.29961,8.30113,1.19,1.00
2014.03.17 08:17:15.900,8.29961,8.30104,1.19,1.00
2014.03.17 08:17:17.630,8.29961,8.30114,1.19,1.00
2014.03.17 08:17:18.329,8.29966,8.30114,1.19,1.00
2014.03.17 08:17:19.413,8.29959,8.30083,1.19,1.00
2014.03.17 08:17:19.464,8.29952,8.30083,1.00,1.19
2014.03.17 08:17:19.515,8.29952,8.30019,1.00,1.00
2014.03.17 08:17:19.819,8.29818,8.29966,1.19,1.19
2014.03.17 08:17:19.971,8.29793,8.2996,1.19,1.19
2014.03.17 08:17:20.983,8.29782,8.29941,1.19,1.19
2014.03.17 08:17:23.009,8.29795,8.29929,1.19,1.19
2014.03.17 08:17:23.424,8.29802,8.29929,1.19,1.00
2014.03.17 08:17:23.677,8.29811,8.29971,1.19,1.69
2014.03.17 08:17:23.779,8.29811,8.29921,1.19,1.00
2014.03.17 08:17:23.881,8.29811,8.29911,1.19,1.00
2014.03.17 08:17:23.982,8.29811,8.29899,1.19,1.00
2014.03.17 08:17:24.196,8.2976,8.29899,1.19,1.19
2014.03.17 08:17:24.728,8.29743,8.29883,1.19,1.19
2014.03.17 08:17:25.032,8.29708,8.29879,1.19,1.69
2014.03.17 08:17:25.488,8.29718,8.29889,1.19,1.19
2014.03.17 08:17:26.704,8.29735,8.29889,1.19,1.19
2014.03.17 08:17:31.237,8.29735,8.29857,1.00,1.19
2014.03.17 08:17:35.026,8.29735,8.29823,1.00,1.19
2014.03.17 08:17:38.266,8.29735,8.29812,1.00,1.19
2014.03.17 08:17:40.733,8.29735,8.29825,1.00,1.19
2014.03.17 08:17:42.722,8.29735,8.29812,1.00,1.19
2014.03.17 08:17:42.823,8.29735,8.29834,1.00,1.19
2014.03.17 08:17:43.436,8.29735,8.29857,1.00,1.19
2014.03.17 08:17:47.126,8.29735,8.29857,1.19,1.19
2014.03.17 08:17:48.285,8.29735,8.29875,1.25,1.19
2014.03.17 08:17:48.691,8.29735,8.29857,1.00,1.19
2014.03.17 08:17:48.843,8.29657,8.29814,1.19,1.19
2014.03.17 08:17:50.747,8.29645,8.29793,1.19,1.19
2014.03.17 08:17:51.177,8.29622,8.29784,1.19,1.19
2014.03.17 08:18:00.701,8.29614,8.29789,1.19,1.19
2014.03.17 08:18:02.415,8.29615,8.29789,1.19,1.19
2014.03.17 08:18:07.258,8.29609,8.29778,1.19,1.19
2014.03.17 08:18:10.759,8.29607,8.29778,1.69,1.19
2014.03.17 08:18:11.875,8.29607,8.29778,1.69,1.19
2014.03.17 08:18:12.494,8.29648,8.29788,1.00,1.19
2014.03.17 08:18:13.137,8.29627,8.29788,1.19,1.19
2014.03.17 08:18:13.188,8.29627,8.29786,1.19,1.19
2014.03.17 08:18:15.617,8.29607,8.29775,1.69,1.19
2014.03.17 08:18:17.402,8.29607,8.29781,1.69,1.19
2014.03.17 08:18:18.537,8.29607,8.29765,1.69,1.19
2014.03.17 08:18:20.194,8.29607,8.29759,1.69,1.19
2014.03.17 08:18:23.874,8.29607,8.29748,1.69,1.19
2014.03.17 08:18:24.857,8.29607,8.29769,1.69,1.19
2014.03.17 08:18:27.521,8.29607,8.29765,1.69,1.19
2014.03.17 08:18:29.038,8.29607,8.29764,1.69,1.19
2014.03.17 08:18:31.564,8.29607,8.29746,1.69,1.19
2014.03.17 08:18:32.740,8.29607,8.29741,1.50,1.19
2014.03.17 08:18:33.653,8.29607,8.29725,1.50,1.19
2014.03.17 08:18:33.856,8.29526,8.29685,1.19,1.54
2014.03.17 08:18:34.765,8.29512,8.29678,1.19,1.19
2014.03.17 08:18:36.422,8.29512,8.2966,1.19,1.19
2014.03.17 08:18:40.705,8.29507,8.29656,1.69,1.19
2014.03.17 08:18:42.377,8.29502,8.29656,1.19,1.19
2014.03.17 08:18:44.689,8.29508,8.29656,1.19,1.19
2014.03.17 08:18:45.804,8.29508,8.29656,1.19,1.19
2014.03.17 08:18:49.873,8.29508,8.29656,1.19,1.19
2014.03.17 08:18:50.257,8.29507,8.29656,1.19,1.19
2014.03.17 08:18:54.704,8.29507,8.29656,1.19,1.19
2014.03.17 08:18:57.600,8.29507,8.29656,1.19,1.19
2014.03.17 08:18:59.231,8.29507,8.29656,1.69,1.19
2014.03.17 08:19:00.755,8.29507,8.29656,1.19,1.19
2014.03.17 08:19:03.522,8.29515,8.29656,1.19,1.19
2014.03.17 08:19:03.927,8.29533,8.29711,1.19,1.19
2014.03.17 08:19:04.676,8.29553,8.29691,1.19,1.19
2014.03.17 08:19:05.765,8.29541,8.29691,1.19,1.19
2014.03.17 08:19:07.175,8.29564,8.29715,1.19,1.19
2014.03.17 08:19:08.452,8.29564,8.29715,1.19,1.19
2014.03.17 08:19:10.349,8.29564,8.29715,1.19,1.19
2014.03.17 08:19:11.597,8.29564,8.29715,1.19,1.19
2014.03.17 08:19:13.507,8.29564,8.29715,1.19,1.19
2014.03.17 08:19:15.210,8.29567,8.29743,1.69,1.19
2014.03.17 08:19:15.312,8.2959,8.29755,1.19,1.19
2014.03.17 08:19:15.936,8.2959,8.29766,1.19,1.54
2014.03.17 08:19:17.233,8.29603,8.29757,1.19,1.19
2014.03.17 08:19:19.043,8.29607,8.29757,1.19,1.19
2014.03.17 08:19:20.731,8.29628,8.2978,1.19,1.19
2014.03.17 08:19:21.055,8.29628,8.29782,1.19,1.19
2014.03.17 08:19:22.215,8.29628,8.29782,1.19,1.19
2014.03.17 08:19:23.721,8.29628,8.29782,1.19,1.19
2014.03.17 08:19:25.450,8.29628,8.29782,1.19,1.19
2014.03.17 08:19:26.952,8.29628,8.29782,1.19,1.19
2014.03.17 08:19:32.994,8.29628,8.29782,1.19,1.19
2014.03.17 08:19:34.211,8.29633,8.29782,1.19,1.19
2014.03.17 08:19:36.416,8.29643,8.29782,1.19,1.19
2014.03.17 08:19:38.708,8.29647,8.29803,1.19,1.19
2014.03.17 08:19:42.537,8.29624,8.29805,1.19,1.79
2014.03.17 08:19:42.643,8.29623,8.29794,1.19,1.54
2014.03.17 08:19:44.144,8.29623,8.29778,1.19,1.19
2014.03.17 08:19:48.393,8.29622,8.29778,1.19,1.19
2014.03.17 08:19:50.775,8.29628,8.29778,1.19,1.19
2014.03.17 08:19:51.984,8.29628,8.29778,1.19,1.19
2014.03.17 08:19:54.426,8.29628,8.29778,1.19,1.19
2014.03.17 08:19:55.745,8.29641,8.29797,1.19,1.69
2014.03.17 08:19:56.048,8.29644,8.29797,1.19,1.19
2014.03.17 08:19:57.259,8.29646,8.29816,1.19,1.19
2014.03.17 08:19:57.526,8.29671,8.29827,1.19,1.19
2014.03.17 08:19:58.756,8.29671,8.29827,1.19,1.19
2014.03.17 08:19:59.489,8.29686,8.2984,1.19,1.19
2014.03.17 08:20:00.793,8.29686,8.2984,1.19,1.79
2014.03.17 08:20:01.100,8.29686,8.29782,1.19,2.10
2014.03.17 08:20:01.201,8.29686,8.2977,1.00,2.10
2014.03.17 08:20:01.302,8.29686,8.2977,1.00,2.29
2014.03.17 08:20:01.455,8.29656,8.29777,1.00,2.29
2014.03.17 08:20:01.505,8.29656,8.29767,1.00,1.79
2014.03.17 08:20:01.809,8.29585,8.29749,1.19,1.19
2014.03.17 08:20:02.487,8.29613,8.29764,1.19,1.19
2014.03.17 08:20:02.891,8.29595,8.29767,1.19,1.54
2014.03.17 08:20:03.817,8.29572,8.29741,1.19,1.19
2014.03.17 08:20:05.236,8.29576,8.29729,1.19,1.19
2014.03.17 08:20:10.756,8.29576,8.2972,1.19,1.19
2014.03.17 08:20:12.229,8.29576,8.29716,1.19,1.19
2014.03.17 08:20:13.381,8.29598,8.29716,1.00,1.69
2014.03.17 08:20:13.432,8.2963,8.29716,1.00,1.00
2014.03.17 08:20:13.535,8.29651,8.29716,1.00,1.00
2014.03.17 08:20:13.738,8.29627,8.29716,1.50,1.19
2014.03.17 08:20:13.890,8.29566,8.29716,1.69,1.19
2014.03.17 08:20:16.530,8.29566,8.29722,1.19,1.19
2014.03.17 08:20:18.393,8.29628,8.29722,1.50,1.19
2014.03.17 08:20:18.494,8.29628,8.29735,1.69,1.00
2014.03.17 08:20:18.545,8.29651,8.29735,1.00,1.00
2014.03.17 08:20:18.748,8.2963,8.29722,1.19,1.00
2014.03.17 08:20:18.799,8.29566,8.29722,1.19,1.19
2014.03.17 08:20:18.900,8.29566,8.29722,1.19,1.19
2014.03.17 08:20:19.960,8.29566,8.29722,1.19,1.19
2014.03.17 08:20:23.419,8.29566,8.29722,1.19,1.19
2014.03.17 08:20:24.666,8.29566,8.29722,1.19,1.19
2014.03.17 08:20:27.951,8.29566,8.29722,1.19,1.19
2014.03.17 08:20:28.988,8.29566,8.29722,1.19,1.19
2014.03.17 08:20:30.275,8.29566,8.29715,1.19,1.19
2014.03.17 08:20:31.374,8.29566,8.29711,1.19,1.19
2014.03.17 08:20:32.415,8.29566,8.29702,1.19,1.19
2014.03.17 08:20:33.693,8.29566,8.29711,1.19,1.19
2014.03.17 08:20:35.605,8.29566,8.297,1.19,1.19
2014.03.17 08:20:37.875,8.29566,8.29694,1.00,1.19
2014.03.17 08:20:39.084,8.29566,8.29681,1.00,1.19
2014.03.17 08:20:40.778,8.29566,8.29667,1.00,1.19
2014.03.17 08:20:43.476,8.29566,8.29666,1.00,1.19
2014.03.17 08:20:44.871,8.29566,8.29669,1.00,1.19
2014.03.17 08:20:46.116,8.29566,8.29666,1.00,1.19
2014.03.17 08:20:47.460,8.29566,8.29665,1.00,1.19
2014.03.17 08:20:54.468,8.29566,8.29668,1.00,1.19
2014.03.17 08:20:55.430,8.29566,8.29688,1.19,1.19
2014.03.17 08:20:56.640,8.29566,8.29702,1.19,1.19
2014.03.17 08:21:00.768,8.29566,8.29684,1.19,1.19
2014.03.17 08:21:05.657,8.29566,8.29684,1.25,1.19
2014.03.17 08:21:08.400,8.29566,8.29683,1.19,1.19
2014.03.17 08:21:10.819,8.29566,8.29693,1.19,1.19
2014.03.17 08:21:12.155,8.29566,8.29693,1.19,1.19
2014.03.17 08:21:13.255,8.29588,8.29721,1.69,1.19
2014.03.17 08:21:14.413,8.29606,8.29722,1.00,1.19
2014.03.17 08:21:17.496,8.29606,8.29717,1.00,1.19
2014.03.17 08:21:19.739,8.29606,8.29722,1.00,1.19
2014.03.17 08:21:21.098,8.29619,8.29722,1.00,1.19
2014.03.17 08:21:23.405,8.2961,8.29722,1.00,1.19
2014.03.17 08:21:24.702,8.29619,8.29722,1.00,1.19
2014.03.17 08:21:26.304,8.29621,8.29722,1.00,1.19
2014.03.17 08:21:27.790,8.29621,8.29722,1.00,1.19
2014.03.17 08:21:29.095,8.29621,8.29744,1.25,1.19
2014.03.17 08:21:31.163,8.2963,8.29744,1.00,1.19
2014.03.17 08:21:31.805,8.29621,8.29744,1.25,1.19
2014.03.17 08:21:32.463,8.29628,8.29744,1.00,1.19
2014.03.17 08:21:35.696,8.29626,8.29744,1.25,1.19
2014.03.17 08:21:35.846,8.29633,8.29744,1.00,1.19
2014.03.17 08:21:35.919,8.29626,8.29744,1.25,1.19
2014.03.17 08:21:36.900,8.29634,8.29744,1.00,1.19
2014.03.17 08:21:37.453,8.29626,8.29744,1.25,1.19
2014.03.17 08:21:37.661,8.29632,8.29744,1.00,1.19
2014.03.17 08:21:39.667,8.29632,8.29744,1.19,1.19
2014.03.17 08:21:47.104,8.29632,8.29744,1.00,1.19
2014.03.17 08:21:50.848,8.29632,8.29744,1.19,1.19
2014.03.17 08:21:53.125,8.29632,8.29744,1.00,1.19
2014.03.17 08:21:54.227,8.29632,8.29744,1.19,1.19
2014.03.17 08:21:56.482,8.29632,8.29744,1.19,1.19
2014.03.17 08:21:57.959,8.29637,8.29744,1.00,1.19
2014.03.17 08:22:00.059,8.29637,8.29744,1.19,1.19
2014.03.17 08:22:00.161,8.29649,8.29744,1.00,1.19
2014.03.17 08:22:00.364,8.29637,8.29744,1.19,1.19
2014.03.17 08:22:00.467,8.29653,8.29744,1.00,1.19
2014.03.17 08:22:00.568,8.29645,8.29744,1.00,1.19
2014.03.17 08:22:01.364,8.29653,8.29744,1.00,1.19
2014.03.17 08:22:02.414,8.29653,8.29744,1.00,1.19
2014.03.17 08:22:02.465,8.29644,8.29744,1.00,1.19
2014.03.17 08:22:02.567,8.29636,8.29744,1.19,1.19
2014.03.17 08:22:03.390,8.29636,8.29771,1.19,1.19
2014.03.17 08:22:03.762,8.29651,8.29771,1.00,1.19
2014.03.17 08:22:07.314,8.29651,8.29767,1.00,1.19
2014.03.17 08:22:07.365,8.29641,8.29767,1.00,1.19
2014.03.17 08:22:08.388,8.29641,8.29773,1.19,1.19
2014.03.17 08:22:08.439,8.29647,8.29773,1.00,1.19
2014.03.17 08:22:08.770,8.29655,8.29773,1.00,1.19
2014.03.17 08:22:09.989,8.29647,8.29773,1.00,1.19
2014.03.17 08:22:10.091,8.29664,8.29795,1.19,1.19
2014.03.17 08:22:10.193,8.29677,8.29795,1.00,1.19
2014.03.17 08:22:10.244,8.29677,8.29801,1.19,1.19
2014.03.17 08:22:10.553,8.29699,8.29825,1.00,1.19
2014.03.17 08:22:10.981,8.29718,8.29825,1.00,1.19
2014.03.17 08:22:12.533,8.29726,8.29853,1.00,1.19
2014.03.17 08:22:15.931,8.29726,8.2985,1.00,1.19
2014.03.17 08:22:16.934,8.29726,8.2985,1.00,1.19
2014.03.17 08:22:18.148,8.29726,8.29844,1.00,1.19
2014.03.17 08:22:18.473,8.29736,8.29844,1.00,1.19
2014.03.17 08:22:18.676,8.2975,8.29856,1.00,1.19
2014.03.17 08:22:18.778,8.29765,8.29885,1.00,1.19
2014.03.17 08:22:18.829,8.29767,8.29903,1.50,1.19
2014.03.17 08:22:19.133,8.29774,8.29903,1.00,1.19
2014.03.17 08:22:19.467,8.29791,8.29903,1.00,1.19
2014.03.17 08:22:19.881,8.29791,8.29914,1.00,1.19
2014.03.17 08:22:20.513,8.29801,8.29914,1.00,1.19
2014.03.17 08:22:22.060,8.29786,8.29871,1.25,1.00
2014.03.17 08:22:22.161,8.29776,8.29871,1.19,1.00
2014.03.17 08:22:22.359,8.29776,8.29871,1.00,1.19
2014.03.17 08:22:22.665,8.29776,8.29849,1.00,2.10
2014.03.17 08:22:22.981,8.29694,8.2979,1.00,1.19
2014.03.17 08:22:23.032,8.29694,8.29764,1.00,2.10
2014.03.17 08:22:23.184,8.29694,8.29737,1.00,1.79
2014.03.17 08:22:23.489,8.29676,8.29725,1.80,1.19
2014.03.17 08:22:23.540,8.29608,8.29725,1.00,1.19
2014.03.17 08:22:23.692,8.29608,8.29698,1.00,1.19
2014.03.17 08:22:23.996,8.29589,8.29665,1.00,1.19
2014.03.17 08:22:24.341,8.29588,8.29665,2.50,1.00
2014.03.17 08:22:24.580,8.29588,8.29665,2.50,1.00
2014.03.17 08:22:25.037,8.29577,8.2964,2.50,1.19
2014.03.17 08:22:26.775,8.29574,8.2964,1.00,1.19
2014.03.17 08:22:27.278,8.29573,8.2964,1.00,1.19
2014.03.17 08:22:27.430,8.29516,8.2964,1.00,1.19
2014.03.17 08:22:27.631,8.29516,8.29635,1.00,1.19
2014.03.17 08:22:27.935,8.29507,8.29635,1.69,1.19
2014.03.17 08:22:30.856,8.29507,8.29641,1.69,1.19
2014.03.17 08:22:36.151,8.29598,8.29703,1.00,2.10
2014.03.17 08:22:36.455,8.29649,8.29701,1.00,1.60
2014.03.17 08:22:36.506,8.29597,8.29706,1.50,2.29
2014.03.17 08:22:36.557,8.29597,8.29661,1.50,1.19
2014.03.17 08:22:36.659,8.2956,8.29661,1.00,1.19
2014.03.17 08:22:37.070,8.29518,8.29661,1.19,1.19
2014.03.17 08:22:37.222,8.29518,8.29661,1.19,1.19
2014.03.17 08:22:40.826,8.2951,8.29659,1.19,1.19
2014.03.17 08:22:42.240,8.2951,8.29648,1.19,1.19
2014.03.17 08:22:49.233,8.29514,8.29661,1.19,1.19
2014.03.17 08:22:49.436,8.29514,8.29661,1.19,1.19
2014.03.17 08:22:50.850,8.29514,8.29661,1.19,1.19
2014.03.17 08:22:52.037,8.29514,8.29661,1.19,1.19
2014.03.17 08:22:56.570,8.29507,8.29639,1.19,1.19
2014.03.17 08:22:57.943,8.29507,8.29627,1.00,1.19
2014.03.17 08:22:58.253,8.29505,8.29644,1.19,1.19
2014.03.17 08:22:58.354,8.29534,8.29644,1.00,1.19
2014.03.17 08:23:00.360,8.29525,8.29644,1.00,1.19
2014.03.17 08:23:00.462,8.29525,8.29654,1.00,1.19
2014.03.17 08:23:02.147,8.29525,8.29646,1.00,1.19
2014.03.17 08:23:10.416,8.29525,8.29655,1.00,1.19
2014.03.17 08:23:11.257,8.29536,8.29655,1.00,1.19
2014.03.17 08:23:11.475,8.29526,8.29655,1.00,1.19
2014.03.17 08:23:11.526,8.29526,8.29652,1.00,1.19
2014.03.17 08:23:14.641,8.29526,8.29659,1.00,1.19
2014.03.17 08:23:15.056,8.29533,8.29659,1.00,1.19
2014.03.17 08:23:15.363,8.29533,8.29631,1.00,1.19
2014.03.17 08:23:15.414,8.29523,8.29631,1.00,1.19
2014.03.17 08:23:20.654,8.29523,8.29624,1.00,1.19
2014.03.17 08:23:25.067,8.29523,8.29635,1.00,1.19
2014.03.17 08:23:29.920,8.29523,8.29639,1.00,1.19
2014.03.17 08:23:29.971,8.29532,8.29639,1.00,1.19
2014.03.17 08:23:30.224,8.29532,8.29664,1.19,1.19
2014.03.17 08:23:30.326,8.29545,8.29664,1.00,1.19
2014.03.17 08:23:30.528,8.29536,8.29664,1.19,1.19
2014.03.17 08:23:32.960,8.29536,8.2966,1.19,1.19
2014.03.17 08:23:34.660,8.29536,8.29655,1.00,1.19
2014.03.17 08:23:38.859,8.29536,8.29645,1.00,1.19
2014.03.17 08:23:39.841,8.29532,8.29645,1.00,1.19
2014.03.17 08:23:41.902,8.29532,8.29645,1.00,1.19
2014.03.17 08:23:44.134,8.29532,8.29645,1.00,1.19
2014.03.17 08:23:46.454,8.29532,8.29648,1.00,1.19
2014.03.17 08:23:47.861,8.29532,8.29651,1.00,1.19
2014.03.17 08:23:47.972,8.29536,8.29651,1.00,1.19
2014.03.17 08:23:48.966,8.29532,8.29651,1.00,1.19
2014.03.17 08:23:49.505,8.29536,8.29651,1.00,1.19
2014.03.17 08:23:50.139,8.29532,8.29651,1.00,1.19
2014.03.17 08:23:50.601,8.29536,8.29651,1.00,1.19
2014.03.17 08:23:51.459,8.29532,8.29651,1.00,1.19
2014.03.17 08:23:54.231,8.29532,8.29641,1.00,1.19
2014.03.17 08:23:57.208,8.29534,8.29641,1.00,1.19
2014.03.17 08:23:57.462,8.29532,8.29641,1.00,1.19
2014.03.17 08:24:00.838,8.29532,8.29645,1.00,1.19
2014.03.17 08:24:01.162,8.29534,8.29645,1.00,1.19
2014.03.17 08:24:02.796,8.29532,8.29645,1.00,1.19
2014.03.17 08:24:04.438,8.29534,8.29645,1.00,1.19
2014.03.17 08:24:04.490,8.29534,8.29656,1.00,1.19
2014.03.17 08:24:05.666,8.29534,8.29647,1.00,1.19
2014.03.17 08:24:07.028,8.29532,8.29647,1.00,1.19
2014.03.17 08:24:07.978,8.29532,8.29647,1.00,1.19
2014.03.17 08:24:08.930,8.29533,8.29647,1.00,1.19
2014.03.17 08:24:09.383,8.29533,8.2965,1.00,1.19
2014.03.17 08:24:12.203,8.29532,8.2965,1.00,1.19
2014.03.17 08:24:12.787,8.29533,8.2965,1.00,1.19
2014.03.17 08:24:12.896,8.29532,8.29641,1.00,1.19
2014.03.17 08:24:20.902,8.29532,8.29643,1.00,1.19
2014.03.17 08:24:21.522,8.29535,8.29643,1.00,1.19
2014.03.17 08:24:22.149,8.29532,8.29643,1.00,1.19
2014.03.17 08:24:22.301,8.29535,8.29641,1.00,1.19
2014.03.17 08:24:22.479,8.29532,8.29641,1.00,1.19
2014.03.17 08:24:22.980,8.29534,8.29641,1.00,1.19
2014.03.17 08:24:23.031,8.29534,8.2966,1.00,1.19
2014.03.17 08:24:25.502,8.29544,8.2966,1.00,1.19
2014.03.17 08:24:26.937,8.29544,8.29666,1.00,1.19
2014.03.17 08:24:29.198,8.29544,8.29658,1.00,1.19
2014.03.17 08:24:29.299,8.29508,8.29633,1.00,1.19
2014.03.17 08:24:30.584,8.29506,8.29633,1.00,1.19
2014.03.17 08:24:30.762,8.29506,8.29628,1.00,1.19
2014.03.17 08:24:31.667,8.29506,8.29604,1.00,1.19
2014.03.17 08:24:34.914,8.29506,8.29592,1.00,1.19
2014.03.17 08:24:38.495,8.29506,8.29604,1.00,1.19
2014.03.17 08:24:39.197,8.29506,8.29625,1.00,1.19
2014.03.17 08:24:40.201,8.29506,8.29604,1.00,1.19
2014.03.17 08:24:43.219,8.29506,8.29603,1.00,1.19
2014.03.17 08:24:43.599,8.29492,8.29603,1.00,1.19
2014.03.17 08:24:50.650,8.29491,8.296,1.00,1.19
2014.03.17 08:24:50.701,8.29491,8.29616,1.00,1.19
2014.03.17 08:24:53.118,8.29486,8.29598,1.00,1.19
2014.03.17 08:24:54.184,8.29486,8.29553,1.00,1.19
2014.03.17 08:24:54.488,8.29477,8.29539,1.00,1.19
2014.03.17 08:24:54.640,8.29374,8.29539,1.19,1.19
2014.03.17 08:24:54.691,8.29374,8.29521,1.19,1.19
2014.03.17 08:24:56.217,8.29374,8.29498,1.00,1.19
2014.03.17 08:25:01.615,8.29374,8.29512,1.19,1.19
2014.03.17 08:25:11.958,8.29374,8.29512,1.19,1.19
2014.03.17 08:25:20.909,8.29371,8.2951,1.19,1.19
2014.03.17 08:25:22.415,8.29371,8.29512,1.19,1.19
2014.03.17 08:25:33.365,8.29371,8.29512,1.19,1.19
2014.03.17 08:25:42.586,8.29373,8.29512,1.19,1.19
2014.03.17 08:25:50.616,8.29373,8.29512,1.19,1.19
2014.03.17 08:25:54.767,8.29373,8.29512,1.19,1.19
2014.03.17 08:25:59.159,8.29373,8.29507,1.19,1.19
2014.03.17 08:26:00.868,8.29373,8.29504,1.19,1.19
2014.03.17 08:26:06.400,8.29373,8.29498,1.00,1.19
2014.03.17 08:26:09.218,8.29373,8.29496,1.00,1.19
2014.03.17 08:26:10.644,8.29373,8.295,1.19,1.19
2014.03.17 08:26:13.442,8.29373,8.29498,1.25,1.19
2014.03.17 08:26:15.964,8.29373,8.29482,1.00,1.19
2014.03.17 08:26:16.362,8.29376,8.29493,1.00,1.19
2014.03.17 08:26:17.367,8.29376,8.29489,1.00,1.19
2014.03.17 08:26:17.583,8.29367,8.29489,1.00,1.19
2014.03.17 08:26:19.177,8.29367,8.2949,1.00,1.19
2014.03.17 08:26:19.629,8.29367,8.29478,1.00,2.29
2014.03.17 08:26:19.932,8.29302,8.29388,1.00,1.19
2014.03.17 08:26:19.983,8.29281,8.29388,1.00,1.19
2014.03.17 08:26:20.186,8.29271,8.29367,1.00,1.19
2014.03.17 08:26:20.288,8.29229,8.29367,1.19,1.19
2014.03.17 08:26:20.490,8.29229,8.29351,1.00,1.19
2014.03.17 08:26:23.097,8.29229,8.2934,1.00,1.19
2014.03.17 08:26:24.263,8.29229,8.29344,1.00,1.19
2014.03.17 08:26:25.200,8.29229,8.29341,1.00,1.19
2014.03.17 08:26:26.242,8.2922,8.29341,1.00,1.19
2014.03.17 08:26:27.230,8.2922,8.29346,1.00,1.19
2014.03.17 08:26:29.193,8.2922,8.29323,1.00,1.69
2014.03.17 08:26:29.498,8.29143,8.29287,1.19,1.19
2014.03.17 08:26:30.528,8.29143,8.29285,1.19,1.19
2014.03.17 08:26:38.415,8.29178,8.2932,1.00,1.19
2014.03.17 08:26:38.517,8.29178,8.29362,1.19,1.19
2014.03.17 08:26:38.868,8.29218,8.29362,1.00,1.19
2014.03.17 08:26:40.418,8.29239,8.29362,1.00,1.19
2014.03.17 08:26:43.905,8.29239,8.29376,1.00,1.19
2014.03.17 08:26:44.007,8.29239,8.29391,1.19,1.19
2014.03.17 08:26:44.311,8.2928,8.29391,1.00,1.19
2014.03.17 08:26:44.362,8.29261,8.29391,1.00,1.19
2014.03.17 08:26:44.413,8.29261,8.294,1.19,1.19
2014.03.17 08:26:44.514,8.29229,8.29384,1.19,1.19
2014.03.17 08:26:45.706,8.29194,8.29375,1.19,1.19
2014.03.17 08:26:45.807,8.2919,8.29359,1.19,1.19
2014.03.17 08:26:46.211,8.29185,8.29346,1.19,1.19
2014.03.17 08:26:47.343,8.29185,8.29342,1.19,1.19
2014.03.17 08:26:48.298,8.29192,8.29341,1.19,1.19
2014.03.17 08:26:50.803,8.29192,8.29358,1.19,1.19
2014.03.17 08:26:51.406,8.29192,8.2936,1.19,1.69
2014.03.17 08:26:52.733,8.29202,8.29351,1.19,1.19
2014.03.17 08:26:53.056,8.29185,8.2936,1.19,1.19
2014.03.17 08:26:54.343,8.29209,8.2936,1.19,1.19
2014.03.17 08:26:54.445,8.29199,8.29342,1.19,1.19
2014.03.17 08:26:55.348,8.29202,8.29336,1.19,1.19
2014.03.17 08:26:55.847,8.2919,8.29353,1.19,1.19
2014.03.17 08:26:58.464,8.29196,8.29337,1.19,1.19
2014.03.17 08:26:59.168,8.29237,8.2936,1.00,1.19
2014.03.17 08:26:59.461,8.29249,8.29354,1.00,1.00
2014.03.17 08:26:59.513,8.29247,8.29354,1.50,1.00
2014.03.17 08:26:59.564,8.29213,8.29354,1.19,1.19
2014.03.17 08:26:59.667,8.29197,8.2935,1.19,1.19
2014.03.17 08:27:00.223,8.29226,8.2935,1.00,1.19
2014.03.17 08:27:00.275,8.29226,8.29367,1.19,1.19
2014.03.17 08:27:00.377,8.29226,8.29386,1.19,1.19
2014.03.17 08:27:00.478,8.29243,8.29399,1.19,1.19
2014.03.17 08:27:00.580,8.29234,8.29382,1.19,1.19
2014.03.17 08:27:00.782,8.29234,8.29398,1.19,1.19
2014.03.17 08:27:03.179,8.29237,8.294,1.19,1.19
2014.03.17 08:27:04.687,8.29236,8.29415,1.19,1.19
2014.03.17 08:27:04.788,8.29236,8.29398,1.19,1.19
2014.03.17 08:27:05.008,8.29236,8.29416,1.19,1.19
2014.03.17 08:27:05.060,8.29263,8.29416,2.29,1.19
2014.03.17 08:27:05.263,8.29311,8.29461,1.19,1.19
2014.03.17 08:27:05.552,8.2933,8.29491,1.19,1.19
2014.03.17 08:27:05.938,8.29377,8.29524,1.69,1.19
2014.03.17 08:27:06.364,8.29393,8.29524,1.00,1.19
2014.03.17 08:27:06.997,8.29393,8.29547,1.19,1.19
2014.03.17 08:27:08.150,8.29393,8.29541,1.19,1.19
2014.03.17 08:27:08.467,8.29402,8.29563,1.19,1.19
2014.03.17 08:27:09.416,8.29402,8.29571,1.19,1.19
2014.03.17 08:27:09.779,8.29402,8.29483,1.19,2.10
2014.03.17 08:27:09.932,8.29383,8.29443,1.00,1.50
2014.03.17 08:27:10.035,8.29382,8.29443,1.00,1.69
2014.03.17 08:27:10.198,8.29357,8.29443,1.00,1.69
2014.03.17 08:27:10.249,8.29357,8.29443,1.69,1.50
2014.03.17 08:27:10.300,8.29378,8.29443,1.50,1.50
2014.03.17 08:27:10.350,8.29414,8.29542,1.00,1.19
2014.03.17 08:27:10.401,8.29414,8.29543,1.00,1.19
2014.03.17 08:27:10.452,8.29414,8.29545,1.19,1.19
2014.03.17 08:27:11.531,8.29403,8.29563,1.19,1.19
2014.03.17 08:27:12.586,8.29413,8.29508,1.19,2.10
2014.03.17 08:27:12.637,8.29413,8.29502,1.00,1.90
2014.03.17 08:27:12.738,8.29321,8.29461,1.00,1.19
2014.03.17 08:27:12.942,8.29305,8.29446,1.19,1.19
2014.03.17 08:27:14.649,8.29296,8.29438,1.19,1.19
2014.03.17 08:27:15.798,8.29271,8.29424,1.19,1.19
2014.03.17 08:27:18.676,8.2929,8.29405,1.00,1.69
2014.03.17 08:27:19.785,8.2929,8.29394,1.00,1.19
2014.03.17 08:27:20.864,8.2929,8.29343,1.00,1.50
2014.03.17 08:27:21.017,8.29204,8.29339,1.00,1.19
2014.03.17 08:27:21.118,8.29165,8.29339,1.19,1.19
2014.03.17 08:27:21.500,8.29165,8.29315,1.19,1.19
2014.03.17 08:27:22.229,8.29165,8.29297,1.00,1.19
2014.03.17 08:27:22.381,8.29123,8.29297,1.19,1.19
2014.03.17 08:27:23.548,8.29123,8.29287,1.19,1.19
2014.03.17 08:27:25.931,8.29125,8.29279,1.19,1.19
2014.03.17 08:27:28.145,8.29125,8.29281,1.19,1.19
2014.03.17 08:27:32.887,8.29132,8.29307,1.19,1.19
2014.03.17 08:27:32.988,8.29161,8.2932,1.19,1.19
2014.03.17 08:27:34.198,8.29184,8.29341,1.19,1.19
2014.03.17 08:27:34.891,8.29201,8.29361,1.19,1.19
2014.03.17 08:27:34.993,8.29225,8.29361,1.00,1.19
2014.03.17 08:27:35.043,8.29225,8.29384,1.19,1.19
2014.03.17 08:27:36.388,8.2923,8.29382,1.19,1.19
2014.03.17 08:27:38.308,8.29231,8.2938,1.19,1.19
2014.03.17 08:27:38.497,8.29231,8.294,1.19,1.19
2014.03.17 08:27:39.348,8.29242,8.29397,1.19,1.19
2014.03.17 08:27:40.910,8.29234,8.29396,1.19,1.19
2014.03.17 08:27:42.062,8.29237,8.294,1.19,1.19
2014.03.17 08:27:42.958,8.29246,8.29396,1.19,1.19
2014.03.17 08:27:43.873,8.29237,8.29387,1.19,1.19
2014.03.17 08:27:44.378,8.29237,8.29313,1.00,2.48
2014.03.17 08:27:44.429,8.29181,8.29313,1.19,2.48
2014.03.17 08:27:44.480,8.29181,8.29292,1.00,1.69
2014.03.17 08:27:44.784,8.29176,8.29322,1.19,1.19
2014.03.17 08:27:45.903,8.29191,8.29355,1.19,1.19
2014.03.17 08:27:46.107,8.29206,8.29374,1.19,1.19
2014.03.17 08:27:46.482,8.29214,8.2936,1.19,1.19
2014.03.17 08:27:47.499,8.29214,8.29363,1.19,1.19
2014.03.17 08:27:48.632,8.29203,8.29366,1.19,1.19
2014.03.17 08:27:49.289,8.29216,8.2939,1.19,1.19
2014.03.17 08:27:50.029,8.29229,8.29377,1.19,1.19
2014.03.17 08:27:50.516,8.29224,8.29368,1.19,1.19
2014.03.17 08:27:50.832,8.29234,8.29368,1.00,1.19
2014.03.17 08:27:50.933,8.29219,8.29368,1.19,1.19
2014.03.17 08:27:51.514,8.29221,8.29376,1.19,1.19
2014.03.17 08:27:54.354,8.29217,8.29367,1.19,1.19
2014.03.17 08:27:54.775,8.29239,8.29389,1.19,1.19
2014.03.17 08:27:56.390,8.29254,8.29389,1.00,1.19
2014.03.17 08:27:56.491,8.29254,8.29407,1.19,1.19
2014.03.17 08:27:59.180,8.29259,8.29408,1.19,1.19
2014.03.17 08:28:00.285,8.29258,8.29409,1.19,1.19
2014.03.17 08:28:01.227,8.2924,8.29396,1.19,1.19
2014.03.17 08:28:02.199,8.2924,8.29396,1.19,1.19
2014.03.17 08:28:05.421,8.29203,8.29365,1.19,1.19
2014.03.17 08:28:07.850,8.29207,8.29383,1.19,1.19
2014.03.17 08:28:09.001,8.29208,8.2938,1.19,1.19
2014.03.17 08:28:10.013,8.29195,8.29368,1.19,1.19
2014.03.17 08:28:12.133,8.29195,8.29372,1.19,1.19
2014.03.17 08:28:13.328,8.29195,8.29371,1.19,1.19
2014.03.17 08:28:14.446,8.29199,8.29379,1.19,1.19
2014.03.17 08:28:14.725,8.29195,8.29361,1.19,1.19
2014.03.17 08:28:15.820,8.29198,8.29379,1.19,1.19
2014.03.17 08:28:17.353,8.29195,8.2937,1.19,1.19
2014.03.17 08:28:20.895,8.29195,8.29369,1.19,1.19
2014.03.17 08:28:22.752,8.29215,8.2939,1.19,1.19
2014.03.17 08:28:22.904,8.2923,8.2939,1.19,1.19
2014.03.17 08:28:26.674,8.29243,8.29418,1.19,1.19
2014.03.17 08:28:28.648,8.29248,8.29418,1.19,1.19
2014.03.17 08:28:28.987,8.29222,8.29404,1.19,1.19
2014.03.17 08:28:29.296,8.29211,8.29386,1.19,1.19
2014.03.17 08:28:30.967,8.2921,8.2939,1.69,1.19
2014.03.17 08:28:33.510,8.29199,8.29356,1.19,1.19
2014.03.17 08:28:35.219,8.29209,8.29364,1.19,1.19
2014.03.17 08:28:36.262,8.29205,8.29364,1.19,1.19
2014.03.17 08:28:39.596,8.29206,8.29364,1.19,1.19
2014.03.17 08:28:43.228,8.29202,8.29364,1.19,1.19
2014.03.17 08:28:44.935,8.29217,8.29365,1.19,1.19
2014.03.17 08:28:45.036,8.29217,8.29351,1.19,1.00
2014.03.17 08:28:45.258,8.29217,8.29363,1.19,1.19
2014.03.17 08:28:45.325,8.29217,8.29353,1.19,1.00
2014.03.17 08:28:45.645,8.29196,8.29354,1.19,1.19
2014.03.17 08:28:47.088,8.29197,8.29367,1.19,1.19
2014.03.17 08:28:48.276,8.29207,8.29363,1.19,1.19
2014.03.17 08:28:50.580,8.29203,8.29363,1.19,1.19
2014.03.17 08:28:51.155,8.29202,8.29363,1.19,1.19
2014.03.17 08:28:52.398,8.29203,8.29363,1.19,1.19
2014.03.17 08:28:53.606,8.29218,8.29363,1.19,1.19
2014.03.17 08:28:55.349,8.29192,8.29363,1.19,1.19
2014.03.17 08:28:56.644,8.29203,8.29363,1.19,1.19
2014.03.17 08:28:59.166,8.29187,8.29351,1.19,1.19
2014.03.17 08:28:59.651,8.29207,8.2936,1.19,1.19
2014.03.17 08:29:00.872,8.29204,8.2936,1.19,1.19
2014.03.17 08:29:02.380,8.29202,8.2936,1.19,1.19
2014.03.17 08:29:02.926,8.29185,8.2936,1.19,1.19
2014.03.17 08:29:03.184,8.29198,8.2936,1.19,1.19
2014.03.17 08:29:03.533,8.29199,8.2936,1.19,1.19
2014.03.17 08:29:03.586,8.29218,8.2936,1.19,1.19
2014.03.17 08:29:03.895,8.29177,8.2936,1.19,1.19
2014.03.17 08:29:04.290,8.29196,8.2936,1.19,1.19
2014.03.17 08:29:05.444,8.292,8.2936,1.19,1.19
2014.03.17 08:29:06.598,8.29203,8.2936,1.19,1.19
2014.03.17 08:29:06.649,8.29186,8.2936,1.19,1.19
2014.03.17 08:29:06.944,8.29203,8.29371,1.19,1.19
2014.03.17 08:29:09.857,8.29193,8.29372,1.19,1.19
2014.03.17 08:29:12.435,8.29192,8.29372,1.19,1.19
2014.03.17 08:29:12.897,8.29201,8.29372,1.19,1.19
2014.03.17 08:29:12.948,8.29215,8.29372,1.19,1.00
2014.03.17 08:29:13.202,8.29201,8.29381,1.19,1.19
2014.03.17 08:29:13.678,8.29199,8.29377,1.19,1.19
2014.03.17 08:29:14.596,8.29202,8.29377,1.19,1.19
2014.03.17 08:29:15.088,8.29191,8.29368,1.19,1.19
2014.03.17 08:29:15.190,8.292,8.29377,1.19,1.19
2014.03.17 08:29:16.298,8.29192,8.29367,1.19,1.19
2014.03.17 08:29:18.175,8.29183,8.29362,1.19,1.19
2014.03.17 08:29:18.396,8.29196,8.29367,1.19,1.19
2014.03.17 08:29:19.422,8.29197,8.29367,1.19,1.19
2014.03.17 08:29:20.889,8.29196,8.29366,1.19,1.19
2014.03.17 08:29:22.307,8.29196,8.29373,1.19,1.19
2014.03.17 08:29:23.334,8.29183,8.29363,1.69,1.19
2014.03.17 08:29:25.657,8.29203,8.29359,1.19,1.19
2014.03.17 08:29:26.062,8.292,8.2938,1.19,1.19
2014.03.17 08:29:26.558,8.29213,8.29384,1.19,1.19
2014.03.17 08:29:28.725,8.292,8.29379,1.19,1.19
2014.03.17 08:29:30.654,8.292,8.29364,1.19,1.19
2014.03.17 08:29:30.707,8.292,8.29375,1.19,1.19
2014.03.17 08:29:31.810,8.292,8.29379,1.19,1.19
2014.03.17 08:29:32.171,8.29188,8.29362,1.19,1.19
2014.03.17 08:29:33.822,8.29201,8.29378,1.19,1.19
2014.03.17 08:29:38.554,8.29192,8.29371,1.19,1.19
2014.03.17 08:29:40.057,8.29192,8.29377,1.19,1.19
2014.03.17 08:29:40.169,8.29202,8.29378,1.19,1.19
2014.03.17 08:29:41.794,8.29213,8.29396,1.69,1.19
2014.03.17 08:29:42.975,8.29242,8.29423,1.19,1.19
2014.03.17 08:29:43.889,8.29255,8.29426,1.19,1.19
2014.03.17 08:29:44.216,8.29264,8.29446,1.19,1.19
2014.03.17 08:29:46.012,8.29274,8.29448,1.19,1.19
2014.03.17 08:29:47.496,8.29274,8.29448,1.19,1.19
2014.03.17 08:29:49.346,8.29265,8.29445,1.19,1.19
2014.03.17 08:29:54.022,8.29272,8.29447,1.19,1.19
2014.03.17 08:30:00.991,8.29281,8.29451,1.19,1.19
2014.03.17 08:30:02.631,8.29281,8.29444,1.19,1.19
2014.03.17 08:30:06.929,8.29276,8.29456,1.19,1.19
2014.03.17 08:30:13.809,8.29275,8.29455,1.19,1.19
2014.03.17 08:30:15.128,8.29276,8.29456,1.19,1.19
2014.03.17 08:30:16.598,8.29281,8.29456,1.19,1.19
2014.03.17 08:30:17.907,8.29281,8.29451,1.19,1.19
2014.03.17 08:30:23.648,8.29287,8.29465,1.19,1.19
2014.03.17 08:30:23.991,8.29281,8.29455,1.19,1.19
2014.03.17 08:30:30.005,8.29296,8.29467,1.19,1.19
2014.03.17 08:30:30.597,8.29305,8.29465,1.19,1.19
2014.03.17 08:30:30.907,8.29306,8.29469,1.19,1.19
2014.03.17 08:30:31.737,8.29289,8.29461,1.19,1.19
2014.03.17 08:30:34.994,8.29307,8.2947,1.19,1.19
2014.03.17 08:30:35.136,8.29307,8.29476,1.19,1.19
2014.03.17 08:30:36.968,8.29307,8.29471,1.19,1.19
2014.03.17 08:30:39.145,8.29316,8.29486,1.19,1.19
2014.03.17 08:30:40.754,8.29329,8.29496,1.19,1.19
2014.03.17 08:30:42.658,8.29329,8.29508,1.19,1.19
2014.03.17 08:30:42.904,8.29329,8.29487,1.19,1.19
2014.03.17 08:30:43.975,8.29318,8.29491,1.19,1.19
2014.03.17 08:30:44.489,8.293,8.29486,1.69,1.19
2014.03.17 08:30:45.595,8.29323,8.29487,1.19,1.19
2014.03.17 08:30:48.724,8.2932,8.29501,1.19,1.19
2014.03.17 08:30:48.939,8.29315,8.29472,1.19,1.19
2014.03.17 08:30:49.641,8.29316,8.29487,1.19,1.19
2014.03.17 08:30:50.603,8.29316,8.29484,1.19,1.19
2014.03.17 08:30:51.638,8.29324,8.295,1.19,1.19
2014.03.17 08:30:52.004,8.29325,8.29487,1.19,1.19
2014.03.17 08:30:53.509,8.29314,8.29497,1.69,1.19
2014.03.17 08:30:55.372,8.29325,8.29501,1.19,1.19
2014.03.17 08:30:56.705,8.29336,8.29497,1.19,1.19
2014.03.17 08:30:57.868,8.29342,8.29519,1.19,1.19
2014.03.17 08:30:59.100,8.29349,8.29526,1.19,1.19
2014.03.17 08:31:00.420,8.29347,8.29523,1.19,1.19
2014.03.17 08:31:02.241,8.29351,8.29526,1.19,1.19
2014.03.17 08:31:03.544,8.29368,8.29534,1.19,1.19
2014.03.17 08:31:04.864,8.29359,8.29537,1.19,1.19
2014.03.17 08:31:05.442,8.29359,8.29526,1.19,1.19
2014.03.17 08:31:07.903,8.2934,8.29493,1.19,2.07
2014.03.17 08:31:07.954,8.29321,8.29462,1.19,1.50
2014.03.17 08:31:08.005,8.29301,8.29452,1.19,1.69
2014.03.17 08:31:08.108,8.29266,8.29439,1.19,1.19
2014.03.17 08:31:13.388,8.29266,8.29428,1.19,1.19
2014.03.17 08:31:17.112,8.29266,8.2943,1.19,1.19
2014.03.17 08:31:19.867,8.29268,8.2943,1.19,1.19
2014.03.17 08:31:20.633,8.29264,8.2943,1.19,1.19
2014.03.17 08:31:22.543,8.29264,8.2943,1.19,1.69
2014.03.17 08:31:23.693,8.29264,8.29429,1.19,1.19
2014.03.17 08:31:26.796,8.29264,8.2943,1.19,1.19
2014.03.17 08:31:30.320,8.29274,8.29438,1.19,1.19
2014.03.17 08:31:30.685,8.29264,8.29438,1.19,1.69
2014.03.17 08:31:32.696,8.29271,8.29438,1.19,1.19
2014.03.17 08:31:35.010,8.29264,8.29436,1.19,1.19
2014.03.17 08:31:38.543,8.29267,8.29438,1.19,1.19
2014.03.17 08:31:43.057,8.29264,8.29436,1.19,1.19
2014.03.17 08:31:45.329,8.29264,8.29438,1.19,1.19
2014.03.17 08:31:48.721,8.29264,8.29438,1.19,1.19
2014.03.17 08:31:50.732,8.29264,8.29435,1.19,1.19
2014.03.17 08:31:52.874,8.29266,8.29435,1.19,1.19
2014.03.17 08:31:54.477,8.29264,8.29435,1.19,1.19
2014.03.17 08:31:59.575,8.29264,8.29419,1.19,1.19
2014.03.17 08:31:59.740,8.29264,8.29435,1.19,1.19
2014.03.17 08:32:00.542,8.29264,8.29419,1.19,1.19
2014.03.17 08:32:01.231,8.29264,8.29435,1.19,1.19
2014.03.17 08:32:02.757,8.29264,8.29435,1.19,1.19
2014.03.17 08:32:04.214,8.29264,8.29435,1.19,1.19
2014.03.17 08:32:06.387,8.29264,8.29435,1.19,1.19
2014.03.17 08:32:08.897,8.29264,8.29407,1.19,1.19
2014.03.17 08:32:12.526,8.29253,8.29426,1.19,1.19
2014.03.17 08:32:14.061,8.29253,8.29415,1.19,1.19
2014.03.17 08:32:14.412,8.29266,8.29415,1.19,1.19
2014.03.17 08:32:14.971,8.29253,8.29425,1.19,1.19
2014.03.17 08:32:16.836,8.29253,8.29414,1.19,1.19
2014.03.17 08:32:24.869,8.29253,8.29414,1.19,1.19
2014.03.17 08:32:26.729,8.29253,8.29423,1.19,1.19
2014.03.17 08:32:27.883,8.29253,8.29419,1.19,1.19
2014.03.17 08:32:31.019,8.29253,8.29421,1.19,1.19
2014.03.17 08:32:35.088,8.29253,8.29423,1.19,1.19
2014.03.17 08:32:35.639,8.29253,8.29414,1.19,1.19
2014.03.17 08:32:36.321,8.29253,8.29423,1.19,1.19
2014.03.17 08:32:36.912,8.29237,8.29397,1.19,1.19
2014.03.17 08:32:37.014,8.29223,8.2938,1.19,1.19
2014.03.17 08:32:37.901,8.29195,8.29373,1.19,1.19
2014.03.17 08:32:39.818,8.29191,8.29364,1.19,1.19
2014.03.17 08:32:42.230,8.29188,8.29361,1.19,1.19
2014.03.17 08:32:43.696,8.29174,8.29353,1.19,1.19
2014.03.17 08:32:45.773,8.29174,8.29351,1.19,1.19
2014.03.17 08:32:48.275,8.29176,8.29355,1.19,1.19
2014.03.17 08:32:53.721,8.29166,8.29337,1.19,1.19
2014.03.17 08:32:53.822,8.29166,8.29326,1.19,1.19
2014.03.17 08:33:00.235,8.29153,8.29318,1.19,1.19
2014.03.17 08:33:04.017,8.29153,8.29322,1.19,1.19
2014.03.17 08:33:06.733,8.29153,8.29327,1.19,1.19
2014.03.17 08:33:08.676,8.29153,8.2932,1.19,1.19
2014.03.17 08:33:13.161,8.29153,8.29307,1.19,1.19
2014.03.17 08:33:16.167,8.29153,8.2931,1.19,1.19
2014.03.17 08:33:17.370,8.29153,8.29327,1.19,1.19
2014.03.17 08:33:18.521,8.29153,8.2932,1.19,1.19
2014.03.17 08:33:31.232,8.29178,8.29334,1.69,1.19
2014.03.17 08:33:31.888,8.29178,8.29355,1.69,1.19
2014.03.17 08:33:35.925,8.29182,8.29341,1.19,1.19
2014.03.17 08:33:39.427,8.29182,8.29336,1.19,1.19
2014.03.17 08:33:42.279,8.29165,8.29341,1.19,1.19
2014.03.17 08:33:43.116,8.29165,8.29325,1.19,1.19
2014.03.17 08:33:44.284,8.29157,8.29334,1.69,1.19
2014.03.17 08:33:47.605,8.2917,8.29336,1.19,1.19
2014.03.17 08:33:51.115,8.2917,8.29347,1.19,1.19
2014.03.17 08:33:52.916,8.29177,8.29347,1.19,1.19
2014.03.17 08:33:57.558,8.2917,8.29347,1.19,1.19
2014.03.17 08:33:58.692,8.29185,8.29349,1.19,1.19
2014.03.17 08:34:01.090,8.29185,8.29338,1.19,1.19
2014.03.17 08:34:01.292,8.29173,8.29343,1.19,1.19
2014.03.17 08:34:02.368,8.2919,8.29355,1.19,1.19
2014.03.17 08:34:02.974,8.29243,8.29355,1.00,1.19
2014.03.17 08:34:05.486,8.29243,8.29367,1.00,1.19
2014.03.17 08:34:08.501,8.29243,8.29363,1.00,1.19
2014.03.17 08:34:11.112,8.29243,8.2937,1.00,1.19
2014.03.17 08:34:13.255,8.29243,8.29364,1.00,1.19
2014.03.17 08:34:18.644,8.29243,8.29351,1.00,1.19
2014.03.17 08:34:23.525,8.29263,8.2937,1.00,1.19
2014.03.17 08:34:23.704,8.29287,8.2937,1.00,1.19
2014.03.17 08:34:24.476,8.29287,8.29369,1.00,1.19
2014.03.17 08:34:24.629,8.29195,8.29353,2.29,1.19
2014.03.17 08:34:24.731,8.29208,8.29356,1.79,1.19
2014.03.17 08:34:24.782,8.29238,8.29356,1.69,1.00
2014.03.17 08:34:24.883,8.2924,8.29391,1.19,1.19
2014.03.17 08:34:25.575,8.29303,8.29391,1.00,1.19
2014.03.17 08:34:25.924,8.29238,8.29391,1.69,1.19
2014.03.17 08:34:26.026,8.29203,8.29372,1.19,1.19
2014.03.17 08:34:27.130,8.29203,8.29369,1.19,1.19
2014.03.17 08:34:29.424,8.29243,8.29355,1.00,1.19
2014.03.17 08:34:32.139,8.29243,8.29355,1.60,1.00
2014.03.17 08:34:32.190,8.29267,8.29383,1.50,1.19
2014.03.17 08:34:32.241,8.29283,8.29395,1.19,1.00
2014.03.17 08:34:32.293,8.29283,8.29356,1.19,1.00
2014.03.17 08:34:32.445,8.29227,8.29356,1.19,1.00
2014.03.17 08:34:32.546,8.29227,8.29379,1.19,1.19
2014.03.17 08:34:33.439,8.29225,8.2939,1.19,1.19
2014.03.17 08:34:36.347,8.29225,8.2936,1.19,1.19
2014.03.17 08:34:39.402,8.29225,8.29355,1.00,1.19
2014.03.17 08:34:39.504,8.29225,8.2936,1.19,1.19
2014.03.17 08:34:42.072,8.29225,8.2936,1.19,1.19
2014.03.17 08:34:43.904,8.29225,8.2936,1.19,1.19
2014.03.17 08:34:44.006,8.29197,8.29348,1.69,1.19
2014.03.17 08:34:44.159,8.29217,8.29331,1.50,1.19
2014.03.17 08:34:44.261,8.29217,8.29369,1.69,1.19
2014.03.17 08:34:44.437,8.29217,8.29372,1.69,1.19
2014.03.17 08:34:44.852,8.29265,8.29372,1.00,1.19
2014.03.17 08:34:45.265,8.29232,8.29372,1.19,1.19
2014.03.17 08:34:45.816,8.2928,8.29372,1.00,1.19
2014.03.17 08:34:46.144,8.29232,8.29372,1.19,1.19
2014.03.17 08:34:46.245,8.29232,8.29359,1.00,1.19
2014.03.17 08:34:46.296,8.29181,8.29351,1.19,1.19
2014.03.17 08:34:46.448,8.29248,8.29359,1.50,1.19
2014.03.17 08:34:46.499,8.29258,8.29394,1.00,1.19
2014.03.17 08:34:46.550,8.29258,8.29394,1.00,1.19
2014.03.17 08:34:46.652,8.29258,8.29394,1.19,1.19
2014.03.17 08:34:47.259,8.29295,8.29394,1.00,1.19
2014.03.17 08:34:54.576,8.29295,8.29394,1.00,1.19
2014.03.17 08:34:55.672,8.29276,8.29394,1.19,1.19
2014.03.17 08:34:56.712,8.29276,8.29394,1.19,1.19
2014.03.17 08:34:59.544,8.29276,8.29394,1.19,1.19
2014.03.17 08:35:00.520,8.29301,8.29409,1.00,1.19
2014.03.17 08:35:00.571,8.29301,8.29409,1.19,1.25
2014.03.17 08:35:01.800,8.29322,8.29432,1.00,1.69
2014.03.17 08:35:02.137,8.29322,8.29432,1.19,1.50
2014.03.17 08:35:02.284,8.29322,8.29473,1.19,1.19
2014.03.17 08:35:03.668,8.29335,8.29457,1.00,1.19
2014.03.17 08:35:03.770,8.29307,8.29418,1.69,1.19
2014.03.17 08:35:04.958,8.29243,8.29422,1.19,1.19
2014.03.17 08:35:08.012,8.2926,8.29393,1.19,1.19
2014.03.17 08:35:08.626,8.2926,8.29393,1.79,1.19
2014.03.17 08:35:08.677,8.29317,8.29393,1.50,1.00
2014.03.17 08:35:08.779,8.29317,8.29416,1.69,1.00
2014.03.17 08:35:08.831,8.29317,8.29449,2.44,1.19
2014.03.17 08:35:08.932,8.29317,8.29449,2.44,1.19
2014.03.17 08:35:08.983,8.29317,8.29428,2.25,1.19
2014.03.17 08:35:09.034,8.29256,8.2941,1.69,1.19
2014.03.17 08:35:10.221,8.29256,8.29409,1.19,1.19
2014.03.17 08:35:12.187,8.29256,8.29409,1.19,1.69
2014.03.17 08:35:15.002,8.29256,8.29388,1.19,1.19
2014.03.17 08:35:16.173,8.29256,8.294,1.19,1.19
2014.03.17 08:35:16.325,8.29225,8.2938,1.19,1.19
2014.03.17 08:35:17.431,8.29205,8.29357,1.19,1.19
2014.03.17 08:35:18.431,8.29163,8.29333,1.19,1.19
2014.03.17 08:35:19.954,8.29191,8.29333,1.19,1.19
2014.03.17 08:35:22.832,8.29147,8.29317,1.69,1.19
2014.03.17 08:35:22.984,8.29146,8.29306,1.19,1.19
2014.03.17 08:35:24.721,8.29119,8.29299,1.19,1.19
2014.03.17 08:35:24.944,8.29139,8.29312,1.19,1.19
2014.03.17 08:35:25.045,8.29156,8.2933,1.19,1.19
2014.03.17 08:35:25.349,8.2917,8.2934,1.19,1.19
2014.03.17 08:35:26.214,8.2919,8.29324,1.19,1.19
2014.03.17 08:35:29.255,8.2919,8.29346,1.19,1.19
2014.03.17 08:35:32.345,8.29172,8.29311,1.19,1.19
2014.03.17 08:35:34.961,8.29169,8.29311,1.19,1.19
2014.03.17 08:35:42.614,8.29159,8.29311,1.19,1.19
2014.03.17 08:35:43.933,8.29157,8.29304,1.19,1.19
2014.03.17 08:35:44.135,8.29134,8.29301,1.19,1.19
2014.03.17 08:35:46.360,8.29142,8.29301,1.19,1.19
2014.03.17 08:35:47.187,8.29132,8.29301,1.19,1.19
2014.03.17 08:35:52.897,8.29132,8.29299,1.19,1.19
2014.03.17 08:35:53.301,8.29123,8.29242,1.19,1.00
2014.03.17 08:35:54.515,8.29123,8.2923,1.19,1.00
2014.03.17 08:35:57.892,8.29108,8.2923,1.19,1.00
2014.03.17 08:36:01.289,8.29108,8.29239,1.19,1.00
2014.03.17 08:36:01.340,8.29108,8.29224,1.19,1.00
2014.03.17 08:36:01.441,8.29098,8.29224,1.69,1.00
2014.03.17 08:36:01.492,8.29098,8.29217,1.69,1.00
2014.03.17 08:36:01.644,8.29047,8.292,1.19,1.19
2014.03.17 08:36:02.414,8.29041,8.29168,1.19,1.00
2014.03.17 08:36:02.755,8.29017,8.29168,1.69,1.19
2014.03.17 08:36:02.958,8.29003,8.29141,1.19,1.00
2014.03.17 08:36:03.262,8.29003,8.29126,1.19,1.00
2014.03.17 08:36:03.313,8.29003,8.29131,1.19,1.00
2014.03.17 08:36:03.567,8.29003,8.29142,1.19,1.25
2014.03.17 08:36:03.719,8.29003,8.29119,1.19,1.00
2014.03.17 08:36:03.871,8.28988,8.29119,1.19,1.00
2014.03.17 08:36:03.972,8.28962,8.29107,1.19,1.19
2014.03.17 08:36:04.023,8.28947,8.29049,1.69,1.00
2014.03.17 08:36:04.126,8.2894,8.29092,1.19,1.19
2014.03.17 08:36:04.228,8.2894,8.29048,1.19,1.00
2014.03.17 08:36:04.279,8.28894,8.29035,1.19,1.19
2014.03.17 08:36:05.548,8.28878,8.29025,1.69,1.19
2014.03.17 08:36:05.701,8.28868,8.29021,1.19,1.19
2014.03.17 08:36:05.803,8.28868,8.2895,1.19,1.00
2014.03.17 08:36:06.007,8.28857,8.28992,1.19,1.19
2014.03.17 08:36:06.423,8.28841,8.28981,1.19,1.19
2014.03.17 08:36:06.963,8.28838,8.28929,1.19,1.00
2014.03.17 08:36:07.515,8.28838,8.28942,1.19,1.00
2014.03.17 08:36:07.687,8.28838,8.28942,1.19,1.00
2014.03.17 08:36:07.968,8.28841,8.28928,1.19,1.00
2014.03.17 08:36:08.019,8.28828,8.28928,1.19,1.00
2014.03.17 08:36:08.272,8.28828,8.28982,1.19,1.00
2014.03.17 08:36:08.525,8.28864,8.28997,1.25,1.19
2014.03.17 08:36:09.131,8.28841,8.28933,1.19,1.50
2014.03.17 08:36:09.233,8.28841,8.28933,1.00,1.50
2014.03.17 08:36:09.335,8.28817,8.28906,1.00,1.19
2014.03.17 08:36:09.437,8.28826,8.28927,1.00,1.00
2014.03.17 08:36:09.487,8.28859,8.28933,1.00,1.50
2014.03.17 08:36:09.589,8.28859,8.28982,1.00,1.19
2014.03.17 08:36:09.741,8.28827,8.28982,1.19,1.19
2014.03.17 08:36:11.463,8.28857,8.28982,1.00,1.19
2014.03.17 08:36:11.823,8.28857,8.28982,1.19,1.19
2014.03.17 08:36:13.271,8.28857,8.28982,1.19,1.19
2014.03.17 08:36:14.737,8.28857,8.28982,1.19,1.19
2014.03.17 08:36:15.989,8.28857,8.28982,1.19,1.19
2014.03.17 08:36:17.688,8.28857,8.28982,1.19,1.19
2014.03.17 08:36:19.193,8.28835,8.28982,1.00,1.19
2014.03.17 08:36:19.243,8.28835,8.28933,1.00,1.50
2014.03.17 08:36:19.579,8.28826,8.28951,1.19,1.19
2014.03.17 08:36:19.883,8.28827,8.28951,1.19,1.00
2014.03.17 08:36:20.811,8.2882,8.28951,1.19,1.00
2014.03.17 08:36:21.014,8.28838,8.28951,1.19,1.00
2014.03.17 08:36:21.080,8.28838,8.2902,1.19,1.69
2014.03.17 08:36:23.141,8.28847,8.29001,1.19,1.19
2014.03.17 08:36:24.167,8.28847,8.28943,1.19,1.50
2014.03.17 08:36:24.269,8.28784,8.2892,1.19,1.19
2014.03.17 08:36:24.370,8.28784,8.28893,1.00,1.19
2014.03.17 08:36:24.471,8.28756,8.28883,1.19,1.19
2014.03.17 08:36:25.996,8.28746,8.28884,1.19,1.19
2014.03.17 08:36:26.316,8.28731,8.28862,1.19,1.19
2014.03.17 08:36:28.006,8.28737,8.28842,1.00,1.19
2014.03.17 08:36:28.276,8.28681,8.28842,1.19,1.19
2014.03.17 08:36:29.091,8.28687,8.28842,1.19,1.19
2014.03.17 08:36:29.979,8.28681,8.28831,1.19,1.19
2014.03.17 08:36:30.924,8.28674,8.2884,1.19,1.19
2014.03.17 08:36:32.133,8.28685,8.28832,1.79,1.00
2014.03.17 08:36:32.236,8.28738,8.28876,1.69,1.19
2014.03.17 08:36:33.513,8.28738,8.28905,1.69,1.19
2014.03.17 08:36:34.410,8.28738,8.28857,1.19,1.00
2014.03.17 08:36:34.759,8.28738,8.28857,1.19,1.19
2014.03.17 08:36:37.802,8.28737,8.28857,1.25,1.19
2014.03.17 08:36:40.048,8.28737,8.28857,1.00,1.19
2014.03.17 08:36:40.252,8.28737,8.28857,1.19,1.19
2014.03.17 08:36:43.894,8.28728,8.28857,1.19,1.19
2014.03.17 08:36:46.911,8.28728,8.28857,1.19,1.19
2014.03.17 08:36:50.948,8.28728,8.28854,1.00,1.19
2014.03.17 08:36:52.281,8.28728,8.28843,1.00,1.19
2014.03.17 08:36:53.483,8.28718,8.28843,2.25,1.19
2014.03.17 08:36:53.535,8.28718,8.2885,2.25,1.19
2014.03.17 08:36:54.420,8.28718,8.28857,2.44,1.19
2014.03.17 08:36:57.742,8.28717,8.28836,1.19,1.19
2014.03.17 08:36:59.612,8.28718,8.28836,1.19,1.19
2014.03.17 08:37:01.156,8.28718,8.28836,1.19,1.19
2014.03.17 08:37:03.434,8.28718,8.28836,1.19,1.19
2014.03.17 08:37:04.940,8.28718,8.28836,1.19,1.19
2014.03.17 08:37:10.898,8.28708,8.28836,1.19,1.19
2014.03.17 08:37:13.689,8.28708,8.28836,1.19,1.19
2014.03.17 08:37:15.106,8.28708,8.28836,1.00,1.19
2014.03.17 08:37:16.350,8.28708,8.28836,1.00,1.19
2014.03.17 08:37:18.561,8.28708,8.28836,1.19,1.19
2014.03.17 08:37:19.663,8.28708,8.28836,1.19,1.19
2014.03.17 08:37:19.714,8.28722,8.28836,1.00,1.19
2014.03.17 08:37:20.702,8.28708,8.28836,1.19,1.19
2014.03.17 08:37:20.924,8.28722,8.28836,1.00,1.19
2014.03.17 08:37:21.259,8.28722,8.28836,1.19,1.19
2014.03.17 08:37:22.131,8.28734,8.28836,1.00,1.19
2014.03.17 08:37:22.485,8.28703,8.28836,1.19,1.19
2014.03.17 08:37:23.724,8.28697,8.28836,2.44,1.19
2014.03.17 08:37:25.933,8.28697,8.28836,2.44,1.19
2014.03.17 08:37:26.381,8.28697,8.28836,2.44,1.19
2014.03.17 08:37:26.693,8.28697,8.28836,2.44,1.19
2014.03.17 08:37:27.495,8.28698,8.28817,1.19,1.00
2014.03.17 08:37:30.450,8.28697,8.28817,1.19,1.19
2014.03.17 08:37:31.271,8.28688,8.28817,1.19,1.19
2014.03.17 08:37:31.575,8.28648,8.28733,5.58,1.19
2014.03.17 08:37:32.135,8.28612,8.28736,1.19,1.19
2014.03.17 08:37:32.662,8.28594,8.28748,1.19,1.19
2014.03.17 08:37:33.816,8.28578,8.28748,1.69,1.19
2014.03.17 08:37:34.323,8.28578,8.28707,1.69,1.00
2014.03.17 08:37:36.001,8.28618,8.28716,1.19,1.00
2014.03.17 08:37:36.052,8.28618,8.28736,1.19,1.19
2014.03.17 08:37:36.204,8.28618,8.28736,1.19,1.00
2014.03.17 08:37:36.255,8.28618,8.28788,1.19,1.19
2014.03.17 08:37:36.307,8.2865,8.28788,1.00,1.19
2014.03.17 08:37:36.611,8.2865,8.28803,1.19,1.19
2014.03.17 08:37:36.915,8.28668,8.28826,1.69,1.19
2014.03.17 08:37:37.016,8.28668,8.28805,1.69,1.19
2014.03.17 08:37:37.067,8.28634,8.28762,1.19,1.00
2014.03.17 08:37:40.622,8.28632,8.28762,1.19,1.00
2014.03.17 08:37:40.673,8.28632,8.28784,1.19,1.19
2014.03.17 08:37:42.132,8.28651,8.28782,1.19,1.19
2014.03.17 08:37:42.234,8.28626,8.28743,1.19,1.19
2014.03.17 08:37:42.538,8.28606,8.28743,1.19,1.19
2014.03.17 08:37:43.666,8.2858,8.28715,1.19,1.19
2014.03.17 08:37:44.210,8.28609,8.28715,1.00,1.19
2014.03.17 08:37:45.714,8.28609,8.28666,1.00,1.00
2014.03.17 08:37:46.852,8.28609,8.28666,1.19,1.00
2014.03.17 08:37:48.202,8.28582,8.28666,1.19,1.00
2014.03.17 08:37:48.253,8.28582,8.28647,1.19,1.00
2014.03.17 08:37:48.303,8.28582,8.28647,1.00,1.00
2014.03.17 08:37:48.927,8.28528,8.28647,1.19,1.00
2014.03.17 08:37:50.491,8.28527,8.28647,1.19,1.19
2014.03.17 08:37:53.714,8.28527,8.28647,1.19,1.19
2014.03.17 08:37:56.861,8.28518,8.28647,1.19,1.19
2014.03.17 08:37:57.428,8.28518,8.28647,1.19,1.00
2014.03.17 08:37:57.631,8.28518,8.28647,1.19,1.19
2014.03.17 08:37:58.769,8.28518,8.28647,1.19,1.19
2014.03.17 08:37:58.972,8.28497,8.28644,1.69,1.19
2014.03.17 08:37:59.074,8.28441,8.28614,1.19,1.19
2014.03.17 08:38:00.261,8.28432,8.286,1.19,1.19
2014.03.17 08:38:01.554,8.28426,8.28551,1.19,1.00
2014.03.17 08:38:02.491,8.28418,8.28551,1.19,1.19
2014.03.17 08:38:03.499,8.28434,8.28551,1.19,1.19
2014.03.17 08:38:03.839,8.28428,8.28599,1.19,1.19
2014.03.17 08:38:08.532,8.28419,8.28567,1.19,1.19
2014.03.17 08:38:09.705,8.28419,8.28546,1.19,1.00
2014.03.17 08:38:13.225,8.28411,8.28546,1.19,1.00
2014.03.17 08:38:17.388,8.28407,8.28546,1.19,1.19
2014.03.17 08:38:18.969,8.28413,8.28546,1.19,1.00
2014.03.17 08:38:22.719,8.28426,8.28546,1.19,1.00
2014.03.17 08:38:22.821,8.28426,8.28566,1.19,1.19
2014.03.17 08:38:24.489,8.2844,8.28566,1.19,1.00
2014.03.17 08:38:34.780,8.28438,8.28566,1.19,1.00
2014.03.17 08:38:35.260,8.28463,8.28566,1.19,1.00
2014.03.17 08:38:35.543,8.28463,8.28619,1.19,1.19
2014.03.17 08:38:36.863,8.28474,8.28619,1.19,1.19
2014.03.17 08:38:37.245,8.28497,8.28592,1.19,1.00
2014.03.17 08:38:38.717,8.28487,8.28592,1.19,1.00
2014.03.17 08:38:38.768,8.28487,8.28654,1.19,1.19
2014.03.17 08:38:40.179,8.28495,8.28654,1.19,1.19
2014.03.17 08:38:40.534,8.28495,8.28612,1.19,1.00
2014.03.17 08:38:41.611,8.28495,8.28655,1.19,1.19
2014.03.17 08:38:48.347,8.28493,8.28645,1.19,1.19
2014.03.17 08:38:53.220,8.28518,8.28686,1.19,1.19
2014.03.17 08:38:55.937,8.28512,8.28666,1.19,1.19
2014.03.17 08:38:57.516,8.28491,8.28656,1.19,1.19
2014.03.17 08:39:02.684,8.28503,8.28665,1.19,1.19
2014.03.17 08:39:03.373,8.28503,8.28612,1.19,1.00
2014.03.17 08:39:03.678,8.28573,8.28612,2.10,1.00
2014.03.17 08:39:03.838,8.28604,8.28712,1.19,1.00
2014.03.17 08:39:03.889,8.28604,8.28712,1.00,1.00
2014.03.17 08:39:03.940,8.28588,8.28673,1.69,1.00
2014.03.17 08:39:04.041,8.28496,8.28651,1.19,1.19
2014.03.17 08:39:04.498,8.28496,8.28596,1.19,1.00
2014.03.17 08:39:04.988,8.28509,8.28596,1.19,1.00
2014.03.17 08:39:05.141,8.28509,8.28661,1.19,1.19
2014.03.17 08:39:05.243,8.28509,8.28642,1.19,1.00
2014.03.17 08:39:05.547,8.28509,8.28602,1.19,1.00
2014.03.17 08:39:05.990,8.28514,8.28602,1.19,1.00
2014.03.17 08:39:06.719,8.28514,8.2866,1.19,1.19
2014.03.17 08:39:06.922,8.28532,8.28702,1.19,1.19
2014.03.17 08:39:07.917,8.28532,8.28702,1.19,1.19
2014.03.17 08:39:14.482,8.28544,8.28667,1.19,1.00
2014.03.17 08:39:14.796,8.28482,8.28596,1.19,1.00
2014.03.17 08:39:14.897,8.2847,8.28596,1.19,1.00
2014.03.17 08:39:14.948,8.2847,8.28583,1.19,1.00
2014.03.17 08:39:15.100,8.28446,8.28583,1.19,1.00
2014.03.17 08:39:16.035,8.28446,8.28562,1.19,1.00
2014.03.17 08:39:16.461,8.28446,8.28576,1.19,1.00
2014.03.17 08:39:17.008,8.28448,8.28576,1.19,1.00
2014.03.17 08:39:17.409,8.28448,8.28517,1.19,1.00
2014.03.17 08:39:21.235,8.28445,8.28517,1.19,1.00
2014.03.17 08:39:22.589,8.28459,8.28517,1.19,1.00
2014.03.17 08:39:23.894,8.2845,8.28517,1.19,1.00
2014.03.17 08:39:27.019,8.28448,8.28517,1.19,1.00
2014.03.17 08:39:30.511,8.28455,8.28517,1.19,1.00
2014.03.17 08:39:32.439,8.28455,8.28517,1.19,1.00
2014.03.17 08:39:33.953,8.28459,8.28517,1.19,1.00
2014.03.17 08:39:37.187,8.28436,8.28517,1.19,1.00
2014.03.17 08:39:39.952,8.28451,8.28517,1.19,1.00
2014.03.17 08:39:41.202,8.28443,8.28517,1.19,1.00
2014.03.17 08:39:43.684,8.2845,8.28517,1.19,1.00
2014.03.17 08:39:45.361,8.28512,8.28666,1.19,1.19
2014.03.17 08:39:46.201,8.28534,8.28681,1.19,1.19
2014.03.17 08:39:46.556,8.28552,8.28693,1.19,1.19
2014.03.17 08:39:47.633,8.28552,8.28693,1.19,1.19
2014.03.17 08:39:47.936,8.28552,8.28667,1.19,1.00
2014.03.17 08:39:47.987,8.28552,8.28688,1.19,1.25
2014.03.17 08:39:48.039,8.28572,8.28688,1.19,1.00
2014.03.17 08:39:48.345,8.28568,8.28693,1.19,1.00
2014.03.17 08:39:48.420,8.28586,8.28693,1.19,1.00
2014.03.17 08:39:48.960,8.28606,8.28693,1.19,1.00
2014.03.17 08:39:49.142,8.28588,8.28693,1.19,1.00
2014.03.17 08:39:50.165,8.28563,8.28693,1.19,1.00
2014.03.17 08:39:50.266,8.28553,8.28693,1.19,1.19
2014.03.17 08:39:50.520,8.28553,8.28684,1.19,1.00
2014.03.17 08:39:50.622,8.28553,8.28693,1.19,1.19
2014.03.17 08:39:50.976,8.28553,8.28678,1.19,1.00
2014.03.17 08:39:51.179,8.28537,8.28669,1.19,1.00
2014.03.17 08:39:51.432,8.28537,8.28657,1.19,1.00
2014.03.17 08:39:51.483,8.28523,8.28657,1.19,1.00
2014.03.17 08:39:53.386,8.28502,8.28657,1.19,1.19
2014.03.17 08:39:55.960,8.28508,8.28665,1.19,1.19
2014.03.17 08:39:56.507,8.28524,8.28675,1.19,1.19
2014.03.17 08:39:57.085,8.28603,8.28675,2.10,1.19
2014.03.17 08:39:57.187,8.28628,8.28747,1.88,1.00
2014.03.17 08:39:57.238,8.28658,8.28747,1.50,1.00
2014.03.17 08:39:57.289,8.28658,8.28767,1.50,1.00
2014.03.17 08:39:57.340,8.28658,8.28767,1.50,1.60
2014.03.17 08:39:57.644,8.28547,8.28667,1.19,1.00
2014.03.17 08:39:57.985,8.28528,8.28645,1.19,1.00
2014.03.17 08:39:58.891,8.28576,8.28645,2.10,1.00
2014.03.17 08:39:58.942,8.28607,8.28713,1.50,1.50
2014.03.17 08:39:58.993,8.28607,8.28713,1.69,1.50
2014.03.17 08:39:59.095,8.28607,8.28728,1.69,1.00
2014.03.17 08:39:59.196,8.28607,8.28677,1.69,1.00
2014.03.17 08:39:59.298,8.28513,8.28656,1.19,1.19
2014.03.17 08:39:59.452,8.28513,8.28647,1.19,1.00
2014.03.17 08:39:59.705,8.28492,8.28637,1.19,1.19
2014.03.17 08:39:59.858,8.28492,8.28605,1.19,1.00
2014.03.17 08:39:59.910,8.28468,8.28586,1.19,1.00
2014.03.17 08:40:01.111,8.28475,8.28605,2.29,1.19
2014.03.17 08:40:01.213,8.28517,8.28661,1.19,1.00
2014.03.17 08:40:01.264,8.28517,8.28681,1.19,1.19
2014.03.17 08:40:01.315,8.2854,8.28681,1.19,1.19
2014.03.17 08:40:01.619,8.28573,8.28713,1.19,1.19
2014.03.17 08:40:02.126,8.28602,8.28713,1.19,1.00
2014.03.17 08:40:02.329,8.28618,8.28743,1.19,1.00
2014.03.17 08:40:02.430,8.28618,8.28782,1.19,1.19
2014.03.17 08:40:03.860,8.28645,8.28782,1.19,1.19
2014.03.17 08:40:05.433,8.28641,8.28812,1.19,1.19
2014.03.17 08:40:07.128,8.28641,8.28764,1.19,1.00
2014.03.17 08:40:07.179,8.28634,8.28764,1.19,1.00
2014.03.17 08:40:07.230,8.28634,8.28724,1.19,1.00
2014.03.17 08:40:07.443,8.28576,8.28724,1.19,1.00
2014.03.17 08:40:07.646,8.28577,8.28733,1.79,1.00
2014.03.17 08:40:07.747,8.28616,8.28733,1.19,1.00
2014.03.17 08:40:08.152,8.28655,8.28732,2.29,1.00
2014.03.17 08:40:08.423,8.28678,8.28833,2.29,1.69
2014.03.17 08:40:09.376,8.28678,8.28838,2.29,1.19
2014.03.17 08:40:09.954,8.28684,8.28847,1.79,1.19
2014.03.17 08:40:12.774,8.28693,8.28847,1.19,1.19
2014.03.17 08:40:14.064,8.28693,8.28847,1.19,1.19
2014.03.17 08:40:15.923,8.28693,8.28848,1.19,1.19
2014.03.17 08:40:16.227,8.28627,8.2879,1.19,1.19
2014.03.17 08:40:17.272,8.28601,8.28769,1.19,1.19
2014.03.17 08:40:17.788,8.28577,8.2875,1.19,1.19
2014.03.17 08:40:18.281,8.28577,8.28709,1.19,1.00
2014.03.17 08:40:18.483,8.28568,8.28664,1.00,1.00
2014.03.17 08:40:18.534,8.28538,8.28644,1.19,1.00
2014.03.17 08:40:18.687,8.28538,8.28634,1.19,1.00
2014.03.17 08:40:18.738,8.28488,8.28614,1.29,1.19
2014.03.17 08:40:19.001,8.28518,8.28614,1.00,1.19
2014.03.17 08:40:19.103,8.28488,8.28614,1.77,1.19
2014.03.17 08:40:19.154,8.28488,8.28614,1.77,1.19
2014.03.17 08:40:19.256,8.28487,8.28614,1.10,1.19
2014.03.17 08:40:19.586,8.28468,8.28567,1.69,1.00
2014.03.17 08:40:19.890,8.28487,8.28567,2.33,1.00
2014.03.17 08:40:19.941,8.28487,8.28576,2.33,1.19
2014.03.17 08:40:20.295,8.28488,8.28616,1.77,1.19
2014.03.17 08:40:20.346,8.28488,8.28616,1.77,1.19
2014.03.17 08:40:20.821,8.28488,8.28588,1.77,1.00
2014.03.17 08:40:21.477,8.28487,8.28636,1.77,1.19
2014.03.17 08:40:22.408,8.28491,8.28651,1.19,1.19
2014.03.17 08:40:22.966,8.28513,8.28669,1.19,1.19
2014.03.17 08:40:23.593,8.28555,8.28678,2.29,1.19
2014.03.17 08:40:23.695,8.28597,8.28699,1.50,1.19
2014.03.17 08:40:23.797,8.28597,8.28747,1.69,1.19
2014.03.17 08:40:23.898,8.28608,8.28743,1.19,1.00
2014.03.17 08:40:24.000,8.28641,8.28742,1.19,1.00
2014.03.17 08:40:24.522,8.28648,8.28743,1.69,1.00
2014.03.17 08:40:25.097,8.28648,8.28743,1.69,1.00
2014.03.17 08:40:25.374,8.28648,8.28802,1.69,1.19
2014.03.17 08:40:25.451,8.28648,8.28763,1.69,1.00
2014.03.17 08:40:26.211,8.28652,8.28763,1.19,1.00
2014.03.17 08:40:26.844,8.28652,8.28762,1.19,1.00
2014.03.17 08:40:27.085,8.28674,8.28809,1.19,1.00
2014.03.17 08:40:38.220,8.28676,8.28809,1.19,1.00
2014.03.17 08:40:39.726,8.28661,8.28809,1.19,1.19
2014.03.17 08:40:40.825,8.28661,8.28809,1.19,1.19
2014.03.17 08:40:51.109,8.28653,8.28809,1.69,1.19
2014.03.17 08:40:53.945,8.28653,8.28809,1.69,1.19
2014.03.17 08:40:55.074,8.28655,8.28809,1.19,1.19
2014.03.17 08:40:56.823,8.28658,8.28809,1.19,1.19
2014.03.17 08:41:01.199,8.28682,8.28838,2.29,1.19
2014.03.17 08:41:01.250,8.28691,8.28859,1.79,1.19
2014.03.17 08:41:01.351,8.28707,8.28859,1.69,1.19
2014.03.17 08:41:01.453,8.28719,8.28859,2.29,1.19
2014.03.17 08:41:01.757,8.28746,8.28902,1.19,1.19
2014.03.17 08:41:02.646,8.28746,8.28876,1.19,1.00
2014.03.17 08:41:02.748,8.28699,8.28821,1.19,1.19
2014.03.17 08:41:03.949,8.28656,8.28821,1.19,1.19
2014.03.17 08:41:04.255,8.28636,8.28794,1.19,1.19
2014.03.17 08:41:05.561,8.28625,8.28781,1.19,1.19
2014.03.17 08:41:06.368,8.28625,8.28746,1.19,1.00
2014.03.17 08:41:06.469,8.28604,8.28695,1.19,1.00
2014.03.17 08:41:06.571,8.28558,8.28695,1.19,1.19
2014.03.17 08:41:06.621,8.28558,8.28684,1.19,1.00
2014.03.17 08:41:06.925,8.28508,8.28637,1.19,1.19
2014.03.17 08:41:07.243,8.28508,8.28611,1.19,1.00
2014.03.17 08:41:07.544,8.28508,8.28611,1.00,1.19
2014.03.17 08:41:08.182,8.28468,8.28611,1.19,1.19
2014.03.17 08:41:08.385,8.28468,8.28601,1.19,1.19
2014.03.17 08:41:08.689,8.28467,8.28571,1.19,1.19
2014.03.17 08:41:09.744,8.28468,8.28604,1.19,1.19
2014.03.17 08:41:09.795,8.28468,8.28604,1.19,1.19
2014.03.17 08:41:10.434,8.28473,8.28652,1.19,1.19
2014.03.17 08:41:13.193,8.28469,8.28649,1.19,1.19
2014.03.17 08:41:13.688,8.28527,8.28649,1.50,1.19
2014.03.17 08:41:13.739,8.28527,8.28652,1.69,1.00
2014.03.17 08:41:13.790,8.28535,8.28703,1.00,1.19
2014.03.17 08:41:13.841,8.28535,8.28711,1.19,1.19
2014.03.17 08:41:14.147,8.28543,8.28721,1.19,1.19
2014.03.17 08:41:14.452,8.28565,8.28745,1.19,1.19
2014.03.17 08:41:15.908,8.28569,8.28749,1.19,1.19
2014.03.17 08:41:17.529,8.28565,8.28734,1.19,1.19
2014.03.17 08:41:18.644,8.28578,8.2875,1.69,1.19
2014.03.17 08:41:19.250,8.28595,8.2876,1.19,1.19
2014.03.17 08:41:20.337,8.28606,8.28779,1.19,1.19
2014.03.17 08:41:21.776,8.28598,8.28769,1.19,1.19
2014.03.17 08:41:24.049,8.28587,8.28767,1.19,1.19
2014.03.17 08:41:26.235,8.28606,8.28778,1.19,1.19
2014.03.17 08:41:27.417,8.28618,8.2878,1.19,1.19
2014.03.17 08:41:28.516,8.28607,8.2878,1.19,1.19
2014.03.17 08:41:31.244,8.28606,8.2878,1.19,1.19
2014.03.17 08:41:32.536,8.28596,8.2875,1.19,1.19
2014.03.17 08:41:33.891,8.28596,8.2875,1.19,1.19
2014.03.17 08:41:35.547,8.28596,8.2875,1.19,1.19
2014.03.17 08:41:41.544,8.28578,8.28732,1.69,1.19
2014.03.17 08:41:42.668,8.28556,8.28705,1.19,1.19
2014.03.17 08:41:43.073,8.28591,8.28705,2.10,1.19
2014.03.17 08:41:43.175,8.28607,8.28705,1.50,1.00
2014.03.17 08:41:43.225,8.2862,8.28705,1.00,1.00
2014.03.17 08:41:43.530,8.28536,8.2871,1.19,1.19
2014.03.17 08:41:43.732,8.28546,8.287,1.19,1.19
2014.03.17 08:41:44.477,8.28549,8.287,1.19,1.19
2014.03.17 08:41:45.608,8.28572,8.28733,1.19,1.19
2014.03.17 08:41:46.730,8.28572,8.28743,1.19,1.19
2014.03.17 08:41:47.138,8.28618,8.28767,2.29,1.00
2014.03.17 08:41:47.240,8.28668,8.28798,1.69,1.19
2014.03.17 08:41:48.376,8.28668,8.28825,1.69,1.19
2014.03.17 08:41:55.589,8.28687,8.28825,1.19,1.19
2014.03.17 08:41:56.598,8.28687,8.28825,1.19,1.19
2014.03.17 08:41:57.914,8.28687,8.28825,1.19,1.19
2014.03.17 08:41:58.634,8.28729,8.2884,2.10,1.00
2014.03.17 08:41:58.837,8.28804,8.28959,1.35,1.69
2014.03.17 08:41:58.888,8.28804,8.28959,1.35,1.19
2014.03.17 08:41:58.939,8.28807,8.28959,1.19,1.19
2014.03.17 08:41:59.965,8.28817,8.28972,1.19,1.19
2014.03.17 08:42:01.276,8.28831,8.28997,1.19,1.19
2014.03.17 08:42:02.344,8.2883,8.28986,1.19,1.19
2014.03.17 08:42:03.847,8.28846,8.28986,1.19,1.19
2014.03.17 08:42:06.867,8.28877,8.28986,1.19,1.25
2014.03.17 08:42:10.284,8.28866,8.28986,1.19,1.19
2014.03.17 08:42:15.643,8.28883,8.28986,1.19,1.00
2014.03.17 08:42:15.745,8.28899,8.28986,1.19,1.00
2014.03.17 08:42:17.023,8.28902,8.28986,1.19,1.00
2014.03.17 08:42:28.562,8.28892,8.28986,1.19,1.00
2014.03.17 08:42:30.442,8.28895,8.28986,1.19,1.00
2014.03.17 08:42:31.142,8.28895,8.28942,1.19,1.50
2014.03.17 08:42:31.193,8.28866,8.28942,1.19,1.50
2014.03.17 08:42:31.244,8.28864,8.28912,1.19,1.00
2014.03.17 08:42:31.295,8.28822,8.28911,1.19,1.00
2014.03.17 08:42:31.396,8.28804,8.28911,1.19,1.00
2014.03.17 08:42:31.447,8.28768,8.28893,1.19,1.69
2014.03.17 08:42:31.549,8.28768,8.2886,1.19,1.00
2014.03.17 08:42:31.753,8.28716,8.2886,1.19,1.19
2014.03.17 08:42:31.854,8.2871,8.28835,1.19,1.00
2014.03.17 08:42:32.406,8.2871,8.28812,1.19,1.00
2014.03.17 08:42:32.457,8.28656,8.28802,1.19,1.69
2014.03.17 08:42:33.383,8.2864,8.28798,1.57,1.60
2014.03.17 08:42:33.434,8.2864,8.28742,1.57,1.50
2014.03.17 08:42:33.485,8.28618,8.28742,1.19,1.69
2014.03.17 08:42:33.687,8.28598,8.28713,1.19,1.69
2014.03.17 08:42:34.052,8.28543,8.2868,1.19,1.19
2014.03.17 08:42:34.204,8.2852,8.2868,1.19,1.19
2014.03.17 08:42:34.255,8.2852,8.28666,1.19,1.00
2014.03.17 08:42:34.559,8.28497,8.28617,1.19,1.00
2014.03.17 08:42:35.387,8.28475,8.28617,1.19,1.19
2014.03.17 08:42:35.439,8.28475,8.28602,1.19,1.00
2014.03.17 08:42:35.490,8.28445,8.28602,1.19,1.19
2014.03.17 08:42:35.541,8.28445,8.28575,1.19,1.00
2014.03.17 08:42:35.846,8.28502,8.28575,1.00,1.00
2014.03.17 08:42:35.999,8.28669,8.2878,1.00,1.57
2014.03.17 08:42:36.050,8.28669,8.2878,1.00,1.19
2014.03.17 08:42:36.101,8.28669,8.2878,1.00,1.00
2014.03.17 08:42:36.202,8.28669,8.28813,1.00,1.19
2014.03.17 08:42:36.253,8.28696,8.28813,1.00,1.19
2014.03.17 08:42:36.496,8.28696,8.28813,1.00,1.19
2014.03.17 08:42:36.704,8.28729,8.28822,1.00,1.00
2014.03.17 08:42:37.033,8.2875,8.28822,1.19,1.00
2014.03.17 08:42:37.084,8.2875,8.28895,1.19,1.19
2014.03.17 08:42:39.218,8.28726,8.28853,1.00,1.19
2014.03.17 08:42:39.269,8.2868,8.28816,1.19,1.00
2014.03.17 08:42:39.370,8.28662,8.28816,1.19,1.19
2014.03.17 08:42:39.472,8.28662,8.28795,1.19,1.00
2014.03.17 08:42:39.523,8.28638,8.28795,1.19,1.19
2014.03.17 08:42:40.520,8.28605,8.2876,1.19,1.19
2014.03.17 08:42:42.213,8.2859,8.28741,1.19,1.19
2014.03.17 08:42:44.044,8.2859,8.28728,1.19,1.19
2014.03.17 08:42:44.196,8.2844,8.28536,1.00,1.00
2014.03.17 08:42:44.297,8.28485,8.28549,5.36,1.00
2014.03.17 08:42:44.399,8.2844,8.28549,1.00,1.00
2014.03.17 08:42:44.450,8.2844,8.28549,1.19,1.00
2014.03.17 08:42:44.704,8.28503,8.28613,1.00,1.19
2014.03.17 08:42:44.755,8.28481,8.28613,1.19,1.19
2014.03.17 08:42:45.835,8.28467,8.28596,1.19,1.19
2014.03.17 08:42:46.240,8.28471,8.2861,1.19,1.19
2014.03.17 08:42:47.450,8.28497,8.2864,1.19,1.19
2014.03.17 08:42:49.654,8.28492,8.28652,1.19,1.19
2014.03.17 08:42:49.756,8.28528,8.28684,1.69,1.19
2014.03.17 08:42:50.742,8.2854,8.28697,1.19,1.19
2014.03.17 08:42:51.454,8.28528,8.28663,1.69,1.19
2014.03.17 08:42:51.555,8.28488,8.28659,1.19,1.19
2014.03.17 08:42:51.859,8.28491,8.28609,1.19,1.38
2014.03.17 08:42:51.960,8.28491,8.28535,1.00,1.00
2014.03.17 08:42:52.012,8.28455,8.28535,1.19,1.00
2014.03.17 08:42:52.114,8.28455,8.28539,1.19,1.00
2014.03.17 08:42:52.165,8.28455,8.28539,1.19,1.00
2014.03.17 08:42:52.266,8.28396,8.28528,1.19,1.19
2014.03.17 08:42:53.132,8.28389,8.28498,1.19,1.00
2014.03.17 08:42:53.686,8.28389,8.28508,1.19,1.19
2014.03.17 08:42:53.862,8.28389,8.28508,1.19,1.19
2014.03.17 08:42:54.257,8.28389,8.28477,1.19,1.00
2014.03.17 08:42:54.624,8.28389,8.2847,1.19,1.00
2014.03.17 08:42:55.061,8.28389,8.28462,1.19,1.00
2014.03.17 08:42:56.703,8.28406,8.28462,1.00,1.00
2014.03.17 08:43:00.660,8.28429,8.28462,1.00,1.00
2014.03.17 08:43:00.712,8.28429,8.28544,1.19,1.19
2014.03.17 08:43:01.504,8.28432,8.28607,1.19,1.19
2014.03.17 08:43:01.959,8.28429,8.28579,1.19,1.19
2014.03.17 08:43:03.866,8.28429,8.28581,1.19,1.19
2014.03.17 08:43:05.167,8.28447,8.28593,1.19,1.19
2014.03.17 08:43:05.471,8.28447,8.28604,1.19,1.19
2014.03.17 08:43:07.155,8.2844,8.28612,1.19,1.19
2014.03.17 08:43:09.439,8.2844,8.28612,1.19,1.69
2014.03.17 08:43:13.508,8.2844,8.28608,1.19,1.19
2014.03.17 08:43:17.633,8.2844,8.28609,1.19,1.19
2014.03.17 08:43:21.051,8.28432,8.28609,1.19,1.19
2014.03.17 08:43:23.997,8.28433,8.28612,1.19,1.69
2014.03.17 08:43:26.929,8.28431,8.28608,1.19,1.19
2014.03.17 08:43:28.082,8.28437,8.28609,1.19,1.19
2014.03.17 08:43:31.258,8.28437,8.28612,1.19,1.19
2014.03.17 08:43:32.929,8.28432,8.28603,1.19,1.19
2014.03.17 08:43:34.182,8.28432,8.28603,1.19,1.19
2014.03.17 08:43:35.877,8.28432,8.28602,1.19,1.19
2014.03.17 08:43:36.922,8.28432,8.28607,1.19,1.19
2014.03.17 08:43:37.256,8.28457,8.28612,1.19,1.19
2014.03.17 08:43:37.760,8.28459,8.28612,1.19,1.19
2014.03.17 08:43:38.106,8.28457,8.28612,1.19,1.19
2014.03.17 08:43:45.019,8.28457,8.2861,1.19,1.19
2014.03.17 08:43:45.635,8.28459,8.28635,1.19,1.19
2014.03.17 08:43:47.131,8.28475,8.28642,1.19,1.19
2014.03.17 08:43:49.228,8.28491,8.28649,1.19,1.19
2014.03.17 08:43:51.261,8.28491,8.28662,1.19,1.19
2014.03.17 08:43:53.371,8.28492,8.2867,1.19,1.19
2014.03.17 08:43:54.422,8.28498,8.28658,1.19,1.19
2014.03.17 08:43:57.433,8.28489,8.28662,1.19,1.19
2014.03.17 08:43:57.785,8.2848,8.28616,1.19,1.00
2014.03.17 08:43:58.111,8.28514,8.28616,1.19,1.00
2014.03.17 08:44:01.220,8.28494,8.28616,1.19,1.00
2014.03.17 08:44:02.141,8.2849,8.28616,1.19,1.00
2014.03.17 08:44:02.395,8.28479,8.28633,1.19,1.19
2014.03.17 08:44:02.445,8.28465,8.28633,1.19,1.19
2014.03.17 08:44:02.778,8.28465,8.28591,1.19,1.00
2014.03.17 08:44:03.188,8.28495,8.28633,1.19,1.19
2014.03.17 08:44:03.239,8.28498,8.28651,1.19,1.19
2014.03.17 08:44:03.442,8.28521,8.28662,1.19,1.69
2014.03.17 08:44:05.166,8.28521,8.28662,1.19,1.69
2014.03.17 08:44:08.861,8.28525,8.28662,1.19,1.69
2014.03.17 08:44:10.067,8.28502,8.28682,1.19,1.19
2014.03.17 08:44:10.597,8.28521,8.28705,1.19,1.19
2014.03.17 08:44:13.781,8.28521,8.28701,1.69,1.19
2014.03.17 08:44:15.446,8.28521,8.287,1.19,1.19
2014.03.17 08:44:19.147,8.28531,8.28705,1.19,1.19
2014.03.17 08:44:24.370,8.28529,8.28715,1.00,1.00
2014.03.17 08:44:24.421,8.2852,8.28706,1.19,1.00
2014.03.17 08:44:24.755,8.28512,8.28696,1.19,1.00
2014.03.17 08:44:25.348,8.28512,8.28696,1.19,1.00
2014.03.17 08:44:25.450,8.28512,8.28696,1.00,1.19
2014.03.17 08:44:27.376,8.28512,8.28696,1.00,1.25
2014.03.17 08:44:27.477,8.28503,8.28687,1.00,1.00
2014.03.17 08:44:27.826,8.28514,8.287,1.00,1.19
2014.03.17 08:44:27.928,8.28503,8.28689,1.00,1.00
2014.03.17 08:44:28.418,8.28505,8.28691,1.00,1.00
2014.03.17 08:44:32.528,8.28514,8.287,1.00,1.19
2014.03.17 08:44:32.689,8.28514,8.287,1.00,1.00
2014.03.17 08:44:34.088,8.28514,8.287,1.00,1.19
2014.03.17 08:44:35.218,8.28505,8.28689,1.00,1.00
2014.03.17 08:44:35.983,8.28491,8.28675,1.19,1.00
2014.03.17 08:44:36.034,8.28491,8.28675,1.00,1.19
2014.03.17 08:44:36.654,8.28479,8.28665,1.00,1.00
2014.03.17 08:44:37.009,8.28471,8.28655,1.19,1.00
2014.03.17 08:44:37.060,8.28471,8.28655,1.00,1.00
2014.03.17 08:44:37.314,8.28471,8.28653,1.00,1.00
2014.03.17 08:44:37.977,8.28461,8.28647,1.19,1.00
2014.03.17 08:44:38.078,8.28461,8.28647,1.00,1.00
2014.03.17 08:44:38.489,8.2847,8.28653,1.00,1.19
2014.03.17 08:44:39.162,8.28457,8.28643,1.00,1.00
2014.03.17 08:44:39.461,8.28457,8.28643,1.00,1.19
2014.03.17 08:44:40.240,8.28468,8.28652,1.00,1.19
2014.03.17 08:44:41.286,8.28468,8.28652,1.00,1.19
2014.03.17 08:44:41.492,8.2847,8.28652,1.00,1.19
2014.03.17 08:44:41.796,8.28587,8.28723,1.60,1.00
2014.03.17 08:44:42.104,8.28608,8.28723,1.00,1.00
2014.03.17 08:44:42.154,8.28608,8.28787,1.00,1.00
2014.03.17 08:44:42.548,8.28632,8.28787,1.00,1.00
2014.03.17 08:44:42.858,8.28652,8.28787,1.00,1.00
2014.03.17 08:44:43.011,8.28652,8.28802,1.00,1.19
2014.03.17 08:44:43.161,8.28652,8.28802,1.00,1.00
2014.03.17 08:44:43.597,8.28643,8.28802,1.00,1.00
2014.03.17 08:44:43.874,8.28643,8.28793,1.00,1.88
2014.03.17 08:44:44.128,8.28575,8.28742,1.19,1.50
2014.03.17 08:44:45.288,8.28571,8.28742,1.00,1.69
2014.03.17 08:44:45.390,8.28562,8.28742,1.00,1.69
2014.03.17 08:44:46.211,8.28551,8.28737,1.00,1.19
2014.03.17 08:44:46.312,8.28551,8.28733,1.00,1.69
2014.03.17 08:44:47.184,8.28562,8.28733,1.00,1.69
2014.03.17 08:44:47.488,8.28654,8.28733,1.00,1.50
2014.03.17 08:44:47.539,8.28654,8.28797,1.60,1.00
2014.03.17 08:44:47.640,8.28673,8.28797,1.00,1.00
2014.03.17 08:44:47.742,8.28673,8.2885,1.00,1.19
2014.03.17 08:44:47.793,8.28673,8.2885,1.19,1.00
2014.03.17 08:44:48.097,8.2871,8.2885,1.00,1.00
2014.03.17 08:44:48.452,8.2873,8.28859,1.00,1.00
2014.03.17 08:44:48.831,8.28759,8.28864,1.00,1.00
2014.03.17 08:44:49.341,8.28779,8.28865,1.60,1.00
2014.03.17 08:44:49.392,8.28779,8.2893,1.60,1.00
2014.03.17 08:44:49.442,8.28792,8.2893,1.00,1.00
2014.03.17 08:44:49.746,8.28813,8.28931,1.00,1.00
2014.03.17 08:44:49.920,8.28813,8.28956,1.00,1.00
2014.03.17 08:44:50.169,8.28813,8.28934,1.00,1.00
2014.03.17 08:44:51.094,8.28813,8.28935,1.00,1.00
2014.03.17 08:44:51.994,8.28823,8.28935,1.00,1.00
2014.03.17 08:44:52.045,8.28823,8.28939,1.00,1.00
2014.03.17 08:44:52.438,8.28823,8.28992,1.00,1.19
2014.03.17 08:44:52.540,8.28855,8.28992,1.00,1.19
2014.03.17 08:44:53.245,8.28855,8.28993,1.00,1.00
2014.03.17 08:44:54.319,8.28855,8.28992,1.00,1.00
2014.03.17 08:44:55.444,8.28855,8.2894,1.00,1.00
2014.03.17 08:44:55.619,8.28837,8.2894,1.00,1.00
2014.03.17 08:44:55.872,8.28837,8.28945,1.00,1.00
2014.03.17 08:44:57.129,8.28837,8.28991,1.00,1.00
2014.03.17 08:45:02.947,8.2884,8.28991,1.00,1.00
2014.03.17 08:45:04.924,8.28862,8.28991,1.00,1.00
2014.03.17 08:45:05.248,8.28864,8.28955,1.00,1.00
2014.03.17 08:45:05.299,8.28864,8.28999,1.00,1.00
2014.03.17 08:45:05.350,8.28864,8.28971,1.00,1.00
2014.03.17 08:45:05.654,8.28804,8.28921,1.19,1.00
2014.03.17 08:45:05.756,8.28784,8.28921,1.19,1.00
2014.03.17 08:45:06.660,8.28797,8.28951,1.19,1.00
2014.03.17 08:45:06.762,8.28784,8.28969,1.19,1.00
2014.03.17 08:45:06.841,8.28792,8.28946,1.19,1.00
2014.03.17 08:45:11.334,8.28792,8.28946,1.00,1.00
2014.03.17 08:45:12.933,8.28792,8.28941,1.00,1.00
2014.03.17 08:45:13.034,8.28784,8.28941,1.00,1.00
2014.03.17 08:45:13.237,8.28784,8.28924,1.00,1.00
2014.03.17 08:45:13.288,8.28751,8.28924,1.19,1.00
2014.03.17 08:45:14.203,8.28751,8.28924,1.00,1.00
2014.03.17 08:45:14.321,8.2874,8.28924,1.00,1.00
2014.03.17 08:45:14.473,8.2872,8.28904,1.19,1.00
2014.03.17 08:45:14.785,8.2872,8.28904,1.00,1.00
2014.03.17 08:45:15.535,8.28728,8.28914,1.00,1.19
2014.03.17 08:45:16.634,8.2872,8.28904,1.00,1.00
2014.03.17 08:45:24.016,8.2872,8.28904,1.00,1.19
2014.03.17 08:45:27.008,8.28729,8.28913,1.00,1.19
2014.03.17 08:45:27.111,8.28729,8.28913,1.00,1.00
2014.03.17 08:45:30.992,8.28716,8.28902,1.19,1.00
2014.03.17 08:45:31.745,8.28716,8.28902,1.00,1.19
2014.03.17 08:45:33.273,8.28707,8.28893,1.00,1.19
2014.03.17 08:45:38.844,8.28707,8.28893,1.00,1.00
2014.03.17 08:45:41.138,8.28707,8.28892,1.00,1.88
2014.03.17 08:45:41.188,8.28707,8.28883,1.00,1.00
2014.03.17 08:45:41.550,8.28678,8.28852,1.19,1.50
2014.03.17 08:45:42.418,8.28668,8.28846,1.19,1.00
2014.03.17 08:45:42.738,8.28668,8.28846,1.19,1.00
2014.03.17 08:45:46.572,8.28668,8.28846,1.19,1.00
2014.03.17 08:45:49.580,8.28668,8.28846,1.19,1.00
2014.03.17 08:45:51.394,8.28668,8.28846,1.19,1.00
2014.03.17 08:45:51.729,8.28668,8.28852,1.19,2.25
2014.03.17 08:45:54.144,8.28676,8.28852,1.19,1.50
2014.03.17 08:45:55.636,8.28676,8.28862,1.19,1.00
2014.03.17 08:45:55.789,8.28711,8.28897,1.00,1.19
2014.03.17 08:45:55.839,8.28711,8.28897,1.19,1.00
2014.03.17 08:45:55.890,8.28721,8.28907,1.19,1.00
2014.03.17 08:45:56.342,8.2871,8.28896,1.19,1.00
2014.03.17 08:45:56.545,8.28721,8.28905,1.19,1.00
2014.03.17 08:46:00.586,8.28721,8.28905,1.00,1.25
2014.03.17 08:46:02.664,8.28721,8.28905,1.19,1.00
2014.03.17 08:46:04.179,8.28721,8.28905,1.19,1.00
2014.03.17 08:46:05.571,8.28721,8.28905,1.25,1.00
2014.03.17 08:46:06.551,8.28721,8.2889,1.25,1.00
2014.03.17 08:46:14.803,8.28708,8.2889,1.00,1.00
2014.03.17 08:46:15.536,8.28717,8.2889,1.00,1.00
2014.03.17 08:46:15.637,8.28705,8.28889,1.00,1.00
2014.03.17 08:46:15.790,8.28724,8.2889,1.00,1.00
2014.03.17 08:46:16.110,8.28724,8.28864,1.00,1.00
2014.03.17 08:46:16.543,8.28714,8.28864,1.00,1.00
2014.03.17 08:46:17.221,8.28714,8.2888,1.00,1.00
2014.03.17 08:46:22.398,8.28714,8.2888,1.19,1.00
2014.03.17 08:46:24.383,8.28724,8.2888,1.00,1.00
2014.03.17 08:46:24.485,8.28713,8.2888,1.00,1.00
2014.03.17 08:46:25.727,8.28722,8.2888,1.00,1.00
2014.03.17 08:46:26.794,8.28713,8.2888,1.00,1.00
2014.03.17 08:46:28.113,8.28723,8.2888,1.00,1.00
2014.03.17 08:46:28.668,8.28711,8.2888,1.19,1.00
2014.03.17 08:46:31.402,8.28711,8.2888,1.00,1.00
2014.03.17 08:46:35.214,8.28708,8.2888,1.19,1.00
2014.03.17 08:46:36.349,8.28716,8.2888,1.00,1.00
2014.03.17 08:46:42.711,8.28716,8.28902,1.00,1.19
2014.03.17 08:46:43.014,8.28734,8.28904,1.00,1.19
2014.03.17 08:46:43.318,8.2875,8.28904,1.00,1.00
2014.03.17 08:46:43.470,8.2874,8.28904,1.00,1.00
2014.03.17 08:46:51.104,8.2874,8.28904,1.19,1.00
2014.03.17 08:46:52.157,8.2873,8.28904,1.00,1.00
2014.03.17 08:46:52.208,8.28732,8.28904,1.00,1.00
2014.03.17 08:46:52.310,8.28719,8.28903,1.19,1.00
2014.03.17 08:46:53.740,8.28719,8.28889,1.19,1.00
2014.03.17 08:46:54.627,8.28719,8.28889,1.25,1.00
2014.03.17 08:46:54.729,8.28719,8.28903,1.25,1.00
2014.03.17 08:46:57.451,8.28719,8.2889,1.25,1.00
2014.03.17 08:47:01.480,8.28719,8.2889,1.19,1.00
2014.03.17 08:47:02.920,8.28719,8.2889,1.19,1.00
2014.03.17 08:47:05.216,8.28719,8.2889,1.00,1.00
2014.03.17 08:47:07.217,8.28727,8.2889,1.00,1.00
2014.03.17 08:47:07.782,8.28707,8.28887,1.00,1.00
2014.03.17 08:47:07.833,8.28701,8.28887,1.19,1.00
2014.03.17 08:47:07.884,8.28685,8.28871,1.19,1.00
2014.03.17 08:47:08.277,8.28685,8.28871,1.19,1.00
2014.03.17 08:47:09.433,8.28685,8.28863,1.19,1.00
2014.03.17 08:47:09.670,8.28685,8.28871,1.19,1.00
2014.03.17 08:47:09.872,8.28705,8.28877,1.19,1.00
2014.03.17 08:47:10.650,8.28705,8.28863,1.00,1.00
2014.03.17 08:47:11.210,8.28705,8.28877,1.00,1.00
2014.03.17 08:47:12.168,8.28716,8.28877,1.00,1.00
2014.03.17 08:47:12.706,8.28716,8.28877,1.19,1.00
2014.03.17 08:47:13.355,8.28703,8.28877,1.19,1.00
2014.03.17 08:47:18.221,8.28693,8.28872,1.19,1.50
2014.03.17 08:47:18.357,8.28682,8.28865,1.19,1.00
2014.03.17 08:47:18.925,8.28682,8.28866,1.19,1.00
2014.03.17 08:47:19.925,8.28682,8.28866,1.19,1.00
2014.03.17 08:47:21.430,8.28682,8.28866,1.19,1.00
2014.03.17 08:47:23.206,8.28682,8.28866,1.19,1.00
2014.03.17 08:47:24.521,8.28682,8.28866,1.19,1.00
2014.03.17 08:47:25.619,8.28682,8.28866,1.19,1.00
2014.03.17 08:47:26.121,8.28682,8.28866,1.19,1.00
2014.03.17 08:47:28.347,8.28682,8.2885,1.19,1.00
2014.03.17 08:47:28.751,8.28682,8.2885,1.19,1.00
2014.03.17 08:47:29.324,8.28672,8.28834,1.19,1.00
2014.03.17 08:47:29.541,8.28672,8.28847,1.19,1.00
2014.03.17 08:47:30.284,8.28672,8.28847,1.19,1.00
2014.03.17 08:47:32.692,8.28664,8.28847,1.19,1.00
2014.03.17 08:47:34.318,8.28664,8.28847,1.19,1.00
2014.03.17 08:47:35.537,8.28664,8.28847,1.19,1.00
2014.03.17 08:47:36.607,8.28664,8.28847,1.19,1.00
2014.03.17 08:47:36.909,8.28664,8.28847,1.19,1.00
2014.03.17 08:47:37.843,8.28664,8.28847,1.19,1.00
2014.03.17 08:47:38.517,8.28664,8.28847,1.19,1.00
2014.03.17 08:47:40.028,8.28664,8.28847,1.19,1.00
2014.03.17 08:47:40.332,8.28672,8.28858,1.19,1.00
2014.03.17 08:47:40.769,8.28672,8.28837,1.19,1.00
2014.03.17 08:47:41.496,8.28663,8.28837,1.19,1.00
2014.03.17 08:47:42.041,8.28663,8.2882,1.19,1.00
2014.03.17 08:47:42.260,8.28663,8.28838,1.19,1.00
2014.03.17 08:47:42.499,8.28663,8.28849,1.19,1.00
2014.03.17 08:47:43.040,8.28663,8.28838,1.19,1.00
2014.03.17 08:47:43.761,8.28663,8.28838,1.19,1.00
2014.03.17 08:47:44.310,8.28663,8.28837,1.19,1.00
2014.03.17 08:47:46.191,8.28653,8.28837,1.19,1.50
2014.03.17 08:47:46.242,8.28653,8.28818,1.19,1.00
2014.03.17 08:47:47.238,8.28653,8.28837,1.19,1.50
2014.03.17 08:47:48.198,8.28653,8.28824,1.19,1.00
2014.03.17 08:47:49.985,8.28653,8.28836,1.19,1.00
2014.03.17 08:47:51.405,8.28653,8.2882,1.19,1.00
2014.03.17 08:47:53.216,8.28653,8.2882,1.19,1.00
2014.03.17 08:47:53.267,8.28661,8.28847,1.19,1.00
2014.03.17 08:47:55.123,8.28661,8.28847,1.19,1.00
2014.03.17 08:47:58.409,8.28673,8.28856,1.19,1.00
2014.03.17 08:47:59.134,8.28673,8.28856,1.19,1.00
2014.03.17 08:47:59.502,8.28673,8.28839,1.19,1.00
2014.03.17 08:48:00.159,8.28663,8.28847,1.19,1.00
2014.03.17 08:48:01.598,8.28663,8.28846,1.19,2.10
2014.03.17 08:48:01.649,8.28645,8.28826,1.19,1.60
2014.03.17 08:48:01.701,8.28643,8.28812,1.19,1.00
2014.03.17 08:48:01.752,8.2864,8.28802,1.00,1.50
2014.03.17 08:48:01.853,8.28613,8.28799,1.19,1.00
2014.03.17 08:48:02.233,8.28602,8.28786,1.19,1.00
2014.03.17 08:48:02.971,8.28602,8.28786,1.19,1.00
2014.03.17 08:48:03.403,8.28617,8.28762,1.19,1.00
2014.03.17 08:48:05.361,8.28626,8.28762,1.19,1.00
2014.03.17 08:48:08.380,8.28624,8.28762,1.19,1.00
2014.03.17 08:48:10.180,8.28624,8.28762,1.19,1.00
2014.03.17 08:48:10.802,8.28615,8.28762,1.19,1.00
2014.03.17 08:48:13.509,8.28615,8.28762,1.19,1.00
2014.03.17 08:48:14.947,8.28615,8.28762,1.19,1.00
2014.03.17 08:48:15.100,8.28606,8.28747,1.19,1.00
2014.03.17 08:48:15.202,8.28606,8.28747,1.19,1.00
2014.03.17 08:48:15.308,8.28606,8.28701,1.19,1.00
2014.03.17 08:48:17.250,8.28606,8.28701,1.19,1.00
2014.03.17 08:48:21.341,8.28606,8.28701,1.19,1.00
2014.03.17 08:48:24.384,8.28606,8.28701,1.19,1.00
2014.03.17 08:48:25.358,8.28606,8.287,1.19,1.00
2014.03.17 08:48:25.662,8.28602,8.28656,1.00,1.00
2014.03.17 08:48:25.713,8.2852,8.28656,1.00,1.00
2014.03.17 08:48:25.865,8.28544,8.28656,2.10,1.00
2014.03.17 08:48:25.916,8.28544,8.28694,2.10,1.00
2014.03.17 08:48:26.018,8.28607,8.28734,1.00,1.00
2014.03.17 08:48:27.270,8.28607,8.28734,1.19,1.00
2014.03.17 08:48:27.321,8.28607,8.28761,1.19,1.50
2014.03.17 08:48:27.529,8.28607,8.28729,1.19,1.00
2014.03.17 08:48:29.200,8.28607,8.28694,1.19,1.00
2014.03.17 08:48:31.505,8.28607,8.28694,1.00,1.00
2014.03.17 08:48:38.437,8.28607,8.28712,1.00,1.00
2014.03.17 08:48:39.820,8.28607,8.28712,1.19,1.00
2014.03.17 08:48:42.944,8.28607,8.28712,1.19,1.00
2014.03.17 08:48:44.311,8.28607,8.28712,1.19,1.00
2014.03.17 08:48:47.338,8.28607,8.28712,1.19,1.00
2014.03.17 08:48:48.549,8.28607,8.28712,1.19,1.00
2014.03.17 08:48:52.877,8.28607,8.28712,1.19,1.00
2014.03.17 08:48:53.259,8.28614,8.28759,1.19,1.00
2014.03.17 08:48:53.437,8.28632,8.28759,1.00,1.00
2014.03.17 08:48:54.619,8.28632,8.28759,1.19,1.00
2014.03.17 08:48:56.403,8.28623,8.28753,1.19,1.00
2014.03.17 08:48:56.556,8.28551,8.28735,1.00,1.00
2014.03.17 08:48:56.607,8.28568,8.28735,2.10,1.00
2014.03.17 08:48:56.913,8.28618,8.28772,2.29,1.00
2014.03.17 08:48:56.965,8.28642,8.28809,1.19,1.00
2014.03.17 08:48:57.016,8.28642,8.28812,1.19,3.00
2014.03.17 08:48:57.067,8.28642,8.28822,1.19,1.00
2014.03.17 08:48:57.732,8.28632,8.28786,1.69,1.00
2014.03.17 08:48:58.032,8.28632,8.28786,1.19,1.00
2014.03.17 08:48:59.679,8.28625,8.28808,2.29,1.00
2014.03.17 08:48:59.780,8.28666,8.28823,1.19,1.50
2014.03.17 08:48:59.947,8.28666,8.28823,1.19,1.50
2014.03.17 08:49:00.328,8.28667,8.28821,1.19,1.00
2014.03.17 08:49:01.264,8.28667,8.28821,1.19,1.00
2014.03.17 08:49:02.208,8.28679,8.28852,1.19,1.00
2014.03.17 08:49:02.310,8.28698,8.28873,1.00,1.00
2014.03.17 08:49:02.764,8.28698,8.28873,1.19,1.00
2014.03.17 08:49:03.460,8.28698,8.28876,1.19,1.00
2014.03.17 08:49:03.972,8.28698,8.28876,1.19,1.00
2014.03.17 08:49:07.183,8.28707,8.28876,1.19,1.00
2014.03.17 08:49:10.400,8.28707,8.28876,1.19,1.00
2014.03.17 08:49:10.718,8.28697,8.28876,1.19,1.00
2014.03.17 08:49:12.317,8.28733,8.28876,1.00,1.00
2014.03.17 08:49:12.622,8.28798,8.28939,1.00,1.00
2014.03.17 08:49:12.673,8.28798,8.28958,1.00,1.00
2014.03.17 08:49:12.825,8.28809,8.28958,1.00,1.00
2014.03.17 08:49:12.988,8.28809,8.28973,1.00,1.00
2014.03.17 08:49:13.090,8.28809,8.28981,1.00,1.00
2014.03.17 08:49:13.242,8.28809,8.28982,1.19,1.00
2014.03.17 08:49:13.293,8.28809,8.28995,1.19,1.00
2014.03.17 08:49:13.344,8.28828,8.28995,2.10,1.00
2014.03.17 08:49:13.446,8.28847,8.29031,3.04,1.00
2014.03.17 08:49:13.548,8.28873,8.29031,1.00,1.00
2014.03.17 08:49:13.853,8.28882,8.2904,1.00,1.00
2014.03.17 08:49:14.107,8.28863,8.2904,1.19,1.00
2014.03.17 08:49:15.034,8.28863,8.2904,1.19,1.00
2014.03.17 08:49:15.959,8.28892,8.2904,1.00,1.00
2014.03.17 08:49:25.136,8.28892,8.28953,1.00,1.00
2014.03.17 08:49:25.451,8.28757,8.28943,1.57,1.00
2014.03.17 08:49:25.502,8.28757,8.28943,1.19,1.00
2014.03.17 08:49:25.914,8.28746,8.28932,1.79,1.00
2014.03.17 08:49:26.222,8.28681,8.28853,1.19,1.50
2014.03.17 08:49:26.272,8.28674,8.28853,1.19,1.50
2014.03.17 08:49:27.382,8.28674,8.28853,1.19,1.50
2014.03.17 08:49:28.757,8.28674,8.28853,1.19,1.50
2014.03.17 08:49:28.865,8.28659,8.28845,1.19,1.00
2014.03.17 08:49:28.966,8.2865,8.28834,1.19,1.00
2014.03.17 08:49:29.169,8.28639,8.28825,1.19,1.00
2014.03.17 08:49:29.517,8.2863,8.28814,1.19,1.00
2014.03.17 08:49:30.179,8.28621,8.28799,1.19,1.00
2014.03.17 08:49:30.821,8.28631,8.28787,1.19,1.00
2014.03.17 08:49:31.437,8.28631,8.28787,1.00,1.00
2014.03.17 08:49:36.732,8.28655,8.28787,1.00,1.00
2014.03.17 08:49:36.783,8.28655,8.28802,1.00,1.00
2014.03.17 08:49:36.987,8.28655,8.28839,1.00,1.00
2014.03.17 08:49:38.649,8.28663,8.28849,1.00,1.19
2014.03.17 08:49:40.546,8.28663,8.28849,1.19,1.00
2014.03.17 08:49:43.571,8.28682,8.28849,1.00,1.00
2014.03.17 08:49:43.623,8.28683,8.28867,1.00,1.19
2014.03.17 08:49:43.969,8.28683,8.28867,1.19,1.00
2014.03.17 08:49:49.789,8.28683,8.28867,1.00,1.00
2014.03.17 08:49:51.532,8.28693,8.28872,1.00,1.00
2014.03.17 08:49:52.397,8.28682,8.28868,1.50,1.00
2014.03.17 08:49:52.916,8.28683,8.28867,1.00,1.00
2014.03.17 08:49:53.987,8.28692,8.28872,1.00,1.00
2014.03.17 08:49:54.275,8.28692,8.28876,1.00,1.19
2014.03.17 08:49:54.529,8.28683,8.28867,1.00,1.00
2014.03.17 08:50:01.454,8.28683,8.28867,1.19,1.00
2014.03.17 08:50:06.621,8.28691,8.28877,1.19,1.00
2014.03.17 08:50:06.767,8.28691,8.28865,1.19,1.00
2014.03.17 08:50:15.040,8.28683,8.28865,1.19,1.00
2014.03.17 08:50:21.452,8.28683,8.28865,1.19,1.00
2014.03.17 08:50:23.940,8.28683,8.28803,1.00,3.23
2014.03.17 08:50:23.991,8.28653,8.28773,1.00,1.50
2014.03.17 08:50:24.092,8.2861,8.28758,1.19,1.00
2014.03.17 08:50:24.143,8.28652,8.28758,1.00,1.00
2014.03.17 08:50:24.194,8.28652,8.28778,1.00,1.00
2014.03.17 08:50:24.245,8.28638,8.28818,1.00,1.00
2014.03.17 08:50:25.212,8.28657,8.28836,1.50,1.19
2014.03.17 08:50:25.364,8.28689,8.28872,1.19,1.00
2014.03.17 08:50:25.516,8.28677,8.28863,1.19,1.00
2014.03.17 08:50:25.836,8.28677,8.28844,1.19,1.00
2014.03.17 08:50:26.046,8.28687,8.28873,1.19,1.00
2014.03.17 08:50:26.148,8.28687,8.2887,1.19,1.00
2014.03.17 08:50:27.008,8.28687,8.28849,1.19,1.00
2014.03.17 08:50:27.211,8.28674,8.28849,1.19,1.00
2014.03.17 08:50:32.231,8.28661,8.28845,1.19,1.00
2014.03.17 08:50:34.367,8.28671,8.28849,1.19,1.00
2014.03.17 08:50:35.145,8.28661,8.28847,1.19,1.00
2014.03.17 08:50:36.750,8.28661,8.28847,1.19,1.00
2014.03.17 08:50:37.781,8.28661,8.28831,1.19,1.00
2014.03.17 08:50:41.374,8.28661,8.28831,1.19,1.00
2014.03.17 08:50:42.484,8.28663,8.28831,1.00,1.00
2014.03.17 08:50:43.955,8.28657,8.28831,1.69,1.00
2014.03.17 08:50:44.926,8.28657,8.28831,1.50,1.00
2014.03.17 08:50:46.898,8.28661,8.28831,1.00,1.00
2014.03.17 08:50:47.209,8.28657,8.28797,1.50,1.19
2014.03.17 08:50:48.439,8.28657,8.28783,1.50,1.19
2014.03.17 08:50:48.642,8.28604,8.28783,1.00,1.19
2014.03.17 08:50:49.782,8.2861,8.28764,1.00,1.19
2014.03.17 08:50:50.086,8.2861,8.28755,1.00,1.00
2014.03.17 08:50:50.390,8.2861,8.28755,1.00,1.19
2014.03.17 08:50:51.045,8.2861,8.28738,1.00,1.19
2014.03.17 08:50:51.098,8.28586,8.28738,1.00,1.19
2014.03.17 08:50:51.250,8.28577,8.28738,1.50,1.19
2014.03.17 08:50:51.585,8.28585,8.28736,1.00,1.19
2014.03.17 08:50:53.289,8.28585,8.28718,1.00,1.19
2014.03.17 08:50:55.033,8.28585,8.28714,1.00,1.19
2014.03.17 08:50:57.852,8.28585,8.28708,1.00,1.19
2014.03.17 08:50:59.243,8.28585,8.28712,1.00,1.19
2014.03.17 08:51:03.188,8.28585,8.28706,1.00,1.19
2014.03.17 08:51:07.211,8.28585,8.28699,1.00,1.19
2014.03.17 08:51:08.216,8.28585,8.28702,1.00,1.19
2014.03.17 08:51:10.785,8.28585,8.28696,1.00,1.19
2014.03.17 08:51:11.927,8.28577,8.28671,1.50,1.00
2014.03.17 08:51:11.978,8.28501,8.28671,1.00,1.00
2014.03.17 08:51:12.029,8.28491,8.2865,1.00,1.19
2014.03.17 08:51:12.332,8.28523,8.2865,1.00,1.19
2014.03.17 08:51:12.695,8.28523,8.28679,1.00,1.69
2014.03.17 08:51:13.137,8.28538,8.28679,1.60,1.19
2014.03.17 08:51:13.238,8.2856,8.28693,1.00,1.19
2014.03.17 08:51:13.340,8.28577,8.28705,1.00,1.19
2014.03.17 08:51:13.441,8.28563,8.28705,1.00,1.19
2014.03.17 08:51:14.087,8.28598,8.28705,1.00,1.19
2014.03.17 08:51:14.726,8.28598,8.28697,1.00,1.19
2014.03.17 08:51:17.926,8.28598,8.28697,1.00,1.19
2014.03.17 08:51:19.778,8.28598,8.28697,1.00,1.19
2014.03.17 08:51:25.800,8.28598,8.28691,1.00,1.19
2014.03.17 08:51:26.463,8.28598,8.28697,1.00,1.19
2014.03.17 08:51:26.707,8.28598,8.28697,1.00,1.19
2014.03.17 08:51:28.300,8.28598,8.28697,1.00,1.19
2014.03.17 08:51:30.480,8.28598,8.28697,1.00,1.19
2014.03.17 08:51:32.084,8.28598,8.28697,1.00,1.19
2014.03.17 08:51:33.325,8.28598,8.28697,1.00,1.19
2014.03.17 08:51:34.641,8.28598,8.28713,1.00,1.19
2014.03.17 08:51:36.110,8.28598,8.28713,1.00,1.19
2014.03.17 08:51:37.939,8.28598,8.28713,1.00,1.00
2014.03.17 08:51:37.990,8.2859,8.28713,1.00,1.00
2014.03.17 08:51:38.041,8.2859,8.28759,1.00,1.19
2014.03.17 08:51:38.193,8.28613,8.28759,1.00,1.19
2014.03.17 08:51:39.169,8.28613,8.28759,1.00,1.19
2014.03.17 08:51:40.156,8.28613,8.28759,1.00,1.19
2014.03.17 08:51:42.487,8.28613,8.28769,1.00,1.19
2014.03.17 08:51:48.270,8.28613,8.28769,1.00,1.19
2014.03.17 08:51:49.317,8.28613,8.28769,1.00,1.19
2014.03.17 08:51:51.445,8.28613,8.28769,1.00,1.19
2014.03.17 08:51:54.756,8.28613,8.28769,1.00,1.19
2014.03.17 08:51:54.857,8.28613,8.28769,1.00,1.19
2014.03.17 08:51:57.676,8.28613,8.28769,1.00,1.19
2014.03.17 08:52:01.493,8.28613,8.28769,1.00,1.19
2014.03.17 08:52:02.801,8.28613,8.28769,1.00,1.19
2014.03.17 08:52:07.239,8.28613,8.28769,1.00,1.19
2014.03.17 08:52:07.454,8.28615,8.28769,1.60,1.19
2014.03.17 08:52:07.555,8.28615,8.28769,1.60,1.00
2014.03.17 08:52:07.656,8.28625,8.28769,1.00,1.00
2014.03.17 08:52:08.449,8.28613,8.28769,1.00,1.00
2014.03.17 08:52:16.970,8.28613,8.28769,1.00,1.19
2014.03.17 08:52:19.177,8.28613,8.28769,1.00,1.00
2014.03.17 08:52:21.232,8.28613,8.28769,1.00,1.19
2014.03.17 08:52:22.702,8.28613,8.28769,1.00,1.19
2014.03.17 08:52:26.474,8.28613,8.28769,1.00,1.19
2014.03.17 08:52:30.476,8.28638,8.2878,1.00,1.19
2014.03.17 08:52:31.305,8.28608,8.28762,1.00,1.19
2014.03.17 08:52:35.045,8.28608,8.28762,1.00,1.19
2014.03.17 08:52:38.191,8.28608,8.28762,1.00,1.19
2014.03.17 08:52:41.468,8.28608,8.28762,1.00,1.19
2014.03.17 08:52:42.887,8.28608,8.28762,1.00,1.19
2014.03.17 08:52:43.195,8.28608,8.28756,1.00,1.19
2014.03.17 08:52:45.718,8.28608,8.28762,1.00,1.19
2014.03.17 08:52:48.272,8.28608,8.28762,1.00,1.19
2014.03.17 08:52:50.554,8.28608,8.28762,1.00,1.19
2014.03.17 08:52:54.329,8.28608,8.28762,1.00,1.19
2014.03.17 08:53:00.233,8.28608,8.28762,1.00,1.19
2014.03.17 08:53:07.053,8.28608,8.28762,1.00,1.19
2014.03.17 08:53:11.474,8.28608,8.28762,1.00,1.19
2014.03.17 08:53:12.607,8.28608,8.28762,1.00,1.19
2014.03.17 08:53:14.594,8.28608,8.2876,1.00,1.19
2014.03.17 08:53:16.230,8.28608,8.28737,1.00,1.19
2014.03.17 08:53:17.359,8.28608,8.28762,1.00,1.19
2014.03.17 08:53:19.215,8.28608,8.28762,1.00,1.19
2014.03.17 08:53:20.434,8.28608,8.28762,1.00,1.19
2014.03.17 08:53:21.431,8.28608,8.28762,1.00,1.19
2014.03.17 08:53:22.747,8.28608,8.28761,1.00,1.19
2014.03.17 08:53:28.778,8.28608,8.28761,1.00,1.19
2014.03.17 08:53:30.177,8.28608,8.28743,1.00,1.19
2014.03.17 08:53:31.439,8.28597,8.28743,1.00,1.19
2014.03.17 08:53:31.495,8.28597,8.28749,1.00,1.19
2014.03.17 08:53:34.414,8.28597,8.2875,1.00,1.19
2014.03.17 08:53:34.918,8.28598,8.2875,1.00,1.19
2014.03.17 08:53:36.130,8.28607,8.2875,1.00,1.19
2014.03.17 08:53:41.459,8.28607,8.28762,1.00,1.19
2014.03.17 08:53:43.829,8.28607,8.28759,1.00,1.19
2014.03.17 08:53:46.509,8.28607,8.28747,1.00,1.19
2014.03.17 08:53:49.679,8.28607,8.28757,1.00,1.19
2014.03.17 08:53:59.659,8.28607,8.28763,1.00,1.19
2014.03.17 08:54:05.107,8.28607,8.2878,1.00,1.69
2014.03.17 08:54:06.214,8.28607,8.28767,1.00,1.19
2014.03.17 08:54:07.928,8.28607,8.28769,1.00,1.19
2014.03.17 08:54:13.543,8.28607,8.28762,1.00,1.19
2014.03.17 08:54:17.155,8.28607,8.28762,1.00,1.19
2014.03.17 08:54:20.569,8.28607,8.28762,1.00,1.19
2014.03.17 08:54:20.671,8.28607,8.28762,1.00,1.19
2014.03.17 08:54:22.125,8.28607,8.28762,1.00,1.19
2014.03.17 08:54:30.127,8.28607,8.28762,1.00,1.19
2014.03.17 08:54:31.030,8.28607,8.28762,1.00,1.00
2014.03.17 08:54:36.249,8.28596,8.28762,1.60,1.00
2014.03.17 08:54:38.306,8.28596,8.28762,1.60,1.19
2014.03.17 08:54:39.868,8.28596,8.28762,1.60,1.19
2014.03.17 08:54:41.641,8.28596,8.2878,1.60,1.19
2014.03.17 08:54:45.152,8.28596,8.2878,1.60,1.19
2014.03.17 08:54:51.489,8.28596,8.2878,1.60,1.19
2014.03.17 08:54:52.092,8.28571,8.28735,1.00,1.00
2014.03.17 08:54:52.193,8.28541,8.28725,1.00,1.00
2014.03.17 08:54:52.313,8.28533,8.28716,1.39,1.19
2014.03.17 08:54:53.438,8.28557,8.28713,1.00,1.69
2014.03.17 08:54:53.747,8.28557,8.28671,1.00,1.00
2014.03.17 08:54:53.849,8.28509,8.28671,1.00,1.00
2014.03.17 08:54:55.391,8.28509,8.28662,1.00,1.00
2014.03.17 08:54:55.977,8.28509,8.28649,1.00,1.00
2014.03.17 08:54:56.151,8.28509,8.28662,1.00,1.00
2014.03.17 08:54:59.735,8.28509,8.28662,1.00,1.19
2014.03.17 08:55:00.272,8.28509,8.28662,1.60,1.19
2014.03.17 08:55:00.592,8.28518,8.28662,1.00,1.00
2014.03.17 08:55:00.924,8.2854,8.28723,1.00,1.19
2014.03.17 08:55:00.975,8.2854,8.28723,1.00,1.19
2014.03.17 08:55:01.633,8.28556,8.28723,2.10,1.19
2014.03.17 08:55:01.785,8.28607,8.28766,1.00,1.19
2014.03.17 08:55:02.592,8.28598,8.28782,2.25,1.19
2014.03.17 08:55:03.172,8.28598,8.28782,2.25,1.19
2014.03.17 08:55:03.734,8.28607,8.28769,1.00,1.19
2014.03.17 08:55:05.293,8.28607,8.28769,1.00,1.19
2014.03.17 08:55:05.866,8.28607,8.28702,1.00,2.25
2014.03.17 08:55:05.968,8.28517,8.28701,1.19,1.00
2014.03.17 08:55:06.019,8.28517,8.28692,1.00,1.69
2014.03.17 08:55:06.069,8.28507,8.28673,1.00,1.19
2014.03.17 08:55:06.120,8.28527,8.28673,2.10,1.19
2014.03.17 08:55:06.221,8.28524,8.28673,2.10,1.19
2014.03.17 08:55:06.272,8.28547,8.28692,1.00,1.19
2014.03.17 08:55:06.323,8.28547,8.28692,1.00,1.00
2014.03.17 08:55:06.374,8.28547,8.28725,1.00,1.19
2014.03.17 08:55:07.145,8.28552,8.28699,1.00,1.19
2014.03.17 08:55:08.129,8.28557,8.28708,1.60,1.19
2014.03.17 08:55:08.283,8.28598,8.28758,1.50,1.19
2014.03.17 08:55:08.334,8.28598,8.28758,1.50,1.19
2014.03.17 08:55:09.490,8.28607,8.28758,1.00,1.19
2014.03.17 08:55:10.515,8.28607,8.28758,1.00,1.19
2014.03.17 08:55:11.257,8.28585,8.28758,1.00,1.19
2014.03.17 08:55:11.307,8.28585,8.28729,1.00,1.00
2014.03.17 08:55:11.358,8.2856,8.28729,1.00,1.00
2014.03.17 08:55:11.409,8.2856,8.28729,1.00,1.19
2014.03.17 08:55:11.738,8.28571,8.28729,1.00,1.19
2014.03.17 08:55:12.514,8.28549,8.28729,1.00,1.19
2014.03.17 08:55:16.315,8.28549,8.28729,1.00,1.19
2014.03.17 08:55:19.426,8.28549,8.28729,1.00,1.19
2014.03.17 08:55:19.759,8.28539,8.28725,1.00,1.19
2014.03.17 08:55:20.145,8.2853,8.28713,1.00,1.19
2014.03.17 08:55:21.555,8.2853,8.28713,1.00,1.19
2014.03.17 08:55:23.000,8.2853,8.28713,1.00,1.19
2014.03.17 08:55:24.652,8.2853,8.28713,1.00,1.19
2014.03.17 08:55:26.970,8.2853,8.28713,1.00,1.19
2014.03.17 08:55:27.188,8.2853,8.28713,1.00,1.19
2014.03.17 08:55:29.089,8.2853,8.28713,1.00,1.19
2014.03.17 08:55:30.294,8.2853,8.28713,1.00,1.19
2014.03.17 08:55:31.272,8.2852,8.28706,1.00,1.19
2014.03.17 08:55:31.532,8.2852,8.28706,1.00,1.19
2014.03.17 08:55:32.802,8.2852,8.28706,1.00,1.19
2014.03.17 08:55:33.123,8.2853,8.28713,1.00,1.19
2014.03.17 08:55:33.951,8.28521,8.28705,1.00,1.19
2014.03.17 08:55:34.332,8.28521,8.28705,1.00,1.19
2014.03.17 08:55:34.637,8.2853,8.28713,1.00,1.19
2014.03.17 08:55:35.444,8.2853,8.28713,1.00,1.19
2014.03.17 08:55:40.642,8.2853,8.28713,1.00,1.19
2014.03.17 08:55:41.735,8.2853,8.28713,1.00,1.19
2014.03.17 08:55:42.978,8.2853,8.28713,1.00,1.19
2014.03.17 08:55:43.198,8.28518,8.28704,1.00,1.19
2014.03.17 08:55:43.300,8.28518,8.28704,1.00,1.19
2014.03.17 08:55:44.606,8.28518,8.28704,1.00,1.19
2014.03.17 08:55:44.919,8.28527,8.28713,1.00,1.69
2014.03.17 08:55:45.372,8.28536,8.28713,1.00,1.19
2014.03.17 08:55:45.703,8.28528,8.28712,1.00,1.19
2014.03.17 08:55:49.891,8.28528,8.28712,1.00,1.19
2014.03.17 08:55:50.152,8.28518,8.28704,1.00,1.19
2014.03.17 08:55:51.503,8.28518,8.28704,1.00,1.19
2014.03.17 08:55:51.819,8.28527,8.28713,1.00,1.69
2014.03.17 08:55:52.626,8.28518,8.28704,1.00,1.19
2014.03.17 08:55:52.727,8.28518,8.28704,1.00,1.19
2014.03.17 08:55:54.064,8.28529,8.28713,1.00,1.19
2014.03.17 08:55:55.125,8.28529,8.28713,1.00,1.19
2014.03.17 08:55:55.445,8.2852,8.28706,1.00,1.19
2014.03.17 08:55:56.116,8.2852,8.28695,1.00,2.29
2014.03.17 08:55:56.319,8.2844,8.28582,1.00,1.50
2014.03.17 08:55:56.471,8.28394,8.28578,1.00,1.19
2014.03.17 08:55:56.673,8.28385,8.28569,1.00,1.25
2014.03.17 08:55:57.687,8.28385,8.28569,1.00,1.19
2014.03.17 08:55:57.737,8.28372,8.28558,1.00,1.19
2014.03.17 08:55:57.788,8.28372,8.2854,1.00,1.00
2014.03.17 08:55:58.203,8.28363,8.2854,1.00,1.00
2014.03.17 08:55:58.254,8.28363,8.28528,1.00,1.00
2014.03.17 08:55:58.305,8.28344,8.28528,1.00,1.69
2014.03.17 08:55:58.356,8.28342,8.28528,1.00,1.69
2014.03.17 08:55:59.215,8.28342,8.28501,1.00,1.00
2014.03.17 08:56:00.533,8.28342,8.28468,1.00,1.00
2014.03.17 08:56:00.584,8.28333,8.28468,1.00,1.00
2014.03.17 08:56:06.271,8.28323,8.28468,1.00,1.00
2014.03.17 08:56:06.474,8.28314,8.28468,1.00,1.00
2014.03.17 08:56:06.677,8.28324,8.28468,1.00,1.00
2014.03.17 08:56:07.662,8.28316,8.28468,1.00,1.00
2014.03.17 08:56:08.770,8.28316,8.28468,1.60,1.00
2014.03.17 08:56:08.872,8.28327,8.28511,1.60,1.19
2014.03.17 08:56:08.922,8.28327,8.28511,1.60,1.19
2014.03.17 08:56:08.973,8.28345,8.28531,1.00,1.19
2014.03.17 08:56:10.064,8.28354,8.28508,1.00,1.00
2014.03.17 08:56:11.420,8.28355,8.28508,1.00,1.00
2014.03.17 08:56:12.360,8.28358,8.28508,1.00,1.00
2014.03.17 08:56:13.492,8.28358,8.28508,1.00,1.19
2014.03.17 08:56:14.954,8.28358,8.28508,1.00,1.19
2014.03.17 08:56:15.272,8.28358,8.28508,1.00,1.00
2014.03.17 08:56:18.319,8.28358,8.28508,1.00,1.19
2014.03.17 08:56:19.590,8.28358,8.28508,1.00,1.00
2014.03.17 08:56:29.467,8.2837,8.28508,1.00,1.00
2014.03.17 08:56:30.993,8.28373,8.28527,1.00,1.00
2014.03.17 08:56:31.195,8.2838,8.28527,1.00,1.00
2014.03.17 08:56:32.407,8.28378,8.28527,1.00,1.00
2014.03.17 08:56:33.016,8.28379,8.28527,1.00,1.00
2014.03.17 08:56:33.168,8.28373,8.28527,1.00,1.00
2014.03.17 08:56:33.595,8.28373,8.28488,1.00,1.00
2014.03.17 08:56:33.849,8.28289,8.28468,1.00,1.00
2014.03.17 08:56:33.959,8.28284,8.28468,1.19,1.00
2014.03.17 08:56:34.010,8.28284,8.28468,1.00,1.19
2014.03.17 08:56:34.314,8.28248,8.28421,1.00,1.00
2014.03.17 08:56:34.470,8.28237,8.28421,1.00,1.00
2014.03.17 08:56:35.909,8.28237,8.28421,1.00,1.19
2014.03.17 08:56:36.722,8.28242,8.28398,1.00,1.00
2014.03.17 08:56:51.511,8.28242,8.28397,1.00,1.00
2014.03.17 08:56:51.816,8.28188,8.28372,1.00,1.19
2014.03.17 08:56:52.019,8.28201,8.28382,1.00,1.69
2014.03.17 08:56:52.222,8.28189,8.28375,1.00,1.19
2014.03.17 08:56:52.326,8.28199,8.28382,1.00,1.69
2014.03.17 08:56:52.479,8.28188,8.28372,1.00,1.19
2014.03.17 08:56:52.758,8.282,8.28382,1.00,1.69
2014.03.17 08:56:53.527,8.2819,8.28327,1.00,1.00
2014.03.17 08:56:53.679,8.28173,8.28312,1.00,1.00
2014.03.17 08:56:53.730,8.28173,8.28306,1.00,1.00
2014.03.17 08:56:53.781,8.28138,8.28287,1.50,1.00
2014.03.17 08:56:53.839,8.28133,8.28287,1.19,1.00
2014.03.17 08:56:53.941,8.28133,8.28287,1.00,1.00
2014.03.17 08:56:54.245,8.28114,8.28287,1.19,1.00
2014.03.17 08:56:55.237,8.28114,8.28287,1.00,1.00
2014.03.17 08:56:55.629,8.28114,8.28282,1.00,1.00
2014.03.17 08:56:55.680,8.28098,8.28277,1.19,1.00
2014.03.17 08:56:55.781,8.28098,8.28277,1.00,1.00
2014.03.17 08:56:56.074,8.28098,8.28248,1.00,1.00
2014.03.17 08:56:56.597,8.28124,8.28277,1.00,1.00
2014.03.17 08:56:58.339,8.28124,8.28273,1.00,1.00
2014.03.17 08:57:01.586,8.28124,8.28273,1.00,1.19
2014.03.17 08:57:04.595,8.28124,8.28273,1.00,1.19
2014.03.17 08:57:06.401,8.28124,8.28273,1.00,1.19
2014.03.17 08:57:06.726,8.28124,8.28273,1.00,1.00
2014.03.17 08:57:07.143,8.28124,8.28277,1.00,1.00
2014.03.17 08:57:08.192,8.28124,8.28278,1.00,1.00
2014.03.17 08:57:10.255,8.28131,8.28278,1.00,1.00
2014.03.17 08:57:10.458,8.28157,8.28341,1.00,1.19
2014.03.17 08:57:10.560,8.28169,8.28353,1.00,1.19
2014.03.17 08:57:10.908,8.28169,8.28296,1.00,1.00
2014.03.17 08:57:11.010,8.28156,8.28296,1.00,1.00
2014.03.17 08:57:11.506,8.28187,8.28296,1.00,1.00
2014.03.17 08:57:11.760,8.28165,8.28296,1.00,1.00
2014.03.17 08:57:12.402,8.28166,8.28296,1.00,1.00
2014.03.17 08:57:12.504,8.28182,8.28296,1.00,1.00
2014.03.17 08:57:12.555,8.28182,8.28368,1.00,1.19
2014.03.17 08:57:13.580,8.28192,8.28378,1.00,1.19
2014.03.17 08:57:13.885,8.28212,8.28378,1.00,1.19
2014.03.17 08:57:14.027,8.28192,8.28378,1.00,1.19
2014.03.17 08:57:14.128,8.28218,8.28366,1.50,1.00
2014.03.17 08:57:14.331,8.28246,8.2843,1.50,1.19
2014.03.17 08:57:14.539,8.28234,8.2842,1.00,1.19
2014.03.17 08:57:14.934,8.28244,8.28428,1.00,1.19
2014.03.17 08:57:15.289,8.2823,8.28414,1.00,1.19
2014.03.17 08:57:15.339,8.2824,8.28396,1.00,1.00
2014.03.17 08:57:15.740,8.28244,8.28428,1.00,1.19
2014.03.17 08:57:15.791,8.28247,8.28428,1.00,1.19
2014.03.17 08:57:15.842,8.28283,8.28462,1.00,1.69
2014.03.17 08:57:16.345,8.28274,8.28458,1.00,1.19
2014.03.17 08:57:16.594,8.28282,8.28462,1.00,1.69
2014.03.17 08:57:16.916,8.28282,8.28462,1.00,1.69
2014.03.17 08:57:17.018,8.28315,8.28462,1.00,1.50
2014.03.17 08:57:17.069,8.28315,8.28487,1.00,1.19
2014.03.17 08:57:18.086,8.28315,8.28465,1.00,1.00
2014.03.17 08:57:18.188,8.28291,8.28465,1.00,1.19
2014.03.17 08:57:18.423,8.28282,8.28465,1.00,1.19
2014.03.17 08:57:21.633,8.28282,8.28465,1.00,1.19
2014.03.17 08:57:22.701,8.28297,8.28466,1.50,1.19
2014.03.17 08:57:23.046,8.28325,8.28506,1.00,1.19
2014.03.17 08:57:23.910,8.28345,8.28501,1.00,1.19
2014.03.17 08:57:25.116,8.28345,8.28501,1.00,1.19
2014.03.17 08:57:26.549,8.28345,8.28501,1.00,1.79
2014.03.17 08:57:26.651,8.28325,8.28473,1.00,1.69
2014.03.17 08:57:26.702,8.2827,8.28456,1.50,1.00
2014.03.17 08:57:26.854,8.2827,8.28456,1.00,1.19
2014.03.17 08:57:28.193,8.28281,8.28435,1.00,1.25
2014.03.17 08:57:28.759,8.28281,8.28435,1.00,1.19
2014.03.17 08:57:29.414,8.28257,8.28421,1.00,1.19
2014.03.17 08:57:29.465,8.28245,8.28421,1.00,1.19
2014.03.17 08:57:29.516,8.28245,8.28407,1.00,1.00
2014.03.17 08:57:29.566,8.28221,8.28407,1.25,1.00
2014.03.17 08:57:30.913,8.28231,8.28385,1.00,1.00
2014.03.17 08:57:31.235,8.28258,8.28385,1.00,1.00
2014.03.17 08:57:31.286,8.28258,8.28442,1.00,1.19
2014.03.17 08:57:31.387,8.28267,8.28449,1.00,1.19
2014.03.17 08:57:31.903,8.2828,8.28436,1.00,1.19
2014.03.17 08:57:32.464,8.2828,8.28436,1.00,1.19
2014.03.17 08:57:36.985,8.2828,8.28436,1.00,1.19
2014.03.17 08:57:39.511,8.2828,8.28436,1.00,1.19
2014.03.17 08:57:40.610,8.2828,8.28436,1.00,1.19
2014.03.17 08:57:42.219,8.2828,8.28436,1.00,1.19
2014.03.17 08:57:43.446,8.2828,8.28422,1.00,1.50
2014.03.17 08:57:43.497,8.28267,8.28422,1.00,1.50
2014.03.17 08:57:43.650,8.28222,8.28408,1.19,1.00
2014.03.17 08:57:44.700,8.28249,8.28385,1.00,1.00
2014.03.17 08:57:44.939,8.28231,8.28385,1.00,1.00
2014.03.17 08:57:45.391,8.28231,8.28364,1.00,1.00
2014.03.17 08:57:45.544,8.28169,8.28355,1.00,1.00
2014.03.17 08:57:46.086,8.28175,8.28355,2.10,1.00
2014.03.17 08:57:46.137,8.28179,8.28363,1.60,1.19
2014.03.17 08:57:46.188,8.28179,8.28363,1.60,1.19
2014.03.17 08:57:46.239,8.28202,8.28373,1.00,1.50
2014.03.17 08:57:46.290,8.28202,8.28383,1.00,1.00
2014.03.17 08:57:46.341,8.28211,8.28365,1.00,1.00
2014.03.17 08:57:46.863,8.28231,8.28385,1.00,1.25
2014.03.17 08:58:07.872,8.28237,8.28385,1.00,1.00
2014.03.17 08:58:08.025,8.28254,8.28423,1.00,1.50
2014.03.17 08:58:08.076,8.28254,8.2844,1.00,1.19
2014.03.17 08:58:08.127,8.28254,8.2844,1.60,1.19
2014.03.17 08:58:08.431,8.28328,8.28512,1.00,1.19
2014.03.17 08:58:08.962,8.28314,8.28498,1.00,1.19
2014.03.17 08:58:09.063,8.283,8.28484,1.00,1.19
2014.03.17 08:58:10.134,8.283,8.28484,1.00,1.19
2014.03.17 08:58:11.881,8.283,8.28403,1.00,1.00
2014.03.17 08:58:12.084,8.28229,8.28365,1.00,1.19
2014.03.17 08:58:12.185,8.28179,8.28365,1.00,1.19
2014.03.17 08:58:12.444,8.28177,8.28356,1.00,1.00
2014.03.17 08:58:13.071,8.28177,8.28356,1.60,1.00
2014.03.17 08:58:13.213,8.28177,8.28356,1.35,1.00
2014.03.17 08:58:14.495,8.28215,8.28356,1.00,1.00
2014.03.17 08:58:14.800,8.28244,8.28396,1.00,1.00
2014.03.17 08:58:14.952,8.28242,8.28396,1.00,1.00
2014.03.17 08:58:15.633,8.28243,8.28396,1.00,1.00
2014.03.17 08:58:15.844,8.28243,8.28396,1.60,1.00
2014.03.17 08:58:15.946,8.2826,8.28443,1.60,1.69
2014.03.17 08:58:16.048,8.28302,8.28443,1.00,1.50
2014.03.17 08:58:16.150,8.28302,8.28482,1.00,1.69
2014.03.17 08:58:17.114,8.28302,8.28482,1.00,1.50
2014.03.17 08:58:17.268,8.28314,8.28482,1.00,1.00
2014.03.17 08:58:17.781,8.28314,8.285,1.00,1.19
2014.03.17 08:58:18.082,8.28314,8.285,1.00,1.19
2014.03.17 08:58:18.450,8.28306,8.2849,1.00,1.00
2014.03.17 08:58:18.653,8.28315,8.28499,1.00,1.19
2014.03.17 08:58:19.223,8.28315,8.28499,1.00,1.19
2014.03.17 08:58:19.779,8.28315,8.28486,1.00,1.00
2014.03.17 08:58:20.033,8.28315,8.28499,1.00,1.19
2014.03.17 08:58:20.273,8.28315,8.28499,1.00,1.19
2014.03.17 08:58:25.680,8.28315,8.28499,1.00,1.19
2014.03.17 08:58:28.035,8.28326,8.28501,1.00,1.19
2014.03.17 08:58:31.312,8.28326,8.2851,1.00,1.19
2014.03.17 08:58:32.534,8.28326,8.2851,1.00,1.19
2014.03.17 08:58:34.874,8.28316,8.28502,1.00,1.00
2014.03.17 08:58:34.997,8.28315,8.28499,1.00,1.00
2014.03.17 08:58:35.419,8.28326,8.28512,1.00,1.19
2014.03.17 08:58:35.470,8.28326,8.28512,1.00,1.19
2014.03.17 08:58:36.637,8.28326,8.28512,1.00,1.19
2014.03.17 08:58:37.994,8.28326,8.28512,1.00,1.19
2014.03.17 08:58:39.841,8.28326,8.28499,1.00,1.00
2014.03.17 08:58:42.002,8.28305,8.28491,1.00,1.19
2014.03.17 08:58:42.678,8.28305,8.28482,1.00,1.00
2014.03.17 08:58:43.196,8.28317,8.28482,1.00,1.00
2014.03.17 08:58:44.384,8.28298,8.28482,1.19,1.50
2014.03.17 08:58:44.486,8.28288,8.28472,1.00,1.19
2014.03.17 08:58:44.739,8.28278,8.28462,1.00,1.00
2014.03.17 08:58:45.175,8.28264,8.28448,1.19,1.00
2014.03.17 08:58:46.308,8.28264,8.28448,1.19,1.60
2014.03.17 08:58:46.410,8.28208,8.28372,1.00,1.88
2014.03.17 08:58:46.461,8.28208,8.28343,1.00,1.00
2014.03.17 08:58:46.917,8.28237,8.28343,1.00,2.25
2014.03.17 08:58:47.157,8.28198,8.28343,1.00,2.25
2014.03.17 08:58:47.423,8.28198,8.28316,1.00,1.00
2014.03.17 08:58:48.088,8.28197,8.28316,1.00,1.00
2014.03.17 08:58:49.129,8.28197,8.28312,1.00,1.00
2014.03.17 08:58:49.487,8.28197,8.28281,1.00,1.00
2014.03.17 08:58:50.101,8.28198,8.28281,1.00,1.00
2014.03.17 08:58:50.573,8.28147,8.28281,1.19,1.00
2014.03.17 08:58:51.593,8.28147,8.28281,1.19,1.00
2014.03.17 08:58:55.318,8.2813,8.28281,1.69,1.00
2014.03.17 08:58:57.182,8.2813,8.28281,1.69,1.00
2014.03.17 08:58:58.491,8.28127,8.28281,1.19,1.00
2014.03.17 08:58:58.721,8.28102,8.28256,1.19,1.00
2014.03.17 08:58:59.864,8.28102,8.28256,1.79,1.00
2014.03.17 08:59:00.369,8.28091,8.28275,1.79,1.00
2014.03.17 08:59:00.471,8.28099,8.28282,1.79,1.00
2014.03.17 08:59:01.701,8.28099,8.28282,1.79,1.00
2014.03.17 08:59:03.668,8.28099,8.28282,1.79,1.00
2014.03.17 08:59:06.087,8.28099,8.28285,1.19,1.00
2014.03.17 08:59:06.290,8.28126,8.28312,1.19,1.50
2014.03.17 08:59:06.493,8.28124,8.2831,1.19,1.00
2014.03.17 08:59:07.398,8.28124,8.2831,1.19,1.00
2014.03.17 08:59:07.500,8.28153,8.28318,1.00,1.00
2014.03.17 08:59:07.602,8.28153,8.28329,1.00,1.00
2014.03.17 08:59:07.653,8.28161,8.28329,1.00,1.00
2014.03.17 08:59:07.704,8.28181,8.28367,1.19,1.00
2014.03.17 08:59:07.805,8.28181,8.28367,1.19,1.00
2014.03.17 08:59:08.690,8.28202,8.28388,1.19,1.00
2014.03.17 08:59:08.791,8.28194,8.28378,1.00,1.00
2014.03.17 08:59:09.039,8.28132,8.28316,1.00,1.00
2014.03.17 08:59:09.343,8.28115,8.28263,1.00,1.00
2014.03.17 08:59:10.178,8.28115,8.28273,1.00,1.00
2014.03.17 08:59:10.502,8.28115,8.28273,1.19,1.00
2014.03.17 08:59:10.957,8.28115,8.28288,1.19,1.00
2014.03.17 08:59:11.494,8.28116,8.283,1.19,1.00
2014.03.17 08:59:11.546,8.2813,8.283,1.19,1.00
2014.03.17 08:59:12.676,8.2813,8.28309,1.19,1.00
2014.03.17 08:59:13.027,8.2813,8.28309,1.19,1.00
2014.03.17 08:59:13.230,8.28134,8.28318,1.19,1.00
2014.03.17 08:59:13.382,8.28156,8.2833,1.19,1.00
2014.03.17 08:59:14.445,8.28156,8.2833,1.19,1.00
2014.03.17 08:59:15.328,8.28148,8.28319,1.19,1.00
2014.03.17 08:59:15.480,8.28148,8.28319,1.19,1.00
2014.03.17 08:59:16.205,8.28138,8.2831,1.19,1.00
2014.03.17 08:59:17.265,8.28128,8.2831,1.00,1.00
2014.03.17 08:59:18.364,8.28134,8.28318,1.00,1.00
2014.03.17 08:59:19.356,8.28137,8.28318,1.00,1.00
2014.03.17 08:59:20.110,8.28137,8.28318,1.00,1.19
2014.03.17 08:59:22.789,8.28137,8.28318,1.00,1.19
2014.03.17 08:59:22.992,8.28146,8.28332,1.00,1.19
2014.03.17 08:59:23.180,8.28146,8.28332,1.19,1.00
2014.03.17 08:59:23.282,8.28135,8.28321,1.19,1.00
2014.03.17 08:59:24.220,8.28135,8.28321,1.19,1.00
2014.03.17 08:59:24.272,8.28127,8.28312,1.19,1.00
2014.03.17 08:59:25.337,8.28138,8.28322,1.19,1.00
2014.03.17 08:59:25.540,8.28126,8.28312,1.19,1.00
2014.03.17 08:59:26.636,8.28137,8.28312,1.00,1.00
2014.03.17 08:59:27.639,8.28138,8.28312,1.00,1.00
2014.03.17 08:59:30.073,8.28138,8.28288,1.25,1.00
2014.03.17 08:59:30.377,8.28138,8.28203,1.00,1.00
2014.03.17 08:59:30.965,8.28138,8.28192,1.00,1.00
2014.03.17 08:59:31.203,8.28138,8.28204,1.00,1.00
2014.03.17 08:59:31.255,8.28128,8.28204,1.00,1.00
2014.03.17 08:59:31.511,8.28128,8.28189,1.00,1.00
2014.03.17 08:59:31.613,8.28128,8.28203,1.00,1.00
2014.03.17 08:59:32.162,8.28128,8.28192,1.00,1.00
2014.03.17 08:59:32.387,8.28128,8.28205,1.00,1.00
2014.03.17 08:59:32.920,8.28128,8.28204,1.00,1.00
2014.03.17 08:59:33.371,8.28128,8.2819,1.00,1.00
2014.03.17 08:59:33.585,8.28128,8.28209,1.00,1.00
2014.03.17 08:59:33.636,8.28128,8.28219,1.00,1.00
2014.03.17 08:59:33.839,8.28128,8.28194,1.00,1.00
2014.03.17 08:59:33.942,8.28128,8.28216,1.00,1.00
2014.03.17 08:59:34.016,8.28128,8.28194,1.00,1.00
2014.03.17 08:59:34.383,8.28128,8.28217,1.00,1.00
2014.03.17 08:59:34.494,8.28128,8.28187,1.00,1.00
2014.03.17 08:59:34.799,8.28127,8.28182,1.00,1.00
2014.03.17 08:59:34.900,8.28127,8.28209,1.00,1.00
2014.03.17 08:59:35.407,8.28127,8.28208,1.00,1.00
2014.03.17 08:59:35.936,8.28128,8.28208,1.00,1.00
2014.03.17 08:59:36.104,8.28097,8.28208,2.07,1.00
2014.03.17 08:59:36.155,8.2806,8.28144,1.19,1.00
2014.03.17 08:59:36.307,8.28028,8.28124,1.00,1.00
2014.03.17 08:59:36.358,8.28117,8.28127,1.88,1.00
2014.03.17 08:59:36.521,8.28117,8.28273,2.07,1.00
2014.03.17 08:59:36.580,8.28117,8.28245,2.07,1.00
2014.03.17 08:59:36.891,8.28117,8.28208,2.07,1.00
2014.03.17 08:59:37.195,8.28117,8.28221,2.07,1.00
2014.03.17 08:59:37.448,8.28108,8.28218,1.19,1.00
2014.03.17 08:59:37.499,8.28108,8.28198,1.19,1.00
2014.03.17 08:59:37.651,8.28098,8.28188,1.19,1.00
2014.03.17 08:59:37.820,8.28098,8.28201,1.19,1.00
2014.03.17 08:59:38.039,8.28098,8.28185,1.19,1.00
2014.03.17 08:59:38.191,8.28098,8.282,1.19,1.00
2014.03.17 08:59:38.509,8.28098,8.28186,1.19,1.00
2014.03.17 08:59:38.820,8.28117,8.28194,1.00,1.00
2014.03.17 08:59:39.046,8.28107,8.28194,1.19,1.00
2014.03.17 08:59:39.249,8.28107,8.28213,2.82,1.00
2014.03.17 08:59:39.508,8.28107,8.28194,2.82,1.00
2014.03.17 08:59:39.849,8.28107,8.28185,2.82,1.00
2014.03.17 08:59:40.240,8.28107,8.28213,2.82,1.00
2014.03.17 08:59:41.598,8.28107,8.28213,2.82,1.00
2014.03.17 08:59:42.737,8.28107,8.28193,2.82,1.00
2014.03.17 08:59:42.839,8.28107,8.28213,2.82,1.00
2014.03.17 08:59:43.189,8.28107,8.28195,2.82,1.00
2014.03.17 08:59:43.290,8.28107,8.28213,2.82,1.00
2014.03.17 08:59:44.149,8.28107,8.28195,2.82,1.00
2014.03.17 08:59:44.250,8.28107,8.28212,2.63,1.00
2014.03.17 08:59:47.871,8.28107,8.28232,2.63,1.00
2014.03.17 08:59:47.923,8.28107,8.2828,2.63,1.19
2014.03.17 08:59:49.217,8.28107,8.2826,2.63,1.00
2014.03.17 08:59:55.052,8.28108,8.2826,1.88,1.00
2014.03.17 08:59:56.041,8.28107,8.2826,2.63,1.00
2014.03.17 08:59:56.366,8.28107,8.2823,2.63,1.00
2014.03.17 08:59:56.417,8.28077,8.2823,1.00,1.00
2014.03.17 08:59:56.620,8.28067,8.2823,1.00,1.00
2014.03.17 08:59:56.671,8.28067,8.28223,1.00,1.00
2014.03.17 08:59:56.874,8.28018,8.28202,1.00,1.00
2014.03.17 08:59:56.925,8.28007,8.28182,2.25,1.00
2014.03.17 08:59:57.230,8.28007,8.28173,1.00,1.00
2014.03.17 08:59:57.631,8.28007,8.28163,1.00,1.00
2014.03.17 08:59:58.158,8.28008,8.28163,1.00,1.00
2014.03.17 08:59:58.209,8.27997,8.28163,1.00,1.00
2014.03.17 08:59:58.259,8.27997,8.28138,1.00,1.00
2014.03.17 08:59:58.728,8.28008,8.28138,1.00,1.00
