2014.12.18 18:00:02.820,9.058,9.06566,1.85,1.90
2014.12.18 18:00:33.212,9.05804,9.06566,1.60,1.90
2014.12.18 18:01:03.780,9.05804,9.06566,1.60,1.90
2014.12.18 18:01:21.072,9.05805,9.06566,2.10,1.90
2014.12.18 18:01:51.198,9.05813,9.06566,1.60,1.90
2014.12.18 18:02:01.754,9.05802,9.06566,1.79,1.90
2014.12.18 18:02:20.213,9.05783,9.06561,1.60,1.05
2014.12.18 18:02:31.568,9.05783,9.06561,1.60,1.05
2014.12.18 18:02:42.217,9.05785,9.06561,1.79,1.05
2014.12.18 18:03:01.720,9.05785,9.06561,1.60,1.05
2014.12.18 18:03:03.049,9.05785,9.06558,2.85,1.09
2014.12.18 18:03:11.323,9.05795,9.06561,2.10,1.05
2014.12.18 18:03:11.625,9.05805,9.06561,1.60,1.05
2014.12.18 18:03:21.517,9.05819,9.06562,2.10,1.05
2014.12.18 18:03:51.809,9.05821,9.06561,1.60,1.05
2014.12.18 18:04:00.453,9.05821,9.06561,1.60,1.05
2014.12.18 18:04:52.925,9.05819,9.06561,1.60,1.05
2014.12.18 18:04:55.736,9.05819,9.06561,1.60,1.05
2014.12.18 18:05:08.815,9.05827,9.06561,1.60,1.05
2014.12.18 18:05:39.125,9.05832,9.06566,1.60,2.10
2014.12.18 18:05:51.294,9.05832,9.06566,1.60,2.10
2014.12.18 18:06:05.293,9.05821,9.06566,1.97,2.10
2014.12.18 18:08:04.632,9.05819,9.06027,1.00,2.10
2014.12.18 18:08:04.735,9.05639,9.05886,2.10,1.00
2014.12.18 18:08:04.836,9.05745,9.05886,2.10,1.00
2014.12.18 18:08:04.887,9.05745,9.05941,2.10,1.00
2014.12.18 18:08:04.938,9.05777,9.05941,2.10,1.00
2014.12.18 18:08:04.989,9.05777,9.06056,2.10,1.50
2014.12.18 18:08:05.040,9.05824,9.06056,2.10,1.50
2014.12.18 18:08:05.518,9.05814,9.06057,2.10,1.00
2014.12.18 18:08:06.078,9.05814,9.06066,2.10,2.53
2014.12.18 18:08:06.385,9.05827,9.06066,2.10,1.85
2014.12.18 18:08:14.052,9.05825,9.06066,2.10,1.58
2014.12.18 18:08:18.765,9.05774,9.06076,2.10,2.17
2014.12.18 18:08:23.867,9.05834,9.06066,2.10,1.09
2014.12.18 18:08:24.069,9.05826,9.06066,2.10,1.65
2014.12.18 18:08:24.326,9.05814,9.06076,2.10,1.30
2014.12.18 18:08:25.602,9.05824,9.06066,2.10,1.65
2014.12.18 18:08:52.517,9.05824,9.0627,2.10,1.00
2014.12.18 18:08:52.618,9.05748,9.0627,2.10,1.00
2014.12.18 18:08:52.669,9.05748,9.06336,1.60,1.85
2014.12.18 18:09:07.771,9.05748,9.06336,1.35,1.10
2014.12.18 18:09:08.101,9.05713,9.06342,2.29,1.35
2014.12.18 18:09:09.876,9.05741,9.06342,2.10,1.36
2014.12.18 18:09:10.131,9.05754,9.06342,1.60,1.26
2014.12.18 18:09:11.101,9.05754,9.06342,1.60,1.26
2014.12.18 18:09:11.304,9.05758,9.06342,1.60,1.19
2014.12.18 18:09:11.900,9.0575,9.06342,1.60,1.35
2014.12.18 18:09:22.321,9.0599,9.06346,2.10,1.08
2014.12.18 18:09:22.624,9.06006,9.06356,2.10,1.19
2014.12.18 18:09:23.154,9.06006,9.06357,2.10,1.02
2014.12.18 18:09:23.307,9.05987,9.06556,1.00,2.02
2014.12.18 18:09:23.358,9.05987,9.06556,1.00,1.45
2014.12.18 18:09:23.409,9.05841,9.06573,1.00,1.05
2014.12.18 18:09:23.511,9.05772,9.06573,1.79,1.05
2014.12.18 18:09:24.489,9.05767,9.06566,1.60,1.24
2014.12.18 18:09:27.371,9.05767,9.06556,1.60,1.09
2014.12.18 18:09:28.341,9.05758,9.06556,1.60,1.09
2014.12.18 18:09:43.523,9.05768,9.06566,1.79,2.10
2014.12.18 18:09:49.799,9.05779,9.06566,1.60,2.10
2014.12.18 18:10:03.072,9.05794,9.06576,1.60,1.02
2014.12.18 18:10:03.123,9.06358,9.06596,2.10,1.56
2014.12.18 18:10:03.174,9.06358,9.06606,2.10,1.05
2014.12.18 18:10:03.225,9.06381,9.06606,2.10,1.05
2014.12.18 18:10:03.478,9.06338,9.06933,1.75,2.10
2014.12.18 18:10:04.117,9.06334,9.06949,1.75,1.60
2014.12.18 18:10:04.553,9.06334,9.06972,1.75,1.60
2014.12.18 18:10:05.102,9.06346,9.0698,1.35,1.60
2014.12.18 18:10:05.305,9.06351,9.06985,1.35,1.60
2014.12.18 18:10:05.771,9.06358,9.06986,1.35,1.60
2014.12.18 18:10:06.074,9.06358,9.06987,1.35,1.60
2014.12.18 18:10:06.668,9.06358,9.06987,1.35,1.60
2014.12.18 18:10:07.061,9.06358,9.06987,1.35,1.60
2014.12.18 18:10:10.664,9.06396,9.06996,1.00,1.60
2014.12.18 18:10:11.103,9.06411,9.06997,1.00,1.60
2014.12.18 18:10:12.149,9.06411,9.07023,1.00,1.05
2014.12.18 18:10:12.200,9.06234,9.07022,1.00,1.01
2014.12.18 18:10:12.251,9.06191,9.07022,1.00,1.01
2014.12.18 18:10:13.130,9.06156,9.07022,1.79,1.01
2014.12.18 18:10:14.218,9.06165,9.07022,1.60,1.01
2014.12.18 18:10:22.391,9.06165,9.07022,1.60,1.01
2014.12.18 18:10:27.215,9.06165,9.07022,1.60,1.01
2014.12.18 18:10:29.606,9.06165,9.07022,1.60,1.01
2014.12.18 18:10:32.359,9.06165,9.07022,1.60,1.01
2014.12.18 18:10:33.691,9.06165,9.0701,1.00,1.24
2014.12.18 18:10:33.793,9.06073,9.06368,1.19,2.10
2014.12.18 18:10:33.844,9.06073,9.06368,1.00,2.10
2014.12.18 18:10:33.895,9.06024,9.06286,1.00,1.00
2014.12.18 18:10:33.946,9.06009,9.06286,1.00,1.00
2014.12.18 18:10:33.998,9.05804,9.06286,1.00,1.00
2014.12.18 18:10:34.049,9.05804,9.06286,1.00,1.60
2014.12.18 18:10:34.201,9.05694,9.06278,1.00,1.60
2014.12.18 18:10:35.142,9.05684,9.06278,1.00,1.60
2014.12.18 18:10:35.771,9.05684,9.06283,1.00,1.00
2014.12.18 18:10:35.926,9.05686,9.06382,1.19,1.00
2014.12.18 18:10:35.977,9.05686,9.06461,1.19,1.00
2014.12.18 18:10:36.028,9.05686,9.06649,1.19,1.00
2014.12.18 18:10:36.129,9.05672,9.06799,1.19,1.19
2014.12.18 18:10:38.634,9.05681,9.06799,1.19,1.19
2014.12.18 18:10:40.612,9.05681,9.06799,1.19,1.19
2014.12.18 18:10:42.707,9.05681,9.06799,1.19,1.19
2014.12.18 18:10:44.813,9.05669,9.06799,1.19,1.19
2014.12.18 18:10:47.331,9.05669,9.06819,1.79,1.19
2014.12.18 18:10:49.323,9.05773,9.06895,1.19,1.19
2014.12.18 18:10:51.655,9.05682,9.06895,1.19,1.19
2014.12.18 18:10:54.432,9.05682,9.06895,1.19,1.19
2014.12.18 18:10:57.771,9.05682,9.06895,1.19,1.19
2014.12.18 18:11:00.142,9.05682,9.06895,1.19,1.19
2014.12.18 18:11:02.846,9.05682,9.06895,1.19,1.19
2014.12.18 18:11:09.558,9.05682,9.06854,1.19,1.19
2014.12.18 18:11:12.365,9.05682,9.06854,1.19,1.19
2014.12.18 18:11:17.613,9.05682,9.06854,1.19,1.19
2014.12.18 18:11:20.179,9.05682,9.06854,1.19,1.19
2014.12.18 18:11:21.530,9.05926,9.06854,2.10,1.19
2014.12.18 18:11:21.631,9.06036,9.06949,1.00,1.09
2014.12.18 18:11:21.733,9.06028,9.06949,1.00,1.09
2014.12.18 18:11:21.885,9.06028,9.06949,1.60,1.09
2014.12.18 18:11:22.500,9.06047,9.06949,1.00,1.09
2014.12.18 18:11:23.902,9.06047,9.06949,1.19,1.09
2014.12.18 18:11:26.209,9.06061,9.06937,1.19,1.64
2014.12.18 18:11:27.197,9.05978,9.06949,1.19,1.09
2014.12.18 18:11:30.118,9.05684,9.06866,1.19,1.19
2014.12.18 18:11:32.181,9.05684,9.06866,1.19,1.19
2014.12.18 18:11:34.885,9.05684,9.06866,1.19,1.19
2014.12.18 18:11:37.289,9.05684,9.06866,1.19,1.19
2014.12.18 18:11:39.593,9.05684,9.06866,1.19,1.19
2014.12.18 18:11:42.798,9.05916,9.06866,1.79,1.19
2014.12.18 18:11:44.902,9.05916,9.06866,1.79,1.19
2014.12.18 18:11:46.906,9.05916,9.06866,1.79,1.19
2014.12.18 18:11:50.613,9.05916,9.06891,1.79,1.19
2014.12.18 18:11:53.117,9.05916,9.06891,1.79,1.19
2014.12.18 18:11:55.764,9.05916,9.06891,1.79,1.19
2014.12.18 18:11:58.125,9.05916,9.06891,1.79,1.19
2014.12.18 18:12:00.338,9.05916,9.06891,1.79,1.19
2014.12.18 18:12:03.176,9.05916,9.06891,1.79,1.19
2014.12.18 18:12:06.138,9.05915,9.06891,1.79,1.19
2014.12.18 18:12:08.956,9.05915,9.06909,1.79,1.19
2014.12.18 18:12:11.547,9.05915,9.06909,1.79,1.19
2014.12.18 18:12:13.551,9.05915,9.06909,1.79,1.19
2014.12.18 18:12:16.455,9.0588,9.06909,1.19,1.19
2014.12.18 18:12:22.146,9.0588,9.06909,1.19,1.19
2014.12.18 18:12:24.053,9.0588,9.06909,1.19,1.19
2014.12.18 18:12:26.959,9.0588,9.0695,1.19,1.09
2014.12.18 18:12:29.764,9.0588,9.0695,1.19,1.09
2014.12.18 18:12:33.170,9.0588,9.0695,1.19,1.09
2014.12.18 18:12:36.193,9.0588,9.0695,1.19,1.09
2014.12.18 18:12:38.594,9.05879,9.0695,1.19,1.09
2014.12.18 18:12:41.589,9.0588,9.0695,1.19,1.09
2014.12.18 18:12:44.195,9.05848,9.0695,1.19,1.09
2014.12.18 18:12:47.902,9.0575,9.0695,3.04,1.09
2014.12.18 18:12:50.749,9.05788,9.0695,1.19,1.09
2014.12.18 18:12:54.917,9.05788,9.0695,1.19,1.09
2014.12.18 18:12:57.823,9.05788,9.0695,1.19,1.09
2014.12.18 18:13:00.528,9.05788,9.0695,1.19,1.09
2014.12.18 18:13:02.762,9.05788,9.0695,1.19,1.09
2014.12.18 18:13:04.928,9.05788,9.0695,1.19,1.09
2014.12.18 18:13:09.738,9.05805,9.0695,1.19,1.09
2014.12.18 18:13:11.842,9.05877,9.0695,1.79,1.09
2014.12.18 18:13:14.245,9.05876,9.0695,1.79,1.09
2014.12.18 18:13:17.599,9.05888,9.0695,1.19,1.09
2014.12.18 18:13:19.677,9.05899,9.06949,1.19,1.09
2014.12.18 18:13:22.465,9.05899,9.06949,1.19,1.09
2014.12.18 18:13:24.769,9.05899,9.06949,1.19,1.09
2014.12.18 18:13:27.075,9.05899,9.06949,1.19,1.09
2014.12.18 18:13:29.419,9.05899,9.06949,1.19,1.09
2014.12.18 18:13:31.685,9.05899,9.06949,1.19,1.09
2014.12.18 18:13:34.893,9.05899,9.06949,1.19,1.09
2014.12.18 18:13:36.897,9.05899,9.06949,1.19,1.09
2014.12.18 18:13:43.207,9.05899,9.06949,1.19,1.09
2014.12.18 18:13:46.136,9.05899,9.06949,1.19,1.09
2014.12.18 18:13:48.851,9.05886,9.06897,1.79,1.19
2014.12.18 18:13:54.560,9.05886,9.06897,1.79,1.19
2014.12.18 18:13:56.899,9.05886,9.06897,1.79,1.19
2014.12.18 18:13:58.867,9.05899,9.06897,1.19,1.19
2014.12.18 18:14:03.587,9.05899,9.06897,1.19,1.19
2014.12.18 18:14:07.583,9.05898,9.06897,1.19,1.19
2014.12.18 18:14:11.390,9.05898,9.06895,1.19,1.19
2014.12.18 18:14:13.917,9.05898,9.06895,1.19,1.19
2014.12.18 18:14:16.300,9.05814,9.06895,1.19,1.19
2014.12.18 18:14:18.537,9.05814,9.06895,1.19,1.19
2014.12.18 18:14:21.110,9.05814,9.06895,1.19,1.19
2014.12.18 18:14:23.115,9.05814,9.06949,1.19,1.09
2014.12.18 18:14:28.724,9.05814,9.06949,1.19,1.09
2014.12.18 18:14:33.130,9.05814,9.06949,1.19,1.09
2014.12.18 18:14:35.360,9.05814,9.06949,1.19,1.09
2014.12.18 18:14:37.437,9.05814,9.06949,1.19,1.09
2014.12.18 18:14:39.642,9.05814,9.06949,1.19,1.09
2014.12.18 18:14:42.578,9.05814,9.06949,1.19,1.09
2014.12.18 18:14:44.688,9.05813,9.06949,1.19,1.09
2014.12.18 18:14:47.398,9.05813,9.06949,1.19,1.09
2014.12.18 18:14:49.795,9.05813,9.06949,1.19,1.09
2014.12.18 18:14:52.199,9.05813,9.06949,1.19,1.09
2014.12.18 18:14:54.903,9.05813,9.06949,1.19,1.09
2014.12.18 18:14:57.808,9.05813,9.06949,1.19,1.09
2014.12.18 18:15:00.113,9.05813,9.06949,1.19,1.09
2014.12.18 18:15:03.068,9.05813,9.06949,1.19,1.09
2014.12.18 18:15:05.627,9.05813,9.06949,1.19,1.09
2014.12.18 18:15:08.031,9.05813,9.06949,1.19,1.09
2014.12.18 18:15:10.235,9.05813,9.06949,1.19,1.09
2014.12.18 18:15:12.373,9.05813,9.06949,1.19,1.09
2014.12.18 18:15:14.743,9.05813,9.06949,1.19,1.09
2014.12.18 18:15:16.848,9.05815,9.06949,1.19,1.09
2014.12.18 18:15:25.010,9.05815,9.06949,1.19,1.09
2014.12.18 18:15:27.761,9.05815,9.06949,1.19,1.09
2014.12.18 18:15:28.086,9.06036,9.06949,1.60,1.09
2014.12.18 18:15:29.811,9.06048,9.06949,1.60,1.09
2014.12.18 18:15:32.217,9.06048,9.06946,1.60,1.64
2014.12.18 18:15:32.719,9.06065,9.06946,1.00,1.64
2014.12.18 18:15:33.785,9.06055,9.06936,1.60,1.64
2014.12.18 18:15:34.749,9.06055,9.06936,1.79,1.64
2014.12.18 18:15:38.233,9.06055,9.06936,1.60,1.64
2014.12.18 18:15:41.639,9.06055,9.06936,1.60,1.64
2014.12.18 18:15:43.943,9.06055,9.06936,1.79,1.64
2014.12.18 18:15:46.248,9.06055,9.06936,1.79,1.64
2014.12.18 18:15:48.754,9.06055,9.06936,1.60,1.64
2014.12.18 18:15:50.757,9.06055,9.06936,1.60,1.64
2014.12.18 18:15:51.516,9.06055,9.06227,1.00,2.10
2014.12.18 18:15:51.618,9.05844,9.06227,1.00,2.10
2014.12.18 18:15:51.669,9.05844,9.06222,1.00,2.10
2014.12.18 18:15:51.720,9.05697,9.06127,2.10,1.00
2014.12.18 18:15:51.872,9.05663,9.06127,1.60,1.60
2014.12.18 18:15:53.827,9.057,9.06126,2.10,1.00
2014.12.18 18:15:53.929,9.057,9.06136,2.10,1.00
2014.12.18 18:15:54.283,9.05684,9.06136,1.60,1.00
2014.12.18 18:15:54.435,9.05685,9.0636,1.60,1.00
2014.12.18 18:15:54.486,9.05685,9.0636,1.79,1.00
2014.12.18 18:15:54.590,9.05685,9.06548,1.79,1.00
2014.12.18 18:15:54.696,9.05685,9.06676,1.79,1.69
2014.12.18 18:15:54.798,9.05685,9.06676,1.79,1.50
2014.12.18 18:15:54.950,9.05769,9.06856,1.19,1.19
2014.12.18 18:15:57.077,9.05789,9.06866,1.19,1.19
2014.12.18 18:15:59.482,9.05789,9.06876,1.19,1.19
2014.12.18 18:16:03.622,9.05789,9.06876,1.19,1.19
2014.12.18 18:16:05.826,9.05789,9.06876,1.19,1.19
2014.12.18 18:16:08.638,9.05789,9.06876,1.19,1.19
2014.12.18 18:16:10.937,9.05789,9.06876,1.19,1.19
2014.12.18 18:16:11.333,9.05941,9.06876,2.10,1.19
2014.12.18 18:16:11.485,9.06011,9.06876,1.60,1.19
2014.12.18 18:16:11.586,9.06011,9.06876,1.60,1.19
2014.12.18 18:16:12.170,9.06037,9.06866,1.00,1.19
2014.12.18 18:16:13.442,9.06037,9.06846,1.00,1.19
2014.12.18 18:16:14.693,9.06037,9.06836,1.00,1.00
2014.12.18 18:16:16.949,9.06037,9.06836,1.00,1.19
2014.12.18 18:16:17.608,9.06021,9.06856,1.60,1.19
2014.12.18 18:16:19.903,9.06021,9.06866,1.79,1.19
2014.12.18 18:16:22.359,9.06021,9.06876,1.79,1.19
2014.12.18 18:16:24.964,9.06021,9.06876,1.79,1.19
2014.12.18 18:16:28.790,9.06021,9.06876,1.79,1.19
2014.12.18 18:16:30.808,9.06008,9.06826,1.79,1.00
2014.12.18 18:16:31.867,9.06007,9.06817,1.79,1.00
2014.12.18 18:16:31.918,9.06007,9.06817,1.79,1.00
2014.12.18 18:16:33.847,9.06008,9.06796,1.79,1.00
2014.12.18 18:16:34.985,9.06008,9.06796,1.79,1.00
2014.12.18 18:16:37.088,9.06008,9.06796,1.79,1.00
2014.12.18 18:16:39.600,9.06008,9.06796,1.79,1.00
2014.12.18 18:16:40.422,9.05888,9.06856,1.00,1.19
2014.12.18 18:16:40.524,9.0571,9.06856,1.19,1.19
2014.12.18 18:16:43.399,9.05783,9.06826,1.19,1.19
2014.12.18 18:16:46.904,9.05794,9.06806,1.19,1.19
2014.12.18 18:16:47.836,9.05827,9.06806,2.29,1.19
2014.12.18 18:16:48.157,9.05909,9.06806,1.60,1.19
2014.12.18 18:16:49.042,9.05909,9.06806,1.60,1.19
2014.12.18 18:16:51.014,9.05907,9.06756,1.60,1.19
2014.12.18 18:16:53.646,9.05907,9.06756,1.60,1.19
2014.12.18 18:16:56.152,9.05907,9.06746,1.60,1.19
2014.12.18 18:16:58.554,9.05907,9.06746,1.60,1.19
2014.12.18 18:17:01.963,9.05907,9.06746,1.60,1.00
2014.12.18 18:17:04.080,9.05907,9.06746,1.60,1.19
2014.12.18 18:17:06.543,9.06165,9.06746,2.10,1.19
2014.12.18 18:17:06.594,9.06165,9.06746,2.10,1.00
2014.12.18 18:17:12.589,9.06165,9.06757,2.10,1.00
2014.12.18 18:17:13.094,9.06165,9.06756,2.10,1.00
2014.12.18 18:17:28.538,9.06209,9.06756,2.10,1.00
2014.12.18 18:17:28.640,9.06209,9.06866,2.10,2.14
2014.12.18 18:17:29.922,9.06209,9.06866,2.10,1.00
2014.12.18 18:17:31.429,9.06209,9.06876,2.10,1.00
2014.12.18 18:17:40.342,9.06192,9.06876,2.10,1.00
2014.12.18 18:17:44.563,9.06198,9.06876,2.10,1.00
2014.12.18 18:17:44.666,9.06198,9.06896,2.10,1.19
2014.12.18 18:17:46.517,9.06198,9.06896,2.10,1.00
2014.12.18 18:18:14.593,9.06196,9.06896,2.10,1.00
2014.12.18 18:18:22.089,9.06196,9.06896,2.10,1.19
2014.12.18 18:18:24.894,9.06196,9.06896,2.10,1.00
2014.12.18 18:18:27.892,9.06196,9.06896,2.10,1.19
2014.12.18 18:18:30.454,9.06196,9.06887,2.10,1.19
2014.12.18 18:18:32.658,9.06196,9.06887,2.10,1.00
2014.12.18 18:18:38.167,9.06196,9.06887,2.10,1.19
2014.12.18 18:18:41.072,9.06196,9.06887,2.10,1.00
2014.12.18 18:18:51.243,9.06196,9.06896,2.10,1.00
2014.12.18 18:18:55.857,9.06196,9.06916,2.10,1.19
2014.12.18 18:18:58.825,9.06196,9.06916,2.10,1.19
2014.12.18 18:18:59.994,9.06196,9.06906,2.10,1.00
2014.12.18 18:19:01.968,9.06196,9.06916,2.10,1.00
2014.12.18 18:19:06.930,9.06196,9.06906,2.10,1.00
2014.12.18 18:19:08.923,9.06196,9.06906,2.10,1.19
2014.12.18 18:19:11.627,9.06196,9.06907,2.10,1.00
2014.12.18 18:19:13.733,9.06196,9.06907,2.10,1.19
2014.12.18 18:19:16.167,9.06196,9.06916,2.10,1.00
2014.12.18 18:19:18.540,9.06196,9.06906,2.10,1.00
2014.12.18 18:19:21.659,9.06196,9.06906,2.10,1.19
2014.12.18 18:19:24.356,9.06196,9.06906,2.10,1.00
2014.12.18 18:19:45.835,9.06141,9.06635,1.00,2.10
2014.12.18 18:19:45.987,9.05978,9.06512,1.00,1.00
2014.12.18 18:19:46.089,9.05954,9.06512,2.10,1.00
2014.12.18 18:19:46.401,9.05959,9.06477,2.10,1.00
2014.12.18 18:19:46.503,9.05964,9.06489,2.10,1.00
2014.12.18 18:19:46.604,9.05959,9.06479,2.10,1.00
2014.12.18 18:19:47.013,9.05959,9.06488,2.10,1.00
2014.12.18 18:19:47.375,9.05959,9.06465,2.10,1.00
2014.12.18 18:19:47.924,9.05958,9.06456,2.10,1.00
2014.12.18 18:19:48.227,9.06198,9.06538,2.10,1.00
2014.12.18 18:19:48.278,9.06198,9.0659,2.10,1.00
2014.12.18 18:19:48.329,9.06198,9.06779,2.10,1.00
2014.12.18 18:19:48.380,9.06197,9.06779,2.10,1.00
2014.12.18 18:19:48.431,9.06197,9.06906,2.10,1.19
2014.12.18 18:19:49.346,9.06198,9.06916,2.10,1.19
2014.12.18 18:19:49.447,9.06183,9.06916,2.10,1.19
2014.12.18 18:19:50.294,9.06183,9.06916,2.10,1.19
2014.12.18 18:19:50.565,9.06194,9.06916,2.10,1.19
2014.12.18 18:19:52.342,9.06139,9.06926,2.10,1.19
2014.12.18 18:19:52.393,9.06139,9.06926,2.10,1.94
2014.12.18 18:19:52.947,9.06136,9.06876,2.10,1.19
2014.12.18 18:19:54.841,9.06136,9.06826,2.10,1.00
2014.12.18 18:19:55.894,9.06136,9.06796,2.10,1.00
2014.12.18 18:19:56.600,9.06085,9.06796,1.00,1.00
2014.12.18 18:19:56.701,9.05936,9.06846,1.97,1.00
2014.12.18 18:19:56.752,9.05936,9.06846,1.00,1.00
2014.12.18 18:19:56.803,9.05936,9.06846,2.10,1.19
2014.12.18 18:19:57.131,9.05934,9.06846,2.10,1.19
2014.12.18 18:19:57.386,9.05931,9.06846,2.10,1.19
2014.12.18 18:19:57.791,9.05894,9.06847,1.00,1.19
2014.12.18 18:19:57.893,9.0581,9.06806,1.00,1.19
2014.12.18 18:19:57.995,9.05698,9.06806,2.29,1.19
2014.12.18 18:19:58.883,9.05674,9.06806,2.29,1.19
2014.12.18 18:20:01.088,9.0553,9.06926,1.19,1.19
2014.12.18 18:20:04.538,9.0553,9.06926,1.19,1.19
2014.12.18 18:20:09.204,9.0553,9.06926,1.19,1.19
2014.12.18 18:20:11.811,9.0553,9.06926,1.19,1.19
2014.12.18 18:20:14.014,9.05521,9.06926,1.01,1.19
2014.12.18 18:20:14.512,9.06255,9.06926,2.10,1.19
2014.12.18 18:20:14.665,9.06255,9.0695,2.10,1.09
2014.12.18 18:20:15.232,9.06262,9.0695,2.10,1.09
2014.12.18 18:20:15.919,9.06262,9.06936,2.10,1.45
2014.12.18 18:20:16.455,9.06262,9.06927,2.10,1.00
2014.12.18 18:20:16.921,9.06262,9.06916,2.10,1.00
2014.12.18 18:20:17.953,9.06262,9.06906,2.10,1.00
2014.12.18 18:20:19.108,9.06262,9.06896,2.10,1.00
2014.12.18 18:20:31.962,9.06262,9.06886,2.10,1.00
2014.12.18 18:20:43.612,9.06274,9.06886,2.10,1.00
2014.12.18 18:20:54.104,9.06314,9.06886,2.10,1.00
2014.12.18 18:20:54.205,9.06314,9.06964,2.10,1.09
2014.12.18 18:21:25.233,9.06314,9.07026,2.10,3.22
2014.12.18 18:21:33.582,9.0658,9.07006,2.10,1.90
2014.12.18 18:21:33.785,9.0658,9.07006,2.10,1.00
2014.12.18 18:21:34.139,9.06586,9.07006,2.10,1.00
2014.12.18 18:21:40.281,9.06586,9.07006,2.10,1.45
2014.12.18 18:21:40.382,9.06522,9.07006,1.00,1.90
2014.12.18 18:21:40.434,9.06446,9.07019,1.00,1.27
2014.12.18 18:21:40.535,9.06279,9.07026,2.10,2.00
2014.12.18 18:21:40.637,9.0627,9.07026,2.10,2.00
2014.12.18 18:21:40.851,9.06295,9.07026,2.10,2.47
2014.12.18 18:21:41.839,9.06277,9.07026,2.10,2.47
2014.12.18 18:21:41.941,9.06263,9.07026,2.10,2.47
2014.12.18 18:21:56.146,9.06275,9.07026,2.10,3.22
2014.12.18 18:22:08.890,9.06288,9.07013,2.10,1.09
2014.12.18 18:22:26.226,9.06276,9.07005,2.10,1.09
2014.12.18 18:22:26.328,9.06272,9.07005,2.10,1.09
2014.12.18 18:22:35.414,9.06272,9.06971,2.10,1.09
2014.12.18 18:22:44.594,9.06225,9.06951,1.00,1.09
2014.12.18 18:22:44.645,9.06172,9.06746,2.10,1.00
2014.12.18 18:22:44.696,9.06095,9.06746,2.29,1.00
2014.12.18 18:22:44.899,9.06098,9.06746,2.10,1.00
2014.12.18 18:22:47.224,9.06107,9.06746,2.10,1.00
2014.12.18 18:22:52.631,9.06223,9.06746,2.10,1.00
2014.12.18 18:22:52.682,9.06223,9.06806,2.10,1.00
2014.12.18 18:22:52.733,9.06233,9.0685,2.10,1.19
2014.12.18 18:22:52.835,9.06226,9.06951,1.00,1.09
2014.12.18 18:22:52.987,9.06164,9.06951,1.60,1.09
2014.12.18 18:22:54.841,9.06164,9.06951,1.60,1.09
2014.12.18 18:22:57.821,9.06164,9.06951,1.60,1.09
2014.12.18 18:23:00.959,9.06164,9.06951,1.60,1.09
2014.12.18 18:23:03.931,9.06164,9.06967,1.60,1.09
2014.12.18 18:23:09.167,9.06164,9.06951,1.60,1.09
2014.12.18 18:23:11.949,9.06163,9.06951,2.85,1.09
2014.12.18 18:23:14.064,9.06163,9.06951,2.85,1.09
2014.12.18 18:23:16.549,9.06163,9.0695,2.85,1.09
2014.12.18 18:23:18.853,9.06163,9.0695,2.85,1.09
2014.12.18 18:23:21.307,9.06163,9.0695,1.00,1.09
2014.12.18 18:23:21.432,9.0606,9.06945,1.19,1.45
2014.12.18 18:23:24.402,9.05951,9.06945,1.09,1.64
2014.12.18 18:23:28.974,9.05951,9.06945,1.09,1.64
2014.12.18 18:23:31.378,9.05951,9.06945,1.09,1.64
2014.12.18 18:23:33.589,9.05951,9.06945,1.09,1.64
2014.12.18 18:23:36.389,9.05951,9.06945,1.09,1.64
2014.12.18 18:23:39.595,9.05951,9.06945,1.09,1.64
2014.12.18 18:23:43.649,9.05951,9.06945,1.09,1.64
2014.12.18 18:23:46.276,9.05952,9.0695,1.92,1.09
2014.12.18 18:23:48.748,9.05952,9.0695,1.92,1.09
2014.12.18 18:23:51.737,9.05952,9.0695,1.92,1.09
2014.12.18 18:23:53.842,9.05952,9.0695,1.92,1.09
2014.12.18 18:23:56.848,9.05952,9.0695,1.92,1.09
2014.12.18 18:23:59.057,9.05952,9.0695,1.92,1.09
2014.12.18 18:24:02.206,9.05951,9.06944,1.09,1.64
2014.12.18 18:24:04.663,9.05951,9.06944,1.09,1.64
2014.12.18 18:24:07.608,9.05951,9.06944,1.09,1.64
2014.12.18 18:24:10.174,9.05951,9.06944,1.09,1.64
2014.12.18 18:24:12.779,9.05951,9.06944,1.09,1.64
2014.12.18 18:24:14.882,9.05951,9.06944,1.09,1.64
2014.12.18 18:24:19.892,9.05951,9.06944,1.09,1.64
2014.12.18 18:24:21.997,9.05951,9.06944,1.09,1.64
2014.12.18 18:24:24.002,9.05998,9.0695,1.79,1.09
2014.12.18 18:24:29.015,9.05999,9.0695,1.79,1.09
2014.12.18 18:24:31.119,9.05999,9.0695,1.79,1.09
2014.12.18 18:24:35.126,9.05999,9.0695,1.79,1.09
2014.12.18 18:24:37.831,9.05999,9.0695,1.79,1.09
2014.12.18 18:24:40.535,9.05999,9.0695,1.79,1.09
2014.12.18 18:24:42.939,9.05999,9.0695,1.79,1.09
2014.12.18 18:24:43.587,9.0612,9.0695,2.10,1.09
2014.12.18 18:24:43.689,9.06081,9.06832,1.00,1.60
2014.12.18 18:24:43.791,9.06082,9.06795,1.00,1.00
2014.12.18 18:24:44.094,9.06082,9.06807,1.00,2.10
2014.12.18 18:24:44.145,9.06082,9.06819,1.00,1.60
2014.12.18 18:24:44.918,9.06082,9.06851,1.00,1.60
2014.12.18 18:24:44.969,9.06082,9.06851,1.19,1.60
2014.12.18 18:24:46.768,9.06082,9.06883,1.19,1.60
2014.12.18 18:24:47.122,9.05951,9.06864,1.09,1.60
2014.12.18 18:24:47.173,9.05951,9.06864,1.09,1.79
2014.12.18 18:24:50.665,9.05951,9.06933,1.09,1.64
2014.12.18 18:24:53.557,9.05951,9.06933,1.09,1.64
2014.12.18 18:24:55.780,9.05951,9.06933,1.09,1.64
2014.12.18 18:24:58.107,9.05951,9.06944,1.09,1.64
2014.12.18 18:25:01.288,9.05951,9.06944,1.09,1.64
2014.12.18 18:25:03.124,9.05971,9.06944,1.01,1.64
2014.12.18 18:25:03.226,9.06082,9.07036,1.19,1.99
2014.12.18 18:25:03.338,9.06082,9.07036,1.19,1.99
2014.12.18 18:25:05.281,9.05955,9.07036,1.64,1.96
2014.12.18 18:25:07.395,9.05955,9.07036,1.64,1.96
2014.12.18 18:25:09.492,9.05955,9.07036,1.64,1.96
2014.12.18 18:25:11.954,9.05994,9.07036,1.19,1.95
2014.12.18 18:25:14.542,9.05994,9.07036,1.19,1.95
2014.12.18 18:25:16.854,9.05948,9.07047,1.09,1.32
2014.12.18 18:25:19.389,9.05948,9.07036,1.09,1.01
2014.12.18 18:25:22.087,9.05964,9.07047,1.64,1.02
2014.12.18 18:25:24.863,9.05994,9.07047,1.19,1.00
2014.12.18 18:25:27.570,9.05964,9.07048,1.64,1.15
2014.12.18 18:25:30.176,9.05964,9.07048,1.64,1.15
2014.12.18 18:25:34.059,9.05964,9.07048,1.64,1.15
2014.12.18 18:25:36.391,9.05964,9.07048,1.64,1.15
2014.12.18 18:25:42.608,9.05974,9.07048,1.19,1.18
2014.12.18 18:25:45.154,9.05974,9.07048,1.19,1.18
2014.12.18 18:25:47.160,9.05974,9.07048,1.19,1.18
2014.12.18 18:25:49.305,9.05974,9.07048,1.19,1.18
2014.12.18 18:25:51.370,9.05974,9.07048,1.19,1.18
2014.12.18 18:25:53.475,9.05974,9.07048,1.19,1.18
2014.12.18 18:25:55.898,9.05974,9.07023,1.19,1.19
2014.12.18 18:25:58.222,9.05974,9.07023,1.19,1.19
2014.12.18 18:26:00.594,9.05974,9.07023,1.19,1.19
2014.12.18 18:26:03.602,9.05974,9.07023,1.19,1.19
2014.12.18 18:26:05.918,9.05974,9.07046,1.19,1.31
2014.12.18 18:26:08.420,9.05963,9.07047,1.64,1.24
2014.12.18 18:26:10.814,9.05963,9.07047,1.64,1.24
2014.12.18 18:26:19.298,9.05948,9.07046,1.09,1.23
2014.12.18 18:26:21.448,9.05948,9.07046,1.09,1.23
2014.12.18 18:26:24.011,9.05948,9.07046,1.09,1.23
2014.12.18 18:26:30.321,9.05948,9.07046,1.09,1.23
2014.12.18 18:26:32.529,9.05948,9.07046,1.09,1.23
2014.12.18 18:26:35.136,9.05948,9.07046,1.09,1.23
2014.12.18 18:26:38.342,9.05948,9.07046,1.09,1.23
2014.12.18 18:26:41.149,9.05948,9.07046,1.09,1.20
2014.12.18 18:26:45.155,9.05948,9.07036,1.09,1.04
2014.12.18 18:26:47.104,9.05948,9.07047,1.09,1.30
2014.12.18 18:26:49.610,9.05948,9.07048,1.09,1.15
2014.12.18 18:26:53.964,9.05948,9.07048,1.09,1.15
2014.12.18 18:26:56.021,9.05948,9.07048,1.09,1.15
2014.12.18 18:26:58.253,9.05948,9.07048,1.09,1.15
2014.12.18 18:27:00.930,9.05948,9.07046,1.09,1.01
2014.12.18 18:27:03.638,9.05948,9.07047,1.09,1.03
2014.12.18 18:27:07.505,9.05948,9.07046,1.09,1.12
2014.12.18 18:27:10.453,9.05948,9.07046,1.09,1.08
2014.12.18 18:27:13.758,9.05948,9.07046,1.09,1.08
2014.12.18 18:27:16.501,9.05948,9.07046,1.09,1.08
2014.12.18 18:27:19.269,9.05948,9.07046,1.09,1.08
2014.12.18 18:27:21.373,9.05948,9.07048,1.09,1.09
2014.12.18 18:27:23.424,9.05948,9.07048,1.09,1.09
2014.12.18 18:27:26.524,9.05948,9.07047,1.09,1.00
2014.12.18 18:27:29.129,9.05948,9.07047,1.09,1.00
2014.12.18 18:27:31.333,9.05948,9.07048,1.09,1.11
2014.12.18 18:27:34.183,9.05948,9.07048,1.09,1.11
2014.12.18 18:27:36.242,9.05948,9.07048,1.09,1.11
2014.12.18 18:27:38.245,9.05948,9.07048,1.09,1.11
2014.12.18 18:27:40.472,9.05948,9.07048,1.09,1.11
2014.12.18 18:27:43.354,9.05958,9.07048,1.64,1.18
2014.12.18 18:27:45.559,9.05948,9.07048,1.09,1.14
2014.12.18 18:27:47.563,9.05948,9.07046,1.09,1.08
2014.12.18 18:27:51.479,9.05948,9.07046,1.09,1.08
2014.12.18 18:27:54.185,9.05948,9.07046,1.09,1.08
2014.12.18 18:27:56.478,9.05948,9.07046,1.09,1.08
2014.12.18 18:27:59.484,9.05959,9.07047,1.64,1.02
2014.12.18 18:28:01.605,9.05959,9.07047,1.64,1.02
2014.12.18 18:28:04.596,9.05959,9.07047,1.64,1.02
2014.12.18 18:28:07.400,9.05959,9.07047,1.64,1.02
2014.12.18 18:28:10.104,9.05959,9.07047,1.64,1.02
2014.12.18 18:28:14.421,9.05959,9.07047,1.64,1.02
2014.12.18 18:28:16.525,9.05959,9.07047,1.64,1.02
2014.12.18 18:28:21.536,9.05959,9.07047,1.64,1.02
2014.12.18 18:28:23.841,9.05959,9.07047,1.64,1.02
2014.12.18 18:28:26.246,9.05959,9.07047,1.64,1.02
2014.12.18 18:28:31.262,9.05948,9.07047,1.09,1.04
2014.12.18 18:28:34.187,9.05948,9.07047,1.09,1.04
2014.12.18 18:28:36.566,9.05948,9.07047,1.09,1.04
2014.12.18 18:28:45.183,9.05947,9.07048,1.09,1.04
2014.12.18 18:28:47.990,9.05947,9.07048,1.09,1.04
2014.12.18 18:28:50.495,9.05947,9.07048,1.09,1.04
2014.12.18 18:28:53.039,9.05947,9.07048,1.09,1.04
2014.12.18 18:28:55.180,9.05947,9.07048,1.09,1.04
2014.12.18 18:28:58.031,9.05947,9.07047,1.09,1.05
2014.12.18 18:29:00.538,9.05947,9.07047,1.09,1.05
2014.12.18 18:29:02.964,9.05947,9.07047,1.09,1.05
2014.12.18 18:29:05.147,9.05947,9.07047,1.09,1.05
2014.12.18 18:29:08.053,9.05947,9.07047,1.09,1.05
2014.12.18 18:29:11.573,9.05947,9.07047,1.09,1.05
2014.12.18 18:29:13.866,9.05947,9.07047,1.09,1.05
2014.12.18 18:29:15.769,9.05947,9.07047,1.09,1.05
2014.12.18 18:29:17.874,9.05958,9.07048,1.64,1.01
2014.12.18 18:29:20.123,9.05947,9.07048,1.09,1.03
2014.12.18 18:29:22.887,9.05958,9.07049,1.64,1.12
2014.12.18 18:29:24.991,9.05947,9.07047,1.09,1.01
2014.12.18 18:29:27.996,9.05947,9.07047,1.09,1.01
2014.12.18 18:29:31.151,9.05947,9.07047,1.09,1.01
2014.12.18 18:29:33.482,9.05947,9.07047,1.09,1.01
2014.12.18 18:29:36.160,9.05947,9.07047,1.09,1.01
2014.12.18 18:29:38.364,9.05947,9.07047,1.09,1.01
2014.12.18 18:29:40.587,9.05948,9.07047,1.09,1.06
2014.12.18 18:29:43.020,9.05948,9.07047,1.09,1.06
2014.12.18 18:29:45.177,9.05948,9.07047,1.09,1.06
2014.12.18 18:29:47.982,9.05948,9.07047,1.09,1.06
2014.12.18 18:29:50.687,9.05948,9.07047,1.09,1.06
2014.12.18 18:29:53.443,9.05948,9.07047,1.09,1.02
2014.12.18 18:29:56.096,9.05948,9.07047,1.09,1.02
2014.12.18 18:29:58.502,9.05948,9.07047,1.09,1.02
2014.12.18 18:30:00.943,9.05948,9.07047,1.09,1.02
2014.12.18 18:30:06.527,9.05948,9.07047,1.09,1.02
2014.12.18 18:30:09.432,9.05948,9.07047,1.09,1.02
2014.12.18 18:30:24.697,9.05948,9.07047,1.09,1.02
2014.12.18 18:30:31.044,9.05948,9.07047,1.09,1.02
2014.12.18 18:30:33.434,9.05948,9.07047,1.09,1.02
2014.12.18 18:30:36.117,9.05948,9.07047,1.09,1.02
2014.12.18 18:30:44.624,9.05948,9.07047,1.09,1.02
2014.12.18 18:30:47.629,9.05948,9.07047,1.09,1.02
2014.12.18 18:30:50.235,9.05948,9.07047,1.09,1.02
2014.12.18 18:30:53.140,9.05948,9.07047,1.09,1.02
2014.12.18 18:30:57.648,9.05948,9.07047,1.09,1.02
2014.12.18 18:31:00.453,9.05948,9.07047,1.09,1.02
2014.12.18 18:31:02.594,9.05948,9.07047,1.09,1.02
2014.12.18 18:31:04.807,9.05948,9.07047,1.09,1.02
2014.12.18 18:31:07.402,9.05948,9.07047,1.09,1.02
2014.12.18 18:31:09.405,9.05948,9.07047,1.09,1.02
2014.12.18 18:31:12.855,9.05948,9.07047,1.09,1.02
2014.12.18 18:31:15.216,9.05948,9.07047,1.09,1.02
2014.12.18 18:31:17.821,9.05948,9.07047,1.09,1.02
2014.12.18 18:31:20.828,9.05948,9.07047,1.09,1.02
2014.12.18 18:31:25.235,9.05948,9.07047,1.09,1.02
2014.12.18 18:31:27.589,9.05948,9.07047,1.09,1.02
2014.12.18 18:31:30.643,9.05948,9.07047,1.09,1.02
2014.12.18 18:31:34.198,9.05951,9.07046,1.64,1.02
2014.12.18 18:31:36.454,9.05951,9.07046,1.64,1.02
2014.12.18 18:31:39.458,9.05951,9.07046,1.64,1.02
2014.12.18 18:31:41.597,9.05951,9.07046,1.64,1.02
2014.12.18 18:31:43.816,9.05951,9.07046,1.64,1.02
2014.12.18 18:31:47.975,9.05951,9.07046,1.64,1.02
2014.12.18 18:31:54.586,9.05951,9.07046,1.64,1.02
2014.12.18 18:31:58.093,9.05951,9.07046,1.64,1.02
2014.12.18 18:32:00.438,9.05951,9.07036,1.64,1.13
2014.12.18 18:32:02.432,9.05961,9.07046,1.64,1.23
2014.12.18 18:32:04.624,9.05948,9.07046,1.09,1.30
2014.12.18 18:32:07.968,9.05948,9.07046,1.09,1.13
2014.12.18 18:32:11.273,9.05948,9.07046,1.09,1.13
2014.12.18 18:32:14.441,9.05948,9.07046,1.09,1.13
2014.12.18 18:32:18.748,9.05948,9.07046,1.09,1.13
2014.12.18 18:32:21.353,9.05948,9.07046,1.09,1.13
2014.12.18 18:32:25.159,9.05948,9.07046,1.09,1.15
2014.12.18 18:32:27.864,9.05948,9.07046,1.09,1.15
2014.12.18 18:32:30.067,9.05948,9.07046,1.09,1.15
2014.12.18 18:32:35.175,9.05948,9.07046,1.09,1.15
2014.12.18 18:32:38.213,9.05948,9.07046,1.09,1.15
2014.12.18 18:32:41.704,9.05948,9.07046,1.09,1.15
2014.12.18 18:32:44.395,9.05948,9.07021,1.09,1.19
2014.12.18 18:32:46.498,9.05948,9.07021,1.09,1.19
2014.12.18 18:32:50.095,9.05948,9.07021,1.09,1.19
2014.12.18 18:32:55.207,9.05948,9.07021,1.09,1.19
2014.12.18 18:32:57.811,9.05948,9.07021,1.09,1.19
2014.12.18 18:33:03.019,9.05948,9.07022,1.09,1.19
2014.12.18 18:33:14.460,9.05948,9.07026,1.09,1.19
2014.12.18 18:33:18.348,9.05948,9.07026,1.09,1.19
2014.12.18 18:33:22.054,9.05948,9.07026,1.09,1.19
2014.12.18 18:33:25.261,9.05948,9.07026,1.09,1.19
2014.12.18 18:33:28.402,9.05948,9.07026,1.09,1.19
2014.12.18 18:33:30.471,9.05948,9.07026,1.09,1.19
2014.12.18 18:33:34.353,9.05948,9.07026,1.09,1.19
2014.12.18 18:33:44.069,9.05948,9.07026,1.09,1.19
2014.12.18 18:33:46.374,9.05948,9.07026,1.09,1.19
2014.12.18 18:33:48.679,9.05948,9.07026,1.09,1.19
2014.12.18 18:33:50.884,9.05948,9.07026,1.09,1.19
2014.12.18 18:33:54.095,9.05948,9.07026,1.09,1.19
2014.12.18 18:33:57.403,9.05948,9.07026,1.09,1.19
2014.12.18 18:34:00.109,9.05948,9.07026,1.09,1.19
2014.12.18 18:34:03.316,9.05948,9.07026,1.09,1.19
2014.12.18 18:34:06.674,9.05948,9.07026,1.09,1.19
2014.12.18 18:34:11.079,9.05948,9.07026,1.09,1.19
2014.12.18 18:34:13.089,9.05948,9.07026,1.09,1.19
2014.12.18 18:34:15.171,9.06114,9.07026,1.00,1.19
2014.12.18 18:34:15.487,9.06175,9.07026,2.10,1.19
2014.12.18 18:34:18.011,9.06175,9.07026,2.10,1.19
2014.12.18 18:34:28.514,9.06175,9.07026,2.10,1.19
2014.12.18 18:34:31.218,9.06175,9.07026,2.10,1.19
2014.12.18 18:34:34.172,9.06175,9.07026,2.10,1.19
2014.12.18 18:34:36.831,9.06175,9.07026,2.10,1.19
2014.12.18 18:34:40.279,9.06175,9.07026,2.10,1.19
2014.12.18 18:34:42.945,9.06175,9.07026,2.10,1.19
2014.12.18 18:34:43.390,9.06187,9.07026,2.10,1.19
2014.12.18 18:34:44.368,9.06175,9.07036,2.10,2.49
2014.12.18 18:34:45.169,9.06175,9.07036,2.10,2.37
2014.12.18 18:34:47.454,9.06175,9.07036,2.10,2.37
2014.12.18 18:34:50.260,9.06175,9.07036,2.10,2.37
2014.12.18 18:34:52.414,9.06175,9.07036,2.10,2.37
2014.12.18 18:34:54.721,9.06175,9.07036,2.10,2.37
2014.12.18 18:34:57.382,9.06175,9.07036,2.10,2.37
2014.12.18 18:34:59.889,9.06175,9.07036,2.10,2.37
2014.12.18 18:35:02.498,9.06175,9.07036,2.10,1.37
2014.12.18 18:35:04.049,9.06187,9.07036,2.10,1.37
2014.12.18 18:35:04.702,9.06187,9.07036,2.10,1.37
2014.12.18 18:35:07.306,9.06187,9.07036,2.10,1.37
2014.12.18 18:35:13.718,9.06187,9.07036,2.29,1.37
2014.12.18 18:35:15.316,9.06175,9.07036,2.29,1.96
2014.12.18 18:35:15.722,9.06175,9.07036,2.10,1.96
2014.12.18 18:35:18.528,9.06175,9.07036,2.10,1.96
2014.12.18 18:35:21.235,9.06175,9.07036,2.10,1.96
2014.12.18 18:35:24.676,9.06175,9.07036,2.10,1.96
2014.12.18 18:35:26.648,9.06175,9.07036,2.10,1.96
2014.12.18 18:35:31.635,9.06175,9.07028,2.10,1.09
2014.12.18 18:35:37.405,9.06175,9.07028,2.10,1.09
2014.12.18 18:35:40.109,9.06175,9.07029,2.10,1.12
2014.12.18 18:35:40.226,9.06175,9.07028,2.10,1.09
2014.12.18 18:35:45.218,9.06175,9.07036,2.10,1.19
2014.12.18 18:35:45.608,9.06184,9.07036,2.10,1.19
2014.12.18 18:35:48.423,9.06184,9.07036,2.10,1.19
2014.12.18 18:35:51.020,9.06184,9.07036,2.10,1.14
2014.12.18 18:35:54.453,9.06184,9.07036,2.10,1.14
2014.12.18 18:35:56.754,9.06184,9.07049,2.10,1.09
2014.12.18 18:35:58.882,9.06184,9.07049,2.10,1.09
2014.12.18 18:36:03.856,9.06184,9.07049,2.10,1.09
2014.12.18 18:36:05.886,9.06184,9.07049,2.29,1.09
2014.12.18 18:36:08.066,9.06184,9.07049,2.29,1.09
2014.12.18 18:36:09.388,9.06186,9.07049,2.29,1.09
2014.12.18 18:36:10.370,9.06186,9.07049,2.10,1.09
2014.12.18 18:36:15.279,9.06186,9.07049,2.10,1.09
2014.12.18 18:36:17.482,9.06186,9.07049,2.10,1.09
2014.12.18 18:36:20.421,9.06186,9.07049,2.10,1.09
2014.12.18 18:36:23.225,9.06186,9.07049,2.10,1.09
2014.12.18 18:36:25.230,9.06186,9.07049,2.10,1.09
2014.12.18 18:36:29.980,9.06186,9.07049,2.10,1.09
2014.12.18 18:36:32.843,9.06186,9.0707,2.29,1.09
2014.12.18 18:36:35.247,9.06174,9.07049,2.10,1.09
2014.12.18 18:36:38.753,9.06174,9.07049,2.29,1.09
2014.12.18 18:36:45.265,9.06174,9.07049,2.10,1.09
2014.12.18 18:36:48.107,9.06174,9.07049,2.10,1.09
2014.12.18 18:36:51.643,9.06174,9.07049,2.10,1.09
2014.12.18 18:36:54.898,9.06174,9.07049,2.10,1.09
2014.12.18 18:36:56.901,9.06174,9.07049,2.29,1.09
2014.12.18 18:36:57.376,9.05969,9.07049,1.16,1.09
2014.12.18 18:36:58.898,9.05969,9.07049,1.16,1.09
2014.12.18 18:37:00.946,9.05948,9.07049,1.09,1.09
2014.12.18 18:37:05.267,9.05948,9.07049,1.09,1.09
2014.12.18 18:37:07.950,9.05948,9.07049,1.09,1.09
2014.12.18 18:37:11.356,9.05948,9.07049,1.09,1.09
2014.12.18 18:37:13.567,9.05948,9.07049,1.09,1.09
2014.12.18 18:37:15.900,9.05948,9.07049,1.09,1.09
2014.12.18 18:37:19.972,9.05948,9.07049,1.09,1.09
2014.12.18 18:37:22.510,9.05948,9.07049,1.09,1.09
2014.12.18 18:37:24.684,9.05948,9.07049,1.09,1.09
2014.12.18 18:37:27.491,9.05948,9.07049,1.09,1.09
2014.12.18 18:37:29.731,9.05948,9.07049,1.09,1.09
2014.12.18 18:37:31.899,9.05948,9.07049,1.09,1.09
2014.12.18 18:37:34.003,9.05948,9.07049,1.09,1.09
2014.12.18 18:37:36.407,9.05948,9.07049,1.09,1.09
2014.12.18 18:37:38.912,9.05948,9.07049,1.09,1.09
2014.12.18 18:37:41.117,9.05948,9.07049,1.09,1.09
2014.12.18 18:37:45.024,9.05948,9.07049,1.09,1.09
2014.12.18 18:37:47.931,9.05948,9.07049,1.09,1.09
2014.12.18 18:37:50.380,9.05948,9.07049,1.09,1.09
2014.12.18 18:37:52.464,9.05948,9.07049,1.09,1.09
2014.12.18 18:37:55.270,9.05948,9.07049,1.09,1.09
2014.12.18 18:38:03.686,9.05948,9.07049,1.09,1.09
2014.12.18 18:38:05.990,9.05948,9.07049,1.09,1.09
2014.12.18 18:38:08.194,9.05948,9.07049,1.09,1.09
2014.12.18 18:38:14.833,9.05948,9.07049,1.09,1.09
2014.12.18 18:38:20.720,9.05948,9.07049,1.09,1.09
2014.12.18 18:38:24.026,9.05948,9.07049,1.09,1.09
2014.12.18 18:38:27.867,9.05948,9.07049,1.09,1.09
2014.12.18 18:38:30.656,9.05948,9.07049,1.09,1.09
2014.12.18 18:38:32.861,9.05948,9.07049,1.09,1.09
2014.12.18 18:38:35.266,9.05948,9.07049,1.09,1.09
2014.12.18 18:38:40.074,9.05948,9.07049,1.09,1.09
2014.12.18 18:38:42.480,9.05948,9.07049,1.09,1.09
2014.12.18 18:38:45.083,9.05948,9.07049,1.09,1.09
2014.12.18 18:38:48.889,9.05948,9.07049,1.09,1.09
2014.12.18 18:38:59.810,9.05948,9.07049,1.09,1.09
2014.12.18 18:39:05.319,9.05948,9.07049,1.09,1.09
2014.12.18 18:39:07.523,9.05948,9.07049,1.09,1.09
2014.12.18 18:39:11.130,9.05948,9.07049,1.09,1.09
2014.12.18 18:39:14.836,9.05948,9.07049,1.09,1.09
2014.12.18 18:39:17.642,9.05948,9.07049,1.09,1.09
2014.12.18 18:39:20.487,9.05948,9.07049,1.09,1.09
2014.12.18 18:39:29.454,9.05948,9.07049,1.09,1.09
2014.12.18 18:39:34.523,9.05948,9.07049,1.09,1.09
2014.12.18 18:39:38.320,9.05948,9.07049,1.09,1.09
2014.12.18 18:39:40.673,9.05948,9.07049,1.09,1.09
2014.12.18 18:39:42.931,9.05948,9.07049,1.09,1.09
2014.12.18 18:39:45.337,9.05948,9.07049,1.09,1.09
2014.12.18 18:39:47.341,9.05948,9.07049,1.09,1.09
2014.12.18 18:39:49.748,9.05948,9.07049,1.09,1.09
2014.12.18 18:39:52.155,9.05948,9.07049,1.09,1.09
2014.12.18 18:39:55.362,9.05948,9.07049,1.09,1.09
2014.12.18 18:39:57.412,9.05948,9.07049,1.09,1.09
2014.12.18 18:40:00.618,9.05948,9.07049,1.09,1.09
2014.12.18 18:40:08.068,9.05948,9.07049,1.09,1.09
2014.12.18 18:40:10.439,9.05948,9.07049,1.09,1.09
2014.12.18 18:40:12.784,9.05948,9.07049,1.09,1.09
2014.12.18 18:40:15.249,9.05948,9.07049,1.09,1.09
2014.12.18 18:40:17.353,9.05948,9.07049,1.09,1.09
2014.12.18 18:40:21.059,9.05948,9.07049,1.09,1.09
2014.12.18 18:40:24.837,9.05948,9.07049,1.09,1.09
2014.12.18 18:40:30.678,9.05948,9.07049,1.09,1.09
2014.12.18 18:40:32.812,9.05948,9.07049,1.09,1.09
2014.12.18 18:40:35.389,9.05948,9.07049,1.09,1.09
2014.12.18 18:40:38.093,9.05948,9.07049,1.09,1.09
2014.12.18 18:40:45.391,9.05948,9.07049,1.09,1.09
2014.12.18 18:40:48.397,9.05948,9.07049,1.09,1.09
2014.12.18 18:40:55.309,9.05948,9.07049,1.09,1.09
2014.12.18 18:40:59.515,9.05948,9.07049,1.09,1.09
2014.12.18 18:41:04.235,9.05948,9.07049,1.09,1.09
2014.12.18 18:41:07.456,9.05948,9.07049,1.09,1.09
2014.12.18 18:41:10.837,9.05948,9.07049,1.09,1.09
2014.12.18 18:41:14.142,9.05948,9.07049,1.09,1.09
2014.12.18 18:41:16.646,9.05948,9.07049,1.09,1.09
2014.12.18 18:41:18.853,9.05948,9.07049,1.09,1.09
2014.12.18 18:41:21.057,9.05948,9.07049,1.09,1.09
2014.12.18 18:41:23.160,9.05948,9.07049,1.09,1.09
2014.12.18 18:41:25.366,9.05948,9.07049,1.09,1.09
2014.12.18 18:41:27.371,9.05948,9.07049,1.09,1.09
2014.12.18 18:41:40.115,9.05948,9.07049,1.09,1.09
2014.12.18 18:41:42.220,9.05948,9.07049,1.09,1.09
2014.12.18 18:41:45.325,9.05948,9.07049,1.09,1.09
2014.12.18 18:41:47.629,9.05948,9.07049,1.09,1.09
2014.12.18 18:41:56.379,9.05948,9.07049,1.09,1.09
2014.12.18 18:41:58.865,9.05948,9.07049,1.09,1.09
2014.12.18 18:42:01.261,9.05948,9.07049,1.09,1.09
2014.12.18 18:42:06.570,9.05948,9.07017,1.09,2.29
2014.12.18 18:42:09.274,9.05948,9.07016,1.09,2.29
2014.12.18 18:42:13.080,9.05948,9.07006,1.09,1.79
2014.12.18 18:42:19.130,9.05948,9.07006,1.09,1.79
2014.12.18 18:42:32.682,9.05948,9.07006,1.09,1.79
2014.12.18 18:42:35.263,9.05941,9.06949,1.09,1.09
2014.12.18 18:42:37.567,9.05941,9.06949,1.09,1.09
2014.12.18 18:42:41.674,9.0594,9.0704,1.09,1.09
2014.12.18 18:42:44.579,9.0594,9.0704,1.09,1.09
2014.12.18 18:42:46.686,9.0594,9.0704,1.09,1.09
2014.12.18 18:42:48.689,9.0594,9.0704,1.09,1.09
2014.12.18 18:42:55.400,9.0594,9.0704,1.09,1.09
2014.12.18 18:42:57.504,9.0594,9.0704,1.09,1.09
2014.12.18 18:42:59.507,9.0594,9.0704,1.09,1.09
2014.12.18 18:43:01.765,9.0594,9.0704,1.09,1.09
2014.12.18 18:43:03.913,9.0594,9.0704,1.09,1.09
2014.12.18 18:43:07.067,9.0594,9.0704,1.09,1.09
2014.12.18 18:43:09.321,9.0594,9.0704,1.09,1.09
2014.12.18 18:43:11.435,9.0594,9.0704,1.09,1.09
2014.12.18 18:43:14.034,9.0594,9.0704,1.09,1.09
2014.12.18 18:43:16.186,9.0594,9.0704,1.09,1.09
2014.12.18 18:43:18.152,9.0594,9.0704,1.09,1.09
2014.12.18 18:43:20.853,9.0594,9.0704,1.09,1.09
2014.12.18 18:43:22.857,9.0594,9.0704,1.09,1.09
2014.12.18 18:43:27.767,9.0594,9.0704,1.09,1.09
2014.12.18 18:43:35.379,9.05941,9.07039,1.09,1.09
2014.12.18 18:43:37.812,9.05941,9.07039,1.09,1.09
2014.12.18 18:43:40.089,9.05941,9.07039,1.09,1.09
2014.12.18 18:43:43.166,9.05941,9.07039,1.09,1.09
2014.12.18 18:43:53.383,9.05941,9.07039,1.09,1.09
2014.12.18 18:43:58.341,9.05941,9.07039,1.09,1.09
2014.12.18 18:44:03.402,9.05941,9.07039,1.09,1.09
2014.12.18 18:44:06.107,9.05941,9.07039,1.09,1.09
2014.12.18 18:44:09.743,9.05941,9.07039,1.09,1.09
2014.12.18 18:44:12.721,9.05941,9.07039,1.09,1.09
2014.12.18 18:44:15.427,9.05941,9.07039,1.09,1.09
2014.12.18 18:44:17.631,9.05984,9.06996,2.06,2.06
2014.12.18 18:44:20.035,9.05984,9.06996,2.06,2.06
2014.12.18 18:44:25.445,9.05984,9.06996,2.06,2.06
2014.12.18 18:44:28.606,9.05984,9.06996,2.06,2.06
2014.12.18 18:44:31.110,9.05984,9.06996,2.06,2.06
2014.12.18 18:44:33.246,9.05984,9.06996,2.06,2.06
2014.12.18 18:44:35.350,9.05984,9.06996,2.06,2.06
2014.12.18 18:44:37.824,9.05984,9.06996,2.06,2.06
2014.12.18 18:44:39.938,9.05984,9.06996,2.06,2.06
2014.12.18 18:44:42.832,9.05984,9.06996,2.06,2.06
2014.12.18 18:44:45.437,9.05984,9.06996,2.06,2.06
2014.12.18 18:44:48.867,9.05984,9.06996,2.06,2.06
2014.12.18 18:44:53.853,9.05984,9.06996,2.06,2.06
2014.12.18 18:44:57.961,9.05984,9.06996,2.06,2.06
2014.12.18 18:45:01.166,9.05984,9.06996,2.06,2.06
2014.12.18 18:45:03.222,9.05984,9.06996,2.06,2.06
2014.12.18 18:45:05.295,9.05984,9.06996,2.06,2.06
2014.12.18 18:45:07.599,9.05984,9.06996,2.06,2.06
2014.12.18 18:45:10.906,9.05984,9.06996,2.06,2.06
2014.12.18 18:45:14.942,9.05984,9.06996,2.06,2.06
2014.12.18 18:45:18.640,9.05984,9.06996,2.06,2.06
2014.12.18 18:45:28.274,9.05984,9.06996,2.06,2.06
2014.12.18 18:45:34.144,9.05984,9.06996,2.06,2.06
2014.12.18 18:45:36.148,9.05984,9.06996,2.06,2.06
2014.12.18 18:45:39.789,9.05984,9.06996,2.06,2.06
2014.12.18 18:45:41.957,9.05984,9.06996,2.06,2.06
2014.12.18 18:45:45.500,9.05984,9.06996,2.06,2.06
2014.12.18 18:45:48.670,9.05984,9.06996,2.06,2.06
2014.12.18 18:45:53.078,9.05984,9.06996,2.06,2.06
2014.12.18 18:45:55.382,9.05984,9.06996,2.06,2.06
2014.12.18 18:45:57.691,9.05984,9.06996,2.06,2.06
2014.12.18 18:46:00.610,9.05984,9.06996,2.06,2.06
2014.12.18 18:46:03.111,9.05984,9.06996,2.06,2.06
2014.12.18 18:46:05.314,9.05984,9.06996,2.06,2.06
2014.12.18 18:46:09.020,9.05984,9.06996,2.06,2.06
2014.12.18 18:46:11.523,9.05984,9.06996,2.06,2.06
2014.12.18 18:46:15.029,9.05984,9.06996,2.06,2.06
2014.12.18 18:46:18.478,9.05984,9.06996,2.06,2.06
2014.12.18 18:46:20.640,9.05984,9.06996,2.06,2.06
2014.12.18 18:46:23.544,9.05984,9.06996,2.06,2.06
2014.12.18 18:46:25.648,9.05984,9.06996,2.06,2.06
2014.12.18 18:46:27.852,9.05984,9.06996,2.06,2.06
2014.12.18 18:46:30.860,9.0595,9.07039,1.24,1.09
2014.12.18 18:46:35.564,9.0595,9.07039,1.24,1.09
2014.12.18 18:46:37.502,9.0595,9.07039,1.24,1.09
2014.12.18 18:46:39.576,9.0595,9.07039,1.24,1.09
2014.12.18 18:46:41.681,9.0595,9.07039,1.24,1.09
2014.12.18 18:46:45.503,9.0595,9.07039,1.24,1.09
2014.12.18 18:46:47.373,9.0595,9.07039,1.24,1.09
2014.12.18 18:46:49.876,9.0595,9.07039,1.24,1.09
2014.12.18 18:46:52.380,9.05949,9.07039,1.24,1.09
2014.12.18 18:46:55.485,9.05949,9.07039,1.24,1.09
2014.12.18 18:46:59.091,9.05949,9.07039,1.24,1.09
2014.12.18 18:47:01.499,9.05949,9.07039,1.24,1.09
2014.12.18 18:47:04.404,9.05949,9.07039,1.24,1.09
2014.12.18 18:47:08.311,9.05949,9.07039,1.24,1.09
2014.12.18 18:47:10.749,9.05949,9.07039,1.24,1.09
2014.12.18 18:47:14.323,9.05949,9.07039,1.24,1.09
2014.12.18 18:47:16.844,9.05949,9.07039,1.24,1.09
2014.12.18 18:47:25.443,9.0595,9.07039,1.24,1.09
2014.12.18 18:47:27.846,9.0595,9.07039,1.24,1.09
2014.12.18 18:47:30.290,9.0595,9.07039,1.24,1.09
2014.12.18 18:47:32.755,9.0595,9.07039,1.24,1.09
2014.12.18 18:47:38.864,9.0595,9.07039,1.24,1.09
2014.12.18 18:47:44.741,9.0595,9.07039,1.24,1.09
2014.12.18 18:47:51.854,9.0595,9.07039,1.24,1.09
2014.12.18 18:47:57.238,9.0595,9.07039,1.24,1.09
2014.12.18 18:47:59.369,9.0595,9.07039,1.24,1.09
2014.12.18 18:48:01.774,9.0595,9.07039,1.24,1.09
2014.12.18 18:48:07.583,9.0595,9.07039,1.24,1.09
2014.12.18 18:48:11.088,9.0595,9.07039,1.24,1.09
2014.12.18 18:48:14.093,9.0595,9.07039,1.24,1.09
2014.12.18 18:48:17.500,9.0595,9.07039,1.24,1.09
2014.12.18 18:48:20.005,9.0595,9.07039,1.24,1.09
2014.12.18 18:48:22.141,9.0595,9.07039,1.24,1.09
2014.12.18 18:48:24.315,9.05951,9.07039,1.24,1.09
2014.12.18 18:48:26.721,9.05951,9.07039,1.24,1.09
2014.12.18 18:48:28.869,9.05951,9.07039,1.24,1.09
2014.12.18 18:48:31.274,9.05951,9.07039,1.24,1.09
2014.12.18 18:48:33.979,9.05951,9.07039,1.24,1.09
2014.12.18 18:48:36.685,9.05951,9.07039,1.24,1.09
2014.12.18 18:48:39.634,9.05951,9.07039,1.24,1.09
2014.12.18 18:48:41.795,9.05951,9.07039,1.24,1.09
2014.12.18 18:48:44.700,9.05951,9.07039,1.24,1.09
2014.12.18 18:48:47.404,9.05951,9.07039,1.24,1.09
2014.12.18 18:48:49.710,9.05951,9.07039,1.24,1.09
2014.12.18 18:48:51.276,9.05974,9.07086,2.29,1.64
2014.12.18 18:48:51.812,9.06054,9.07346,1.54,1.00
2014.12.18 18:48:51.863,9.06084,9.07506,2.22,1.19
2014.12.18 18:48:52.183,9.06383,9.07556,1.42,2.06
2014.12.18 18:48:52.723,9.06383,9.07696,1.01,2.06
2014.12.18 18:48:53.147,9.06424,9.07696,1.75,2.06
2014.12.18 18:48:55.121,9.06424,9.0772,1.05,1.64
2014.12.18 18:49:00.631,9.06424,9.0772,1.05,1.64
2014.12.18 18:49:02.936,9.06424,9.0772,1.05,1.64
2014.12.18 18:49:05.441,9.06424,9.0772,1.05,1.64
2014.12.18 18:49:08.045,9.06424,9.0772,1.05,1.64
2014.12.18 18:49:13.539,9.06424,9.0772,1.05,1.64
2014.12.18 18:49:16.144,9.06424,9.0772,1.05,1.64
2014.12.18 18:49:20.551,9.06424,9.0772,1.05,1.64
2014.12.18 18:49:22.685,9.06424,9.07786,1.11,1.69
2014.12.18 18:49:25.459,9.06424,9.07786,1.11,1.69
2014.12.18 18:49:28.065,9.06424,9.07786,1.30,1.69
2014.12.18 18:49:34.779,9.06424,9.07786,1.11,1.69
2014.12.18 18:49:39.187,9.06424,9.07786,1.11,1.69
2014.12.18 18:49:41.992,9.06424,9.07786,1.11,1.69
2014.12.18 18:49:44.196,9.06424,9.07786,1.11,1.69
2014.12.18 18:49:49.807,9.06424,9.07786,1.11,1.69
2014.12.18 18:49:51.912,9.06424,9.07786,1.11,1.69
2014.12.18 18:49:54.620,9.06424,9.07863,1.11,1.19
2014.12.18 18:49:57.031,9.06424,9.07931,1.24,1.19
2014.12.18 18:49:59.106,9.06424,9.07931,1.06,1.19
2014.12.18 18:50:03.818,9.06424,9.07931,1.24,1.19
2014.12.18 18:50:06.525,9.06424,9.07931,1.24,1.19
2014.12.18 18:50:09.250,9.06424,9.07931,1.24,1.19
2014.12.18 18:50:11.563,9.06424,9.07931,1.06,1.19
2014.12.18 18:50:12.856,9.06424,9.07691,1.69,1.00
2014.12.18 18:50:13.160,9.06424,9.07006,1.12,1.87
2014.12.18 18:50:18.126,9.06874,9.07254,1.00,1.00
2014.12.18 18:50:18.229,9.06874,9.07851,1.00,1.00
2014.12.18 18:50:18.280,9.06874,9.07871,1.19,1.19
2014.12.18 18:50:19.053,9.06874,9.07906,1.00,1.19
2014.12.18 18:50:19.154,9.06704,9.08016,1.00,1.19
2014.12.18 18:50:19.256,9.06444,9.08082,1.50,1.70
2014.12.18 18:50:19.307,9.06377,9.08082,1.19,1.70
2014.12.18 18:50:22.259,9.0618,9.07992,1.19,1.19
2014.12.18 18:50:24.363,9.0618,9.07992,1.19,1.19
2014.12.18 18:50:27.710,9.0618,9.07992,1.19,1.19
2014.12.18 18:50:29.978,9.0618,9.07992,1.19,1.19
2014.12.18 18:50:33.096,9.0618,9.07992,1.19,1.19
2014.12.18 18:50:35.515,9.0618,9.07992,1.19,1.19
2014.12.18 18:50:38.591,9.06085,9.07897,1.19,1.19
2014.12.18 18:50:40.156,9.06085,9.07513,1.19,1.00
2014.12.18 18:50:40.460,9.06094,9.07006,2.29,1.87
2014.12.18 18:50:43.437,9.06074,9.07006,2.29,1.87
2014.12.18 18:50:45.428,9.06086,9.07006,2.29,1.87
2014.12.18 18:50:46.845,9.06052,9.07006,1.19,1.87
2014.12.18 18:50:46.947,9.06034,9.07222,1.19,1.00
2014.12.18 18:50:46.998,9.06034,9.07506,1.19,1.19
2014.12.18 18:50:47.449,9.06044,9.07695,1.19,1.19
2014.12.18 18:50:49.662,9.06044,9.07768,1.19,1.19
2014.12.18 18:50:51.746,9.06044,9.07768,1.19,1.19
2014.12.18 18:50:54.145,9.06044,9.07768,1.19,1.19
2014.12.18 18:50:57.130,9.06044,9.07768,1.19,1.19
2014.12.18 18:51:02.139,9.06044,9.07768,1.19,1.19
2014.12.18 18:51:05.546,9.06044,9.07768,1.19,1.19
2014.12.18 18:51:06.111,9.06044,9.07666,1.19,1.00
2014.12.18 18:51:06.414,9.06159,9.07526,2.29,1.87
2014.12.18 18:51:06.465,9.06159,9.07526,2.29,2.06
2014.12.18 18:51:09.153,9.06141,9.07506,2.29,1.87
2014.12.18 18:51:11.282,9.06141,9.07506,2.29,1.87
2014.12.18 18:51:13.549,9.06141,9.07506,2.29,2.06
2014.12.18 18:51:15.807,9.06141,9.07506,2.29,1.87
2014.12.18 18:51:18.813,9.06141,9.07506,2.29,2.06
2014.12.18 18:51:23.641,9.06141,9.07506,2.29,1.87
2014.12.18 18:51:24.882,9.06224,9.07496,1.79,1.87
2014.12.18 18:51:25.854,9.06141,9.07496,2.29,2.06
2014.12.18 18:51:28.629,9.06134,9.07496,3.04,2.06
2014.12.18 18:51:31.234,9.06134,9.07496,3.04,1.87
2014.12.18 18:51:35.541,9.06134,9.07496,3.04,2.06
2014.12.18 18:51:38.646,9.06134,9.07496,3.04,2.06
2014.12.18 18:51:41.587,9.06134,9.07496,3.04,1.87
2014.12.18 18:51:44.154,9.06134,9.07496,3.04,2.06
2014.12.18 18:51:46.258,9.06134,9.07496,3.04,2.06
2014.12.18 18:51:52.068,9.06134,9.07496,3.04,2.06
2014.12.18 18:51:53.178,9.06134,9.07621,1.19,1.82
2014.12.18 18:51:53.279,9.06134,9.07704,1.19,1.19
2014.12.18 18:51:55.277,9.06134,9.07704,1.19,1.00
2014.12.18 18:51:58.483,9.06134,9.07704,1.19,1.19
2014.12.18 18:52:01.188,9.06134,9.07704,1.19,1.19
2014.12.18 18:52:02.739,9.06134,9.07606,1.19,1.00
2014.12.18 18:52:02.891,9.06134,9.07606,1.79,1.19
2014.12.18 18:52:02.942,9.06134,9.07407,1.79,1.87
2014.12.18 18:52:03.284,9.06153,9.07396,2.29,1.87
2014.12.18 18:52:03.845,9.06153,9.07396,2.29,2.06
2014.12.18 18:52:07.451,9.06153,9.07396,2.29,2.06
2014.12.18 18:52:10.457,9.06153,9.07396,2.29,2.06
2014.12.18 18:52:12.460,9.06153,9.07396,2.29,2.06
2014.12.18 18:52:13.566,9.06134,9.07396,1.79,1.87
2014.12.18 18:52:13.617,9.06133,9.0752,1.19,1.00
2014.12.18 18:52:13.668,9.06133,9.07522,1.19,1.00
2014.12.18 18:52:13.769,9.06134,9.07736,1.19,3.56
2014.12.18 18:52:16.090,9.06134,9.07736,1.19,2.06
2014.12.18 18:52:18.069,9.05964,9.07775,1.64,1.19
2014.12.18 18:52:20.174,9.05964,9.07646,1.64,1.00
2014.12.18 18:52:20.477,9.06124,9.07307,2.29,1.87
2014.12.18 18:52:20.833,9.06133,9.07296,2.29,2.06
2014.12.18 18:52:22.685,9.06133,9.07296,2.29,2.06
2014.12.18 18:52:25.126,9.06133,9.07296,2.29,2.06
2014.12.18 18:52:27.585,9.06133,9.07296,2.29,2.06
2014.12.18 18:52:29.688,9.06133,9.07296,2.29,2.06
2014.12.18 18:52:31.792,9.06133,9.07296,2.29,2.06
2014.12.18 18:52:37.127,9.06065,9.07296,1.19,1.87
2014.12.18 18:52:37.178,9.05964,9.07526,1.64,1.19
2014.12.18 18:52:39.505,9.05964,9.07706,1.64,2.06
2014.12.18 18:52:42.057,9.05964,9.07706,1.64,2.06
2014.12.18 18:52:42.372,9.05964,9.07501,1.64,1.00
2014.12.18 18:52:42.674,9.06111,9.07206,2.29,1.87
2014.12.18 18:52:43.020,9.06119,9.07196,2.29,1.87
2014.12.18 18:52:44.613,9.06119,9.07196,2.29,2.06
2014.12.18 18:52:46.942,9.06119,9.07196,2.29,2.06
2014.12.18 18:52:49.170,9.06119,9.07196,2.29,2.06
2014.12.18 18:52:51.427,9.06119,9.07196,2.29,2.06
2014.12.18 18:52:55.297,9.06119,9.07196,2.29,2.06
2014.12.18 18:52:57.674,9.06119,9.07196,2.29,2.06
2014.12.18 18:53:00.980,9.061,9.07196,2.29,2.06
2014.12.18 18:53:05.588,9.061,9.07196,2.29,2.06
2014.12.18 18:53:09.134,9.06045,9.07196,3.04,2.06
2014.12.18 18:53:11.297,9.06045,9.07196,2.29,2.06
2014.12.18 18:53:14.146,9.06045,9.07196,2.29,2.06
2014.12.18 18:53:16.507,9.06045,9.07196,2.29,2.06
2014.12.18 18:53:17.583,9.05994,9.07196,2.66,2.06
2014.12.18 18:53:18.612,9.05994,9.07196,2.66,2.06
2014.12.18 18:53:21.819,9.05994,9.07196,2.66,2.06
2014.12.18 18:53:25.526,9.05994,9.07196,2.66,2.06
2014.12.18 18:53:27.529,9.05994,9.07196,2.66,2.06
2014.12.18 18:53:27.974,9.06053,9.07501,1.79,1.00
2014.12.18 18:53:28.025,9.06053,9.07546,1.79,1.87
2014.12.18 18:53:28.076,9.06053,9.07546,1.79,2.06
2014.12.18 18:53:28.934,9.05983,9.07624,1.19,1.19
2014.12.18 18:53:31.137,9.05954,9.07732,1.99,1.19
2014.12.18 18:53:35.546,9.05954,9.07732,1.99,1.19
2014.12.18 18:53:38.891,9.05954,9.07732,1.99,1.19
2014.12.18 18:53:41.902,9.05954,9.07732,1.99,1.19
2014.12.18 18:53:41.953,9.05954,9.07456,1.99,1.00
2014.12.18 18:53:42.257,9.05994,9.07106,2.66,1.87
2014.12.18 18:53:42.308,9.05994,9.07106,2.66,1.87
2014.12.18 18:53:42.410,9.05994,9.07096,2.66,1.87
2014.12.18 18:53:44.101,9.05994,9.07096,2.66,2.06
2014.12.18 18:53:46.106,9.05994,9.07096,2.66,2.06
2014.12.18 18:53:48.348,9.05994,9.07096,2.66,2.06
2014.12.18 18:53:50.413,9.05994,9.07096,2.66,1.87
2014.12.18 18:53:52.818,9.05994,9.07096,2.66,2.06
2014.12.18 18:53:58.628,9.05994,9.07096,2.66,2.06
2014.12.18 18:54:00.650,9.05994,9.07096,2.66,2.06
2014.12.18 18:54:05.540,9.05994,9.07096,2.66,1.87
2014.12.18 18:54:07.643,9.05984,9.07096,2.66,2.06
2014.12.18 18:54:11.374,9.05984,9.07096,2.66,2.06
2014.12.18 18:54:13.651,9.05984,9.07096,2.66,2.06
2014.12.18 18:54:15.755,9.05984,9.07096,2.66,2.06
2014.12.18 18:54:17.960,9.05984,9.07096,2.66,2.06
2014.12.18 18:54:20.063,9.05984,9.07096,2.66,2.06
2014.12.18 18:54:22.066,9.05984,9.07096,2.66,2.06
2014.12.18 18:54:25.073,9.05984,9.07096,2.66,2.06
2014.12.18 18:54:27.377,9.05984,9.07096,2.66,2.06
2014.12.18 18:54:29.561,9.05984,9.07096,2.66,2.06
2014.12.18 18:54:32.334,9.05984,9.07096,2.66,2.06
2014.12.18 18:54:34.338,9.05984,9.07096,2.66,2.06
2014.12.18 18:54:37.144,9.05984,9.07096,2.66,2.06
2014.12.18 18:54:41.598,9.05984,9.07096,2.66,2.06
2014.12.18 18:54:44.656,9.05984,9.07096,2.66,2.06
2014.12.18 18:54:47.312,9.06015,9.07096,2.29,2.06
2014.12.18 18:54:50.392,9.05994,9.07096,2.06,2.06
2014.12.18 18:54:52.696,9.05994,9.07096,2.06,2.06
2014.12.18 18:54:53.727,9.06163,9.07096,2.10,2.06
2014.12.18 18:54:55.080,9.06163,9.07096,2.29,2.06
2014.12.18 18:54:58.827,9.06163,9.07096,2.29,2.06
2014.12.18 18:55:01.000,9.06163,9.07096,2.29,1.87
2014.12.18 18:55:03.406,9.06163,9.07096,2.29,2.06
2014.12.18 18:55:05.657,9.06163,9.07096,2.29,2.06
2014.12.18 18:55:10.118,9.06163,9.07096,2.29,2.06
2014.12.18 18:55:12.133,9.06163,9.07096,2.29,2.06
2014.12.18 18:55:14.607,9.06163,9.07096,2.29,2.06
2014.12.18 18:55:20.109,9.06163,9.07096,2.29,2.06
2014.12.18 18:55:22.716,9.06163,9.07096,2.29,2.06
2014.12.18 18:55:23.774,9.06162,9.07096,2.29,2.06
2014.12.18 18:55:25.122,9.06162,9.07096,2.29,2.06
2014.12.18 18:55:27.851,9.06162,9.07096,2.29,2.06
2014.12.18 18:55:29.831,9.06162,9.07096,2.10,2.06
2014.12.18 18:55:31.833,9.06162,9.07096,2.29,2.06
2014.12.18 18:55:34.573,9.06162,9.07096,2.29,2.06
2014.12.18 18:55:37.244,9.06162,9.07096,2.29,2.06
2014.12.18 18:55:41.251,9.06162,9.07096,2.29,2.06
2014.12.18 18:55:44.292,9.06162,9.07096,2.29,2.06
2014.12.18 18:55:44.643,9.06289,9.07096,2.10,2.06
2014.12.18 18:55:48.965,9.06289,9.07096,2.10,2.06
2014.12.18 18:55:51.570,9.06289,9.07096,2.29,1.87
2014.12.18 18:56:04.647,9.06289,9.07096,2.10,2.06
2014.12.18 18:56:07.492,9.06289,9.07096,2.10,2.06
2014.12.18 18:56:14.382,9.06289,9.07096,2.29,1.87
2014.12.18 18:56:17.011,9.06289,9.07096,2.10,2.06
2014.12.18 18:56:19.173,9.06289,9.07096,2.10,2.06
2014.12.18 18:56:19.832,9.06462,9.07096,2.10,2.06
2014.12.18 18:56:20.134,9.06476,9.07096,2.10,2.06
2014.12.18 18:56:21.821,9.06635,9.07096,2.10,1.87
2014.12.18 18:56:21.872,9.06635,9.07186,2.10,2.77
2014.12.18 18:56:22.075,9.06643,9.07186,2.10,2.77
2014.12.18 18:56:22.176,9.06635,9.07186,2.10,2.77
2014.12.18 18:56:22.379,9.06657,9.07186,2.10,2.77
2014.12.18 18:56:23.495,9.06666,9.07196,2.10,2.77
2014.12.18 18:56:28.318,9.06723,9.07196,2.10,2.77
2014.12.18 18:56:28.419,9.06723,9.07206,2.10,1.95
2014.12.18 18:56:38.309,9.06716,9.07206,2.10,1.95
2014.12.18 18:56:45.019,9.06671,9.07206,1.00,1.95
2014.12.18 18:56:45.171,9.06554,9.07226,1.16,1.90
2014.12.18 18:56:45.223,9.06554,9.07106,1.16,1.87
2014.12.18 18:56:45.325,9.06547,9.07106,2.10,1.87
2014.12.18 18:56:45.376,9.06551,9.07106,2.10,1.87
2014.12.18 18:56:45.788,9.06544,9.07106,2.10,1.87
2014.12.18 18:56:45.942,9.06531,9.07106,2.10,1.87
2014.12.18 18:56:46.350,9.06517,9.07106,2.10,1.87
2014.12.18 18:56:46.401,9.06517,9.07096,2.10,1.87
2014.12.18 18:56:47.339,9.06443,9.07096,1.00,1.87
2014.12.18 18:56:47.391,9.0643,9.07096,1.00,1.87
2014.12.18 18:56:47.492,9.06324,9.07096,2.29,1.87
2014.12.18 18:56:47.594,9.06372,9.07096,2.29,1.87
2014.12.18 18:56:47.898,9.06397,9.07096,2.10,1.87
2014.12.18 18:56:47.949,9.06397,9.07106,2.10,1.87
2014.12.18 18:56:48.101,9.06377,9.07106,2.29,1.87
2014.12.18 18:56:48.152,9.06377,9.07097,2.29,1.87
2014.12.18 18:56:48.539,9.06362,9.07097,2.29,1.87
2014.12.18 18:56:48.878,9.06306,9.07097,2.29,1.87
2014.12.18 18:56:49.523,9.06306,9.07096,2.29,1.87
2014.12.18 18:56:50.111,9.06306,9.07096,2.10,2.06
2014.12.18 18:56:50.519,9.06313,9.07096,2.10,2.06
2014.12.18 18:56:53.818,9.06313,9.07096,2.10,2.06
2014.12.18 18:56:54.397,9.06293,9.07096,2.10,2.06
2014.12.18 18:56:54.599,9.06291,9.07056,2.10,2.06
2014.12.18 18:56:57.569,9.0637,9.07046,2.10,2.06
2014.12.18 18:56:59.529,9.0637,9.07046,2.10,1.87
2014.12.18 18:57:17.574,9.06374,9.07046,2.10,1.87
2014.12.18 18:57:17.676,9.06374,9.07056,2.10,1.87
2014.12.18 18:57:17.888,9.06275,9.07056,2.10,1.87
2014.12.18 18:57:18.854,9.06275,9.07046,2.10,1.87
2014.12.18 18:57:18.906,9.06273,9.07046,2.10,1.87
2014.12.18 18:57:32.487,9.06273,9.07046,2.10,2.06
2014.12.18 18:57:36.451,9.06273,9.07046,2.29,1.87
2014.12.18 18:57:47.617,9.06273,9.07046,2.10,2.06
2014.12.18 18:57:49.690,9.06272,9.07046,2.10,2.06
2014.12.18 18:57:49.768,9.0625,9.07046,2.10,2.06
2014.12.18 18:57:49.875,9.0625,9.07046,2.29,1.87
2014.12.18 18:57:50.129,9.06273,9.07046,2.29,1.87
2014.12.18 18:57:50.230,9.06273,9.07096,2.29,1.87
2014.12.18 18:58:07.407,9.06273,9.07096,2.10,2.06
2014.12.18 18:58:09.433,9.06273,9.07096,2.29,1.87
2014.12.18 18:58:11.627,9.06273,9.07096,2.10,2.06
2014.12.18 18:58:13.749,9.06273,9.07096,2.29,2.06
2014.12.18 18:58:16.424,9.06273,9.07096,2.29,2.06
2014.12.18 18:58:20.181,9.06273,9.07096,2.29,1.87
2014.12.18 18:58:20.677,9.06264,9.07096,2.29,1.87
2014.12.18 18:58:22.598,9.06261,9.07096,2.29,1.87
2014.12.18 18:58:28.301,9.06261,9.07096,2.29,2.06
2014.12.18 18:58:30.274,9.06261,9.07096,2.29,1.87
2014.12.18 18:58:35.587,9.06261,9.07096,2.29,1.87
2014.12.18 18:58:37.618,9.06261,9.07096,2.29,1.87
2014.12.18 18:58:40.142,9.06261,9.07096,2.29,1.87
2014.12.18 18:58:42.200,9.06261,9.07096,2.29,1.87
2014.12.18 18:58:44.603,9.06261,9.07096,2.29,2.06
2014.12.18 18:58:46.808,9.06261,9.07096,2.10,2.06
2014.12.18 18:58:49.111,9.06261,9.07096,2.29,1.87
2014.12.18 18:58:49.697,9.06261,9.07016,2.29,1.87
2014.12.18 18:58:49.853,9.06178,9.0695,1.00,1.60
2014.12.18 18:58:49.954,9.05974,9.06676,1.19,2.47
2014.12.18 18:58:50.056,9.05954,9.06676,1.64,1.87
2014.12.18 18:58:50.157,9.05984,9.06816,2.06,1.00
2014.12.18 18:58:50.258,9.05984,9.07006,2.06,2.06
2014.12.18 18:58:51.457,9.06034,9.07096,1.19,2.06
2014.12.18 18:58:55.624,9.06034,9.07096,1.19,2.06
2014.12.18 18:58:59.029,9.06034,9.07096,1.19,2.06
2014.12.18 18:59:01.033,9.06034,9.07096,1.19,2.06
2014.12.18 18:59:03.180,9.06034,9.07096,1.19,2.06
2014.12.18 18:59:05.642,9.06034,9.07096,1.19,2.06
2014.12.18 18:59:09.142,9.06034,9.07096,1.19,2.06
2014.12.18 18:59:11.247,9.06034,9.07096,1.19,2.06
2014.12.18 18:59:13.351,9.06034,9.07096,1.19,2.06
2014.12.18 18:59:15.655,9.06034,9.07096,1.19,2.06
2014.12.18 18:59:17.859,9.06034,9.07096,1.19,2.06
2014.12.18 18:59:21.965,9.06034,9.07096,1.19,2.06
2014.12.18 18:59:24.369,9.06034,9.07096,1.19,2.06
2014.12.18 18:59:27.776,9.06034,9.07096,1.19,2.06
2014.12.18 18:59:35.218,9.06034,9.07096,1.19,2.06
2014.12.18 18:59:38.298,9.06034,9.07096,1.19,2.06
2014.12.18 18:59:40.604,9.06034,9.07096,1.19,2.06
2014.12.18 18:59:43.148,9.06034,9.07096,1.19,2.06
2014.12.18 18:59:45.714,9.06034,9.07096,1.19,2.06
2014.12.18 18:59:48.017,9.06034,9.07096,1.19,2.06
2014.12.18 18:59:50.522,9.06034,9.07096,1.19,2.06
2014.12.18 18:59:50.826,9.06354,9.07136,1.87,2.06
2014.12.18 18:59:52.862,9.06354,9.07136,1.87,2.06
2014.12.18 18:59:55.066,9.06354,9.07136,1.87,2.06
2014.12.18 18:59:55.507,9.06354,9.06976,1.87,2.10
2014.12.18 18:59:55.810,9.06354,9.06873,1.87,2.10
2014.12.18 18:59:59.355,9.06354,9.06886,1.87,2.10
2014.12.18 18:59:59.947,9.06354,9.06894,1.87,2.10
