2010.02.24 15:00:05.986,8.0296,8.0339,1.00,1.00
2010.02.24 15:00:10.588,8.0297,8.0339,1.00,1.00
2010.02.24 15:00:12.408,8.0316,8.03335,1.00,1.00
2010.02.24 15:00:13.041,8.0326,8.0339,1.00,1.00
2010.02.24 15:00:13.326,8.0326,8.0345,1.00,1.00
2010.02.24 15:00:14.104,8.0325,8.0348,1.00,1.00
2010.02.24 15:00:15.003,8.03285,8.0348,1.00,1.00
2010.02.24 15:00:15.989,8.03285,8.0348,1.00,5.30
2010.02.24 15:00:17.018,8.03285,8.0339,1.00,5.20
2010.02.24 15:00:27.592,8.03235,8.0337,1.00,5.20
2010.02.24 15:00:48.415,8.03235,8.0345,1.00,1.00
2010.02.24 15:00:49.280,8.03235,8.0349,1.00,1.00
2010.02.24 15:00:54.696,8.0323,8.0352,1.00,1.00
2010.02.24 15:01:01.290,8.0329,8.0352,5.20,1.00
2010.02.24 15:01:01.659,8.0338,8.036,1.60,1.00
2010.02.24 15:01:02.480,8.0329,8.036,1.00,1.00
2010.02.24 15:01:02.715,8.0331,8.0363,1.00,1.70
2010.02.24 15:01:03.290,8.0331,8.0354,1.00,1.00
2010.02.24 15:01:12.080,8.0331,8.0353,1.00,1.00
2010.02.24 15:01:13.004,8.03245,8.0353,1.00,1.00
2010.02.24 15:01:14.044,8.03245,8.0352,1.00,1.00
2010.02.24 15:01:20.463,8.03215,8.0335,1.00,2.40
2010.02.24 15:01:26.972,8.0322,8.0333,1.00,2.40
2010.02.24 15:01:28.957,8.0309,8.0325,1.00,2.40
2010.02.24 15:01:30.829,8.0311,8.03395,1.00,2.40
2010.02.24 15:01:32.697,8.0315,8.0343,2.40,1.60
2010.02.24 15:01:33.611,8.0315,8.0345,2.40,2.40
2010.02.24 15:01:34.511,8.0311,8.0338,1.00,2.40
2010.02.24 15:01:35.468,8.03105,8.03375,1.00,2.40
2010.02.24 15:01:36.256,8.03105,8.0337,1.00,2.40
2010.02.24 15:01:39.116,8.031,8.0337,1.00,2.40
2010.02.24 15:01:46.312,8.0309,8.0338,1.00,7.60
2010.02.24 15:01:46.678,8.0309,8.0328,1.00,2.40
2010.02.24 15:01:50.010,8.0315,8.0328,1.00,2.40
2010.02.24 15:01:50.403,8.03185,8.0328,1.00,2.40
2010.02.24 15:01:54.039,8.03195,8.03465,1.00,2.40
2010.02.24 15:01:54.944,8.03195,8.0347,1.00,2.40
2010.02.24 15:02:00.834,8.03195,8.03375,1.00,2.40
2010.02.24 15:02:01.209,8.0303,8.0335,2.40,2.40
2010.02.24 15:02:02.027,8.0303,8.0335,2.40,2.50
2010.02.24 15:02:03.173,8.0305,8.0334,2.40,1.00
2010.02.24 15:02:04.678,8.0311,8.0335,2.40,2.40
2010.02.24 15:02:04.958,8.0315,8.0347,2.40,2.40
2010.02.24 15:02:08.765,8.0316,8.0345,5.20,2.40
2010.02.24 15:02:09.473,8.0328,8.0359,2.40,1.00
2010.02.24 15:02:19.274,8.033,8.0356,2.40,1.00
2010.02.24 15:02:30.323,8.033,8.0358,2.40,1.00
2010.02.24 15:02:31.004,8.033,8.0357,2.40,1.00
2010.02.24 15:02:49.408,8.033,8.0355,2.40,1.60
2010.02.24 15:02:59.927,8.0329,8.0355,1.00,1.60
2010.02.24 15:03:13.542,8.0345,8.0367,1.00,1.40
2010.02.24 15:03:14.445,8.0343,8.036,1.00,1.60
2010.02.24 15:03:14.799,8.03275,8.0358,1.00,1.60
2010.02.24 15:03:17.389,8.03345,8.0358,1.00,1.60
2010.02.24 15:03:19.446,8.03255,8.0355,1.00,1.00
2010.02.24 15:03:20.356,8.0324,8.0348,1.00,1.60
2010.02.24 15:03:24.507,8.03245,8.0353,1.00,1.60
2010.02.24 15:03:33.092,8.0325,8.0352,1.00,1.60
2010.02.24 15:03:35.610,8.0327,8.0352,2.40,1.60
2010.02.24 15:03:43.249,8.03265,8.0352,2.40,1.60
2010.02.24 15:03:43.544,8.0327,8.0352,2.40,1.60
2010.02.24 15:03:46.098,8.0315,8.03455,2.40,1.00
2010.02.24 15:03:46.417,8.03145,8.0344,2.40,1.00
2010.02.24 15:03:48.972,8.03155,8.0343,2.40,1.00
2010.02.24 15:03:50.721,8.03155,8.0343,2.40,2.30
2010.02.24 15:03:51.089,8.03145,8.0342,2.40,1.60
2010.02.24 15:03:52.009,8.0317,8.0342,2.40,1.60
2010.02.24 15:03:52.647,8.0317,8.0343,2.40,1.00
2010.02.24 15:03:58.478,8.03185,8.03435,2.40,1.00
2010.02.24 15:04:00.503,8.0318,8.0344,2.40,1.00
2010.02.24 15:04:03.262,8.0318,8.0343,2.40,1.60
2010.02.24 15:04:03.892,8.03165,8.0343,2.40,1.60
2010.02.24 15:04:06.914,8.0316,8.0342,2.40,1.60
2010.02.24 15:04:26.472,8.0314,8.0339,2.40,1.60
2010.02.24 15:04:26.832,8.0315,8.034,2.40,1.60
2010.02.24 15:04:29.325,8.03145,8.034,2.40,1.60
2010.02.24 15:04:38.863,8.0315,8.034,2.40,1.60
2010.02.24 15:04:44.680,8.0315,8.0345,2.40,4.00
2010.02.24 15:04:50.296,8.03155,8.03455,2.40,2.40
2010.02.24 15:04:56.957,8.03255,8.0343,2.40,1.60
2010.02.24 15:04:57.506,8.03255,8.03485,2.40,1.00
2010.02.24 15:04:58.439,8.0328,8.0355,1.00,1.00
2010.02.24 15:04:58.805,8.03295,8.0354,2.40,1.00
2010.02.24 15:05:00.450,8.033,8.0354,1.00,1.00
2010.02.24 15:05:02.203,8.03355,8.0366,2.40,1.00
2010.02.24 15:05:02.965,8.0335,8.0366,2.40,1.00
2010.02.24 15:05:03.824,8.03345,8.0363,2.40,1.00
2010.02.24 15:05:14.417,8.03345,8.0362,2.40,1.00
2010.02.24 15:05:20.263,8.03355,8.0364,2.40,1.00
2010.02.24 15:05:24.609,8.0335,8.0364,2.40,1.00
2010.02.24 15:05:25.515,8.03355,8.0364,2.40,1.00
2010.02.24 15:05:26.142,8.0336,8.0364,2.40,1.00
2010.02.24 15:05:27.658,8.0335,8.0364,2.40,1.00
2010.02.24 15:05:35.655,8.0329,8.03545,1.00,2.40
2010.02.24 15:05:46.518,8.0327,8.0354,1.00,4.00
2010.02.24 15:05:47.482,8.03255,8.03545,1.00,2.40
2010.02.24 15:05:48.114,8.03245,8.0354,3.20,1.60
2010.02.24 15:05:48.323,8.03245,8.03545,2.40,2.40
2010.02.24 15:05:49.083,8.0324,8.0354,3.20,4.00
2010.02.24 15:05:49.851,8.03245,8.03545,2.40,2.40
2010.02.24 15:05:54.070,8.0325,8.0355,2.40,4.00
2010.02.24 15:06:00.696,8.03405,8.0355,2.40,1.60
2010.02.24 15:06:01.572,8.0338,8.03555,1.00,2.40
2010.02.24 15:06:01.962,8.03425,8.036,2.40,1.00
2010.02.24 15:06:02.563,8.03425,8.03665,2.40,1.00
2010.02.24 15:06:06.730,8.034,8.03665,2.40,1.00
2010.02.24 15:06:08.588,8.034,8.0357,2.40,1.60
2010.02.24 15:06:08.944,8.0323,8.03565,1.00,2.40
2010.02.24 15:06:10.417,8.0325,8.0352,1.00,1.00
2010.02.24 15:06:11.243,8.0325,8.0349,1.00,1.00
2010.02.24 15:06:12.094,8.0325,8.0349,1.00,1.00
2010.02.24 15:06:14.500,8.0334,8.0354,1.60,2.40
2010.02.24 15:06:15.194,8.034,8.0361,2.40,1.00
2010.02.24 15:06:25.809,8.03415,8.03655,2.40,1.00
2010.02.24 15:06:26.400,8.03415,8.0366,2.40,1.00
2010.02.24 15:06:26.750,8.0341,8.0366,2.40,1.00
2010.02.24 15:06:27.388,8.0341,8.03665,2.40,1.00
2010.02.24 15:06:27.762,8.0341,8.0367,2.40,1.00
2010.02.24 15:06:29.329,8.0341,8.0368,2.40,1.00
2010.02.24 15:06:31.466,8.03415,8.0368,2.40,1.00
2010.02.24 15:06:53.547,8.03605,8.0368,1.00,1.00
2010.02.24 15:06:53.750,8.0361,8.0368,2.40,1.00
2010.02.24 15:06:54.463,8.0361,8.0375,2.40,1.60
2010.02.24 15:06:54.839,8.03585,8.03715,1.00,2.40
2010.02.24 15:06:56.640,8.0353,8.0377,1.00,1.00
2010.02.24 15:07:06.619,8.0353,8.0376,1.00,1.00
2010.02.24 15:07:19.214,8.0353,8.0375,1.00,1.00
2010.02.24 15:07:26.949,8.03505,8.0376,1.00,1.00
2010.02.24 15:07:30.716,8.035,8.0376,1.00,1.00
2010.02.24 15:07:33.020,8.03495,8.0376,3.20,1.00
2010.02.24 15:07:33.798,8.0349,8.0375,2.40,1.00
2010.02.24 15:07:34.171,8.035,8.0376,2.40,1.00
2010.02.24 15:07:34.756,8.03495,8.0376,2.40,1.00
2010.02.24 15:07:35.966,8.03495,8.0377,2.40,1.00
2010.02.24 15:07:36.659,8.035,8.0377,2.40,1.00
2010.02.24 15:07:38.773,8.035,8.0376,2.40,1.00
2010.02.24 15:07:39.439,8.03495,8.0376,2.40,1.00
2010.02.24 15:07:43.051,8.035,8.0377,2.40,1.00
2010.02.24 15:07:43.618,8.035,8.0376,2.40,1.00
2010.02.24 15:07:43.974,8.03495,8.0376,2.40,1.00
2010.02.24 15:07:47.744,8.035,8.0377,2.40,1.00
2010.02.24 15:07:53.750,8.03475,8.0375,2.40,1.00
2010.02.24 15:07:54.962,8.03475,8.0372,2.40,1.00
2010.02.24 15:07:58.021,8.0347,8.0371,2.40,1.00
2010.02.24 15:07:59.140,8.03475,8.0372,2.40,1.00
2010.02.24 15:08:01.255,8.0347,8.0371,2.40,1.00
2010.02.24 15:08:02.213,8.03475,8.0372,2.40,1.00
2010.02.24 15:08:09.033,8.0342,8.0369,1.00,2.40
2010.02.24 15:08:09.631,8.03395,8.03685,1.00,2.40
2010.02.24 15:08:10.860,8.03385,8.0367,1.00,1.00
2010.02.24 15:08:14.939,8.03385,8.0367,1.00,1.00
2010.02.24 15:08:15.301,8.03385,8.0367,1.00,1.00
2010.02.24 15:08:15.967,8.0338,8.0368,3.20,2.50
2010.02.24 15:08:16.152,8.03385,8.0368,2.40,1.00
2010.02.24 15:08:19.216,8.03385,8.0355,2.40,1.00
2010.02.24 15:08:19.614,8.03435,8.0371,2.40,1.00
2010.02.24 15:08:20.321,8.0338,8.0369,2.40,1.00
2010.02.24 15:08:21.114,8.03385,8.03665,2.40,1.00
2010.02.24 15:08:25.493,8.0338,8.03665,2.40,1.00
2010.02.24 15:08:27.523,8.0339,8.0367,2.40,1.00
2010.02.24 15:08:28.089,8.03385,8.0367,2.40,1.00
2010.02.24 15:08:28.466,8.0339,8.0367,2.40,1.00
2010.02.24 15:08:29.302,8.03385,8.0367,2.40,1.00
2010.02.24 15:08:29.673,8.0339,8.03675,2.40,1.00
2010.02.24 15:08:30.261,8.03445,8.03675,2.40,1.00
2010.02.24 15:08:31.108,8.03445,8.0371,2.40,1.00
2010.02.24 15:08:35.100,8.0345,8.0371,2.40,1.00
2010.02.24 15:08:44.043,8.0345,8.037,2.40,1.00
2010.02.24 15:08:56.396,8.0345,8.0369,2.40,1.00
2010.02.24 15:08:57.404,8.03495,8.0372,2.40,1.00
2010.02.24 15:09:03.380,8.0351,8.0375,1.00,1.00
2010.02.24 15:09:08.637,8.0351,8.0374,1.00,1.00
2010.02.24 15:09:11.486,8.035,8.0374,1.00,1.00
2010.02.24 15:09:15.939,8.0351,8.0374,1.00,1.00
2010.02.24 15:09:16.884,8.0351,8.0375,1.00,1.00
2010.02.24 15:09:21.075,8.0351,8.0374,1.00,1.00
2010.02.24 15:09:27.262,8.0352,8.0374,1.00,1.00
2010.02.24 15:09:33.427,8.0352,8.0373,1.00,1.00
2010.02.24 15:09:39.014,8.0353,8.0373,1.00,1.00
2010.02.24 15:09:41.013,8.03455,8.0374,2.40,1.00
2010.02.24 15:09:46.262,8.03455,8.0375,2.40,1.00
2010.02.24 15:09:46.876,8.035,8.0375,2.40,1.00
2010.02.24 15:09:48.764,8.0351,8.0375,1.00,1.00
2010.02.24 15:09:49.686,8.035,8.0374,1.00,1.00
2010.02.24 15:09:50.975,8.0351,8.0375,1.00,1.00
2010.02.24 15:09:55.861,8.0351,8.0374,1.00,1.00
2010.02.24 15:10:01.413,8.0352,8.0374,1.00,1.00
2010.02.24 15:10:07.100,8.0352,8.0373,1.00,1.00
2010.02.24 15:10:09.645,8.0353,8.0379,1.00,1.00
2010.02.24 15:10:12.486,8.03575,8.0379,2.40,1.00
2010.02.24 15:10:13.329,8.03575,8.0382,2.40,1.00
2010.02.24 15:10:14.059,8.0358,8.0382,1.00,1.00
2010.02.24 15:10:14.423,8.0358,8.0382,1.00,1.00
2010.02.24 15:10:15.136,8.0362,8.0382,1.00,1.00
2010.02.24 15:10:15.480,8.0362,8.0384,1.00,1.00
2010.02.24 15:10:23.721,8.0363,8.0387,1.00,1.00
2010.02.24 15:10:24.883,8.0363,8.0387,1.00,1.00
2010.02.24 15:10:28.478,8.0363,8.0386,1.00,1.00
2010.02.24 15:10:29.471,8.0363,8.0386,1.00,1.00
2010.02.24 15:10:34.671,8.0364,8.0386,1.00,1.00
2010.02.24 15:10:37.370,8.0365,8.039,2.50,1.00
2010.02.24 15:10:39.509,8.0366,8.039,1.00,1.00
2010.02.24 15:10:40.501,8.03645,8.0382,1.00,2.40
2010.02.24 15:10:41.138,8.03645,8.03825,1.00,2.40
2010.02.24 15:10:44.211,8.0364,8.03815,1.00,2.40
2010.02.24 15:10:46.578,8.0364,8.0382,1.00,2.40
2010.02.24 15:10:52.537,8.03635,8.03825,1.00,2.40
2010.02.24 15:10:52.883,8.0363,8.0382,1.00,2.40
2010.02.24 15:10:56.028,8.03625,8.0381,1.00,2.40
2010.02.24 15:10:58.069,8.0366,8.0381,1.00,2.40
2010.02.24 15:10:58.679,8.0369,8.03865,1.00,2.40
2010.02.24 15:11:01.156,8.0369,8.039,1.00,2.40
2010.02.24 15:11:49.102,8.0362,8.0385,1.00,2.40
2010.02.24 15:11:58.913,8.0362,8.0385,1.00,2.50
2010.02.24 15:12:10.958,8.0362,8.0384,1.00,1.00
2010.02.24 15:12:13.292,8.0362,8.039,1.00,2.40
2010.02.24 15:12:15.304,8.0362,8.03905,1.00,2.40
2010.02.24 15:12:16.351,8.0362,8.0388,1.00,2.40
2010.02.24 15:12:34.505,8.0365,8.0388,1.00,2.40
2010.02.24 15:12:35.182,8.037,8.03935,2.40,1.00
2010.02.24 15:12:35.552,8.03695,8.0394,2.40,1.00
2010.02.24 15:12:36.131,8.03695,8.0395,2.40,1.00
2010.02.24 15:12:36.443,8.03705,8.0395,2.40,1.00
2010.02.24 15:12:37.020,8.0371,8.0395,1.00,1.00
2010.02.24 15:12:40.049,8.0372,8.0395,1.00,1.00
2010.02.24 15:12:42.844,8.0374,8.0399,1.00,1.00
2010.02.24 15:12:43.683,8.0375,8.0399,1.00,1.00
2010.02.24 15:12:44.813,8.03935,8.0414,2.40,1.00
2010.02.24 15:12:46.051,8.0396,8.0414,2.40,1.00
2010.02.24 15:12:46.349,8.03955,8.04145,2.40,1.00
2010.02.24 15:12:48.194,8.0405,8.04265,2.40,1.00
2010.02.24 15:12:49.001,8.04045,8.0427,2.40,1.00
2010.02.24 15:12:49.362,8.0404,8.0425,2.40,1.00
2010.02.24 15:12:49.999,8.04045,8.0426,2.40,1.00
2010.02.24 15:12:50.817,8.0407,8.04265,2.40,1.00
2010.02.24 15:12:51.870,8.04065,8.04285,2.40,1.00
2010.02.24 15:12:57.995,8.04055,8.04295,2.40,1.00
2010.02.24 15:12:58.617,8.0403,8.043,4.80,1.00
2010.02.24 15:12:59.490,8.04045,8.04305,2.40,1.00
2010.02.24 15:12:59.856,8.0402,8.04255,2.40,2.40
2010.02.24 15:13:00.610,8.0396,8.04255,1.00,2.40
2010.02.24 15:13:01.481,8.03975,8.04275,2.40,2.40
2010.02.24 15:13:01.712,8.0402,8.04275,1.00,2.40
2010.02.24 15:13:02.409,8.04035,8.0428,2.40,1.00
2010.02.24 15:13:02.776,8.0397,8.0424,2.40,1.00
2010.02.24 15:13:04.504,8.0397,8.0423,2.40,1.00
2010.02.24 15:13:06.984,8.0397,8.0423,2.50,1.00
2010.02.24 15:13:10.977,8.0397,8.0423,2.40,1.00
2010.02.24 15:13:11.348,8.0395,8.0424,2.40,1.00
2010.02.24 15:13:13.245,8.03975,8.0424,2.40,1.00
2010.02.24 15:13:17.969,8.0397,8.0423,2.40,1.00
2010.02.24 15:13:18.337,8.03975,8.0424,2.40,1.00
2010.02.24 15:13:26.878,8.0397,8.0423,2.40,1.00
2010.02.24 15:13:31.365,8.03975,8.0424,2.40,1.00
2010.02.24 15:13:35.159,8.03975,8.0423,2.40,1.00
2010.02.24 15:13:35.514,8.03965,8.0422,3.20,1.00
2010.02.24 15:13:36.349,8.03965,8.0423,3.20,1.00
2010.02.24 15:13:36.715,8.0397,8.0423,2.40,1.00
2010.02.24 15:13:40.514,8.0396,8.0421,1.00,1.00
2010.02.24 15:13:41.475,8.0396,8.042,1.00,1.00
2010.02.24 15:13:41.775,8.0395,8.0419,1.00,1.00
2010.02.24 15:13:42.750,8.0396,8.042,1.00,1.00
2010.02.24 15:13:44.820,8.0395,8.0419,1.00,1.00
2010.02.24 15:13:45.662,8.0396,8.042,1.00,1.00
2010.02.24 15:13:45.964,8.0395,8.0419,1.00,1.00
2010.02.24 15:13:50.371,8.0396,8.0419,1.00,1.00
2010.02.24 15:13:56.116,8.0396,8.0418,1.00,1.00
2010.02.24 15:14:02.408,8.0397,8.0418,1.00,1.00
2010.02.24 15:14:08.097,8.0397,8.0417,1.00,1.00
2010.02.24 15:14:14.255,8.0398,8.0417,1.00,1.00
2010.02.24 15:14:43.000,8.03945,8.0418,2.40,1.00
2010.02.24 15:14:43.955,8.0391,8.0416,2.50,1.00
2010.02.24 15:14:44.599,8.0391,8.0416,1.00,1.00
2010.02.24 15:14:45.524,8.0391,8.0415,1.00,1.00
2010.02.24 15:14:47.686,8.039,8.0414,1.00,1.00
2010.02.24 15:14:48.643,8.0389,8.0413,1.00,1.00
2010.02.24 15:14:49.579,8.03845,8.04035,2.40,2.40
2010.02.24 15:14:50.396,8.03805,8.04025,1.00,2.40
2010.02.24 15:14:51.252,8.038,8.04,1.00,2.40
2010.02.24 15:14:53.798,8.0377,8.04,1.00,2.40
2010.02.24 15:14:54.334,8.038,8.0409,2.40,1.00
2010.02.24 15:14:54.672,8.03795,8.0409,2.40,1.00
2010.02.24 15:14:55.252,8.0379,8.0409,2.40,3.10
2010.02.24 15:14:55.625,8.03785,8.04085,2.40,3.10
2010.02.24 15:14:56.730,8.0379,8.04085,2.40,1.00
2010.02.24 15:14:57.760,8.03785,8.04085,2.40,3.10
2010.02.24 15:14:58.682,8.0378,8.0408,2.40,2.40
2010.02.24 15:14:59.050,8.03775,8.04075,2.40,2.40
2010.02.24 15:14:59.657,8.03825,8.04075,2.40,2.40
2010.02.24 15:15:00.034,8.0385,8.0412,2.40,1.00
2010.02.24 15:15:00.913,8.0385,8.0408,2.40,1.00
2010.02.24 15:15:01.730,8.0386,8.0412,2.40,1.00
2010.02.24 15:15:02.647,8.0386,8.041,2.40,1.00
2010.02.24 15:15:03.005,8.038,8.04075,1.60,2.40
2010.02.24 15:15:03.647,8.0378,8.0407,1.00,2.40
2010.02.24 15:15:04.616,8.0378,8.0402,1.00,1.00
2010.02.24 15:15:07.997,8.03745,8.0399,4.00,1.00
2010.02.24 15:15:08.757,8.03745,8.0399,1.60,1.00
2010.02.24 15:15:09.062,8.03695,8.0398,3.20,1.00
2010.02.24 15:15:09.839,8.03725,8.0401,2.40,1.00
2010.02.24 15:15:10.749,8.03725,8.04025,2.40,3.10
2010.02.24 15:15:11.123,8.03775,8.0404,2.40,1.00
2010.02.24 15:15:12.002,8.03765,8.04045,2.40,1.00
2010.02.24 15:15:12.294,8.0376,8.0405,2.40,1.00
2010.02.24 15:15:16.189,8.0375,8.0405,2.40,2.40
2010.02.24 15:15:16.797,8.03795,8.0408,2.40,1.00
2010.02.24 15:15:24.597,8.0384,8.0411,2.40,1.00
2010.02.24 15:15:24.789,8.0384,8.0414,2.40,3.20
2010.02.24 15:15:24.953,8.0384,8.0414,2.40,3.10
2010.02.24 15:15:25.627,8.03865,8.0415,2.40,1.00
2010.02.24 15:15:27.385,8.0386,8.04155,2.40,1.00
2010.02.24 15:15:28.951,8.0385,8.0415,2.40,2.40
2010.02.24 15:15:29.880,8.03845,8.04145,2.40,2.40
2010.02.24 15:15:30.771,8.03845,8.04075,2.40,4.00
2010.02.24 15:15:30.988,8.0378,8.0405,1.00,2.40
2010.02.24 15:15:32.107,8.0376,8.0405,1.00,2.40
2010.02.24 15:15:32.415,8.0376,8.0401,1.00,1.00
2010.02.24 15:15:32.952,8.0376,8.04,1.00,1.00
2010.02.24 15:15:35.045,8.0376,8.0399,1.00,1.00
2010.02.24 15:15:41.183,8.0377,8.0399,1.00,1.00
2010.02.24 15:15:46.961,8.0375,8.0399,1.00,1.00
2010.02.24 15:15:48.354,8.0376,8.04,1.00,1.00
2010.02.24 15:15:52.164,8.037,8.0399,2.40,1.00
2010.02.24 15:16:01.996,8.037,8.0398,2.40,1.00
2010.02.24 15:16:06.070,8.03725,8.0399,2.40,1.00
2010.02.24 15:16:06.443,8.0372,8.0398,2.40,1.00
2010.02.24 15:16:07.340,8.03725,8.0399,2.40,1.00
2010.02.24 15:16:09.526,8.0374,8.04,1.00,1.00
2010.02.24 15:16:10.173,8.03745,8.04,1.00,1.00
2010.02.24 15:16:10.527,8.0375,8.04,2.40,1.00
2010.02.24 15:16:10.879,8.0376,8.04,1.00,1.00
2010.02.24 15:16:12.907,8.03825,8.04,2.40,1.00
2010.02.24 15:16:13.251,8.0385,8.0414,2.40,1.00
2010.02.24 15:16:23.115,8.039,8.04175,2.40,2.40
2010.02.24 15:16:23.374,8.03895,8.0418,2.40,1.00
2010.02.24 15:16:24.338,8.039,8.0419,2.40,1.00
2010.02.24 15:16:29.926,8.03885,8.041,1.00,2.40
2010.02.24 15:16:34.996,8.0376,8.0405,1.00,2.40
2010.02.24 15:16:45.313,8.0378,8.0405,1.00,2.50
2010.02.24 15:16:50.958,8.0388,8.0405,1.00,2.50
2010.02.24 15:16:51.798,8.0388,8.041,3.20,1.00
2010.02.24 15:16:54.117,8.0395,8.0422,2.40,1.00
2010.02.24 15:16:55.019,8.0396,8.0422,1.00,1.00
2010.02.24 15:16:58.447,8.0396,8.0419,1.00,1.00
2010.02.24 15:16:58.850,8.03925,8.04115,2.40,2.40
2010.02.24 15:16:59.423,8.03895,8.04115,1.00,2.40
2010.02.24 15:16:59.707,8.03895,8.04105,1.00,2.40
2010.02.24 15:17:49.286,8.0389,8.041,1.00,2.40
2010.02.24 15:18:47.620,8.03885,8.0415,2.40,2.40
2010.02.24 15:18:58.674,8.03885,8.0415,2.40,2.50
2010.02.24 15:19:09.392,8.0385,8.0412,2.40,1.00
2010.02.24 15:19:09.755,8.03835,8.041,1.60,2.40
2010.02.24 15:19:11.992,8.03835,8.0409,1.60,1.00
2010.02.24 15:19:20.450,8.03835,8.0408,1.60,1.00
2010.02.24 15:19:21.373,8.03875,8.041,1.60,2.40
2010.02.24 15:19:21.979,8.03885,8.0414,1.60,1.00
2010.02.24 15:19:22.319,8.03885,8.0414,1.60,1.00
2010.02.24 15:19:26.020,8.03875,8.04145,1.60,3.10
2010.02.24 15:19:29.088,8.03875,8.04075,1.60,1.60
2010.02.24 15:19:29.460,8.03755,8.04,1.60,2.40
2010.02.24 15:19:29.993,8.0368,8.04,3.20,2.40
2010.02.24 15:19:31.521,8.037,8.0399,3.20,1.00
2010.02.24 15:19:34.346,8.0373,8.04,1.00,2.50
2010.02.24 15:19:34.905,8.0375,8.04,2.40,1.00
2010.02.24 15:19:35.814,8.0376,8.04,1.00,1.00
2010.02.24 15:19:39.641,8.0376,8.0399,1.00,1.00
2010.02.24 15:19:44.829,8.0377,8.0399,1.00,1.00
2010.02.24 15:19:50.810,8.0377,8.0398,1.00,1.00
2010.02.24 15:19:55.483,8.0375,8.0399,1.00,1.00
2010.02.24 15:19:56.441,8.0382,8.0406,2.40,1.00
2010.02.24 15:19:56.767,8.0382,8.04065,2.40,1.00
2010.02.24 15:19:57.087,8.03815,8.0407,2.40,1.00
2010.02.24 15:19:57.649,8.0381,8.04075,2.40,1.00
2010.02.24 15:19:59.449,8.0381,8.04045,2.40,1.60
2010.02.24 15:19:59.829,8.03685,8.04,1.00,2.40
2010.02.24 15:20:00.942,8.03705,8.04,1.00,2.50
2010.02.24 15:20:01.867,8.03705,8.0399,1.00,1.00
2010.02.24 15:20:03.898,8.03705,8.04,1.00,2.40
2010.02.24 15:20:04.494,8.038,8.0402,2.40,1.00
2010.02.24 15:20:04.825,8.0379,8.04035,2.40,1.00
2010.02.24 15:20:06.594,8.03805,8.04035,2.40,1.00
2010.02.24 15:20:07.296,8.038,8.04045,2.40,1.00
2010.02.24 15:20:08.494,8.03785,8.04055,2.40,1.00
2010.02.24 15:20:09.228,8.0378,8.0406,2.40,1.00
2010.02.24 15:20:10.496,8.0377,8.04065,2.40,1.00
2010.02.24 15:20:11.404,8.0376,8.0406,2.40,2.40
2010.02.24 15:20:13.399,8.03755,8.04055,2.40,2.40
2010.02.24 15:20:20.015,8.03825,8.04075,2.40,1.00
2010.02.24 15:20:20.629,8.0382,8.04075,2.40,2.30
2010.02.24 15:20:20.992,8.03815,8.0408,2.40,1.00
2010.02.24 15:20:21.865,8.03805,8.04075,2.40,1.60
2010.02.24 15:20:22.239,8.038,8.04085,2.40,1.00
2010.02.24 15:20:22.814,8.03795,8.04085,2.40,1.00
2010.02.24 15:20:23.940,8.038,8.04085,1.00,2.30
2010.02.24 15:20:31.768,8.03795,8.04085,2.40,2.30
2010.02.24 15:20:52.162,8.0377,8.0405,2.40,2.40
2010.02.24 15:20:52.352,8.0375,8.0405,2.40,2.40
2010.02.24 15:20:52.917,8.03745,8.04045,2.40,2.40
2010.02.24 15:20:53.756,8.0375,8.0405,2.40,2.40
2010.02.24 15:20:57.382,8.03745,8.04045,2.40,2.40
2010.02.24 15:20:57.732,8.0375,8.0405,2.40,2.40
2010.02.24 15:20:59.818,8.03765,8.0405,1.60,2.40
2010.02.24 15:21:00.385,8.038,8.0409,2.40,1.00
2010.02.24 15:21:08.839,8.03805,8.0409,2.40,1.00
2010.02.24 15:21:16.930,8.03885,8.04175,1.60,1.60
2010.02.24 15:21:17.299,8.03885,8.04185,1.60,3.10
2010.02.24 15:21:19.774,8.03965,8.04185,1.60,2.40
2010.02.24 15:21:20.044,8.03975,8.0424,2.40,1.00
2010.02.24 15:21:20.654,8.03975,8.04205,2.40,1.60
2010.02.24 15:21:21.021,8.0397,8.0423,2.40,1.00
2010.02.24 15:21:24.079,8.03975,8.0424,2.40,1.00
2010.02.24 15:21:24.402,8.0397,8.0423,2.40,1.00
2010.02.24 15:21:25.858,8.03975,8.0423,2.40,1.00
2010.02.24 15:21:26.161,8.03975,8.0424,2.40,1.00
2010.02.24 15:21:28.286,8.0395,8.0415,2.40,2.40
2010.02.24 15:21:28.428,8.0391,8.0415,1.00,2.40
2010.02.24 15:21:29.222,8.03875,8.0413,1.00,2.40
2010.02.24 15:21:43.697,8.039,8.04195,2.40,1.00
2010.02.24 15:21:53.526,8.04145,8.04195,1.60,1.00
2010.02.24 15:21:54.122,8.0429,8.0444,2.40,8.80
2010.02.24 15:21:54.491,8.0429,8.045,2.40,1.00
2010.02.24 15:21:54.857,8.04345,8.045,2.40,1.00
2010.02.24 15:21:56.652,8.04205,8.0452,2.40,1.00
2010.02.24 15:21:58.658,8.04225,8.0451,2.40,1.00
2010.02.24 15:21:59.520,8.04225,8.0449,2.40,1.00
2010.02.24 15:22:02.084,8.0429,8.0452,1.60,1.00
2010.02.24 15:22:02.205,8.0429,8.04525,1.60,2.40
2010.02.24 15:22:02.824,8.04325,8.04475,2.40,2.40
2010.02.24 15:22:02.968,8.0416,8.04475,1.00,2.40
2010.02.24 15:22:04.134,8.0418,8.0445,1.00,1.00
2010.02.24 15:22:05.057,8.0418,8.0442,1.00,1.00
2010.02.24 15:22:05.678,8.042,8.044,1.00,1.00
2010.02.24 15:22:06.201,8.04305,8.044,2.40,1.00
2010.02.24 15:22:06.480,8.04325,8.04585,2.40,1.00
2010.02.24 15:22:09.605,8.0435,8.04585,2.40,1.00
2010.02.24 15:22:09.950,8.0435,8.0454,2.40,1.00
2010.02.24 15:22:10.543,8.04345,8.0454,2.40,1.00
2010.02.24 15:22:10.904,8.04165,8.04475,1.00,2.40
2010.02.24 15:22:12.146,8.0413,8.04255,1.00,2.40
2010.02.24 15:22:12.740,8.04125,8.0428,1.00,2.40
2010.02.24 15:22:12.924,8.04125,8.04285,1.00,2.40
2010.02.24 15:22:15.691,8.0412,8.04245,1.00,2.40
2010.02.24 15:22:17.255,8.04115,8.04245,1.00,2.40
2010.02.24 15:22:19.261,8.0411,8.04245,1.00,2.40
2010.02.24 15:22:20.321,8.04105,8.04245,1.00,2.40
2010.02.24 15:22:21.193,8.041,8.04245,1.00,2.40
2010.02.24 15:22:23.844,8.04095,8.04245,1.00,2.40
2010.02.24 15:22:24.210,8.0409,8.04245,1.00,2.40
2010.02.24 15:22:26.533,8.04085,8.04245,1.00,2.40
2010.02.24 15:22:27.315,8.0408,8.04245,1.00,2.40
2010.02.24 15:22:28.647,8.0407,8.04245,1.00,2.40
2010.02.24 15:22:29.499,8.0406,8.04245,1.00,2.40
2010.02.24 15:22:29.853,8.04055,8.04245,1.00,2.40
2010.02.24 15:22:31.052,8.0405,8.04245,1.00,2.40
2010.02.24 15:22:31.320,8.04045,8.04245,1.00,2.40
2010.02.24 15:22:31.591,8.0404,8.0427,1.00,4.80
2010.02.24 15:22:37.716,8.04035,8.04245,1.00,2.40
2010.02.24 15:22:38.919,8.0403,8.04245,1.00,2.40
2010.02.24 15:22:40.216,8.04125,8.04245,1.60,2.40
2010.02.24 15:22:40.974,8.0416,8.0444,1.60,1.60
2010.02.24 15:22:47.171,8.04075,8.04355,1.00,2.40
2010.02.24 15:22:47.553,8.0407,8.0417,1.00,1.60
2010.02.24 15:22:48.371,8.03885,8.0415,1.60,2.40
2010.02.24 15:22:48.612,8.03885,8.04105,1.60,2.40
2010.02.24 15:22:51.241,8.03845,8.0403,1.60,1.60
2010.02.24 15:22:51.621,8.0375,8.0395,1.00,1.60
2010.02.24 15:22:52.392,8.0383,8.03975,5.20,2.40
2010.02.24 15:22:52.659,8.0383,8.04145,5.20,2.40
2010.02.24 15:22:53.523,8.03945,8.04215,2.40,1.00
2010.02.24 15:22:53.884,8.0424,8.04265,1.60,2.40
2010.02.24 15:22:54.652,8.0396,8.0419,1.00,2.40
2010.02.24 15:22:55.020,8.03945,8.0419,1.60,2.40
2010.02.24 15:22:56.829,8.04065,8.0419,1.60,2.40
2010.02.24 15:22:57.207,8.04065,8.0431,1.60,1.70
2010.02.24 15:22:59.338,8.04065,8.0428,1.60,1.00
2010.02.24 15:23:00.244,8.0403,8.04215,1.60,2.40
2010.02.24 15:23:00.576,8.03985,8.04185,1.60,2.40
2010.02.24 15:23:01.140,8.03985,8.04175,1.60,2.40
2010.02.24 15:23:01.506,8.03965,8.04175,1.60,2.40
2010.02.24 15:23:02.358,8.03905,8.0413,1.60,1.60
2010.02.24 15:23:02.623,8.03905,8.04125,1.60,2.40
2010.02.24 15:23:03.785,8.03905,8.0412,1.60,4.00
2010.02.24 15:23:13.094,8.04015,8.0415,1.60,1.00
2010.02.24 15:23:13.472,8.04015,8.0423,1.60,1.00
2010.02.24 15:23:13.836,8.04005,8.0424,1.60,1.00
2010.02.24 15:23:14.744,8.04015,8.04235,1.60,2.40
2010.02.24 15:23:15.064,8.04015,8.04225,1.60,2.40
2010.02.24 15:23:15.895,8.04015,8.0422,1.60,2.40
2010.02.24 15:23:16.264,8.04005,8.04215,1.60,2.40
2010.02.24 15:23:17.290,8.03995,8.04205,1.60,2.40
2010.02.24 15:23:17.620,8.03985,8.04195,1.60,2.40
2010.02.24 15:23:17.953,8.03985,8.04185,1.60,2.40
2010.02.24 15:23:18.551,8.03975,8.0418,1.60,2.40
2010.02.24 15:23:18.921,8.03975,8.0417,1.60,2.40
2010.02.24 15:23:23.126,8.03965,8.04165,1.60,2.40
2010.02.24 15:23:26.503,8.03955,8.04165,1.60,2.40
2010.02.24 15:23:28.023,8.04025,8.04175,1.60,1.00
2010.02.24 15:23:28.549,8.04035,8.0423,1.60,1.00
2010.02.24 15:23:28.933,8.04035,8.0424,1.60,1.00
2010.02.24 15:23:29.786,8.04035,8.0425,1.60,1.00
2010.02.24 15:23:30.717,8.04035,8.04255,1.60,1.00
2010.02.24 15:23:44.562,8.04125,8.0427,1.60,2.40
2010.02.24 15:23:44.936,8.04125,8.0439,1.60,1.00
2010.02.24 15:23:45.205,8.0402,8.0432,1.00,2.40
2010.02.24 15:23:47.367,8.0404,8.0427,1.00,2.40
2010.02.24 15:24:10.742,8.04125,8.04355,1.60,1.00
2010.02.24 15:24:11.090,8.04095,8.044,2.40,1.00
2010.02.24 15:24:11.886,8.04085,8.043,1.60,2.40
2010.02.24 15:24:16.247,8.04205,8.04455,1.60,1.00
2010.02.24 15:24:16.793,8.0419,8.04475,3.20,1.00
2010.02.24 15:24:22.932,8.04235,8.04455,1.60,1.00
2010.02.24 15:24:23.081,8.0424,8.04465,1.60,1.00
2010.02.24 15:24:25.460,8.0424,8.04475,1.60,1.00
2010.02.24 15:24:31.840,8.0424,8.04485,1.60,1.00
2010.02.24 15:24:32.243,8.0424,8.0448,1.60,1.00
2010.02.24 15:24:37.404,8.0424,8.0449,1.60,1.00
2010.02.24 15:24:38.438,8.0424,8.0449,1.60,1.00
2010.02.24 15:24:40.284,8.0424,8.04425,1.60,1.00
2010.02.24 15:24:40.598,8.04175,8.0441,1.00,1.60
2010.02.24 15:24:41.908,8.04175,8.0438,1.00,1.00
2010.02.24 15:24:45.634,8.0423,8.0438,2.40,1.00
2010.02.24 15:24:46.533,8.0423,8.0441,2.40,1.60
2010.02.24 15:24:47.438,8.0425,8.0449,4.00,1.00
2010.02.24 15:24:48.313,8.0427,8.0449,1.60,1.00
2010.02.24 15:24:50.461,8.04225,8.0445,2.40,1.60
2010.02.24 15:24:51.228,8.0419,8.0445,1.60,1.60
2010.02.24 15:24:51.459,8.04195,8.0445,1.60,1.60
2010.02.24 15:24:52.326,8.0419,8.0442,1.60,1.00
2010.02.24 15:24:54.446,8.0419,8.0443,1.70,1.00
2010.02.24 15:24:54.814,8.042,8.0443,1.60,1.00
2010.02.24 15:24:55.598,8.0426,8.0449,1.60,1.00
2010.02.24 15:24:56.770,8.0427,8.045,1.60,1.00
2010.02.24 15:24:57.120,8.0426,8.0449,1.60,1.00
2010.02.24 15:24:59.842,8.0426,8.0448,1.60,1.00
2010.02.24 15:25:00.454,8.0424,8.0448,1.60,1.00
2010.02.24 15:25:08.201,8.0424,8.0449,1.60,1.00
2010.02.24 15:25:15.628,8.0421,8.0448,1.00,1.00
2010.02.24 15:25:15.968,8.0421,8.0448,1.00,1.00
2010.02.24 15:25:16.314,8.0423,8.0447,1.60,1.00
2010.02.24 15:25:17.338,8.0424,8.0448,1.60,1.00
2010.02.24 15:25:20.504,8.04155,8.0442,1.00,6.80
2010.02.24 15:25:20.863,8.04155,8.0442,1.00,1.60
2010.02.24 15:25:21.133,8.0415,8.0442,1.00,1.60
2010.02.24 15:25:24.425,8.0415,8.0443,1.00,6.80
2010.02.24 15:25:24.785,8.04145,8.0443,1.00,6.80
2010.02.24 15:25:28.867,8.04145,8.0435,1.00,1.60
2010.02.24 15:25:29.234,8.04065,8.0435,1.00,1.60
2010.02.24 15:25:29.800,8.0406,8.0435,1.00,1.60
2010.02.24 15:25:34.181,8.04045,8.0431,1.00,1.60
2010.02.24 15:25:34.540,8.0404,8.043,1.00,1.60
2010.02.24 15:25:34.900,8.04005,8.0429,1.00,1.60
2010.02.24 15:25:35.413,8.04,8.0428,1.00,1.60
2010.02.24 15:25:35.739,8.04,8.0427,1.00,1.60
2010.02.24 15:25:36.071,8.03975,8.0426,1.60,1.60
2010.02.24 15:25:36.699,8.03965,8.0425,2.40,1.60
2010.02.24 15:25:37.212,8.03965,8.0424,1.60,1.60
2010.02.24 15:25:38.808,8.03965,8.0423,1.60,1.60
2010.02.24 15:25:41.555,8.03985,8.0424,1.60,1.00
2010.02.24 15:25:41.882,8.03975,8.0424,1.60,1.00
2010.02.24 15:25:42.357,8.03975,8.04235,1.60,1.00
2010.02.24 15:25:43.224,8.03975,8.0423,1.60,1.00
2010.02.24 15:25:43.630,8.03915,8.0415,1.60,1.60
2010.02.24 15:25:44.989,8.03905,8.0413,1.60,1.60
2010.02.24 15:25:48.200,8.03905,8.0412,1.60,1.60
2010.02.24 15:25:48.976,8.03915,8.0413,1.60,1.60
2010.02.24 15:25:50.237,8.03905,8.0412,1.60,1.60
2010.02.24 15:25:50.502,8.03915,8.0412,1.60,1.60
2010.02.24 15:25:51.280,8.03905,8.0412,1.60,1.60
2010.02.24 15:25:58.654,8.03915,8.0413,1.60,1.60
2010.02.24 15:26:02.941,8.03915,8.0415,1.60,1.60
2010.02.24 15:26:14.039,8.03915,8.0415,1.60,1.70
2010.02.24 15:26:15.310,8.03915,8.0411,1.60,1.00
2010.02.24 15:26:15.943,8.0386,8.0412,1.60,1.60
2010.02.24 15:26:16.984,8.0387,8.0413,1.60,1.60
2010.02.24 15:26:17.890,8.0386,8.0412,1.60,1.60
2010.02.24 15:26:30.598,8.0385,8.0411,1.60,1.60
2010.02.24 15:26:32.109,8.0384,8.041,1.60,1.60
2010.02.24 15:26:32.374,8.0384,8.041,1.60,1.70
2010.02.24 15:26:33.160,8.0383,8.0409,1.60,1.70
2010.02.24 15:26:33.800,8.03835,8.0409,2.40,1.70
2010.02.24 15:26:34.180,8.0384,8.041,1.60,1.60
2010.02.24 15:26:36.631,8.0384,8.041,1.60,1.70
2010.02.24 15:26:40.450,8.0384,8.04095,1.60,1.60
2010.02.24 15:26:40.829,8.0381,8.0406,1.60,1.00
2010.02.24 15:26:41.425,8.0381,8.0407,1.60,1.60
2010.02.24 15:26:42.409,8.03825,8.041,2.40,1.00
2010.02.24 15:26:42.776,8.0382,8.04115,4.00,2.30
2010.02.24 15:26:43.602,8.0382,8.041,1.60,1.60
2010.02.24 15:26:43.936,8.0382,8.0409,1.60,1.60
2010.02.24 15:26:44.965,8.0382,8.0408,1.60,1.60
2010.02.24 15:26:45.213,8.0381,8.0407,1.60,1.60
2010.02.24 15:26:45.916,8.038,8.0406,1.60,1.60
2010.02.24 15:26:48.283,8.0379,8.0405,1.60,1.70
2010.02.24 15:26:49.205,8.0377,8.0402,1.60,1.00
2010.02.24 15:26:49.792,8.0377,8.0403,1.60,1.60
2010.02.24 15:26:50.189,8.0376,8.0402,1.60,1.60
2010.02.24 15:26:50.978,8.0373,8.0399,1.60,1.70
2010.02.24 15:26:51.688,8.0372,8.0398,1.60,1.70
2010.02.24 15:26:52.569,8.0371,8.0396,1.60,1.00
2010.02.24 15:26:52.901,8.0371,8.0397,1.60,1.60
2010.02.24 15:26:53.456,8.037,8.03985,1.60,4.00
2010.02.24 15:26:53.996,8.0378,8.0404,2.40,1.00
2010.02.24 15:26:54.503,8.0378,8.04045,2.40,1.00
2010.02.24 15:26:54.888,8.0377,8.0405,2.40,1.00
2010.02.24 15:26:55.164,8.03785,8.04055,2.40,1.00
2010.02.24 15:26:55.880,8.0378,8.04055,4.00,1.00
2010.02.24 15:26:56.566,8.03855,8.04065,2.40,1.00
2010.02.24 15:26:57.088,8.03935,8.0408,2.40,1.00
2010.02.24 15:26:58.164,8.03935,8.04085,2.40,1.00
2010.02.24 15:26:58.518,8.0393,8.041,2.40,1.00
2010.02.24 15:26:58.860,8.0393,8.04105,2.40,1.00
2010.02.24 15:26:59.708,8.0392,8.04115,2.40,1.00
2010.02.24 15:27:00.076,8.0391,8.0413,2.40,1.00
2010.02.24 15:27:01.953,8.03905,8.0414,2.40,1.00
2010.02.24 15:27:02.306,8.039,8.0414,2.40,1.00
2010.02.24 15:27:02.668,8.03915,8.04145,2.40,1.00
2010.02.24 15:27:03.739,8.03935,8.04145,2.40,1.00
2010.02.24 15:27:04.604,8.03935,8.0417,2.40,1.00
2010.02.24 15:27:04.963,8.03935,8.04175,2.40,1.00
2010.02.24 15:27:05.307,8.0393,8.04175,2.40,1.00
2010.02.24 15:27:06.342,8.0393,8.0418,2.40,1.00
2010.02.24 15:27:07.126,8.03935,8.0418,2.40,1.00
2010.02.24 15:27:07.497,8.03935,8.0419,2.40,1.00
2010.02.24 15:27:09.255,8.03935,8.04195,2.40,1.00
2010.02.24 15:27:10.128,8.03935,8.04205,2.40,2.30
2010.02.24 15:27:10.983,8.0393,8.04205,2.40,1.60
2010.02.24 15:27:11.360,8.0393,8.04185,2.40,1.60
2010.02.24 15:27:12.135,8.0392,8.04185,2.40,1.60
2010.02.24 15:27:12.500,8.03915,8.04185,2.40,1.60
2010.02.24 15:27:13.043,8.0391,8.04175,2.40,1.60
2010.02.24 15:27:13.737,8.03905,8.04175,2.40,1.60
2010.02.24 15:27:14.096,8.039,8.04175,2.40,1.60
2010.02.24 15:27:14.850,8.03895,8.04165,1.00,1.60
2010.02.24 15:27:15.914,8.0389,8.04145,3.20,1.60
2010.02.24 15:27:16.292,8.0389,8.04145,1.00,1.60
2010.02.24 15:27:17.181,8.03885,8.04145,1.00,1.60
2010.02.24 15:27:17.510,8.03885,8.04135,1.00,1.60
2010.02.24 15:27:18.262,8.0388,8.04135,1.00,1.60
2010.02.24 15:27:18.617,8.03875,8.04125,1.00,1.60
2010.02.24 15:27:19.388,8.03865,8.04125,1.00,1.60
2010.02.24 15:27:20.229,8.03935,8.0419,2.40,1.00
2010.02.24 15:27:20.595,8.03935,8.04195,2.40,1.00
2010.02.24 15:27:21.342,8.03935,8.042,2.40,1.00
2010.02.24 15:27:21.575,8.0393,8.04195,2.40,1.60
2010.02.24 15:27:22.179,8.03925,8.04195,2.40,1.60
2010.02.24 15:27:22.403,8.0392,8.04205,2.40,2.30
2010.02.24 15:27:23.922,8.0392,8.04185,2.40,1.60
2010.02.24 15:27:24.281,8.0391,8.04185,2.40,1.60
2010.02.24 15:27:25.751,8.039,8.04165,2.40,1.60
2010.02.24 15:27:25.847,8.039,8.042,2.40,2.40
2010.02.24 15:27:26.708,8.0393,8.04205,2.40,1.60
2010.02.24 15:27:26.981,8.03935,8.04205,2.40,1.60
2010.02.24 15:27:28.918,8.0393,8.04205,2.40,1.60
2010.02.24 15:27:29.806,8.0393,8.04195,2.40,1.60
2010.02.24 15:27:30.710,8.0392,8.04195,2.40,1.60
2010.02.24 15:27:30.908,8.03925,8.04195,2.40,1.60
2010.02.24 15:27:58.285,8.0392,8.04195,2.40,1.60
2010.02.24 15:27:58.518,8.0392,8.04185,2.40,1.60
2010.02.24 15:28:06.372,8.03925,8.04225,2.40,1.60
2010.02.24 15:28:06.701,8.03925,8.04215,2.40,1.60
2010.02.24 15:28:08.264,8.03935,8.04215,2.40,1.60
2010.02.24 15:28:09.023,8.03935,8.04205,2.40,1.60
2010.02.24 15:29:08.256,8.0391,8.04205,1.00,1.60
2010.02.24 15:29:22.139,8.0391,8.04215,1.00,1.60
2010.02.24 15:29:51.113,8.0391,8.04205,1.00,1.60
2010.02.24 15:29:51.946,8.04005,8.0425,1.00,1.60
2010.02.24 15:29:52.327,8.0401,8.04325,2.40,1.60
2010.02.24 15:29:53.509,8.04045,8.04325,2.40,1.60
2010.02.24 15:30:03.864,8.04045,8.04315,2.40,1.60
2010.02.24 15:30:08.130,8.0405,8.04315,2.40,1.60
2010.02.24 15:30:09.719,8.04045,8.04315,2.40,1.60
2010.02.24 15:30:13.342,8.0405,8.04315,2.40,1.60
2010.02.24 15:30:19.429,8.04045,8.04325,2.40,1.60
2010.02.24 15:30:22.488,8.0405,8.04325,2.40,1.60
2010.02.24 15:30:23.364,8.0405,8.04315,2.40,1.60
2010.02.24 15:30:35.387,8.04055,8.04315,2.40,1.60
2010.02.24 15:30:35.996,8.041,8.0438,2.40,2.40
2010.02.24 15:30:36.363,8.041,8.04375,2.40,1.60
2010.02.24 15:30:38.475,8.04105,8.04375,2.40,1.60
2010.02.24 15:30:42.493,8.042,8.04405,1.60,2.40
2010.02.24 15:30:42.864,8.042,8.0443,1.60,1.00
2010.02.24 15:30:54.780,8.0438,8.0457,1.60,1.00
2010.02.24 15:30:55.641,8.04255,8.0456,1.00,1.60
2010.02.24 15:31:00.902,8.04285,8.0453,1.60,1.60
2010.02.24 15:31:01.389,8.04285,8.0454,1.60,1.60
2010.02.24 15:31:03.429,8.0437,8.04555,1.60,2.40
2010.02.24 15:31:03.764,8.0437,8.046,1.60,1.00
2010.02.24 15:31:05.212,8.0437,8.046,1.60,1.00
2010.02.24 15:31:08.201,8.0437,8.0459,1.60,1.00
2010.02.24 15:31:14.501,8.0437,8.0459,1.70,1.00
2010.02.24 15:31:17.641,8.0438,8.046,1.60,1.00
2010.02.24 15:31:28.549,8.0438,8.0459,1.60,1.00
2010.02.24 15:31:34.705,8.0438,8.0459,1.70,1.00
2010.02.24 15:31:36.434,8.0438,8.0459,1.00,1.00
2010.02.24 15:31:36.773,8.0437,8.046,1.60,1.00
2010.02.24 15:31:41.074,8.0437,8.0459,1.60,1.00
2010.02.24 15:31:41.799,8.0438,8.046,1.60,1.00
2010.02.24 15:31:50.592,8.0437,8.046,1.60,1.00
2010.02.24 15:31:54.720,8.0438,8.046,1.60,1.00
2010.02.24 15:32:05.493,8.0438,8.0459,1.60,1.00
2010.02.24 15:32:11.381,8.0438,8.0459,1.70,1.00
2010.02.24 15:32:17.147,8.0438,8.0458,1.70,1.00
2010.02.24 15:32:22.943,8.0439,8.0458,1.00,1.00
2010.02.24 15:32:54.661,8.0435,8.0453,2.40,1.60
2010.02.24 15:33:00.887,8.0427,8.0453,1.60,1.60
2010.02.24 15:33:04.315,8.0432,8.0458,1.60,1.70
2010.02.24 15:33:05.185,8.04375,8.04625,2.40,2.40
2010.02.24 15:33:05.524,8.0437,8.04665,4.00,1.00
2010.02.24 15:33:10.197,8.04325,8.046,2.40,1.00
2010.02.24 15:33:15.208,8.0428,8.0454,1.60,1.60
2010.02.24 15:33:18.636,8.0433,8.04575,2.40,1.60
2010.02.24 15:33:19.503,8.04325,8.04575,2.40,1.60
2010.02.24 15:33:21.388,8.04325,8.04555,2.40,1.60
2010.02.24 15:33:21.748,8.04325,8.0453,2.40,1.00
2010.02.24 15:33:22.921,8.0432,8.0455,2.40,1.00
2010.02.24 15:33:27.125,8.0432,8.04525,2.40,1.60
2010.02.24 15:33:27.926,8.042,8.0448,1.60,1.60
2010.02.24 15:33:29.103,8.0422,8.0448,1.60,1.70
2010.02.24 15:33:29.825,8.0422,8.04445,1.60,1.60
2010.02.24 15:33:30.756,8.04155,8.0439,1.60,1.00
2010.02.24 15:33:31.910,8.041,8.0439,2.40,1.00
2010.02.24 15:33:45.594,8.0403,8.0431,2.40,1.00
2010.02.24 15:33:46.205,8.03975,8.0429,1.00,2.40
2010.02.24 15:33:47.402,8.03975,8.0418,1.00,1.60
2010.02.24 15:33:47.769,8.03845,8.04135,1.00,2.40
2010.02.24 15:33:53.229,8.03845,8.0413,1.00,2.40
2010.02.24 15:33:54.255,8.03905,8.0417,2.40,1.00
2010.02.24 15:33:55.032,8.03935,8.04185,2.40,1.00
2010.02.24 15:33:55.325,8.03935,8.0419,2.40,1.00
2010.02.24 15:33:55.964,8.03935,8.04195,2.40,1.00
2010.02.24 15:33:56.321,8.03925,8.042,2.40,1.00
2010.02.24 15:33:57.272,8.0393,8.042,2.40,1.00
2010.02.24 15:34:01.501,8.03935,8.042,2.40,1.00
2010.02.24 15:34:01.758,8.03935,8.04205,2.40,1.00
2010.02.24 15:34:02.912,8.03935,8.04115,2.40,1.00
2010.02.24 15:34:03.484,8.0389,8.0403,1.00,2.40
2010.02.24 15:34:03.860,8.03795,8.0401,1.00,1.60
2010.02.24 15:34:06.293,8.03795,8.0399,1.00,1.70
2010.02.24 15:34:09.837,8.0377,8.0399,1.60,1.70
2010.02.24 15:34:10.200,8.03735,8.0399,1.00,1.70
2010.02.24 15:34:10.758,8.0373,8.0399,1.60,1.70
2010.02.24 15:34:13.456,8.03745,8.0399,1.60,1.70
2010.02.24 15:34:13.602,8.0377,8.04,1.60,1.00
2010.02.24 15:34:14.927,8.0377,8.0399,1.60,1.00
2010.02.24 15:34:15.309,8.0377,8.04,1.60,1.00
2010.02.24 15:34:16.173,8.0378,8.04,1.60,1.00
2010.02.24 15:34:16.450,8.0377,8.04,1.60,1.00
2010.02.24 15:34:17.074,8.0377,8.0399,1.60,1.00
2010.02.24 15:34:17.425,8.0377,8.04,1.60,1.00
2010.02.24 15:34:21.874,8.0377,8.0399,1.60,1.00
2010.02.24 15:34:28.072,8.03865,8.04075,2.40,1.60
2010.02.24 15:34:28.286,8.0396,8.04195,5.20,1.00
2010.02.24 15:34:28.848,8.0396,8.0421,5.20,2.40
2010.02.24 15:34:29.119,8.04035,8.0422,2.40,1.00
2010.02.24 15:34:38.520,8.04035,8.04205,2.40,1.00
2010.02.24 15:34:45.399,8.04005,8.04205,2.40,1.00
2010.02.24 15:34:46.160,8.0397,8.04205,2.40,1.00
2010.02.24 15:34:49.066,8.03965,8.04205,2.40,1.00
2010.02.24 15:35:25.793,8.03965,8.0416,2.40,5.20
2010.02.24 15:35:26.610,8.0377,8.0403,1.60,2.40
2010.02.24 15:35:26.898,8.0375,8.0401,1.00,1.60
2010.02.24 15:35:27.881,8.0377,8.0399,1.00,1.60
2010.02.24 15:35:28.647,8.0377,8.0399,1.00,1.70
2010.02.24 15:35:35.888,8.0377,8.0398,1.00,1.00
2010.02.24 15:35:36.246,8.0377,8.04,2.40,1.00
2010.02.24 15:35:36.745,8.0378,8.04,1.60,1.00
2010.02.24 15:35:43.880,8.0377,8.04,2.40,1.00
2010.02.24 15:35:48.016,8.0377,8.0399,2.40,1.00
2010.02.24 15:35:54.173,8.0377,8.0399,2.60,1.00
2010.02.24 15:35:57.906,8.0377,8.0399,1.70,1.00
2010.02.24 15:35:58.560,8.0377,8.03975,1.70,1.00
2010.02.24 15:35:58.782,8.03605,8.03905,1.60,2.40
2010.02.24 15:36:04.407,8.03635,8.0393,1.60,4.00
2010.02.24 15:36:05.581,8.03635,8.0392,1.60,1.60
2010.02.24 15:36:08.844,8.0363,8.03815,1.60,1.00
2010.02.24 15:36:09.508,8.0363,8.03825,1.60,2.40
2010.02.24 15:36:09.811,8.0363,8.0393,1.60,1.00
2010.02.24 15:36:27.077,8.03625,8.03915,2.40,1.00
2010.02.24 15:36:27.418,8.0363,8.0392,1.60,4.00
2010.02.24 15:36:28.307,8.0363,8.0392,1.60,1.60
2010.02.24 15:36:29.373,8.0362,8.0392,4.00,4.00
2010.02.24 15:36:39.168,8.0362,8.03815,4.00,1.00
2010.02.24 15:36:39.523,8.03585,8.0378,1.60,1.60
2010.02.24 15:36:40.056,8.03525,8.0378,1.00,1.60
2010.02.24 15:36:41.667,8.03525,8.0374,1.00,1.00
2010.02.24 15:36:42.532,8.03525,8.0373,1.00,1.00
2010.02.24 15:36:43.438,8.03525,8.0366,1.00,1.60
2010.02.24 15:36:44.396,8.035,8.0366,1.00,1.60
2010.02.24 15:36:44.712,8.0347,8.037,1.60,1.00
2010.02.24 15:36:48.506,8.0347,8.0369,1.60,1.00
2010.02.24 15:36:54.282,8.0347,8.0369,1.70,1.00
2010.02.24 15:36:57.237,8.0347,8.03665,1.70,1.00
2010.02.24 15:36:57.534,8.0332,8.036,1.00,2.40
2010.02.24 15:36:59.239,8.0334,8.03595,1.00,2.40
2010.02.24 15:37:00.086,8.03335,8.03595,2.40,2.40
2010.02.24 15:37:00.456,8.03335,8.03595,1.60,2.40
2010.02.24 15:37:02.706,8.03335,8.036,1.60,2.40
2010.02.24 15:37:07.212,8.033,8.03535,4.00,1.00
2010.02.24 15:37:07.590,8.03265,8.0348,1.60,1.60
2010.02.24 15:37:15.166,8.03335,8.03555,1.60,1.00
2010.02.24 15:37:16.927,8.03335,8.03465,1.60,1.00
2010.02.24 15:37:17.633,8.0318,8.0343,1.00,1.60
2010.02.24 15:37:17.839,8.03175,8.0343,1.00,1.60
2010.02.24 15:37:18.678,8.03195,8.034,1.00,1.00
2010.02.24 15:37:19.035,8.03195,8.0337,1.00,1.00
2010.02.24 15:37:27.135,8.03195,8.0336,1.00,1.00
2010.02.24 15:37:27.901,8.0317,8.0336,1.60,1.00
2010.02.24 15:37:28.273,8.0315,8.0336,1.60,1.00
2010.02.24 15:37:31.011,8.03065,8.0331,1.60,1.60
2010.02.24 15:37:31.613,8.0305,8.0331,5.60,1.60
2010.02.24 15:37:31.972,8.0305,8.0331,1.60,1.70
2010.02.24 15:37:39.402,8.0291,8.0316,1.00,2.40
2010.02.24 15:37:40.003,8.0291,8.03125,1.00,2.40
2010.02.24 15:37:40.362,8.0291,8.031,1.00,2.40
2010.02.24 15:37:42.224,8.02755,8.0295,2.40,1.60
2010.02.24 15:37:42.851,8.02685,8.029,1.00,2.40
2010.02.24 15:37:44.055,8.028,8.0304,1.60,1.00
2010.02.24 15:37:50.854,8.028,8.0303,1.60,1.00
2010.02.24 15:37:53.063,8.02895,8.0303,1.60,1.00
2010.02.24 15:37:53.614,8.02935,8.0306,2.40,1.60
2010.02.24 15:37:54.456,8.02955,8.0314,2.40,1.00
2010.02.24 15:37:54.853,8.0293,8.0314,2.40,1.00
2010.02.24 15:37:55.601,8.02805,8.03125,1.00,2.40
2010.02.24 15:37:56.467,8.02805,8.0312,1.00,2.40
2010.02.24 15:37:58.250,8.02815,8.03,2.40,1.00
2010.02.24 15:37:58.606,8.02695,8.029,1.60,2.40
2010.02.24 15:37:59.529,8.02655,8.029,1.60,2.40
2010.02.24 15:38:07.808,8.02685,8.0288,1.60,2.40
2010.02.24 15:38:09.114,8.02735,8.03005,1.60,2.40
2010.02.24 15:38:10.007,8.02725,8.03015,1.60,2.40
2010.02.24 15:38:11.671,8.02715,8.02995,1.60,2.40
2010.02.24 15:38:13.726,8.02725,8.02995,1.60,2.40
2010.02.24 15:38:14.092,8.02725,8.02985,1.60,2.40
2010.02.24 15:38:14.912,8.02845,8.02985,1.60,2.40
2010.02.24 15:38:15.254,8.029,8.03165,1.60,2.40
2010.02.24 15:38:15.856,8.029,8.03095,1.60,2.40
2010.02.24 15:38:16.197,8.02865,8.0307,1.60,2.40
2010.02.24 15:38:17.048,8.0282,8.0305,1.60,2.40
2010.02.24 15:38:17.356,8.0282,8.0303,1.60,1.00
2010.02.24 15:38:18.229,8.0282,8.0302,1.60,1.00
2010.02.24 15:38:19.949,8.0282,8.0301,1.60,1.00
2010.02.24 15:38:23.507,8.0287,8.03045,1.60,1.00
2010.02.24 15:38:24.687,8.0287,8.0306,1.60,1.00
2010.02.24 15:38:25.600,8.0288,8.0307,1.60,1.00
2010.02.24 15:38:26.489,8.0288,8.0307,1.60,1.00
2010.02.24 15:38:26.865,8.0287,8.0306,1.60,1.00
2010.02.24 15:38:31.777,8.0288,8.0307,1.60,1.00
2010.02.24 15:38:32.598,8.0287,8.0307,1.60,1.00
2010.02.24 15:38:37.228,8.0287,8.0306,1.60,1.00
2010.02.24 15:38:41.102,8.0282,8.0305,1.60,2.50
2010.02.24 15:38:42.085,8.0283,8.0302,1.60,1.00
2010.02.24 15:38:51.862,8.0283,8.0301,1.60,1.00
2010.02.24 15:39:04.058,8.0283,8.03,1.60,1.00
2010.02.24 15:39:17.926,8.0287,8.0307,1.60,1.00
2010.02.24 15:39:18.773,8.0288,8.0307,1.60,1.00
2010.02.24 15:39:19.934,8.0287,8.0307,1.60,1.00
2010.02.24 15:39:20.577,8.0288,8.0307,1.60,1.00
2010.02.24 15:39:22.701,8.0287,8.0307,1.60,1.00
2010.02.24 15:39:23.059,8.0288,8.0307,1.60,1.00
2010.02.24 15:39:24.746,8.0287,8.0307,1.60,1.00
2010.02.24 15:39:28.926,8.0287,8.0306,1.60,1.00
2010.02.24 15:39:31.675,8.0287,8.0304,1.60,1.00
2010.02.24 15:39:41.345,8.0287,8.0303,1.60,1.00
2010.02.24 15:39:47.235,8.0287,8.0305,1.60,1.00
2010.02.24 15:39:48.526,8.0285,8.03045,1.00,2.40
2010.02.24 15:39:49.323,8.0283,8.0302,1.60,1.00
2010.02.24 15:39:55.069,8.0282,8.0302,1.60,1.00
2010.02.24 15:39:56.330,8.0282,8.0301,1.60,1.00
2010.02.24 15:39:58.884,8.0282,8.0301,1.00,1.00
2010.02.24 15:40:00.248,8.0281,8.0301,1.60,1.00
2010.02.24 15:40:01.188,8.0284,8.0303,1.60,1.00
2010.02.24 15:40:05.186,8.0285,8.0303,1.60,1.00
2010.02.24 15:40:06.075,8.0284,8.0304,1.60,1.00
2010.02.24 15:40:08.266,8.0284,8.0302,1.60,1.00
2010.02.24 15:40:09.237,8.0284,8.0299,1.60,1.00
2010.02.24 15:40:09.848,8.0282,8.0299,1.60,1.00
2010.02.24 15:40:10.213,8.0281,8.0299,1.60,1.00
2010.02.24 15:40:10.966,8.0282,8.03,1.60,1.00
2010.02.24 15:40:11.333,8.0282,8.0299,1.60,1.00
2010.02.24 15:40:19.258,8.0282,8.03,1.60,1.00
2010.02.24 15:40:19.523,8.0282,8.0299,1.60,1.00
2010.02.24 15:40:29.323,8.0282,8.0298,1.60,1.00
2010.02.24 15:40:30.233,8.0282,8.03,1.60,1.00
2010.02.24 15:40:33.988,8.0282,8.0299,1.60,1.00
2010.02.24 15:40:46.402,8.0285,8.0302,1.60,1.00
2010.02.24 15:40:49.437,8.0284,8.0302,1.60,1.00
2010.02.24 15:40:53.016,8.0282,8.0299,1.60,1.00
2010.02.24 15:40:54.300,8.0277,8.0298,1.60,1.00
2010.02.24 15:40:55.255,8.0277,8.0299,1.60,1.00
2010.02.24 15:40:56.206,8.0277,8.0298,1.60,1.00
2010.02.24 15:40:57.839,8.0277,8.02975,1.60,3.10
2010.02.24 15:40:58.207,8.0272,8.0295,1.60,2.40
2010.02.24 15:40:59.166,8.0272,8.029,1.60,1.00
2010.02.24 15:41:02.166,8.0272,8.0289,1.60,1.00
2010.02.24 15:41:14.280,8.0272,8.0288,1.60,1.00
2010.02.24 15:41:17.594,8.0272,8.0289,1.60,1.00
2010.02.24 15:41:17.974,8.0277,8.0297,1.60,1.00
2010.02.24 15:41:18.789,8.0277,8.0295,1.60,1.00
2010.02.24 15:41:20.007,8.0277,8.0294,1.60,1.00
2010.02.24 15:41:20.954,8.0277,8.0295,1.60,1.00
2010.02.24 15:41:22.115,8.0277,8.0294,1.60,1.00
2010.02.24 15:41:22.820,8.0277,8.0295,1.60,1.00
2010.02.24 15:41:24.053,8.02715,8.0295,1.60,1.00
2010.02.24 15:41:26.410,8.0271,8.0295,1.00,1.00
2010.02.24 15:41:27.020,8.0271,8.0294,1.00,1.00
2010.02.24 15:41:29.865,8.02755,8.03,1.60,1.00
2010.02.24 15:41:31.115,8.0276,8.03,1.00,1.00
2010.02.24 15:41:33.111,8.0276,8.02995,1.00,1.00
2010.02.24 15:41:33.453,8.02715,8.0298,1.60,1.00
2010.02.24 15:41:34.350,8.02715,8.0295,1.60,1.00
2010.02.24 15:41:34.952,8.02755,8.0295,1.60,1.00
2010.02.24 15:41:35.330,8.02755,8.03,1.60,1.00
2010.02.24 15:41:35.915,8.0276,8.03,1.00,1.00
2010.02.24 15:41:38.021,8.0276,8.02995,1.00,1.00
2010.02.24 15:41:38.376,8.02715,8.0298,1.60,1.00
2010.02.24 15:41:38.947,8.02715,8.0295,1.60,1.00
2010.02.24 15:41:42.465,8.02715,8.0294,1.60,1.00
2010.02.24 15:41:44.310,8.0274,8.0294,1.00,1.00
2010.02.24 15:41:45.140,8.02755,8.03,2.40,1.00
2010.02.24 15:41:45.468,8.0276,8.03,1.00,1.00
2010.02.24 15:41:48.870,8.02755,8.0298,2.40,1.00
2010.02.24 15:41:49.447,8.0274,8.0298,1.00,1.00
2010.02.24 15:41:53.829,8.0274,8.0297,1.00,1.00
2010.02.24 15:41:54.691,8.02765,8.0297,1.60,1.00
2010.02.24 15:41:55.051,8.02765,8.03,1.60,1.00
2010.02.24 15:41:55.702,8.0276,8.03,1.00,1.00
2010.02.24 15:41:56.062,8.02765,8.03,1.60,1.00
2010.02.24 15:41:57.538,8.02855,8.03,1.60,1.00
2010.02.24 15:41:57.820,8.0293,8.03125,4.00,1.00
2010.02.24 15:41:59.531,8.0293,8.03105,2.40,1.00
2010.02.24 15:41:59.894,8.02925,8.03115,2.40,1.00
2010.02.24 15:42:02.835,8.0292,8.0312,4.00,1.00
2010.02.24 15:42:04.676,8.02855,8.03125,4.00,1.00
2010.02.24 15:42:05.047,8.02965,8.0319,1.60,1.00
2010.02.24 15:42:05.901,8.02895,8.0316,1.60,2.40
2010.02.24 15:42:07.055,8.02915,8.0316,1.60,2.50
2010.02.24 15:42:10.693,8.02915,8.0314,1.60,1.00
2010.02.24 15:42:11.526,8.0292,8.0314,1.00,1.00
2010.02.24 15:42:14.626,8.02925,8.0317,1.60,1.00
2010.02.24 15:42:24.997,8.02925,8.0316,1.60,1.00
2010.02.24 15:42:29.765,8.02955,8.0316,1.60,1.00
2010.02.24 15:42:30.175,8.02955,8.0319,1.60,1.00
2010.02.24 15:42:33.822,8.02955,8.0318,1.60,1.00
2010.02.24 15:42:34.997,8.0295,8.0318,1.00,1.00
2010.02.24 15:42:35.725,8.0289,8.0316,1.00,1.00
2010.02.24 15:42:36.081,8.02875,8.0316,1.00,1.00
2010.02.24 15:42:37.023,8.02875,8.0314,1.00,1.00
2010.02.24 15:42:44.601,8.02835,8.0312,1.60,1.00
2010.02.24 15:42:44.956,8.02835,8.0309,1.60,1.00
2010.02.24 15:42:53.800,8.02835,8.0308,1.60,1.00
2010.02.24 15:42:56.419,8.0285,8.031,4.00,1.00
2010.02.24 15:42:58.368,8.0286,8.031,1.00,1.00
2010.02.24 15:42:59.618,8.0286,8.03095,1.00,1.00
2010.02.24 15:43:00.373,8.02815,8.0308,1.00,1.00
2010.02.24 15:43:01.481,8.02815,8.03055,1.00,1.00
2010.02.24 15:43:04.067,8.02815,8.0304,1.00,1.00
2010.02.24 15:43:09.960,8.0282,8.0304,1.00,1.00
2010.02.24 15:43:15.972,8.0282,8.0303,1.00,1.00
2010.02.24 15:43:22.050,8.0283,8.0303,1.00,1.00
2010.02.24 15:43:27.219,8.028,8.0304,2.50,1.00
2010.02.24 15:43:27.984,8.0281,8.0305,1.00,1.00
2010.02.24 15:43:29.429,8.028,8.0304,4.10,1.00
2010.02.24 15:43:30.182,8.028,8.0304,1.00,1.00
2010.02.24 15:43:30.557,8.0281,8.0305,1.00,1.00
2010.02.24 15:43:35.115,8.0281,8.0304,1.00,1.00
2010.02.24 15:43:40.933,8.0282,8.0304,1.00,1.00
2010.02.24 15:43:41.869,8.0278,8.0302,1.00,1.00
2010.02.24 15:43:44.870,8.0277,8.0301,1.00,1.00
2010.02.24 15:43:53.650,8.0278,8.0301,1.00,1.00
2010.02.24 15:43:59.737,8.0278,8.03,1.00,1.00
2010.02.24 15:44:05.516,8.0279,8.03,1.00,1.00
2010.02.24 15:44:11.619,8.0279,8.0299,1.00,1.00
2010.02.24 15:44:12.752,8.0278,8.0302,1.00,1.00
2010.02.24 15:44:23.192,8.0279,8.0302,1.00,1.00
2010.02.24 15:44:28.903,8.0279,8.0301,1.00,1.00
2010.02.24 15:44:34.806,8.028,8.0301,1.00,1.00
2010.02.24 15:44:41.161,8.028,8.03,1.00,1.00
2010.02.24 15:44:41.503,8.0281,8.0305,1.00,1.00
2010.02.24 15:44:43.705,8.02825,8.0309,4.00,1.00
2010.02.24 15:44:44.322,8.02825,8.0308,2.40,1.00
2010.02.24 15:44:45.495,8.02835,8.0308,1.60,1.00
2010.02.24 15:44:46.126,8.0282,8.0308,4.80,1.00
2010.02.24 15:44:46.696,8.02825,8.0308,1.60,1.00
2010.02.24 15:44:52.715,8.02825,8.0309,1.60,1.00
2010.02.24 15:44:53.584,8.0285,8.031,4.00,1.00
2010.02.24 15:44:54.203,8.02855,8.031,1.60,1.00
2010.02.24 15:44:54.904,8.0286,8.031,1.00,1.00
2010.02.24 15:44:57.942,8.0286,8.0309,1.00,1.00
2010.02.24 15:44:58.537,8.02915,8.0309,1.60,1.00
2010.02.24 15:44:58.901,8.03005,8.03215,1.60,2.40
2010.02.24 15:44:59.587,8.03005,8.03275,1.60,1.00
2010.02.24 15:45:04.903,8.02995,8.0326,1.60,2.40
2010.02.24 15:45:06.762,8.02995,8.03265,1.60,2.40
2010.02.24 15:45:08.534,8.03035,8.03265,1.60,2.40
2010.02.24 15:45:09.660,8.03035,8.03285,1.60,1.00
2010.02.24 15:45:10.843,8.03035,8.0329,1.60,1.00
2010.02.24 15:45:13.837,8.03035,8.0328,1.60,1.00
2010.02.24 15:45:14.485,8.03035,8.0331,2.40,1.00
2010.02.24 15:45:15.287,8.0301,8.0329,4.00,1.00
2010.02.24 15:45:16.269,8.0301,8.0328,4.00,1.00
2010.02.24 15:45:16.574,8.03015,8.0329,2.40,1.00
2010.02.24 15:45:25.784,8.0301,8.0328,4.00,1.00
2010.02.24 15:45:27.068,8.03015,8.0329,2.40,1.00
2010.02.24 15:45:27.954,8.0303,8.0329,1.00,1.00
2010.02.24 15:45:28.238,8.03095,8.0332,2.40,1.00
2010.02.24 15:45:29.035,8.03085,8.0333,2.40,1.00
2010.02.24 15:45:29.363,8.0308,8.03335,4.00,1.00
2010.02.24 15:45:32.389,8.03075,8.0334,2.40,1.00
2010.02.24 15:45:33.564,8.0307,8.03345,4.00,1.00
2010.02.24 15:45:33.863,8.03105,8.03355,2.40,1.00
2010.02.24 15:45:34.820,8.03105,8.03365,2.40,1.00
2010.02.24 15:45:35.134,8.0309,8.03365,4.00,1.00
2010.02.24 15:45:40.414,8.03095,8.03365,1.00,1.00
2010.02.24 15:45:40.784,8.0319,8.0341,4.00,1.00
2010.02.24 15:45:41.361,8.0319,8.0345,1.60,1.00
2010.02.24 15:45:41.733,8.03165,8.0345,2.40,1.00
2010.02.24 15:45:42.593,8.0316,8.03455,4.00,1.00
2010.02.24 15:45:43.521,8.0316,8.034,2.40,1.00
2010.02.24 15:45:44.125,8.031,8.034,4.00,3.90
2010.02.24 15:45:44.449,8.031,8.034,4.00,3.10
2010.02.24 15:45:45.148,8.031,8.0338,1.60,1.00
2010.02.24 15:45:45.506,8.031,8.03375,4.00,1.00
2010.02.24 15:45:46.065,8.031,8.0337,4.00,1.00
2010.02.24 15:45:52.468,8.03005,8.0327,1.00,2.40
2010.02.24 15:45:53.435,8.0298,8.0327,1.00,2.40
2010.02.24 15:45:54.296,8.02975,8.0323,1.00,1.00
2010.02.24 15:45:54.888,8.02965,8.0319,2.40,1.00
2010.02.24 15:45:55.751,8.02965,8.0319,1.00,1.00
2010.02.24 15:45:56.107,8.02965,8.0319,2.40,1.00
2010.02.24 15:45:57.635,8.02965,8.0317,1.00,1.00
2010.02.24 15:45:57.908,8.0295,8.0317,1.00,1.00
2010.02.24 15:45:58.506,8.02955,8.0319,1.60,1.00
2010.02.24 15:45:58.832,8.03035,8.03345,1.60,1.00
2010.02.24 15:45:59.416,8.03035,8.0336,1.60,1.50
2010.02.24 15:45:59.754,8.03035,8.0336,1.60,1.00
2010.02.24 15:46:02.617,8.03065,8.0334,1.60,1.00
2010.02.24 15:46:03.510,8.03055,8.0334,1.60,1.00
2010.02.24 15:46:07.014,8.03055,8.0333,1.60,1.00
2010.02.24 15:46:08.632,8.0304,8.0325,1.60,2.40
2010.02.24 15:46:09.368,8.02985,8.0325,1.60,2.40
2010.02.24 15:46:10.633,8.02985,8.0319,1.60,1.00
2010.02.24 15:46:11.489,8.02985,8.03185,1.60,1.00
2010.02.24 15:46:12.924,8.02985,8.0317,1.60,1.00
2010.02.24 15:46:19.523,8.02975,8.0318,1.60,1.00
2010.02.24 15:46:20.483,8.02975,8.0319,1.60,1.00
2010.02.24 15:46:20.846,8.02985,8.0319,1.60,1.00
2010.02.24 15:46:21.814,8.02985,8.0317,1.60,1.00
2010.02.24 15:46:22.088,8.02975,8.0317,1.60,1.00
2010.02.24 15:46:22.641,8.02975,8.0318,1.60,1.00
2010.02.24 15:46:22.890,8.02975,8.0317,1.60,1.00
2010.02.24 15:46:28.927,8.02985,8.0318,1.60,1.00
2010.02.24 15:46:33.227,8.02985,8.0317,1.60,1.00
2010.02.24 15:46:37.720,8.02975,8.0318,1.60,1.00
2010.02.24 15:46:38.785,8.02975,8.0317,1.60,1.00
2010.02.24 15:46:39.711,8.02985,8.0318,1.60,1.00
2010.02.24 15:46:44.120,8.02985,8.0317,1.60,1.00
2010.02.24 15:46:55.957,8.03025,8.03295,2.40,2.40
2010.02.24 15:46:56.572,8.03015,8.03295,1.60,2.40
2010.02.24 15:46:56.930,8.03015,8.03245,1.60,1.00
2010.02.24 15:46:57.763,8.0299,8.0322,1.00,1.00
2010.02.24 15:46:58.010,8.02975,8.0322,4.00,1.00
2010.02.24 15:47:00.716,8.0305,8.0328,2.40,1.00
2010.02.24 15:47:01.082,8.0297,8.0325,3.20,1.00
2010.02.24 15:47:01.658,8.03055,8.0325,1.60,1.00
2010.02.24 15:47:02.022,8.03055,8.0322,1.60,1.00
2010.02.24 15:47:02.627,8.02995,8.0322,1.60,1.00
2010.02.24 15:47:09.529,8.02995,8.0327,1.60,2.50
2010.02.24 15:47:10.108,8.03045,8.0327,4.00,1.00
2010.02.24 15:47:10.462,8.03045,8.0327,2.40,1.00
2010.02.24 15:47:11.316,8.03045,8.03225,2.40,1.00
2010.02.24 15:47:11.981,8.0302,8.03225,1.60,3.20
2010.02.24 15:47:12.283,8.02985,8.03225,1.60,3.20
2010.02.24 15:47:13.223,8.03045,8.0315,1.60,1.00
2010.02.24 15:47:14.232,8.02925,8.0315,1.60,1.00
2010.02.24 15:47:21.275,8.03045,8.0315,1.60,1.00
2010.02.24 15:47:21.640,8.03045,8.0329,1.60,1.00
2010.02.24 15:47:24.276,8.0303,8.0327,1.00,2.50
2010.02.24 15:47:24.522,8.02995,8.0325,1.60,1.00
2010.02.24 15:47:25.108,8.02995,8.0321,1.60,1.00
2010.02.24 15:47:27.570,8.0299,8.0321,1.00,1.00
2010.02.24 15:47:34.577,8.0299,8.032,1.00,1.00
2010.02.24 15:47:37.465,8.02985,8.0322,1.60,1.00
2010.02.24 15:47:44.026,8.02995,8.0322,1.60,1.00
2010.02.24 15:47:48.258,8.02995,8.0321,1.60,1.00
2010.02.24 15:47:54.436,8.0297,8.0321,3.20,1.00
2010.02.24 15:47:58.191,8.02975,8.0322,2.40,1.00
2010.02.24 15:48:08.269,8.02975,8.0321,2.40,1.00
2010.02.24 15:48:20.667,8.02975,8.032,2.40,1.00
2010.02.24 15:48:53.518,8.0295,8.032,2.40,1.00
2010.02.24 15:48:55.174,8.0295,8.0318,2.40,1.00
2010.02.24 15:48:58.423,8.0295,8.0317,2.40,1.00
2010.02.24 15:49:04.165,8.0295,8.0317,2.50,1.00
2010.02.24 15:49:05.001,8.0295,8.0317,1.00,1.00
2010.02.24 15:49:05.325,8.02945,8.0317,3.20,1.00
2010.02.24 15:49:08.074,8.0295,8.0318,2.40,1.00
2010.02.24 15:49:11.267,8.02945,8.0317,2.40,1.00
2010.02.24 15:49:12.145,8.0295,8.0317,2.40,1.00
2010.02.24 15:49:12.503,8.0295,8.0318,2.40,1.00
2010.02.24 15:49:16.500,8.02945,8.0317,2.40,1.00
2010.02.24 15:49:18.573,8.0295,8.0318,2.40,1.00
2010.02.24 15:49:23.323,8.0295,8.0317,2.40,1.00
2010.02.24 15:49:29.651,8.0295,8.0317,2.50,1.00
2010.02.24 15:49:34.843,8.0295,8.0316,2.50,1.00
2010.02.24 15:49:38.053,8.029,8.0317,2.40,1.00
2010.02.24 15:49:39.102,8.029,8.0316,2.40,1.00
2010.02.24 15:49:39.746,8.029,8.0317,2.40,1.00
2010.02.24 15:49:49.698,8.02895,8.0316,2.40,1.00
2010.02.24 15:49:59.238,8.02945,8.0317,2.40,1.00
2010.02.24 15:50:09.945,8.02945,8.0316,2.40,1.00
2010.02.24 15:50:11.896,8.02945,8.0318,2.40,1.00
2010.02.24 15:50:12.477,8.0295,8.03185,2.40,1.00
2010.02.24 15:50:16.655,8.0295,8.0317,2.40,1.00
2010.02.24 15:50:17.611,8.0303,8.0326,2.40,1.00
2010.02.24 15:50:18.396,8.02965,8.0325,1.00,2.40
2010.02.24 15:50:18.896,8.02985,8.0318,1.00,1.00
2010.02.24 15:50:21.852,8.02985,8.0317,1.00,1.00
2010.02.24 15:50:23.964,8.02965,8.0319,3.20,1.00
2010.02.24 15:50:27.207,8.0301,8.0319,1.00,1.00
2010.02.24 15:50:27.560,8.0301,8.0322,1.00,1.00
2010.02.24 15:50:28.972,8.03,8.0322,1.00,1.00
2010.02.24 15:50:37.800,8.0299,8.0322,2.40,1.00
2010.02.24 15:50:37.933,8.02975,8.0322,2.40,1.00
2010.02.24 15:50:48.527,8.02975,8.0321,2.40,1.00
2010.02.24 15:50:59.869,8.02975,8.032,2.40,1.00
2010.02.24 15:51:03.155,8.02805,8.031,1.00,1.00
2010.02.24 15:51:03.509,8.02785,8.031,1.00,1.00
2010.02.24 15:51:04.177,8.02805,8.0304,1.00,1.00
2010.02.24 15:51:06.303,8.02805,8.0303,1.00,1.00
2010.02.24 15:51:07.424,8.0281,8.0308,1.00,1.00
2010.02.24 15:51:07.761,8.02955,8.0312,2.40,1.00
2010.02.24 15:51:08.311,8.0295,8.0321,2.40,1.00
2010.02.24 15:51:12.974,8.0297,8.0321,3.20,1.00
2010.02.24 15:51:13.577,8.02985,8.0321,2.40,1.00
2010.02.24 15:51:22.921,8.02985,8.032,2.40,1.00
2010.02.24 15:51:28.851,8.0299,8.032,1.00,1.00
2010.02.24 15:51:33.337,8.0298,8.0321,2.40,1.00
2010.02.24 15:51:37.032,8.0298,8.032,2.40,1.00
2010.02.24 15:51:38.384,8.02985,8.0321,2.40,1.00
2010.02.24 15:51:48.609,8.0298,8.0321,2.40,1.00
2010.02.24 15:51:51.836,8.0298,8.032,2.40,1.00
2010.02.24 15:51:53.495,8.0304,8.0328,1.00,2.40
2010.02.24 15:51:54.112,8.03095,8.03355,2.40,1.00
2010.02.24 15:51:57.494,8.031,8.0337,2.40,1.00
2010.02.24 15:51:58.368,8.03095,8.0338,2.40,1.00
2010.02.24 15:51:58.628,8.031,8.0338,2.40,1.00
2010.02.24 15:52:00.220,8.0317,8.0341,2.40,1.00
2010.02.24 15:52:02.123,8.0317,8.0341,3.20,1.00
2010.02.24 15:52:03.347,8.03165,8.0341,3.20,1.00
2010.02.24 15:52:04.167,8.03175,8.0341,2.40,1.00
2010.02.24 15:52:06.602,8.0317,8.0341,2.40,1.00
2010.02.24 15:52:07.379,8.0317,8.0341,3.20,1.00
2010.02.24 15:52:07.792,8.03175,8.0341,2.40,1.00
2010.02.24 15:52:08.987,8.0317,8.0341,2.40,1.00
2010.02.24 15:52:09.809,8.03175,8.0341,2.40,1.00
2010.02.24 15:52:19.791,8.0317,8.0341,3.20,1.00
2010.02.24 15:52:30.532,8.03205,8.0346,1.00,1.00
2010.02.24 15:52:30.807,8.03235,8.0346,2.40,1.00
2010.02.24 15:52:39.295,8.0323,8.0346,2.40,1.00
2010.02.24 15:52:40.832,8.0323,8.0347,2.50,1.00
2010.02.24 15:52:41.156,8.0324,8.0347,2.40,1.00
2010.02.24 15:52:41.999,8.03245,8.0347,2.40,1.00
2010.02.24 15:52:44.671,8.0324,8.0347,2.40,1.00
2010.02.24 15:52:45.418,8.03245,8.0347,2.40,1.00
2010.02.24 15:52:47.173,8.0324,8.0347,2.40,1.00
2010.02.24 15:52:49.277,8.03245,8.0347,2.40,1.00
2010.02.24 15:52:58.634,8.0326,8.035,1.00,1.00
2010.02.24 15:52:59.400,8.0327,8.035,2.40,1.00
2010.02.24 15:53:03.520,8.0327,8.0349,2.40,1.00
2010.02.24 15:53:06.136,8.0328,8.0352,1.00,1.00
2010.02.24 15:53:06.429,8.03305,8.0352,2.40,1.00
2010.02.24 15:53:07.028,8.03305,8.0355,2.40,1.00
2010.02.24 15:53:08.420,8.0331,8.0355,1.00,1.00
2010.02.24 15:53:10.981,8.0328,8.0353,1.00,1.00
2010.02.24 15:53:11.856,8.0328,8.0352,1.00,1.00
2010.02.24 15:53:15.296,8.0329,8.0352,1.00,1.00
2010.02.24 15:53:21.427,8.0329,8.0351,1.00,1.00
2010.02.24 15:53:26.956,8.033,8.0351,1.00,1.00
2010.02.24 15:53:31.276,8.03275,8.0351,2.40,1.00
2010.02.24 15:53:31.896,8.0327,8.0351,1.00,1.00
2010.02.24 15:53:35.977,8.03215,8.0349,1.00,1.00
2010.02.24 15:53:42.076,8.03275,8.035,4.80,2.40
2010.02.24 15:53:42.879,8.03245,8.035,1.00,2.40
2010.02.24 15:53:44.211,8.03245,8.0349,1.00,1.00
2010.02.24 15:53:52.848,8.03245,8.0348,1.00,1.00
2010.02.24 15:54:04.956,8.03245,8.0347,1.00,1.00
2010.02.24 15:54:11.055,8.0324,8.0349,1.00,1.00
2010.02.24 15:54:12.237,8.03235,8.0349,1.00,1.00
2010.02.24 15:54:16.999,8.03235,8.0349,1.00,1.00
2010.02.24 15:54:17.271,8.03235,8.0349,1.00,1.00
2010.02.24 15:54:21.950,8.0323,8.0349,1.00,1.00
2010.02.24 15:54:32.391,8.03225,8.0349,1.00,1.00
2010.02.24 15:54:43.258,8.0316,8.0345,1.00,2.40
2010.02.24 15:54:43.890,8.0316,8.034,1.00,1.00
2010.02.24 15:54:44.071,8.0316,8.034,1.00,1.00
2010.02.24 15:54:47.216,8.0316,8.0339,1.00,1.00
2010.02.24 15:54:53.017,8.0317,8.0339,1.00,1.00
2010.02.24 15:54:58.827,8.0317,8.0338,1.00,1.00
2010.02.24 15:54:59.126,8.0317,8.0338,1.00,1.00
2010.02.24 15:55:05.147,8.0318,8.0338,1.00,1.00
2010.02.24 15:55:06.629,8.0316,8.034,1.00,1.00
2010.02.24 15:55:12.180,8.0316,8.0339,1.00,1.00
2010.02.24 15:55:14.704,8.0316,8.0339,1.70,1.00
2010.02.24 15:55:15.009,8.0317,8.0341,1.00,1.00
2010.02.24 15:55:15.712,8.03125,8.0339,1.60,1.00
2010.02.24 15:55:16.082,8.0312,8.0339,1.00,1.00
2010.02.24 15:55:16.947,8.0312,8.0336,1.00,1.00
2010.02.24 15:55:18.471,8.031,8.0334,1.30,1.00
2010.02.24 15:55:19.038,8.0312,8.0336,1.00,1.00
2010.02.24 15:55:27.079,8.0313,8.0336,1.00,1.00
2010.02.24 15:55:30.458,8.03115,8.0334,2.40,1.00
2010.02.24 15:55:30.706,8.031,8.0334,1.00,1.00
2010.02.24 15:55:32.647,8.0309,8.0333,1.00,1.00
2010.02.24 15:55:34.113,8.031,8.0333,1.00,1.00
2010.02.24 15:55:34.401,8.0308,8.0332,1.00,1.00
2010.02.24 15:55:35.034,8.0309,8.0333,1.00,1.00
2010.02.24 15:55:38.965,8.0309,8.03305,1.00,1.00
2010.02.24 15:55:39.520,8.0308,8.033,2.40,1.00
2010.02.24 15:55:39.855,8.0303,8.0329,1.00,1.00
2010.02.24 15:55:41.124,8.0303,8.0327,1.00,1.00
2010.02.24 15:55:43.908,8.0303,8.0326,1.00,1.00
2010.02.24 15:55:45.516,8.0303,8.0327,1.00,1.00
2010.02.24 15:55:49.817,8.0303,8.0326,1.00,1.00
2010.02.24 15:55:51.003,8.0303,8.0327,1.00,1.00
2010.02.24 15:55:51.364,8.0304,8.0328,1.00,1.00
2010.02.24 15:55:52.269,8.03065,8.0331,2.40,1.00
2010.02.24 15:55:54.160,8.0307,8.0331,1.00,1.00
2010.02.24 15:55:54.969,8.03065,8.033,2.40,1.00
2010.02.24 15:55:55.329,8.0308,8.0332,1.00,1.00
2010.02.24 15:56:00.865,8.0308,8.0331,1.00,1.00
2010.02.24 15:56:06.076,8.0307,8.0331,1.00,1.00
2010.02.24 15:56:09.188,8.0308,8.0332,1.00,1.00
2010.02.24 15:56:13.852,8.0309,8.0332,1.00,1.00
2010.02.24 15:56:19.029,8.0311,8.0335,1.00,1.00
2010.02.24 15:56:20.042,8.0312,8.0336,1.00,1.00
2010.02.24 15:56:23.922,8.0312,8.0335,1.00,1.00
2010.02.24 15:56:24.274,8.0312,8.0336,1.00,1.00
2010.02.24 15:56:28.900,8.0313,8.0336,1.00,1.00
2010.02.24 15:56:35.262,8.0322,8.03445,1.60,1.60
2010.02.24 15:56:35.464,8.0321,8.03475,4.00,1.00
2010.02.24 15:56:41.260,8.03215,8.0348,2.40,1.00
2010.02.24 15:56:41.859,8.0322,8.03485,2.40,1.00
2010.02.24 15:56:42.225,8.03225,8.03485,2.40,1.00
2010.02.24 15:56:43.050,8.03225,8.0349,2.40,1.00
2010.02.24 15:56:43.383,8.0323,8.0349,4.00,1.00
2010.02.24 15:56:47.233,8.0323,8.0341,4.00,1.00
2010.02.24 15:56:47.606,8.0323,8.0349,4.00,1.00
2010.02.24 15:56:52.118,8.0323,8.0349,4.10,1.00
2010.02.24 15:56:57.835,8.0323,8.0348,4.10,1.00
2010.02.24 15:56:58.819,8.0323,8.0349,2.40,1.00
2010.02.24 15:56:59.437,8.0321,8.0349,4.80,1.00
2010.02.24 15:57:04.942,8.03215,8.0349,2.40,1.00
2010.02.24 15:57:15.397,8.03215,8.0348,2.40,1.00
2010.02.24 15:57:27.121,8.03215,8.0347,2.40,1.00
2010.02.24 15:57:32.800,8.0322,8.0347,1.00,1.00
2010.02.24 15:57:38.360,8.0321,8.0349,4.80,1.00
2010.02.24 15:57:39.120,8.0321,8.0351,4.80,2.50
2010.02.24 15:57:39.932,8.0326,8.0351,4.00,1.00
2010.02.24 15:57:40.290,8.03205,8.0348,3.20,1.00
2010.02.24 15:57:40.922,8.0325,8.035,1.60,1.00
2010.02.24 15:57:41.210,8.0325,8.035,4.00,1.00
2010.02.24 15:57:42.027,8.0326,8.035,1.00,1.00
2010.02.24 15:57:45.258,8.0326,8.0349,1.00,1.00
2010.02.24 15:57:47.525,8.0327,8.0351,1.00,1.00
2010.02.24 15:57:48.741,8.0328,8.0352,1.00,1.00
2010.02.24 15:57:51.416,8.0327,8.0351,1.00,1.00
2010.02.24 15:57:56.273,8.0328,8.0352,1.00,1.00
2010.02.24 15:57:58.558,8.0327,8.0351,1.00,1.00
2010.02.24 15:58:03.375,8.0328,8.0351,1.00,1.00
2010.02.24 15:58:09.693,8.0328,8.035,1.00,1.00
2010.02.24 15:58:14.922,8.0329,8.035,1.00,1.00
2010.02.24 15:58:19.828,8.0337,8.03565,5.20,2.40
2010.02.24 15:58:20.121,8.035,8.0376,4.00,1.00
2010.02.24 15:58:25.027,8.0352,8.0376,1.60,1.00
2010.02.24 15:58:25.643,8.0352,8.0376,4.00,1.00
2010.02.24 15:58:27.428,8.03525,8.0376,2.40,1.00
2010.02.24 15:58:30.472,8.0352,8.03765,4.00,1.00
2010.02.24 15:58:39.158,8.03525,8.0377,2.40,1.00
2010.02.24 15:58:50.503,8.0352,8.0377,4.00,1.00
2010.02.24 15:58:50.808,8.03525,8.03775,2.40,1.00
2010.02.24 15:59:01.085,8.0353,8.0378,2.40,1.00
2010.02.24 15:59:01.685,8.0353,8.0378,4.00,1.00
2010.02.24 15:59:02.580,8.0353,8.0378,1.60,1.00
2010.02.24 15:59:03.434,8.03525,8.0375,2.40,1.00
2010.02.24 15:59:04.771,8.035,8.03715,4.00,1.00
2010.02.24 15:59:10.225,8.03525,8.0377,2.40,1.00
2010.02.24 15:59:11.435,8.0355,8.03825,1.60,3.10
2010.02.24 15:59:12.306,8.0355,8.03825,4.00,1.00
2010.02.24 15:59:17.812,8.0355,8.0382,2.40,1.00
2010.02.24 15:59:18.425,8.03525,8.03785,2.40,1.00
2010.02.24 15:59:20.613,8.03525,8.03795,2.40,1.00
2010.02.24 15:59:20.748,8.0352,8.03795,4.00,1.00
2010.02.24 15:59:25.510,8.03525,8.0379,2.40,1.00
2010.02.24 15:59:26.154,8.035,8.0379,4.00,1.00
2010.02.24 15:59:28.479,8.03495,8.0378,2.40,1.00
2010.02.24 15:59:32.046,8.0353,8.0378,1.00,1.00
2010.02.24 15:59:34.663,8.0365,8.0378,2.40,1.00
2010.02.24 15:59:35.032,8.0365,8.0384,2.40,1.00
2010.02.24 15:59:36.488,8.0367,8.0385,2.40,1.00
2010.02.24 15:59:37.395,8.03675,8.0385,2.40,1.00
2010.02.24 15:59:37.776,8.0361,8.0385,1.00,1.00
2010.02.24 15:59:38.323,8.03615,8.0385,1.00,1.00
2010.02.24 15:59:39.249,8.03635,8.0385,1.00,1.00
2010.02.24 15:59:39.618,8.0364,8.0388,1.00,1.00
2010.02.24 15:59:40.158,8.037,8.0393,1.60,2.40
2010.02.24 15:59:40.505,8.03705,8.0399,2.40,1.00
2010.02.24 15:59:41.125,8.03725,8.0399,1.00,1.00
2010.02.24 15:59:41.486,8.0372,8.0399,1.00,1.00
2010.02.24 15:59:42.321,8.03705,8.03955,1.60,2.40
2010.02.24 15:59:42.976,8.0367,8.03955,1.00,2.40
2010.02.24 15:59:44.076,8.03665,8.03955,1.00,2.40
2010.02.24 15:59:44.452,8.0364,8.0387,2.40,1.00
2010.02.24 15:59:45.228,8.03755,8.0388,1.00,1.00
2010.02.24 15:59:45.539,8.03945,8.0419,2.40,1.00
2010.02.24 15:59:46.138,8.0395,8.0424,4.00,1.00
2010.02.24 15:59:46.504,8.0395,8.0428,4.00,1.00
2010.02.24 15:59:47.985,8.04025,8.0427,2.40,1.00
2010.02.24 15:59:48.785,8.04,8.0425,4.10,1.00
2010.02.24 15:59:49.090,8.04,8.0418,2.40,1.00
2010.02.24 15:59:49.679,8.0395,8.0418,1.00,1.00
2010.02.24 15:59:50.052,8.03945,8.0419,2.40,1.00
2010.02.24 15:59:50.940,8.0395,8.0419,1.00,1.00
2010.02.24 15:59:51.687,8.0398,8.04245,1.60,2.40
2010.02.24 15:59:52.057,8.0396,8.0423,1.00,1.00
2010.02.24 15:59:52.623,8.0396,8.04195,1.00,2.40
2010.02.24 15:59:52.935,8.039,8.0418,1.00,1.00
2010.02.24 15:59:54.049,8.039,8.0414,1.00,1.00
2010.02.24 15:59:55.578,8.039,8.0414,1.70,1.00
2010.02.24 15:59:55.884,8.039,8.0414,1.00,1.00
2010.02.24 15:59:56.487,8.03895,8.0409,2.40,1.00
2010.02.24 15:59:56.848,8.03855,8.041,2.40,1.00
2010.02.24 15:59:58.595,8.0386,8.04085,1.00,1.00
2010.02.24 15:59:58.957,8.0385,8.0408,1.00,1.00
